Date,Open,High,Low,Close,Volume
2015-01-02,39.88495803867,40.127083809226995,39.466738508595355,39.81158447265625,11137800
2015-01-05,39.55478094220215,39.59146632292567,38.39550667763115,38.556922912597656,20945400
2015-01-06,38.65231378660644,38.71834860282735,37.07481695406012,37.19955062866211,31989300
2015-01-07,37.793859989234015,37.82320941750316,37.14085060428097,37.544395446777344,27890800
2015-01-08,37.98462886814633,38.212082741218666,37.78652442364763,38.10935974121094,17467200
2015-01-09,38.27809667230761,38.32945954750241,37.25089234778226,37.25822830200195,20180200
2015-01-12,37.28759514256989,37.35362995706456,36.70795652632954,36.964759826660156,22725800
2015-01-13,37.1701945161535,37.58841401071686,36.39979033137443,36.70061492919922,23201800
2015-01-14,35.92287586357876,36.025596059439884,35.049751399843764,35.98891067504883,44630800
2015-01-15,35.2625256829987,35.3945952877186,34.41874796383431,34.65353775024414,48799400
2015-01-16,34.26466246591685,34.99104238218789,34.191288919531395,34.93234634399414,32307000
2015-01-20,35.203830847223124,35.2185055604098,34.59484564401035,34.67555236816406,25561000
2015-01-21,34.75625869321723,35.387257307607825,34.59484246084679,35.02773666381836,22873300
2015-01-22,35.409261353708025,36.50250339028624,35.167135650976874,36.37043380737305,29652600
2015-01-23,36.31174590163649,36.509847521454944,35.66607255156925,35.67340850830078,18984700
2015-01-26,35.57068497383931,35.97422973006994,35.51932488480532,35.87150955200195,13817500
2015-01-27,35.24785656004576,35.69542553601268,35.04975212155637,35.445960998535156,16401200
2015-01-28,35.489986865300246,35.59270707637096,34.56550216674805,34.56550216674805,26065300
2015-01-29,34.543467422447144,35.06451756911085,34.367339136015666,34.94709777832031,19865700
2015-01-30,34.55815199071671,35.027831245542984,34.41871683678678,34.45541000366211,23729800
2015-02-02,34.638881245255554,35.0571895380459,34.41871942792002,35.0204963684082,19178200
2015-02-03,35.563566828552155,36.12131316103888,35.4828401646783,35.871795654296875,25220200
2015-02-04,35.644269445965605,35.95983557394246,35.44612307727028,35.51951217651367,19581800
2015-02-05,35.76905179656218,35.95985797443823,35.387436641300454,35.622276306152344,15481900
2015-02-06,36.25340815530427,36.657038645392745,36.00389066696619,36.062599182128906,25881500
2015-02-09,35.85710912129205,36.33412587461342,35.54888037036075,36.11396408081055,16364900
2015-02-10,36.693723289781374,36.73775676555232,36.062590801275704,36.24605941772461,17223700
2015-02-11,36.06993637975369,36.60566448205802,36.0405807249539,36.45888900756836,13079500
2015-02-12,36.64969661988314,37.49365353207502,36.524939281294635,37.34687805175781,28926800
2015-02-13,37.43494860680998,37.7872109394735,37.288175900961754,37.57438659667969,17448500
2015-02-17,37.390913369971535,38.01470569253393,37.35422019796955,37.93397903442383,14569400
2015-02-18,37.647771848218134,37.91930470550556,37.49365883188012,37.735836029052734,17666800
2015-02-19,37.63308295339866,37.823891888534064,37.45695464351415,37.515663146972656,11272000
2015-02-20,37.46428728664047,38.09541971395512,36.95791496215968,38.00001525878906,19429400
2015-02-23,37.8165427446065,37.82388305551776,37.2441216718959,37.66242980957031,15282600
2015-02-24,37.73582675348672,38.38163711972153,37.71381141356696,38.08808898925781,20250900
2015-02-25,37.904620023199385,38.24220163003089,37.83123089159964,38.22752380371094,10666000
2015-02-26,38.1835024512425,38.521086964794755,38.095438264864086,38.46237564086914,16358100
2015-02-27,38.39631733700819,38.79994779122202,38.28623503153655,38.469703674316406,18588400
2015-03-02,38.46971059846241,39.27697445169844,38.19817774213775,39.25495910644531,19384200
2015-03-03,39.585204339397954,39.62923783370348,39.21092943608631,39.43109130859375,24281900
2015-03-04,39.24761545473111,39.52648860210269,39.071487108661394,39.38705062866211,14698100
2015-03-05,39.416414989942226,39.43109282194073,39.00544689202493,39.30633544921875,13853800
2015-03-06,39.44575302560628,39.63655915729504,38.8439761801531,38.93938064575195,40296600
2015-03-09,38.80729827152989,39.020119825283174,38.7265715996362,38.85866928100586,17542600
2015-03-10,38.21284445382171,38.38163525050767,37.59638977050781,37.59638977050781,29061300
2015-03-11,37.88261800681178,38.71923486654936,37.809231643487905,38.40367126464844,32443600
2015-03-12,39.62923118898636,40.15762183401593,39.22560069048194,39.68794250488281,50191200
2015-03-13,39.55584034250039,39.80535780764805,39.08615826730355,39.29164505004883,20780600
2015-03-16,39.43842555643752,39.658587395072914,39.18890805944817,39.401729583740234,17031600
2015-03-17,39.04945342042584,39.62187731604801,39.01276026289444,39.51179504394531,13902900
2015-03-18,39.20357958320405,39.58519470914937,39.020110934163576,39.423744201660156,18383700
2015-03-19,39.31366318385142,39.35035635496297,38.3082557379455,38.44035339355469,21150000
2015-03-20,38.48438708643278,39.02011526515232,38.46237174194738,38.880680084228516,22466200
2015-03-23,38.917371029220526,38.93204885787337,38.51374053955078,38.51374053955078,13148900
2015-03-24,38.41833922758325,38.48438806222391,38.11745071411133,38.11745071411133,12887700
2015-03-25,38.146801763612366,38.24220624645427,37.68445997700407,37.706478118896484,15418200
2015-03-26,37.56703567504883,37.7651821314114,37.03864792425776,37.56703567504883,21839600
2015-03-27,37.78720446180053,37.78720446180053,37.22212068272262,37.42760467529297,16052400
2015-03-30,37.66977474232262,38.161469252387285,37.65509691820759,37.897274017333984,13289200
2015-03-31,37.61841798937321,37.992695674983885,37.54503163508207,37.809226989746094,13928900
2015-04-01,37.699141650447736,38.0880971357804,37.434946316866224,37.88261032104492,21577700
2015-04-02,37.92663344839938,38.32292634050593,37.86058463304828,38.05873107910156,13966900
2015-04-06,37.54502863902843,38.13212782503749,37.412930972237675,37.88261032104492,13250800
2015-04-07,38.03672916726455,38.11011552155568,37.71382248955965,37.809226989746094,11562700
2015-04-08,37.919300015264554,38.32293329314321,37.889947158290234,38.080753326416016,11773000
2015-04-09,37.96332319831114,38.31558258199972,37.93396754979324,38.256874084472656,13591400
2015-04-10,38.22019196657957,38.6605156235363,38.146802824080424,38.477046966552734,13032000
2015-04-13,38.51374963100797,38.85867168699731,38.46237861835128,38.64584732055664,11984400
2015-04-14,38.84398388854867,38.895354888024926,38.44035340715975,38.697208404541016,13259700
2015-04-15,38.84397740115926,39.174221485144564,38.71187976756514,39.049461364746094,19041100
2015-04-16,39.614546172329256,39.96680560526496,39.48244853503972,39.64390182495117,38345600
2015-04-17,39.269627747034285,39.70261386345313,38.85865977179562,38.94672393798828,23287000
2015-04-20,39.11551967911035,39.313666177613115,38.961406669000326,39.04213333129883,14730000
2015-04-21,39.15221068864691,39.23293734648277,38.34494970930742,38.51374053955078,19554400
2015-04-22,38.543104080048735,39.17423684365833,38.418343910737235,38.96875,14873400
2015-04-23,38.9026926726709,39.1889061282532,38.76325750162532,39.05680847167969,13049600
2015-04-24,39.012778079316654,39.05681156816871,38.78527591951229,38.82197189331055,10150500
2015-04-27,38.80728842786292,39.181563230466864,38.733899290434174,38.74857711791992,15613000
2015-04-28,38.653165004591315,38.96873123443379,38.34493908679659,38.9100227355957,14134500
2015-04-29,38.638499821380435,39.621891923106546,38.60914416472962,39.45309829711914,22542400
2015-04-30,39.44576578259459,39.6072191151293,38.83664842767538,39.13019943237305,19420600
2015-05-01,39.365034126676214,39.511809610420755,39.12285695808079,39.45309829711914,13147600
2015-05-04,39.519150499101,39.82003900668888,39.438426635683065,39.753990173339844,15670100
2015-05-05,39.6218807671444,39.849380043359574,39.07881247004909,39.152198791503906,20669100
2015-05-06,39.30633224401228,39.55584976861972,38.41834167732966,38.76326370239258,19414800
2015-05-07,38.63103983924871,39.255423273776174,38.49881700334555,39.15993118286133,14954200
2015-05-08,39.336216409547006,39.74757655003742,39.15257394003263,39.68146514892578,17333500
2015-05-11,39.60801031915694,39.78430833993103,39.51986270985088,39.64474105834961,13896800
2015-05-12,39.424369454598384,39.65208715702099,39.10115967239779,39.475791931152344,13336900
2015-05-13,39.46110452237867,39.931228912462316,39.284806475016104,39.813697814941406,15810400
2015-05-14,39.98264550161256,40.20301594215811,39.90918962215144,40.107521057128906,14250800
2015-05-15,40.100176996161125,40.11486873263457,39.68881678139112,39.84307861328125,10377200
2015-05-18,39.806353670718494,40.327900583946565,39.79166193210449,40.1589469909668,11717600
2015-05-19,40.2470884191022,40.67313753494782,40.21770494844747,40.64375686645508,18207400
2015-05-20,40.599686410786525,40.6217226152749,40.217709654068315,40.32054901123047,13954600
2015-05-21,40.173630674828274,40.47480425062401,40.11486653431699,40.283817291259766,11799200
2015-05-22,40.23973672403645,40.643752395692786,40.166280857641674,40.37930679321289,12652000
2015-05-26,40.21770808578652,40.283819498835946,39.674125044917666,39.84307861328125,16564500
2015-05-27,39.91652981927665,40.38665412272688,39.813690478167146,40.305850982666016,13699400
2015-05-28,40.26912355558719,40.26912355558719,39.82838271607516,40.0707893371582,13380900
2015-05-29,40.0046708544069,40.02670985399727,39.57127455794868,39.72553634643555,13841400
2015-06-01,40.166295767857044,40.43808593700355,39.98999770003924,39.997344970703125,18156300
2015-06-02,39.96061269936324,40.41604535554212,39.76227844534282,40.195674896240234,17765400
2015-06-03,40.43073171949795,41.15060995202556,40.40869271498325,40.86412811279297,21240500
2015-06-04,40.73190447625728,41.135917390192844,40.518878517253476,40.64375686645508,18517600
2015-06-05,41.15060761718956,41.56196778479184,41.018384806251746,41.31221389770508,26500400
2015-06-08,41.31956321340492,41.50320571657561,40.878822326660156,40.878822326660156,14961600
2015-06-09,40.820052357341666,41.40036329690026,40.562953992809135,41.13591766357422,15193100
2015-06-10,41.33425769559119,42.02475254460145,41.26814627797173,41.88518524169922,21275600
2015-06-11,42.017416730775196,42.23778723417307,41.81908243706822,42.02476119995117,19187100
2015-06-12,41.877842878654775,42.05414094701746,41.628088916402575,41.95130157470703,13860600
2015-06-15,41.59134905793824,41.82641121365956,41.216719622932985,41.61338806152344,17698400
2015-06-16,41.51789639601873,41.965984540692574,41.400365309068384,41.92190933227539,13563800
2015-06-17,41.921914017061866,41.98068096818534,41.41506167335302,41.5325927734375,17801900
2015-06-18,41.62074271756273,41.78234903999643,41.121234813824564,41.69419860839844,18739300
2015-06-19,41.51054930798874,41.73092254887405,41.26079539685926,41.30487060546875,18840500
2015-06-22,41.76764409145606,42.02474243023064,41.69418542169066,41.83375549316406,13011600
2015-06-23,42.07616783111222,42.34061347397648,41.958636745635005,42.1569709777832,16216100
2015-06-24,41.6207389831543,41.86314844505473,41.50320788706503,41.6207389831543,19235500
2015-06-25,41.86313260864327,41.91455226859562,41.26813008355864,41.275474548339844,12176200
2015-06-26,41.48117987715504,41.61340273664742,41.209386886996874,41.385684967041016,12148300
2015-06-29,40.430729164991256,40.85677826247526,40.29115908647739,40.31319808959961,22260400
2015-06-30,40.78333070084137,40.90086180018018,40.26178662266055,40.57765197753906,17737400
2015-07-01,41.143258812932054,41.143258812932054,40.577642456564654,40.90085220336914,17606100
2015-07-02,40.71722814624189,41.02574629835803,40.45278241462059,40.673152923583984,12062800
2015-07-06,40.24708757087644,40.58498906979843,40.03406161636226,40.460113525390625,12706200
2015-07-07,40.37931789299516,40.438082041832196,38.95425015504455,40.0340690612793,32011200
2015-07-08,39.527210812723844,39.527210812723844,38.7632573768505,38.78529357910156,26169400
2015-07-09,39.5492416627556,39.77695932979359,39.37294366211947,39.4537467956543,23540400
2015-07-10,40.070777733577316,40.247075699627416,39.88713530326563,40.078125,16578700
2015-07-13,40.430726840036634,40.90819558041269,40.430726840036634,40.798011779785156,18803900
2015-07-14,40.67314426170205,41.22407181786478,40.57765216952414,41.0698127746582,18174900
2015-07-15,41.32691658214432,41.71624067819451,41.09920162254808,41.47383117675781,20470500
2015-07-16,42.53159236788252,43.082519715641816,42.39202231306687,43.03844451904297,41084000
2015-07-17,42.99438049187091,43.25882613584102,42.854813202958745,43.15598678588867,21055300
2015-07-20,43.31024192149091,43.559995807016385,43.06783530439488,43.22943878173828,16016600
2015-07-21,43.192719292969535,43.56735159560285,43.192719292969535,43.413089752197266,21541700
2015-07-22,43.42777920636548,44.46352283222332,43.36166779185701,44.32395553588867,30156200
2015-07-23,44.28722338425959,44.772039443839205,43.87586319952216,43.978702545166016,29432300
2015-07-24,43.853824989350436,43.905244659817754,42.84746497885329,43.11925506591797,24760800
2015-07-27,42.531599747573715,42.847465039267995,42.18635098638185,42.5756721496582,20378400
2015-07-28,42.93560561345213,42.972333543227734,42.44344238754251,42.87683868408203,12566700
2015-07-29,43.01642565063592,43.44982211754987,42.92093075394978,43.28086853027344,14460800
2015-07-30,43.177943045392574,43.41320489973205,42.86180940277218,43.28822326660156,11202100
2015-07-31,43.2220387929179,43.25879791743216,42.91325597700698,42.97942352294922,12529300
2015-08-03,43.0970606053108,43.133819735114294,42.60448209595198,42.964725494384766,10508700
2015-08-04,42.91326101177885,43.28085790913238,42.854446966564,42.98678207397461,10984500
2015-08-05,43.33232017253925,43.56023125286435,43.0823541763749,43.18528366088867,10631000
2015-08-06,43.24410799853523,43.34703470300814,42.5677309094033,42.71476745605469,14707400
2015-08-07,42.773572074097586,43.08970560707875,42.22952747178024,42.575069427490234,11934000
2015-08-10,42.83238818021055,43.258801916713956,42.795629052297905,43.18528366088867,10812200
2015-08-11,42.64860410300368,42.825051902782135,42.08250717245798,42.376583099365234,18897600
2015-08-12,41.86194444843839,42.0825048873204,40.66358027352809,41.83988952636719,27428700
2015-08-13,41.92810597475039,42.347166260945606,41.538454116772186,42.14866638183594,15837900
2015-08-14,42.03838387109602,42.43538921661064,42.03838387109602,42.339813232421875,8864000
2015-08-17,42.02369529735149,42.530978224605064,41.89871364458843,42.472164154052734,11139200
2015-08-18,42.39862820839776,42.58242667187348,42.20012833584094,42.31040573120117,11593200
2015-08-19,42.038386760007896,42.28835279422734,41.58256733450495,41.90605163574219,17673200
2015-08-20,41.19290563770959,41.39876179840928,40.67827224731445,40.67827224731445,28455500
2015-08-21,39.99454462424127,40.472418920864996,39.39168592081072,39.40638732910156,33437500
2015-08-24,36.12007492104088,38.61973234805749,34.627629486665306,37.00965881347656,37767000
2015-08-25,38.744713079348024,38.781472207736115,36.67146682739258,36.67146682739258,27809200
2015-08-26,37.796321821277374,38.509460868418856,36.94349692970858,38.43593978881836,30721900
2015-08-27,39.10496266329592,39.42109626572586,38.48739967303072,39.288761138916016,26467300
2015-08-28,39.03143769677372,39.37697966909537,38.832935040623525,39.17112350463867,17205400
2015-08-31,39.060844322694365,39.45049610875009,38.75941500046339,39.31816101074219,20629000
2015-09-01,38.524152492063536,38.524152492063536,36.97289327632886,37.450767517089844,28621600
2015-09-02,38.09039636485977,38.252137113207326,37.48753760077913,38.04628372192383,17515800
2015-09-03,38.200669007720215,38.75206435530697,37.92864808818245,38.075687408447266,15708700
2015-09-04,37.59046007059847,37.71544167138702,36.84791275630031,37.19345474243164,19054500
2015-09-08,37.78897219348766,38.14186497200875,37.509597692121694,37.97277069091797,17160200
2015-09-09,38.524152990849544,38.685893706112196,37.29637799009701,37.40665817260742,16930900
2015-09-10,37.171404730096675,37.86248598899856,36.972902039822884,37.54635238647461,17467000
2015-09-11,37.50223378375902,37.60516326959732,37.22286216439452,37.56840133666992,12001800
2015-09-14,37.55369607207279,37.62721432129359,37.2596174661067,37.48017501831055,11427000
2015-09-15,37.62722468144392,38.44329037337817,37.5390021971798,38.23008346557617,17858900
2015-09-16,38.421229743200165,38.752067539847936,38.075690537405386,38.66384506225586,17369500
2015-09-17,38.67855624796014,38.96528145522461,37.774267977148135,37.97277069091797,24075200
2015-09-18,37.27433361090186,37.377260314581385,36.84056907072222,36.972904205322266,33404600
2015-09-21,37.362549013517146,37.56840238183722,37.02436053569366,37.28167724609375,14936600
2015-09-22,36.722921393826674,37.09051819896099,36.656753856720854,37.03905487060547,19610600
2015-09-23,37.053768002252035,37.237566449079594,36.72293023705409,36.8479118347168,13680200
2015-09-24,36.50973093109101,36.57589849784166,35.84070455818655,36.120079040527344,32241000
2015-09-25,36.884680374869184,37.28903930470162,36.66412274330578,37.16405487060547,22341800
2015-09-28,37.2228664407026,37.2743297872632,35.987740514164166,36.04655456542969,21919800
2015-09-29,36.061257116753744,36.3553357731488,35.63484614997703,36.024497985839844,16485000
2015-09-30,36.62000073281757,36.64205564728349,35.950974550116754,36.47296142578125,17629000
2015-10-01,36.33327199137211,36.75968569157427,36.18623549223897,36.67881393432617,16291000
2015-10-02,35.66424932140029,36.67146682739258,35.07609485356572,36.67146682739258,27320900
2015-10-05,37.053787234962115,37.74486874410348,37.00967457519187,37.61253356933594,14881200
2015-10-06,37.53163651346556,37.8624742278208,37.36989581220179,37.53899002075195,12602100
2015-10-07,37.847783046330264,38.119804014198756,37.41401851697887,37.73015213012695,16572000
2015-10-08,37.561061047038784,38.1124565393297,37.31109497835187,37.97277069091797,16903000
2015-10-09,38.09774576476617,38.244785098307254,37.44342367527742,37.774261474609375,14341200
2015-10-12,37.759561490728316,37.85513748891801,37.40666873342292,37.70074462890625,11187000
2015-10-13,37.3845951325843,38.01686210596742,37.369893727914075,37.64926528930664,13337900
2015-10-14,37.54634486027301,37.65662504538896,37.039062178731186,37.28902816772461,22288000
2015-10-15,38.10509771031352,39.09760826304008,37.58310795743519,38.94321823120117,31023100
2015-10-16,39.21524674297279,39.22995095901949,38.64914704561575,38.737369537353516,17569200
2015-10-19,38.49474973089104,39.09760845250505,38.47269481324772,38.86234664916992,13616200
2015-10-20,38.86235283622263,39.11231889262961,38.67120083774192,38.84764862060547,11195800
2015-10-21,38.95791029915721,39.08289186562287,38.075677413693604,38.09038162231445,15577800
2015-10-22,38.36242890583156,38.86971183238262,38.340373979972846,38.60504150390625,22320500
2015-10-23,38.96527501805652,39.45785356361404,38.92851588555167,39.43579864501953,19927100
2015-10-26,39.13437651747244,39.399046807781936,38.7814837319073,39.0461540222168,14530700
2015-10-27,38.75207663075921,38.89911599760153,38.406537343903814,38.678558349609375,13232400
2015-10-28,38.862336939320784,40.406242488526765,38.75205676957412,40.23714828491211,23403900
2015-10-29,40.104707610847136,40.516793690434454,39.45714457352613,39.48657989501953,23153900
2015-10-30,39.5528031389428,39.60431354171803,38.94939315748465,39.125999450683594,18430200
2015-11-02,39.33204534609324,39.773563902779216,39.25109962237595,39.61167526245117,11999700
2015-11-03,39.41298514131892,40.02375247976661,39.3835498267391,39.8545036315918,13518300
2015-11-04,40.00904084062594,40.104704223846966,39.48657656022268,39.61167526245117,16985200
2015-11-05,39.57488779358259,40.03112691006882,39.55281270337126,39.84716033935547,13632500
2015-11-06,41.03925325702168,41.546999861936136,40.833211644669106,41.11283874511719,21654400
2015-11-09,41.149625486036996,41.34830964343748,40.52414050715497,40.995094299316406,19921800
2015-11-10,40.86264090267333,41.3335947260486,40.47263279402309,41.06132507324219,17657400
2015-11-11,41.296790838297404,41.31150849219364,40.31073048409329,40.3990364074707,15834000
2015-11-12,40.119428106564996,40.119428106564996,39.33205144717185,39.33940887451172,17735000
2015-11-13,39.125999450683594,39.427707248519084,38.75806639822831,39.125999450683594,16828800
2015-11-16,38.971462266641126,39.508644104003906,38.62560715919746,39.508644104003906,14896600
2015-11-17,39.655833168450215,39.898670386965776,39.17016153852615,39.361488342285156,14845300
2015-11-18,39.62637560439591,40.49469754740708,39.560147564433855,40.45790481567383,19100300
2015-11-19,40.38432855785115,40.693390943388124,40.28130776267216,40.51678466796875,11997500
2015-11-20,40.7448980733218,40.7448980733218,40.141488201003234,40.28866195678711,14896000
2015-11-23,40.22980122372858,40.35489992939243,39.84715329454956,39.942813873291016,14547100
2015-11-24,39.596947306689835,40.11205121984728,39.52335902830606,39.86921691894531,12950900
2015-11-25,39.950174071017855,39.9796093908073,39.56016310157429,39.7956428527832,9859400
2015-11-27,39.78091816766082,40.009034837977545,39.53072360784763,39.89129638671875,5483300
2015-11-30,39.986956450045106,40.07525957941305,39.71468683034885,39.8029899597168,14603100
2015-12-01,40.03111159106521,40.40640201657815,39.920730568034685,40.38432693481445,11856000
2015-12-02,40.465270466513694,40.487345547089454,39.758837009924804,39.83978271484375,15288800
2015-12-03,40.0458242836343,40.178280381293334,39.258447929275576,39.37618637084961,19750000
2015-12-04,39.48657165758502,40.71546940605551,39.38355086095642,40.53886032104492,21464100
2015-12-07,40.303386153359945,40.38433187253194,39.670540865767634,40.0311164855957,15077300
2015-12-08,39.61903939444956,39.74413531074489,39.13336777704905,39.287899017333984,14785500
2015-12-09,39.0376940822195,39.596953862100364,38.49315476755822,38.861087799072266,19903700
2015-12-10,38.91996110538137,39.17751594797551,38.3901365671138,38.74335479736328,16333800
2015-12-11,38.22087079591129,38.41955490996353,37.28632084037909,37.610103607177734,24093500
2015-12-14,37.63219181788164,38.066352928162395,37.16123796410721,37.60275650024414,21586800
2015-12-15,38.15465051620271,38.853723769178245,38.15465051620271,38.647682189941406,21642300
2015-12-16,39.03032854374125,39.74411656767588,38.485786535164024,39.66317367553711,26044800
2015-12-17,39.74412931025281,39.88394567454073,38.787503881876056,38.8831672668457,17179600
2015-12-18,38.603525328287716,38.765416728285494,37.646900197703694,37.683692932128906,25509600
2015-12-21,38.051633517825444,38.19880729213214,37.58803991835281,38.110504150390625,16929000
2015-12-22,38.2576812353381,38.36070204413585,37.816159874210825,38.272396087646484,13241300
2015-12-23,38.48580430018295,38.73599893738014,38.32391563407204,38.728641510009766,14950200
2015-12-24,38.61825341904279,38.9788290508996,38.59617833384359,38.78750228881836,4671200
2015-12-28,38.68448749284206,38.68448749284206,38.23560864333173,38.544673919677734,8761700
2015-12-29,38.82430313307572,39.162803750354506,38.809588277943945,38.9861946105957,10155100
2015-12-30,38.88316626438011,38.95675175424019,38.44900513715004,38.48579788208008,8763300
2015-12-31,38.31655070750023,38.552027654014125,38.08107376098633,38.08107376098633,11281800
2016-01-04,37.34520226661503,37.668982320043206,36.933116265528625,37.62483215332031,23440200
2016-01-05,37.9265443270125,37.97805473604372,37.09501474148367,37.42615509033203,17444900
2016-01-06,36.8668855840714,37.22010373534902,36.61669103106159,36.8816032409668,22501800
2016-01-07,36.10894388474426,36.337063352076136,34.953634505652225,34.99778747558594,37902900
2016-01-08,35.858745870674284,35.86610610183828,33.87190732935733,33.94549560546875,30643000
2016-01-11,34.26193128814953,34.578353978769705,33.79833479608398,34.4753303527832,26284600
2016-01-12,34.95363450400108,34.95363450400108,34.04851967369756,34.497398376464844,26310000
2016-01-13,34.82118756532715,34.843262652549555,33.091903157606545,33.25379180908203,27925800
2016-01-14,33.42304060711251,33.71738820247412,32.797555475852484,33.39360809326172,30129500
2016-01-15,31.281664106081642,32.14998625731741,30.795992632263854,31.25223159790039,52452600
2016-01-19,31.531876288117964,31.730560566650226,30.65619622238635,30.86223793029785,39032700
2016-01-20,29.817292597200687,30.19258304649591,29.022555918072637,29.795217514038086,49905400
2016-01-21,29.809940081719702,30.457503157485625,29.456724624149267,29.54503059387207,34976700
2016-01-22,30.2072985052601,30.428057742133767,30.038049663420082,30.214658737182617,30187200
2016-01-25,30.030697054413352,30.141075286997765,29.029918692518596,29.103504180908203,31924000
2016-01-26,29.140302933960577,30.015985584741294,29.066717430397315,29.802583694458008,23508400
2016-01-27,29.70691292652032,30.67825592960882,29.603892124239163,29.846729278564453,28274800
2016-01-28,30.355096502837903,30.49508258396307,29.522540900028233,29.75830841064453,23212800
2016-01-29,30.060388977767804,31.379215565941756,30.045653155430745,31.371849060058594,36107600
2016-02-01,31.20976367175285,31.55604853511981,30.944524441137414,31.298175811767578,22860300
2016-02-02,30.84137527721836,30.84137527721836,29.677270434893074,29.780418395996094,31460900
2016-02-03,29.94986739716299,29.994072043081452,28.02688660374828,29.736202239990234,43680300
2016-02-04,29.552008166714177,30.627697625980755,29.50780071105404,30.053014755249023,26732600
2016-02-05,30.222484607623958,30.531928489986896,29.13942539821139,29.367826461791992,23599700
2016-02-08,28.837347460069502,28.86681910845404,27.393270416079957,27.857439041137695,35237100
2016-02-09,27.20908014087559,28.049002548055917,27.024886531912482,27.63640785217285,39767200
2016-02-10,28.365818940864237,28.800516018874376,27.540632267726455,27.562734603881836,33390000
2016-02-11,26.52387964531821,26.6417634424301,25.433453819390365,25.772369384765625,48945600
2016-02-12,26.545975686973506,27.9016404377226,26.50913753608966,27.658506393432617,38120400
2016-02-16,28.43211694966698,28.896285490124118,28.23318757518535,28.653148651123047,31802500
2016-02-17,29.257303973736057,29.68463437584442,29.102582060105362,29.30887794494629,29133500
2016-02-18,29.41940236315417,29.463609839480217,28.454226875987008,28.67525863647461,24107700
2016-02-19,28.60157834260299,28.77840541274693,28.04163110652723,28.726831436157227,22426000
2016-02-22,29.227837388944483,29.448871944469836,28.955231663853304,29.11732292175293,22028600
2016-02-23,28.822608629573168,28.87418260358122,28.0268938801841,28.159513473510742,26234200
2016-02-24,27.584840869543825,28.130055327141047,26.973319394034917,28.063745498657227,25912400
2016-02-25,28.16688209587229,28.47632877374167,28.004790845056377,28.4542236328125,19889500
2016-02-26,28.778408931001294,29.485711676905247,28.557374363656443,29.102588653564453,23757400
2016-02-29,29.051014424749983,29.323620162110718,28.62368392944336,28.62368392944336,22268700
2016-03-01,28.844711009433272,30.421407345293428,28.807870051034065,30.40667152404785,30606800
2016-03-02,30.384578378104205,31.128719307138237,30.274061090655046,31.106616973876953,28383800
2016-03-03,31.047673204975453,31.58551818730601,30.863479602373015,31.556049346923828,21835200
2016-03-04,31.732873631502226,32.11599666218385,31.29081010948491,31.556049346923828,28071000
2016-03-07,31.209740787074672,31.629701657420558,31.00344500811717,31.39393424987793,22134600
2016-03-08,31.055048261528384,31.172932076554336,30.200389899947282,30.24459457397461,26265000
2016-03-09,30.47299168951528,30.524565676148953,29.935146678498764,30.318269729614258,18573900
2016-03-10,30.65717947269175,31.055038274419843,29.92040516307867,30.4803524017334,21139800
2016-03-11,31.14346018236831,31.68867176873609,30.767703592573927,31.673938751220703,21068500
2016-03-14,31.43079534273215,31.61498894010179,31.09924630535255,31.438161849975586,15332700
2016-03-15,31.13609542342358,31.401334746698364,30.922432911294216,31.37923240661621,13784700
2016-03-16,31.04029922582449,31.718130171166802,30.576130672036207,31.113975524902344,22981000
2016-03-17,30.937159957886525,31.62972691935923,30.487727100003777,31.570783615112305,24262800
2016-03-18,31.99811314741717,32.395972007038075,31.86549352754353,32.079158782958984,30801900
2016-03-21,31.998132192027548,32.60965386045729,31.865512493221477,32.123382568359375,16226400
2016-03-22,31.88022946488214,32.14546870555902,31.614990224205265,31.961275100708008,14885100
2016-03-23,31.887593306850924,32.04968456495299,31.150818949035912,31.21712875366211,23989200
2016-03-24,30.78243435104059,30.900318145751957,30.22985353634893,30.900318145751953,22723400
2016-03-28,31.018203504622814,31.07714681023652,30.708759581865365,30.885583877563477,13062400
2016-03-29,30.782419137360126,30.782419137360126,30.310884191562685,30.73821449279785,18160100
2016-03-30,30.92978975145958,31.379222596437423,30.834008290094292,30.85611343383789,14763200
2016-03-31,30.819269677346664,31.19502332588361,30.642442612371667,30.760326385498047,15661700
2016-04-01,30.59086779598856,31.386582540065405,30.42877655843351,31.290803909301758,17749500
2016-04-04,31.209757372944885,31.46026072790563,30.929782373736828,30.988725662231445,14376300
2016-04-05,30.539300963057272,30.870850021683605,30.296164049874154,30.583505630493164,17867800
2016-04-06,30.59824035387917,30.863479591222262,30.347736942007504,30.84137725830078,16169900
2016-04-07,30.42878337928924,30.56140300145826,29.434139023592987,29.669906616210938,22618000
2016-04-08,30.104584975726098,30.414028695202212,29.743564492434306,29.817243576049805,14676100
2016-04-11,30.016183742274574,30.583497433168013,29.99407860391006,30.29615592956543,21083700
2016-04-12,30.41405307849029,30.915060006459925,30.29616926076637,30.8708553314209,19888700
2016-04-13,31.34974380144435,32.779087646397706,31.34974380144435,32.60226058959961,33135400
2016-04-14,32.52121944776298,33.36851107679596,32.43280731248241,33.14011001586914,26885100
2016-04-15,34.22317206775122,34.304217702924234,32.8601377164907,33.09590530395508,39168600
2016-04-18,32.727502095231834,33.33902590848312,32.572780218591134,33.235877990722656,22929900
2016-04-19,33.464289988787726,33.84004648525951,33.32430387258378,33.619014739990234,18833300
2016-04-20,33.70006558538499,34.444206565441434,33.69269626674504,34.43684005737305,21645700
2016-04-21,34.473668106598936,34.59155187511498,34.06107351150741,34.33367919921875,21538600
2016-04-22,34.39999019985343,34.88626111333967,34.34841622498146,34.60628890991211,17425900
2016-04-25,34.35578923359864,34.576820979740724,33.994768560128705,34.399993896484375,13480500
2016-04-26,34.41473058529628,34.74627961812183,34.201065340745245,34.70207214355469,15573600
2016-04-27,34.54734991714175,35.24728613394764,34.47367360403426,34.87153244018555,19444700
2016-04-28,34.51013175944979,35.05591981845202,34.33311766703011,34.465877532958984,18399500
2016-04-29,34.31098623082815,34.56175451197883,33.971712325019304,34.13397216796875,23922700
2016-05-02,34.32574000165722,34.53963118839575,33.85370621957446,34.42899703979492,13802500
2016-05-03,33.75783234394845,33.80208657771963,33.175164260242674,33.610321044921875,21186200
2016-05-04,33.10139916219803,33.20465619359122,32.57773408170768,32.93913650512695,24310500
2016-05-05,33.02764019452148,33.24890846430304,32.57035787648924,32.621986389160156,14912000
2016-05-06,32.31222587042591,32.76213122590564,32.245845930511884,32.754756927490234,17632500
2016-05-09,32.68099353905863,32.90225900564036,32.19420838716161,32.371219635009766,14251900
2016-05-10,32.70312266003127,33.11615363742185,32.5334856908021,33.0718994140625,13608900
2016-05-11,32.93915307101043,33.470192715011436,32.79164174617188,32.79901885986328,15997900
2016-05-12,33.07189560440185,33.315286770982894,32.28271366676695,32.45235061645508,15551500
2016-05-13,32.43760160000385,32.872758264232736,31.714799529741896,31.795930862426758,19433500
2016-05-16,31.79593282226143,32.08357824602436,31.67054726032635,31.825435638427734,17158400
2016-05-17,31.766427263851526,32.37122087533475,31.574664602411328,32.23108673095703,19943000
2016-05-18,32.26796835140124,34.030720915173674,32.26796835140124,33.831581115722656,37645200
2016-05-19,33.63243040368982,33.97170707056532,32.91700559358229,33.234153747558594,23036100
2016-05-20,33.49969064286574,33.70620761019615,33.03503379684704,33.11616516113281,19610200
2016-05-23,33.07927636704028,33.32267039474323,32.872762268536135,33.27104187011719,15050500
2016-05-24,33.52180667294525,34.06759467979391,33.418549634543794,33.82420349121094,18976500
2016-05-25,34.0675967208658,35.1075470912116,34.0675967208658,34.62076187133789,23944600
2016-05-26,34.69451564531025,34.75351845942775,33.97908788441184,34.00859069824219,16956600
2016-05-27,34.10448295181808,34.42162844157907,33.986474477114655,34.35525131225586,13854500
2016-05-31,34.576504814726405,34.59125622062244,34.156099594089866,34.347862243652344,21404000
2016-06-01,33.95696537889745,34.65764179887079,33.54393438700264,34.62076187133789,17212500
2016-06-02,34.561763395772694,34.70927468381481,34.3699978772548,34.64289474487305,15483800
2016-06-03,33.271036441781455,33.632436055199555,32.63674002724328,33.4775505065918,36961500
2016-06-06,33.47755706948592,34.11922790632683,33.3447971979266,33.73570251464844,17321400
2016-06-07,33.95696107695119,34.00121248271502,33.56605584026445,33.58818435668945,12089800
2016-06-08,33.543941589220445,33.85371560303897,33.4111816995188,33.60294723510742,13147300
2016-06-09,33.32266643838225,33.344792142439715,32.931763994469776,33.19728088378906,17069000
2016-06-10,32.651491245524824,32.747373980866634,32.21633460179582,32.378597259521484,23071100
2016-06-13,31.88443223764464,32.49660289273633,31.825429430364892,31.83280372619629,20612100
2016-06-14,31.744317199854127,32.11309411115296,30.623235051880332,30.947757720947266,27621300
2016-06-15,31.198512236504683,31.633668910548444,30.955121046503688,30.984621047973633,21934200
2016-06-16,30.68960287393074,31.11000816150156,30.350328924933834,31.065753936767578,19904800
2016-06-17,31.301771215750797,31.670547985645076,31.087882827505155,31.331274032592773,25113400
2016-06-20,32.054086172216635,32.489243009102765,31.552549383481963,31.56730079650879,20244000
2016-06-21,31.84018251444899,31.869685329022932,31.323897327121333,31.655794143676758,14714900
2016-06-22,31.618924465056526,32.031955525555276,31.449287461693803,31.478790283203125,18087600
2016-06-23,32.09094216432233,32.82112115379236,32.06144217124043,32.79161834716797,25703000
2016-06-24,29.96679792341821,30.527337316103463,29.69390111695874,29.723403930664062,71849800
2016-06-27,29.192372183888388,29.23662359822812,28.25567879526765,28.381061553955078,53380200
2016-06-28,29.361997881031396,29.96679136184822,28.91208991793881,29.8266544342041,38605600
2016-06-29,30.342951814039786,31.117382458852173,30.16594054219072,31.065753936767578,34004100
2016-06-30,31.4787952918763,31.567300956942713,30.741241518052664,31.264904022216797,34485400
2016-07-01,31.198513360710795,31.486158783596657,30.955122161939453,31.102630615234375,19399600
2016-07-05,30.51996644709686,30.608472084609577,29.811912906364647,30.07743263244629,25571100
2016-07-06,29.612769704576262,30.298694581680067,29.52426127211307,30.28394317626953,27713900
2016-07-07,30.483077940270107,31.02149148869708,30.306063917855962,30.453575134277344,24585500
2016-07-08,30.829749242035472,31.176400439217332,30.704366442613257,30.962509155273438,29468600
2016-07-11,31.264899183788014,31.53041895144086,31.191144943237305,31.191144943237305,19752600
2016-07-12,31.582035773049615,32.06882089541607,31.537781557000706,32.0393180847168,23803600
2016-07-13,31.958198547363278,32.21634117959413,31.72955592057047,31.95819854736328,20488200
2016-07-14,32.73262745783787,33.020272893234626,32.540861958544355,32.78425598144531,37093600
2016-07-15,32.78426065603764,33.21204031457254,32.34172677317569,32.69575500488281,29198800
2016-07-18,32.65886957267658,33.116154789332704,32.6293695696209,32.87276077270508,18683900
2016-07-19,32.59249415531754,32.96127097324233,32.49661420840865,32.71050262451172,15297300
2016-07-20,32.8432702878337,32.96865589868705,32.59987899336291,32.79901885986328,16547100
2016-07-21,32.821142395047204,32.968653710093356,32.533496878156576,32.548248291015625,14924900
2016-07-22,32.5261108567019,32.71787635780445,32.3269738715052,32.673622131347656,12764200
2016-07-25,32.68100476156942,32.717881883072636,32.38598216245564,32.48186492919922,14391400
2016-07-26,32.40071422319876,32.629356741637764,32.378588526219694,32.5629768371582,16152500
2016-07-27,32.599872194574054,32.97602332159779,32.5482436636795,32.66625213623047,17814200
2016-07-28,32.57001094215749,32.69584826540057,32.333138361204945,32.62923049926758,13239600
2016-07-29,32.47378654708218,32.68845324547703,32.39236105295003,32.42937469482422,13773700
2016-08-01,32.51079989271675,32.584824358475636,32.00744764427954,32.14068603515625,14794400
2016-08-02,32.000046502773955,32.29613874345973,31.459680563705575,31.8223934173584,20089100
2016-08-03,31.7779798556419,32.525608695328735,31.726164135254937,32.48859786987305,14708300
2016-08-04,32.377558412655674,32.59962614125528,32.31833884569878,32.45158004760742,11747900
2016-08-05,33.03636380313788,33.85061316240852,32.94753444399426,33.84321212768555,28566800
2016-08-08,33.92463501663195,34.168908676109574,33.66555364135906,34.0208625793457,16861600
2016-08-09,34.013458874430775,34.13189517779328,33.80619322573823,33.97644805908203,12203800
2016-08-10,33.90243109698601,33.976455567786914,33.59893782606438,33.64335250854492,16566700
2016-08-11,33.687769234230764,33.98386151272186,33.52492102243138,33.85062026977539,14819400
2016-08-12,33.61374567690675,33.75438794818219,33.47310340563131,33.739585876464844,12472900
2016-08-15,33.91723137614174,34.42058641411874,33.91723137614174,34.33916091918945,12252700
2016-08-16,34.23552364494577,34.63524719330964,34.154098163937135,34.50940704345703,15202100
2016-08-17,34.42797822707017,34.64264487006989,34.331750689513356,34.516807556152344,17899300
2016-08-18,34.47240134178516,34.56863172667449,34.20591893670355,34.42058563232422,14190300
2016-08-19,34.30214495175359,34.487201840180454,34.06527236046672,34.442787170410156,12207600
2016-08-22,34.36136087251038,34.60563731483573,34.23552354676262,34.53901672363281,11007500
2016-08-23,34.7166847681149,34.83512110254631,34.487213134765625,34.487213134765625,13345500
2016-08-24,34.51681080114649,34.87952071256152,34.45019020994357,34.53901672363281,16054400
2016-08-25,34.427985113478144,34.657456690557936,34.398378154939024,34.58343505859375,16520200
2016-08-26,34.66485709571072,34.96835027452967,34.568626724745506,34.87211990356445,23338500
2016-08-29,34.93133097391962,35.301444684350514,34.87211424859731,34.98314666748047,16700000
2016-08-30,34.983164827167,35.47911892493974,34.95355786100869,35.456912994384766,17519800
2016-08-31,35.501318627393594,35.664169619547295,34.97575765566326,35.338470458984375,20826600
2016-09-01,35.39769406027035,35.55314122448069,34.613051555990225,35.05718994140625,19403900
2016-09-02,35.1608080429976,35.31625514822599,34.798095307054076,35.168209075927734,16293000
2016-09-06,35.16822311159865,35.27185738018874,34.5316295470158,35.005374908447266,17649500
2016-09-07,34.79069106198264,35.26443619060214,34.687059668065096,35.145999908447266,13610600
2016-09-08,35.13120416794858,35.5827434936593,35.02757274704667,35.37548065185547,15856400
2016-09-09,35.45689918124417,35.656758125868784,34.91653060913086,34.91653060913086,20468100
2016-09-12,34.524217710885,35.434697396480374,34.294748942814884,35.37548065185547,22074800
2016-09-13,34.71667376374294,35.005362060928015,34.50200709321001,34.731475830078125,19885000
2016-09-14,34.709267997790505,35.11639256947325,34.55382089612428,34.60563659667969,19778400
2016-09-15,34.60564189085169,35.02757141634863,34.48720558235684,34.849918365478516,14133200
2016-09-16,34.49461565946061,34.6352607539944,34.22813601329434,34.353973388671875,24820800
2016-09-19,34.50941906505122,34.968362331749766,34.427993555677446,34.487213134765625,12759700
2016-09-20,34.82030913539215,34.93134158801317,34.38357471142964,34.4501953125,13749400
2016-09-21,34.79070025638995,34.997963099,34.26513929191761,34.716678619384766,16605200
2016-09-22,34.78329338930485,35.01276211978748,34.60563753704167,34.87211990356445,16247600
2016-09-23,34.80550301722787,35.13120215334872,34.672261819782,34.9017333984375,14793500
2016-09-26,34.42798018166425,34.51680951578957,33.92462807367338,33.96903991699219,22646700
2016-09-27,33.69517118209003,34.4057892216476,33.42868871131967,34.324363708496094,16165700
2016-09-28,34.479805577673964,34.72407923584794,34.124493817839145,34.6944694519043,15871600
2016-09-29,34.642663160103005,35.08680156877129,33.61374689015984,33.902435302734375,28066800
2016-09-30,34.294749545394964,35.160814569930636,34.09488773425339,34.96095275878906,25563100
2016-10-03,34.80551095186793,34.983164039799284,34.62785504019166,34.81291198730469,13819800
2016-10-04,34.864725623137794,35.84922987834431,34.849923553148834,35.34587478637695,25542000
2016-10-05,35.5383254855398,36.18232552432919,35.5383254855398,36.0120735168457,18173400
2016-10-06,36.145318285454586,36.33777623616318,35.80481141305561,36.32297134399414,15721000
2016-10-07,36.271161197592036,36.57465447425474,36.03428853403796,36.478424072265625,16584000
2016-10-10,36.61166689009869,36.98178079595996,36.545046274093856,36.678287506103516,14022700
2016-10-11,36.47841968252891,36.75230596109712,36.04168523220463,36.263755798339844,16033300
2016-10-12,36.24895700270001,36.43401395644262,36.019485363510974,36.049095153808594,14407300
2016-10-13,35.471702547918774,36.0342770625735,35.190418114335394,35.87882995605469,22302200
2016-10-14,36.71529146664655,36.97437284655151,35.81961665964089,35.98246765136719,28291800
2016-10-17,35.96765466196069,36.374779225879465,35.834413484860896,35.97505569458008,16655000
2016-10-18,36.4043980429802,36.48582354073051,36.13051458815654,36.263755798339844,18159900
2016-10-19,36.35258518213946,36.796720701759945,36.29336560685952,36.626468658447266,14663600
2016-10-20,36.61164827476017,36.93735015351048,36.42659141592243,36.700477600097656,13522600
2016-10-21,36.32296711222671,36.73749557343224,36.25634651709983,36.69308090209961,12728600
2016-10-24,36.878130603285484,36.922545265954234,36.65606293742891,36.700477600097656,10753500
2016-10-25,36.63387172782193,36.87074437634789,36.49322665143516,36.70789337158203,9790500
2016-10-26,36.4710242056131,37.0558048478896,36.426609520869135,37.01879119873047,13960000
2016-10-27,37.24825252052204,37.455515344447704,36.93735828463354,36.959564208984375,19181400
2016-10-28,36.9965823159628,37.10021374835078,36.23414864304138,36.68568801879883,17780300
2016-10-31,36.818917416747674,36.907743926881786,36.374779218589424,36.38218307495117,15173400
2016-11-01,36.567252521562374,36.76711153212963,35.82702476058941,36.22674560546875,20691100
2016-11-02,35.99726557967291,36.07128720318588,35.649357736925325,35.93064498901367,15824100
2016-11-03,36.042053018621424,36.38368601465758,35.66328963501406,35.78954315185547,16224300
2016-11-04,35.73013760976077,36.24258295522088,35.42564060742933,35.774696350097656,14152500
2016-11-07,36.58420735842649,37.01496066696439,36.54707413636573,37.00010681152344,19357600
2016-11-08,36.70302045054337,37.15605294156126,36.4208058111241,37.066932678222656,17548300
2016-11-09,37.18576892213168,38.57457157021494,36.74016467311458,38.31463623046875,59210400
2016-11-10,38.6562597777523,40.25301325950379,38.42603218253388,39.81483459472656,52067300
2016-11-11,39.18356003280206,39.480631380434986,38.322056524365394,39.23554992675781,41858600
2016-11-14,39.391520789352256,40.76546973535005,39.3618130806722,40.6095085144043,43113100
2016-11-15,40.09705275322401,41.196212187839585,39.889101680184865,41.181358337402344,33433800
2016-11-16,40.260450968895356,40.847165480279315,40.260450968895356,40.5723762512207,24200100
2016-11-17,40.55008244268971,41.57497545820134,40.37184190360733,41.181358337402344,24579000
2016-11-18,41.12938440943403,41.47101457932142,40.832312972003066,41.18879699707031,24990000
2016-11-21,41.560141042173875,41.58242324479052,40.95114705487965,41.24821853637695,20410400
2016-11-22,41.33733575235254,41.70124814828367,41.166520654861074,41.66411209106445,21975900
2016-11-23,41.81264799141897,42.206268101499326,41.44873842708533,42.102291107177734,19906300
2016-11-25,42.03544655556267,42.18398227302311,41.73094960965621,42.16912841796875,11488200
2016-11-28,41.485863456493554,41.8497729489426,41.166512691154196,41.19622039794922,23645000
2016-11-29,41.218502621401946,41.545278919571636,41.084820764631836,41.23335647583008,15725400
2016-11-30,41.76065427061162,42.12456661016448,41.63440076149271,41.87948226928711,24395100
2016-12-01,42.161697449279366,42.755837409128326,41.990882387890466,42.53303527832031,27592500
2016-12-02,42.48105194674778,42.510759655624874,41.537853438023156,41.60469436645508,25110300
2016-12-05,42.04288245314315,42.72614290990071,42.02060308310043,42.54047393798828,24404500
2016-12-06,43.060346789588735,43.13461607676136,42.332524773798724,43.015785217285156,21487500
2016-12-07,42.99350221573518,43.936700835022265,42.99350221573518,43.86243438720703,30517600
2016-12-08,44.11494443408606,45.154688872639966,43.85500619963504,44.67195129394531,32536000
2016-12-09,44.530828884548065,44.72392612962614,43.98125051981147,44.59024429321289,22804900
2016-12-12,44.15208242086071,44.62739453925304,43.721329042890346,44.226348876953125,21879400
2016-12-13,44.2857587772351,44.53826866272933,43.6396287909778,44.40458679199219,22014500
2016-12-14,43.78815676740462,45.15468011178482,43.691610970247424,44.152069091796875,31399400
2016-12-15,44.634812745576625,45.0210044868275,44.23376998200512,44.731361389160156,22389300
2016-12-16,44.998721830934336,45.01357568525241,44.29317933278232,44.374874114990234,28405900
2016-12-19,44.18177567415841,44.39714945955987,43.758447947135046,44.30802917480469,17654400
2016-12-20,44.501130507241854,45.154685974121094,44.501130507241854,45.154685974121094,23439800
2016-12-21,45.08041286537637,45.23637407312578,44.671941821378134,45.11754608154297,15090200
2016-12-22,45.05070724277372,45.251230019046766,44.86503832027084,44.92445373535156,14571100
2016-12-23,44.95415108323258,45.303209505682425,44.842751448232015,45.29578399658203,9314000
2016-12-27,45.32549840381432,45.52602118870987,45.19181654721729,45.370059967041016,9544000
2016-12-28,45.30321219869515,45.45174788727461,44.54568273671427,44.59024429321289,17127400
2016-12-29,44.57539437641231,44.64966081071739,43.580208858076794,44.10008239746094,17121200
2016-12-30,44.18920173015103,44.412003861333545,43.95897125584883,44.13721466064453,16588500
2017-01-03,45.06556682503409,45.37006378332148,44.37487811888017,44.99872589111328,18322400
2017-01-04,45.07299949449318,45.77111665588788,45.01358689550769,45.60772705078125,16947500
2017-01-05,45.2809434832547,45.62257366415229,44.49370613184942,44.81305694580078,18317900
2017-01-06,45.065565671574866,45.184393680716745,44.619961345563645,44.969017028808594,16778400
2017-01-09,44.67194328793021,45.03585278462577,44.31545646839575,44.72393035888672,14593000
2017-01-10,44.70908202259597,45.191819574347136,44.523413079672466,44.731361389160156,13483300
2017-01-11,44.30802066825195,44.56053045414875,44.00352382347189,44.53082275390625,20737600
2017-01-12,44.211483938734645,44.42686057374164,43.63962330427624,43.98868179321289,22778900
2017-01-13,44.152080904024544,44.79820811569881,44.10009381992912,44.285762786865234,21045200
2017-01-17,43.8252979624654,44.05552848169411,43.09747601426659,43.35741424560547,25013800
2017-01-18,43.06776902581121,43.28314284535263,42.40678521260974,42.622161865234375,29276200
2017-01-19,42.726128847385745,42.77811591576395,41.879479067417584,42.08000183105469,24932400
2017-01-20,42.29538708770254,42.42164061296011,41.612123883166475,41.671539306640625,27722300
2017-01-23,41.678964437223726,41.805220794411056,41.15909081890819,41.35218811035156,23130200
2017-01-24,41.560134357918926,42.44392031503518,41.352186054166,42.13942337036133,18416400
2017-01-25,43.00091947748381,43.01577049675251,42.40677671576034,42.84495544433594,21492900
2017-01-26,42.778120806729184,43.060338376679695,42.36964972287741,42.59988021850586,20792700
2017-01-27,42.62216723721639,42.63702109441608,42.12457576990289,42.41421890258789,17074200
2017-01-30,41.96859649405936,42.09485281801268,41.41158979957234,42.04286575317383,17537600
2017-01-31,41.83492274281854,42.302806385073254,41.27791597844425,41.463584899902344,29221000
2017-02-01,42.1245663880609,42.31766082248436,41.500718690033096,41.62697219848633,17441500
2017-02-02,41.329048989787346,41.865304300027915,41.13539895012825,41.694000244140625,15586800
2017-02-03,42.483493349061895,43.109126945185565,42.148331986639704,43.01974868774414,21404100
2017-02-06,42.83354531247805,43.45917886574647,42.70693038489891,42.93037033081055,15680200
2017-02-07,43.19850920640088,43.250645110906206,42.461154092235354,42.595218658447266,13996900
2017-02-08,42.39412273987134,42.39412273987134,41.81317816766117,41.947242736816406,18626600
2017-02-09,41.94724513815696,42.85590441640599,41.94724513815696,42.64735794067383,18054100
2017-02-10,43.06443151884895,43.16125652965445,42.55051939908343,42.92292022705078,14421700
2017-02-13,43.19105784489534,44.21888228829943,43.19105784489534,43.90606689453125,22779800
2017-02-14,43.94330982583864,44.77004034664455,43.75710936047492,44.56149673461914,22359300
2017-02-15,44.80727600334607,45.33608459744146,44.46466785854004,45.060508728027344,22423900
2017-02-16,44.94879201223033,45.06051342993906,44.50935879240632,44.97113800048828,15916600
2017-02-17,44.46466147670082,44.81471633911133,44.24122153786172,44.81471633911133,15120600
2017-02-21,44.9041043858347,45.2020234222295,44.859415251838364,45.09775161743164,15812700
2017-02-22,44.82218286974304,45.39568072871033,44.70301466795724,45.14989471435547,16025700
2017-02-23,45.16479109472795,45.31375205725871,44.859422400077214,45.14989471435547,14624400
2017-02-24,44.59873752871749,44.82217752527426,44.02523973813245,44.36040115356445,19900300
2017-02-27,44.36039479466582,44.86686022956452,44.24867339180544,44.7030029296875,15711400
2017-02-28,44.44233711192832,44.755155451420684,44.30082574477365,44.54661178588867,17237500
2017-03-01,45.58186936323445,46.13302108766125,45.43290843945659,45.83510208129883,26421700
2017-03-02,45.93937080540359,46.080882110878875,45.12753680832302,45.15732955932617,17270300
2017-03-03,44.97858135540661,45.6191113737763,44.93389506466958,45.43291091918945,15178600
2017-03-06,45.28394565642603,45.34353115996805,44.881752031096916,44.89664840698242,14979400
2017-03-07,44.82961914807891,45.216916423544,44.524250524892075,45.060508728027344,17297800
2017-03-08,45.84999671311434,46.57245247797718,45.47759583843691,45.514835357666016,30724000
2017-03-09,45.70104846567107,46.24475355249977,45.604223415876,45.842559814453125,21429300
2017-03-10,46.13302537947787,46.20005765935434,45.37332715460901,45.79786682128906,17421900
2017-03-13,45.83510921693857,46.02130969035038,45.418019133666355,45.827659606933594,13481500
2017-03-14,45.678698116257216,45.78296991905004,45.29140081931706,45.760623931884766,11819700
2017-03-15,45.95426975306531,46.01385241721347,45.03071430862609,45.31373977661133,20086900
2017-03-16,45.47013864668617,45.738267686328165,45.26159510082806,45.544620513916016,15198300
2017-03-17,45.55207818868621,45.63400684166265,44.837069139208324,44.96368408203125,32281900
2017-03-20,44.76258769414795,44.97113413319069,44.38274002075195,44.38274002075195,14813800
2017-03-21,44.78493410011487,44.8370700000657,43.16126591000572,43.22829818725586,34140400
2017-03-22,42.759069698481234,43.48897509549112,42.37922204416131,43.027198791503906,25648500
2017-03-23,43.01976265658199,43.809253806508664,42.84845853598542,43.235755920410156,16916500
2017-03-24,43.44429093076299,43.60069862893945,42.90803271850835,43.250640869140625,13504400
2017-03-27,42.34198471977916,43.53366940373915,42.11854472940968,43.44429397583008,17257200
2017-03-28,43.340020431151615,44.43488010536801,43.287884526778804,44.256126403808594,15391100
2017-03-29,44.33804406069761,44.59872635905456,44.14439686983196,44.23377227783203,13457400
2017-03-30,44.233785296849206,45.30630187328825,44.21144214857134,45.067962646484375,14886200
2017-03-31,44.91900463499483,45.06796274543278,44.531707297229715,44.55405044555664,14407900
2017-04-03,44.63597616274325,44.75514434793868,43.682630681179795,44.44977569580078,15460500
2017-04-04,44.159303421961525,44.650872541041885,44.092271140214486,44.44977569580078,9745600
2017-04-05,45.060509554955615,45.4478068375282,44.33805088927277,44.38274002075195,20295200
2017-04-06,44.27102069947971,44.85941483965393,43.950755678432664,44.60618209838867,13806000
2017-04-07,44.18908983856013,44.60617700630603,44.13695110139865,44.26356887817383,13449300
2017-04-10,44.21142952464386,44.67320578476064,43.92840408209802,44.1518440246582,12096700
2017-04-11,43.70497295379274,43.98054884382097,43.258092978547296,43.96565246582031,15247800
2017-04-12,44.01034416010217,44.04013691783667,43.39960683251372,43.5783576965332,15223400
2017-04-13,43.421945409759886,44.48701223651571,42.960169078255305,43.22829818725586,31784400
2017-04-17,43.466652617777925,43.98801467529428,43.1463874756405,43.93587875366211,14657300
2017-04-18,43.63048921799048,43.861375949213794,43.25063872276296,43.51131820678711,16891000
2017-04-19,43.831583195920594,44.01778363913384,42.90058097985437,42.997406005859375,18104200
2017-04-20,43.32512203916956,43.68262942567419,42.86334568995862,43.503875732421875,17074800
2017-04-21,43.48152877870399,43.52621506720889,42.92292744284621,42.989959716796875,15255900
2017-04-24,44.07737555764,44.47211964550234,43.99544689611529,44.27102279663086,24400300
2017-04-25,44.74770598290853,45.27651472644779,44.688120458523954,44.84452819824219,21593500
2017-04-26,44.71790220988537,45.20947130024294,44.658316700172456,44.76258850097656,16058000
2017-04-27,44.79245857901451,44.79992807344972,44.00832974118561,44.35185241699219,14025900
2017-04-28,44.32945745699682,44.486282682492444,44.09795151785237,44.15022659301758,11917100
2017-05-01,44.35185015035784,44.852200847181344,44.180088821232545,44.40412521362305,12879400
2017-05-02,44.396656209086814,44.598289806156544,44.008325153483305,44.5908203125,11471900
2017-05-03,44.43400364941894,45.05384069799219,44.28464508420318,44.986629486083984,12845300
2017-05-04,45.33015412700358,45.50938213389129,44.87461176559911,44.96422576904297,14509800
2017-05-05,45.17332698040927,45.24053819231748,44.88207649628856,44.986629486083984,11484300
2017-05-08,44.9194184088789,45.35255511564805,44.89701277232385,45.18079376220703,8458300
2017-05-09,45.29281358288519,45.58406122028629,44.85967402557647,44.97916030883789,13179900
2017-05-10,44.88207988056557,45.285347182422704,44.807402016715535,45.08371353149414,11607300
2017-05-11,44.99409455647735,45.49444245633116,44.74765250518631,45.33015060424805,16314000
2017-05-12,45.076244177669714,45.62886717404041,44.96422453984385,45.60646438598633,15393200
2017-05-15,45.71848029199562,46.076939115490006,45.62139680372292,45.867835998535156,14838500
2017-05-16,45.92011826558922,46.73411947798265,45.83797090994197,46.666908264160156,21199500
2017-05-17,46.666905787514175,46.666905787514175,44.56095548243287,44.79246139526367,33251400
2017-05-18,44.60575973845854,45.255466144381515,44.1352813106218,44.86713790893555,25142200
2017-05-19,45.11358025423025,46.12921503052343,44.98662733158238,45.62886428833008,20266600
2017-05-22,45.86037055079018,45.96492068761016,45.34508651270133,45.598995208740234,11744800
2017-05-23,45.62139505189535,46.26363482095284,45.35255023240362,46.08440399169922,12414300
2017-05-24,46.18148935533481,46.62956217353452,46.0470669401194,46.50260925292969,16102700
2017-05-25,46.48767395588904,46.816260505278386,46.13668177103898,46.26363754272461,13368600
2017-05-26,46.20389384970802,46.54741939505681,46.03960199630914,46.35325241088867,10850300
2017-05-30,46.14414700098886,46.353247254112915,45.93504389908752,46.032127380371094,12603800
2017-05-31,45.994803337578205,46.00226998527241,44.71032342703041,45.21067428588867,23150500
2017-06-01,45.47204164313837,45.621400209605824,44.93435194336661,45.61393356323242,13922400
2017-06-02,45.05383446083229,46.002255093783006,45.03142882744623,45.636329650878906,13643600
2017-06-05,45.584050069867196,46.12920628194412,45.52430551846188,45.740875244140625,10024900
2017-06-06,45.31521773161704,45.68114323875402,45.13598687695357,45.5616569519043,10764300
2017-06-07,45.71101397828054,46.47274009950369,45.62886662470093,46.21136474609375,16056100
2017-06-08,46.21135700372539,47.6601282961968,46.09187074093163,47.204586029052734,25925700
2017-06-09,47.67508326547719,48.34719269086516,47.4286411486901,48.13062286376953,31488800
2017-06-12,48.175423108096815,48.840065733153885,47.84683369434082,48.033531188964844,27444400
2017-06-13,48.45172736472976,48.7355111772873,48.04099633229601,48.30984115600586,18749000
2017-06-14,47.9812489095813,48.4815967525872,47.42115650985857,48.33224105834961,20791600
2017-06-15,48.026049721021025,48.49653093661852,47.74973829551938,47.869224548339844,15111500
2017-06-16,47.914054114124525,47.96632919165481,47.57799516066747,47.71241760253906,19549900
2017-06-19,48.09326676749294,48.45919219326021,47.98871664584515,48.153011322021484,13264800
2017-06-20,48.02606261550096,48.1082099705164,47.72734832763672,47.72734832763672,12162800
2017-06-21,47.71240429330534,47.98871859606327,47.503304041512116,47.667598724365234,13532800
2017-06-22,47.510772705078125,47.72734246007978,47.30167244440198,47.510772705078125,11344700
2017-06-23,47.83189846030013,47.92897910244439,47.167253013441915,47.35395050048828,16395300
2017-06-26,47.45849912676733,47.884172004558714,47.2045904385154,47.6302604675293,14978000
2017-06-27,47.97379146553478,48.43680335005666,47.802032943775146,47.96632766723633,16416300
2017-06-28,48.54135118940949,48.81019605180145,48.182889473701664,48.67577362060547,24015200
2017-06-29,50.520344575014306,50.59502243540786,49.48230693214396,50.019996643066406,40827200
2017-06-30,50.45312992130476,50.47553270940482,49.82582906428119,49.9453125,15832300
2017-07-03,50.21415078803212,51.46129423893799,50.21415078803212,50.97587966918945,16488300
2017-07-05,51.02815999874999,51.32687712615122,50.74437616381894,51.11777114868164,17783100
2017-07-06,51.11776913447143,51.3492778903017,50.46059603812779,50.505401611328125,17960700
2017-07-07,50.80412302532025,51.00575951689171,50.36351965809212,50.71451187133789,14735300
2017-07-10,50.55021224676346,50.81158758307224,50.363514764035045,50.52033996582031,12613800
2017-07-11,50.40833402886953,50.460609110330545,49.736221768973294,49.900516510009766,17134600
2017-07-12,49.85570576268444,50.184289513176246,49.69141103866054,49.975189208984375,16881700
2017-07-13,50.14694442961071,50.25149456294427,49.803421749006866,50.04985809326172,20152000
2017-07-14,49.527111419685625,49.98265376489037,48.92967715456469,49.825828552246094,20742300
2017-07-17,49.8556915526212,50.10959736461184,49.601780043076225,49.90796661376953,17498000
2017-07-18,49.61672846277338,50.10960689050372,49.45243375434479,49.952781677246094,15965900
2017-07-19,50.146945272323336,50.3037704749591,49.66153067508592,49.81088638305664,12687300
2017-07-20,49.75113945058129,50.064789804990184,49.534569720854925,49.55697250366211,14027600
2017-07-21,49.3628057413245,49.616717241715044,49.20598056353364,49.28812789916992,14075500
2017-07-24,49.228397238796624,49.609261748086254,49.220933440762764,49.36281967163086,14848400
2017-07-25,50.72943363684535,51.09535906008429,50.63981680567174,50.80411148071289,30833600
2017-07-26,51.13272168453694,51.40903038929077,50.624904162555644,50.76679611206055,19228500
2017-07-27,50.78171884168182,51.31940854102614,50.30377370838807,50.483001708984375,22650200
2017-07-28,50.34857527473675,50.609950608449616,50.034924874281316,50.35604476928711,13604500
2017-07-31,50.684637296382945,51.26713256115991,50.423256248934806,51.11777114868164,23059300
2017-08-01,51.595724661090685,51.99152819533487,51.34181876493473,51.97658920288086,22974700
2017-08-02,51.95417126236193,52.01391581964453,51.39407885733537,51.8421516418457,19095600
2017-08-03,51.71461513992841,51.91717966079645,51.02438808311998,51.11441421508789,20937900
2017-08-04,51.609575792772354,52.074731750260206,51.54955456136624,51.75212478637695,18148400
2017-08-07,51.86466544630549,51.96220139338124,51.53456007049528,51.79714584350586,12961100
2017-08-08,51.767125349694446,52.4123392539971,51.632080445911576,51.677093505859375,16645900
2017-08-09,51.10691005533844,51.376999868481136,50.956856979181616,51.33948516845703,19195700
2017-08-10,51.0168906756134,51.11442090599215,50.37918068695643,50.431697845458984,19147200
2017-08-11,50.31916460478893,50.619265137284096,49.95904282100641,50.116600036621094,15172800
2017-08-14,50.724291879998894,51.11441850714585,50.574244498159466,50.93436050415039,15120200
2017-08-15,51.45203289952136,51.73712521014501,50.926855623394914,50.994380950927734,15472000
2017-08-16,51.12942368096741,51.294479225674756,50.55923336032579,50.799312591552734,15064500
2017-08-17,50.49921695669709,50.7543043840161,49.89902168313286,49.9665412902832,14487900
2017-08-18,49.80898145567624,50.53672318271591,49.65143000816352,49.95153045654297,13628900
2017-08-21,49.951530458340834,50.10157782056598,49.41135079602638,49.4788703918457,15791100
2017-08-22,49.73396128769709,50.21411974944588,49.70395066834525,50.15409851074219,13247000
2017-08-23,49.673941041373865,50.69427922395933,49.673941041373865,50.4391975402832,10031600
2017-08-24,50.60424567351425,50.94936492945527,50.22912152256473,50.78430938720703,11524800
2017-08-25,50.86683367320632,51.19693901114544,50.79930835421293,50.90434265136719,11883100
2017-08-28,51.07690649247217,51.151930178939566,50.58924394452352,50.87433624267578,10797600
2017-08-29,50.04155254318975,50.844317886511924,49.899009277774084,50.62675094604492,12448000
2017-08-30,50.791810296781705,51.30948348272019,50.784311934623595,51.024391174316406,9152000
2017-08-31,51.129422419932084,51.23445672325707,50.82932195731487,51.039390563964844,12439300
2017-09-01,51.09942392801484,51.7896511490786,51.00189368719331,51.45204162597656,10720600
2017-09-05,50.8443306677627,50.97187724374608,50.08658391814051,50.38668441772461,17649500
2017-09-06,50.61176345875776,50.716797791538944,50.1541114128075,50.50672912597656,11849400
2017-09-07,50.559236881516355,50.596751589359044,49.28381695003563,49.561405181884766,20307800
2017-09-08,49.49387735457142,50.20661089365706,49.41885367528974,49.643924713134766,13438000
2017-09-11,50.086578983705984,50.85933383034456,49.79398259952129,50.799312591552734,17287000
2017-09-12,51.18194347677167,51.95469836331245,51.09191161393501,51.60958480834961,15495400
2017-09-13,51.534555218511684,52.16476101440313,51.36199559881378,52.05972671508789,17467300
2017-09-14,52.029728562084955,52.32982908513927,51.924694237607156,51.947200775146484,15022100
2017-09-15,51.85716708417701,52.052227530447404,51.699615620370665,51.79714584350586,18360900
2017-09-18,52.0522179495118,53.215104946722384,51.96969018976449,52.96752166748047,18027800
2017-09-19,52.742470297322505,53.79281358745574,52.742470297322505,53.38018035888672,15466000
2017-09-20,53.552718328901406,54.16792166844208,53.13258113817312,53.61273956298828,19788100
2017-09-21,53.60524108501886,54.11541018024275,53.38017001955983,53.83782196044922,11509200
2017-09-22,53.71777349551119,53.74778411235062,53.27512977599429,53.567726135253906,10446600
2017-09-25,53.425192257983,53.65026908601567,52.75747158514531,53.14759826660156,10762800
2017-09-26,53.15508134763438,53.44767767408119,52.899999719014794,53.22260665893555,11553800
2017-09-27,54.16042763432011,54.745620403571706,53.95035902217239,54.22794723510742,18092200
2017-09-28,54.475532134814124,54.66309421881391,54.03288264012553,54.50554275512695,13845900
2017-09-29,54.43053482269432,54.693120671518436,54.28798576592885,54.57307815551758,12777300
2017-10-02,54.820648081400336,55.43585151488274,54.70061131883686,55.36833190917969,13386300
2017-10-03,55.50337309315288,55.803467841249095,55.405837148475236,55.61590576171875,11925100
2017-10-04,55.653413041849305,56.073550212281084,55.46585098734374,55.56338119506836,12904100
2017-10-05,55.57090015192768,56.966362668820246,55.40584458395999,56.80881118774414,19701200
2017-10-06,56.876327776946134,57.03387924965386,56.34365211476072,56.74878692626953,16119900
2017-10-09,56.89131783089295,56.92882680353014,56.33613008604758,56.56120681762695,12830800
2017-10-10,56.56872681772092,56.67376112895966,55.99103238196722,56.40367126464844,13866600
2017-10-11,56.24611264145806,56.51620247140509,56.01353751386922,56.22360610961914,18597900
2017-10-12,56.88383751026212,57.123916786402724,54.22045321100168,54.29548263549805,40166300
2017-10-13,54.09291018918456,54.27296820811976,53.20011845750581,54.10041427612305,30907300
2017-10-16,53.55272525617622,54.45302671211745,53.54522689390036,53.84532165527344,21169200
2017-10-17,54.197928439799185,54.55805009482761,54.017870474254735,54.16041946411133,15743800
2017-10-18,54.513044578212074,55.01570956871885,54.43051680676287,54.858158111572266,15126700
2017-10-19,54.28046228127714,54.72311174592752,53.80030383673648,54.67809295654297,12322700
2017-10-20,55.33831585200113,55.4283419840958,54.903170467076066,55.16575622558594,15634600
2017-10-23,55.128247245193236,55.52587792578535,55.090732540860294,55.16575622558594,10821500
2017-10-24,55.48836051111894,56.0810573221996,55.3158066170724,55.698429107666016,15260200
2017-10-25,55.8784980169114,55.991030687017286,54.96319414044692,55.23328399658203,17188100
2017-10-26,55.263301979289636,55.705945804520624,55.218283181308955,55.36083221435547,13213100
2017-10-27,55.09072256589669,55.50336134308393,54.77561971273873,55.420833587646484,11309900
2017-10-30,54.92566082859111,55.45083791492563,54.90315430219394,55.353302001953125,10556900
2017-10-31,55.420843440627515,55.585893256906544,54.96319152417966,55.14324951171875,11733500
2017-11-01,55.510871490978595,55.90850218400948,55.37582656467184,55.5408821105957,11361900
2017-11-02,55.48087703491651,56.15610186316732,55.015726605187574,56.07357406616211,12997500
2017-11-03,55.922858527144996,56.05094776718061,55.63653463935692,55.794769287109375,10692600
2017-11-06,55.44818010714243,55.77971069326524,55.13172222869083,55.606414794921875,12636600
2017-11-07,55.59133928082442,55.757104565517466,54.491267367060885,54.78512191772461,17255700
2017-11-08,54.5440160495188,54.67964168313126,53.88849119563296,54.50634002685547,18710600
2017-11-09,54.03919151506263,54.82280567699044,53.835750182922915,54.57415771484375,15496600
2017-11-10,54.64948658027386,54.89813446309772,54.33302877407205,54.438514709472656,12853100
2017-11-13,54.00151458659625,54.363184866257235,53.85835834445372,54.24262619018555,13500600
2017-11-14,53.986434151722136,54.10698704915057,53.526814373886396,53.89601516723633,13188900
2017-11-15,53.2103691057741,54.30290478713171,52.75827982522917,54.04672622680664,17541800
2017-11-16,54.33304120640891,54.491270145715326,53.88095770145434,54.00151062011719,12415600
2017-11-17,53.61724154105838,54.122068013903764,53.45147625181278,53.745330810546875,11813000
2017-11-20,54.07684130196747,54.47618746042378,53.70764055016657,54.287818908691406,10000000
2017-11-21,54.62689895563304,54.69470889847894,54.348111332862786,54.53647994995117,9632100
2017-11-22,54.589224052966635,55.11665964076951,54.446067810058594,54.446067810058594,9146200
2017-11-24,54.55908860059181,54.64196550281489,54.242624957373174,54.265228271484375,4676100
2017-11-27,54.24261844676792,54.521406033969754,53.73025564371388,53.79053497314453,12615200
2017-11-28,53.828218708139666,55.75711153802596,53.594637710247376,55.53106689453125,18048300
2017-11-29,56.608528013404054,57.09075115598279,55.79478005314825,56.54071807861328,21876400
2017-11-30,57.06061164759114,57.93463885215257,56.623595171034054,56.88731002807617,23179600
2017-12-01,57.04554043539767,57.44488090773552,55.5913347587288,56.89484786987305,18269800
2017-12-04,58.03258566906173,58.71071366087275,57.73120056030347,58.092864990234375,23151400
2017-12-05,58.00246335395819,58.22850223072078,57.407217872608896,57.67093276977539,16045900
2017-12-06,57.44487803124931,57.64078295546392,56.578381451489335,56.84210205078125,16612500
2017-12-07,56.26192154260687,56.751680960691104,55.95300008564912,56.49550247192383,19173400
2017-12-08,56.55577283625437,57.053068578320115,56.48796291609199,57.0455322265625,12460900
2017-12-11,57.218854817128644,57.362011061729696,56.909927515805094,57.151039123535156,10461700
2017-12-12,57.29418112605529,57.86682315032026,56.90237130735478,57.3770637512207,18381900
2017-12-13,57.22636298043709,57.50515050289204,56.548240801768785,56.616050720214844,20231600
2017-12-14,56.68385902583547,56.83455154629131,55.591318132601536,55.69680404663086,24778500
2017-12-15,56.09617628392704,56.62361190241289,55.96055063900833,56.33728790283203,37121100
2017-12-18,56.72155300050219,57.271591852418865,56.71401664676262,57.01540756225586,16449300
2017-12-19,57.339403632888256,57.37707965424314,56.246867996241846,56.28453826904297,17655100
2017-12-20,56.77429559407285,57.09075346634289,56.2167261407561,56.25440216064453,17644000
2017-12-21,56.49550989667989,57.324330540834936,56.46537023253112,57.12842559814453,14085700
2017-12-22,57.18117838974363,57.25652468877391,56.54826257962429,56.87978744506836,12006600
2017-12-26,56.84963306744488,57.053074345601274,56.07355546596914,56.34480667114258,10882100
2017-12-27,56.26191572960877,56.57084290320046,56.14889345272031,56.42768096923828,10845100
2017-12-28,56.44276873637311,56.63866793680915,56.390020011001866,56.570858001708984,8759800
2017-12-29,56.63866495641711,56.72908394701272,56.04341953590703,56.0660285949707,10074900
2018-01-02,56.57837615955769,56.64619182829202,55.772158977818016,56.028343200683594,15819800
2018-01-03,56.02081267627912,56.314667191406826,55.73449451369519,56.20164489746094,14657900
2018-01-04,56.518110707508605,57.3469313149998,56.254395843564076,56.89484786987305,16864900
2018-01-05,57.04553498146126,57.09074159708601,56.48042929194249,56.819496154785156,15300500
2018-01-08,56.638656149893606,56.69139911573532,56.00574055979303,56.15643310546875,14215700
2018-01-09,56.32974083442962,57.18116473236721,56.216718538601825,56.74414825439453,14209500
2018-01-10,57.037998327268525,57.47501477116784,56.78935619409685,57.000328063964844,14008000
2018-01-11,57.2489739181228,57.279107828277574,56.61605258238244,56.93251037597656,15459900
2018-01-12,57.18870683041275,57.98738783700934,57.09828783495615,57.896968841552734,16946700
2018-01-16,58.5901738097082,59.10253665662665,57.85930268631164,58.10041427612305,26181400
2018-01-17,57.93465697075384,58.51483558624548,57.33941139381318,58.371673583984375,20958400
2018-01-18,58.51482742519076,58.54496134388602,58.07781087291086,58.31138610839844,15420800
2018-01-19,58.447008586636514,59.05732100701212,58.34152263122723,58.997047424316406,17814000
2018-01-22,58.95181559402605,59.4491112898644,58.80865941525112,59.21553039550781,11561100
2018-01-23,59.11759386852644,59.441588052841375,58.74085671227897,59.18540954589844,10080000
2018-01-24,59.494343582653826,60.059449436305805,59.268304690325444,59.86354446411133,18108600
2018-01-25,60.164908957124275,60.571785682738685,59.6826859671853,59.855987548828125,16178800
2018-01-26,59.98411142155582,60.3382453918457,59.49435179771992,60.3382453918457,12807800
2018-01-29,60.36836137847103,60.80537209193773,60.1498531474614,60.247802734375,14611100
2018-01-30,59.67517764685815,59.976568594277474,59.23063045454415,59.23816680908203,15816900
2018-01-31,59.358721706936066,59.818341623564386,58.914174499883245,59.13268280029297,16266300
2018-02-01,58.97442815835559,59.69776851106678,58.87647857344066,59.6751594543457,12437200
2018-02-02,59.50117386675749,59.811348625231204,58.16211054930863,58.26802444458008,18561200
2018-02-05,57.13322522129323,58.41933153390872,54.62154224022107,55.4310302734375,31087800
2018-02-06,54.10710547218777,56.883579187718425,53.82719263984007,56.603660583496094,32116700
2018-02-07,56.5658315107129,57.55689124147158,56.225394802174364,56.732269287109375,18908400
2018-02-08,56.79279216350961,56.928967998900234,54.3189378877669,54.37189483642578,24941100
2018-02-09,55.24190142816772,56.19513228284941,53.713711061534774,55.741214752197266,26616500
2018-02-12,56.3388747780575,57.11810092680404,55.96060920900582,56.55826950073242,16677700
2018-02-13,56.24051419658188,57.027307163161055,56.096777225252815,56.87600326538086,11749100
2018-02-14,56.76252071524765,58.146973847783826,56.53556487553792,58.03349304199219,16261300
2018-02-15,58.38905983972494,58.60088758544625,57.79896661325182,58.31340789794922,11066400
2018-02-16,58.10160165112452,58.53282422786869,57.95785886825136,58.116729736328125,11644900
2018-02-20,57.980536164283556,58.426892461708945,57.56444179989323,57.8443603515625,12040900
2018-02-21,57.79897027454897,59.32716037396587,57.79897027454897,58.25288772583008,15888800
2018-02-22,58.464720560574,58.616030238719325,57.45097169043355,57.70062255859375,16049500
2018-02-23,57.85949047542167,58.336102903294616,57.64765695782719,58.31340789794922,12481200
2018-02-26,58.42688350122439,58.812710101534805,58.04105112904131,58.744625091552734,17288300
2018-02-27,58.6462889961521,58.9186406569846,57.76114898438363,57.783843994140625,19977200
2018-02-28,57.95029631521061,58.35125697994653,57.08028416749311,57.11054611206055,19329900
2018-03-01,57.1180923479849,57.45096784575418,55.3780686829392,55.726078033447266,23803200
2018-03-02,55.3553822537994,55.884957516122356,54.37945638836628,55.741214752197266,21061200
2018-03-05,55.27971737182614,56.69443235399844,54.999798836951655,56.30103302001953,16814600
2018-03-06,56.68688217933136,56.732272203636704,55.79417514611847,56.0286979675293,14891200
2018-03-07,55.36294766979492,56.04382683312071,55.12085794193179,55.92277908325195,14654900
2018-03-08,56.0892080681005,56.15729885970518,55.32511013938961,56.06651306152344,10878600
2018-03-09,56.70200712850338,57.77628574329218,56.437222381570244,57.579586029052734,15939200
2018-03-12,57.45855197963291,57.89734153456401,57.43585696332199,57.51150894165039,13398200
2018-03-13,57.602275285392956,57.80654190681667,56.48261253253902,56.67174530029297,12636600
2018-03-14,56.95164794366973,56.95921486915484,55.46884800160198,55.58232879638672,18485700
2018-03-15,55.81685758108056,55.88494837407062,55.234331236881054,55.48398208618164,13334000
2018-03-16,55.35536720681724,56.089203138302494,55.340239127720004,55.58232879638672,33033700
2018-03-19,55.58233759568162,55.60503260385684,54.409712150388145,54.99980545043945,15131400
2018-03-20,55.26457813292119,55.627709690482604,55.007354655432486,55.16622543334961,13113500
2018-03-21,55.362954347641995,56.18757059855867,54.99225566973565,55.468868255615234,16374700
2018-03-22,54.719888192744506,54.83336899624299,52.858822639739046,53.19169235229492,27652300
2018-03-23,53.1992614909479,53.31274229916611,51.25497698597124,51.36845779418945,31458900
2018-03-26,52.28386272034376,52.96474183786043,51.663507473689464,52.79073715209961,19156100
2018-03-27,53.13874907608504,53.42623462177974,51.14907412775681,51.655948638916016,21610800
2018-03-28,51.80724967734427,52.23090522516241,51.088541705153986,51.640811920166016,21712000
2018-03-29,51.837492998028004,52.707504658361344,51.065834045410156,51.065834045410156,22621300
2018-04-02,51.69377520992483,52.2309116373865,50.34715067743296,51.22472381591797,29975600
2018-04-03,51.48194238079438,51.9434268020439,51.00532410567243,51.8072509765625,18822600
2018-04-04,50.80862456342354,52.62429433995424,50.725405691947316,52.43516159057617,15651300
2018-04-05,53.01013444445094,53.5699658475889,52.88152554149176,53.12361526489258,16120700
2018-04-06,52.59403651420153,53.17656866002177,51.39115490473001,51.89802932739258,21543500
2018-04-09,52.24603803592237,53.66832025555038,52.193081087651606,52.53352355957031,17036500
2018-04-10,53.751533595055044,53.895270570172336,53.17656837896425,53.3430061340332,16022300
2018-04-11,52.93447100424311,53.41108342045011,52.61672939343844,52.87394714355469,15645500
2018-04-12,53.31273840335396,54.84849534964428,53.31273840335396,54.56857681274414,24488100
2018-04-13,55.385633584446296,55.51424246865579,52.82856089307473,53.72126770019531,31356000
2018-04-16,53.78179485782235,53.9709276389038,52.77561284909358,53.010135650634766,18877000
2018-04-17,53.44891347333103,53.660741218611335,52.556206709740344,52.760467529296875,18233400
2018-04-18,52.81342118443617,53.22951549529515,52.08715220065096,52.18550491333008,15382900
2018-04-19,52.27629189123881,53.41865533802733,52.27629189123881,53.16899871826172,15531600
2018-04-20,53.25978212535681,53.592651831551585,52.7680358341762,52.95716857910156,17629900
2018-04-23,52.9571792017093,53.16144006757684,52.5032616772124,52.563785552978516,11596400
2018-04-24,52.77560701661432,53.42622417338173,51.746724339487905,52.29142761230469,16233700
2018-04-25,52.02662429399926,52.78315514805805,51.48192692744971,52.47298049926758,16059700
2018-04-26,52.28385413033834,52.646985752103646,52.12498332433189,52.33681106567383,13829700
2018-04-27,52.200644014253776,52.533519533228414,52.00394431923476,52.193077087402344,10420100
2018-04-30,52.35194676305582,52.64699341312678,51.63324456865198,51.648372650146484,12237900
2018-05-01,51.625680448392735,51.66350931199626,51.005325179664766,51.63324737548828,11602700
2018-05-02,51.40628438996895,52.215772411744894,51.25498048326981,51.436546325683594,15287300
2018-05-03,51.29280971247374,51.61811830888855,50.34714585916024,51.39872360229492,16325500
2018-05-04,50.96545406650768,51.8927847825298,50.90464378372952,51.64195251464844,12512000
2018-05-07,51.892794990845374,52.19684066536011,51.79398261128337,52.067623138427734,11801800
2018-05-08,52.9417315731399,54.30992787458908,52.744101092117695,53.96788024902344,23603200
2018-05-09,54.14273098601077,54.728014141154944,53.785477743607984,54.690006256103516,15900700
2018-05-10,54.69759805807865,55.434906806840345,54.41635484281441,55.1612663269043,11488900
2018-05-11,55.130868133039954,55.670546425600655,55.077660577412516,55.38170623779297,11531400
2018-05-14,55.43490091851842,55.71614410390888,55.108052924378754,55.19926834106445,12615500
2018-05-15,55.11567839084973,55.50333102347632,55.001660522763814,55.244895935058594,12483300
2018-05-16,55.0624649722025,55.30570035864007,54.58359113698639,54.690006256103516,11796000
2018-05-17,54.52277799667659,54.758410608912975,54.021101829632265,54.3935546875,14876000
2018-05-18,54.1655303873867,54.211135207562904,53.12417586624975,53.17738342285156,16160700
2018-05-21,53.701862859919906,53.86908826866794,53.43582507290659,53.534637451171875,9798500
2018-05-22,53.80826885344245,54.49237004636076,53.595438659909604,54.02870178222656,14147100
2018-05-23,53.7018537374249,53.739855815291946,52.62249729964506,53.39020538330078,13626700
2018-05-24,53.0861618290309,53.12416970756397,52.060012899706635,52.68330383300781,16553700
2018-05-25,52.39447134015156,52.39447134015156,51.84719028464616,52.02201843261719,16008700
2018-05-29,51.018658842856624,51.30749897158175,49.55924113139362,49.9468994140625,37721400
2018-05-30,50.593000113050856,50.83623546747174,50.2813575335686,50.6842155456543,19040500
2018-05-31,50.585403132287595,50.8894429756574,49.977311847171414,50.69181823730469,22633000
2018-06-01,51.29989668347257,51.71035737472123,50.98825414702798,51.14027404785156,14914400
2018-06-04,51.26190214383094,51.51273443714575,50.92745135382673,51.18588638305664,10468900
2018-06-05,50.98826865419565,50.99586559196706,50.51699754885664,50.745033264160156,14072700
2018-06-06,51.08706819832062,52.006801966962215,51.003455510336146,51.86238479614258,14862400
2018-06-07,52.39445408599893,52.44766162669622,51.66474818535603,52.029598236083984,16505300
2018-06-08,51.7863628512865,52.0828056917139,51.51272241409398,52.044803619384766,11609500
2018-06-11,52.38686361372726,52.57689141772295,51.740770239979575,51.771175384521484,13941500
2018-06-12,51.88518666903095,52.120819260463925,51.261895782669825,51.39111328125,13737100
2018-06-13,51.550738540356456,51.999207139474,51.09467300506879,51.14788055419922,17531500
2018-06-14,51.35312611973444,51.391134010736266,50.129346259107194,50.28897476196289,24035400
2018-06-15,50.410577761977706,50.6386134561734,49.5896562218995,50.425777435302734,29314800
2018-06-18,49.977304222878445,50.78302012343127,49.696061031559346,50.7374153137207,13680800
2018-06-19,50.190143778714614,50.85904537512322,50.129333488279556,50.76022720336914,16892800
2018-06-20,51.4747150027672,51.649537275559894,51.0262465219778,51.21627426147461,16697100
2018-06-21,51.049063693435876,51.75596144137586,50.69940748802887,51.40631103515625,16545800
2018-06-22,51.71796416517914,51.847181670931015,51.0490684302389,51.0794677734375,16059900
2018-06-25,50.76783038031605,50.836237608258145,49.66566560356683,49.97731399536133,21426600
2018-06-26,49.79488014081881,50.6918114771996,48.93595088019726,50.4029655456543,22613700
2018-06-27,50.334560169490025,51.3531063043905,49.741674413450916,49.756874084472656,20917500
2018-06-28,50.152124551232525,51.026247530851634,49.8328735351841,50.836219787597656,19860100
2018-06-29,51.687563516535334,52.272846610594364,50.83623685326103,50.866641998291016,24193900
2018-07-02,50.326963127864296,51.049072265625,50.121735650321,51.049072265625,12699100
2018-07-03,51.269486450239505,51.299891587221204,50.12172297491175,50.21293258666992,12346000
2018-07-05,50.501788874123186,50.79823177167473,50.33456348592732,50.59299850463867,12359000
2018-07-06,50.33456595124354,51.18588680675449,50.09133059264207,51.03386688232422,13174900
2018-07-09,51.3074958798615,52.485670327147965,51.29989314558839,52.40205764770508,15148500
2018-07-10,52.62249592386499,52.71370554771156,51.64954880906265,51.86238479614258,17057700
2018-07-11,51.66476451944878,52.037217422082755,51.56594634177836,51.61915969848633,13262800
2018-07-12,51.96120417098995,52.143629242502335,51.64195884604616,52.07522201538086,13345200
2018-07-13,51.67994509230858,51.91558344496254,50.3345511784784,50.92743682861328,34054000
2018-07-16,51.201089017964854,52.987349112610175,51.140278732390094,52.79732131958008,26659900
2018-07-17,52.82772480228756,53.1089680148419,52.29564931819865,52.713706970214844,17262800
2018-07-18,52.61488973804375,53.40540595493121,52.61488973804375,53.09375762939453,16321200
2018-07-19,52.82772176363651,52.87332657416727,52.11321546965452,52.4400634765625,14833900
2018-07-20,52.288046839630546,52.87332987500156,52.09041631634683,52.61489486694336,12017500
2018-07-23,52.56929919825158,53.54983765157159,52.455281345785174,53.36741256713867,15764000
2018-07-24,53.511833570368935,54.325152382141,53.428220868292385,54.0211067199707,21883800
2018-07-25,53.83107740935391,54.53798108959071,53.77786985489258,54.51517868041992,14232700
2018-07-26,54.537985849900046,54.659606441677795,54.1579301993781,54.22633743286133,11169200
2018-07-27,54.24152493801866,54.59117532476865,54.0895050478446,54.49236297607422,11194100
2018-07-30,54.621592496605636,55.328496160112046,54.575987679343406,54.94844055175781,16339100
2018-07-31,54.8800188757999,55.009242169653696,54.44675578253996,54.644386291503906,13608100
2018-08-01,55.10807557565972,55.54894157207052,54.652009903147366,54.67481231689453,13612200
2018-08-02,54.226317323669115,54.67478584055402,53.98308202950358,54.60637283325195,13248600
2018-08-03,54.79759635710354,55.4707082317405,54.74405343339083,55.371273040771484,13680000
2018-08-06,55.19536562153709,55.57016620180276,55.019435483845086,55.37894058227539,10121400
2018-08-07,55.50896276111122,55.76903259214372,55.37128010603325,55.38658142089844,12991100
2018-08-08,55.18006157312914,55.99850695077218,55.118867977330545,55.75373840332031,10178900
2018-08-09,55.409540310288826,55.57016913889251,54.988841590796,55.05768585205078,11044200
2018-08-10,54.02506802473278,54.23159499279046,53.46669240004517,53.74205780029297,20240100
2018-08-13,53.69615108756781,53.81853828398783,52.82416273817472,52.900657653808594,16926100
2018-08-14,53.00775448981124,53.69616218687212,52.96950702408834,53.55083465576172,12668200
2018-08-15,52.95419240272811,53.107170538848834,52.07455353067939,52.51054763793945,18952300
2018-08-16,52.90065911995385,53.459034670803106,52.84711034322894,53.20661544799805,13439600
2018-08-17,53.09952679795819,53.4437364026786,52.96949478174368,53.29075241088867,10329600
2018-08-20,53.130121085532295,54.07859844683713,53.068927491708166,53.94856643676758,11233300
2018-08-21,54.02505109606246,54.80525476420345,53.98680947985435,54.491641998291016,12261100
2018-08-22,54.43046099498316,54.629331429707136,54.28512766244117,54.399864196777344,7297600
2018-08-23,54.33103357331927,54.468716281918205,54.032722010645564,54.16275405883789,8310000
2018-08-24,54.002109682440285,54.50694808077407,53.93327126579968,54.0556526184082,8760000
2018-08-27,54.36160231094553,55.57014925845053,54.26216711997651,55.371273040771484,13545300
2018-08-28,55.50898082073168,55.64666352060416,55.24126608090843,55.3636474609375,9688600
2018-08-29,55.302453986045904,55.71549620732708,55.0882763805295,55.47837829589844,7146800
2018-08-30,55.14180995357735,55.348336864869054,54.56048834460838,54.6599235534668,13197700
2018-08-31,54.34631451951325,54.529889450240965,53.994454301650876,54.491641998291016,11898200
2018-09-04,54.300427544535914,54.751723059969464,53.82619172326696,54.61404037475586,10108500
2018-09-05,54.461056493192274,54.90470135051139,54.41516420993272,54.4381103515625,13138100
2018-09-06,54.25453148761248,54.392214163249335,53.48197837233111,53.62731170654297,15207100
2018-09-07,53.80323254309879,53.88737227478427,53.13777118344011,53.26780319213867,15180600
2018-09-10,53.52788291409698,53.757350177211016,53.25251752976548,53.260162353515625,12353600
2018-09-11,52.97714191212304,53.32134565817776,52.70942723899801,53.107173919677734,12650000
2018-09-12,54.277480922240954,54.805265516842546,53.93327713012695,53.93327713012695,17434900
2018-09-13,54.23158238985489,54.84350082040056,53.566115187947396,53.65790557861328,13569000
2018-09-14,53.680857169954216,54.216286580535474,53.65791102889257,53.95622253417969,9653300
2018-09-17,54.147439663784944,54.6522721951817,53.84912820529096,54.216278076171875,11323000
2018-09-18,54.53754659408644,54.759363167403556,54.00211138181551,54.583438873291016,11457100
2018-09-19,54.72112692909566,56.70222165285663,54.72112692909566,56.388614654541016,21766100
2018-09-20,56.98524313020415,57.375345086311754,56.80166814204795,57.20706558227539,23550500
2018-09-21,57.35239985925623,57.55127033471195,56.579846594620555,56.717529296875,28874700
2018-09-24,56.6639808946164,57.008184699254286,55.92967516517722,56.48040008544922,14023100
2018-09-25,56.77105006002274,57.00816790734098,56.19737333077553,56.227970123291016,12324300
2018-09-26,56.23563996421655,56.59514514154297,55.356006589942716,55.41719436645508,15060000
2018-09-27,55.76139140394949,56.31212211778488,55.363638850293825,55.79963302612305,11420600
2018-09-28,55.118875943668144,55.40189198833409,54.675236899365395,54.874107360839844,14341900
2018-10-01,55.25656527847553,55.7308070178503,54.889415277970706,55.019447326660156,11263700
2018-10-02,54.69818335703988,55.210666668451836,54.33102756281223,54.920005798339844,12746900
2018-10-03,55.48602174860331,55.71548897109637,55.088269225760996,55.34833908081055,11977900
2018-10-04,55.66959968083509,56.587486127285665,55.088272181657324,55.547218322753906,18956800
2018-10-05,55.79962722340263,55.9296650653495,55.12651521857034,55.394229888916016,11481400
2018-10-08,54.83586152966332,55.82258644482582,54.70582367083324,55.524269104003906,11958200
2018-10-09,55.11887021534566,55.60840733012628,54.62168827758668,54.98883819580078,15654500
2018-10-10,55.12651223056929,55.455420475092616,53.443729391828725,53.50491714477539,23679600
2018-10-11,52.88535119769986,54.04035544977947,52.28872826248085,52.30402374267578,28890800
2018-10-12,53.88737880324735,54.48400765541032,52.326982838337905,53.4207878112793,29024200
2018-10-15,53.64260887562786,54.03271077482923,52.91595385319219,52.938899993896484,17661300
2018-10-16,53.45902130104796,53.573757813241116,52.90829071111395,53.32133865356445,15453500
2018-10-17,53.045987220200075,54.14744868789423,52.80121865357281,53.4207878112793,16774200
2018-10-18,53.19131873873651,53.84148467444503,52.326981044040984,52.48760986328125,18168500
2018-10-19,52.42641218590701,53.237206877774334,52.13575136928759,52.671180725097656,16721900
2018-10-22,52.69412666631211,52.93889520458535,50.91955330489556,50.93484878540039,17890900
2018-10-23,49.06849879748645,50.54476092376967,48.326542404665,50.27704620361328,32809200
2018-10-24,50.03227380765725,50.03227380765725,48.64014861546704,48.800777435302734,23420600
2018-10-25,49.542729051973616,50.108761065945075,49.20617594273235,49.69571304321289,19510300
2018-10-26,49.08379071273553,49.51978489265456,48.3265388919799,49.11438751220703,24066300
2018-10-29,49.76455761415693,50.19290700683514,48.70899420496302,49.22147750854492,20036800
2018-10-30,49.412692866341,49.86398830773429,48.80842220023171,49.35914993286133,19951900
2018-10-31,49.72630711538871,50.64418766953447,49.59626927102856,50.07051086425781,20450300
2018-11-01,50.5523974940293,50.82011800621995,49.87163481574244,50.3535270690918,17744100
2018-11-02,50.884950702816674,51.53959169953079,50.50757039015487,50.76942443847656,21214800
2018-11-05,51.06208158020505,51.96317568580769,51.03127419079444,51.83224868774414,14823900
2018-11-06,51.839950980051185,51.839950980051185,50.961960865355096,51.3547477722168,17049600
2018-11-07,51.82455396808352,52.610121962683756,51.370152243786656,52.571617126464844,15529300
2018-11-08,52.32515674642187,53.14153202477246,51.485671518384,52.201927185058594,18908100
2018-11-09,51.75523507914751,51.978584279116156,50.19949987276778,50.64619827270508,27125800
2018-11-12,50.49215907058752,50.81563375591512,49.34461160332217,49.45243453979492,16424200
2018-11-13,49.583361848255045,50.39974306974167,49.53715369689313,49.89142990112305,14121300
2018-11-14,50.361240141566725,50.66930824203791,48.39731408043959,48.90562438964844,19754600
2018-11-15,48.49742956603602,49.8452221672002,48.01222340698959,49.75279998779297,19202300
2018-11-16,49.66808172917208,50.037764575383626,49.306102200315436,50.02235794067383,15995200
2018-11-19,50.1224837638498,50.47675997765077,49.44473285404834,49.76820755004883,12227400
2018-11-20,49.15207047028426,49.29840411857921,47.86589265646796,48.15855407714844,21024000
2018-11-21,48.335695103748776,49.15977676052643,48.26637993403682,48.420413970947266,12380200
2018-11-23,48.004521554043734,48.08923747563435,47.534719105987136,47.557823181152344,7316500
2018-11-26,48.26637398927605,49.229082928950014,48.13544698369856,49.0827522277832,19065100
2018-11-27,48.790094212087965,49.16747745805982,48.327995036324985,48.874813079833984,12867900
2018-11-28,49.01343835086359,50.56147601167571,48.45121666791714,50.507564544677734,17719000
2018-11-29,50.13018781038465,50.49216738928412,49.799021505164625,49.98386001586914,12914200
2018-11-30,49.57565918293838,50.06086234883843,49.37541408828857,49.89912796020508,14207800
2018-12-03,50.86184230689785,51.18531111885935,49.91453407082842,50.18409729003906,14255500
2018-12-04,49.73740577273479,49.78361393056293,47.0726246750034,47.95061492919922,27104500
2018-12-06,45.717130783774174,46.27935255266502,44.94696349412287,46.256248474121094,37802600
2018-12-07,45.994378127222156,46.7645451933152,44.777512752577124,44.939247131347656,24282100
2018-12-10,44.63118957465947,44.90845023516095,42.99843594253984,43.95344161987305,30695800
2018-12-11,44.80061723500672,44.92384678714703,43.05234056435246,43.29879379272461,23712500
2018-12-12,43.99965373696271,44.015057433789764,43.013837705714835,43.11396026611328,24941600
2018-12-13,43.42202718952458,43.46823534084078,42.67496407172937,42.95222473144531,27670700
2018-12-14,42.151242675760436,43.406615801259036,42.07422714524447,42.37459182739258,22839300
2018-12-17,42.24367343444615,43.07545549331355,41.527417640850885,41.78157424926758,26212500
2018-12-18,42.143547036867716,42.87520347290555,41.24244995114225,41.53511428833008,27302000
2018-12-19,41.512015023356405,42.66726587256348,40.187326442786734,40.680233001708984,31483100
2018-12-20,40.21042267592712,41.01139714691007,39.83304245072168,40.25663375854492,39800000
2018-12-21,39.97167651742446,40.47998672217757,38.415938511857775,38.693199157714844,52323000
2018-12-24,38.0462643011755,38.700905305286916,37.337708885262515,37.938438415527344,21970800
2018-12-26,38.23881138264192,39.62511207145422,37.29150292503221,39.617408752441406,32005600
2018-12-27,38.98586562465306,39.871559143066406,38.27731316028631,39.871559143066406,28573400
2018-12-28,39.994782114290274,40.47228494591172,39.71752145787955,39.91776657104492,23176900
2018-12-31,40.03329868416472,40.56471310043956,39.578899828061196,40.094913482666016,19317500
2019-01-02,39.03207174468449,41.38878430233872,39.02436842786135,41.227046966552734,21646300
2019-01-03,41.134636779704664,41.29637121311661,40.218138719081786,40.47999572753906,21183000
2019-01-04,41.59672318396248,42.651854211213795,41.32716587799567,42.459312438964844,24205100
2019-01-07,42.6133450983175,43.291089999898624,42.205154556234426,42.8289909362793,20634100
2019-01-08,43.152473217790536,43.2756998692402,42.17436038655345,42.713478088378906,18840100
2019-01-09,42.90601780517103,43.69929208920531,42.82900225353507,43.42203140258789,19359100
2019-01-10,43.12166213176991,43.86872230602535,42.8983129422291,43.46823501586914,16910000
2019-01-11,43.48363614081651,44.222995892173756,43.152464034654614,43.66077423095703,23087500
2019-01-14,43.20637384224752,45.67090919019087,42.89830875997609,45.385948181152344,34783400
2019-01-15,46.12531111045426,47.61173397615379,45.863454156446195,47.27286148071289,42694200
2019-01-16,47.71186711182762,48.38191187234924,47.16504900770027,47.896705627441406,27628900
2019-01-17,47.46540231049961,48.327988696478826,47.234352752928075,48.112342834472656,22728900
2019-01-18,48.412714804299625,48.66686847430875,47.758070865514995,48.61295700073242,19947300
2019-01-22,48.26638267670215,48.37420856523493,47.3113768819094,47.63484573364258,24608700
2019-01-23,47.95830968833368,48.12004408777755,47.095723286678435,47.850486755371094,16819800
2019-01-24,47.55012756642036,48.4589222234466,47.55012756642036,48.29718780517578,14962200
2019-01-25,48.77469891460076,49.637282572380734,48.69768041804524,49.30611038208008,15827200
2019-01-28,48.66686447691311,49.33690912057922,48.59754931115767,49.175174713134766,12683500
2019-01-29,49.067357511082555,49.344618206517616,48.636065707476966,48.682273864746094,13472000
2019-01-30,48.874807721296825,49.86062075508454,48.51283115055235,49.46013641357422,15929600
2019-01-31,49.02113647727604,49.75279286276476,49.01343316111792,49.64496994018555,19442600
2019-02-01,49.83111388983619,50.1491051611486,49.3192301923472,49.38127517700195,16991700
2019-02-04,49.24943017734115,49.683753967285156,49.016756295784155,49.683753967285156,11515500
2019-02-05,49.78458235662862,49.7923339118516,49.13309076761714,49.48986053466797,13310900
2019-02-06,49.50536977336992,50.110322411379755,49.29596240822605,49.551902770996094,13774300
2019-02-07,49.33473997195211,49.35025195707431,48.01625082265175,48.71427536010742,17922400
2019-02-08,48.18688295217019,48.48935928594336,47.31822947835986,48.09381103515625,15770800
2019-02-11,48.404045441437226,48.41955742779854,47.636218388901305,47.7835807800293,14614100
2019-02-12,48.202390235828034,49.125331133276624,48.202390235828034,48.605690002441406,14347400
2019-02-13,49.09431195131006,49.443324243574715,48.838371576055216,48.892662048339844,10710500
2019-02-14,48.357513721499366,48.753062011865325,47.636222564817096,48.41180419921875,12855300
2019-02-15,48.970217465921486,50.08705676571221,48.86939103833288,49.846622467041016,17908900
2019-02-19,49.42781571409839,50.141352334696556,49.26494428585422,49.931941986083984,11013900
2019-02-20,50.0250097550969,50.18012369752799,49.745799924946866,50.13359069824219,10545000
2019-02-21,50.063785202670566,50.36626149623288,49.66823700446719,49.885398864746094,10696100
2019-02-22,50.125844851551285,50.52139318887225,49.51313753618327,49.745811462402344,14003800
2019-02-25,50.09480799201,50.746299551686576,49.986227051600146,50.048274993896484,12853000
2019-02-26,49.70702085595321,50.15685959460331,49.551906906110084,49.73029327392578,12912800
2019-02-27,49.8233604632597,50.0870612849333,49.389036659583205,49.94745635986328,13495700
2019-02-28,49.99399055381196,50.14911042826287,49.513130777450485,49.62171173095703,14209300
2019-03-01,50.24217553591797,50.947957638288734,49.72253727955462,50.001747131347656,14376000
2019-03-04,50.04827385865079,50.645474934576114,48.946949535350804,49.443321228027344,15786600
2019-03-05,49.373520510784275,49.373520510784275,48.01625282148212,48.80734634399414,18754900
2019-03-06,48.628964104089576,48.915928451110936,48.163613395791565,48.48160171508789,12711200
2019-03-07,48.109318794136726,48.17912124645947,47.47334221013331,48.00849533081055,15788900
2019-03-08,47.27945352884244,48.179128064650534,47.12433661743918,48.13259506225586,14304400
2019-03-11,48.4971182558895,48.830618592644385,48.22566586951185,48.32649230957031,14167600
2019-03-12,48.318727136012996,48.81509882548874,48.05502930615292,48.71427536010742,14772000
2019-03-13,48.97022774080603,49.81561486516966,48.86164677690152,49.36577606201172,13781100
2019-03-14,49.396795966112975,49.84663180050634,49.187388558192005,49.72254180908203,12193600
2019-03-15,49.76132107413085,50.622211254348436,49.65273420022854,50.5601692199707,37840300
2019-03-18,50.575667003130285,51.327981976595645,50.575667003130285,51.13408660888672,15601100
2019-03-19,51.5451509077364,51.83211822148263,50.68425488371557,50.90141677856445,12723600
2019-03-20,50.61444963989613,50.87814450594886,49.807844181095795,49.86989212036133,17494000
2019-03-21,49.38128767059127,49.87765950784769,48.79960136906711,49.56742858886719,18638300
2019-03-22,48.846126978411576,49.04002237112928,46.88390655086323,47.29496383666992,27527400
2019-03-25,47.29497027818511,47.82236605489662,46.57367908234758,46.79084396362305,20899300
2019-03-26,47.30271859371923,47.58192545797298,46.94594884305676,47.481101989746094,14740300
2019-03-27,47.60519962954155,47.82236153166768,47.09331588980924,47.101070404052734,16359600
2019-03-28,47.27170088010137,48.086060998843834,47.17087443991905,48.07054901123047,12081000
2019-03-29,48.34200161203204,48.71428041779011,48.05503429539043,48.25668716430664,13406300
2019-04-01,48.74530529867289,50.12583968267638,48.72203879603302,49.91643524169922,17736300
2019-04-02,49.82335818556014,50.30422088708911,49.57517232091694,49.96296310424805,9915800
2019-04-03,50.4050448536397,50.684254693746865,50.04827803955117,50.45933532714844,11560800
2019-04-04,50.26543198165158,51.34348972593314,50.26543198165158,51.048770904541016,11915700
2019-04-05,51.13408957334459,51.50637130450396,50.56016090847388,50.83937072753906,11062400
2019-04-08,50.51363470877225,51.26594991522022,50.42832024718214,51.24268341064453,10466400
2019-04-09,50.878146848816215,50.878146848816215,50.16461326605695,50.56791305541992,10221000
2019-04-10,50.78508301905177,50.947954436158064,50.24217237814642,50.81610107421875,12293300
2019-04-11,51.03327304218646,51.529644806380304,50.65323378739885,51.118587493896484,11358700
2019-04-12,52.026019885485695,52.97998202670891,51.68476205690189,52.28971481323242,19238700
2019-04-15,52.26644353849307,52.56891988904544,51.397790016496174,52.25868606567383,19493900
2019-04-16,52.35176466217555,53.840880103544926,52.26645020194117,53.75556564331055,18635700
2019-04-17,54.251938069609274,54.87240580246104,53.94946167707923,54.562171936035156,20509000
2019-04-18,54.29847563113469,54.593194542362035,53.99599924620649,54.03477478027344,13513800
2019-04-22,53.96495430097114,54.0657777510335,53.522873147287875,53.58491516113281,13195600
2019-04-23,53.39103247082404,53.74780520039145,53.03426565847441,53.67024230957031,13205000
2019-04-24,53.507371683927055,53.68575805135814,53.04978139082388,53.38328170776367,9699900
2019-04-25,53.17387934125521,53.65474212439379,52.85589392191005,53.30573272705078,8913600
2019-04-26,53.43757361247438,53.96496933902872,53.13509726078184,53.91067886352539,10692700
2019-04-29,54.050269962059765,55.795328121827865,53.9649555342049,55.08954620361328,16491400
2019-04-30,55.08179254987034,55.3222268255853,54.4613309337297,54.8336067199707,11122000
2019-05-01,54.81811289719802,55.19814626023604,54.08906423089692,54.25969314575195,13261700
2019-05-02,54.0890606650088,54.662995325723564,53.887413703672664,54.569923400878906,12186700
2019-05-03,54.94460246793668,55.40514421702151,54.64017908943439,55.16316223144531,11486700
2019-05-06,53.898616733097874,55.16314232428909,53.67224964392426,54.96019744873047,12004000
2019-05-07,54.13279732353515,54.249884596459225,52.78240784768822,53.20391845703125,17673400
2019-05-08,52.98534189010961,53.74249935022119,52.852645787182084,53.25074005126953,9470500
2019-05-09,52.165747637786694,52.96973768590699,51.85351693178614,52.79020309448242,16994200
2019-05-10,52.5091997860371,53.1570775048495,51.93157680983735,53.0009651184082,12318700
2019-05-13,51.61935764996067,51.77547602669515,49.9255134607148,50.253353118896484,23494400
2019-05-14,50.44068739351805,51.494460963938856,50.22992910625015,50.94025421142578,15096400
2019-05-15,50.31579556560132,50.9090334287586,49.97234112556713,50.635833740234375,14570900
2019-05-16,50.979280693628915,51.82230195458631,50.87000082150181,51.50226974487305,10573100
2019-05-17,50.71388639878516,51.46323661577993,50.651439058542394,50.79194259643555,11503500
2019-05-20,50.54216158097123,51.12759202399407,50.3626269581094,50.70608139038086,11605900
2019-05-21,51.127572871222334,51.58810845533313,50.89339839961414,51.58030700683594,11051500
2019-05-22,51.3929838899529,51.455431232651094,50.456297570705466,50.4719123840332,12564900
2019-05-23,49.81622621200249,49.90989424654582,49.23860319172329,49.8786735534668,15042200
2019-05-24,50.18309416518238,50.51093375705111,50.00355955707944,50.26115036010742,9715400
2019-05-28,50.02698095622901,50.30798805105452,49.769393104407804,49.79281234741211,14727400
2019-05-29,49.29323112120847,49.82402148376746,48.95758418671815,49.730350494384766,13836300
2019-05-30,50.557760449846285,50.93243847968633,49.371290940079085,49.65229797363281,13570900
2019-05-31,48.70000467633218,49.07467978741136,48.37216507075781,48.51266860961914,19968900
2019-06-03,48.473640244215325,49.00443075901355,48.34874853353653,48.871734619140625,19636800
2019-06-04,49.792805513187886,51.471040444911914,49.76938627339794,51.42420196533203,17743100
2019-06-05,51.08856242760179,51.53348933899293,50.34701956038542,51.346153259277344,12536300
2019-06-06,51.37736856306265,52.11891130949116,51.1275851790262,51.884742736816406,10868900
2019-06-07,51.642780167109926,52.14234706489152,51.22126948048661,51.275909423828125,11674200
2019-06-10,52.20478594659605,53.063422093909104,52.087704613150535,52.392127990722656,10994700
2019-06-11,52.751182977287534,53.10243883275921,52.42334338480651,52.9853515625,9800900
2019-06-12,52.805820146241714,52.93070886075889,52.009631514385354,52.1501350402832,9878300
2019-06-13,52.16575739556683,52.641907971339535,52.11891890995695,52.36090087890625,9453600
2019-06-14,52.41553162389806,52.86045844967269,51.90815746513267,52.67312240600586,8901900
2019-06-17,52.68873850818165,52.69654591470565,51.830108405035496,51.939388275146484,8135900
2019-06-18,52.15014705042264,53.27417551646835,51.908171016046076,53.06342315673828,12199100
2019-06-19,53.20390488262162,53.53954584789943,52.75117071898873,52.75897216796875,12334800
2019-06-20,53.516148725216944,53.641043417208536,52.48579133751311,53.15708541870117,15557100
2019-06-21,53.10244318655933,53.82837717531766,52.93852337687924,53.05561065673828,19502500
2019-06-24,52.938516669140824,53.46930710931413,52.595062279821136,52.61848449707031,11223700
2019-06-25,52.6575148373919,52.67312965043991,51.892555746614995,51.939388275146484,14205600
2019-06-26,52.329680770387476,52.86047131942777,52.11892245905742,52.470184326171875,13654100
2019-06-27,52.78242171873127,53.414684821249395,52.71216695439167,53.19612503051758,11989100
2019-06-28,54.07817414562581,54.80410831630899,53.96108683642376,54.663604736328125,20388700
2019-07-01,55.31145969577795,55.92030630419207,54.78847668140227,55.21778869628906,13573600
2019-07-02,54.92118378854344,55.405141783129125,54.71042548634215,54.9836311340332,10272200
2019-07-03,55.194377666296965,55.57685719534158,54.85873066378262,55.30365753173828,7632400
2019-07-05,55.63150801577789,56.04521725055162,55.40514678970943,55.73298645019531,9107300
2019-07-08,55.23341207347406,55.95934605500979,55.139741059457506,55.522220611572266,10196000
2019-07-09,55.05386672491521,55.94372034111309,54.96020168445557,55.85785675048828,9477700
2019-07-10,55.811035104976845,56.15448953439782,55.14754846611881,55.522220611572266,12153200
2019-07-11,55.75638140951442,56.201308194508755,55.4909832462818,55.89688491821289,10739400
2019-07-12,56.11545674724753,56.21692920952839,55.87348074587445,56.021785736083984,15355700
2019-07-15,55.99057514198138,56.318414789789706,54.70262686238358,55.97496032714844,23365800
2019-07-16,55.96714050482054,56.201315032913264,55.49098999825613,55.67052459716797,16516600
2019-07-17,55.56905740453402,55.81103340591062,55.12413052328657,55.280242919921875,12278200
2019-07-18,55.06167445010356,56.12325525372156,55.01484192960152,56.037391662597656,13407400
2019-07-19,55.99056044398175,56.334008861157926,55.311459104385584,55.35829162597656,11184600
2019-07-22,55.202191317560086,55.64711823585072,55.1709676445722,55.506614685058594,7930600
2019-07-23,55.678336298765664,56.3418229058128,55.654920035210814,56.193511962890625,11804300
2019-07-24,55.9359230323644,57.04433643210055,55.9359230323644,56.98969650268555,12512900
2019-07-25,56.950667019297384,57.04433802461198,55.36610306672024,55.72516632080078,15698300
2019-07-26,56.31841024458082,56.7008898028223,56.08423568344151,56.32621765136719,10625900
2019-07-29,56.13107195612978,56.46671301572833,55.99056841604623,56.01398468017578,8561200
2019-07-30,55.444169773660555,55.97496032714844,55.09291385890977,55.97496032714844,9208300
2019-07-31,55.73299040827024,55.935941336211194,55.27244860509357,55.545654296875,13617300
2019-08-01,55.163145681530246,55.490985228435555,52.766784498627885,53.35221481323242,22571000
2019-08-02,53.17135238647461,53.52524894159696,52.40063646632912,53.17135238647461,14771400
2019-08-05,51.59058858916754,51.76360677103361,50.78842047333244,51.260284423828125,21144800
2019-08-06,51.90516944741303,52.16469673466834,50.985033792681676,52.10177993774414,12411500
2019-08-07,50.82774513823686,51.37039204721074,50.04916922541774,51.22883224487305,18418300
2019-08-08,51.78719642062888,52.52645370532126,51.61417824760935,52.48712921142578,13577900
2019-08-09,52.16471427678342,52.35345873095159,51.28389682386861,51.94451141357422,13604600
2019-08-12,50.812012278014734,50.953572061798,50.20645164739471,50.521026611328125,13039500
2019-08-13,50.253647422070586,51.873716100127986,49.94693250725593,50.98503875732422,19056700
2019-08-14,49.451469307136534,49.577299895702765,48.114517428596606,48.2953987121582,29370700
2019-08-15,48.7436723934641,49.05038427831528,47.75275684240353,48.2246208190918,16340400
2019-08-16,48.7043515723017,50.0648958240342,48.64143477451525,49.923336029052734,16450700
2019-08-19,50.97716355530948,51.047946446122864,50.45811502300524,50.57607650756836,13312700
2019-08-20,50.11208704730205,50.395206657744836,49.821101336547926,49.87615203857422,9815800
2019-08-21,50.434517433584794,50.465975829934806,49.593027831505474,49.74245071411133,14692900
2019-08-22,50.18286213162024,50.49743711298976,49.86828415021275,50.261505126953125,9718500
2019-08-23,49.766055397382246,50.434529985985435,48.381918613906564,48.720088958740234,17997900
2019-08-26,49.20768174696272,49.40429227112352,48.89310370829003,49.32564926147461,10628800
2019-08-27,49.55371138762076,49.62449129088982,48.09879482047007,48.49201583862305,17219300
2019-08-28,48.20889660014159,49.388559663766785,48.20889660014159,49.04252624511719,12343500
2019-08-29,49.789642154022275,50.51317032576355,49.62448706044825,50.25364303588867,11478200
2019-08-30,50.59967403080672,50.977168820625806,50.48171253405963,50.607540130615234,11844600
2019-09-03,50.33228985540721,50.363748256576024,49.01106700669971,49.87615203857422,11991500
2019-09-04,50.33229123493171,50.70978605922743,50.20646062684591,50.552494049072266,9689800
2019-09-05,51.629920722204034,52.911819077350394,51.59846232084089,52.17256164550781,14723500
2019-09-06,52.05460238239109,52.29839750335962,51.70856595256985,51.88158416748047,10476000
2019-09-09,52.502877257452745,54.50044094880226,52.44782654942677,54.0993537902832,20193300
2019-09-10,54.40605766706563,55.058805965489,53.83195236843485,54.24877166748047,18146200
2019-09-11,54.04428845375161,54.42964330562703,53.56455841362943,54.185848236083984,11858800
2019-09-12,53.56457444164344,55.098134209065044,53.423014616952415,54.50044250488281,15528700
2019-09-13,55.318326257617485,55.63290425113658,54.932971365596586,55.35765075683594,14313100
2019-09-16,54.233044821017856,55.13745440810082,54.233044821017856,54.91725158691406,12063700
2019-09-17,54.87792348351032,54.87792348351032,54.00497235672418,54.64199447631836,10916900
2019-09-18,54.429644995882654,55.326188311803726,54.233034514319684,55.12171173095703,11234500
2019-09-19,55.09811761101701,55.42056167015299,54.7284889578906,54.83859634399414,10069100
2019-09-20,55.16890125967512,55.4756131249758,54.52401913262295,54.53974533081055,26002100
2019-09-23,53.96566435195346,54.8150173431518,53.95779825016081,54.69705581665039,9546300
2019-09-24,54.65771618293422,54.71276688009385,53.13201686154455,53.399410247802734,16801900
2019-09-25,53.407267162470944,54.814992747749685,53.37580876949335,54.563331604003906,12243000
2019-09-26,54.516169128358996,54.681321258426976,54.10722185391601,54.351016998291016,8555500
2019-09-27,54.90938227550259,55.334061691564095,54.31168465288901,54.62626266479492,11559700
2019-09-30,54.89365467326535,54.9722976742146,54.27236476563649,54.327415466308594,8661000
2019-10-01,54.71277754915628,55.26328462810215,53.48592977317567,53.596031188964844,12428500
2019-10-02,53.28932438532254,53.32078279287927,52.05461038909008,52.10966110229492,14760900
2019-10-03,51.968086850807985,52.47927533164967,50.95357598885093,52.4556770324707,12646100
2019-10-04,52.50286002181502,53.666790609434,52.43207713468841,53.619606018066406,10977100
2019-10-07,53.375828357386496,54.13867216676088,53.36796225623665,53.596031188964844,7835500
2019-10-08,52.715201894553346,52.833169384710004,51.92875996027667,52.21974563598633,13500700
2019-10-09,52.69161485078667,53.297172560530754,52.52646274812919,53.02978515625,8357800
2019-10-10,53.297175729910904,54.49257102034072,53.12416351689307,53.96565628051758,9817000
2019-10-11,55.04306854512866,55.782325873234626,55.04306854512866,55.12957763671875,14921700
2019-10-14,54.681300623532735,55.44415017459953,54.62624993428436,55.23967361450195,11398600
2019-10-15,55.184636142858366,56.686743309389264,54.028565391669986,56.01040267944336,22030100
2019-10-16,55.69582185195718,56.19914424880584,54.59480185882212,54.657718658447266,17295400
2019-10-17,55.07453276010366,55.318327862116014,54.4060582545342,54.73636245727539,11382800
2019-10-18,54.51616184842506,55.12171957780985,54.37460204154495,54.846466064453125,10413600
2019-10-21,55.45988864029376,56.53731636830268,55.45988864029376,56.47439956665039,13080600
2019-10-22,56.40361027147344,57.30801959625395,56.2069998095679,56.670997619628906,11052300
2019-10-23,56.54518644109056,56.99345818422257,56.411492728244156,56.977725982666016,10327000
2019-10-24,57.05637078886502,57.30016589434764,56.513723876582866,56.85976028442383,7445700
2019-10-25,56.600236309165794,57.74057490199701,56.47440269888211,57.54396438598633,10497600
2019-10-28,57.98436734128333,58.41690681170691,57.75629845684506,57.87425994873047,13086900
2019-10-29,57.52036927059648,58.031557787235954,57.19006505987307,57.48104476928711,9592300
2019-10-30,57.21365097261448,57.68551493526005,56.70246251305018,57.38666915893555,12431500
2019-10-31,56.906946299414344,57.38667642217668,56.096911961002185,56.51372528076172,16864000
2019-11-01,57.226572738696525,58.60476117213852,57.10776203652871,58.4859504699707,12935200
2019-11-04,59.35722699864895,59.61860330099822,58.699812994242855,59.5235595703125,12585200
2019-11-05,59.55524675135771,60.17305521336678,59.11960948047237,59.270103454589844,14403200
2019-11-06,58.945350646972656,59.44435440456996,58.58892457122905,58.945350646972656,12629200
2019-11-07,59.72949756215956,60.418588779605706,59.72949756215956,60.04631805419922,14340500
2019-11-08,59.78494244311801,60.29186248779297,59.45227125389215,60.29186248779297,7927100
2019-11-11,59.76117129555369,60.260175023076975,59.59483873403366,59.879981994628906,6020300
2019-11-12,59.84039436754946,60.16513723049784,59.41267939152416,59.460201263427734,11066600
2019-11-13,58.81070336077342,59.333468069047335,58.382988429357596,58.541404724121094,14040700
2019-11-14,58.30377929721494,58.620605822008,58.082002542748796,58.4859504699707,9446800
2019-11-15,58.88198030404532,58.97703007144857,58.35922169073536,58.929508209228516,10294000
2019-11-18,58.842380766516335,59.11960170107186,58.264171923332114,58.929508209228516,8525700
2019-11-19,59.38099868560176,59.59485316133859,58.98496695478458,59.26218795776367,9095500
2019-11-20,59.111685256378436,59.18297409976295,57.994879082373586,58.541404724121094,12799900
2019-11-21,58.67605323975528,59.111684447726994,58.22457738104209,58.53348159790039,8585100
2019-11-22,58.69190746061824,59.34139932563044,58.588941375262564,59.30179977416992,7910700
2019-11-25,59.3493080379859,60.07800488171655,59.301786169949,59.943355560302734,11497700
2019-11-26,60.07008592328465,60.07008592328465,59.262183906550916,59.76910400390625,11306000
2019-11-27,60.07009945739542,60.29979862247515,59.80080073879783,59.97505569458008,7592100
2019-11-29,59.74535083432205,60.038416508652816,59.39684095597898,59.499813079833984,6246900
2019-12-02,59.73741339393987,60.14136737409704,58.95327240901646,59.02455520629883,11085300
2019-12-03,58.12160790453081,58.19289675015906,57.42459431452498,58.082008361816406,13559400
2019-12-04,58.47803810850714,59.08000189871139,58.15328923700739,58.794864654541016,8266400
2019-12-05,59.1275269635438,59.28593720745675,58.88990555471093,59.175048828125,9581200
2019-12-06,60.141367827589235,60.371066914392465,59.87998548298933,60.04631805419922,9877800
2019-12-09,59.54733459027892,60.133459892368634,59.468129448315175,59.66614532470703,8817100
2019-12-10,59.46019964127322,60.41067331120076,59.301789377273366,60.02256393432617,13019600
2019-12-11,60.29188049900032,60.36316331893811,59.80079891522234,59.84040451049805,10484900
2019-12-12,60.04631767321064,61.40074520986612,59.89582975333569,61.028480529785156,15829000
2019-12-13,61.02847139474229,61.646279717972035,60.244324483292914,60.505706787109375,13447000
2019-12-16,61.27402099858142,61.46411450980434,60.90967258416925,60.91759490966797,13967200
2019-12-17,61.218563308519194,61.88389347258898,61.09183030033689,61.574989318847656,14409200
2019-12-18,61.54332397247156,62.04232778366857,61.51164675417212,61.71757888793945,12643000
2019-12-19,61.780920854297094,62.19279100108922,61.73339900277233,61.9393310546875,13006200
2019-12-20,62.525493546711154,62.612621013647534,61.812635200397565,62.184906005859375,32019400
2019-12-23,62.311619027327986,62.54924043705554,62.12944785043854,62.38290786743164,9256500
2019-12-24,62.33540323673993,62.52550285269358,62.145309663752,62.24827575683594,4576200
2019-12-26,62.3749930472449,63.23833925673633,62.29578791546029,63.23042297363281,11992800
2019-12-27,63.3650773099867,63.507648975652764,63.0324121044208,63.103694915771484,10867900
2019-12-30,63.4838792937309,63.69773374128953,62.84230386512731,62.976959228515625,10084900
2019-12-31,62.82647434959931,63.31755587764625,62.65221941890638,63.277950286865234,8031200
2020-01-02,63.4680276318617,64.36306299420752,63.38882251347651,64.33930206298828,12728900
2020-01-03,63.206660208099606,63.776940766213556,62.9294331904349,63.12744903564453,12437400
2020-01-06,62.35123282269457,63.00864690563215,62.35123282269457,62.92943572998047,10059500
2020-01-07,62.80270045404863,62.81062277916315,62.35914693505158,62.38290786743164,10469100
2020-01-08,62.39080722641169,63.36504749048104,62.31952444860658,62.85812759399414,11292400
2020-01-09,64.14129838025077,64.14129838025077,63.15121910571776,63.42844009399414,12895900
2020-01-10,63.36507033098384,63.37299265680513,62.62845114666759,62.77102279663086,10062100
2020-01-13,62.96903170640085,63.93534988939837,62.57300006044864,63.879905700683594,16566300
2020-01-14,64.31553654721407,65.82838032741778,64.13336537509358,64.8779067993164,24971800
2020-01-15,64.73535209673443,64.98881217338247,63.943288601838674,64.34723663330078,16063600
2020-01-16,64.91750742416804,65.05215673502549,64.03831667662958,64.1571273803711,10426000
2020-01-17,64.28388053273851,64.47397409245426,64.00665345623663,64.252197265625,12413100
2020-01-21,63.74524478618479,64.08583218141634,63.262085782647894,63.28584671020508,10522000
2020-01-22,63.52348385042772,63.745266684060546,63.254185188320065,63.444278717041016,8045600
2020-01-23,63.03241011508527,63.42844183577372,62.50964534315356,63.2066650390625,11618200
2020-01-24,63.06410449574924,63.10370404902058,61.49581594643799,62.113624572753906,15036100
2020-01-27,60.4027444907255,60.98886959742436,60.077995661078035,60.75917053222656,15859600
2020-01-28,61.155209403725216,61.88390622201347,60.81462192776993,61.17897033691406,10960200
2020-01-29,61.41659637334845,61.701739678985085,60.5215669124671,60.57701110839844,9478900
2020-01-30,59.990863801341455,61.41657994823425,59.80077032940992,61.32945251464844,12498200
2020-01-31,60.56402398718201,60.739434194771086,58.92953249916141,59.328189849853516,17101200
2020-02-03,59.559436970270845,60.7633845034964,59.559436970270845,59.90228271484375,11096500
2020-02-04,61.19391566008524,61.608516711802935,60.93877514755982,60.99458694458008,12173200
2020-02-05,62.12677917451132,62.97193715430489,62.03907404374944,62.868282318115234,13070400
2020-02-06,63.6257662614786,63.67360323507958,62.50952357420063,62.963993072509766,12826400
2020-02-07,62.29422588342922,63.027760390411935,62.238414070368385,62.740726470947266,8341700
2020-02-10,62.25436452168277,62.78058932496079,62.230446041947154,62.57329177856445,8418300
2020-02-11,62.78854340825684,63.426397711012825,62.70083828955216,63.059627532958984,9437200
2020-02-12,63.70546490836352,64.39912501286908,63.227077161076515,63.25099563598633,9484100
2020-02-13,62.900190813665105,63.21114323115643,62.6849184027218,62.98789596557617,8946200
2020-02-14,62.900183932350416,63.05964450945359,62.54936336308612,62.82045364379883,9056600
2020-02-18,62.67693495360665,62.87626371097519,61.799889637791246,61.8557014465332,10343500
2020-02-19,62.08691367718767,62.501514750152296,61.887584951467566,62.230430603027344,9145200
2020-02-20,61.919491376860215,62.74072492727745,61.64042623539077,62.36598587036133,11763400
2020-02-21,61.83974327318168,62.15867045791432,60.715532398711,60.946754455566406,14020000
2020-02-24,58.506974521784024,59.041180213255224,57.75750253247543,57.82925796508789,21096200
2020-02-25,57.9089917140654,58.37143591754647,55.014740181371465,55.35758590698242,27451000
2020-02-26,55.82801143280992,56.29843059605135,54.3450106561154,54.36095428466797,25552100
2020-02-27,52.70252246766352,53.33240207373273,51.347089344699526,51.3869514465332,34656800
2020-02-28,49.43352754667114,51.386946766512914,48.90729979444782,50.59760665893555,46013200
2020-03-02,50.90856538104709,53.906471710876495,50.32652575203856,53.89052200317383,29006400
2020-03-03,54.105802262666955,54.560271618702224,51.40290460576801,51.86534881591797,29547700
2020-03-04,52.66265705610005,53.83470497126951,51.31519278836932,53.731056213378906,24188500
2020-03-05,51.66600454105882,51.921145048887496,50.238807192835964,50.62152099609375,27277600
2020-03-06,48.205664674516235,49.680699264861914,47.63159993673899,48.85946273803711,29916600
2020-03-09,43.30217275528627,44.33868150361085,40.66305937538917,40.958065032958984,35625600
2020-03-10,43.637057673733906,44.410454340378294,41.06173011134413,44.31477737426758,32527500
2020-03-11,43.015139507143594,43.31812002107658,39.88169170362882,40.49562454223633,36709000
2020-03-12,36.118363447335874,39.06842911095593,34.1410229103754,34.49184036254883,45941600
2020-03-13,38.127602497520776,40.854421339118765,36.12634321513687,40.6949577331543,40519800
2020-03-16,32.283282141021935,36.062553122511986,31.54975084003341,32.841400146484375,35133800
2020-03-17,33.48723171068274,35.065915126347356,30.93582297204191,32.0919303894043,51650000
2020-03-18,29.548493821470746,30.289996985344274,25.514078986746046,29.046184539794922,48351400
2020-03-19,28.28075882392028,32.881265893107496,27.26816859510126,31.605560302734375,43397100
2020-03-20,32.25936410793023,32.68194312534711,29.66011855120108,30.345809936523438,38163900
2020-03-23,29.93917637101718,30.417567175622505,27.603043276846208,28.216976165771484,33013300
2020-03-24,30.018913830860708,32.62613145309486,29.771745062331572,32.41883087158203,34100600
2020-03-25,33.734402752489004,35.63998534222391,31.43813442807508,33.3756103515625,38211100
2020-03-26,34.82672626077488,36.907719304779015,34.284551711321086,36.69244384765625,31528600
2020-03-27,35.18552456297325,36.27784565752013,34.28455743457946,34.92240905761719,25484500
2020-03-30,35.12173124860622,35.28916669775594,33.144390069771205,35.145652770996094,27459000
2020-03-31,34.78684814101088,35.265235839684166,33.20816508557125,33.58290100097656,26219100
2020-04-01,31.206900929035363,32.09192084775236,30.297962539492914,30.704591751098633,29219500
2020-04-02,30.585007973581583,31.621517003782625,29.739852865701724,31.278671264648438,29532100
2020-04-03,31.0952805817062,31.462044699629413,29.237535435743773,29.89133644104004,25327100
2020-04-06,31.733139287466205,32.96100522947731,31.50191718640263,32.78559494018555,30064700
2020-04-07,35.72769489081464,36.34959976802665,32.78559988227701,32.889251708984375,35220700
2020-04-08,34.16494392492517,35.44064965243518,33.46330896838555,35.28915786743164,32944800
2020-04-09,37.425958369812655,39.24383831575146,36.971489143706656,37.800697326660156,43637200
2020-04-13,37.872464162030816,37.92827597115889,36.0944519989847,37.218666076660156,27944300
2020-04-14,38.0000374508413,38.063824118611905,34.707125244319016,36.21405029296875,40466200
2020-04-15,34.57955724516383,35.297142097626995,33.97359906870731,34.17292785644531,32249000
2020-04-16,34.053328032071875,34.156979849256224,31.972335083033812,32.30720901489258,37756000
2020-04-17,34.404144498143836,36.3735105389608,34.00548698619091,36.23796844482422,41252900
2020-04-20,34.60346518028366,36.2299851379929,34.19683290972031,35.08982467651367,33471900
2020-04-21,33.76629494173561,34.37225615101378,32.74573253644507,33.14439010620117,35336200
2020-04-22,34.28455473029216,34.38023170582192,33.367641003456924,33.67859649658203,21888100
2020-04-23,34.00549957815549,34.87457339768457,33.69454404881488,33.854007720947266,23970700
2020-04-24,34.28453898718102,34.5556261612984,33.27194874978716,34.3642692565918,26282100
2020-04-27,35.21740051993001,37.33028639233465,34.86658303051649,37.12298583984375,30929200
2020-04-28,39.02059370533357,39.538849654677335,37.41799194698073,37.641239166259766,28973300
2020-04-29,39.62656076147395,40.38401070872099,38.63788870711183,40.073055267333984,32941100
2020-04-30,39.12425019657476,39.682371353235894,38.303016648704414,38.717620849609375,28687000
2020-05-01,37.315573729745886,37.44449806414027,36.437275741122065,36.67900848388672,28078900
2020-05-04,36.28416172201981,36.55006978622469,35.438095917927036,36.35668182373047,26340200
2020-05-05,37.30750124984192,37.34778951398587,35.38974975337405,35.41392517089844,27342900
2020-05-06,35.84905274519092,36.276113960679616,34.42282578687428,34.608154296875,25028000
2020-05-07,35.06744338339636,36.38891822577637,35.002979696549644,35.969913482666016,29849100
2020-05-08,36.51784593911062,37.40420019951893,36.469498169456365,37.32362365722656,22905200
2020-05-11,36.42920612898603,36.46143797208718,35.301119284625514,35.5106201171875,34765200
2020-05-12,35.768454584568474,36.01018716473849,34.10049578545985,34.12466812133789,33328300
2020-05-13,33.842666845562825,34.003823016729925,32.416439802501166,32.714576721191406,35350600
2020-05-14,32.22304710788571,33.92323523717171,31.23193796935646,33.89100646972656,40976400
2020-05-15,33.50423678692687,34.20526249483029,33.117460802775476,33.7781982421875,28494900
2020-05-18,35.494499363356354,36.99324605174271,35.043265916562916,36.79985809326172,39383300
2020-05-19,36.477550601712785,36.89655530282131,35.62342527939954,35.800697326660156,27271600
2020-05-20,36.719294202071616,37.29139570394882,36.437273200807745,36.63871765136719,23841300
2020-05-21,36.39697140377506,36.896555710889835,36.08271864291746,36.25999069213867,21698300
2020-05-22,36.07466261589412,36.300279354619114,35.204421354301964,35.5347900390625,22631700
2020-05-26,37.22692827631283,39.40252855960473,37.0496562085949,38.814308166503906,34429300
2020-05-27,41.642586353792005,42.214687708507064,40.17607137685609,42.10993576049805,43660500
2020-05-28,42.698155860747065,42.71426870761056,39.57173794984575,39.61202621459961,37972800
2020-05-29,38.693444844627095,39.869879528294724,38.32278784683558,38.60480880737305,35873400
2020-06-01,38.79014078467406,40.031039269909144,38.532292147975625,39.84571075439453,22860100
2020-06-02,40.86098443261543,41.32833695120127,40.41780733403089,40.965736389160156,27651300
2020-06-03,42.35168078413606,43.31861165106934,42.23886931411547,42.980186462402344,33341800
2020-06-04,42.94794311609248,44.87375098294786,42.39195770907067,44.841522216796875,33083500
2020-06-05,49.61173061884643,50.33693174731433,47.00906912814162,47.42807388305664,44648500
2020-06-08,48.87847645618414,49.41834912788622,48.16133477596033,49.345829010009766,32587100
2020-06-09,47.54088252732734,48.507816346032556,46.45308390240764,47.94377136230469,30422900
2020-06-10,47.46030709912674,47.65369202310899,45.0107421875,45.0107421875,36743700
2020-06-11,41.6345348106336,43.12522549039161,38.83848811210692,38.99158477783203,62098600
2020-06-12,41.416969397202756,42.26303525279476,40.12772340762666,42.10187911987305,39040000
2020-06-15,40.25665622948599,42.70622136231927,40.07938721212708,42.69010543823242,36592100
2020-06-16,45.36527129959015,45.44585089149604,42.15827731286656,43.87458419799805,37638700
2020-06-17,44.07604538116776,44.15662193001481,42.609530060803564,42.70622253417969,23727300
2020-06-18,42.44030914046791,43.22997397572285,41.92461191452031,42.73844909667969,22280600
2020-06-19,43.5603472016926,43.58451955109332,41.54590278367904,42.64175796508789,50379300
2020-06-22,41.77956443943758,42.359725254907104,41.51365944821231,41.94878005981445,22642100
2020-06-23,42.665924072265625,43.294429609837465,42.303323541436654,42.665924072265625,22092600
2020-06-24,41.63452883520275,41.77151263123204,40.41780596144877,40.94156265258789,27207700
2020-06-25,40.53061634952058,42.537004108374504,40.39363562049172,42.448368072509766,28112400
2020-06-26,42.17440355294784,42.17440355294784,39.861822490720755,39.95045852661133,35426200
2020-06-29,40.51450443546953,41.030201705559485,39.97463481640605,40.52256393432617,22578600
2020-06-30,40.135777502742485,41.537828600716324,40.006853228517336,41.175228118896484,23360400
2020-07-01,41.707054072392175,41.90044208062005,40.409754505348005,40.57090759277344,19206900
2020-07-02,41.99713013981589,42.271094663001165,40.51449914501283,40.732059478759766,22042700
2020-07-06,41.795686868240445,42.3516754275849,41.247757806920106,41.87626647949219,22613100
2020-07-07,41.29609571190726,41.38473172621841,40.36139396118476,40.546722412109375,21235300
2020-07-08,40.45003396711882,41.151059580888855,40.24053008101908,40.997962951660156,19115300
2020-07-09,40.87710530118826,41.15912936081344,39.50728249760396,39.84571075439453,24263900
2020-07-10,39.84570525127217,42.45642310572501,39.84570525127217,42.4241943359375,28027800
2020-07-13,42.972121667324075,43.18967891835088,41.787627590101195,42.06159210205078,27151800
2020-07-14,41.328330152898126,41.964895137792126,40.29693282677445,40.40974426269531,35814400
2020-07-15,41.81985884064584,41.98907139962683,40.836809181007965,41.77151107788086,27676300
2020-07-16,41.320276550812245,42.271094415488,41.04631202923114,41.46531677246094,18824000
2020-07-17,41.27192979386117,41.48143061809197,40.45003627025241,40.46615219116211,19747400
2020-07-20,40.28081902530762,40.75622787854505,40.08743107068678,40.40168380737305,23472600
2020-07-21,41.014082749887976,41.75539669683715,40.82875118935295,41.68287658691406,21943200
2020-07-22,41.52978001767295,42.12605374584508,41.21552723204199,41.62647247314453,17873400
2020-07-23,41.45726773365252,42.08577342355964,41.19941908785482,41.964908599853516,17090400
2020-07-24,41.98100605140734,42.28720235864928,41.497540786328216,41.634521484375,16258900
2020-07-27,41.46529639142618,41.46529639142618,40.78038696101917,41.32831573486328,13991400
2020-07-28,41.11077331341879,41.626470483009065,41.0704850483816,41.312217712402344,13121400
2020-07-29,41.231637355405894,42.3758431191075,41.08660021868073,42.31943893432617,16991000
2020-07-30,41.18329812331331,41.2558182381814,40.17607601336648,40.98991012573242,24154600
2020-07-31,40.90851682031248,40.94921619858972,40.18411259792113,40.70503234863281,22485800
2020-08-03,41.15269139766114,41.38873097188039,40.44456336022557,41.014320373535156,15856600
2020-08-04,40.88409131100355,40.957345830014916,40.5747941079638,40.81083679199219,16230800
2020-08-05,41.10385741074438,41.76314812263074,41.07944027120547,41.54338455200195,16412400
2020-08-06,41.30734056379262,41.74686769132854,41.168972637490256,41.42129135131836,11025000
2020-08-07,41.120151359073326,42.51198470310068,40.80271601095417,42.42245101928711,21499100
2020-08-10,42.56081303609932,43.30963440493597,42.528254775299466,43.024757385253906,16850400
2020-08-11,44.31891275671127,44.79099505470649,43.57822950086221,43.757293701171875,25256500
2020-08-12,44.717741389367205,44.7828579034044,42.935218734103934,43.423580169677734,19337900
2020-08-13,43.0003371649754,43.52939489294321,42.78871158984714,43.049171447753906,13815300
2020-08-14,42.691047660605925,43.42358997945447,42.61779311822837,43.08173751831055,13861300
2020-08-17,42.83754730452907,42.992194368831946,41.7957048086648,41.85268020629883,19788700
2020-08-18,41.93407194658719,41.94220995766625,40.92478780185307,40.97362518310547,17100800
2020-08-19,41.25037674967738,41.77943767447836,40.696898679245486,40.93294143676758,20837300
2020-08-20,40.31434212604248,40.71317305265059,40.07016138349286,40.35504150390625,15920900
2020-08-21,40.24922815251479,40.76200987821098,40.01318542585328,40.12713623046875,17416000
2020-08-24,40.615494216868655,41.616637258288044,40.24922161514789,41.559661865234375,19745100
2020-08-25,42.20267154239213,42.739870338883215,41.48640855035479,42.039886474609375,17244800
2020-08-26,42.04802747395695,42.1538402594757,41.36431958393625,41.388736724853516,14541600
2020-08-27,41.28293623931337,42.49570211719752,41.22596082786524,42.09687423706055,19393500
2020-08-28,42.381739523576314,42.62592023409849,41.942212381680676,42.55266571044922,16990300
2020-08-31,42.25151694556615,42.357329743650496,41.59222611816995,41.60850524902344,16280100
2020-09-01,41.4131584544466,41.97477445014981,41.13641946273927,41.67361831665039,16903400
2020-09-02,41.54339328795239,42.43872378181722,41.234096000738774,42.28407669067383,15348600
2020-09-03,42.68289750994288,43.65962349998344,41.698033507994445,41.91779708862305,25003200
2020-09-04,42.70731627474362,43.43172040155441,41.86895825068934,42.74801254272461,25124000
2020-09-08,42.259647554503715,42.398018590052,41.2340873298289,41.54338455200195,28128600
2020-09-09,41.673607117310475,41.991042295006096,41.20152180335498,41.836395263671875,19193900
2020-09-10,42.09685951742551,42.73172994010214,41.26664267742669,41.47012710571289,22324400
2020-09-11,41.42129245969494,42.07244205221308,41.34803793647877,41.510826110839844,21033200
2020-09-14,41.90965308709096,42.38987644910786,38.987616651413724,39.19110107421875,58798300
2020-09-15,39.166689430078115,39.38645302754158,36.35860315794716,36.472557067871094,84689700
2020-09-16,36.7981258231892,38.05972874524701,36.3179024148661,37.45741653442383,45484600
2020-09-17,37.00161072441374,37.30276993848571,36.635338102519604,37.05858612060547,28741600
2020-09-18,37.05044724149515,37.40857873844752,36.431852804573786,36.513248443603516,33201700
2020-09-21,35.33303860648567,35.943491936317784,35.0562996394314,35.75628662109375,33469700
2020-09-22,35.64233956519404,35.91907856125235,35.06444443090145,35.23537063598633,25799200
2020-09-23,35.495825629965324,35.77256458803718,34.01445917938252,34.06329345703125,28780200
2020-09-24,34.06329172615624,34.67374500515493,33.60748859832316,34.340030670166016,31259200
2020-09-25,34.05515872872235,34.29120144319991,33.79469887306655,34.20166778564453,26917200
2020-09-28,34.934214099530024,35.71559686389457,34.909796955462205,35.27606964111328,21204600
2020-09-29,35.08071871787171,35.23536889046241,34.201667488892134,34.52724075317383,20694300
2020-09-30,34.65746974369507,35.479545477947156,34.59235323547557,35.0888557434082,22533400
2020-10-01,35.26792565920359,35.52838550160175,34.67374834474867,35.35745620727539,21900500
2020-10-02,34.624912504314274,35.70744809331748,34.60863337678232,35.536521911621094,23899200
2020-10-05,36.02487910367835,36.81439961952639,35.984182842072165,36.55393981933594,24170600
2020-10-06,37.01789354858863,37.48997899837035,35.94349582037859,36.14698028564453,29505900
2020-10-07,36.643480182982664,37.139982738507854,36.309765808684375,36.496971130371094,22135800
2020-10-08,36.55395051761379,36.76557300285713,36.04116877750752,36.3993034362793,28630700
2020-10-09,36.63533816990483,37.10742357342031,36.37487832828464,36.57022476196289,25595600
2020-10-12,36.700456095249926,37.4330013685788,36.586505298271284,37.343467712402344,24070200
2020-10-13,37.53881819188006,37.53881819188006,35.44699786379032,35.55281066894531,49899100
2020-10-14,35.4225735654902,36.00860977733149,34.999325535263296,35.02374267578125,30260500
2020-10-15,34.624917274953795,35.52024767808776,34.3888745506075,35.49583053588867,26408000
2020-10-16,35.55279965775633,35.71558782182469,35.06443827047724,35.153968811035156,25998000
2020-10-19,35.284211669525156,35.31676993527191,34.844687501652515,34.91794204711914,22793600
2020-10-20,35.300488781895595,35.878387098578166,35.276071636446666,35.42258071899414,21255900
2020-10-21,35.373734159334546,35.59349772622434,34.91793100275673,35.00746154785156,19816300
2020-10-22,34.90978882082717,35.80512218878109,34.72258351510047,35.77256393432617,21341200
2020-10-23,35.98418637843104,36.2772044586732,35.54465925806781,35.77256393432617,18486500
2020-10-26,35.29234076603385,35.32489902068958,34.8446756317588,35.21094512939453,24928100
2020-10-27,35.03189853243055,35.03189853243055,34.07958928749923,34.087730407714844,24251700
2020-10-28,33.347030673552666,33.85167121011881,33.159825363293066,33.47726058959961,27485000
2020-10-29,33.47726715988123,34.30748420196701,33.13541162258627,33.908653259277344,23351000
2020-10-30,33.80976837621684,34.230023180270805,33.36479695418243,34.13113784790039,26962800
2020-11-02,34.49370448279246,35.16116305925046,33.94984783292678,34.78211212158203,24310800
2020-11-03,35.68030938098609,36.273608844312335,35.48254498881623,35.869834899902344,29985200
2020-11-04,35.04580053648735,35.770943795134116,34.52666677877446,34.674991607666016,25956400
2020-11-05,34.88923410759474,35.91102694410691,34.75739017482613,35.49077224731445,24945100
2020-11-06,35.85334585885928,35.93575028970265,35.02108153949074,35.19412612915039,17705200
2020-11-09,38.622076489978696,40.19596515828876,38.11942040359452,39.25657653808594,56895200
2020-11-10,39.8086768553106,40.17124697846366,39.100014354386246,39.26482009887695,33275800
2020-11-11,39.47082336087125,40.61621832189001,39.289536741979234,40.3195686340332,29719600
2020-11-12,39.52850490813313,39.891075002626515,39.31425651420823,39.78395080566406,28457400
2020-11-13,40.08884135890963,40.43493055598653,39.882834986342594,40.09708023071289,18632500
2020-11-16,41.53912647588774,42.041782547708046,41.085913067059046,41.530887603759766,26699400
2020-11-17,41.0694322697308,41.967620217235854,40.77278257794448,41.80281448364258,18970000
2020-11-18,42.09946339221866,43.3849443182419,42.033539842644615,42.06650161743164,25824000
2020-11-19,42.51972039118294,43.113019838681204,41.984105628554346,42.96469497680664,20262400
2020-11-20,42.70924939310079,42.939975560808335,42.18187035584198,42.5609245300293,15471100
2020-11-23,43.269578023976344,44.192488855805976,43.08829454980911,43.92055892944336,28923200
2020-11-24,44.89290698561791,47.08481459822815,44.89290698561791,47.01889419555664,32890900
2020-11-25,46.36791332335918,47.10129548474794,45.59333051737477,47.01889419555664,28250500
2020-11-27,46.96945495668329,47.16722246591618,46.24431161403993,46.69752502441406,14267100
2020-11-30,46.26079260358433,46.590404071895335,45.32140400532825,45.379085540771484,23359300
2020-12-01,46.59864812126402,46.75521500064018,45.65102054555058,45.708702087402344,23497900
2020-12-02,45.61804387138415,47.31553408032216,45.52740057995402,47.13425064086914,26796800
2020-12-03,47.282587123458306,47.3402686607105,46.31023671919551,46.62336730957031,18776100
2020-12-04,47.4309134084904,48.46918425382807,47.224907013959196,48.304378509521484,24696000
2020-12-07,47.917081319608315,48.296132273335495,47.20017691268923,47.90060043334961,21280900
2020-12-08,47.36498275733224,48.12308781020237,47.26610058292575,48.090126037597656,15511700
2020-12-09,48.74935765203008,49.070727154719094,48.04069508537819,48.57631301879883,27278200
2020-12-10,47.82645134822454,50.092521974223295,47.801728440241305,49.853553771972656,25866600
2020-12-11,49.276727245329944,49.28496926113576,47.94180673491732,48.5598258972168,20960000
2020-12-14,49.441533921288524,49.655779185181224,48.39502107607895,48.403263092041016,19688300
2020-12-15,48.403268106587255,49.32617595524302,48.26318211139193,49.16960906982422,16044400
2020-12-16,49.49921113025605,49.5568926633135,48.91415378444041,49.23552322387695,14988300
2020-12-17,49.441534030498644,49.68050219939733,49.08720278514076,49.48273468017578,18229900
2020-12-18,49.688740149856365,49.688740149856365,48.37853939662626,48.66695022583008,28712700
2020-12-21,49.72993484599,50.94125326815102,49.28496349022736,50.455078125,31906100
2020-12-22,50.347959916922434,50.380921693385716,48.74935147934942,48.83175277709961,17851600
2020-12-23,49.441531572739834,50.52100614370484,49.26848696665315,50.08427047729492,16579100
2020-12-24,50.20787021129516,50.3397141556979,49.34264412968924,49.91122055053711,6824400
2020-12-28,49.95243345641378,51.03190817730018,49.84531238638252,50.37268829345703,14414600
2020-12-29,50.389162315811085,50.595168697897954,49.894745112757846,50.1913948059082,10800400
2020-12-30,50.191381453425514,50.488031067657765,49.99361399613498,50.15018081665039,10770700
2020-12-31,49.99363100787627,50.96598145499291,49.87826792828754,50.809417724609375,12500700
2021-01-04,50.75172998249804,50.85061216100292,49.21904207033739,49.55689239501953,21286200
2021-01-05,49.729932875737774,51.0895760770878,49.458006121512284,50.842369079589844,20213100
2021-01-06,53.141400929307565,54.880095178183794,52.69642956341462,53.767662048339844,38106600
2021-01-07,55.26738993267868,56.11613519023944,54.393924916053535,54.40216064453125,24161000
2021-01-08,54.55873272762847,54.55873272762847,53.01780263456905,53.866554260253906,20747800
2021-01-11,53.215565029858524,54.89657770101353,53.00955866751328,54.748252868652344,20454000
2021-01-12,55.613479130157685,55.81948550477046,54.58344725709379,54.93777847290039,20162800
2021-01-13,55.20970815911589,55.390994773887066,54.37744064894622,55.09434509277344,18541900
2021-01-14,55.63818741898006,57.212078814223375,55.34977981134275,56.865989685058594,29108900
2021-01-15,55.51459781152641,55.74532393571634,52.81178900680255,52.92715835571289,38295300
2021-01-19,53.72646254258004,53.76766633419085,51.839446450262855,52.48218536376953,27022400
2021-01-20,52.53163793812627,52.58931948517389,51.781774683098774,52.119625091552734,17448900
2021-01-21,52.086658284703724,52.19378249463316,50.87534277014874,50.98246383666992,19394600
2021-01-22,50.216110643913545,50.949495947326945,49.59809154592117,50.53748321533203,24740400
2021-01-25,49.99361713898663,50.07602156112433,48.75757909758671,49.902976989746094,25754100
2021-01-26,50.43036296354687,50.463324739098674,49.51569412413591,50.1913948059082,18760900
2021-01-27,49.359125762528116,49.44152705024881,48.23020863162727,48.947113037109375,24657200
2021-01-28,49.56513504772257,50.314998126462186,49.1366414108131,49.72169876098633,19986200
2021-01-29,49.82973141373073,50.029184705249236,47.94324851101998,48.19256591796875,27078300
2021-02-01,48.749372393034776,48.7576814946542,47.70225122783193,48.558231353759766,16073000
2021-02-02,49.53056473872855,50.07074835419956,49.281250443204726,49.513946533203125,18693400
2021-02-03,49.37266483949829,50.81869277943689,49.2978702362221,50.777137756347656,18730600
2021-02-04,51.16772477302891,52.04863851018045,51.04306606213482,51.865806579589844,16612900
2021-02-05,52.34782177093141,52.422616370415255,51.58325440174068,52.0070915222168,13493800
2021-02-08,52.43092375758954,52.9461736648461,52.231470442088636,52.89631271362305,15055400
2021-02-09,52.93786667228947,53.07914359998766,51.95722776992702,52.45585632324219,12336900
2021-02-10,52.755037210413775,53.178874353895914,52.33951233966048,52.87138366699219,12680700
2021-02-11,52.854756827300896,53.07914061473394,51.46690542416669,52.5223388671875,12108300
2021-02-12,52.28964439490694,53.20379777571745,52.264713918947564,52.87969207763672,12174600
2021-02-16,53.95173926642199,54.0763979762501,53.05420733434869,53.286903381347656,19065400
2021-02-17,53.020968890440564,53.943437711640456,52.730102770848255,53.81877899169922,20279600
2021-02-18,53.436491353684644,53.644253751886524,52.43091893703358,52.755027770996094,14833200
2021-02-19,53.320150268211194,54.84096635694374,53.22873429659703,54.666446685791016,20456200
2021-02-22,54.35064127207731,55.59721558409558,54.25922531529692,54.45036315917969,23120700
2021-02-23,54.508544095896575,55.6138416641751,53.90188139539278,55.46425247192383,26712100
2021-02-24,55.82159346665808,57.076479988620385,55.680316573169506,57.00999450683594,20752900
2021-02-25,57.3756578937718,57.65821167866841,55.58890021149935,56.02104949951172,25206100
2021-02-26,55.497499702093606,56.17896022397269,54.466999816902224,54.74955368041992,24182200
2021-03-01,56.91859773874835,58.16517241054122,56.49476691543157,57.791202545166016,28054600
2021-03-02,57.50033206693191,58.16516803766149,57.217771865557054,57.26763916015625,19200600
2021-03-03,57.74963184462633,59.411730955863625,57.591736740534145,58.48926544189453,25157600
2021-03-04,58.323062234334316,59.652740350253644,56.419957855135074,58.01557159423828,28518400
2021-03-05,58.87155466640518,59.22890627257948,56.877040561661424,58.364620208740234,25406800
2021-03-08,59.06269756183314,60.53365263238036,58.88817789857537,60.01840591430664,27351100
2021-03-09,58.92972904290805,60.24278256687722,58.206713622305834,58.99620819091797,24194900
2021-03-10,59.24551331236627,61.39792824496389,59.1707155683141,61.289894104003906,21331100
2021-03-11,61.06551188302545,61.73034758986924,60.29263569777184,60.92422866821289,17499200
2021-03-12,61.84671393162191,62.5364866683993,61.58077829508681,62.47831344604492,17210600
2021-03-15,62.752562497460175,62.81904165250055,60.899318939433876,61.68050765991211,18918100
2021-03-16,61.098767313982535,61.19018328246925,60.10151027282551,60.94087219238281,15834800
2021-03-17,61.43948909505631,61.78021608919967,60.45053817229064,61.16524124145508,19337500
2021-03-18,61.855011350025514,63.267792891035626,61.040580092231,61.364688873291016,23857900
2021-03-19,60.832829503155814,61.1486324158642,59.43666589126017,60.67493438720703,24079400
2021-03-22,60.076585578332235,60.33420896499803,59.53640198722755,59.802337646484375,15040000
2021-03-23,59.253849801523465,60.36745342482661,58.5973197371735,58.92974090576172,16238700
2021-03-24,59.57795793586449,60.23448799182384,58.22334280075093,58.239967346191406,17089600
2021-03-25,58.032213898209434,59.769105081749466,57.46709973343708,59.60289764404297,18357300
2021-03-26,60.30928436418834,60.86608621432381,59.83558622684212,60.68325424194336,15716600
2021-03-29,59.461630335872876,59.96025907030449,58.48099107731374,59.4865608215332,17822300
2021-03-30,59.83557399744202,60.84945557130801,59.83557399744202,60.63338088989258,15615900
2021-03-31,60.42563099549128,61.35640906633512,60.21786854274633,60.4588737487793,15224800
2021-04-01,60.018402511303236,60.90762532057289,60.018402511303236,60.78296661376953,15251300
2021-04-05,61.555859245656336,61.78023990484185,60.20125033630577,60.4588737487793,16128400
2021-04-06,60.134759281220305,60.72480383172494,59.87713589251715,60.33420944213867,12908400
2021-04-07,60.600142090183134,60.76635583302212,59.794022873530515,60.40900421142578,14081400
2021-04-08,59.960228327210565,60.2760248843386,59.07100553227142,60.10981750488281,13677100
2021-04-09,60.50872879091705,60.67494254110187,59.843892811396515,60.18461990356445,14586400
2021-04-12,60.35083098653363,60.500420184885726,59.951924344126056,60.40900421142578,12002400
2021-04-13,60.084901151818165,60.18462306676401,59.06270714077707,59.88544464111328,16150000
2021-04-14,59.61950208071673,60.907631616835125,59.3203236896235,60.591835021972656,19476600
2021-04-15,61.87164137431583,62.10434059273364,59.63612221877759,60.284339904785156,31333400
2021-04-16,60.93255675939304,61.140319160555784,59.577948186357865,60.20954132080078,28478400
2021-04-19,60.42561763581916,60.52534587363401,59.79401814380273,59.943607330322266,19964800
2021-04-20,59.4616117272926,59.4616117272926,57.56681298477855,57.99896240234375,22013000
2021-04-21,57.45045839626818,58.763518327809656,56.852107991140564,58.71365737915039,16334800
2021-04-22,58.530824638084376,58.79676026126825,57.89922515537067,58.01557159423828,16037600
2021-04-23,58.04051040696725,59.453298759687776,57.76626881332467,59.32032775878906,18876100
2021-04-26,59.61118966895212,60.50871840425935,59.51146143596013,60.00177764892578,13098600
2021-04-27,60.25110497656253,60.74973354277008,60.13475852246098,60.65831756591797,13357500
2021-04-28,60.97411711272381,61.1984977358408,60.442245826426046,60.591835021972656,14420400
2021-04-29,61.2982097354254,61.51427802919596,60.566882155266036,61.364688873291016,20628400
2021-04-30,60.82911739897478,60.8709550288304,59.49018555359094,59.6157112121582,23669300
2021-05-03,60.268455926497154,60.61992915790496,59.74125565613876,60.00904083251953,16026100
2021-05-04,59.61572284025235,60.58644797904633,59.105256411145426,60.527870178222656,23071400
2021-05-05,60.76219370398636,61.76638660304123,60.067623650147,61.68270492553711,19427200
2021-05-06,61.62411709740933,62.71199788166385,61.44001360611995,62.578102111816406,19621800
2021-05-07,61.448400059015704,62.85427409445995,61.2726666026481,62.82917022705078,16937400
2021-05-10,63.06346432505744,64.30196826625932,62.85425697429345,62.87099075317383,19628200
2021-05-11,62.343763747201386,63.23917056845909,61.850037676044785,62.65339279174805,21534800
2021-05-12,63.5488171055179,63.93375780538703,61.84168462055434,62.11783981323242,19791300
2021-05-13,61.824957845618655,63.49861675585253,61.758016341430874,63.00489044189453,18622300
2021-05-14,63.3312348062542,64.2433755797022,63.31450103125065,64.06764221191406,14122700
2021-05-17,63.87519716781743,64.82918228557175,63.68272357393608,64.78733825683594,14676300
2021-05-18,64.75385992459678,65.01328139308235,64.07603011960634,64.11787414550781,13729600
2021-05-19,63.28103706026128,64.14297025990872,62.527889376515546,63.983970642089844,23283600
2021-05-20,63.74131077519463,64.13462171905353,63.063480824418505,63.766414642333984,15244300
2021-05-21,64.01745741024457,65.11370202350993,63.942145819029,64.97981262207031,18544500
2021-05-24,65.13044243756895,65.57396105731544,64.82918330255198,65.29780578613281,16750200
2021-05-25,65.44006286470416,66.34384023652416,64.5948696856802,64.67018127441406,20015800
2021-05-26,64.61159476550671,65.18900907272067,64.16807622179222,64.87100982666016,15243400
2021-05-27,65.70784773489771,66.2015804463443,65.23085518831492,65.90869140625,17467000
2021-05-28,65.82500653612449,66.08442161838498,65.1973844587831,65.8668441772461,14392800
2021-06-01,66.51956640545583,67.02166276241977,66.39404072008945,66.74551391601562,15450500
2021-06-02,67.03003802604081,67.18903766543052,66.42751979730303,66.8292007446289,15285600
2021-06-03,66.7036666301878,67.18902918479742,66.46098535288299,66.63671875,22255800
2021-06-04,66.6869391131553,66.83756866546875,65.95052513095538,66.51956939697266,13807000
2021-06-07,66.62835607492761,66.65345993425763,66.12625335032195,66.36893463134766,12670100
2021-06-08,65.52374956470487,66.46099447801319,65.0300168611567,66.17647552490234,15399100
2021-06-09,65.83336534864857,65.92541709058833,65.0718539379214,65.38984680175781,13778400
2021-06-10,66.14301117898894,66.35221857528464,64.29361856187532,64.34382629394531,15277400
2021-06-11,64.43587333569624,64.59487298826672,63.68272548733953,64.00072479248047,18043500
2021-06-14,64.10949524611269,64.24338461847934,62.48604430884725,62.896095275878906,18304400
2021-06-15,62.80406054526121,63.04673549741869,61.297764795129254,61.774757385253906,25191700
2021-06-16,60.87934990799565,61.088557295995635,58.70359434969637,59.79983901977539,53319800
2021-06-17,60.737083440688316,60.76218730284465,57.0382987779404,57.62407684326172,48523000
2021-06-18,57.3060811514728,57.53202228435422,56.17635633356044,56.57803726196289,44582900
2021-06-21,57.27262308626084,57.81655724923214,56.80399414245766,57.28098678588867,30266600
2021-06-22,57.65754832031632,58.08433311221692,56.71192698954635,57.70775604248047,21564600
2021-06-23,58.04250160259067,58.61991606998813,57.808190335966536,58.28518295288086,19672700
2021-06-24,58.854222587355736,59.97557109699893,58.53622327873843,59.682682037353516,23900400
2021-06-25,59.791456912523536,60.12618994290921,58.46090125697992,59.875144958496094,26727400
2021-06-28,59.68267516867758,59.97556419461539,58.963001342372145,59.8416748046875,17660900
2021-06-29,58.69522065025452,59.91699095475982,58.22659817304767,58.310279846191406,28696900
2021-06-30,58.31027363249193,59.25588856880346,58.092696197901915,59.20568084716797,18502300
2021-07-01,59.48185281377949,59.590638369418365,58.95464605032886,59.423274993896484,12584800
2021-07-02,59.4232541720492,59.515305911682454,58.67010647709584,58.92115783691406,13222700
2021-07-06,58.67011255861562,58.73706044610688,56.78724631831217,57.080135345458984,24672200
2021-07-07,56.661721693492076,57.21403219895334,56.28515099213363,56.8458251953125,19342700
2021-07-08,55.565481383938405,56.18473344084408,55.021540919243094,55.841636657714844,24763600
2021-07-09,56.99646777045775,57.33956460580113,56.603156814829745,57.28098678588867,18872600
2021-07-12,56.62823697528547,58.23494769266576,56.318614221587694,58.10942840576172,19600600
2021-07-13,57.80818321117804,58.14291628702987,56.92113960249535,57.21403503417969,18962400
2021-07-14,58.56968678541557,59.230782764768065,56.44413938439021,57.04665756225586,36287800
2021-07-15,56.51947512702674,57.774719597582404,56.43579343922374,57.28098678588867,18897200
2021-07-16,57.49854976924596,57.54039379483787,55.58220959507146,55.983890533447266,19289000
2021-07-19,54.778846419248765,55.28931281426011,53.85833544585982,54.460853576660156,33318600
2021-07-20,54.54453808659952,55.88346378929347,54.2098050648007,55.473419189453125,20577900
2021-07-21,56.07595113484132,57.11361801141723,56.00900323712598,56.81235885620117,23393200
2021-07-22,56.6952103919808,56.728684345068544,55.57386169380822,56.009010314941406,16524900
2021-07-23,56.485986148148406,56.703563586157344,55.66589050303893,55.82489013671875,13443300
2021-07-26,55.61568851991293,56.770510946360424,55.61568851991293,56.71193313598633,16434000
2021-07-27,56.1345208305064,57.239135445037746,55.883469442634826,56.88766860961914,17127700
2021-07-28,57.17219403583848,57.414875369081464,56.477623983919194,56.98809051513672,20275900
2021-07-29,57.4985517593768,58.22659569216229,57.24750675064198,57.58223342895508,22261700
2021-07-30,57.26186504477763,57.76771063633277,56.68857165910162,57.00894546508789,18078200
2021-08-02,57.287144874606206,58.273550977386144,57.0257927650033,57.1016731262207,16616700
2021-08-03,57.540083481396536,58.24826603680011,56.393496687925776,58.07122039794922,21041500
2021-08-04,57.43048173486726,58.383157659797796,57.27029483967061,57.76770782470703,14416300
2021-08-05,58.02906836283072,58.821557419286385,57.97847930190866,58.75411605834961,14361600
2021-08-06,59.67307475370207,60.2800920948544,59.50446168434922,59.91756820678711,23915400
2021-08-09,59.80796324865671,60.701623987961085,59.40328292524641,60.29694366455078,15619800
2021-08-10,60.38124924064329,61.831338011186794,60.17890588758395,61.527835845947266,17920100
2021-08-11,61.79763453931347,62.674430205671,61.48569329020229,62.64071273803711,18676100
2021-08-12,62.66600261284613,62.927354790140114,62.075844028013975,62.49738311767578,14181400
2021-08-13,62.55638788766326,62.91048555230794,61.477249027465135,61.63743591308594,13362800
2021-08-16,61.04729305343597,61.114734418224614,59.85011716993036,60.78593444824219,15532800
2021-08-17,60.14518503166528,61.0051282451424,59.588756863099256,60.38125228881836,14623000
2021-08-18,60.027161975420064,60.92082919229386,59.7573772235013,59.959720611572266,13970600
2021-08-19,59.47072026181883,59.63933328149219,58.534903208630574,58.88056182861328,21047300
2021-08-20,58.77097529160593,59.26839472983095,58.34943622932313,59.22623825073242,14028800
2021-08-23,59.656217879584545,60.07775699828561,59.48759837279822,59.76581573486328,13079500
2021-08-24,59.97657616322288,60.861810750595296,59.88383705665338,60.735347747802734,12669300
2021-08-25,61.37607815537736,62.30346262637048,60.73533710378191,61.69644546508789,17766600
2021-08-26,61.940959433888665,62.30348333503088,60.937694268179065,61.07258987426758,14135600
2021-08-27,61.19062663041426,61.85665928183582,60.954565727566546,61.536285400390625,13669400
2021-08-30,61.54471174471175,61.55314432815196,60.04403350118072,60.42341613769531,12687400
2021-08-31,60.4908521007305,61.12316065927472,60.1367608516678,60.62574768066406,17285900
2021-09-01,61.00513823526056,61.00513823526056,60.0355970320372,60.119903564453125,15114800
2021-09-02,60.162040864360854,60.67631890995174,59.79108452139719,60.28007125854492,13533400
2021-09-03,60.381262059758015,60.47400117488864,59.563475189338554,60.00187301635742,13683300
2021-09-07,60.162057714780175,60.93768807442385,59.61405562705389,59.70679473876953,14663600
2021-09-08,59.748939163717054,60.044015172284915,58.914287326686356,59.0491828918457,14861800
2021-09-09,58.99017569745727,59.94285163505675,58.939593069743715,59.403282165527344,14212900
2021-09-10,59.799521599687566,59.850104220378654,58.61077855605056,58.65293502807617,15422800
2021-09-13,59.11665033466186,59.5719133702182,58.81314164429098,59.45387649536133,16337300
2021-09-14,59.7236545628262,60.17891754715409,57.76771346284859,57.986915588378906,26568900
2021-09-15,58.02063292184122,59.74894555017794,57.852019879543846,59.39484786987305,22392100
2021-09-16,59.8838302931133,60.01029328162258,59.007028386870346,59.01546096801758,19245400
2021-09-17,58.82156737526775,59.504465139808545,58.72883468426205,58.981754302978516,30768300
2021-09-20,57.371471061771906,57.472636323851916,55.61786695439187,56.73916244506836,36955400
2021-09-21,57.03423454883883,57.1101084901251,56.08155218263065,56.43564987182617,21169900
2021-09-22,57.236578275417756,58.315717338347774,57.152271742159385,57.531654357910156,21160200
2021-09-23,58.349423742715075,60.18733391824761,58.172378146304624,59.757362365722656,21451500
2021-09-24,59.6140481551951,60.34752837442031,59.6140481551951,60.01029586791992,15788400
2021-09-27,60.57515326000728,61.21589434362297,60.49084674609923,60.92081832885742,19857500
2021-09-28,61.097874949372915,61.78076619693261,60.060885988100914,60.17049026489258,20835000
2021-09-29,60.44026207954252,60.54985990069791,59.841677489217865,60.30536651611328,13683900
2021-09-30,60.38968562989729,60.44870084316985,58.97331407918003,59.1672248840332,22090900
2021-10-01,59.386419911808005,60.431834893001636,59.09133744851075,60.01029586791992,23701900
2021-10-04,59.9259893544561,61.52783893633842,59.732078572744925,60.10303497314453,18957200
2021-10-05,60.499277912094044,61.485677609313754,60.13675412181143,61.14844512939453,15587200
2021-10-06,60.63418976256011,61.21591584757164,59.8754180064966,61.055728912353516,15997200
2021-10-07,61.55314026262582,61.83978375889516,60.74378597458897,60.86181640625,15349900
2021-10-08,60.57515365302077,61.384507769703674,60.28851021743869,60.9966926574707,11960700
2021-10-11,61.29177582855665,62.151719100030995,60.37282377903315,60.43183898925781,14985500
2021-10-12,60.31381778044295,60.651050361307,59.38643300719919,59.55504608154297,17593400
2021-10-13,59.47916598144394,59.50445729676438,57.95319015796101,59.23467254638672,23451900
2021-10-14,59.91756586951737,60.086178932292945,58.779411615342106,59.689937591552734,24707900
2021-10-15,60.549873449797616,61.730184165220805,60.28852127738943,60.94612121582031,21884500
2021-10-18,60.760640791902276,61.165321125925416,60.19577998647838,60.372825622558594,15026100
2021-10-19,60.91240080378689,61.12317035674116,60.0777551750973,60.49929428100586,15173900
2021-10-20,60.33066362709438,60.93768085654258,59.69835508511502,60.54986572265625,14350400
2021-10-21,60.07774695738249,60.55830121509874,59.02389933676128,59.445438385009766,18519000
2021-10-22,59.66463822592524,60.60888807553162,59.58876427938566,60.17049026489258,14625100
2021-10-25,60.34753381434753,60.5751620782538,59.614053529003975,59.71522521972656,15103000
2021-10-26,59.85853348029862,60.37281153604132,59.529733599699085,59.56345748901367,18647900
2021-10-27,59.44544444697153,59.6140575105951,58.433746768701845,59.276824951171875,25475900
2021-10-28,59.67305585774257,60.128318719444124,59.2515168856679,59.757362365722656,16367800
2021-10-29,59.85079043889307,59.9611825785266,58.568514373153924,58.729862213134766,22403000
2021-11-01,59.38372035397489,59.38372035397489,58.61944981632714,59.11198043823242,19106600
2021-11-02,59.04405977823259,59.12897731005191,58.20336519927431,58.25431442260742,25539000
2021-11-03,57.99955735553184,59.086517228118986,57.82122213003037,58.59398651123047,21755600
2021-11-04,58.38169411047181,58.398675025362564,56.48800139992894,56.89561462402344,32148900
2021-11-05,57.59195868447718,57.73631916171679,56.853162422872984,56.88713073730469,20902600
2021-11-08,57.65140204758071,58.61098264200025,57.20982691424252,58.12694549560547,25122000
2021-11-09,57.5579802910695,57.95709981726034,57.26925938714818,57.73630905151367,18513000
2021-11-10,57.84670620235074,58.11844618451431,57.4985359083453,57.92313003540039,19290200
2021-11-11,57.965587672773985,58.74683925278948,57.88915736669001,58.48359298706055,20296200
2021-11-12,58.593988983931496,58.738349430865846,57.999559803147605,58.729862213134766,13867400
2021-11-15,58.95913758537179,59.16294094138485,58.20336059798112,58.37319564819336,12965100
2021-11-16,58.407162380546765,58.407162380546765,57.15036749373282,57.52400588989258,19042800
2021-11-17,57.456081153563616,57.48155576492185,56.70029763677952,56.76823425292969,16468300
2021-11-18,56.64934851341254,57.02299342410145,56.216260683186064,56.9890251159668,14994700
2021-11-19,56.148331876685475,56.40308447554575,55.392554819452805,56.335147857666016,19766900
2021-11-22,57.7108323185029,57.83821185093575,56.72577732385929,56.92958068847656,24020500
2021-11-23,57.37963950217731,58.058992571850645,56.989013754692,57.80423355102539,18142200
2021-11-24,57.744801284205835,57.795750506243095,57.090929179156205,57.133384704589844,14975500
2021-11-26,55.20572956103986,55.82563335108721,54.18670302027688,55.621829986572266,24542000
2021-11-29,56.037923497991095,56.29268253129602,54.73866668147692,55.231197357177734,24340700
2021-11-30,54.619784193088655,55.03588459267121,53.80456430707739,54.09328842163086,35574000
2021-12-01,54.90852489450603,55.273669685804975,53.07427484600723,53.09125900268555,27379200
2021-12-02,53.78757943250314,54.57732145939069,53.29504873336047,54.18669891357422,24890700
2021-12-03,54.12726276012467,54.44995521574709,53.01482493958722,53.2950553894043,25458700
2021-12-06,53.44791657474032,53.98290617221914,52.76856650459076,53.09125900268555,25105500
2021-12-07,53.456399192884554,53.79607253785701,52.92140970629286,53.4139404296875,28301200
2021-12-08,53.51584120945787,53.63472704016915,52.94688342611623,53.0402946472168,20697200
2021-12-09,52.53927348278332,53.07426296045557,51.673101122541176,52.7685546875,29960500
2021-12-10,52.37792806228187,52.870455530289775,51.12112992395632,51.55421447753906,39726500
2021-12-13,51.36740222133707,51.690091446294936,50.764476060186716,51.10415267944336,20489500
2021-12-14,51.33342926686568,52.07222212159688,51.273986349783634,51.494773864746094,19571100
2021-12-15,51.7495271025662,51.808970016680234,50.5606655808895,51.15509796142578,33861300
2021-12-16,51.88539892638979,52.573242550509164,51.64762726148747,51.85992431640625,25688300
2021-12-17,51.180575976177444,51.37588888403384,50.068138207712465,50.5606689453125,47383500
2021-12-20,49.76243596595374,49.87283135837763,48.90475715862045,49.49069595336914,31619600
2021-12-21,49.88132466657304,50.83241470319521,49.80489758616792,50.4248046875,23175100
2021-12-22,50.36535591319583,50.90034217450151,50.187023920031194,50.61161804199219,14760600
2021-12-23,50.94280040136576,51.6136566023865,50.90883209667219,51.12961959838867,15223300
2021-12-27,51.29096833186885,51.74952749574751,50.951291757725656,51.503265380859375,14035400
2021-12-28,51.324940491665146,52.08072081162445,51.21454834329721,51.4777946472168,12697900
2021-12-29,51.63912843037907,51.783488849403035,51.1805660886639,51.409847259521484,13284000
2021-12-30,51.47778899260023,51.859924339503415,51.28247609071549,51.316444396972656,11380500
2021-12-31,51.31644282303758,51.59667324257427,51.05319331671267,51.282474517822266,12307200
2022-01-03,51.95334216134722,54.016870057346516,51.893899237544474,53.58378219604492,30508500
2022-01-04,54.398990339204545,54.96795131860144,53.957415355741354,53.999874114990234,30303600
2022-01-05,54.43296432340916,54.69621708065611,53.31203611739234,53.37147903442383,25149100
2022-01-06,54.534869506839755,55.46048157348412,53.93194339784387,55.120811462402344,33334200
2022-01-07,55.35008843096871,56.513478624570226,55.35008843096871,55.85960006713867,26548200
2022-01-10,56.437054462227806,56.87863601278075,55.38406276895893,56.071903228759766,28693700
2022-01-11,56.36911483039586,57.13338556644485,56.19078607178315,56.9890251159668,23453000
2022-01-12,57.55797883167959,58.29677494518096,56.82767641478185,57.133384704589844,27976200
2022-01-13,57.34568631804858,58.118450800484766,56.91259845999321,57.5579833984375,29222000
2022-01-14,55.50294861984036,56.96355355385606,55.26517692896203,56.83617401123047,35994400
2022-01-18,56.6323670101536,56.75974006584436,55.28215431070127,55.451995849609375,26353600
2022-01-19,55.757697660871486,55.757697660871486,54.32256759814744,54.55184555053711,22817100
2022-01-20,54.594309910678376,55.57936484929009,54.09328874534889,54.738670349121094,22794100
2022-01-21,54.33955451248059,54.730177068845585,53.28655971586866,53.7281379699707,28637900
2022-01-24,52.23356641473613,53.329020004964555,50.976768227568606,53.244102478027344,38601700
2022-01-25,52.624197304713036,54.738674249850575,51.91087903950367,54.44145965576172,34371100
2022-01-26,54.94248138263041,55.85960631763462,54.23765676574801,54.98494338989258,31803400
2022-01-27,55.38405685832222,55.919043105651696,54.26312866478049,54.475425720214844,24674000
2022-01-28,54.025352310688874,54.950967577129134,53.354496095452795,54.93398666381836,20953500
2022-01-31,54.35654520817462,55.409536892139556,54.00837489336141,55.29914474487305,23067400
2022-02-01,55.57087838073303,56.63236364027459,55.23120180192136,56.52196502685547,26868400
2022-02-02,56.343631981739826,56.72577053329309,55.68975996242049,56.24173355102539,18194200
2022-02-03,56.26721807769524,56.36911652637271,55.222713627203575,55.41802978515625,18219100
2022-02-04,55.66623038262673,57.05275321230575,55.49505109696273,56.55634307861328,23267900
2022-02-07,56.56490337628562,57.164021147370704,56.059939120053514,56.79599380493164,20081600
2022-02-08,57.39509604626821,58.17394706760306,57.001393502342005,57.44645309448242,23191000
2022-02-09,57.694647161860644,58.36222989310904,57.46355681346203,58.06266784667969,20902700
2022-02-10,58.15682851905262,58.67035984561209,57.53204208413242,57.77168655395508,22522300
2022-02-11,57.55770855713553,59.14963975485612,57.001387391511265,57.47212219238281,27226700
2022-02-14,57.232477677748584,57.53203321886759,56.33380452457052,56.88156509399414,24544000
2022-02-15,57.480697256629355,57.75457761067082,56.94149061630014,57.343753814697266,15487600
2022-02-16,56.95004300450173,57.71177283343281,56.85589603420042,57.30094909667969,13067400
2022-02-17,56.770311882261545,57.03563161086537,54.955850646134074,55.3837890625,23150000
2022-02-18,54.87026361338728,55.6063182031301,54.519354246755356,54.895938873291016,18114800
2022-02-22,53.98014243678751,55.084224147596,53.98014243678751,54.68196105957031,19057000
2022-02-23,55.13557760548926,55.42657909038936,53.95447006398257,54.10852813720703,17563500
2022-02-24,51.771978231983304,52.25982764467693,49.95751744503873,51.92603302001953,46453500
2022-02-25,52.473809122161605,53.826092802909514,52.21704346368189,53.047245025634766,30518900
2022-02-28,51.29269501862146,51.71207280700995,49.98320460704607,50.693580627441406,48212900
2022-03-01,49.9746408071994,50.77060641239831,49.572377706855065,50.145816802978516,51389000
2022-03-02,48.759299882166246,51.2327831870593,47.86918727147006,50.97602081298828,60206500
2022-03-03,50.28276212290224,50.488173991965105,48.7764203877812,49.31562042236328,54027300
2022-03-04,47.85207407379246,48.49398170486546,47.23584170319084,48.4340705871582,54263000
2022-03-07,47.09889663886608,48.16018524838173,46.277255740156946,47.54395294189453,49710700
2022-03-08,48.40838981092075,49.03317944218581,46.867809059954105,46.96195602416992,43858100
2022-03-09,48.69939036124008,49.02462118872932,47.76648453520866,47.88630676269531,32757100
2022-03-10,47.090346074393885,47.389901674807305,46.17455807894579,46.970523834228516,31942500
2022-03-11,47.38989241235166,47.66377269774521,46.27725334482655,46.35428237915039,20550900
2022-03-14,46.81645913387444,47.3043086228481,46.071847271479484,46.4141960144043,25046000
2022-03-15,46.61104862986758,47.60386556353111,46.51690166173306,47.1673698425293,20747100
2022-03-16,47.946220973035025,49.24715416174497,47.90342778401327,48.61380386352539,31659800
2022-03-17,47.68089339236626,49.041737567833486,47.09889693588274,49.033180236816406,21432300
2022-03-18,48.733628117729644,49.32418525139358,48.55389475744548,49.084537506103516,30900500
2022-03-21,49.49536153419218,49.49536153419218,48.57101293669765,48.76786422729492,21661200
2022-03-22,49.48679381415106,49.85482108074686,49.050298104768764,49.212913513183594,23407400
2022-03-23,48.887682301982416,49.21291640281959,47.92910119231125,48.22865676879883,23070200
2022-03-24,48.45117761278167,48.476852867475344,48.10026831735685,48.28855895996094,16770200
2022-03-25,48.38271760262317,48.98183205452943,48.3056885550222,48.56245422363281,21206300
2022-03-28,48.10028543187583,48.168753890390754,46.84214526566335,47.86063766479492,25546300
2022-03-29,49.02461792325135,49.12732548132223,48.04036164523497,48.33135986328125,21463500
2022-03-30,47.93765184598042,48.31423967814619,46.68807266540057,47.047542572021484,32222400
2022-03-31,46.653847502860394,46.95340637115948,45.66959104536363,45.703826904296875,29202400
2022-04-01,45.76373151823126,45.99481863580761,44.30874036955281,44.78803253173828,40073100
2022-04-04,44.71956079251204,45.361468363696424,44.2145933725839,45.19029235839844,29296200
2022-04-05,44.556938554873405,44.9164051724916,44.00917476888196,44.1461181640625,23065500
2022-04-06,43.65827608754127,43.72674780176636,43.1361939586746,43.24745559692383,25196600
2022-04-07,43.27313215208294,43.31592533906982,41.97219902523416,42.819515228271484,28689900
2022-04-08,42.65689594025503,43.90647517036231,42.64833860959867,43.5470085144043,26853300
2022-04-11,43.4699801819491,44.71955943226739,43.119070850971745,43.26456832885742,20895700
2022-04-12,43.30736156745304,43.75241786228929,42.83663001528933,43.084835052490234,18755500
2022-04-13,42.17760323413981,42.94789357928869,42.109134795076876,42.922218322753906,21194200
2022-04-14,43.358722270147645,44.42001102958505,43.033488144123275,43.58980941772461,34043100
2022-04-18,43.51276864615269,45.5411953752089,43.46141487222218,44.77090835571289,28396300
2022-04-19,45.13038384886821,45.51552906677161,44.933532574142234,45.292999267578125,19996800
2022-04-20,45.703821463170094,46.200228298959146,45.26732247601526,45.44705581665039,20532800
2022-04-21,45.82365149300151,46.020502794584715,44.950656634951194,45.044803619384766,15952900
2022-04-22,44.88218703865431,45.019127222974774,43.79522289721183,43.84657669067383,23073900
2022-04-25,43.46141988031616,43.855125662663234,42.51995677080984,43.76097869873047,22079300
2022-04-26,43.24745069338405,44.16323854538785,42.98213099312225,42.99068832397461,18335800
2022-04-27,42.58843248095946,43.32448712651783,42.4001417858689,42.45149230957031,24707500
2022-04-28,42.71681569617206,42.819520009390466,41.94652518475591,42.81096267700195,20112100
2022-04-29,42.940657094278805,43.15683035860734,41.54850074423627,41.686851501464844,21844900
2022-05-02,41.90303217231552,42.24891077579345,41.31504052552873,42.119205474853516,25904000
2022-05-03,42.655310458814306,43.93505579856111,42.43913719267041,43.32112121582031,25374500
2022-05-04,43.38165286545246,45.30992145325497,43.269245133200805,45.16292190551758,26643600
2022-05-05,44.479812667793276,45.076453028474276,43.831292831256505,44.36740493774414,25756000
2022-05-06,44.30687508814195,44.96404038081055,43.73617778448105,44.63545608520508,25912900
2022-05-09,44.090709988757,44.2895890391684,42.8801381270304,43.13954544067383,28888400
2022-05-10,43.7015949485513,43.83129694891783,41.21127761870933,42.15379333496094,31054700
2022-05-11,42.326724170913955,43.18276841721543,41.124801395706726,41.21126937866211,30179000
2022-05-12,40.865399178279226,40.98645899704817,39.257072597148124,40.26011657714844,36301500
2022-05-13,40.47629881554107,41.37557743518481,40.47629881554107,41.193992614746094,21739400
2022-05-16,41.1507487449946,41.565801077353235,40.64057963466034,41.03833770751953,16919100
2022-05-17,43.09630035975496,44.6268074049225,42.97524386440986,44.142578125,46643400
2022-05-18,43.865876887869156,44.151227170235394,42.37860382508249,42.64665985107422,32181600
2022-05-19,42.07597051465945,43.49406681920716,42.01544225521238,43.04442596435547,27279400
2022-05-20,43.459485804254946,43.865892729469245,41.94627245970014,43.01849365234375,29025500
2022-05-23,44.40199017012867,46.3475496803814,44.229054185829064,45.62985610961914,35166800
2022-05-24,45.3704477125539,45.83737947657442,44.52304887598181,45.552032470703125,24344800
2022-05-25,45.44827560303954,45.93250168209233,44.98134048520197,45.569332122802734,23507900
2022-05-26,46.2264865407552,46.90959479579099,45.975724781533145,46.771244049072266,19140700
2022-05-27,46.693429592902355,46.693429592902355,45.86332496956764,46.364845275878906,19509300
2022-05-31,45.85468133217106,46.57237830264487,45.344512190070084,46.183265686035156,25805400
2022-06-01,46.26107936929561,46.46860715801181,44.730572235458325,45.30126953125,23902000
2022-06-02,45.30992146761032,45.39638946145322,44.61816432269701,45.33586120605469,17473600
2022-06-03,45.02457572580492,45.24939781031021,44.28958780782558,44.38470458984375,16550000
2022-06-06,44.79110385245481,45.45691796400126,44.41928553953221,44.445228576660156,18473200
2022-06-07,44.12528902840585,45.16292143611999,43.95235304257224,45.05051040649414,15528800
2022-06-08,44.704634474369406,45.05915851774707,44.15123141139378,44.45387268066406,13207700
2022-06-09,44.566285314774134,44.61816479220878,43.200068567590584,43.208717346191406,14272900
2022-06-10,42.12785868280966,42.49967706614567,40.96052074726294,41.2545166015625,28910800
2022-06-13,40.34658504263642,40.649226346689126,39.257073049503866,39.50783157348633,30308400
2022-06-14,39.94017388190058,40.407108956674016,39.38677081485463,39.741294860839844,25223600
2022-06-15,40.182287646560475,41.660911990926174,40.16499338949545,41.14209747314453,30001500
2022-06-16,40.467629620055625,40.8048593446203,39.74128740616947,40.54545211791992,24744900
2022-06-17,40.74433946220256,40.891339009906154,39.76723859785038,40.22552490234375,35111400
2022-06-21,41.47067642211914,41.79926069310943,41.09021268102761,41.47067642211914,20289700
2022-06-22,40.925933385728094,41.496630802689864,40.58870024514537,40.81352233886719,19752800
2022-06-23,40.52817408484798,40.56276260853029,39.421367715359324,40.07853317260742,24137200
2022-06-24,39.39542264536243,41.73009160302288,39.36947960683677,41.38421630859375,27322600
2022-06-27,41.55715156964683,41.85114735556144,40.85674897123608,41.358272552490234,21198200
2022-06-28,41.85115349376232,42.46508489309932,40.58869887582543,40.822166442871094,21643600
2022-06-29,40.865390086427816,41.33232510216603,40.32063586660862,40.7270393371582,20981000
2022-06-30,39.96611764160281,40.38981542936434,39.13600972747062,39.76723861694336,21207900
2022-07-01,39.551070545725985,40.67517110645196,39.20519192771355,40.52817153930664,16539600
2022-07-05,39.50782538285253,40.33793324118952,38.850660097650646,40.3033447265625,19156800
2022-07-06,40.03529205031019,40.363876369794276,39.30894967481739,39.90559005737305,14952800
2022-07-07,40.5627571625999,40.89998697686826,40.30334986689675,40.58005142211914,15598900
2022-07-08,40.86539573423878,41.1248063111955,40.277407442486414,40.48493194580078,11789900
2022-07-11,40.13905312494381,40.467637434772946,39.853706110032505,39.9401741027832,12778200
2022-07-12,39.4127174368198,40.58005193140556,39.34354039787465,39.88829803466797,16966700
2022-07-13,39.516479489564,39.58565322960379,38.61719777924744,39.34354019165039,21793600
2022-07-14,38.46154873426145,38.46154873426145,37.56226711762723,38.16755294799805,27337600
2022-07-15,40.640572778555146,43.77076065194992,39.940170230428265,43.21735763549805,86566200
2022-07-18,43.8053503120397,44.53169261478566,43.001185501908736,43.29518127441406,26042500
2022-07-19,43.995587741175115,45.31856718546269,43.95235374402672,45.076454162597656,28113600
2022-07-20,44.53169413357753,45.353153228759766,44.48846013878739,45.353153228759766,24546500
2022-07-21,45.05915655265638,45.50879734635025,44.7824550332359,45.47420883178711,18261900
2022-07-22,45.41368620689289,45.84603279686878,44.523053287076216,44.88622283935547,14903400
2022-07-25,45.335861647906185,45.95844176497893,45.02457158936981,45.102394104003906,16794700
2022-07-26,44.76516411386941,45.65579698975526,44.306877806633786,44.445228576660156,18960800
2022-07-27,44.7046331451321,45.57797170944615,44.376048849306954,45.26668167114258,17087300
2022-07-28,45.041865394758865,45.586622991715615,44.36740580707885,45.16292190551758,12729200
2022-07-29,45.16291908141149,45.62572440657939,44.97080970217873,45.320098876953125,16783500
2022-08-01,44.96208495978618,45.5908008946159,44.65645605838819,45.33756637573242,13051800
2022-08-02,45.19785709031588,45.49475196677804,44.29844172826992,44.3159065246582,17378500
2022-08-03,44.74378126960925,45.215317401035996,44.38576130684079,45.066871643066406,13570600
2022-08-04,45.02321817085259,45.189128748716,44.595338964372914,44.76124954223633,10152200
2022-08-05,44.63899140238797,45.704320532665044,44.455616059622905,45.110530853271484,13868800
2022-08-08,45.38122806732765,45.5471386081903,44.892223844845304,44.944618225097656,11594400
2022-08-09,45.09306577985422,45.50348011394165,44.90095637563136,45.48601531982422,9739300
2022-08-10,46.11473120589252,47.50315059137282,46.05360609649334,46.44655227661133,32416200
2022-08-11,47.06654136527342,47.56427630878278,46.93555708284731,47.15386199951172,13450300
2022-08-12,47.31104265318678,47.503152049233506,46.83077249413871,47.485687255859375,15493600
2022-08-15,46.93555867218903,47.31977413934405,46.69105822318755,47.214988708496094,11595200
2022-08-16,46.98795243499035,47.6428671985446,46.92682732354412,47.31104278564453,14708000
2022-08-17,46.647387745238134,47.17132148492162,46.54260232972876,46.94428253173828,13370800
2022-08-18,46.80457416727113,46.90936292869967,46.31557327154635,46.76091384887695,10573300
2022-08-19,46.41163348337163,46.63866916462962,45.73051977745934,45.940093994140625,14798800
2022-08-22,45.023209379682115,45.20658471905229,44.52547441220944,44.75251007080078,16749600
2022-08-23,44.76123933441439,45.12799333219704,44.411953461029995,44.490543365478516,11126100
2022-08-24,44.47308238418475,44.78744202892433,44.21111712392477,44.542938232421875,11159300
2022-08-25,44.71758478594151,45.62573416983111,44.59533454793121,45.45982360839844,12569000
2022-08-26,45.65192114304524,45.7043155199755,43.44267654738164,43.4688720703125,20049700
2022-08-29,43.372812667205416,43.416476308772374,42.813952698257346,43.11084747314453,15103100
2022-08-30,43.52126567999889,43.52126567999889,42.52579585335303,42.85762023925781,16735500
2022-08-31,43.032256147653676,43.26802581377127,42.49959171654372,42.62184524536133,16582100
2022-09-01,42.586930433094196,42.586930433094196,41.74864021692581,42.56946563720703,14470900
2022-09-02,43.05845885631846,43.79196343961174,42.45593521189319,42.64804458618164,15568100
2022-09-06,42.76157377176014,42.875089945000674,41.582725067934796,42.106658935546875,15544500
2022-09-07,41.68751463061165,42.56073442878805,41.56526106076885,42.46467971801758,15413900
2022-09-08,42.26383233109987,43.617322120422145,42.019328564328006,43.57366180419922,18088800
2022-09-09,43.93168026455895,44.542931333470044,43.87928588819436,44.246036529541016,18711800
2022-09-12,44.761247649363945,45.09307212212799,44.27224666957413,44.420692443847656,13506500
2022-09-13,43.5736645690845,43.83562981411316,42.412280763663375,42.78776550292969,22148200
2022-09-14,42.90128590515517,43.23310700138222,41.65258143531913,42.29003143310547,25701700
2022-09-15,42.22890361926119,43.0060685897393,42.15904444700449,42.29875946044922,16556900
2022-09-16,41.90581941572779,42.124124364415316,41.45174472272944,42.01060485839844,19995600
2022-09-19,41.469207800692985,42.33369349628975,41.4255441479087,42.124122619628906,14716100
2022-09-20,41.75736708861896,41.88835138012779,40.91907694995546,41.2596321105957,16650200
2022-09-21,41.25962879613001,41.67877383179103,40.43880351767742,40.456268310546875,18641800
2022-09-22,40.700768632863486,40.927804277383636,39.722763552435055,39.801353454589844,18443100
2022-09-23,39.27742381246474,39.390943312251316,37.81041437131305,38.648704528808594,30918000
2022-09-26,38.15096978986168,38.57884893428308,37.181698662625664,37.53971862792969,23684400
2022-09-27,37.74928205652481,37.888997056129654,36.74508153782391,37.19042205810547,21255500
2022-09-28,37.19042270939385,38.089837826909005,37.068172498982285,37.89773178100586,19818100
2022-09-29,37.461129161773954,37.61830898558541,36.68396077467553,37.015785217285156,20982200
2022-09-30,37.01577742087919,37.522246375612546,36.33466721520032,36.38705825805664,22266400
2022-10-03,36.28227661476407,37.478586629716816,35.85440084195125,37.16423034667969,22001000
2022-10-04,38.04618130743575,39.076580799471564,37.95886067159627,38.779685974121094,20660000
2022-10-05,38.212092729159295,38.421666923503224,37.6445019209761,38.281951904296875,15458500
2022-10-06,37.915201663051526,38.24702611577729,37.365075594009106,37.60084533691406,17738400
2022-10-07,37.28648083254504,37.365070736630166,36.62283201336642,36.84113693237305,18101300
2022-10-10,37.10311532338424,37.207900779550975,36.2648216808416,36.32594680786133,13768800
2022-10-11,36.037775226027485,36.291009723076066,35.29553652754735,35.32173538208008,20176100
2022-10-12,35.26933917880271,36.116363258372246,34.97244438098946,35.662288665771484,20862200
2022-10-13,35.103429657113054,37.70562374476991,34.93751579616774,37.504783630371094,27964900
2022-10-14,37.6270326261161,38.788412959765154,37.37379814313837,37.74928283691406,28885100
2022-10-17,38.69236361870215,38.797149043266366,37.71435521920752,38.06364440917969,20835400
2022-10-18,38.997991025645824,39.251225533926274,38.11604060886024,38.552650451660156,21302100
2022-10-19,38.273223691660974,38.50899009559383,37.452394985120556,37.84534454345703,15142800
2022-10-20,37.88899857468137,38.36926869687995,37.303943031346556,37.47858428955078,15421600
2022-10-21,37.496054729484975,38.701098912802934,37.2690190609808,38.648704528808594,18783600
2022-10-24,38.701096069438066,39.00672162594499,38.39547051293115,38.779685974121094,14392300
2022-10-25,38.46532476652126,39.810083821741905,38.343074548968225,39.57431411743164,20085700
2022-10-26,39.731498235166974,40.15064331132617,39.48699777350801,39.65290832519531,16516200
2022-10-27,40.05458475582218,40.290354463069505,39.600510134205315,39.679100036621094,15687900
2022-10-28,39.783885133157014,40.41260096356304,39.321076492152464,40.281620025634766,13457900
2022-10-31,39.914868384544384,40.36021226009022,39.79261816963174,40.04585266113281,15600400
2022-11-01,40.43007389617721,40.58725371819687,40.16810863650079,40.3602180480957,15505200
2022-11-02,40.281623106148764,41.050053994417915,39.766423383000635,39.77515411376953,20306800
2022-11-03,39.43460446458822,39.65290940589596,38.86701028476046,38.928138732910156,16025800
2022-11-04,39.4051267956411,40.14711989288851,39.104796176050066,39.86445617675781,15204100
2022-11-07,40.17361989520767,40.50928433284816,39.93512174501186,40.39445114135742,11792300
2022-11-08,40.4562775098208,41.1011042468234,40.306113902537426,40.73894119262695,16737100
2022-11-09,40.39446014145028,40.50929335852645,39.882133288434865,40.067630767822266,13299000
2022-11-10,41.260103225700796,43.070918507044766,41.127606519036746,42.77058792114258,27915500
2022-11-11,42.84126173224655,44.66974417990913,42.78826102013409,44.33407974243164,26009200
2022-11-14,44.113247871647765,44.14858167922234,43.30059051513672,43.30059051513672,19631600
2022-11-15,44.016091954087166,44.537250535401604,42.832436169068885,43.30942916870117,19839400
2022-11-16,43.17693432903498,43.24759858892123,42.52327223459246,42.726436614990234,18052100
2022-11-17,42.116935027098535,42.62926175978355,41.869605112672474,42.62042999267578,11962700
2022-11-18,43.04442983580012,43.34476049144779,42.54093482039338,42.98259735107422,12884300
2022-11-21,42.9825968842105,43.31826134737501,42.646932421045996,43.17692947387695,9884100
2022-11-22,43.40659463372655,43.883590993785,43.397762865407465,43.57442855834961,13132000
2022-11-23,43.58325901061782,43.69809221300536,42.267103176040514,42.611602783203125,22863300
2022-11-25,42.57626234019013,42.867757815164865,42.51442986460102,42.65576171875,6823600
2022-11-28,42.32010174582149,42.567431674151464,41.36611247253619,41.71944046020508,18987100
2022-11-29,41.7194371423072,42.31126661325185,41.701770238886155,42.01976776123047,12224700
2022-11-30,41.58694398979882,42.779431431304296,40.80078188337655,42.76176452636719,23993100
2022-12-01,42.646935229529554,42.99143148326652,41.82544260771777,42.20527267456055,19797600
2022-12-02,41.76360192092717,41.91376891233846,41.34844149209712,41.728271484375,12745400
2022-12-05,41.463270764157954,41.62226952021859,40.08528603778872,40.31494903564453,20397500
2022-12-06,40.32378983161683,40.53578595637475,39.042967836741134,39.73196029663086,22160800
2022-12-07,39.43163120857157,40.14712573963678,39.14013568306797,39.4581298828125,20233400
2022-12-08,39.6171276207634,40.07645705663764,39.09596570021548,39.47579574584961,15622200
2022-12-09,39.39629111680805,39.917452968053425,39.35212554357382,39.62595748901367,14030600
2022-12-12,39.44047104317407,40.45629298891997,39.184305929613636,40.42979431152344,19045100
2022-12-13,41.37494119447795,42.267097920007956,40.844947567179354,41.154109954833984,25655400
2022-12-14,41.08344900648817,41.55161360183247,40.385624736900965,40.61528778076172,16587500
2022-12-15,39.82911561059806,39.97927921010127,38.9811246061151,39.4139518737793,20201900
2022-12-16,39.04296029077124,39.4492889260394,38.69846412740836,39.17545700073242,26955400
2022-12-19,39.18430010671385,39.290298170166544,38.40697311228614,38.80447006225586,18019100
2022-12-20,38.998801716586584,39.35212970948184,38.68963593198343,38.69847106933594,14412700
2022-12-21,39.05179771330735,39.65245898706066,39.016463904353046,39.58179473876953,22492300
2022-12-22,39.25495734600734,39.25495734600734,37.903471327179126,38.85746383666992,24476100
2022-12-23,38.86630709451839,39.184304691703346,38.76030901866277,39.095970153808594,15143800
2022-12-27,39.113630066702214,39.343296454539285,38.839801472242414,39.21079635620117,14777800
2022-12-28,39.24612137381394,39.63478307513111,39.03412193788484,39.4139518737793,12882200
2022-12-29,39.60829693580289,39.96162831755739,39.44046638275928,39.890960693359375,14124100
2022-12-30,39.68779248082283,39.99695488267402,39.537625478768355,39.952789306640625,11802800
2023-01-03,40.41211903438994,41.295444040606114,40.226621591792735,40.43861770629883,19564000
2023-01-04,41.109950665259085,41.993275758867824,40.93328497261377,41.4809455871582,21507200
2023-01-05,41.25127891165903,41.48094193313462,40.606452054481075,41.29544448852539,12314900
2023-01-06,41.56927647301364,42.12576880706261,41.171779541823284,41.79010772705078,16736300
2023-01-09,42.30242558741265,42.68225553404228,41.93143077607216,41.993263244628906,16745500
2023-01-10,42.010932525632285,42.58509167613227,41.69293502954391,42.56742477416992,12429900
2023-01-11,42.58510137521575,43.0532659598037,42.27593894450295,43.026763916015625,17143700
2023-01-12,43.33592808463994,43.70692298752642,42.88543042300048,43.3624267578125,16287800
2023-01-13,42.85009668392929,44.369416847889994,42.16993936083471,44.095584869384766,28037000
2023-01-17,44.042585620874995,44.819912574635204,43.936587562967816,44.44008255004883,28193500
2023-01-18,44.37825238336492,44.590248510236016,43.494927325627394,43.662757873535156,18952000
2023-01-19,42.973757211388985,43.81291316051272,42.81475846174896,43.60974884033203,14869100
2023-01-20,43.883585989415614,45.146741000921,43.51258773958299,45.12907409667969,19957300
2023-01-23,45.093741083251714,46.18906557820265,44.943577448979184,45.91523361206055,18531200
2023-01-24,45.42057418823242,45.888738773952014,44.53724910449752,45.42057418823242,13303200
2023-01-25,44.91706871263122,45.87989296473982,44.91706871263122,45.84456253051758,20719000
2023-01-26,46.00357178237533,46.162567196722,45.500073386742756,46.10073471069336,22393300
2023-01-27,45.89756194843087,46.10072627529586,45.632565146851185,45.80923080444336,18294000
2023-01-30,45.43823469990576,45.968231697332854,45.3499035518099,45.712066650390625,11126200
2023-01-31,45.80924164231832,46.12723922729492,45.60607726738726,46.12723922729492,34823400
2023-02-01,45.52657039163706,46.58656104420847,45.411737200457324,46.065399169921875,22111900
2023-02-02,46.445236812271524,47.01939612326332,45.69440843227278,46.12723922729492,22331700
2023-02-03,45.51172591456067,45.975585540135896,45.07462630875966,45.449283599853516,20050600
2023-02-06,44.95866708415835,45.48496906107757,44.521567447930046,45.36900329589844,16152000
2023-02-07,45.27087304489309,46.17182882400017,45.12814727584095,45.60984802246094,14361000
2023-02-08,45.288718168930686,45.948823632702535,45.13707011189053,45.62769317626953,13242300
2023-02-09,45.806100876105425,45.904225495461276,44.476967585334144,44.58401107788086,16794900
2023-02-10,44.441274931341745,44.771327608116486,43.84361188413206,44.69996643066406,16519900
2023-02-13,44.592929206347705,45.5652496305776,44.530483488414625,45.4938850402832,11626900
2023-02-14,45.43144330322492,46.162913348794156,45.038948260164915,46.038028717041016,16283300
2023-02-15,45.351168689345585,46.278888138904904,45.32440866384827,46.225364685058594,9216600
2023-02-16,45.806103585289826,46.23428438650383,45.583094310964455,45.90422821044922,9398000
2023-02-17,45.72581593112013,46.020189779692814,45.422523209644254,45.8685417175293,12297700
2023-02-21,45.26195631988055,45.41360096794384,44.09338669088022,44.45912170410156,22899200
2023-02-22,44.50372437242323,45.03002632655609,44.039864734640794,44.63753128051758,14431500
2023-02-23,44.90514411821723,45.154913397103584,44.334240964847716,44.940826416015625,12550700
2023-02-24,44.601842305676605,44.90513496946922,44.28963077067707,44.76240921020508,14547300
2023-02-27,45.04786292304818,45.663367151821994,44.94973832073988,45.02110290527344,14190200
2023-02-28,45.030019271703495,45.37791309482304,44.824851206859925,45.21734619140625,12932400
2023-03-01,45.01218400784266,45.975585554221205,44.86945823091817,45.939903259277344,15966000
2023-03-02,45.654454959785845,45.895305363548864,45.012187216417786,45.850704193115234,18104500
2023-03-03,45.92206414231275,46.73381767249816,45.92206414231275,46.69813537597656,15879900
2023-03-06,46.70706047146375,46.78734394205891,46.39484546232645,46.54649353027344,12693300
2023-03-07,46.20751470592254,46.50188854156019,45.253035413217276,45.565250396728516,30953800
2023-03-08,45.54741006859053,45.73473702035806,44.86946004859697,45.20843505859375,12847700
2023-03-09,45.11924102038619,45.342250309566786,43.18351862081577,43.353004455566406,29460100
2023-03-10,42.889138933350374,44.04878630789616,42.041703135580036,43.12106704711914,29770800
2023-03-13,41.92573473633016,42.13982509181257,39.784844792909176,39.909732818603516,50709200
2023-03-14,42.11306542078338,42.80885658592364,41.533243419826064,42.282554626464844,42165900
2023-03-15,40.53416016373449,40.5876836089045,39.33883044441315,39.98109817504883,41832800
2023-03-16,39.838374108775305,41.113987349435824,38.982019366232244,40.69472885131836,28877300
2023-03-17,40.12382377695923,40.12382377695923,39.08906099499969,39.47263717651367,37130200
2023-03-20,39.882979985499105,40.80178055992245,39.1693509491885,39.329917907714844,31899900
2023-03-21,40.65012771268577,41.05154506196815,40.09706569970299,40.20410919189453,29835600
2023-03-22,40.30223175235684,40.41819751463759,38.96417625832866,38.990936279296875,21672000
2023-03-23,39.52615493827179,40.007852261948535,38.455710013605646,38.759002685546875,24112600
2023-03-24,38.21486478382573,38.46463405208798,37.47447244883256,38.45571517944336,25453900
2023-03-27,39.30315492853712,40.14166855782972,39.142587982077686,39.94541931152344,29335200
2023-03-28,39.89189502109744,40.34683238577085,39.68672692307994,40.337913513183594,16206000
2023-03-29,40.66796754091701,41.04262145284385,40.552001776479635,40.98910140991211,15047000
2023-03-30,41.46188067544589,41.60460646388877,40.801775179966775,41.09614562988281,14226400
2023-03-31,41.568922287314514,41.89897842298805,41.32807529501909,41.827613830566406,16009200
2023-04-03,42.05061790855223,42.362832857741466,41.41727254149358,41.66704177856445,16633100
2023-04-04,41.83653819043266,41.94358168154722,40.721491899673275,41.11398696899414,15542400
2023-04-05,40.56093033732217,41.20319477198331,40.41820452930284,40.82854080200195,11739100
2023-04-06,40.85529384632913,41.2210288795607,40.60552457568839,40.908817291259766,11918100
2023-04-10,40.8463720400253,41.711645552394664,40.82853089299643,41.49755859375,11777100
2023-04-11,41.6313706926356,42.255797356240045,41.560009492628794,42.10415267944336,14177300
2023-04-12,42.35391587124494,42.496641653511986,41.49756117764269,41.854373931884766,14330900
2023-04-13,41.83653518520671,42.4520394684662,41.55108362750513,42.1933479309082,15578900
2023-04-14,42.969423835215245,44.50372867762497,42.835620317028045,44.20935821533203,33064500
2023-04-17,44.387755880622926,44.43236044914341,43.79009277437762,44.325313568115234,19590400
2023-04-18,44.53940704950065,44.869459782013614,44.11122970392548,44.673213958740234,16616200
2023-04-19,44.361001174454415,45.00326892613804,44.04878957452556,44.95866775512695,14894000
2023-04-20,44.432358676203144,44.646445624015364,43.79900989870284,44.06662368774414,20410200
2023-04-21,43.67412994893165,43.90606147052211,43.10322682324905,43.736572265625,14377300
2023-04-24,43.736572265625,43.98634493524942,43.48680299885162,43.736572265625,11208800
2023-04-25,43.263793674101265,43.39760058268735,42.568005916296094,42.728572845458984,15374000
2023-04-26,42.63936727147955,42.6928907156926,41.38159525670677,41.80085372924805,16984600
2023-04-27,41.96142166532344,42.2379509599281,41.42619741891073,41.95249938964844,16541400
2023-04-28,41.6548946317348,42.682968127485054,41.519624247668155,42.44849395751953,15222100
2023-05-01,43.178969876004246,43.6298780726705,42.538677622219204,42.61082458496094,18314800
2023-05-02,42.22305178611714,42.439489277887965,41.086764414752665,41.48356246948242,19450100
2023-05-03,41.60078937023884,42.024640717281684,41.149881193271625,41.185951232910156,14533500
2023-05-04,40.61781564817438,40.94247013590218,39.752072641004865,40.49156188964844,20601800
2023-05-05,41.303191732646106,41.93446392055679,41.18595463371036,41.77213668823242,13384500
2023-05-08,42.27715725951851,42.52064812028942,41.727048660016465,41.80821228027344,8760900
2023-05-09,41.4023908345831,42.16893339941268,41.29417382970098,41.95249938964844,10188800
2023-05-10,42.52064555644445,42.55671559870622,41.1138107035364,41.81722640991211,11840000
2023-05-11,41.24909210738627,41.60080002507544,40.969527727608,41.510616302490234,11222800
2023-05-12,41.78115586030462,41.826245992701786,40.64486525901924,40.98755645751953,12812800
2023-05-15,41.203986322234094,41.76311491618813,41.149879544865556,41.52864074707031,11911300
2023-05-16,41.42042578583267,41.627843136293734,40.81620703435357,40.83424377441406,9201200
2023-05-17,41.285147991579485,42.48456528927055,41.285147991579485,42.45751190185547,16359100
2023-05-18,42.36733024965085,42.36733024965085,41.35729693571354,41.83525848388672,17618000
2023-05-19,41.89839300234729,42.141883865737704,41.1408670185183,41.22203063964844,15416200
2023-05-22,41.4565052528636,41.573738919952405,40.98756026403766,41.2941780090332,14471000
2023-05-23,41.33926646438183,42.2230461780953,41.303192980518396,41.40239334106445,13797100
2023-05-24,40.72602621612892,40.798173175382246,39.869299995855656,40.12181091308594,23744900
2023-05-25,39.95046742095257,40.401375638886925,39.57170616916292,39.8873405456543,18109400
2023-05-26,40.094762166186705,40.266109508877925,39.6709107356744,40.22101593017578,11962600
2023-05-30,40.33824494850517,40.48253542699129,39.90537351304682,40.31119155883789,12431100
2023-05-31,39.86028884572021,40.0496694796553,39.41839725971483,39.968505859375,18154100
2023-06-01,40.29315991221058,40.897375292197374,39.9594887835635,40.43745040893555,15757100
2023-06-02,41.005594100155875,42.09679115288115,40.906393742606916,41.77213668823242,19455600
2023-06-05,41.80821396622983,41.91643098421746,41.31221557361643,41.69999694824219,11004700
2023-06-06,41.65489753715674,42.84529488878573,41.61882749631685,42.583770751953125,14189200
2023-06-07,42.80922160267538,43.44951036111827,42.529657306381225,43.296199798583984,15457400
2023-06-08,43.04370916705205,43.51265424740779,42.863345145352525,43.37738037109375,12058600
2023-06-09,43.37737525737592,43.801230142378316,43.206031349047606,43.5577392578125,11744000
2023-06-12,43.530681183918325,43.73809855807595,43.26013693241519,43.69300842285156,13801000
2023-06-13,43.69301646602409,44.56777625890801,43.69301646602409,43.90945053100586,14062700
2023-06-14,44.03570349030895,44.432501531171965,42.89039606672679,43.503631591796875,22053000
2023-06-15,43.404428262586805,43.819263018866835,42.908429885281826,43.79220962524414,14926100
2023-06-16,44.044712453300136,44.044712453300136,43.43147703528106,43.45853042602539,18223000
2023-06-20,43.206030112678235,43.206030112678235,42.457524176497586,42.93548583984375,12777700
2023-06-21,42.83627912287228,43.15191348771502,42.592788281355055,42.7551155090332,10550700
2023-06-22,42.58377627995815,42.619846325480474,41.871340418498896,42.05170440673828,11841900
2023-06-23,41.57374189381901,41.70901575340643,41.33927110271225,41.5015983581543,13249100
2023-06-26,41.59177649009757,42.10581162573507,41.4925761235435,41.69999694824219,13253900
2023-06-27,41.663920082165355,42.0336646837711,41.39337583906595,41.84428405761719,11863300
2023-06-28,41.81723277142057,41.83526951537364,41.32123435326125,41.69097900390625,13394900
2023-06-29,41.63685860323919,42.195987208759036,41.4925681270113,41.745079040527344,18840800
2023-06-30,42.18697268263511,42.205009424561865,41.510610341087144,41.519630432128906,15228200
2023-07-03,41.555706844233825,42.64690400651888,41.50159661464064,42.15090560913086,10159900
2023-07-05,42.123845841788174,42.43046357449025,41.8533015929703,42.20500946044922,11852900
2023-07-06,41.934464292694365,41.934464292694365,40.680939996520614,40.92443084716797,17431400
2023-07-07,40.78915617299225,41.79918959790025,40.7711194318136,41.24908447265625,13160700
2023-07-10,41.122824363347256,41.83526010859298,41.06871758381127,41.185951232910156,14307600
2023-07-11,41.30318799888644,42.033660478312235,41.149880871192586,41.96151351928711,14131700
2023-07-12,42.61984503695668,43.530681601957674,42.583774992524866,42.728065490722656,17960500
2023-07-13,42.89039062719757,43.151914777243995,42.51162593791091,42.99860763549805,26210700
2023-07-14,43.720060902498815,43.78318777852539,41.203992191759376,41.25810241699219,38634500
2023-07-17,41.312214356678034,42.0426835067733,41.23105073553891,41.7180290222168,18521400
2023-07-18,42.15991720679139,42.98057000304995,42.09679033324509,42.40340805053711,24678000
2023-07-19,42.457526283647276,43.1429053715202,42.0426880418786,42.85432434082031,15789100
2023-07-20,42.73707876816268,43.17897031909909,42.592788281355055,42.7551155090332,17647200
2023-07-21,42.872349588698604,42.92645636734739,42.22304072366254,42.430458068847656,18251600
2023-07-24,42.36734004763256,43.14290281168026,42.36734004763256,42.98057556152344,19006200
2023-07-25,42.827261590557406,43.08878572740292,42.43948027021829,42.46653366088867,14729900
2023-07-26,42.73707917321062,43.061733631643875,42.40340806433492,42.82726287841797,12267900
2023-07-27,42.926463197168005,44.297224663585794,42.782172697553335,43.17897415161133,25162700
2023-07-28,43.57576829778091,43.61184177952196,42.466534535417956,42.7551155090332,20871700
2023-07-31,42.91744867981323,43.33228345681087,42.710031291314415,42.98057556152344,14377200
2023-08-01,42.682968127485054,42.80922186200976,42.214023227710264,42.44849395751953,15219100
2023-08-02,41.862315658215906,42.096789848823946,41.43846428930477,41.763118743896484,13101100
2023-08-03,41.45650526878473,41.907413515118584,41.222031054203256,41.67293930053711,13467100
2023-08-04,41.71855195106733,42.5943396632793,41.563466066227534,41.7003059387207,18329500
2023-08-07,41.91925270990456,42.18381465685233,41.627323485710775,41.80978012084961,16972000
2023-08-08,41.07082877371637,41.26240665806369,40.2680217363607,41.19854736328125,18524500
2023-08-09,41.0708299486196,41.22591581750758,40.514338809535595,40.54170608520508,13957100
2023-08-10,40.78802777071068,41.04346847331785,40.36837991080973,40.45048522949219,12112300
2023-08-11,40.176805445514624,40.705925949092105,40.1220674016667,40.66031265258789,11973200
2023-08-14,40.213290519147954,40.514341008060924,40.12206046184792,40.23153305053711,14280300
2023-08-15,39.82101055295208,39.82101055295208,39.39223797757375,39.41960525512695,17125100
2023-08-16,39.24627589708486,39.37399450733825,38.83574930693385,38.89960861206055,13963600
2023-08-17,39.08206461818939,39.30101328935896,38.397854805882204,38.73539733886719,16123600
2023-08-18,38.45258903887382,39.04556872948974,38.3978510064799,38.54381561279297,12908700
2023-08-21,38.88135744771913,39.00907604105094,38.014691090019596,38.37960433959961,14486300
2023-08-22,38.59856039927834,38.66241970821018,37.37610530247098,37.42171859741211,20507900
2023-08-23,37.45820586210879,37.613291741201756,37.1936439129928,37.4764518737793,16214500
2023-08-24,37.42171383876778,38.0146935577402,37.14803062385198,37.4764518737793,15579600
2023-08-25,37.640659982017674,38.005573264625305,37.202766130931096,37.62241744995117,16881900
2023-08-28,37.841353375255,38.1880205608918,37.54030294883445,37.69538879394531,14125900
2023-08-29,37.67715863104823,38.10593129149243,37.6406666003569,38.06031799316406,13199700
2023-08-30,38.032941817080925,38.169785172661435,37.713645294154524,37.74101257324219,18211400
2023-08-31,37.86872895343768,38.023818312638355,37.41258910177942,37.66802978515625,17795700
2023-09-01,37.94171905517578,38.15154300281544,37.750141122122805,37.94171905517578,12413500
2023-09-05,37.88696986092192,38.251883085115225,37.57679466437875,37.73188400268555,15843400
2023-09-06,37.42171605031579,37.850488649735034,37.321364720232886,37.74101257324219,13675200
2023-09-07,37.46732933982019,37.74101257089308,37.12978680416599,37.15715408325195,12406100
2023-09-08,37.047680216223455,37.12066078464006,36.74662623631867,37.02943420410156,15055400
2023-09-11,37.23013685737142,37.74101127650056,36.97469616773588,37.02943420410156,11404200
2023-09-12,37.01118792473464,38.37048623739744,37.00206665877504,38.02381896972656,24774700
2023-09-13,38.26102057467975,39.13681198811821,38.023829314419935,38.65330123901367,31031900
2023-09-14,39.036450707582965,39.62943044746833,38.981712670640974,39.35574722290039,19422800
2023-09-15,38.999951032361956,39.446969546186054,38.91784573309101,38.96345901489258,22983200
2023-09-18,38.86311658625354,39.02732722231394,38.68066341736076,38.89960861206055,10467400
2023-09-19,39.036451335408955,39.10031063949949,38.7445220938319,38.936100006103516,11031700
2023-09-20,39.18241110405958,39.346621717120605,38.56206067251142,38.58942794799805,11240700
2023-09-21,38.370485592262796,38.64416880737157,38.03293959622679,38.051185607910156,12260100
2023-09-22,38.08767238852638,38.188023698936156,37.275744120767854,37.33047866821289,15438200
2023-09-25,37.175402628644434,37.48557790634395,37.02031672983034,37.42171859741211,10866800
2023-09-26,37.10241379826725,37.4399597935524,36.54592610348136,36.691890716552734,21786500
2023-09-27,36.75575318857233,37.06592845311995,36.43645317738059,36.91083908081055,15083400
2023-09-28,36.92907978019653,37.722762100541814,36.865220483161316,37.58592224121094,14409800
2023-09-29,37.81399342814887,38.21539523448235,37.33048283135015,37.522064208984375,16916100
2023-10-02,37.3943490908423,37.449083649485445,36.755752559460234,36.947330474853516,16178900
2023-10-03,36.67364724412477,36.983822503386264,36.11715603073758,36.36347198486328,19283400
2023-10-04,36.20837976613846,36.427328423712574,35.706626630950055,36.31785583496094,23342000
2023-10-05,36.144515416582166,36.381710052490234,35.752234924947594,36.381710052490234,18734100
2023-10-06,36.19926010113368,37.26662571881935,36.04417073681269,37.01118850708008,17080000
2023-10-09,36.65540092225989,37.4125913110898,36.44557699571495,37.16627883911133,14859700
2023-10-10,37.53119117067117,38.09680368363669,37.53119117067117,37.804874420166016,18902100
2023-10-11,37.98732183242196,38.315743043895196,37.73188465908521,37.88697052001953,12763900
2023-10-12,37.76837667815346,38.124165163892634,37.51293602474623,37.88697052001953,18112500
2023-10-13,39.191544455081896,39.519965782482465,37.722773229802506,37.79575729370117,32082900
2023-10-16,38.27013259976603,38.31574588695063,36.974693667284726,37.357852935791016,25044200
2023-10-17,37.08416913018968,38.014691309865846,37.03855236367537,37.58592224121094,20258100
2023-10-18,37.34872524913034,37.34872524913034,36.646269545578896,36.91995620727539,23232600
2023-10-19,36.728378291858704,37.17539686514932,36.51855438360255,36.54592514038086,17483300
2023-10-20,36.46382267404541,36.71013862383593,36.08978811623116,36.19926071166992,21396500
2023-10-23,36.10803670012589,36.14452524782318,35.387334812017,35.47856140136719,21333500
2023-10-24,35.50592042116083,35.85258764416243,35.341713294550075,35.515045166015625,17181000
2023-10-25,35.30522695962649,35.442066833845914,34.903821643078956,35.223121643066406,15570100
2023-10-26,35.12277623464946,36.26312611239781,35.09540895120642,35.88909149169922,25109600
2023-10-27,35.87995926983622,35.91644780992984,34.82171156549765,34.88557434082031,20654700
2023-10-30,35.16837794301402,35.551537185293796,35.040659355610934,35.515045166015625,21777500
2023-10-31,35.615401917918696,36.06241704209438,35.5059258433658,36.02592849731445,16373100
2023-11-01,36.07154336398771,36.345226602182656,35.83434867216655,36.126277923583984,16011000
2023-11-02,36.48206194109277,37.741005256037454,36.42732391345893,37.72275924682617,23283600
2023-11-03,38.40661302614088,39.247566126201775,38.388130114295535,39.053497314453125,20287700
2023-11-06,39.15515995068331,39.15515995068331,38.591443357092466,38.85020065307617,20843900
2023-11-07,38.53600094760631,38.961097466330855,38.489795417354685,38.77627182006836,11463200
2023-11-08,38.6746075241343,38.96108737792418,38.37888797678898,38.64688491821289,14761600
2023-11-09,38.88716352794246,39.07198562140644,38.15710427289119,38.35116958618164,19128400
2023-11-10,38.53599295236816,38.95184968886508,38.32344473710424,38.88716125488281,11912500
2023-11-13,38.7762673991574,39.654186474870045,38.7485447892183,39.460121154785156,16332100
2023-11-14,39.83901529895388,41.37306211827664,39.8297720780616,40.994171142578125,26218500
2023-11-15,41.10506112763524,41.788914871811805,41.10506112763524,41.47471237182617,18894900
2023-11-16,41.36381099429773,41.67801346474134,40.95719748412283,41.2806396484375,14744800
2023-11-17,41.53015504939561,41.94601179234875,41.26216161527498,41.91828918457031,15573100
2023-11-20,41.844357242090105,42.26945720154647,41.779668807548866,41.82587432861328,19670300
2023-11-21,41.696500075146936,41.890568916199854,41.308369443552124,41.66877746582031,14466700
2023-11-22,41.872088635487636,41.88132833075922,41.4377489273527,41.60409164428711,9441200
2023-11-24,41.48395043594876,42.06614988882543,41.43774491355499,41.798152923583984,5941000
2023-11-27,41.548640779900005,41.761189012874034,41.456229730869744,41.65953826904297,14679700
2023-11-28,41.61332965361651,41.62257287376934,41.178993488334214,41.45623016357422,14064700
2023-11-29,41.79815278071471,42.53745171225431,41.73346434453346,42.2786979675293,14027600
2023-11-30,42.3156659662723,42.666830773484236,42.121600647772716,42.602142333984375,16249000
2023-12-01,42.509731435779216,43.67412687616854,42.40807716613102,43.64640426635742,20053400
2023-12-04,43.239793076721966,43.87743781402347,43.15662171748649,43.77578353881836,19351000
2023-12-05,43.44308871875516,43.785017302457824,42.88861546044788,43.156612396240234,14813100
2023-12-06,44.17315080872857,45.3929948781347,44.15466789552481,44.228599548339844,33903400
2023-12-07,44.302530628069455,45.06031249364335,44.154670837841756,44.82004165649414,14896800
2023-12-08,44.82928210974857,45.43920419541673,44.74611075600948,45.180450439453125,17591600
2023-12-11,45.05107831941636,45.235903961162585,44.46887878175533,44.496604919433594,17666000
2023-12-12,44.36722402107413,44.459638603572344,44.089987324091226,44.41343307495117,14735600
2023-12-13,44.35798250914147,45.771892073538524,44.22860562419739,45.596309661865234,22212500
2023-12-14,46.215464924313316,47.63861750747026,46.215464924313316,46.428016662597656,51664900
2023-12-15,45.91975288772588,46.29864385567711,45.46693378042737,46.04913330078125,35156100
2023-12-18,46.3540834156089,46.72373461483868,45.79036692314827,45.89202117919922,17871400
2023-12-19,45.67023607743965,47.41683453409086,45.439204927249634,47.06566619873047,23161500
2023-12-20,46.853119301986126,47.21352734253702,46.08609416932185,46.27091979980469,17452100
2023-12-21,46.585114032279286,46.825384841513326,46.178500537708196,46.76069641113281,13089000
2023-12-22,46.88084318533386,47.3706281229416,46.843877353182684,47.000980377197266,14440600
2023-12-26,47.01946071924177,47.62013959516371,46.93628936408266,47.444557189941406,11501500
2023-12-27,47.259730853394196,47.66634792816688,47.06566553602843,47.555450439453125,9901300
2023-12-28,47.499999299875505,47.86964697374792,47.499999299875505,47.61089324951172,10218500
2023-12-29,47.64786572156318,47.69407124658621,47.333663216048684,47.53696823120117,13149400
2024-01-02,47.40758948513573,49.11722204574408,47.30593521893266,49.015567779541016,24784900
2024-01-03,49.20963363615753,50.244652173452124,48.26702614629343,49.57004165649414,30897600
2024-01-04,49.82879448605731,50.595819561486465,49.58852365203752,49.69017791748047,23714300
2024-01-05,49.93044719888608,50.52188633370252,49.8010703288019,50.20768737792969,17782200
2024-01-08,49.89348502809071,49.98589607117802,48.99708310407144,49.911964416503906,17359500
2024-01-09,49.764105269890756,49.81955401160664,49.228114867658725,49.42218017578125,17237400
2024-01-10,49.024800546848894,49.18190353385184,48.618187064746785,48.99707794189453,16532700
2024-01-11,47.90661888664288,48.18385555859196,47.37062493231985,48.12841033935547,25444400
2024-01-12,48.33171798864047,49.76411047623219,47.37987073709511,48.627437591552734,37908000
2024-01-16,47.8511700766676,48.25778715187498,47.01021684192808,47.93434143066406,21209400
2024-01-17,47.232008251220265,47.767998679064966,47.13035398251122,47.46303939819336,17393500
2024-01-18,47.54620855940144,47.666345737358576,46.677529230680385,47.23200607299805,15788100
2024-01-19,47.24124205038421,47.758753024111705,46.77917981410236,47.61089324951172,18211000
2024-01-22,48.045241169905566,49.07101655023454,48.008275338563344,48.830745697021484,21573200
2024-01-23,48.89542848603871,49.35749074862659,48.5997089200029,49.255836486816406,12962500
2024-01-24,49.47763317670323,49.57928744930541,48.969365338947995,49.218875885009766,14402200
2024-01-25,49.34825042996345,49.69017551287978,49.015565041069614,49.6532096862793,15634000
2024-01-26,49.77334898273613,49.89348616168344,49.54231784451345,49.59776306152344,14041200
2024-01-29,49.41294390226554,50.115277053011674,49.385217766860464,50.0043830871582,12158300
2024-01-30,50.86381933462738,52.85992834941843,50.836093199178535,52.75827407836914,40086100
2024-01-31,52.434831506748694,53.553021429921046,51.88035462999185,51.908077239990234,28967800
2024-02-01,51.76945735944775,52.29620806731946,50.68822981022056,51.80642318725586,21178700
2024-02-02,51.87173216469003,52.22625220369227,51.30263879645503,51.815757751464844,19283100
2024-02-05,51.255983915810106,51.44257357989122,50.481641614390966,50.845489501953125,14040600
2024-02-06,50.73354191299979,51.283979516568444,50.48164637656307,50.70555114746094,14832700
2024-02-07,50.84549004031101,51.03207970636775,50.16444078427048,50.882808685302734,13383300
2024-02-08,50.54694978188743,50.8361639524263,49.99651220499216,50.649574279785156,15822200
2024-02-09,50.649572661977174,50.7895122428117,49.94053264036882,50.36968994140625,13843300
2024-02-12,49.977849275140265,50.882806808856415,49.446071059775576,50.304378509521484,17162300
2024-02-13,49.716627298737976,49.87522620025271,48.73703600888893,49.222164154052734,17672100
2024-02-14,50.04315782185325,50.47231156987912,49.99651129426816,50.36035919189453,14891900
2024-02-15,50.584264066222815,51.75977285236235,50.50962678004167,51.507877349853516,16865000
2024-02-16,51.27464063177204,51.49854892906827,50.892133441354765,51.17201614379883,11527500
2024-02-20,50.920126212506744,51.92770469285203,50.71487722845972,51.70379638671875,16537900
2024-02-21,51.55452168312148,51.74111133174232,51.29329831039323,51.61983108520508,9317200
2024-02-22,51.722454051694264,52.68338953438964,51.69446684891244,52.151611328125,12904800
2024-02-23,52.235573908959225,52.56210312158482,52.01166562108632,52.179595947265625,11668900
2024-02-26,52.207588775399664,52.72070769007113,51.62916401116467,51.647823333740234,12307100
2024-02-27,51.9463627725768,52.17026751445333,51.51720905156203,51.97434997558594,11039300
2024-02-28,51.79709342121202,52.41283681949238,51.30263383803437,51.35860824584961,13448100
2024-02-29,51.778435700560635,51.918378842231036,50.97610261397449,51.769107818603516,23744600
2024-03-01,51.7597746155624,52.19825978955943,51.37726740810811,51.871726989746094,12922400
2024-03-04,51.69447330914453,52.776689178406215,51.58252092512494,52.37552261352539,14314700
2024-03-05,52.011676035367245,53.70030751610594,52.011676035367245,52.48747634887695,19653900
2024-03-06,53.24316103323276,53.69097412346981,52.25423823464546,53.44841003417969,17845000
2024-03-07,53.681640891062045,54.22274698658221,53.2058370833598,53.849571228027344,14720300
2024-03-08,54.148111489779325,54.474640712712045,53.420412200398154,53.653648376464844,13028000
2024-03-11,53.31779967411585,53.681647596690034,52.83266792438287,53.56036376953125,9176900
2024-03-12,53.653657366819054,54.045496058897506,53.25249435095385,53.59768295288086,10954000
2024-03-13,53.64431873275964,54.45597960231072,53.607000091678756,53.88688278198242,12982800
2024-03-14,54.4186710317525,54.73586884219076,52.8419920669872,53.261817932128906,18833600
2024-03-15,52.6647361998405,53.87756376325013,52.6647361998405,53.746952056884766,26164300
2024-03-18,53.97085185972374,54.72653838136848,53.70030058951669,54.698551177978516,13994600
2024-03-19,54.66123618980609,55.342285469422244,54.614589661402626,54.91313171386719,13455300
2024-03-20,54.56793651736764,56.293882771361886,54.539945756597476,56.097965240478516,20269900
2024-03-21,56.26590228368698,57.42275184505567,56.26590228368698,57.217506408691406,17892100
2024-03-22,56.946948201905734,57.534700830012426,56.51779447249082,56.74169921875,16206800
2024-03-25,56.80701335882065,57.39476963162787,56.517802722776025,56.86299133300781,12040300
2024-03-26,57.04957509123629,57.7959302083053,56.909631949766265,57.52537536621094,17947400
2024-03-27,57.87056452756287,58.55161380122784,57.5813539186474,58.54228591918945,16684400
2024-03-28,58.52362397799375,59.12070805099318,58.38368440026677,58.999427795410156,19012000
2024-04-01,59.33528164128717,59.615167899091695,58.794175564595065,59.20466995239258,14223900
2024-04-02,58.44899299037242,59.32595981886927,58.44899299037242,58.626251220703125,16062000
2024-04-03,58.644907186634896,59.13936676218534,57.394761087119065,57.55335998535156,18079900
2024-04-04,57.98252146731804,58.53295904854486,56.67639730745377,56.82566833496094,13401100
2024-04-05,56.74169892392394,57.87989264801644,56.36851960356195,57.46939468383789,12686300
2024-04-08,57.534701202323255,58.1411167152611,57.52537332071117,57.59067916870117,10708300
2024-04-09,57.60934053931257,57.926541908929636,56.82566677666463,57.52537536621094,10301200
2024-04-10,56.4618203660052,57.19884762053428,55.94870143194265,56.14461898803711,18088000
2024-04-11,56.30321933776754,56.80701040252737,55.5102176520139,56.63908004760742,18181900
2024-04-12,58.11312491476397,58.402335487585454,54.81049989664267,55.678138732910156,28561900
2024-04-15,56.14461691644007,56.825666175997995,54.28805524588485,54.63324737548828,19242300
2024-04-16,54.278729979828746,54.623918567165546,52.9352907185624,53.19651412963867,23211400
2024-04-17,53.63499854078382,54.941119135740294,53.51371471933504,54.2693977355957,15971600
2024-04-18,54.56794236982114,55.01575544225494,54.04549200586406,54.409339904785156,12272500
2024-04-19,54.325371176954604,55.45423344562203,54.325371176954604,55.17435073852539,13410100
2024-04-22,55.45424256663363,56.965615839566475,55.23033778768956,56.86299133300781,14513100
2024-04-23,56.98427248933459,58.56094798645324,56.92829451777515,58.4676513671875,17427800
2024-04-24,57.96385411605617,58.523619501955366,57.693299304014225,58.28105545043945,10123000
2024-04-25,57.6932987435679,58.24373624321236,57.00291811935731,57.64665222167969,13339100
2024-04-26,57.38543642628842,58.99010271465091,57.38543642628842,58.45832443237305,16364100
2024-04-29,58.53295685289683,59.111381617926895,57.80525750705706,58.085140228271484,10857100
2024-04-30,57.75861254316335,58.15977909269175,57.180187762479,57.217506408691406,11163400
2024-05-01,57.35744409504502,58.09447131828475,56.79767865599568,57.23616027832031,14086600
2024-05-02,58.019833592119994,58.019833592119994,56.89097128181323,57.413421630859375,11292500
2024-05-03,57.88394381946333,58.48621841766722,57.789840320584986,57.89335632324219,11048900
2024-05-06,58.40152046375389,59.22964125760316,58.08156356027907,59.10730743408203,13386700
2024-05-07,59.11671087402811,59.43666774787891,58.31682048431004,58.34505081176758,10158200
2024-05-08,58.00628075781983,59.239056685864526,57.88394333843992,59.050846099853516,9755200
2024-05-09,58.702657065848825,59.69075812511721,58.61796248420763,59.587242126464844,11563000
2024-05-10,59.831917856454375,60.15187118099535,59.39903243833187,59.78486251831055,9548700
2024-05-13,59.869557403339954,60.18010540552853,59.634295070706784,59.66252899169922,6617900
2024-05-14,59.76604580683031,60.198931259037025,59.50255312360598,59.841331481933594,8322500
2024-05-15,59.8789658919997,60.594161755729885,59.85073197290038,60.4530029296875,9461300
2024-05-16,60.32125914370211,60.66944997196659,59.69075783111514,60.35890197753906,11682200
2024-05-17,60.58475277754965,60.74473661884475,60.1330531234977,60.29302978515625,8418400
2024-05-20,60.293034648761605,60.46242382760419,59.21082640502492,59.43667984008789,11792100
2024-05-21,59.530778024658865,61.05527690820355,59.47431736330203,60.92353057861328,11197200
2024-05-22,60.50006412265039,61.14939047753276,59.88838060366639,60.057769775390625,8855300
2024-05-23,60.03894899939945,60.2553899234017,58.81558553816922,59.304931640625,11535000
2024-05-24,59.59666208114972,60.198933141535456,59.540197823056545,59.83192443847656,9424600
2024-05-28,59.5025529955987,59.82250993446217,58.67442852033703,58.76853561401367,8404400
2024-05-29,57.930996171683134,58.51444573224548,57.59221784947977,58.35446548461914,7224200
2024-05-30,58.439162914387154,58.79676267079426,57.978050745431744,58.2791862487793,10061500
2024-05-31,58.34506081812551,58.71206949728793,57.81807187969167,58.63678741455078,17351600
2024-06-03,59.21082863892102,59.2861143167219,57.70515098109049,58.269779205322266,11373900
2024-06-04,57.42282680460676,58.37328498643664,57.17815198445621,57.43223571777344,10424200
2024-06-05,57.667500591401144,58.21331091453483,57.33813476869511,58.12861633300781,8780700
2024-06-06,58.1568469624768,58.39210929128117,57.63927055707084,58.28859329223633,8537900
2024-06-07,57.96863802244244,58.900278450400606,57.94982019464546,58.13802719116211,8260800
2024-06-10,57.6392732427336,58.02510333635753,57.15933964913054,57.80866241455078,9302300
2024-06-11,57.18757131680714,57.20639273520624,55.4278099794045,55.65365982055664,16966800
2024-06-12,57.319319874046016,57.60163398132103,56.36886154192913,56.472373962402344,15398500
2024-06-13,56.22769814464347,56.811147731120755,55.66306997577104,56.67940139770508,9358200
2024-06-14,55.93597472876067,56.30298700814209,55.20195734963493,55.832462310791016,10511000
2024-06-17,55.7289466136253,56.961719030072466,55.380755750975396,56.51942825317383,15527500
2024-06-18,56.81114942484844,57.996873640576574,56.5476567501615,57.19697952270508,15768100
2024-06-20,56.85819902221941,57.42283077636196,56.79232585604219,57.046409606933594,9519200
2024-06-21,56.65116409249595,56.70762474854192,55.84186118420319,56.45354461669922,18976200
2024-06-24,56.55706196982621,58.1380250943106,56.31239072928806,57.72396469116211,13290500
2024-06-25,57.59221791807256,58.18507998263455,57.27226101225701,57.9498176574707,11643100
2024-06-26,57.620453178766184,57.789842354563746,56.989951816489636,57.63927459716797,12409300
2024-06-27,57.87453333484558,58.279184830713696,57.36636583912957,57.92158508300781,11285100
2024-06-28,58.373285752203145,59.83191500962051,58.16625735145764,59.71898651123047,20053200
2024-07-01,59.897785919545406,60.50946936512463,59.27669356102991,59.69075393676758,15334400
2024-07-02,59.55901501946201,60.89530339121764,59.549602515537856,60.86707305908203,10965600
2024-07-03,60.86706999246429,61.375237484213166,60.6129898364081,60.660037994384766,6574100
2024-07-05,60.6976806783167,60.75414133960355,59.99189369368511,60.25538635253906,7226200
2024-07-08,60.50947376260235,61.045871584401745,60.434188094368906,60.92353057861328,10349000
2024-07-09,60.98000228030446,62.82445819097891,60.92353443573611,62.62683868408203,16904300
2024-07-10,62.35392985317873,63.04089183507703,62.3162870188829,63.03148651123047,9817100
2024-07-11,62.28805631652361,62.57977930603045,61.45992832622834,61.83634948730469,20112300
2024-07-12,62.6832961525264,62.75858182168711,59.615473340775125,60.71649932861328,30125400
2024-07-15,60.86707541341484,61.68579097519954,60.11423661219204,61.299957275390625,16656600
2024-07-16,61.16819623162104,63.539636988022764,60.88587860792862,63.30437469482422,21170200
2024-07-17,62.89972811780173,63.81254703460313,62.69270331470304,63.62434005737305,17215300
2024-07-18,63.56788426692509,63.7560912585644,61.01763429850239,61.06468963623047,15796200
2024-07-19,61.10233776316062,62.09044250394777,60.7447415762164,61.299957275390625,8583100
2024-07-22,61.29994856773031,61.77988570333502,60.36831180537445,60.69767761230469,9925100
2024-07-23,60.70709251147836,61.2058474930361,60.490648012874374,60.84825134277344,6961200
2024-07-24,60.60357793933361,60.857658097932024,59.81309636308775,59.90719985961914,11591100
2024-07-25,60.04835520223607,61.77988600237508,59.60606089665909,60.57534408569336,12819700
2024-07-26,60.74474216556585,61.779895078562994,60.641226156302416,61.33760070800781,9661300
2024-07-29,61.45052505227147,61.488160707961704,60.3589043667,60.50947570800781,7901900
2024-07-30,61.17762020307352,62.32570155786348,61.17762020307352,61.98692321777344,13554300
2024-07-31,62.02457338260033,62.13749472288283,61.008238242232196,61.0552864074707,15046500
2024-08-01,61.243494232850935,61.3752405692262,58.298008723161516,59.54960250854492,18052700
2024-08-02,56.15241342632547,57.027589615789765,54.95728390160856,55.296058654785156,30289300
2024-08-05,51.38163431070636,54.06092773100645,50.84007160933023,53.40535354614258,27977300
2024-08-06,53.57636875711338,54.78300137962303,53.29133825657113,53.73788833618164,16643100
2024-08-07,55.26755298023893,55.53358458906296,53.08231430583555,53.310340881347656,19221200
2024-08-08,54.01341972729805,55.44807903006761,53.975418315635864,55.106040954589844,17933300
2024-08-09,55.134543755857784,55.54308883839197,54.58348522261898,54.95402526855469,11421000
2024-08-12,55.391072316357835,55.75211291532381,54.84951323008876,54.95402526855469,15123500
2024-08-13,55.32456449214101,55.38157204619136,54.88751745083416,55.248558044433594,7478500
2024-08-14,55.45757566587269,56.55969628412606,55.372066151337535,56.32217025756836,12419500
2024-08-15,57.32928613412469,57.96585419245537,57.101259537129344,57.50030517578125,14159000
2024-08-16,57.319780382259246,58.45040292275183,57.319780382259246,58.33639144897461,9939700
2024-08-19,58.43140158855731,58.953958113664385,58.288884525182894,58.93495559692383,8882500
2024-08-20,58.51690533982538,58.62141735942788,58.04185334116609,58.250877380371094,8661300
2024-08-21,58.33639700253659,58.38390148576952,56.892238241225066,57.509803771972656,14414900
2024-08-22,57.718828628413625,57.718828628413625,57.11076253634107,57.40529251098633,7848500
2024-08-23,57.83283798002927,59.343503707422116,57.70932705138307,59.03947067260742,13299700
2024-08-26,59.24849495428412,59.47651791902777,58.49791181125362,58.70693588256836,9384200
2024-08-27,58.82094431357796,59.07747285387679,58.39339674641324,58.602420806884766,7294800
2024-08-28,58.28888862577447,58.89695833117115,58.09887069372022,58.507415771484375,7692900
2024-08-29,58.91595706710715,59.115481694205336,58.11786943179357,58.79244613647461,8368000
2024-08-30,58.85894823015485,59.57152628711954,58.58341717828225,59.51451873779297,10806500
2024-09-03,58.944464264331124,59.27699927796678,57.92785308051945,58.393402099609375,11055200
2024-09-04,58.49791049932437,58.972962560305966,57.395789862821466,57.9183464050293,11436800
2024-09-05,58.53591420553913,58.70693323355989,57.32928156310804,57.60481262207031,10243900
2024-09-06,57.671319327366696,58.032359898512695,55.86612009599621,56.14165115356445,14094000
2024-09-09,56.92073610824463,57.64281362473404,55.26755339049856,56.56919860839844,19811700
2024-09-10,56.90172940141742,56.90172940141742,53.861395800602885,55.058528900146484,22482300
2024-09-11,54.71649480163531,54.71649480163531,53.37684817692933,54.44096374511719,16569400
2024-09-12,54.50746475337948,54.97301730201796,53.994411354592266,54.46946334838867,12937800
2024-09-13,54.83050839192409,55.37206745527993,54.564480395709886,54.792503356933594,10379400
2024-09-16,55.03953831240031,55.8566285297795,55.03953831240031,55.476585388183594,9912700
2024-09-17,55.92313140464552,56.44568796746659,55.828118814085485,56.3316764831543,10630400
2024-09-18,56.76871494251907,57.84233349516469,56.33166796510906,56.911231994628906,13638700
2024-09-19,57.88034366534348,60.01807802452489,57.57631062420869,59.87556457519531,21860600
2024-09-20,59.40051126058474,59.524025813590605,58.602423638106266,59.03947067260742,18331800
2024-09-23,59.115477664113364,59.73304314825381,59.06796956010608,59.457515716552734,11508200
2024-09-24,59.55252961205463,59.761553689062,58.07036580341649,58.307891845703125,12046200
2024-09-25,58.07036168782723,58.23188126980193,57.11075813971697,57.367286682128906,12763800
2024-09-26,58.003859426135904,58.90645912141667,57.823340936823676,58.63092803955078,12844500
2024-09-27,58.91595390557656,59.486018542701174,58.706933467221106,58.78293991088867,8144600
2024-09-30,58.602422669084106,59.514521758446136,58.184378159216415,59.47651672363281,11316400
2024-10-01,59.115479433394334,59.23899035930332,57.96585069509681,58.72593688964844,13550100
2024-10-02,58.62142313160338,59.410007642359254,58.25088311606126,58.93495559692383,7380800
2024-10-03,58.43139583509234,58.58341232968895,57.88983684656948,58.250877380371094,7939800
2024-10-04,59.3530027845735,59.790049789665574,58.725934239418955,59.51451873779297,10097900
2024-10-07,59.3720083144356,59.88506178697698,58.97296269761495,59.47651672363281,6954300
2024-10-08,59.76154775207831,60.19859475662114,59.372005226401534,60.0845832824707,8245700
2024-10-09,60.018073945516164,61.044188107878114,59.894563022696644,60.920677185058594,8636400
2024-10-10,60.80666137007846,60.91117339920579,59.96106931529832,60.31260681152344,8708600
2024-10-11,60.920678650047805,62.801880744230566,60.90167250840683,62.459842681884766,15512400
2024-10-14,62.52634827506,63.11541542446639,62.374335388944196,62.716373443603516,14682900
2024-10-15,63.41944706985695,63.80899322038269,59.410006709540646,59.51451873779297,35348100
2024-10-16,60.27460381439398,61.2247115547555,60.236602404267174,61.044189453125,20208800
2024-10-17,61.50023737677983,61.918278223063425,60.588134748640186,60.77815628051758,13439600
2024-10-18,60.920682850499276,60.920682850499276,59.600034991081706,59.714046478271484,13841200
2024-10-21,59.65703695751065,59.771048434018546,58.649925312672366,58.744937896728516,12188500
2024-10-22,58.51691221482392,60.512129393862104,58.24138115338392,60.38861846923828,14347300
2024-10-23,60.027578672911254,60.455126252362675,59.49551906022064,59.951568603515625,8720500
2024-10-24,59.86605538462778,60.14158643260465,59.27699188068639,59.8565559387207,11420300
2024-10-25,60.47411668053429,60.55962617933066,58.61191022056436,58.67841720581055,9697800
2024-10-28,59.23898594320574,61.13919403921054,59.115475026504136,60.95867919921875,14637700
2024-10-29,60.87317492146646,61.690265101517255,60.645151946414046,61.462242126464844,13134100
2024-10-30,60.9966812591924,61.97529458617629,60.93967733190525,61.281715393066406,11717600
2024-10-31,61.33871781109765,61.77576482322344,60.892167728418116,60.968177795410156,10042800
2024-11-01,61.12019889984771,61.576244811603026,60.51212922733504,60.531131744384766,11557700
2024-11-04,60.377770840532676,60.99122909512237,59.649286420832695,59.76430892944336,9419600
2024-11-05,60.38735474852235,61.09666814331721,60.128551360820154,61.02956771850586,12649800
2024-11-06,65.56341878595674,67.18332865634025,65.4579799566833,66.16728973388672,41957700
2024-11-07,65.37171031351889,66.09060745324086,64.94996229772191,65.28544616699219,18582000
2024-11-08,65.8701306874779,66.26312387398177,65.2662525846337,65.78385925292969,14973300
2024-11-11,66.61778800908445,67.28875561059529,66.33022628672357,66.90534973144531,19173100
2024-11-12,66.64654396754061,67.08746658722379,66.01391840469033,66.1576919555664,15766500
2024-11-13,66.20563191506511,66.8957743214193,65.95641219877062,66.03309631347656,10525300
2024-11-14,66.42608645312988,66.42608645312988,64.67197599878783,65.32377624511719,15043500
2024-11-15,65.18000854589803,66.10019602428012,65.07456971173967,65.90849304199219,15372900
2024-11-18,65.83179780883137,66.40691397159252,65.53465604255452,66.1385269165039,11519000
2024-11-19,65.18000311181434,66.03309374397314,64.89244134935657,65.75511932373047,14428200
2024-11-20,66.27273075165945,66.60821462269911,65.1800076785589,65.44839477539062,10495600
2024-11-21,65.94682550077263,66.5890384422464,65.57299962063125,66.0905990600586,11390300
2024-11-22,66.05226214869388,67.28875859590785,65.61133220471216,66.94368743896484,16671600
2024-11-25,67.51880674124712,68.23770372166756,67.12580621504478,67.81594848632812,19558100
2024-11-26,67.44213305714317,67.55715922445417,66.45484888830512,66.85742950439453,11605200
2024-11-27,66.87660163338289,67.4804799134763,66.7711701137633,67.25043487548828,9736100
2024-11-29,67.35586854364945,68.14186248543032,67.30794645374826,67.93099212646484,8606500
2024-12-02,68.3048066532762,68.67863253183715,67.9405608032945,68.42941284179688,11932600
2024-12-03,69.19623976346246,69.78094328281759,68.31438715710786,68.45816802978516,17544200
2024-12-04,68.53485870361328,68.74573636201204,67.57632921125506,68.53485870361328,12331900
2024-12-05,68.85116018826189,69.82885683970332,68.66903728423925,69.23457336425781,14307600
2024-12-06,69.31127414369885,69.58924860970201,68.73615783710639,69.15791320800781,8781100
2024-12-09,69.30168389760043,69.78094863461564,68.86075390410684,68.87992858886719,11957500
2024-12-10,69.01412058863146,70.33688860056712,68.61153997365096,69.4933853149414,16833400
2024-12-11,69.97264815375753,70.22186785235589,68.31438902773652,68.97577667236328,22533600
2024-12-12,68.87991845503,69.33042841162374,68.44858318037555,68.4677505493164,8893000
2024-12-13,68.73614560358745,68.92785588033179,67.8255455562995,68.06517791748047,9819900
2024-12-16,68.3143832990089,68.79364797220049,67.89263535943932,68.52526092529297,11833800
2024-12-17,67.95973850381306,68.39107382499624,67.86388702277226,68.17061614990234,12639000
2024-12-18,68.22812645976296,68.50610087748164,65.10331840895917,65.29502868652344,18028000
2024-12-19,66.33981967889753,66.94369057534037,65.4867290878755,65.58258056640625,13464300
2024-12-20,65.45797784426539,67.3462820546793,65.20875813647993,66.3206558227539,27720100
2024-12-23,66.4836088678269,66.9820410063216,66.0139314451877,66.87660217285156,8248000
2024-12-24,67.19291737396681,68.25688571804515,67.03955645470316,68.05559539794922,6544900
2024-12-26,67.61466861608437,68.50610130152789,67.58591390252157,68.39107513427734,6341700
2024-12-27,67.9214018512186,68.56361486957225,67.6146726996915,68.05559539794922,7743100
2024-12-30,67.26959592701918,67.89264152131501,66.89577003304153,67.47088623046875,6664400
2024-12-31,67.62425445004892,68.01724771497449,67.2408412140977,67.47088623046875,6393000
2025-01-02,67.99807247429894,68.20895009531624,66.76156877078706,67.03954315185547,9827400
2025-01-03,67.94056922375162,68.14185954384754,66.953284995805,68.05559539794922,11342900
2025-01-06,69.23458208803002,70.92158857418323,68.89909094613687,69.72342681884766,19199700
2025-01-07,70.83533598638675,71.20916192995671,69.72343818592213,70.62445831298828,18309400
2025-01-08,70.4039860472741,70.42316073179067,69.67550892163193,70.22187042236328,13742800
2025-01-10,69.4550418497199,69.4550418497199,68.0747571257997,68.43900299072266,13217700
2025-01-13,68.03642823865437,69.97265464255021,68.03642823865437,69.75218963623047,16720600
2025-01-14,70.27937633923625,70.92158929147159,70.10684075220298,70.45191192626953,19576000
2025-01-15,73.03993804373451,75.96345566650956,72.71404155490005,75.02409362792969,44903000
2025-01-16,74.60235006150803,75.49378275702095,74.53525329143714,75.254150390625,21463100
2025-01-17,75.29249771438728,77.11369797601094,74.91867178169612,76.67277526855469,22084800
2025-01-21,77.09452187519666,78.4556319023397,76.60566982125123,78.28309631347656,21297400
2025-01-22,78.0913989528205,78.8678055018716,77.86135392217567,78.30227661132812,14725700
2025-01-23,78.59941334258019,79.33747778673599,78.40771038157845,78.58024597167969,14435200
2025-01-24,78.11057032546958,78.71444861721504,77.9667894315778,78.10099029541016,16025200
2025-01-27,77.4012481828781,78.03388109003025,76.89322877664925,77.70797729492188,12782800
2025-01-28,77.85175619990639,78.02429177813637,76.18391715234905,76.62483978271484,16521700
2025-01-29,76.56733485993361,78.21600679224812,76.56733485993361,77.2862319946289,10573000
2025-01-30,77.91884854634453,79.19369428472754,77.63128682792791,78.4652099609375,10775500
2025-01-31,78.30226686493677,78.9253051073411,77.70797602066018,78.05304718017578,12818300
2025-02-03,75.76560863324299,77.12649762222158,74.21168919192861,76.83694458007812,20998500
2025-02-04,77.31951910218362,77.44498814527813,75.6304770675074,75.74629974365234,13417700
2025-02-05,76.28680081538893,76.82729198080786,75.48571043547172,76.69216918945312,10736100
2025-02-06,77.44499360593043,79.62627296347621,77.14579420934137,79.46219635009766,19545700
2025-02-07,79.55871894372827,80.02200236026282,78.51633677925561,78.87345123291016,10310300
2025-02-10,78.78658267587343,78.96996676949283,77.2809244526746,77.91793823242188,10681600
2025-02-11,77.65733844334731,78.69006687214093,77.42570041768859,78.28469848632812,9993800
2025-02-12,77.37743522356622,78.4584248949298,77.22301233545126,78.43911743164062,10448100
2025-02-13,78.56458994866196,79.2691576872774,77.96618379830365,79.24020385742188,11108400
2025-02-14,79.53941629930587,81.7206884255686,79.36568594411646,81.66278076171875,16035000
2025-02-18,81.01611531900653,81.78824445300438,80.6397008014092,81.68207550048828,17907000
2025-02-19,81.13193623873599,81.29602022626537,80.54318377547146,81.01612091064453,9710800
2025-02-20,80.91959308113081,81.13193098707372,78.12061483337982,78.50667572021484,15160300
2025-02-21,78.95065973908906,79.05682869306163,76.83694175463081,76.87554931640625,14907800
2025-02-24,77.42569527676704,77.87932492947363,74.38541785775962,75.80421447753906,12830000
2025-02-25,76.42191872895553,76.7983332470811,73.796663469672,75.41814422607422,14501400
2025-02-26,76.05515828666397,77.30021716694247,75.73665142722555,76.31575012207031,13115000
2025-02-27,76.78867898888132,77.57046921347192,75.92003463833073,76.12271881103516,8485900
2025-02-28,76.46052473884136,77.18439993033965,74.90660540533389,77.16509246826172,21233600
2025-03-03,77.21334207825225,77.6283640864684,73.59396666833419,74.48191833496094,20121100
2025-03-04,71.94354430143049,72.25239742644078,68.16973804668541,69.82982635498047,33983900
2025-03-05,70.07111841386018,70.96872396315129,69.20246669460434,70.4185791015625,17214200
2025-03-06,69.30863403478708,69.8684326145778,67.60029182969241,68.1214828491211,18550800
2025-03-07,67.735407849422,68.2758989132733,65.6989052663043,68.00565338134766,18212900
2025-03-10,66.10427957317344,66.33592493328531,63.74927732114916,65.06190490722656,22378400
2025-03-11,64.94608900483904,66.0849863715056,63.86509930242405,65.14877319335938,21269200
2025-03-12,66.39383580823316,66.70268893970693,64.54071701939057,65.58309173583984,16131100
2025-03-13,66.01741174336975,66.73163312599945,64.4055849265498,64.88816833496094,17125200
2025-03-14,65.6024028690284,66.59652371146646,65.22598832409827,66.38418579101562,12727300
2025-03-17,66.49034082684771,67.90913721306337,66.28765668076524,67.50376892089844,12531700
2025-03-18,67.53273322389872,68.03461680201613,67.16596506715953,67.7740249633789,12289900
2025-03-19,67.90915587930296,69.66575965849506,67.24318824223528,68.9515380859375,14400600
2025-03-20,68.5075464591615,70.43788016497047,68.08287068751913,69.31828308105469,15315600
2025-03-21,68.79709603130163,69.73330911034247,68.30485884635084,69.47271728515625,21724000
2025-03-24,70.70812381186832,71.76015211881179,70.13867155481384,71.46095275878906,15310600
2025-03-25,71.76016150658597,72.19449105376349,71.15210897690481,71.87598419189453,10922200
2025-03-26,72.21377752152044,72.44541548477336,70.51508194251016,70.68881225585938,12345800
2025-03-27,70.44752625215503,70.44752625215503,69.26037515143061,69.34723663330078,13155800
2025-03-28,69.09629294721016,69.68504532920352,67.25282804770683,67.88018798828125,13630700
2025-03-31,67.07910002588986,68.71988082207469,66.02707163197304,68.51719665527344,15568400
2025-04-01,67.92844786493916,68.41103134402304,66.86676568368249,68.08287811279297,10957100
2025-04-02,67.24318822325016,69.45342170453736,67.17562682267109,69.26039123535156,9731700
2025-04-03,63.86509485589356,64.47315474275902,60.70900219204487,60.85377502441406,39469500
2025-04-04,58.151308851941515,58.31538546649095,54.34855238691281,56.10515594482422,51730500
2025-04-07,54.20377402938458,59.19368891567791,53.57641405924173,56.800071716308594,37487700
2025-04-08,59.10682579465293,60.47736110001183,55.56466116421879,56.722862243652344,30272300
2025-04-09,54.78286875438928,63.45972035088317,54.11690495372851,61.91545486450195,49437900
2025-04-10,59.92722081174612,60.32293914526626,57.0220696825109,59.444637298583984,25912800
2025-04-11,58.75936415221812,60.139553166597324,57.83280109456644,59.492889404296875,24776000
2025-04-14,61.14332565221893,62.18570773985458,60.51596933516691,61.01785659790039,20385900
2025-04-15,61.95406865334623,63.98091776830586,61.616258012973155,62.08919143676758,24738400
2025-04-16,60.863425966630835,61.596951189752566,59.16473016284442,59.93686294555664,21922600
2025-04-17,60.01407804850971,61.558343613516584,59.68592115571831,61.04680633544922,14656300
2025-04-21,60.56422848339402,60.94064301953827,59.79209562953145,60.506317138671875,15136000
2025-04-22,61.307400724868266,62.70689343872621,61.29774699423906,62.3015251159668,13252300
2025-04-23,64.15465050280261,66.42279143887349,63.85545109460236,63.99057388305664,17243900
2025-04-24,63.95196321011447,65.9595048396534,63.48867984105819,65.78578186035156,13672300
2025-04-25,65.49623418569792,66.3166246752027,65.39971895698676,66.04637908935547,12253400
2025-04-28,66.2683718832414,66.98259342436471,65.4093664510995,65.90160369873047,14304800
2025-04-29,65.66030718760197,66.7026892728976,65.60239952629873,66.48069763183594,8862800
2025-04-30,65.1584174461064,66.26836081917384,64.3959347352799,65.99810791015625,15756500
2025-05-01,65.83404088836232,66.50000848182839,65.52518773961457,65.7664794921875,9682300
2025-05-02,67.15632067879157,68.36277941175216,66.94398276360816,68.13113403320312,13291200
2025-05-05,67.40148038785307,69.01647326093125,67.36256409208347,68.33544921875,10318500
2025-05-06,67.56685711402561,68.36462247973215,67.2944505143975,67.58631896972656,7744300
2025-05-07,67.85872658291746,68.77324082891977,67.76143957052903,68.34516906738281,11619200
2025-05-08,69.07483345576858,70.28120875049237,69.02618623784673,69.69747924804688,12698400
2025-05-09,70.08663262766132,70.3006685040786,69.35696891579681,69.51262664794922,8941900
2025-05-12,72.57722291521641,73.59875518207726,72.27563092629651,72.87882232666016,18464100
2025-05-13,73.09284802083175,74.20193633678565,72.9955610044807,73.52091979980469,12397800
2025-05-14,73.57928194017641,73.80304873194686,72.93718176915826,73.24850463867188,11372000
2025-05-15,72.56748970597548,74.1046498110798,72.45074825459069,73.90034484863281,12627700
2025-05-16,73.33607009208194,73.83224353029486,73.0831253312487,73.66685485839844,14008700
2025-05-19,72.96637744849907,74.25058539469171,72.76207248234613,74.06573486328125,12691700
2025-05-20,73.79331750811386,73.98789893985453,73.37497670802473,73.84196472167969,8930900
2025-05-21,72.94692011548364,73.37498446552448,71.21517859125692,71.42921447753906,17143800
2025-05-22,71.23464044774991,71.90593346881238,70.94277198054272,71.42921447753906,12067800
2025-05-23,69.70720507797148,71.40975366539043,69.70720507797148,71.108154296875,9851900
2025-05-27,72.14916032417152,73.5014699771103,71.49732168642285,73.42363739013672,12148500
2025-05-28,73.52091079395916,73.69603037094944,72.76206176784211,72.99555206298828,9993200
2025-05-29,73.55010391083998,73.66685278198865,72.65505149960384,73.48200225830078,11879200
2025-05-30,73.26796377426693,73.47226872463956,72.4604749006579,73.27769470214844,12512200
2025-06-02,73.12204410166814,73.8419769621421,72.28536236279682,73.74468994140625,9073400
2025-06-03,73.57928187151386,74.65918469780834,73.39443878894316,74.45487976074219,9802600
2025-06-04,74.42570193174468,75.47641950512788,74.27976769835422,74.32841491699219,10119600
2025-06-05,74.53271661951112,75.17481682685259,73.60847888594337,74.5910873413086,14760500
2025-06-06,75.60288791326343,76.28391182582727,75.37912853333134,76.13797760009766,11515200
2025-06-09,76.46874819463541,76.77034754730094,75.99203669351702,76.05040740966797,9288000
2025-06-10,75.71964105760361,76.19635262757323,75.41804166137821,75.91421508789062,10942400
2025-06-11,76.0795953888119,76.78007369684558,75.74881808919746,76.25471496582031,9030500
2025-06-12,75.69045432818352,76.13798052777918,75.24292070606452,76.10879516601562,6739700
2025-06-13,74.95105175886106,75.13590226056036,74.04626852702522,74.28948974609375,11987200
2025-06-16,75.03861080489916,76.17689179630953,74.86349122333779,75.953125,10396600
2025-06-17,75.39859345367185,75.87530506300767,75.01916886751336,75.26239013671875,8078600
2025-06-18,75.30130235715752,76.82873154824192,75.1650990475722,76.22554016113281,14866100
2025-06-20,76.74116340284662,77.12058794557154,76.20608112536125,76.32282257080078,17336500
2025-06-23,76.24499871705184,77.29570885657131,75.40831703866849,77.2081527709961,12007200
2025-06-24,77.83079969858532,79.24147997411279,77.714050826929,78.93988800048828,18393000
2025-06-25,78.9398915882521,80.4673208048565,78.88152086103275,80.38948822021484,13221900
2025-06-26,80.42839703959667,82.49091580582045,80.42839703959667,82.08230590820312,18600500
2025-06-27,82.1990513297173,82.27688391089383,81.53748923476387,82.09203338623047,21872400
2025-06-30,82.59793007527422,83.1232888156709,82.3157925615877,82.81196594238281,18035200
2025-07-01,82.6952254421171,84.1350985157255,82.47145862501044,83.9307861328125,17088900
2025-07-02,84.14483333615276,84.57290517120987,83.14276283365501,84.40751647949219,13420200
2025-07-03,84.76746301281557,86.39218652026877,84.49505641444684,86.3143539428711,13229900
2025-07-07,85.74034399852762,86.42136788548557,84.77719002096279,85.22471618652344,12407300
2025-07-08,85.23444964443392,85.4095692294197,83.16220740753813,83.24976348876953,18075600
2025-07-09,84.29075692885307,84.29075692885307,83.26922469623804,83.46380615234375,9929400
2025-07-10,83.5027275823038,84.71883392333984,83.43462592410675,84.71883392333984,9586100
2025-07-11,83.590284452389,84.60208582823094,83.29842338134414,84.37832641601562,10256000
2025-07-14,84.13510192662478,85.15662676998548,83.88214973671096,85.12744140625,13450800
2025-07-15,86.24626010415624,89.3108494583948,85.73063222161436,88.2601318359375,39270900
2025-07-16,88.99952014774725,89.13572344947946,85.83764400142051,87.5791015625,23321000
2025-07-17,87.68611835636916,90.6728748724875,87.44289711752394,90.56585693359375,23949200
2025-07-18,90.62423850420592,91.25661523361458,90.22535209460908,90.91609954833984,16603700
2025-07-21,91.05230903138765,91.52902805410855,90.02105324493434,90.13780212402344,11894500
2025-07-22,91.03284629999952,91.91817518506333,90.20589556042205,91.45118713378906,15282600
2025-07-23,91.93762582361339,93.38722229003906,91.91817139093648,93.38722229003906,22339800
2025-07-24,93.67909527780704,94.28228663534492,92.7159412293794,92.80349731445312,15644400
2025-07-25,92.80350288183323,93.58181387873358,91.86953413906706,93.4650650024414,13543400
2025-07-28,93.46506442958666,93.59153681123522,92.49217940068598,92.95916748046875,19370700
2025-07-29,93.39695662429344,93.50397456422729,91.80142587576361,91.91817474365234,13169900
2025-07-30,92.32678335150136,93.38722438547663,92.01546046402464,93.21210479736328,13998000
2025-07-31,92.88131976442264,93.54288177319363,91.01338259466546,91.15930938720703,14638800
2025-08-01,89.35948128858374,89.53460087671118,85.55550498887524,89.34002685546875,17725600
2025-08-04,89.84925137396213,90.89708430639072,89.63380783192906,90.17241668701172,11611400
2025-08-05,90.41724046321596,90.79916040142709,87.82213789155445,89.62401580810547,19836100
2025-08-06,89.97655787549017,90.71102043996427,89.71215463966891,90.3193130493164,13153600
2025-08-07,91.3083810877655,91.31817601362937,89.21271523325638,89.34002685546875,12964000
2025-08-08,90.06469486079564,91.3573486408624,89.44774154147191,90.80895233154297,10772600
2025-08-11,91.1027446312711,91.2398437263053,88.91894656655448,90.39765930175781,12133300
2025-08-12,91.28880088539346,93.77618164907012,91.08315226538163,93.756591796875,21046400
2025-08-13,94.01121734584936,94.2070710601171,92.62063654906368,92.6891860961914,16605000
2025-08-14,92.50311551852207,93.51177629545084,92.27788450476474,93.4823989868164,13288800
2025-08-15,93.48239764039353,93.5215698751219,91.65113489137634,91.74906921386719,12000400
2025-08-18,91.4161024310078,92.40518074113523,91.3965200507109,92.26808166503906,8780700
2025-08-19,92.02326551585088,92.39539053119962,91.49445156477233,91.79802703857422,11504400
2025-08-20,91.59238028774912,91.80782384311534,88.80142393718639,91.23983764648438,13447400
2025-08-21,90.92646790377532,90.93626283036525,89.56526449003093,90.6718521118164,17635200
2025-08-22,91.0341898458267,93.63908744427673,90.91667314055606,93.28654479980469,20124400
2025-08-25,93.25715985220221,93.47259592054118,92.91440469107444,93.03192138671875,8647000
2025-08-26,92.71855906703,93.75659715248203,92.08202331843887,93.73701477050781,11031100
2025-08-27,93.17882098194785,95.43116841529393,93.12005889492858,94.86318969726562,11315600
2025-08-28,95.35283313438654,95.47034236786062,94.54002606993802,94.81422424316406,10878900
2025-08-29,94.64774907294056,94.98070186721209,94.06018048394725,94.56940460205078,8362600
2025-09-02,93.05150847578795,93.05150847578795,91.03418699551429,92.81648254394531,15128800
2025-09-03,92.92420310399835,93.26695080664895,91.46507290052037,93.0613021850586,14158800
2025-09-04,93.32570917511951,95.13738193526069,93.32570917511951,95.06883239746094,12900100
2025-09-05,95.35282687396676,95.9501903427062,92.1995331462181,93.42363739013672,17020800
2025-09-08,93.87411620591047,93.98183798781237,92.67938914942775,93.8839111328125,11398800
2025-09-09,93.52156272014653,96.10687024370836,93.4725955626474,95.32344055175781,18101600
2025-09-10,95.48013248152952,96.34189919270624,94.51064399753828,95.15696716308594,12238300
2025-09-11,95.33323363692465,96.9882249067641,94.88276418771905,96.77278137207031,13426500
2025-09-12,96.73362079510257,97.63455980205461,96.40066799870985,97.37995147705078,9502900
2025-09-15,97.73248932324982,98.09481941076925,97.34077445689888,97.72269439697266,10620100
2025-09-16,97.79124434518937,98.76073285315425,97.15470861863761,98.55508422851562,12350700
2025-09-17,98.40819182059886,100.09256055039104,98.32985482279953,99.65188598632812,14371600
2025-09-18,99.8575269257159,100.57239960538386,99.58332877618084,100.28841400146484,11677600
2025-09-19,100.41571922210923,100.99349283317545,99.75960114710001,100.55281829833984,24745700
2025-09-22,99.65187518762117,101.65940156022339,99.59311310646464,101.34603118896484,11474500
2025-09-23,101.385214713488,103.40253623623347,100.28842202757114,100.86619567871094,15747900
2025-09-24,101.24811771667474,101.91403077743742,99.51478925615393,99.5441665649414,12272400
2025-09-25,98.93700103759014,100.14152291100933,98.07523433238919,99.99462890625,11232900
2025-09-26,100.38635225064921,102.15885296963602,100.38635225064921,101.27749633789062,11296300
2025-09-29,101.9923767445012,102.22740268958844,100.7486825310952,101.02288818359375,10748700
2025-09-30,100.96412222880441,101.47335380689628,97.08616066228694,99.39727020263672,17789100
2025-10-01,98.84887498643135,99.04472869017914,96.5769376547936,96.66506958007812,13793300
2025-10-02,97.02739901104935,97.38972907972159,94.69669978673308,95.32344055175781,14511900
2025-10-03,95.32344170446366,96.53775848880515,95.28427694359787,95.71515655517578,13863600
2025-10-06,97.14490769580658,97.98709199501104,95.02965949342133,96.01873779296875,10398000
2025-10-07,96.41045405586789,96.81196386240771,94.67712561173288,95.77392578125,8519400
2025-10-08,96.15583868374118,96.15583868374118,94.58897927894121,94.69670104980469,8496000
2025-10-09,95.01007928378641,95.28428493221178,93.4823994564021,93.93286895751953,11300600
2025-10-10,94.2070628070927,95.87184911788576,91.71968947416995,91.98409271240234,18619500
2025-10-13,93.59011186595025,94.9513151597266,93.43343041101977,94.109130859375,18463600
2025-10-14,93.39426893584596,99.12307584610826,93.07110359169955,97.77165985107422,33164600
2025-10-15,99.0936914600425,100.03380264477877,96.79236945062921,97.71289825439453,15730100
2025-10-16,98.13398985448283,98.61383663455658,93.26695009971628,94.26582336425781,20534000
2025-10-17,94.21685952230219,95.97957271511991,93.30612561790299,95.05904388427734,14007800
2025-10-20,95.45075323087984,97.53662416216353,95.10800553860402,97.24284362792969,11302700
2025-10-21,96.88051265870568,97.34077707871452,95.94040143694586,96.214599609375,9150100
2025-10-22,96.15584544919705,96.4398385495151,93.03192881703825,94.30500030517578,14369200
2025-10-23,94.81422432617063,95.5095146864139,94.30500021421074,94.68692016601562,8189100
2025-10-24,95.37240874626995,97.4484922225753,95.33323651411257,96.73361206054688,11870700
2025-10-27,97.24284330513106,99.13286054065159,97.04698214495265,98.8978271484375,13214200
2025-10-28,98.90762322424129,99.42664222990469,98.05564397807308,99.28954315185547,8766400
2025-10-29,99.19162509547247,99.82816085501142,96.97844232732449,97.06658172607422,11878800
2025-10-30,96.58672658618134,99.35810061747281,96.2733561725917,98.14379119873047,9584000
2025-10-31,97.83041713760872,99.40706407351188,97.65414581957793,99.13286590576172,11190300
2025-11-03,99.2215235764677,100.12783432809576,97.5763710676867,100.09828186035156,10829100
2025-11-04,98.65999639878692,101.02429133930282,97.22171879297895,99.5072021484375,13449100
2025-11-05,99.74363726967766,100.7583120808421,97.53696532490058,100.17709350585938,9992400
2025-11-06,99.96036504334184,100.81741666898273,98.48268153332705,99.3495864868164,9282500
2025-11-07,98.52208734459413,99.32988736289595,95.92136496782304,99.29048156738281,14887100
2025-11-10,99.75349046231081,101.36909050203228,98.81761972781347,99.98006439208984,11270600
2025-11-11,100.12783021335015,100.57113224306964,98.81761574736254,99.26092529296875,9639500
2025-11-12,99.70423187004675,102.3148075936142,99.67467940216918,101.33953857421875,15069200
2025-11-13,100.92578066063226,102.0291203864299,98.97524263760477,99.1722640991211,11427000
2025-11-14,98.34476109147839,100.03917265137562,96.68975532551909,98.80776977539062,10134500
2025-11-17,98.59105250482529,98.78807398028685,95.77360181357732,96.72917175292969,11389600
2025-11-18,96.04943109718562,98.08863410292115,94.94609133681136,96.85723114013672,10463700
2025-11-19,96.70945802237786,99.0934522741765,96.63064643160263,98.34476470947266,8426800
2025-11-20,99.5663134498032,101.32968331988303,96.01002124232781,96.177490234375,12633700
2025-11-21,96.67004797603332,97.85219923801718,94.40427121003253,97.2315673828125,14404700
2025-11-24,97.25127827545042,99.12301221824012,97.13306088933454,98.20684814453125,17389200
2025-11-25,98.86687874829256,100.23619820107064,98.04922540141445,99.66482543945312,10881900
2025-11-26,100.20664242300681,101.76313747424723,99.95050851834893,100.97503662109375,11384100
2025-11-28,101.27058427417327,102.81722611935952,100.98489788036342,102.05867767333984,5865200
2025-12-01,101.56610857483818,102.79751146133206,100.88637929229655,101.15235900878906,9663700
2025-12-02,102.05867378139996,102.64974568720659,101.47745520352478,101.65477752685547,8056900
2025-12-03,101.56611003782591,105.39823527452297,101.56611003782591,105.13225555419922,14003600
2025-12-04,105.07314721896147,107.09264340700346,105.04358723687173,106.18633270263672,12811300
2025-12-05,106.06811945983857,107.74283193025312,105.91050379531083,107.26011657714844,14936300
2025-12-08,107.57535544981214,108.60973690286082,106.13707774964894,107.29952239990234,11394800
2025-12-09,107.18131653249816,108.21569050828248,105.41794659371857,107.80194091796875,15822700
2025-12-10,107.73298310743753,110.2450481601597,107.63447237350255,109.43724060058594,16584300
2025-12-11,109.6145593523324,110.66863995441531,109.45694368635537,110.07756805419922,10829700
2025-12-12,111.614356381065,111.74241957065665,109.53574778667281,110.13667297363281,11227900
2025-12-15,110.77700445097233,111.83108505722294,110.5504305210057,111.1218032836914,10692100
2025-12-16,111.12180269882053,111.69316794261194,108.90527743899742,109.6244125366211,12418200
2025-12-17,110.2253454892461,111.32868529051818,109.30918135033924,109.80174255371094,9949700
2025-12-18,110.55042671894769,112.15617337690463,110.45191599122465,111.15135192871094,21155800
2025-12-19,111.51584685810818,113.88999532592263,111.36808451852393,113.15115356445312,37660800
2025-12-22,113.49594214594407,116.88476534856807,113.16100416311521,116.33309173583984,20178100
2025-12-23,116.40206182655072,118.48066309441535,116.31339690576652,117.62361145019531,16135000
2025-12-24,117.92899759819822,121.0124278997909,117.47584221149013,119.75147247314453,13529600
2025-12-26,119.84013704182523,120.22433416237976,117.8895914547977,118.62843322753906,10603700
2025-12-29,118.5693236505617,118.7761984369267,116.22473522253793,116.37249755859375,11000600
2025-12-30,116.53012043559751,116.64833782002202,114.79630304347232,115.4661865234375,8636100
2025-12-31,115.65336203269618,115.87009014594075,114.638687244221,114.95392608642578,6203300
2026-01-02,115.46618325214284,116.95372002148842,114.85540472375058,116.93401336669922,9245400
2026-01-05,117.5349403738399,122.25367713955525,117.52509456218066,121.46558380126953,19993400
2026-01-06,121.83992722785166,122.3226350538233,120.39179623405002,120.67748260498047,11940100
2026-01-07,120.4903104214575,120.75629766087636,118.9042628604062,119.56430053710938,11595800
2026-01-08,119.08158102755108,120.59867027284957,118.37229928424505,118.80574798583984,14801500
2026-01-09,119.14069376708349,119.9287871001974,118.36244624556421,119.5150375366211,7565700
2026-01-12,115.16079736248376,116.97341877094992,114.93421592848219,115.94889068603516,19926900
2026-01-13,115.96859688098526,116.47101135203226,113.82102999371195,114.5697250366211,18332300
2026-01-14,116.15577492710294,116.9832740580776,108.82646255155942,110.73760223388672,27984600
2026-01-15,112.15617870265514,116.205032186192,111.07254561447186,115.71247100830078,18719700
2026-01-16,116.04741673276273,117.57435187752529,115.25931584032021,116.28384399414062,17153800
2026-01-20,112.75710246461792,114.78645208587551,110.71789951548313,111.1218032836914,20451300
2026-01-21,111.45674159233609,113.87028833297028,111.45674159233609,112.16603088378906,14199900
2026-01-22,112.86545993205381,114.90466276209537,112.35319965066127,113.93924713134766,11271500
2026-01-23,113.25952099396712,113.90969785514419,111.51585017612162,111.9000473022461,12164400
2026-01-26,112.20543698499175,113.76193209926352,112.16603118914963,113.11174774169922,11728700
2026-01-27,113.19055552323152,114.24463609989334,112.0084042354221,113.08219146728516,11976800
2026-01-28,112.8950117186573,113.98849805008736,111.45673409260662,112.50096130371094,11378300
2026-01-29,113.13144696681067,114.62883714638963,111.71287589486232,113.48609161376953,14443200
2026-01-30,112.71769381044244,114.91451988635231,112.48126655859446,113.9885025024414,12396600
2026-02-02,113.83996436694693,115.84028809893532,113.48347117817796,115.09759521484375,11773700
2026-02-03,115.8600896977247,117.76138166416462,114.25587035131825,116.56317138671875,15332100
2026-02-04,116.6324847894027,118.7714438391315,115.79076773106146,116.28589630126953,12408300
2026-02-05,115.2758437856679,115.2758437856679,111.81984073279578,114.61236572265625,18704600
2026-02-06,116.21658668516605,121.77193023361565,116.21658668516605,121.49465942382812,15248800
2026-02-09,120.99953202601468,123.94059717571135,120.50440341643781,122.56413269042969,12887500
2026-02-10,122.5146186201312,123.78214659242764,118.33573214236081,120.95991516113281,12121300
2026-02-11,122.38588373279583,123.02955242386744,116.21658560706514,116.24629211425781,13771400
2026-02-12,116.8899565202116,118.01884908252558,109.85913216832519,110.06708526611328,19353300
2026-02-13,108.70052301452618,110.34435349458037,107.33397088013093,109.7799072265625,16665200
2026-02-17,111.20587905730389,113.39434641461419,110.89889420863321,112.67145538330078,12314600
2026-02-18,113.91918729697991,115.89970166398916,113.84986959633709,115.13719940185547,11678900
2026-02-19,113.86967567257962,114.78071805730913,113.06756974157575,114.42422485351562,8085300
2026-02-20,114.13703910850997,114.99855797779887,112.73086823973051,114.86982727050781,12986800
2026-02-23,114.21625917717503,115.77097019803989,107.7993969005768,109.67098236083984,17996400
2026-02-24,108.38364008079613,110.31464602133012,106.45264169532447,108.49256896972656,14981000
2026-02-25,110.23543210979388,113.39435502143368,109.75020819321475,113.22600555419922,13649100
2026-02-26,113.58249477038186,115.86008929129564,113.34483516417623,115.0579833984375,14759400
2026-02-27,112.07731447427857,112.07731447427857,107.60135508373534,109.11644744873047,29106900
2026-03-02,105.22472905291073,110.79987420301183,105.16530848523804,110.3641586303711,18976600
2026-03-03,106.38333455419503,111.28510482219457,105.70995933538303,109.68089294433594,15813300
2026-03-04,110.5820163549147,111.23558971351066,109.41351259217316,110.23542785644531,13042200
2026-03-05,109.49273867642076,110.51270238710045,106.8388490691381,107.88851928710938,15549100
2026-03-06,104.1651549553803,105.5515089603164,102.08560883785076,105.49209594726562,16586900
2026-03-09,103.43236382109312,106.00703864247345,101.01614133673408,105.551513671875,18525600
2026-03-10,107.35378359685069,109.8294265257876,106.3239152318054,107.9083251953125,17843900
2026-03-11,107.28446548958009,108.47277870767624,106.43285121594643,108.12619018554688,12958400
2026-03-12,105.3237515792319,105.95751555384052,103.62050806432278,104.47212982177734,17487000
2026-03-13,105.08608918773552,106.84874566751286,104.36319815976162,104.6602783203125,11406900
2026-03-16,106.26449647187124,107.63105622713283,105.57131946200143,106.30410766601562,11902600
2026-03-17,107.44290282491599,108.67081959892606,106.37342326929627,106.66059875488281,12758400
2026-03-18,106.06644544339719,108.48267534124447,106.06644544339719,107.61124420166016,12337200
2026-03-19,106.28430230190604,109.50263805694419,105.78917372420786,108.77974700927734,16714500
2026-03-20,108.53218717161067,110.12650186159074,107.79939896198135,108.45296478271484,29718400
2026-03-23,112.02778816041311,112.28525713368316,109.88883665457807,110.55230712890625,16883200
2026-03-24,109.0966333138354,113.68152895998823,108.42325811931742,112.63185119628906,14105700
2026-03-25,113.86967264099727,114.99856523793422,112.48331105816123,113.3646469116211,11314900
2026-03-26,112.94873772850907,113.67162883378782,110.48299933047889,111.3148193359375,12689900
2026-03-27,109.98786805215806,110.77017215494772,105.91791031318544,106.33381652832031,23143000
2026-03-30,107.40329249123842,108.35393847437764,105.48219115058848,106.22488403320312,20319300
2026-03-31,108.03706278067739,112.66156225290855,107.29436985474919,112.3050765991211,18267700
2026-04-01,114.34499290117374,115.65213202075977,112.95863139735526,114.17665100097656,13273700
2026-04-02,111.22568992200436,114.48363706114078,110.66124361249216,114.12714385986328,9833900
2026-04-06,114.67178446873666,116.55326706673098,114.67178446873666,116.21658325195312,13319700
2026-04-07,115.34516180205625,116.55326923793731,114.62227072294523,115.98882293701172,8450100
2026-04-08,120.76186063416198,123.27711478953306,120.54401039981312,122.28685760498047,16312000
2026-04-09,121.61348335580642,124.2574758008139,121.13816413438816,123.70292663574219,8835400
2026-04-10,124.01981006862555,124.24757254969073,122.40569354651278,123.17809295654297,8958000
2026-04-13,121.81153734620734,125.07938149426563,121.15796398355808,125.04967498779297,14416800
2026-04-14,126.82223732167037,129.7137863150528,125.61411486463071,128.31752014160156,17034700
2026-04-15,129.9712515972542,131.56556622125217,129.29788398469606,130.40696716308594,14738900
2026-04-16,129.96136227565145,131.476454605085,127.96103847144884,128.07986450195312,9290300
2026-04-17,129.8029076095234,132.26865332558583,129.3870014243065,130.89218139648438,15929400
2026-04-20,130.69414069038507,132.13992284713694,130.36735400200706,131.75372314453125,10151800
2026-04-21,132.2983713789721,133.97189339766388,129.98115798746397,130.39706420898438,8081400
2026-04-22,131.11994607634003,131.17935908464716,128.1392625385225,128.46604919433594,10439100
2026-04-23,128.22840509585623,128.7235336758864,125.6042145556213,127.25794219970703,9084600
2026-04-24,127.03018876835486,127.80258815341908,126.25778938329063,126.73311614990234,6835000
2026-04-27,126.61428505356734,128.13927447934725,126.39642726272369,127.8818130493164,6155900
2026-04-28,129.18895997600626,130.0306695235168,126.76281776639343,127.27775573730469,9585300
2026-04-29,127.30746342647573,127.66395662347468,125.34675839804437,126.3667221069336,12796000
2026-04-30,126.4558377955923,127.66395275379539,125.31704809226372,126.73311614990234,12127700
2026-05-01,127.38667742892584,129.20874693356964,125.62402093484924,126.19837188720703,10616500
2026-05-04,126.21827290007542,126.40731420455053,123.96970309861653,124.99449157714844,15027900
2026-05-05,125.67105221602995,127.92957356009627,125.41237290420982,127.3624496459961,13566900
2026-05-06,129.82991661222715,130.9143991603054,126.82518915145074,126.95452880859375,13363800
2026-05-07,126.9744388099562,130.5661706936728,126.41726640010542,128.43699645996094,18802300
2026-05-08,129.5314294411837,131.28252092289478,124.5865692340273,124.91490173339844,17505500
2026-05-11,125.23328961653753,127.44205337518261,124.05925834029135,125.21338653564453,11377100
2026-05-12,125.43226870987591,125.91978789655303,122.62653411529195,125.80039978027344,9937100
2026-05-13,124.36768548696716,125.21338423011832,123.13396017236076,123.47223663330078,7207100
2026-05-14,124.4472779048383,125.71085020148226,122.85537310917633,124.18859100341797,8226300
2026-05-15,123.85032032887487,123.87021581877275,122.10917271696441,122.7956771850586,7762100
2026-05-18,122.68622797703118,123.82046062467701,121.19381579951816,121.79078674316406,8770600
2026-05-19,120.83563777812272,120.83563777812272,119.15419186554536,119.36312866210938,11092200
2026-05-20,120.3580679539436,124.64626315774574,119.28352937032146,124.18859100341797,11182000
2026-05-21,123.40258797420195,124.81540302452127,122.65638187977683,124.5865707397461,6834900
2026-05-22,125.3526708054905,125.8501415290833,124.2482851918504,124.45722198486328,6331000
2026-05-26,125.61136206642927,126.78539331848417,124.62637212495642,126.21827697753906,8966900
2026-05-27,126.44711193477632,127.12367246024553,123.83041851535926,124.7557144165039,8246300
2026-05-28,123.8403643524122,124.71591010177848,122.61658302049709,124.04930114746094,7933200
2026-05-29,124.01945337434822,126.2083215300344,122.89516467670504,125.26313018798828,17325700
2026-06-01,123.45234493781942,128.44695559133143,122.97476967091895,128.43699645996094,12543700
2026-06-02,128.03901668752684,131.78995017727834,128.03901668752684,130.59600830078125,13589300
2026-06-03,130.26767704789177,131.18303654371488,127.62114432308728,129.27273559570312,11146400
2026-06-04,130.60597637293262,134.98371294779037,130.20799065965295,134.46633911132812,11482600
2026-06-05,134.72502655768483,135.14290014852037,130.52637238770654,131.79989624023438,12557900
2026-06-08,132.7251925675315,134.19771694646732,132.29737500151288,132.60580444335938,11550500
2026-06-09,134.0484619140625,135.24238865876998,131.25267877254512,134.0484619140625,11663300
2026-06-10,133.51119187095384,136.4263629507631,131.88943249469332,132.70529174804688,15085500
2026-06-11,133.72013331755554,137.53076113536315,133.13312146828144,137.37158203125,12464200
2026-06-12,139.0430682671208,140.40613320168055,137.51086510708737,139.12266540527344,10359700
2026-06-15,141.7095116941432,142.8338004562712,140.1673645020593,140.49569702148438,12775600
2026-06-16,142.31642804584905,142.77410782400543,140.33650414137955,142.26669311523438,13234700
2026-06-17,142.47562070303584,145.79872169136078,142.31642641840168,143.0526885986328,13140300
2026-06-18,145.74897597920074,147.21154110017517,142.31641589021902,142.33631896972656,29331200
2026-06-22,143.97798542716734,145.6295767135605,143.74913796050168,144.93312072753906,14979400
2026-06-23,143.40091664048268,145.40074349788802,142.41591913552688,144.23666381835938,13297300
2026-06-24,144.25657468081437,145.18186299589604,142.45571779915625,142.8636474609375,13904300
2026-06-25,144.1570714585737,147.04239569852118,144.08743344890993,144.24661254882812,12155900
2026-06-26,143.89838469993384,144.3660083892297,140.0479510203787,141.0428924560547,17927100
2026-06-29,141.13244890305003,143.11237264634224,140.71456013972448,141.7692108154297,9526100
2026-06-30,140.2867466041401,141.18218785024914,138.674946288503,139.25201416015625,22118600
2026-07-01,139.53060200963643,140.5653344940641,137.56060690063364,139.42115783691406,13702800
2026-07-02,141.1623047981329,141.39113709215457,137.5208152666115,139.261962890625,9500100
2026-07-06,141.15233947991257,143.16212547152946,140.8439100576628,143.1322784423828,14139700
2026-07-07,143.3312732921698,143.97799439071082,139.94847818854987,140.05792236328125,9737600
2026-07-08,139.43109635407228,139.5305965732532,136.45621590714575,136.69500732421875,9831400
2026-07-09,138.05806784065416,139.1326064105763,137.31186176556392,138.86398315429688,10269000
2026-07-10,140.67477552724736,140.72452563766586,139.04307210409488,140.0778045654297,10517800
2026-07-13,140.386241270526,140.75436474000549,136.87409925154216,139.9982147216797,12439900
2026-07-14,137.04324535718789,143.56009992666844,131.49147005930803,132.59585571289062,32127800
2026-07-15,133.40175668321942,134.4364891520009,131.10344427240486,134.20765686035156,18092200
2026-07-16,134.03851529053154,134.31709768601883,130.54627621607176,131.0437469482422,13763500
2026-07-17,128.78522457973165,130.5860661872384,126.43716213473894,128.70562744140625,15691900
2026-07-20,128.90461007807704,130.60596661432007,127.79028052735973,128.06886291503906,10961300
2026-07-21,128.91456701526718,132.86447048371576,128.51658133849566,132.1680145263672,11224200
2026-07-22,132.04863261479693,133.2326153886869,131.4317737638366,131.5810089111328,10635500
2026-07-23,129.8398664890717,131.79990246975677,129.362298817202,131.212890625,10724500
2026-07-24,131.57106663858704,132.60579909676542,130.73530425827136,131.5213165283203,10822000
2026-07-27,133.57088862207982,134.6653302811956,130.35723201446035,132.4267120361328,12451600
2026-07-28,132.10832566335569,132.3272139987841,130.08859571684977,131.79989624023438,9420800
2026-07-29,131.09348429105208,131.76009326264787,126.13867995821055,126.48690795898438,12942600
2026-07-30,128.31760521806888,131.90934460530337,128.14846698651075,131.65066528320312,10467700
2026-07-31,132.8744405031057,134.75487933284813,131.27258407913232,131.77999877929688,9604900
2026-08-03,132.47000122070312,133.6199951171875,131.17999267578125,133.57000732421875,8084100
2026-08-04,134.32000732421875,138.0500030517578,134.32000732421875,136.8699951171875,12152500
2026-08-05,137.3000030517578,139.1699981689453,137.13999938964844,137.63999938964844,12028300
2026-08-06,138.33999633789062,139.25999450683594,133.66000366210938,133.82000732421875,8882600
2026-08-07,133.82000732421875,135.24000549316406,132.52000427246094,135.0,10160300
2026-08-10,134.8699951171875,136.13999938964844,134.47000122070312,135.22000122070312,7077300
2026-08-11,135.91000366210938,137.14999389648438,135.33999633789062,135.77000427246094,5067500
2026-08-12,136.8699951171875,138.58999633789062,136.41000366210938,137.5800018310547,6060400
2026-08-13,138.2899932861328,139.05999755859375,137.10000610351562,138.72999572753906,9507100
2026-08-14,138.16000366210938,140.27999877929688,138.16000366210938,139.3300018310547,6829700
2026-08-17,139.25,140.8800048828125,137.80999755859375,138.50999450683594,8949800
2026-08-18,137.3000030517578,138.2100067138672,136.4499969482422,137.64999389648438,7079800
2026-08-19,137.74000549316406,137.7899932861328,132.35000610351562,132.88999938964844,10383200
2026-08-20,132.5,133.0800018310547,129.61000061035156,129.6699981689453,7830500
2026-08-21,131.22000122070312,132.25,130.33999633789062,131.64999389648438,11274100
2026-08-24,131.38999938964844,132.63999938964844,131.00999450683594,131.72000122070312,9324500
2026-08-25,132.77000427246094,133.67999267578125,131.5,133.25,6701300
2026-08-26,133.5399932861328,133.82000732421875,132.25,133.55999755859375,4543300
2026-08-27,132.9499969482422,133.9600067138672,131.77999877929688,132.67999267578125,11622100
2026-08-28,132.97999572753906,133.6300048828125,132.32000732421875,132.89999389648438,12092000
2026-08-31,132.30999755859375,132.47999572753906,131.3300018310547,131.6199951171875,7553300
2026-09-01,131.07000732421875,134.61000061035156,130.1999969482422,132.5399932861328,6949500
2026-09-02,133.8000030517578,136.1999969482422,132.6999969482422,134.33999633789062,7677600
2026-09-03,135.22000122070312,138.5500030517578,134.8300018310547,138.13999938964844,12572900
2026-09-04,137.42999267578125,138.11000061035156,135.39999389648438,137.72000122070312,5713600
2026-09-08,137.17999267578125,137.97999572753906,135.75,136.74000549316406,6471000
2026-09-09,135.5,138.5500030517578,133.8699951171875,137.8000030517578,6652900
2026-09-10,137.5500030517578,138.85000610351562,136.57000732421875,138.5,7124000
2026-09-11,140.11000061035156,141.27000427246094,137.3699951171875,138.82000732421875,7394600
2026-09-14,137.36000061035156,137.92999267578125,132.66000366210938,136.17999267578125,15650200
2026-09-15,138.0,139.72000122070312,133.92999267578125,136.1699981689453,10369800
2026-09-16,136.85000610351562,136.88999938964844,131.0500030517578,132.9499969482422,9451000
2026-09-17,135.1999969482422,135.1999969482422,130.30999755859375,132.6999969482422,11699800
2026-09-18,132.35000610351562,133.3000030517578,131.5399932861328,131.77000427246094,20213500
2026-09-21,133.74000549316406,135.72999572753906,132.6199951171875,135.0500030517578,10424800
2026-09-22,134.8699951171875,135.1699981689453,130.7100067138672,132.47000122070312,11482900
2026-09-23,131.1999969482422,133.58999633789062,131.1999969482422,131.92999267578125,8735100
2026-09-24,131.99000549316406,132.75999450683594,130.6199951171875,132.10000610351562,8648000
2026-09-25,132.85000610351562,134.72000122070312,132.1199951171875,134.27999877929688,8082700
2026-09-28,133.67999267578125,133.9600067138672,131.05999755859375,131.30999755859375,8846300
2026-09-29,131.89999389648438,132.25,130.07000732421875,130.8000030517578,7605000
2026-09-30,130.4199981689453,131.1999969482422,129.4499969482422,129.47999572753906,9799100
2026-10-01,127.94999694824219,128.92999267578125,123.56999969482422,127.0,13769900
2026-10-02,128.35000610351562,128.72000122070312,126.80999755859375,128.5,7611000
