Date,Open,High,Low,Close,Volume
2015-01-02,68.81683483284526,69.26676969646884,67.98446906592433,68.89932250976562,3767900
2015-01-05,67.75202011497996,67.80451176757397,64.93995503781288,65.26240539550781,11301400
2015-01-06,65.4498647500984,65.74981944916765,63.8676092906392,64.84246063232422,8660600
2015-01-07,65.51734508054128,66.09475304882264,64.8049520877008,65.8472900390625,6511100
2015-01-08,66.8746325545509,66.94961978475924,65.86978536205056,66.52218627929688,7617800
2015-01-09,66.55970475798745,66.65718761736784,65.25490249215918,65.72733306884766,4857100
2015-01-12,65.78731510016557,65.81730542064926,64.54250511717373,65.15740966796875,4351600
2015-01-13,65.74981734333474,65.91479270859699,63.89010284559636,64.76747131347656,5078100
2015-01-14,63.65763265184089,64.65497943704865,63.19270265574215,64.54249572753906,10366700
2015-01-15,65.04147594177503,65.1473200317772,63.73354292900387,63.748661041259766,6683900
2015-01-16,63.68818830791644,63.748672303766355,62.788513383952065,63.40089797973633,10424800
2015-01-20,63.82426307280678,63.884747057908534,62.89434631616606,63.48405075073242,5937300
2015-01-21,63.1967530505827,64.56517577934072,63.1967530505827,64.54249572753906,6613100
2015-01-22,65.05660562203417,66.04700645309515,64.58786334732787,65.63874816894531,5567800
2015-01-23,65.61607197197652,65.77483813046773,64.41397710329855,64.72395324707031,5027500
2015-01-26,64.53494058094061,65.21537104696743,64.1871662912093,65.0414810180664,8140500
2015-01-27,60.28605285088735,61.503266100020326,59.802192328407806,60.36921691894531,27489500
2015-01-28,60.78504094213128,61.38986374784003,60.452384649744175,60.49018859863281,14269300
2015-01-29,60.414587680975096,60.61871401207973,59.58294693332282,60.482627868652344,9157000
2015-01-30,60.112159894608226,61.10256085785825,60.044113954132406,60.45993423461914,8150700
2015-02-02,60.5430913496631,61.147913962400224,60.097029121001206,61.117671966552734,7149000
2015-02-03,61.404969007075074,63.58990277073763,61.35204695552886,63.44625473022461,10895300
2015-02-04,62.58437178631195,62.99263004387023,61.737619045957395,61.95686340332031,8806500
2015-02-05,62.29708015541501,63.2269969152497,61.89638384686263,63.181636810302734,6640200
2015-02-06,63.20434484149422,63.612603270951944,62.59952202487278,62.90949249267578,5581500
2015-02-09,62.788506097055965,64.16448511856055,62.71289822698255,64.01327514648438,7693800
2015-02-10,64.26277180172195,64.26277180172195,63.09848089102811,63.43113708496094,6569100
2015-02-11,63.17409212684009,63.257256187340275,62.176129168909746,63.060691833496094,5722600
2015-02-12,63.567225592635566,63.6957497567691,62.9850772312075,63.151405334472656,4623000
2015-02-13,63.5899329010177,64.63325631216551,63.52944887971453,64.361083984375,5645500
2015-02-17,64.15690690717608,64.70125113245845,63.65792277797751,64.55004119873047,3924400
2015-02-18,64.2023001340021,64.8751688241263,63.94525176612192,64.11157989501953,3568600
2015-02-19,63.36311166513201,63.50675975321428,62.153460252018704,62.9775390625,5733500
2015-02-20,62.977535742299686,63.975498826514276,62.29710505577324,63.839412689208984,6029400
2015-02-23,63.431123226579636,63.491607206456756,62.856536953886554,63.12114715576172,5180000
2015-02-24,63.33285541292493,64.02840986607332,63.20433124095737,63.884761810302734,3678700
2015-02-25,63.8998707128545,64.53494107536865,63.63526046516977,64.37617492675781,3449500
2015-02-26,64.33839962702349,64.33839962702349,63.174108250927745,63.355560302734375,4457000
2015-02-27,63.64283463724848,63.64283463724848,62.66755173571399,62.675113677978516,4370500
2015-03-02,62.67510361270593,62.80362777020298,62.176119328676,62.75070571899414,4155000
2015-03-03,62.53147092729286,63.347987719066076,62.486110805996255,62.62975311279297,4331700
2015-03-04,62.425618735038206,62.45586073468689,61.11012347471466,61.79055404663086,6863600
2015-03-05,61.790542254653495,61.790542254653495,60.52796352457346,61.62421417236328,7123500
2015-03-06,60.76232807560701,61.39739254395293,60.1423817178109,60.5279541015625,7913800
2015-03-09,60.61111047367458,61.49566691488217,60.55818844133059,61.094970703125,4740500
2015-03-10,60.4977319568396,61.05720028788342,60.28604373128639,60.414573669433594,4850500
2015-03-11,60.59602032062608,60.59602032062608,59.92315169837074,60.255802154541016,4612200
2015-03-12,60.68673325866451,60.84550517793664,60.33140278773082,60.62625503540039,3612500
2015-03-13,60.407003542193266,60.414565482958785,59.114188538686285,59.90046310424805,7272700
2015-03-16,60.157520009544385,60.48261429208722,59.77194172837229,60.45993423461914,3598500
2015-03-17,59.99117176056593,59.99117176056593,59.15953724681253,59.31074142456055,6979900
2015-03-18,59.15956170522451,61.57130798346336,59.15956170522451,61.48814392089844,12154300
2015-03-19,60.86063920497305,60.86063920497305,60.14996654114423,60.550662994384766,5236200
2015-03-20,60.95133258686529,61.42763091003197,60.626238432557116,61.38227081298828,8216600
2015-03-23,61.382290463372925,61.93419104764944,61.25376053382052,61.30668258666992,4704000
2015-03-24,61.35205674590442,61.38985492128571,60.633822196796615,60.845516204833984,3978700
2015-03-25,61.26131912571668,61.268881066587774,60.35408233559429,60.37676239013672,4803000
2015-03-26,60.210445242105656,61.087445964272376,60.11216306520293,60.39189147949219,4238500
2015-03-27,60.07435760458506,60.39188995400868,59.54513702221235,60.233123779296875,6336900
2015-03-30,60.49015558452448,61.63176038656862,60.48259364525933,61.51836013793945,4621200
2015-03-31,60.868193026209205,60.974037140562274,60.33896668637227,60.50529479980469,4848600
2015-04-01,60.50528620349203,60.8757405510953,60.02142581574507,60.21043395996094,4446200
2015-04-02,60.18019446277366,60.86062496380934,60.02899024835286,60.66405487060547,3555300
2015-04-06,60.74723108660299,61.99468629368798,60.46750265708792,61.609107971191406,4495400
2015-04-07,61.40497541026843,61.563741581462914,60.86063095584642,60.890872955322266,3526300
2015-04-08,61.11768942301379,61.420103699793515,60.422140624071226,60.81528091430664,4196200
2015-04-09,60.860648466381065,61.39743113335675,60.69432030544457,60.996734619140625,4291900
2015-04-10,61.31425411170702,62.59951323162604,61.04208186363344,62.44830322265625,6831900
2015-04-13,62.44828774055463,62.45584968114639,61.692255187356466,62.10051345825195,5293900
2015-04-14,62.41049335666172,62.93215192770003,61.64689881658758,62.75070571899414,5898700
2015-04-15,62.96996761503579,64.81468934666104,62.75071742823836,64.38375091552734,9643800
2015-04-16,64.33799345091897,64.71914269432978,64.03307289301515,64.29225158691406,5692300
2015-04-17,63.65195962210677,63.72056373307146,63.01163132291957,63.4842529296875,5314000
2015-04-20,64.00258502479195,64.60480157216033,63.94159974549169,64.4904556274414,3914600
2015-04-21,64.53619292991868,64.77250360064647,63.73577718937963,63.97208786010742,5620900
2015-04-22,64.1321838693314,64.74964973581301,63.339392568768716,64.6962890625,6520700
2015-04-23,66.20564858382342,66.70114395926791,63.918752219505656,64.63531494140625,18917600
2015-04-24,64.56668431862857,64.9249655646722,64.04832107632899,64.4904556274414,5848100
2015-04-27,64.62004489650901,65.51193861140726,64.33799815791096,65.04693603515625,5912000
2015-04-28,65.11556712243849,65.7254085358258,64.4142535681582,65.71015930175781,5736500
2015-04-29,65.32137499427688,67.02129777411132,65.14604374092005,66.70113372802734,7021800
2015-04-30,66.20565521900002,66.5486931975541,65.73303364516994,66.22852325439453,5460100
2015-05-01,66.8459478871978,67.29570114707057,66.13701014966725,66.60201263427734,4850100
2015-05-04,66.87645652752043,67.05178194283702,66.44956537082786,66.54866790771484,2754500
2015-05-05,66.75450212563705,67.24999748240492,66.09130011126666,66.31999206542969,4623700
2015-05-06,66.89170361866954,67.03654221693017,65.87784506259891,66.3123550415039,4464700
2015-05-07,66.05318179886655,66.22850723841155,65.4738331735008,65.8854751586914,3892800
2015-05-08,66.91459396091942,66.96033003209483,66.09130978448904,66.55631256103516,3577100
2015-05-11,67.38719610448348,68.17998733110996,67.1508795882416,67.66924285888672,6882600
2015-05-12,67.22712981214899,67.34146997396819,66.51819172947994,67.20426177978516,4066400
2015-05-13,67.53202659362472,67.89793246116571,67.24235523473394,67.41768646240234,3178300
2015-05-14,67.67687020602543,68.29433022397859,67.57777347964927,67.64637756347656,3228400
2015-05-15,67.46342536605003,67.5091614204719,66.77735547033859,67.41006469726562,3205000
2015-05-18,67.37958106214167,67.46343438370799,66.81548165732245,67.30335235595703,3074400
2015-05-19,66.99844032397156,67.01368955669435,65.9464700853501,66.50294494628906,5676800
2015-05-20,66.80022350139755,67.1813727972729,66.41907420552221,67.02891540527344,3841500
2015-05-21,67.2576106708265,68.31720530105059,67.03654337026418,68.09613800048828,8155500
2015-05-22,67.98178944493084,68.22572476452648,67.5625228881836,67.5625228881836,3483800
2015-05-26,67.18134858190001,67.19659780512943,66.54102078725504,66.96028137207031,3149600
2015-05-27,67.07467721759927,67.70738668753475,66.81549838849546,67.02131652832031,4517100
2015-05-28,66.57153384229125,66.66300594623338,65.35185732409278,65.56529998779297,5899100
2015-05-29,65.35947827612095,65.80923746020525,64.87923226696881,65.03931427001953,4685700
2015-06-01,65.60341920479027,65.83973573837382,64.56669258742176,65.19940185546875,3976900
2015-06-02,64.95545759169735,66.0760373707966,64.8487362618666,65.68726348876953,2817800
2015-06-03,66.01506375391826,66.3657204447181,65.41284710584549,65.73301696777344,2841800
2015-06-04,65.1765469273366,65.86261700553685,65.03933291169655,65.15367889404297,3775200
2015-06-05,64.80300346215994,65.93882670999064,64.72677476786706,65.59579467773438,3937600
2015-06-08,65.40520143760301,65.9235645536372,65.38995221355425,65.67200469970703,3355800
2015-06-09,65.90833475617043,66.7926039036405,65.87784211496009,66.1141586303711,3984900
2015-06-10,66.66299364571256,67.62349127101069,66.59438958041464,67.44816589355469,4717100
2015-06-11,67.55492149314601,67.66164285947042,67.02130884564566,67.21188354492188,2872900
2015-06-12,67.044177630964,67.39484019953802,66.75450617853149,66.96794891357422,2212800
2015-06-15,66.42668436612192,66.61725897259252,65.82446791176977,66.41905975341797,2721000
2015-06-16,66.15990188230737,66.3352273184961,65.74063528989561,66.00743865966797,2895000
2015-06-17,66.23610830130217,66.73922804292735,65.80159844075101,66.51053619384766,3402800
2015-06-18,66.19037771585944,66.88406630108514,66.19037771585944,66.65538024902344,3372600
2015-06-19,66.52577976737182,67.05176753202916,66.43430768021425,66.71635437011719,3910900
2015-06-22,67.05941508429078,67.32621845622744,66.86121580119041,67.28810119628906,3648600
2015-06-23,67.40244782709524,67.55491105247987,67.08990839284219,67.4253158569336,2539000
2015-06-24,67.68451089284305,67.6997543097987,67.13565482838705,67.21188354492188,3413600
2015-06-25,67.25000807254062,67.33386141454659,66.06082368173432,66.10655975341797,3239100
2015-06-26,65.93883443554739,66.28186650799414,65.41284649631028,66.18276977539062,4387300
2015-06-29,65.72538403256787,66.12177673237429,64.87160753530011,65.0240707397461,4747300
2015-06-30,65.62627386684866,65.74824441622674,64.6429139378985,64.65815734863281,4077900
2015-07-01,65.09270747640707,65.13844355274806,63.68245556905828,63.9949951171875,5296200
2015-07-02,64.43710750261718,64.62768217561245,63.91874415943497,64.32276153564453,2582200
2015-07-06,63.76626963555389,64.14741887926208,63.06495642294105,63.3851203918457,4896600
2015-07-07,63.2631832873167,64.12458475565123,62.39416301751087,64.02548217773438,5192000
2015-07-08,63.3089075466765,63.44612154137853,62.32554155395822,62.71430969238281,4325100
2015-07-09,63.59855719420281,63.804375207908805,62.096828381434676,62.272159576416016,4570700
2015-07-10,62.99636946237821,63.20219338578086,62.409401972425904,62.62284469604492,3495000
2015-07-13,63.17168061571086,64.05594387702922,63.026842035441646,63.75864791870117,4228500
2015-07-14,63.67480530894225,64.55144991968628,63.66718069399605,64.38374328613281,3797700
2015-07-15,64.45235583491136,64.68866656505062,63.842514563476456,64.15505981445312,3661700
2015-07-16,65.20131643031424,65.30902315013157,64.17040757789809,64.4396743774414,3686000
2015-07-17,64.27816392942876,64.35509652161868,63.67038647284137,63.97812271118164,2931500
2015-07-20,63.901168985665976,64.07811918805811,63.19337991525569,63.27800750732422,4291400
2015-07-21,62.93180825574074,63.77038329212784,62.50867029361384,63.25492858886719,4691900
2015-07-22,62.316331036129334,62.40865363960156,60.89305798267669,61.36235427856445,10180700
2015-07-23,59.77751245719382,60.808427605111206,58.96971172481892,59.14665603637695,13909900
2015-07-24,59.16975633130608,59.308231461461915,58.354254501937596,58.54658889770508,9175900
2015-07-27,57.838795900614485,58.25423887231637,57.52336469504137,57.946502685546875,10269600
2015-07-28,58.408108604464395,60.12373401807743,58.30809683050436,59.83907699584961,15699000
2015-07-29,59.46977970527269,59.59287062951106,58.86200249235438,59.49285888671875,13794800
2015-07-30,59.22359184716509,60.29297029521024,58.99278829409395,60.27758026123047,7386200
2015-07-31,60.46992465998342,60.80843502892198,60.12372514235383,60.493003845214844,6203600
2015-08-03,60.33145058966199,60.3391456088136,59.04665826159421,59.439022064208984,6443300
2015-08-04,59.49286278329466,59.90061066775625,58.71583036277475,58.931243896484375,5822300
2015-08-05,59.623647328049586,59.946767620999545,59.023565106977244,59.14665603637695,4581900
2015-08-06,59.223609129238525,59.73906389599061,58.60813672116627,59.59288787841797,5609500
2015-08-07,59.63903768319494,60.123724042504946,59.192826414532064,59.462093353271484,7851300
2015-08-10,60.039088582483146,61.7854818159036,59.93138182110452,61.67008590698242,9041600
2015-08-11,60.56996465512065,60.72382985986656,59.41595801078231,60.039119720458984,8992500
2015-08-12,59.47747646370834,60.86998124145291,59.17743532735861,60.71611022949219,7236800
2015-08-13,60.43146201206966,60.45454119757005,59.777520451802815,59.82368469238281,5662500
2015-08-14,59.746746459722715,60.569937258898975,59.7005822235143,60.385292053222656,3811500
2015-08-17,60.108339696742014,60.50070348438139,59.40055057088323,60.423770904541016,5226800
2015-08-18,60.40070929015526,60.777683149753244,60.146826420197286,60.63920211791992,5146400
2015-08-19,60.20066117309548,60.42376975910889,59.277458493352654,59.554420471191406,5862700
2015-08-20,59.45439209418517,59.87753000320087,58.785072326660156,58.785072326660156,7767300
2015-08-21,58.423488847259435,58.70045080364216,57.66953555053333,57.70030975341797,11805500
2015-08-24,55.253817730293235,57.60798854728178,54.030573951137754,56.023155212402344,15209300
2015-08-25,57.86955482175965,58.077273317958266,55.415366864186254,55.438446044921875,9427200
2015-08-26,56.79250534834903,56.99253478174778,55.80005907095358,56.83097457885742,8288100
2015-08-27,57.73108512703447,58.63890358701444,57.10792364732572,58.20807647705078,8537700
2015-08-28,57.84649811962097,58.485043889892026,57.41566505668569,58.431190490722656,6649500
2015-08-31,57.946502542300365,59.062039613305124,57.62338218830197,58.808162689208984,7019600
2015-09-01,57.31565776329585,58.42350591242271,57.28488355142225,57.62339401245117,9053100
2015-09-02,58.39272372892307,58.59275314400364,57.66184950325868,58.54658889770508,5325900
2015-09-03,58.43118218104668,58.47734642346976,56.761721174634935,57.27717590332031,11077100
2015-09-04,56.161657636810126,56.669423386268036,55.66158690859348,56.238590240478516,12007300
2015-09-08,57.37720254027297,57.407976750190635,56.592474861323446,57.16178894042969,5647800
2015-09-09,57.700300627009504,57.85416574751695,55.992370789317526,56.13085174560547,5859200
2015-09-10,56.076997811344235,56.40011808295806,55.41536723447132,55.71540832519531,6109100
2015-09-11,55.56925711468898,56.10009606435656,55.2999842605558,55.87698745727539,4413800
2015-09-14,55.66154470483269,56.07698749314218,55.399972876773184,55.98466491699219,4231800
2015-09-15,56.17702293258399,57.500284401518705,55.89237180770394,57.377193450927734,5109400
2015-09-16,57.584906884516265,58.36963436947112,57.37718835589817,58.192684173583984,5225800
2015-09-17,58.008030612294796,58.223444106090064,56.861719737697115,56.977115631103516,7745000
2015-09-18,56.41551870733702,56.54630466998357,55.0922573051789,55.28459167480469,9260100
2015-09-21,55.62309143094635,56.038528424844685,55.323050341143094,55.515384674072266,7594900
2015-09-22,54.715287211110514,55.2384369659539,54.34600261433537,55.146114349365234,5717300
2015-09-23,55.138411380470934,55.246118149504944,53.97671610452146,54.007484436035156,4754300
2015-09-24,50.93014396261395,51.31481274139375,49.73767427014441,50.622413635253906,22589600
2015-09-25,50.006930796182104,50.599318009153095,49.80690142951539,49.991546630859375,12365100
2015-09-28,49.422234035795405,49.48378243786823,48.460565199116864,49.07603454589844,12572000
2015-09-29,48.96834113991537,50.306986967616524,48.9298719107274,49.47610092163086,8784400
2015-09-30,49.968454848184344,50.49929945878564,49.35298853533803,50.28388595581055,7850300
2015-10-01,50.491604780351146,50.853194249727345,48.93754602021562,49.537628173828125,7933000
2015-10-02,49.076032217117906,50.568548613877596,48.54518754619236,50.54546356201172,8782700
2015-10-05,51.3071071704157,53.45355897335705,51.176315366611554,53.222755432128906,10661900
2015-10-06,53.49972699955016,54.73836076413047,53.14583247675278,54.48447799682617,9664100
2015-10-07,54.89993043480051,55.938534998735776,53.19969507940841,54.14597702026367,8307700
2015-10-08,54.09980530060625,55.53077332272976,53.73821578636514,55.269195556640625,6091600
2015-10-09,55.269216020378096,55.769286685448954,54.515268382217705,54.85377883911133,5573500
2015-10-12,55.01533293614209,55.030717105391695,54.09981932191976,54.23830032348633,4643500
2015-10-13,53.82286057635793,54.6460516161653,53.28432657632709,53.98442077636719,4724800
2015-10-14,53.93824387185548,54.66911203083021,53.52280098468998,54.399845123291016,4042700
2015-10-15,54.21519131691818,54.56139069563782,53.66896263048795,54.49215316772461,4547900
2015-10-16,54.330616260692004,54.49217643103812,53.16891499439839,53.60743713378906,8310000
2015-10-19,53.27660421051843,53.445859343532604,52.93040479813662,53.291988372802734,5712000
2015-10-20,52.9765663591681,54.76912365695726,52.707299481074344,54.06132888793945,6385800
2015-10-21,54.30753198959365,55.315368118563946,53.53050533093288,53.5997428894043,8679400
2015-10-22,52.83735401720145,56.65701845646298,52.75178067580064,55.14004135131836,13909200
2015-10-23,55.785738260831636,56.34585261250398,54.96890977728878,55.816856384277344,7942500
2015-10-26,55.847989172441416,56.24473793158457,55.560150906368655,55.637943267822266,6254500
2015-10-27,54.59550345879128,55.2956464654224,53.16409931910366,54.75886917114258,8280500
2015-10-28,55.03893954068014,56.09693235154131,54.82889955603111,55.98802185058594,5486900
2015-10-29,55.6146101793267,56.45478198827712,55.451244427893634,55.98802185058594,4321300
2015-10-30,56.221379792205624,57.007096082914764,55.723501690316205,56.781494140625,7388700
2015-11-02,56.7892802999048,58.06509379347217,56.65703271542938,57.83171081542969,5876500
2015-11-03,57.90951483054429,58.59409586663115,57.7228060555582,58.150672912597656,5006100
2015-11-04,58.609661980723054,59.068647045372934,57.823951341946845,57.99509811401367,5477800
2015-11-05,58.07287378920342,58.780791855865544,56.95264501054841,57.73836135864258,6238900
2015-11-06,57.11600239686822,57.45051477869312,56.26805585641364,57.44273376464844,5538600
2015-11-09,57.12379870645531,57.263827320880324,55.606826996164614,55.925777435302734,5914800
2015-11-10,55.847962456753606,56.462531908049286,55.723489989829666,56.34584045410156,4373800
2015-11-11,56.431434751859605,56.67259282713162,55.87132031300425,55.94133758544922,4190700
2015-11-12,55.093381245411166,55.22562883045896,53.218560138344834,53.41304397583008,8731700
2015-11-13,53.444152986837054,54.55660070846673,53.28856830017675,54.167633056640625,6429600
2015-11-16,54.05095108428692,54.93779691429444,53.85646724551026,54.75886917114258,5167600
2015-11-17,54.55661235824059,54.735540127765184,53.71644656162424,53.98094177246094,4812000
2015-11-18,54.3776905242078,54.805551471477294,53.97316075622664,54.70442199707031,3788300
2015-11-19,54.06648469582827,54.54102553991487,53.36634198035843,54.47100830078125,6296000
2015-11-20,54.82888903087623,55.39677854324692,54.579949942883054,55.342323303222656,6495100
2015-11-23,55.21784640074452,55.933545402987896,55.14782914227783,55.248958587646484,3847600
2015-11-24,55.062267900826164,55.78574807650564,54.79777270776169,55.54458999633789,3846500
2015-11-25,55.8090735048179,55.925764980046374,55.01558215657925,55.61458969116211,3493000
2015-11-27,55.37343814836272,55.6457143323424,55.00002657092225,55.40455627441406,1642100
2015-11-30,55.49014644909557,56.62593168578768,55.350117807027914,56.51702117919922,5632900
2015-12-01,56.268069527025865,56.50922760442926,55.11672251085012,55.6690559387207,6578400
2015-12-02,55.3889843160038,56.112464295289556,54.93778640707017,55.256736755371094,5068200
2015-12-03,55.350114620050455,55.40456987020923,53.965390314432604,54.17543029785156,8130800
2015-12-04,53.9575889015965,54.47880408969698,53.52194706499609,54.439910888671875,5252000
2015-12-07,53.428603703312824,53.467502847524436,52.68178642882357,53.179664611816406,6805900
2015-12-08,52.11388151244688,52.24613501765117,51.48375584981037,51.76381301879883,6866300
2015-12-09,51.57712176210771,52.13723029027581,50.690275840204436,51.27372741699219,8578000
2015-12-10,51.328173888747955,52.191676614469856,51.27371865496053,51.63934326171875,5768700
2015-12-11,50.86140375097215,51.42151807225961,50.16126678453767,50.90030288696289,7572600
2015-12-14,51.055891627484066,51.483758416764935,50.35575460527947,51.43708419799805,7371100
2015-12-15,50.923647736251525,52.0905507712761,50.75250100815313,51.92718505859375,6061200
2015-12-16,51.51487876778353,52.80624833594916,51.45264251662057,52.68178176879883,6747600
2015-12-17,52.26169828196622,52.518418377958064,50.47244456073175,50.488006591796875,6800000
2015-12-18,50.25462988235245,51.24261124719874,49.86566214961725,50.6513786315918,13490900
2015-12-21,51.02478247206155,51.20371023407762,50.08348130536299,50.752506256103516,5311500
2015-12-22,51.53821978220149,53.51417639248739,51.42930930200412,53.218563079833984,9697200
2015-12-23,54.136505381670986,54.836648218475915,53.66974546885913,54.36988830566406,7586300
2015-12-24,54.26098270520218,54.377674177624684,53.724205493163595,53.97314453125,2322100
2015-12-28,53.77089298693019,53.817567208203734,52.92294037768181,53.350807189941406,3884000
2015-12-29,53.848681194536105,54.12095735632681,53.38192121215559,53.82534408569336,3539500
2015-12-30,53.413052808366494,54.1676452370432,53.34303552900218,53.4363899230957,3158500
2015-12-31,53.24966730603535,53.75532642283033,52.852924588319034,52.86848068237305,4356400
2016-01-04,52.02831785355158,52.961843902519966,51.12591586824255,52.89182662963867,8586900
2016-01-05,53.19522442846232,53.241904591815924,51.6704716445202,52.33949661254883,6139100
2016-01-06,51.32818210801588,52.00498213129736,51.04812487935586,51.51488494873047,6639300
2016-01-07,50.628048539832754,50.9703361561981,49.52337848249096,49.7411994934082,8601500
2016-01-08,50.04459211448374,50.20017684033541,48.95548122799154,49.235538482666016,8278500
2016-01-11,49.53114623592642,49.55448631623611,47.33736861245331,47.8196907043457,9669400
2016-01-12,48.574288034948076,48.62096522990054,46.97952096892498,47.92082214355469,8593100
2016-01-13,48.2864406995012,48.82321495332964,46.97950924292221,47.36847686767578,7237300
2016-01-14,47.64075569320696,48.98658331048511,46.971730907922314,48.4420280456543,9241800
2016-01-15,46.88243025714283,47.33140489984553,46.27591996679614,47.15811538696289,12674500
2016-01-19,47.46532722784955,47.68587842464288,46.063265713116515,46.49648666381836,8501100
2016-01-20,45.74818613225775,46.77216349441134,44.393383558020155,46.32318878173828,10857700
2016-01-21,46.47285100536032,47.59134868897524,45.88209442478371,47.0163459777832,8798300
2016-01-22,48.22935901363033,49.27696862131088,47.73312272553203,48.032440185546875,7815600
2016-01-25,46.4413470085765,46.7485399744693,45.49613580254539,45.614288330078125,10971500
2016-01-26,46.00024120026195,46.99271080964661,45.756060762398775,46.598873138427734,8141900
2016-01-27,46.02387393138296,47.17387929596879,45.2598278307196,45.93722915649414,11013800
2016-01-28,48.84374902359654,49.19032811405837,46.13414679633532,48.11121368408203,13567000
2016-01-29,48.59167861023394,49.06428550004904,47.85914048505143,49.02490234375,8221000
2016-02-01,48.81225007231929,49.68657032898577,48.34752142259312,49.38725280761719,5955700
2016-02-02,48.26874770456418,48.481420423812246,47.6386079835013,47.788265228271484,6282300
2016-02-03,48.41840846379191,50.09615492539458,47.10298896527861,49.83622360229492,8332100
2016-02-04,50.09613393601123,52.766351979112706,50.09613393601123,51.955047607421875,12598000
2016-02-05,51.72664292237367,52.58521224735947,51.34068365271256,52.08110046386719,7463700
2016-02-08,51.52972074404454,51.703010285216706,50.1434134288963,50.86807632446289,6315500
2016-02-09,50.33246124424148,50.73417739671926,49.7180723648184,50.3560905456543,5638500
2016-02-10,50.62389432449837,50.710539097564016,48.83587384561513,48.94614791870117,5955400
2016-02-11,47.977309447929514,49.080056231756984,47.662238079766446,48.37114715576172,7055000
2016-02-12,48.8280034283557,49.993762756724664,48.69409703675432,49.74170684814453,4297400
2016-02-16,50.53724816181029,51.63211630535613,50.02525503013596,51.36430358886719,4819400
2016-02-17,51.986584471267435,53.39652437730847,51.76603628654367,52.97905731201172,7373800
2016-02-18,52.892405177628625,53.24685670963566,51.30917591505849,52.08110046386719,6175500
2016-02-19,51.13587505762502,51.60847899898031,50.474230741624645,51.52971267700195,4994900
2016-02-22,51.5297302050104,53.18384756715001,51.5297302050104,53.018436431884766,5787700
2016-02-23,52.8609072067118,52.96330286589161,51.75028178477743,51.813297271728516,5599400
2016-02-24,50.96260200385989,51.96295324548985,49.67869311341934,51.892059326171875,6439200
2016-02-25,51.89993542750742,52.356788635253906,51.072873793121104,52.356788635253906,4277200
2016-02-26,53.081436799790545,53.56191920280988,52.34102011130458,52.67184829711914,4149800
2016-02-29,52.88451112189423,54.01876530450366,52.37252105282832,53.32560729980469,8643200
2016-03-01,53.90850984351603,54.73556546220304,53.04206203895804,54.420494079589844,4451600
2016-03-02,54.152688583674,55.0821458790169,53.72734310856926,54.648921966552734,4801300
2016-03-03,54.837973619590976,56.775654739621565,54.65680560002262,56.51572036743164,7172700
2016-03-04,56.78349976028335,58.25645448224744,56.35028202522421,57.3742561340332,9521500
2016-03-07,57.34277002418144,59.65065912620558,57.34277002418144,58.89448547363281,10740400
2016-03-08,58.114673277816536,58.3746075270728,56.334525704934556,56.499942779541016,8748400
2016-03-09,56.97254791422556,57.263983888349145,56.12973570161192,56.6102180480957,4907900
2016-03-10,56.73627162757298,56.73627162757298,55.5232505012255,56.20853042602539,6352400
2016-03-11,56.996190535256666,57.579068629277266,56.93317506306898,57.342769622802734,4787000
2016-03-14,57.28761291503906,57.84686151732067,56.81500304540695,57.28761291503906,5060000
2016-03-15,56.27152499194764,57.08282958419507,55.81467187861891,57.059200286865234,4674400
2016-03-16,57.177361637754096,58.689703164364126,56.87016867363498,58.55579376220703,6641200
2016-03-17,58.445509436593404,60.099632503815904,57.909889950237364,59.78456115722656,13316000
2016-03-18,59.92634812389964,60.60374947408806,58.79209358228431,59.445865631103516,13750200
2016-03-21,59.49311639463616,60.13900992139622,59.10715716766005,59.77667999267578,4315700
2016-03-22,59.54038616052482,59.92635146939126,59.26470094668233,59.50888442993164,3625600
2016-03-23,59.05201333443224,59.1701658215892,57.949266803442505,58.035911560058594,5352900
2016-03-24,57.44514808231664,59.351320474916136,57.28761545843472,59.30406188964844,7036100
2016-03-28,59.19380202000084,59.50887335266635,58.650304121389965,59.32770538330078,3425400
2016-03-29,59.05200625010002,59.90269684419259,58.43762060197241,59.87118911743164,4085000
2016-03-30,60.60374198455526,60.84791941451005,59.871203685205025,60.26504135131836,4886800
2016-03-31,60.099640600646104,60.753406671750426,60.05237598612408,60.28868103027344,4348700
2016-04-01,59.587649970866416,60.54861499713173,58.815725373042625,60.485599517822266,4878300
2016-04-04,60.3044363048649,60.682523201251875,59.40648668661909,59.642791748046875,4349500
2016-04-05,59.32769823060836,59.74516514202786,58.76057110208183,59.26468276977539,4386800
2016-04-06,59.48523850838611,59.52462467883337,58.05166964259951,59.248939514160156,4929800
2016-04-07,58.67395000898716,58.82361028645212,58.098950223073174,58.42189407348633,4800800
2016-04-08,59.09930608062348,59.27259569400453,58.28800108114731,58.56368637084961,4911000
2016-04-11,58.76845934198456,59.690038074853774,58.76845934198456,58.784210205078125,3904800
2016-04-12,59.122906048318576,60.446200791653965,58.65818050623833,59.94208908081055,5129600
2016-04-13,60.54860857968497,62.3523859197027,60.30442512561311,62.32875061035156,9365700
2016-04-14,62.572913182129184,62.79346125324698,61.73010104779517,62.26572036743164,5372300
2016-04-15,62.52565582345442,62.84072710842961,62.01367174604029,62.36024475097656,5508500
2016-04-18,61.808870262143195,62.91161667903788,61.548936019188865,62.423255920410156,4822200
2016-04-19,63.00616424144362,63.715073423484746,62.58869717021035,63.32123565673828,6283500
2016-04-20,63.210946916098955,63.48663208704455,62.4626577364629,62.80923080444336,5356800
2016-04-21,62.63425074955451,63.294397324905226,62.188853574899284,62.56267166137695,6509100
2016-04-22,62.777415153591726,62.97625404536567,61.40144735256024,62.2922477722168,10099600
2016-04-25,62.435412839260415,62.721741332632206,60.606092583616366,61.075355529785156,8079800
2016-04-26,61.36168348181313,61.83094035576056,60.82084145111354,61.759361267089844,6085900
2016-04-27,62.021836236091985,62.74560672194585,61.71959720562115,62.578582763671875,4459300
2016-04-28,62.061580987743,62.968285659708414,61.71957792248726,61.83888244628906,4844600
2016-04-29,62.05363980731595,62.833090947250376,61.496893327421034,61.81503677368164,7702700
2016-05-02,61.520735188144215,62.09339201177476,60.940129180020854,61.910457611083984,3330100
2016-05-03,61.123075196827536,61.321914092111996,60.11297627873834,60.73335266113281,4790900
2016-05-04,60.5901793433816,60.69357336894196,58.77676986074994,59.04718780517578,6938100
2016-05-05,58.97560862514465,59.333516155231194,57.82233956626909,57.893924713134766,8071200
2016-05-06,57.39286945381201,58.39501325333245,56.96337665341082,58.347293853759766,6942800
2016-05-09,57.528072633159184,57.766675674918275,56.12824506279529,56.29526901245117,9405000
2016-05-10,56.295273770950594,57.830310468205646,56.144154250738865,57.671241760253906,6507300
2016-05-11,57.94164519454856,58.54611705517884,57.55192271049516,57.60759735107422,4691900
2016-05-12,57.99733145831688,58.25184501883949,56.61341435223031,57.02699661254883,4526500
2016-05-13,56.97132465452891,57.09062921905776,55.72261649103566,55.73057174682617,6417200
2016-05-16,55.985073965900746,57.026987744121435,55.75442013940896,56.231632232666016,4515900
2016-05-17,56.23163049077419,57.40875928121983,56.032791619069776,56.510009765625,4841900
2016-05-18,56.168015545839914,57.16221006158139,55.73852278686979,56.14414978027344,5166000
2016-05-19,55.6192240207867,55.77034354469565,54.91135793734331,55.2215461730957,6137100
2016-05-20,55.67490055963086,56.2952770521164,55.47606162906076,55.57150650024414,5731600
2016-05-23,55.51583357226325,56.43048782692,55.34880352546706,55.993045806884766,4002000
2016-05-24,56.29526985491888,56.669087967492274,55.87373234689589,56.54182815551758,3872400
2016-05-25,56.97132354869082,57.82235385929051,56.67704583905822,57.71895980834961,5035400
2016-05-26,58.25184832533451,58.530221599819356,57.313328379869695,57.32923889160156,4146400
2016-05-27,57.38491851483801,57.42468266144587,56.867936064273515,57.23379898071289,3002100
2016-05-31,57.28946836585458,58.19617335096045,57.22583845544099,57.671241760253906,4072600
2016-06-01,57.24970649382759,57.655333535619185,56.68499860160952,57.48035430908203,2699900
2016-06-02,57.7428223835341,58.569993036511654,57.48830880323965,58.5540885925293,4615300
2016-06-03,58.577958079273564,59.76303656663015,58.14050994564357,59.683502197265625,6619300
2016-06-06,59.93799951544917,60.86856412685242,59.73916061208531,60.78107452392578,4775100
2016-06-07,60.86855661459877,61.46507325106968,60.79697753090115,61.09125518798828,4235200
2016-06-08,61.640053891206065,62.5944781048697,61.449170262089574,62.125221252441406,5987800
2016-06-09,61.55256108611776,61.640050675749166,60.95604446667503,61.369632720947266,3784600
2016-06-10,60.70152476920807,60.89240836892527,59.953888740535405,60.47087097167969,4879500
2016-06-13,60.20842205469494,60.71744920027127,59.83460998535156,59.83460998535156,4086700
2016-06-14,59.699416818818555,60.089145610870226,58.81657121181208,59.540348052978516,4058400
2016-06-15,59.80280037312118,60.40726636994564,59.12674313580306,59.70735549926758,3802000
2016-06-16,59.18243219325741,59.76303857036001,58.339350859093166,59.643733978271484,4064800
2016-06-17,59.930030740313754,60.97195048518372,59.84254115712436,60.39133834838867,5442000
2016-06-20,61.17080919932856,61.52076157759796,60.75722084126149,60.78903579711914,4090800
2016-06-21,60.80492745195701,61.16284107901411,60.45497514729279,60.83674240112305,3292100
2016-06-22,61.15489868735855,61.31396739856442,60.590196874070614,60.78903579711914,3056800
2016-06-23,61.76735204730729,62.236609191147636,61.41739345319928,62.21274948120117,3600800
2016-06-24,59.81073217179553,60.13683084492124,58.05299721560552,58.08481216430664,12179500
2016-06-27,57.66328433369293,57.8303082911793,56.09643274021532,56.772483825683594,7337400
2016-06-28,57.456489168545076,57.98142679845337,56.875882955190406,57.6791877746582,4743700
2016-06-29,58.25980201912231,59.17446224054748,57.89393914416866,59.03925323486328,4015400
2016-06-30,58.991523368932064,60.32772101904991,58.8324546762368,60.29590606689453,4695500
2016-07-01,59.953890129152704,61.23441285690472,59.90617074513821,60.8049201965332,4630100
2016-07-05,60.176622218905536,60.407270058992445,58.61771952450913,59.15856170654297,4776300
2016-07-06,59.32557831248516,59.54828300403079,58.4268285626278,59.5164680480957,3740500
2016-07-07,59.707360287274064,60.23229803344008,59.158562837752,59.69145584106445,3080900
2016-07-08,60.38340880302103,61.58439771878125,60.27205948029709,61.536678314208984,5491500
2016-07-11,62.03774608473805,62.46723890118692,61.496903953070884,61.87867736816406,4511300
2016-07-12,62.61037886683593,63.58071343825024,62.276331050864506,63.469364166259766,5545800
2016-07-13,63.61254702269163,63.89092028423724,62.88877047459105,63.381893157958984,5162500
2016-07-14,64.02611726415964,64.423795011142,63.60457982325128,63.6761589050293,5441700
2016-07-15,64.01817197129996,64.2647363390891,63.75570922919421,64.18519592285156,4642100
2016-07-18,64.14504952225735,64.15308141441925,63.3340060835268,64.09687042236328,4136700
2016-07-19,63.711422608892974,64.05672047162962,63.55885340899001,64.03263092041016,3308400
2016-07-20,63.79976778915504,64.12900805901084,63.38220118936789,63.992496490478516,4185500
2016-07-21,64.60276664954617,65.34957329937029,64.03262486066471,64.24944305419922,6472300
2016-07-22,64.06475768511899,64.07278957837222,63.32598279584776,63.74354934692383,4133800
2016-07-25,63.55886348570293,63.590984934601124,62.908414866959376,63.189476013183594,5798100
2016-07-26,63.47050515479363,66.65045378071304,63.22959744954957,66.44969940185547,11007600
2016-07-27,66.42562081050346,67.68635827256843,66.42562081050346,67.53378295898438,8460900
2016-07-28,67.212557150581,67.22058904039618,66.20878535247473,66.5862045288086,5065600
2016-07-29,66.48986222408057,66.76288527758105,65.95183575573486,66.4577407836914,4274200
2016-08-01,66.45772983340444,66.55408801215663,65.47001561543334,65.80728149414062,3377100
2016-08-02,65.84743952760861,66.00001482359148,64.98017909760763,65.23714447021484,3909500
2016-08-03,65.16486783971632,66.08833914027413,64.98820301898772,65.87152099609375,3101700
2016-08-04,65.70290357707214,66.28107726267072,65.36563763598578,65.66275024414062,2407500
2016-08-05,66.02410374457092,66.61833501437025,65.84743890385114,66.29712677001953,3286100
2016-08-08,66.65046968687298,67.28485441064355,66.48986859607439,67.00379943847656,3544800
2016-08-09,67.06803987418792,67.25273665261265,66.4095655633672,66.51396179199219,2314900
2016-08-10,66.8993884079722,66.8993884079722,66.23288851479701,66.36940002441406,2290300
2016-08-11,66.6504400879415,67.17240259104588,66.64240819900681,66.8431625366211,2229300
2016-08-12,66.85925322954391,67.27681972420247,66.31320096635125,66.65046691894531,4342800
2016-08-15,66.65045741460631,67.67831891015179,66.61833597705329,67.57392883300781,4056000
2016-08-16,67.6221127111683,67.74256657888127,67.16439291508956,67.68635559082031,3161800
2016-08-17,67.78272247314453,68.03968787493017,67.3249965332211,67.78272247314453,2983400
2016-08-18,66.97969259511206,67.14029364444767,66.25697562002715,66.95559692382812,5003100
2016-08-19,66.69862904360711,67.75861185808586,66.45772747872478,67.32498168945312,3823900
2016-08-22,67.14834036654757,67.27682000908707,66.65046720117762,67.1242446899414,2885000
2016-08-23,67.4374125303753,67.99952233129989,67.41331685901795,67.46150207519531,3178400
2016-08-24,66.97969845403951,67.53377641129048,66.6263687627495,66.77091217041016,2200600
2016-08-25,66.70666939329928,66.78696992511023,66.32121826345369,66.52197265625,3082900
2016-08-26,66.81910511476822,67.3731893134108,66.07229837480872,66.37744903564453,3596800
2016-08-29,66.25699639312487,66.93152836366058,66.17669584328098,66.73077392578125,2253600
2016-08-30,66.53803171791434,66.77090753222096,66.09636963448153,66.2328872680664,3468700
2016-08-31,65.89561390902166,66.12045782815986,65.53425848562634,65.80728149414062,4041700
2016-09-01,65.5181760168581,65.8474160377841,64.69910109840522,65.40575408935547,4102200
2016-09-02,66.00001187244716,66.14455527098416,65.42183827829913,65.59850311279297,2449400
2016-09-06,65.85546352244796,66.03212834365893,65.4298652494599,65.91167449951172,3071000
2016-09-07,66.24896271402311,67.23667721743665,66.17669405907384,67.22864532470703,3996700
2016-09-08,67.05196974726832,67.42135710889504,66.71470382489672,67.08409118652344,3400500
2016-09-09,66.56212921298216,66.65046164021875,64.85170390897366,64.87579345703125,5311600
2016-09-12,64.45822280322798,65.94381032776718,64.32171127577965,65.783203125,4110800
2016-09-13,65.1247307545396,65.25321652039246,64.18520156625999,64.42610931396484,4740600
2016-09-14,64.54655504555885,65.54230132020687,64.4261073020064,65.06048583984375,5324800
2016-09-15,64.90790249862117,66.1284863371889,64.83562774171538,65.87152099609375,3499400
2016-09-16,65.5422679617628,65.91165514924283,65.2130279595208,65.88756561279297,6715400
2016-09-19,65.99198346374737,66.12849497886354,65.3254774171857,65.7510757446289,4351200
2016-09-20,66.21682426928388,66.38545721407681,65.57441392624477,65.60652923583984,2774600
2016-09-21,66.08834871744926,67.04393546340269,65.85547288606324,67.02787780761719,4264300
2016-09-22,67.42939837046335,67.81484344201078,66.89940373891194,67.0519790649414,3925200
2016-09-23,67.06000376252196,67.11621475136411,66.16062181450928,66.20077514648438,3031500
2016-09-26,66.00805173336673,66.39350292062909,65.85548253816057,66.14456939697266,3340800
2016-09-27,66.0000068973215,66.55408477783203,65.58243438789707,66.55408477783203,4295600
2016-09-28,66.85121869428181,69.58951179414937,66.76288626354166,69.53329467773438,9497100
2016-09-29,69.28434410946642,71.34809869612215,69.28434410946642,70.23993682861328,10616400
2016-09-30,70.65751415894471,71.45250596311517,70.51297075150806,71.28386688232422,6379100
2016-10-03,70.85024128710435,71.62113740160555,70.80205606795336,70.89038848876953,4294600
2016-10-04,71.06706526205369,71.42842077039779,70.00708216083376,70.27207946777344,4743300
2016-10-05,70.76190519262104,72.16718583523756,70.69766232144673,71.80582427978516,5189500
2016-10-06,71.43645684016145,71.99857292955998,71.2357024067775,71.70145416259766,3786900
2016-10-07,71.88612584241528,72.06279067742425,70.61736281437706,71.04296112060547,3774200
2016-10-10,71.5488852134651,71.87009356083261,70.77798885570685,70.84223175048828,3785700
2016-10-11,71.54885305718415,71.7255178751646,70.07130390050564,70.23993682861328,6471900
2016-10-12,70.26404233677948,70.46479674345599,69.87859118028373,70.32828521728516,3950000
2016-10-13,69.78223657909864,69.91874811229835,69.2683057616679,69.83844757080078,5677000
2016-10-14,70.52902131114621,71.00279864714841,70.31220317737082,70.4005355834961,3601000
2016-10-17,70.16766658310867,70.44069571750208,69.78222161595447,70.09539794921875,4479700
2016-10-18,70.75385421253606,70.82612282820587,69.67780785356719,70.03916931152344,3715700
2016-10-19,70.11145097706785,70.8903788769041,69.75009557838811,70.66553497314453,5943900
2016-10-20,70.52784267282287,70.6979642304436,69.8554592347847,70.17949676513672,4576600
2016-10-21,69.45039996939082,70.17949052851064,69.15065848177058,69.93646240234375,3592500
2016-10-24,69.7663361149822,70.58453878556907,69.29647311681511,69.66101837158203,5096500
2016-10-25,69.55570348379388,71.00579400360607,67.95169084213562,68.43775939941406,11639200
2016-10-26,67.89500208991228,68.36486519310687,67.14160303845206,68.15423583984375,6582100
2016-10-27,68.27571115362116,68.32431552049113,67.00384538205421,67.24687957763672,5003200
2016-10-28,67.49803328081825,68.18662216109922,67.2387996018671,67.95169067382812,4974000
2016-10-31,68.20282263519267,68.35673856451292,67.57094097635705,67.61144256591797,4679400
2016-11-01,67.6195563799839,67.76537572353543,66.14516354212691,66.62312316894531,5139600
2016-11-02,66.55019822142623,66.55019822142623,65.07580579046162,65.70768737792969,5228600
2016-11-03,66.13704456685754,66.16134675473286,65.35934365175977,65.8373031616211,3859000
2016-11-04,65.89401345777478,67.157782912896,65.28643400955308,66.67981719970703,5745800
2016-11-07,67.83827172150251,68.1785209237862,67.21449284844878,67.84637451171875,3786400
2016-11-08,67.86259288018303,68.85902621428598,67.28741822642043,68.59979248046875,3407700
2016-11-09,72.73131149120154,75.50187236786597,72.39106847419741,73.88166046142578,19281900
2016-11-10,74.56218298207624,76.9195890502002,74.40015801720592,75.70442962646484,14174400
2016-11-11,75.65579182278901,76.42538997910363,74.38392576807493,75.34795379638672,7369900
2016-11-14,75.5423779778904,77.36511632052046,75.35605089450529,76.28767395019531,7552800
2016-11-15,75.71252478335138,76.52263098413275,75.04823794593547,76.50643157958984,4645400
2016-11-16,75.96364854535203,76.47401935918488,75.21024960263524,75.62340545654297,3297200
2016-11-17,75.74494443649544,75.74494443649544,74.85382867924912,75.16166687011719,3942200
2016-11-18,75.34796680060273,75.66390767135387,74.44874857442834,74.80519104003906,4715900
2016-11-21,75.4451633718455,76.02844063294175,75.16162753120642,75.25884246826172,3783200
2016-11-22,75.66390824389602,75.91503914802956,75.17784583757157,75.84213256835938,3172800
2016-11-23,76.80615284941226,78.11042408821159,76.3281932451984,77.91600036621094,6535900
2016-11-25,77.73776621308492,78.12661978852059,77.13018675064151,77.61624908447266,2006900
2016-11-28,77.3732470160862,77.65678295774389,76.53073580328905,76.87908172607422,4916000
2016-11-29,76.14996043732233,76.61172058849415,75.85021900632317,76.18236541748047,3806000
2016-11-30,77.56767185698637,77.68918902813438,76.43352189397169,77.41374969482422,4641900
2016-12-01,77.77016067946008,78.89620730318205,76.19045676290537,77.96458435058594,9361600
2016-12-02,77.25170299457172,77.89168742935719,76.90335719286868,77.07347869873047,5038300
2016-12-05,77.66488184213974,77.76209062831904,76.27149822111959,76.5145263671875,4980300
2016-12-06,76.23098458547749,77.21121224809795,76.206682390799,77.1383056640625,3663100
2016-12-07,77.16260361372892,78.84762573242188,76.90336991705453,78.84762573242188,4901100
2016-12-08,78.79092400925418,78.90433837311242,77.87550012588784,77.9889144897461,3861600
2016-12-09,77.95652816393927,78.01323535494694,77.1140169113821,77.38945007324219,6550200
2016-12-12,77.77830138988281,78.29676888607958,76.88718576708338,77.02490234375,3596700
2016-12-13,77.55954065034962,78.17522289282465,77.10588330358792,77.78636932373047,3803300
2016-12-14,77.58386855048452,77.77019569714835,75.83404236122101,75.9393539428711,5647400
2016-12-15,75.98795643858053,76.74135537651627,75.38037684929748,76.57933044433594,4200100
2016-12-16,76.43351904951106,76.53883681154265,74.9591260066473,74.9996337890625,7872700
2016-12-19,74.4730529325108,75.16164187132982,73.71965402328978,75.10493469238281,3856300
2016-12-20,75.8583280324352,76.8223561843787,75.5828949493762,76.42539978027344,4302400
2016-12-21,76.36059137006345,76.39299635092264,75.89072841853236,76.00414276123047,2829300
2016-12-22,75.97175308034763,76.51452271265684,75.92314868957945,76.2471923828125,2534900
2016-12-23,75.97984735703231,76.47401254319061,75.85833021311133,76.4092025756836,1545900
2016-12-27,76.42538471869476,76.79803885739715,76.2309610406976,76.59551239013672,1735200
2016-12-28,76.63601581211256,76.87905005089728,75.19402831955405,75.46136474609375,2700300
2016-12-29,75.5667034210119,76.02846369601748,75.3398746796926,75.5748062133789,2387200
2016-12-30,75.37225329619272,75.54237479265758,74.79707885177795,75.12921905517578,3471200
2017-01-03,76.14996375246085,77.11399186712495,75.54238425443589,76.14186096191406,5054900
2017-01-04,76.52262975485107,76.55503474403613,75.68822137034961,75.8016357421875,3772100
2017-01-05,75.48567833796629,76.52261304295176,74.86999603914929,75.33985900878906,4698800
2017-01-06,75.70440894793262,75.82592609323804,74.86190408321755,75.37226867675781,4023100
2017-01-09,75.28315570259683,75.73681311417805,74.69177556482674,74.82949829101562,3095000
2017-01-10,75.32364121448617,76.50639495982786,75.1535135548082,76.0122299194336,3980200
2017-01-11,76.53071722822415,76.75754592649584,75.6558012372175,76.6765365600586,3720500
2017-01-12,76.44970519650906,76.44970519650906,75.16163344677466,76.14186096191406,3102700
2017-01-13,76.20666433309441,76.66032167458002,75.89072351590012,76.53881072998047,2609500
2017-01-17,76.34440540464304,76.3849131862793,75.5180998125928,75.8016357421875,5040300
2017-01-18,75.79344748553245,76.30804672329336,75.58107052611794,76.23453521728516,3425700
2017-01-19,76.43877524325109,76.76550773027128,75.93233957677458,76.27540588378906,3540100
2017-01-20,76.7899778935966,77.59863561454215,76.47141557225741,77.25556945800781,5045200
2017-01-23,77.27191002196736,77.38626541746986,76.42240834687614,77.15755462646484,3254900
2017-01-24,77.61497271492046,79.01175369921884,77.43527583857754,78.61150360107422,5768200
2017-01-25,79.90207625345624,80.53103076869994,79.49366245002784,80.171630859375,7557900
2017-01-26,80.41670502959282,80.84962905552182,78.43181296437645,79.4120101928711,9097300
2017-01-27,79.79591560747964,81.24169817709686,79.64071631992961,80.8577880859375,6371400
2017-01-30,80.3758769734058,80.5310700567293,78.88108022794766,79.06078338623047,5221800
2017-01-31,78.89740027744301,78.93007413978363,77.26374455182429,78.13775634765625,5724700
2017-02-01,78.26026878311701,78.84021576780006,77.10854483660601,77.68849182128906,3582500
2017-02-02,77.41076854201803,77.70482705114586,76.37339996896822,76.59394073486328,3807500
2017-02-03,77.04319671571673,77.14938208467335,75.80978501089099,76.19369506835938,4677900
2017-02-06,75.80978126346496,76.06300210292348,75.49938896284942,75.85879516601562,4621300
2017-02-07,77.04317537773909,77.53327066842667,75.98129705466623,76.21817779541016,4995600
2017-02-08,75.96497573473259,75.96497573473259,75.23799958378022,75.89146423339844,4083500
2017-02-09,76.01398406972324,76.92883334084135,75.7117618079393,76.74913024902344,3994300
2017-02-10,77.49245056623751,78.92189912283936,77.19022205650013,78.6686782836914,5600200
2017-02-13,79.79592142842219,80.90680789719171,79.36300362830953,80.45755004882812,6995100
2017-02-14,80.28601182970117,80.65358187724803,79.44468012343455,80.12264251708984,4342600
2017-02-15,80.1389608952744,80.88227081298828,80.04910935560893,80.88227081298828,4326000
2017-02-16,80.90679986696327,80.92313368169056,79.88576506920705,80.26150512695312,3062400
2017-02-17,80.10631393961505,80.82512026639859,79.67339613871687,80.74343872070312,3631500
2017-02-21,80.75975917610373,81.02930758831418,79.98376910050125,80.13079833984375,3916600
2017-02-22,80.08180467859809,80.6454178999817,79.7387384707568,80.21249389648438,3031100
2017-02-23,80.40854485894859,80.45755254141471,77.6966763322095,78.04791259765625,6024800
2017-02-24,77.484294746422,78.00706410153454,76.37340830883225,77.99073028564453,5018200
2017-02-27,77.99073100781555,79.65705444772755,77.69667246385407,79.59171295166016,5445000
2017-02-28,79.42832995138839,79.72238844470267,78.7748714799465,78.95457458496094,3951700
2017-03-01,80.21249722282009,80.84145819518027,79.58354248236222,80.52289581298828,5564900
2017-03-02,80.4494028671797,80.64544611043978,75.83432256649448,77.0759048461914,23059200
2017-03-03,77.07590230106089,78.33381836020628,76.95337683604532,77.69669342041016,8163300
2017-03-06,77.04320377090265,78.36646715213854,76.86350064398027,78.13775634765625,4706100
2017-03-07,78.12958083755515,78.60334246037182,77.40260458925788,78.35829162597656,4683100
2017-03-08,76.86347568208791,77.99070175510843,75.85061120607091,76.15283966064453,9370400
2017-03-09,75.51571478219604,76.14467557115947,73.84939183748631,74.6498794555664,9260900
2017-03-10,75.05830103007082,76.04666185422695,74.1761255693377,75.4013671875,7169000
2017-03-13,76.23454214664208,76.39790521833224,75.36053662610614,75.67092895507812,4376100
2017-03-14,74.51102137587621,75.14814596412009,74.02092601814249,75.0337905883789,5781100
2017-03-15,75.45039818503278,76.61029235070558,75.1971772888798,76.2590560913086,6434600
2017-03-16,76.75731001963378,76.85532536805513,75.67092754068523,75.84246063232422,3717900
2017-03-17,75.95680571283965,76.22636034819973,75.6790872874874,75.89146423339844,7141400
2017-03-20,76.07118910804452,77.99073988628784,75.87515213372077,77.9253921508789,6516200
2017-03-21,77.9089975414935,77.91716756067393,75.22163456581313,75.49935913085938,7720200
2017-03-22,75.14812308888538,76.07113583551534,74.919412407023,75.49935913085938,5035600
2017-03-23,75.51572592992194,75.96498370264437,75.1154820617974,75.33602905273438,2585700
2017-03-24,75.34417188899046,76.16099944356463,74.78872890260402,75.27066040039062,3634600
2017-03-27,74.24963653865278,75.1236418973276,73.79220880521042,74.7479019165039,3425700
2017-03-28,74.78875831080951,76.09568789755478,74.74792065616255,75.92414855957031,3866100
2017-03-29,75.76895779958758,76.1692017259225,75.4748992568388,75.85063934326172,2513700
2017-03-30,75.94866214236437,76.26722453009016,75.47490045685846,76.14469909667969,3672600
2017-03-31,75.66276742817564,76.16103295425361,75.16450190209767,75.76895904541016,4020600
2017-04-03,75.49941648688065,75.83431274491055,74.33135213266266,75.36872100830078,3685800
2017-04-04,76.69197877620867,77.41895518206093,76.0140100550961,76.88801574707031,5797500
2017-04-05,77.53329503351142,79.01175762263519,76.74914107560846,76.97785186767578,6061300
2017-04-06,77.12488006997627,78.75853568458403,76.99419086139649,78.26844024658203,5421600
2017-04-07,78.30927879283183,78.92189960655887,77.94170256545492,78.02338409423828,4463800
2017-04-10,78.66868818859683,79.95927768642163,78.4971550880356,79.3466567993164,5168300
2017-04-11,79.47736469595434,79.48552848875848,78.14593110433808,79.31399536132812,4250400
2017-04-12,78.97910310499933,79.04444461023455,77.32094322450631,77.48430633544922,4773900
2017-04-13,77.27190298742573,77.48427994483997,76.03849135461768,76.04666137695312,4706000
2017-04-17,76.52859394543212,77.06769702022197,76.36522465617674,76.89616394042969,3719100
2017-04-18,76.3733961014513,77.22289772570203,76.06300379393522,77.10037231445312,3310400
2017-04-19,77.48429004986507,78.39096945841045,76.20187057960118,76.3488998413086,5550400
2017-04-20,76.82659852218084,78.21026823328646,76.57951846028111,77.96318817138672,4852500
2017-04-21,78.39969657129478,78.44911132356002,77.26310699986367,77.68315124511719,4128700
2017-04-24,78.9350499396096,79.93985858904935,78.90211095631695,79.73395538330078,6739400
2017-04-25,84.7332684364309,86.38873164710239,84.00849155571701,86.00163269042969,18383500
2017-04-26,85.49101042745072,87.28648656754966,85.35922936440969,86.1993179321289,9856100
2017-04-27,85.69691720430885,85.85339936862091,84.4697295672443,84.56856536865234,6727400
2017-04-28,84.69207698835054,85.26860323921592,84.19791073279951,84.22261810302734,4016000
2017-05-01,84.54385635912288,84.82388169887902,83.52257823226654,84.00850677490234,4512100
2017-05-02,84.23085281866616,84.59324435184763,83.39077078153153,83.60491180419922,4516400
2017-05-03,83.21782470858032,84.14850476107489,83.00368365552578,83.62963104248047,4278400
2017-05-04,83.54728791295116,83.5967026722302,81.2411694636986,81.85887908935547,7271600
2017-05-05,81.94946827775223,82.35303676411552,81.5541313946141,82.06477355957031,4086800
2017-05-08,81.93298222487397,82.44361800293852,81.48823067762511,81.8423843383789,5094600
2017-05-09,82.13065056122726,82.53421898112663,81.7435516287324,81.77649688720703,9742000
2017-05-10,82.13067180370452,82.94604673992887,81.7847559257508,82.65778350830078,4696700
2017-05-11,83.92612623360657,83.94259572099725,82.48480416579962,83.1766357421875,5220300
2017-05-12,82.84720150275075,83.14370258827346,82.50128566419642,82.94603729248047,4112000
2017-05-15,83.67080823908208,84.46971353541838,83.52256399060664,84.35440826416016,3756100
2017-05-16,84.62621269655347,84.66739584880196,83.40726302379944,84.28852844238281,3115900
2017-05-17,84.28853883389537,84.28853883389537,82.27068979828447,82.47659301757812,4618500
2017-05-18,81.65296953941069,82.91309607249909,80.49991040433413,82.54247283935547,5931500
2017-05-19,83.65434059481376,84.71680171797398,83.40725427457514,84.3626480102539,4636500
2017-05-22,84.56030788105775,84.87328470447265,83.85200051097715,84.2473373413086,4376300
2017-05-23,84.25559007146482,85.44982609132259,84.05791847963995,85.35099029541016,3327200
2017-05-24,85.10390423303993,86.4052138443371,84.95565369145334,85.61454010009766,5170900
2017-05-25,86.02633725278886,87.253524603756,85.85337935339732,86.49579620361328,5220000
2017-05-26,86.47935406194843,87.06411846394624,86.16638342365414,87.02294158935547,2894100
2017-05-30,86.6934818917515,87.18764829680227,86.48757869934147,86.86643981933594,3211700
2017-05-31,86.68522269213348,87.10526686080429,85.32626069960928,86.8334732055664,4131400
2017-06-01,87.11350081486444,87.65708814002058,86.61110291630928,87.0146713256836,4211300
2017-06-02,87.03114636262418,87.92888740981307,86.62757792751437,87.26175689697266,3702800
2017-06-05,86.9570197781594,88.26656079542892,86.59462822354449,86.64404296875,4319500
2017-06-06,86.30637653341671,86.90761029215633,85.70513649101078,86.10871124267578,3800200
2017-06-07,85.90280626983207,86.22401471694685,84.3791177630403,85.25215148925781,5121700
2017-06-08,85.25216770242356,86.80055759538817,85.25216770242356,86.48758697509766,4649300
2017-06-09,86.55346802923539,88.14304101935468,86.50405327092786,87.23706817626953,3881000
2017-06-12,87.23705254582453,87.59120624546401,86.3969703867801,87.360595703125,4167400
2017-06-13,87.45119962246811,87.8465364963239,86.89938060334283,87.0970458984375,3522700
2017-06-14,87.13823497560448,87.29471713151825,85.64749156512623,86.24049377441406,4100200
2017-06-15,85.49098622564114,87.83004287944888,85.49098622564114,87.63237762451172,5974100
2017-06-16,87.92888072978701,88.87603645276131,87.63237969853131,88.62071228027344,7350400
2017-06-19,88.9089895717374,88.98311798317782,87.85476630784137,88.5301284790039,4347600
2017-06-20,88.999566868568,89.09840263305196,88.06064909879728,88.15948486328125,5314100
2017-06-21,87.82183637401211,87.92891006659644,84.95566716048528,85.21922302246094,6274100
2017-06-22,85.30156837250273,86.19930949653133,85.23567784743037,85.52394104003906,3652500
2017-06-23,84.42032064415511,85.87811268461115,84.25560058075551,85.746337890625,12089800
2017-06-26,86.19930224181812,86.99820122733485,85.19449381186344,85.86161804199219,2857700
2017-06-27,86.06752722536915,86.6687672617088,85.40040294855814,85.59806823730469,3380700
2017-06-28,86.35579718719981,87.82182690408497,86.28167505448093,87.67357635498047,4118300
2017-06-29,87.67356343984761,88.10184553357809,86.32283920638837,87.00643920898438,3550000
2017-06-30,87.38531820055861,88.98312906851537,87.16294550586724,88.50543212890625,4702100
2017-07-03,87.72299132519369,88.81839145170542,87.69828394932996,88.10185241699219,2404900
2017-07-05,88.12656001034571,88.85133693335766,87.838296818447,88.5301284790039,3483600
2017-07-06,88.31598642196397,88.85956749851931,87.55002641307607,87.72298431396484,2921700
2017-07-07,87.80535862470914,88.60426402347689,87.17941115500449,88.06067657470703,2767900
2017-07-10,87.90417803247135,89.35373172495727,87.50060332289382,88.8183822631836,2951500
2017-07-11,88.87606258112262,89.33728375037303,88.16775505196398,89.1478500366211,2559900
2017-07-12,89.70789183584051,90.59739504068345,89.64200131318562,89.74083709716797,3611600
2017-07-13,89.68317316010541,89.97967419102535,88.92545109605014,89.3372573852539,3051100
2017-07-14,89.40315345631062,90.07027767551185,88.99134714151171,89.58434295654297,4480200
2017-07-17,88.95017424797467,90.08675754569,88.93370475829754,89.64200592041016,2969500
2017-07-18,89.77476318068035,89.77476318068035,88.40599128488775,88.82077026367188,3984400
2017-07-19,89.01155098038758,89.59223888600228,88.87881869966223,89.46780395507812,2857900
2017-07-20,89.4926875203359,89.71667165641018,88.81245042055836,89.02813720703125,3759700
2017-07-21,88.52209558261652,88.72118764538949,87.19480461575905,88.42254638671875,4258100
2017-07-24,89.47609604343637,90.00701247707144,89.00324839694817,89.7415542602539,5980400
2017-07-25,93.9391275190663,95.30789921343406,92.74456853969315,95.0175552368164,14264600
2017-07-26,94.77695894220243,95.01753141366095,93.80637803698946,94.17137908935547,5741200
2017-07-27,94.33731205438598,94.89311424978864,93.94741888390172,94.87652587890625,5583500
2017-07-28,94.94289372634279,95.3161985575369,94.13822792546475,94.65254974365234,4704500
2017-07-31,94.98435833476057,95.11709060704591,94.31241861112957,94.5280990600586,4477200
2017-08-01,94.7935330295045,94.92626526783985,93.34180740007439,93.82295227050781,3683700
2017-08-02,93.86445977509284,94.22116985732133,92.98512426481837,93.81468200683594,2830600
2017-08-03,93.61559693288952,94.33731450095141,93.61559693288952,94.20458221435547,2438900
2017-08-04,94.47004637020103,95.10051211293698,94.11333623893223,94.85993957519531,2631900
2017-08-07,94.96777459650177,95.39084449474105,94.81845394741043,95.1585693359375,2269400
2017-08-08,95.0590127948793,95.60652390899195,94.72719478162391,94.90969848632812,2601200
2017-08-09,94.89308105320292,95.78070731694643,94.66080596796482,94.85160064697266,3170100
2017-08-10,94.47834246877241,94.67743457946261,93.62389890099351,93.86447143554688,3186700
2017-08-11,93.79809667834859,94.29583007389444,93.53263844545592,93.61559295654297,2130300
2017-08-14,94.1216281870481,94.87652883066738,93.96401017815533,94.32901763916016,1968900
2017-08-15,94.56959508088332,94.76039617151888,94.0054954886434,94.27925109863281,2826800
2017-08-16,94.41197644072669,94.99267073041959,94.26265577526556,94.66914367675781,2268600
2017-08-17,94.56957550652801,94.8765141265325,93.85615539550781,93.85615539550781,2905100
2017-08-18,93.73172305840549,95.10049453370101,93.48285954500277,94.50321197509766,3875700
2017-08-21,94.36218210491909,94.64422866624692,93.96399165060753,94.23774719238281,3137400
2017-08-22,94.74378024316675,96.11255165742038,94.56957389284686,96.0793685913086,3881100
2017-08-23,95.39913135935798,95.71436099322769,95.19174194335938,95.19174194335938,2447600
2017-08-24,95.39913272966419,95.44061314506882,94.8931020410372,95.21662902832031,1861200
2017-08-25,95.78907103606805,96.75965245576477,95.52361270771445,95.68952178955078,3282200
2017-08-28,96.02961125413735,96.27847479297577,95.11709895368247,95.45721435546875,2011000
2017-08-29,94.88480876201734,96.72642789417348,94.8184489551555,96.23699188232422,4355700
2017-08-30,96.32825840594592,97.63066395816018,96.12915996797214,97.5145263671875,3401000
2017-08-31,97.8463403980248,98.57635531573081,97.34860698169491,97.4647445678711,3357700
2017-09-01,97.46472015101789,98.56803327231347,97.39006300533221,98.12007141113281,2992200
2017-09-05,98.00394833017295,98.82520869913442,97.73849011348726,98.13668060302734,3826800
2017-09-06,98.5099784918648,98.87498591114309,97.04166412353516,97.04166412353516,4292600
2017-09-07,97.37347923327451,97.82973849372544,96.64347074557591,97.69700622558594,3270100
2017-09-08,97.24906642455379,98.59294604792242,97.05826534039616,97.7385025024414,2787000
2017-09-11,98.56805479683126,98.65100930871549,97.44815306383536,98.60953521728516,3527500
2017-09-12,98.87499505827654,100.70001966545871,98.76714849495461,100.32672119140625,5554000
2017-09-13,99.96170006230172,100.37647890073451,99.0574852324492,99.23998260498047,2532200
2017-09-14,99.37272488513098,100.20228264559219,98.89157986509785,99.94512176513672,2904900
2017-09-15,100.38479982198898,100.84935020483212,99.80410551441075,100.68344116210938,4610100
2017-09-18,102.54990713744115,103.22184673111376,101.91114427640017,102.72411346435547,4349000
2017-09-19,102.83198795777147,103.63666006637962,102.66607892320285,103.47904205322266,3050000
2017-09-20,103.66983882583014,103.9269997174193,103.01448740720977,103.5702896118164,3151600
2017-09-21,103.29651607274671,103.72788959616665,102.71582824778443,103.52050018310547,2615400
2017-09-22,103.34630534986835,104.04313081745937,103.15550428382414,103.22187042236328,2616700
2017-09-25,103.17209565187852,103.5122110251196,102.57481308235721,103.130615234375,3268500
2017-09-26,103.44585783717615,103.75279650966206,103.13062814337025,103.28824615478516,2301900
2017-09-27,103.86892089738011,104.04312725831856,103.14720340575816,103.29652404785156,2140600
2017-09-28,102.79051249541348,103.92700265803123,102.54993996817443,103.88552856445312,2067800
2017-09-29,103.98506379816912,104.1509791473406,103.28823831871912,103.45414733886719,2273500
2017-10-02,103.19700510130069,103.55371525517921,102.82370024499548,103.46246337890625,2502600
2017-10-03,103.67814084173504,104.13439385286065,103.15551535592294,104.11780548095703,2166100
2017-10-04,104.267113623394,105.42848938790513,104.19245013623357,105.13814544677734,2792300
2017-10-05,105.18793401264584,105.27918587908536,104.53258257595462,104.85610961914062,2496200
2017-10-06,104.62380622254382,105.3455172800521,104.507668665496,105.29574584960938,2697400
2017-10-09,105.2874707900537,105.29576813989136,104.4745077186211,105.25428771972656,1979600
2017-10-10,105.78518736028322,106.4239439576627,105.57779795049444,106.34099578857422,4414300
2017-10-11,106.32441304843117,106.88851888867751,105.90963418220898,106.6811294555664,2177800
2017-10-12,106.51522192578477,107.97525182990012,106.49863988272756,107.834228515625,3372300
2017-10-13,108.67204654426561,109.01216820115164,107.17884031968205,108.43148040771484,3478200
2017-10-16,108.87945459549876,109.60116578681397,108.62229371850353,109.06195831298828,2914200
2017-10-17,108.78821370095098,109.06196930477567,108.10798286015314,108.29047393798828,2380300
2017-10-18,108.2573134743982,109.21130006248521,108.2573134743982,108.91265869140625,2511400
2017-10-19,108.67206711407995,109.19469255611962,107.34476962809379,109.12832641601562,4837600
2017-10-20,109.60398045316585,110.07965483540892,108.88630500992777,109.62067413330078,3086800
2017-10-23,110.11305362331987,110.43851042285482,109.45379954912595,109.88773345947266,5549500
2017-10-24,116.88088506073277,117.19800135235589,114.01853616250843,115.36209106445312,18886700
2017-10-25,114.50253186908716,115.01992132459883,112.48301688421712,114.19375610351562,7438600
2017-10-26,114.22711524081551,115.36204321352567,114.20208109486583,114.27718353271484,5745400
2017-10-27,114.26052525839647,115.49559019755998,114.24383157807682,115.00323486328125,4064600
2017-10-30,114.57765055131198,115.0032439314178,113.89334967326732,113.90170288085938,3044500
2017-10-31,113.91006410376696,114.01020074472642,112.7250671627282,113.32591247558594,3988300
2017-11-01,113.21740507388346,114.57765365927801,113.01711908946355,113.73479461669922,3629000
2017-11-02,113.84325142170526,114.31892572161902,113.23406590446108,113.88497924804688,2722600
2017-11-03,113.89336353092665,114.28558232903083,113.79322689602334,114.01854705810547,2105400
2017-11-06,114.16041162539537,115.53734129059998,114.15205841678036,114.91981506347656,2780900
2017-11-07,114.9948691144717,115.91281759353623,114.0435332821063,115.83771514892578,3222100
2017-11-08,115.49559975493919,115.78768188374089,114.4775016414938,114.56929779052734,1933300
2017-11-09,113.85996273025678,114.11865746667114,112.36619035731086,112.94200134277344,2940300
2017-11-10,112.73336347923676,114.235476172985,112.71668253464463,113.89332580566406,2016900
2017-11-13,113.10057564072201,113.95177516415144,112.54979872947071,113.9350814819336,1894100
2017-11-14,115.16180951452219,115.2619461437122,113.88501655815381,114.7779312133789,3041300
2017-11-15,113.89335712528208,114.12701774928125,111.66522798915128,111.90724182128906,3746200
2017-11-16,113.05051838741795,114.66946191511843,112.74175527069873,113.79322814941406,2812900
2017-11-17,113.32588415563791,113.79320534139994,112.6749706849626,113.60127258300781,2312700
2017-11-20,113.85995569371461,115.00322438729707,113.70139757898939,114.2521743774414,2124000
2017-11-21,114.96990558146203,115.16183841342313,114.46919684276541,114.82804107666016,2221400
2017-11-22,115.34540259263565,115.51230122024786,114.49420303819959,115.17015075683594,4887500
2017-11-24,115.24526048072485,115.5122957254921,114.6110278989993,114.65275573730469,944400
2017-11-27,114.71949277778099,115.38709984480202,114.23547797252937,114.48583221435547,2585400
2017-11-28,114.75289066371957,115.99630891894245,114.55261741649588,115.98796844482422,2592700
2017-11-29,115.3036644331365,116.17155759272562,114.49419279143518,115.21186828613281,3098200
2017-11-30,115.91283612133462,117.9406915847647,114.419076527735,117.79047393798828,7507800
2017-12-01,118.16603567892385,118.83363018465813,115.47892577263171,118.09927368164062,5481600
2017-12-04,120.3774717081562,121.16190926306766,118.03251225159046,118.08258056640625,4922300
2017-12-05,118.29117884598739,118.65836337853806,116.60547382543476,116.94762420654297,3884100
2017-12-06,116.95598958089984,117.78215495504215,116.41356587276165,117.11454772949219,2881400
2017-12-07,116.64723971832116,119.33434987402875,116.15488426789993,119.2425537109375,2977100
2017-12-08,120.06033479691861,120.43587256068139,119.27589737664047,120.05199432373047,2490100
2017-12-11,120.69457366535029,120.76133565501777,119.73488438912133,119.97689819335938,1913500
2017-12-12,120.20219628670363,120.83642877271876,119.50956775626057,119.68480682373047,3397100
2017-12-13,120.31903612239918,124.38308789178181,120.22725271166382,123.98252868652344,6486500
2017-12-14,124.21620414760001,124.34137493498741,121.7377206889368,122.07151794433594,4616900
2017-12-15,122.9644350275034,123.37333472104388,121.41225372632302,122.41365814208984,7931700
2017-12-18,123.29819717162759,125.01727659736407,122.50541943195375,124.98390197753906,3534800
2017-12-19,125.0924359518014,126.08550006284396,123.94916688289534,125.93529510498047,3554100
2017-12-20,126.78648616931173,127.34561637587981,125.76004738950651,127.27885437011719,3076000
2017-12-21,127.42067483807254,129.43183659115488,126.68630576193216,129.04795837402344,4017400
2017-12-22,129.15644642962877,130.01598625316362,128.47214566644007,129.97425842285156,2486400
2017-12-26,130.2162846310286,131.00072215173245,129.8991810731738,130.5500946044922,1870600
2017-12-27,130.9673552991519,131.5932347113243,130.4416125181913,131.4513702392578,2520500
2017-12-28,131.80184861670486,132.39434060628855,131.20934389357316,132.20240783691406,4064000
2017-12-29,131.89363779290437,132.2691628378481,131.44299755213402,131.5014190673828,2616100
2018-01-02,132.1022974379791,133.0119058881271,130.20796532297547,131.05081176757812,5108400
2018-01-03,131.05078214387248,131.42631993186947,129.6821931734355,131.25106811523438,4146100
2018-01-04,131.7601478360594,133.17046497067068,131.03413171280647,133.0536346435547,4865800
2018-01-05,133.73790033038108,135.23167290355488,133.22051078820056,135.1565704345703,3945400
2018-01-08,136.95074420322427,138.88679099333154,135.64891722247933,138.55299377441406,5929200
2018-01-09,138.80335210355616,139.70461990117596,137.76856032105613,138.8867950439453,4522900
2018-01-10,138.4445440496881,139.8047929412013,137.2762407115212,138.4195098876953,5478600
2018-01-11,139.2789835175911,141.47373738290048,138.22751101568852,141.19834899902344,4199000
2018-01-12,141.85760779840308,142.4250654793821,141.22337540960936,142.11630249023438,4127900
2018-01-16,144.28604918789188,144.56979084026204,139.83814443436626,141.29017639160156,8530600
2018-01-17,141.29854349604634,141.95779754680052,140.61424255371094,140.61424255371094,5571400
2018-01-18,141.30687082637183,142.50020802671563,140.27207903429857,140.88961791992188,4668800
2018-01-19,142.21422948604112,142.90169359270263,141.35907935042263,142.8681640625,5796700
2018-01-22,142.79269952970654,143.2873400074965,141.25007264057243,143.27056884765625,3540900
2018-01-23,144.20122581856026,144.24314733808436,141.85376144437893,142.0465850830078,5036500
2018-01-24,143.6982053063037,144.57850612005322,140.57105413399236,141.1327667236328,8241000
2018-01-25,145.1234715803377,145.1234715803377,136.2031157479118,141.99630737304688,16937100
2018-01-26,141.52679499209742,141.68608909174674,137.95530409726956,140.05963134765625,9045300
2018-01-29,138.81880226826803,139.07031853751133,133.65438433804798,136.3036651611328,9496800
2018-01-30,134.41731938820922,138.08942385107395,133.98135868480782,137.29295349121094,8694800
2018-01-31,138.08106115099199,138.99489147142563,135.72521748425376,136.47137451171875,7014000
2018-02-01,135.18029736831264,137.27624584206228,134.29160446961322,136.0186767578125,4323600
2018-02-02,134.7861980687608,134.8113484158447,131.23146643333882,132.03631591796875,7602800
2018-02-05,129.8900672129136,133.2435835971745,119.76245898997747,126.66231536865234,11390500
2018-02-06,124.1387817497446,131.256611104982,123.08241604730375,131.130859375,13908700
2018-02-07,130.25061253014323,132.53938450696918,129.34516132342395,129.3954620361328,7156500
2018-02-08,128.98465030659153,129.26969617600045,122.33629632680139,122.39498901367188,9101900
2018-02-09,124.6753919519188,126.50305269453644,119.78763907348814,125.0945816040039,9528100
2018-02-12,127.32460966379135,128.6492499671764,125.96643983048105,127.67672729492188,5756800
2018-02-13,126.80485832922554,130.11645372375594,126.59526352206979,129.0852508544922,5512100
2018-02-14,127.76059770407947,132.95854585713064,127.7186761881979,132.5142059326172,5560100
2018-02-15,133.97298400943885,134.42570309896755,132.02793833851564,134.12388610839844,4914500
2018-02-16,134.2496278706083,134.97901347711684,130.86256968531217,131.03024291992188,5991600
2018-02-20,130.0912913098477,132.67350062973404,129.33675519109903,130.4182586669922,5094600
2018-02-21,130.5356561207402,132.79927770115648,129.98232270542758,130.14161682128906,4179400
2018-02-22,131.13083467327513,133.95616721093245,130.95476949181852,133.1848602294922,4723300
2018-02-23,133.6375739508264,136.2197821580209,133.4866719091617,136.16110229492188,4450800
2018-02-26,136.6976909112142,137.5360698646192,135.44012248110673,137.2342529296875,6254400
2018-02-27,136.87374894239096,137.99718650845156,135.1802325977476,135.19699096679688,4127700
2018-02-28,135.39820948284913,136.10244477772554,129.25288983312274,129.6385498046875,7298600
2018-03-01,128.83368677929855,130.9464052343596,124.50764849267496,125.94966125488281,9434800
2018-03-02,125.02745833760859,125.65624255730262,122.28595555780126,122.72191619873047,9509400
2018-03-05,121.69075157733893,127.31628236917497,120.73499967683964,126.69587707519531,8453000
2018-03-06,127.9702011841781,129.93200545126072,127.15697233290298,128.9008026123047,5795600
2018-03-07,125.75687917014584,127.66000352352972,124.75920588190513,127.0228271484375,5491000
2018-03-08,127.2072616473908,129.08523550150062,125.99999365493807,128.7666473388672,4105000
2018-03-09,130.04936175782817,132.81601534336863,129.38704789830976,132.67349243164062,4576700
2018-03-12,132.6650983585138,133.5873075884384,128.98461503821537,129.52955627441406,4880400
2018-03-13,131.03869552695838,132.35494445993797,128.43971441372207,128.85052490234375,4819100
2018-03-14,129.78112861399958,130.15839677074632,126.85518001682514,127.88638305664062,4873600
2018-03-15,128.42295815334876,130.44345570033306,127.14023861683461,129.58831787109375,5268800
2018-03-16,129.3786899895145,132.00280830222385,128.53191877287867,131.17282104492188,10897600
2018-03-19,129.31164035362588,129.8062811182662,126.44438440521814,127.55941772460938,5479200
2018-03-20,128.27198014435928,130.1164112872519,127.88632019620606,129.16065979003906,3557600
2018-03-21,129.24451990284427,131.86025849548176,128.44806234856293,130.6194610595703,3887400
2018-03-22,128.16298304191554,128.6911658619014,122.61291861435232,123.1578598022461,8225600
2018-03-23,123.82857921474066,124.55797766420042,120.55051416255854,120.9697036743164,6533100
2018-03-26,123.92922906627403,125.3880007997646,121.78296740250497,125.07780456542969,5454900
2018-03-27,125.67304176268361,126.69586544915973,122.22730260737681,123.23336791992188,4915300
2018-03-28,123.23335493593675,124.28132886554575,120.4164005014417,121.6991195678711,4933900
2018-03-29,122.57943110193618,124.72567985335633,122.04286891408115,123.56033325195312,4209400
2018-04-02,122.77224593718438,123.53517404115607,118.84862482579481,120.6343765258789,5397500
2018-04-03,121.39730617288359,122.10992079060935,119.36843011997175,121.61528015136719,4845700
2018-04-04,117.27248934670817,121.95064692780916,115.73825383952035,121.71588897705078,6188200
2018-04-05,122.83088912619299,124.8178558358663,122.79735959865933,124.18907165527344,4584800
2018-04-06,122.21053778413413,123.24174060315698,118.0605633631703,119.87984466552734,5707400
2018-04-09,121.39732036887933,123.06568692220746,119.72056183558722,119.95530700683594,4050800
2018-04-10,123.03214594126916,124.92687830236972,122.08477336439329,124.15557098388672,3991600
2018-04-11,122.97346685425472,124.37357151171535,122.67166259389974,123.06568908691406,3218900
2018-04-12,123.778281816545,126.72937963985386,123.778281816545,125.87422943115234,3958000
2018-04-13,127.22400079203915,128.1965234070439,124.9100795839751,125.94966125488281,3603200
2018-04-16,127.21563313377283,128.62410370298764,125.99159417397102,127.55097961425781,3055600
2018-04-17,128.55705647915232,130.40148806049862,128.28038982305276,128.5319061279297,3817200
2018-04-18,130.1080604595636,131.72612605526376,129.5882694877056,130.74522399902344,3087100
2018-04-19,130.27568810118984,131.05538707854748,129.07681249433742,130.53558349609375,4013200
2018-04-20,130.81367938242377,131.56359303658175,128.3869867230998,129.12847900390625,4057800
2018-04-23,130.3081205410795,131.22656456395083,128.2268969425876,129.75201416015625,5350300
2018-04-24,134.60537612428453,135.74289148787642,120.7951599582725,121.70516967773438,24122300
2018-04-25,121.19117575914062,124.36778178417006,119.78403511370126,122.33711242675781,9963700
2018-04-26,122.4467174773078,124.19931529821609,121.34289996246383,123.2808837890625,6558900
2018-04-27,122.74158404586346,123.5252090098179,121.46926222256913,121.94111633300781,3860600
2018-04-30,122.35398695589373,123.18815296803271,120.99740005023992,121.63777160644531,4764800
2018-05-01,120.5592654251284,121.69676823815645,118.21683736791795,121.68834686279297,5004400
2018-05-02,121.32606440850321,123.56737222179052,120.89632987615664,121.21652221679688,4637600
2018-05-03,119.38802415223395,122.3034136383497,116.4052122503496,121.14905548095703,7703200
2018-05-04,119.85146762089474,124.02233640642982,118.84877123754961,123.3313980102539,4678400
2018-05-07,124.85651117262431,127.62025209336181,124.70484928407338,126.23838806152344,6844600
2018-05-08,126.93775091998188,127.2916544183745,125.18515332207834,126.3310775756836,3853600
2018-05-09,127.02201138555024,129.21277758709758,126.81136128374999,128.58924865722656,4668200
2018-05-10,129.08637781234765,130.97380732378556,128.75776417291166,129.7351837158203,3911000
2018-05-11,129.97102943618054,132.06910773276581,129.5665851001467,130.48501586914062,3507900
2018-05-14,131.11706422424763,131.7827129616573,130.08909058642766,130.83900451660156,3563900
2018-05-15,129.60876464652102,130.09746143213795,127.8308777690705,128.57235717773438,4127200
2018-05-16,128.53866864968586,129.65089427619677,128.37015117379747,129.5919189453125,2693400
2018-05-17,129.50761265532927,130.81364517860396,128.71556662739277,129.4991912841797,2885800
2018-05-18,129.88684182762836,132.15343887892305,129.76887829016988,131.20130920410156,3889300
2018-05-21,134.19253268093541,136.16422735311957,133.72067852248503,133.9060516357422,5849700
2018-05-22,133.99872668732627,134.26836495875355,131.5636122981381,131.61416625976562,3512400
2018-05-23,130.3080841480794,133.13079927554128,129.5244723237303,132.91172790527344,4010000
2018-05-24,132.4652010910421,133.46788466530114,131.4709260343253,132.87806701660156,2891000
2018-05-25,132.22078917276065,132.7684868816737,130.79679312946445,131.3192138671875,2359700
2018-05-29,129.97954087368043,131.20974318859456,128.61453225804547,129.44027709960938,3795800
2018-05-30,130.26600960071448,131.4287892547564,129.625625153645,130.9906463623047,2688200
2018-05-31,130.85581919233195,130.86424056614868,127.65393572485122,127.99940490722656,4546000
2018-06-01,129.17062971140203,129.920543470796,128.2943181916466,129.3560028076172,2755500
2018-06-04,130.4260386784332,130.54400215540997,128.1426000475853,128.49649047851562,2470900
2018-06-05,128.41231322088507,129.00214386647417,128.09213376829317,128.92630004882812,2916600
2018-06-06,129.46545397749625,131.90056688239875,128.92619062040183,131.8752899169922,3689300
2018-06-07,132.38092555778442,133.0718510758922,131.04961562229053,131.6899871826172,3149100
2018-06-08,131.60573878781923,131.9933277137132,130.63674075896463,130.8726806640625,3254100
2018-06-11,130.76312332486424,132.3556371426653,130.367100213718,131.6984100341797,2758300
2018-06-12,131.82484490125665,134.1335748866234,131.7742909286753,132.70115661621094,2595600
2018-06-13,132.43994561908335,132.58319902392412,130.1902037385911,130.35873413085938,4189300
2018-06-14,131.1928671381179,132.591586753792,128.71562014234968,129.0358123779297,3967600
2018-06-15,127.10625060711776,127.23263549955851,125.06714672397229,126.40689086914062,8852500
2018-06-18,125.05872245676211,125.93503388094092,124.46890487725268,125.27779388427734,3651600
2018-06-19,123.01967830043714,123.27246103274122,119.91891449822772,120.74465942382812,6792000
2018-06-20,121.51980290524752,121.91582603117764,119.49756755088592,120.60137176513672,4128300
2018-06-21,119.85986650828642,119.9778300102513,117.22252403078771,117.5679931640625,5914900
2018-06-22,118.7223870806669,120.07055281651901,117.77025740464288,117.91349792480469,5114700
2018-06-25,117.00347935949888,117.10458728226553,113.90270353836445,115.08235168457031,6078200
2018-06-26,115.22557605759208,115.7142857109576,113.98695274892019,114.20602416992188,4285300
2018-06-27,115.24242850504955,117.50902501267713,113.39713208115771,113.42240905761719,5665000
2018-06-28,113.06011117871651,115.20032331285826,111.79621062703103,114.61892700195312,4215900
2018-06-29,115.10762094000565,116.1524498810271,114.23974370901038,114.3155746459961,4107900
2018-07-02,112.73990080808031,114.95593042374472,112.23433558347843,114.83796691894531,3172600
2018-07-03,115.43624692626561,115.73116218897458,112.34390521203704,112.76520538330078,1837400
2018-07-05,113.75944238949552,114.66945210047432,112.98425178911906,114.43352508544922,3366300
2018-07-06,113.84373678717598,114.47568706624244,112.33548777824434,114.09651947021484,3179600
2018-07-09,114.77901304552407,118.84877400726656,114.67790512453126,118.78136444091797,5562300
2018-07-10,119.32060187315173,119.53125190026645,118.0819786851525,119.01726531982422,3761700
2018-07-11,116.38832596593525,117.44999719009341,114.45876503370141,115.23395538330078,5231700
2018-07-12,116.70014342189347,117.73653820754059,115.29300244116989,117.47533416748047,4250800
2018-07-13,117.57641075963906,119.01726256890576,117.18040054630931,118.59596252441406,2838700
2018-07-16,118.70551253040662,118.70551253040662,116.1945548414672,116.34622955322266,3723100
2018-07-17,115.4193538737616,117.39946917911372,115.04018641405028,117.07927703857422,3306000
2018-07-18,117.12144442738452,119.2279452264382,116.55690375608539,118.90775299072266,4394800
2018-07-19,118.32280570236821,119.14512750850649,117.88196339194354,118.19563293457031,3576700
2018-07-20,117.2969639137416,117.48347356343774,115.83880461751137,115.99140930175781,5247000
2018-07-23,115.82188320523623,115.97448793894257,114.95717047917594,115.53364562988281,3542300
2018-07-24,117.75475570713922,119.19596903280221,116.44920105510411,116.96633911132812,5064700
2018-07-25,116.9917959023937,119.57748673234246,115.86426472291139,119.09425354003906,5041800
2018-07-26,119.32317326623375,121.69692281714588,118.74669806998497,120.87458801269531,5385600
2018-07-27,122.03600774622002,122.03600774622002,119.34858899455442,120.85761260986328,4649400
2018-07-30,123.52807446902331,124.3673551070074,117.89041893198512,118.47537994384766,13837700
2018-07-31,120.35743704107131,122.73965935096794,118.83145442423039,121.90885162353516,7608700
2018-08-01,121.20517429383656,121.28995611592207,117.08502869674389,117.4495620727539,6364500
2018-08-02,116.2033848464587,117.59372168194527,115.03346269048959,117.00027465820312,4195000
2018-08-03,117.16135820470521,117.50047265449571,116.20339060679424,117.42416381835938,3594100
2018-08-06,117.43262657274362,119.25531948778941,116.96635238129973,118.24647521972656,3125200
2018-08-07,119.20445899601933,121.50191211315087,118.941653426701,120.70500946044922,4813000
2018-08-08,120.6541772996633,120.72198726014021,118.06000002305126,118.4415054321289,3435100
2018-08-09,118.77208978682826,119.45029262648157,117.20371661437753,117.4326171875,3338500
2018-08-10,116.58487111969482,116.58487111969482,114.21959496693876,115.22843933105469,6268600
2018-08-13,115.2284388948516,115.91512779599024,114.21112152516872,114.4654541015625,3879400
2018-08-14,114.9571566574235,115.67775050916724,114.16872698917236,114.38066864013672,3537900
2018-08-15,112.96487584810698,112.96487584810698,109.72640190349738,111.92212677001953,5682200
2018-08-16,113.36331135683861,115.76249155266264,113.30396150625366,115.51663208007812,5539400
2018-08-17,114.99956131241697,118.86538878881328,114.82153752841467,118.12782287597656,6611700
2018-08-20,118.5347385983221,119.153604627567,117.46654434588321,117.55979919433594,3311100
2018-08-21,117.89891972332254,119.50119824911424,117.89891972332254,118.67886352539062,3021400
2018-08-22,118.95859526250236,119.2807377192349,118.14473377331113,118.3736343383789,2209500
2018-08-23,117.88194896467428,117.9836768177477,115.65231865494214,115.96598815917969,3905300
2018-08-24,116.8392018576748,117.45806786864901,116.05077217387078,117.16983032226562,2565400
2018-08-27,118.1786674656252,120.70502143131259,118.09389856099152,120.4167709350586,4770900
2018-08-28,121.58668530682384,121.8834087938336,119.95050196342243,120.38285827636719,3234000
2018-08-29,120.7473803504534,120.8830260995209,119.780927026156,120.26416015625,3369900
2018-08-30,119.56052021035387,119.93353957675608,117.3732808730885,117.89041900634766,4773300
2018-08-31,117.4326682471791,118.87386931191102,117.31398140504578,117.71243286132812,4552200
2018-09-04,116.87310364770592,117.83955705141132,116.08467398537452,117.19525909423828,3955600
2018-09-05,117.27153717868772,119.61985391925832,116.72048121244669,119.18748474121094,4579400
2018-09-06,118.9755106143928,120.27259192233278,118.73813710286693,120.01827239990234,4588100
2018-09-07,119.30617390896398,120.50152775839908,118.72969890792265,119.80636596679688,4173400
2018-09-10,120.18786596672102,120.81520492718843,120.1200430912317,120.42523956298828,3069100
2018-09-11,119.20442983732305,120.76431685395724,119.00096125154494,120.40825653076172,2583200
2018-09-12,120.02680560906371,122.71422437643395,119.2129439214065,122.3157730102539,5630600
2018-09-13,122.96854430755492,124.16389828308047,122.51922905761548,123.38394165039062,3670700
2018-09-14,123.46021786152733,124.79120430621496,121.42557085716751,122.84133911132812,4699600
2018-09-17,122.79899785113983,125.52032140781691,122.5446652825805,123.96043395996094,3827100
2018-09-18,124.62173374719482,126.554641235749,124.002867534991,126.37661743164062,4496400
2018-09-19,126.96153692432893,129.80156055686726,126.63090842723015,129.5048370361328,6000100
2018-09-20,131.7513925337549,133.7097310442925,130.9460169602117,132.25157165527344,6774100
2018-09-21,132.7856720954434,133.3451881586374,131.23425783574078,132.57373046875,5932100
2018-09-24,132.25160950499696,132.33639135211405,130.3610933245078,130.5560760498047,3844500
2018-09-25,130.65778669993315,130.97994215345298,129.54721450287315,130.63235473632812,3454600
2018-09-26,130.51365861171413,131.53097589097743,129.6150281327667,129.85240173339844,3096100
2018-09-27,129.72527700426556,130.59847575755035,128.1823352470318,129.25900268554688,2674100
2018-09-28,128.8605296297575,129.6320003788656,127.63974359510122,129.27593994140625,3599900
2018-10-01,130.22543155217758,130.97994332965055,128.58923524217244,129.097900390625,3736300
2018-10-02,129.10634446655243,131.72595257735597,128.4366146758754,131.25120544433594,4344000
2018-10-03,132.2515935317857,135.10856291923685,132.07355684870035,134.13363647460938,6043300
2018-10-04,133.97254553388214,134.41338775756262,131.57336466885252,132.8874053955078,4130800
2018-10-05,132.68395047978984,132.93828305572947,128.52989917104733,129.97109985351562,4955100
2018-10-08,128.8181390774633,130.26782573172082,127.9110354942809,130.00502014160156,3463200
2018-10-09,129.3776586568701,129.3776586568701,126.38504365588399,126.70719909667969,4996900
2018-10-10,126.06288489443574,126.46133621253742,121.84101104736328,121.84101104736328,9419300
2018-10-11,121.18822532535411,123.680661043665,118.55167084633767,119.50965118408203,7608300
2018-10-12,122.09533415466225,122.41747662615305,118.47536760125448,120.44219207763672,5596200
2018-10-15,120.38289154046511,121.38325020459973,119.63685258016443,120.21334075927734,3741700
2018-10-16,121.52739159109582,121.98518003020504,119.76403486790012,121.83258819580078,3573400
2018-10-17,121.29846779674286,121.67148723542321,119.62836626912924,119.82334899902344,4807500
2018-10-18,118.82298769447387,119.36555788292789,113.99919294267966,115.12672424316406,10250200
2018-10-19,116.19319406351823,116.82453136703899,111.99560032103798,112.03826141357422,7055100
2018-10-22,113.19851792963998,113.58245460207154,109.76878606680309,109.81144714355469,7858900
2018-10-23,102.10732498804929,104.5132626933583,98.64345893600274,101.5101089477539,24113300
2018-10-24,102.38035215558585,103.7795497809788,95.7682877455376,95.8450698852539,15304200
2018-10-25,97.96945348622539,99.89761183496722,95.9815670247571,98.65198516845703,13568900
2018-10-26,97.34665806457586,99.33454495827255,95.86214466104691,98.15717315673828,10820400
2018-10-29,99.71845686711839,100.97261717483528,95.60617980549485,97.24427032470703,8069600
2018-10-30,97.26132910860858,100.45218141644702,96.4934752085493,100.21329498291016,8057600
2018-10-31,101.87698028684025,104.84600671058939,101.74900355100324,103.50653076171875,10341300
2018-11-01,104.59004770376552,106.84242121146123,103.18232321156009,106.3902359008789,10138900
2018-11-02,108.39519351047667,109.46165544383766,106.01484969411493,107.32019805908203,7683900
2018-11-05,107.57614636296192,108.3098727030238,106.26227097269657,107.84916687011719,4844200
2018-11-06,107.84061407912509,110.48543793243117,107.76382544791925,110.34040069580078,4728200
2018-11-07,113.91521970889984,115.36560556620024,111.6628522667188,115.26322937011719,7551900
2018-11-08,114.17966640073068,114.92191963910494,111.67987320082428,112.09793090820312,6269400
2018-11-09,110.56222952938366,110.57076955589682,107.26900133274393,108.27574157714844,7248400
2018-11-12,108.50612763707574,109.55552927979642,106.29641462889501,106.6462173461914,5870100
2018-11-13,107.07277564776716,110.73286719084705,106.8850773103442,107.4652328491211,5820200
2018-11-14,108.58288265595493,110.0588687992339,105.5626682634847,106.73150634765625,5516300
2018-11-15,106.06606422764852,111.15095521254386,105.0507901310342,110.41722869873047,5815200
2018-11-16,109.8797022139584,112.55012711015027,109.24836506951337,110.87792205810547,5957700
2018-11-19,110.18684695349916,110.476934507013,107.15809882515555,107.48230743408203,5385600
2018-11-20,105.66503350404336,105.7674161798156,103.42973374426262,104.31702423095703,7746200
2018-11-21,104.78627545881322,107.68705299778391,104.52179500247813,105.6821060180664,4759500
2018-11-23,104.05256910049268,105.83569704292253,103.7198334597484,104.35971069335938,3130100
2018-11-26,105.4944243184936,107.32020677597008,105.07637302922743,106.47557067871094,4696600
2018-11-27,105.79303117869064,106.304931640625,104.41942759184683,106.304931640625,4049400
2018-11-28,106.90216846601061,111.57753488412963,105.65653494736763,111.56900787353516,5745200
2018-11-29,111.59458930113797,111.68843848040902,108.85590908301783,111.1082763671875,4999600
2018-11-30,110.95468836899427,116.00544989584274,110.77551705837726,115.74949645996094,8458200
2018-12-03,121.04770628003585,121.4998851238278,118.18958293002875,118.54791259765625,9365800
2018-12-04,117.80566273781128,117.80566273781128,110.09300207973122,110.33190155029297,8113400
2018-12-06,106.8338910842774,109.79439043630595,105.83568428239755,109.52136993408203,6595200
2018-12-07,110.14420510154157,110.89498552798051,104.72657271118479,105.40911102294922,6413700
2018-12-10,104.4364956890951,106.10870735327562,103.37003367042122,105.27259826660156,5970900
2018-12-11,108.50608958953399,109.18862774488578,104.29996399190681,105.14459991455078,4449900
2018-12-12,107.27755215599143,109.18012337832171,106.73152408959048,106.96188354492188,5544100
2018-12-13,107.88329424916233,110.15272852918572,106.68032848752779,107.41405487060547,4544100
2018-12-14,105.29819407902428,108.98388661698921,105.06784114316235,108.15631103515625,4483300
2018-12-17,108.1819021273553,108.9070949469346,105.52001077369309,106.19401550292969,5662300
2018-12-18,107.38843748856372,109.845563080581,105.45173925552454,106.02336120605469,5377900
2018-12-19,106.705907673742,110.01620294605202,103.06287682162721,104.36822509765625,6416500
2018-12-20,103.86486421455811,106.25374167368713,103.02876166028014,103.70276641845703,7563500
2018-12-21,103.8563434665889,105.56268275193442,102.01349391401519,102.44007873535156,10034100
2018-12-24,100.8190586548933,102.03055802785649,99.53930414591774,99.77819061279297,2986600
2018-12-26,100.67400868476541,106.44996377662898,99.04445169097616,106.44143676757812,5093700
2018-12-27,103.91605239981675,108.08805092262341,103.1737925579727,108.07098388671875,4599000
2018-12-28,108.4634485294366,109.41900082143086,106.68886071454362,107.16663360595703,3813500
2018-12-31,108.01126360399037,109.29955144557606,106.21960885288358,108.4122543334961,3455200
2019-01-02,105.8186155327926,109.10331691426889,104.93985196028297,107.82356262207031,4783200
2019-01-03,106.91067285005114,107.07277714539595,102.75574136095327,103.66863250732422,6165800
2019-01-04,105.93808261607178,109.70909121790424,105.53709180603121,109.33369445800781,5456600
2019-01-07,109.70907333269032,110.57078294151964,108.09658334480017,109.40193176269531,4653400
2019-01-08,110.82672350570365,112.19180004437594,109.40193186581935,110.7158203125,4202600
2019-01-09,111.84199492125194,112.80608069358463,110.83526108542456,111.14240264892578,4865600
2019-01-10,109.72616803149565,113.57395912650922,108.56585658770298,113.43746185302734,3418500
2019-01-11,111.83349094330816,112.89142610620317,110.95472715366023,112.70372772216797,2908600
2019-01-14,111.17652653800421,112.95112083699779,110.1697926765086,112.44775390625,4482300
2019-01-15,112.71224706535159,113.56541674625855,110.53666177537161,111.50074768066406,3224100
2019-01-16,111.56044010836358,113.06202677321984,111.11680133768654,112.32830047607422,3636900
2019-01-17,111.31303744650769,115.94574207131296,110.19538736656395,114.78543090820312,6878500
2019-01-18,116.00473720781709,118.25441767653759,114.76826720598783,117.292724609375,6122400
2019-01-22,115.85875279845337,115.86734776639281,112.63020245577452,113.5489730834961,5188700
2019-01-23,114.23587486695585,114.62228151732647,111.75435332980865,113.18832397460938,3123600
2019-01-24,112.83629672611795,114.19297848906126,112.65597270800649,113.96971893310547,3943600
2019-01-25,115.72136070350832,117.54171175988847,114.96573735085994,117.51595306396484,6417400
2019-01-28,109.04100884238207,109.73652647646027,105.74376432172437,106.79132843017578,17421400
2019-01-29,107.85606259876259,110.2431314699303,107.85606259876259,108.64602661132812,8550800
2019-01-30,109.84816388713406,112.7847804472435,108.45713499024012,111.72003936767578,7181600
2019-01-31,111.90034209694046,114.49348040852865,110.80124755503827,114.33892822265625,6643300
2019-02-01,114.2273186630269,114.9400066621005,111.72003786621252,112.40696716308594,5646700
2019-02-04,112.38121032714844,112.75042713287344,111.71145785464839,112.38121032714844,4541700
2019-02-05,112.16656048106961,113.42878948410119,112.14080177505578,113.3429183959961,3614500
2019-02-06,112.7160863214536,113.4287743308327,111.9347040711852,112.0892562866211,3098200
2019-02-07,111.01592155843393,112.00338642658325,109.35871739237986,110.57801055908203,3682100
2019-02-08,109.46174713994519,110.42344665527344,108.66319477436207,110.42344665527344,3135000
2019-02-11,110.72398683240137,111.6856930523058,110.50074038778955,110.7068099975586,2648100
2019-02-12,111.84880546572857,114.68237997008647,111.62555906434994,113.91817474365234,4505600
2019-02-13,115.23196919564855,115.32642215564692,113.72931680609479,114.2874526977539,3189600
2019-02-14,113.15401231610264,114.41624131726316,112.7161012124282,113.87528228759766,2877500
2019-02-15,115.14603727219053,116.99214663887072,114.7853894004269,116.94921112060547,5217500
2019-02-19,116.2194108132588,117.61901498904915,115.91887515535481,116.60580444335938,3881300
2019-02-20,117.11241612460309,120.8046497853413,117.06948058511216,120.47835540771484,6199000
2019-02-21,119.99750925382678,121.05365539835297,118.8469101629064,119.25048065185547,4051100
2019-02-22,119.16459115880347,119.94597331258726,118.43472640380365,119.07872009277344,3485000
2019-02-25,121.06221671345337,122.40172132479329,120.36669260948823,121.4228515625,4444100
2019-02-26,117.23264704243277,119.37929334893317,116.1507420207087,118.47769927978516,7275600
2019-02-27,118.37463859792099,119.90304938619272,117.756403548498,119.85153198242188,3441000
2019-02-28,118.96709035090123,119.35348390138827,117.75637920423598,117.92810821533203,4024000
2019-03-01,119.23333751921552,119.78287851664193,117.5847145269363,118.03980255126953,3811000
2019-03-04,119.18179621130741,120.01469596108228,117.72207945777325,118.79540252685547,3859800
2019-03-05,118.54633441904845,118.88980551806539,117.63615893529835,117.7563705444336,3122900
2019-03-06,118.09986794690343,118.20291586203315,115.68703999285044,115.77291107177734,3886000
2019-03-07,115.38651269111212,115.75572949077205,113.01660727157737,114.02983093261719,4290800
2019-03-08,112.0548948125231,113.45451186759938,111.82305343053427,112.78475952148438,4238000
2019-03-11,113.26561036314214,114.54500274162999,112.99942840794225,114.2959976196289,3914800
2019-03-12,114.4076470414178,114.5278586902963,113.27421169306027,113.75505828857422,4208800
2019-03-13,115.04306520307385,115.32642408781633,113.93540147370712,114.63091278076172,4285200
2019-03-14,114.06417202717057,115.12033123078102,113.36007899351691,114.79403686523438,3742200
2019-03-15,114.94856189921425,115.51527942050254,113.32569852613128,113.91817474365234,7049900
2019-03-18,113.9439581195509,115.23194561849553,113.79798777525421,115.14608764648438,4095400
2019-03-19,116.2194034081188,116.52852091292053,114.63946221575132,115.18900299072266,3315900
2019-03-20,114.9142425125662,115.18900635703886,113.394413644368,114.21013641357422,3522100
2019-03-21,113.48028691290946,115.57541531368422,113.3514803034339,115.11173248291016,2635700
2019-03-22,114.19296595411296,114.45914791660768,111.18766206411546,111.42808532714844,5745800
2019-03-25,111.27354097335099,113.34291090019651,110.96442341953967,112.810546875,3199800
2019-03-26,113.93537783418729,114.68240640127492,112.59587291302886,113.20551300048828,2638200
2019-03-27,113.57476146844883,113.74649054501432,111.8402676603333,112.65599060058594,2378300
2019-03-28,113.2570358946118,114.02983630341456,112.62163707418392,113.66060638427734,2487200
2019-03-29,115.06023949844771,117.01797983876165,114.73394507436574,116.33964538574219,4681600
2019-04-01,118.22864085676916,120.52983837253323,117.05228340297062,120.42680358886719,5081500
2019-04-02,120.34092862610242,120.8046113417073,119.55096473879063,120.37528228759766,2529000
2019-04-03,120.0833624084933,120.6844205676069,118.84689242283947,119.57674407958984,4821800
2019-04-04,119.47372264754061,120.9591979288407,119.35351100226927,120.32379913330078,2988900
2019-04-05,121.1566902341371,121.19961266706571,120.14346663655856,120.52127838134766,2812300
2019-04-08,120.2121541235833,120.31518892016489,119.01861968886827,120.05760192871094,2497300
2019-04-09,119.05295980697241,119.27621933484144,116.837633076271,117.07805633544922,3316500
2019-04-10,117.77357108056202,118.675164881592,117.01794761271438,118.09127044677734,3310600
2019-04-11,118.14277043470855,119.86008671611286,117.61898844479691,119.24185180664062,2762900
2019-04-12,121.07083228375124,121.86079642569263,120.04902670927783,121.24256134033203,4383000
2019-04-15,121.64609656988772,122.29867203657827,119.9287802976757,120.42680358886719,3030200
2019-04-16,120.69298693104695,122.10978073349781,119.86008748108345,121.95521545410156,2672800
2019-04-17,122.78816501042427,124.07615275528886,122.32449518719213,122.5649185180664,3469400
2019-04-18,123.35964548101335,125.06145673444182,123.03137330578228,123.8434066772461,4504500
2019-04-22,123.48921359963762,123.68789839943766,122.17613814471298,122.99681854248047,3637500
2019-04-23,122.66855842849618,123.64472793548049,122.18479720852314,122.69447326660156,5930500
2019-04-24,120.72485002946398,121.19997729915421,117.9691250467635,118.97984313964844,8694400
2019-04-25,118.39239314359158,118.74658003650565,115.83535359034555,117.59764099121094,5094700
2019-04-26,117.9691095579027,120.10285186767578,117.39032302590975,120.10285186767578,5119200
2019-04-29,120.50889648730657,121.32956375539958,119.92147593549403,120.09424591064453,3374300
2019-04-30,120.93218943962214,120.94082332451829,118.85027638883206,120.43978118896484,3862000
2019-05-01,120.5779821375646,120.88032623607543,118.90208604458526,119.3426513671875,3652000
2019-05-02,119.66232600697863,119.67959377911829,116.08593312975654,116.76837921142578,5405700
2019-05-03,117.58903983950556,120.2497397440702,117.31261050450783,120.12879943847656,4154800
2019-05-06,116.4314315032697,118.77250557907313,116.02541491749753,118.14187622070312,4866500
2019-05-07,116.79429717225338,117.4853903399661,114.08176736372322,115.47258758544922,5622900
2019-05-08,114.91107231952508,116.12047537710049,113.84851122447162,113.98673248291016,4140500
2019-05-09,112.49226966317829,113.75350258385863,110.72998131116394,113.33885192871094,5906200
2019-05-10,112.76005082118147,113.7966839180517,110.5053675742738,113.45977783203125,5240600
2019-05-13,110.15118685049067,110.15982073623704,107.18813612362298,108.24205017089844,8580700
2019-05-14,109.27865200624285,111.05820739232408,108.58755908057506,110.1166000366211,4019100
2019-05-15,108.76898055082668,110.53989553564942,107.96558779279464,109.9697494506836,2875900
2019-05-16,110.9459191851373,111.03231075806742,109.20955929386993,109.37369537353516,4316600
2019-05-17,107.44728258154329,108.4407263960544,105.66772682753776,106.0478286743164,6122600
2019-05-20,105.01119310107299,106.28107287358337,104.79522733270734,105.76275634765625,6312500
2019-05-21,106.54023565918187,108.04335557891092,106.01327865103939,107.93968963623047,5492900
2019-05-22,107.33498209290424,108.36298121353887,106.70435917745775,106.7389144897461,4620400
2019-05-23,105.47765402280349,106.91166953579852,104.88159313035126,105.61587524414062,4964900
2019-05-24,106.70438371134415,107.1881516038589,105.57272498440102,106.16879272460938,3802500
2019-05-28,106.16876678682824,106.65252797040328,104.96799771277462,105.03710174560547,4889400
2019-05-29,104.09551928836868,106.10832219746815,103.8881939584335,104.94210815429688,5330000
2019-05-30,105.05438982814863,105.97872306136873,104.76931342958252,105.2530746459961,2878300
2019-05-31,103.48214580657306,104.3114534655957,102.57508705318037,103.49942016601562,4711500
2019-06-03,103.58582556074403,105.12350079566562,103.45624478000015,104.22508239746094,4161800
2019-06-04,105.22716433899737,106.05647214173744,104.31147154257131,105.46041107177734,4060400
2019-06-05,106.60069864677791,106.80802392745225,105.35673378122821,106.35881805419922,3598400
2019-06-06,106.34154282209242,107.07582511498346,105.58998616769607,106.5920639038086,3295700
2019-06-07,107.44729256681404,108.52712146755658,107.18813758508738,107.51640319824219,2547500
2019-06-10,108.38891407754039,109.95250432182425,108.1902226465236,108.62215423583984,3705000
2019-06-11,111.43834504476574,111.95666820129706,109.67606344851633,109.95249938964844,4516200
2019-06-12,109.49463869954297,110.15981033056795,108.91585205308914,109.79698944091797,3034600
2019-06-13,110.01295563111405,110.92000785881234,109.50327960661005,109.85746002197266,3495200
2019-06-14,109.37368909505975,110.2721073577966,108.41480068919401,109.90928649902344,2530100
2019-06-17,109.89201220077265,110.7731495669491,109.43416586211957,109.9870376586914,2607900
2019-06-18,110.92001762319138,113.46842433305724,110.75589470538915,112.5872802734375,4756100
2019-06-19,112.57862525542636,113.63252592074407,112.18987638519572,112.82913970947266,3847200
2019-06-20,114.80738172010103,115.58486629035275,113.60661273705372,115.4380111694336,3803600
2019-06-21,115.1961479067801,116.83748249923217,114.50505480098279,115.66262817382812,5742500
2019-06-24,115.4466541900758,116.57831264433744,115.36890968134874,116.0772705078125,3197700
2019-06-25,116.25869011454603,116.5437665010212,114.57415981401451,115.50713348388672,3751800
2019-06-26,115.98224580364766,117.18301488954924,115.91313517938308,116.75108337402344,3343700
2019-06-27,117.22622916463683,117.49402463745508,115.73174957605079,117.05345916748047,3594400
2019-06-28,117.48540920908101,118.58251929472333,117.48540920908101,117.73592376708984,10469400
2019-07-01,120.33612790157032,121.08768455197986,116.59559923867985,118.00370025634766,4834800
2019-07-02,118.0037017519944,118.34060782522444,116.68199229689931,117.35580444335938,3204900
2019-07-03,117.86543791577742,117.89998662656156,116.0426869520456,117.13114929199219,2538600
2019-07-05,116.12912425303635,117.1312087338112,115.08385715724192,117.04483032226562,3071800
2019-07-08,116.75107177115905,117.59766694813668,116.12908939609497,116.4832763671875,2742100
2019-07-09,115.85269728741774,116.13777373260062,115.19616598371296,116.00818634033203,2618700
2019-07-10,116.38826479668475,117.04480914949919,114.50504967867374,114.58279418945312,3933300
2019-07-11,115.06653923543894,115.76626609724025,114.5395823227302,115.72308349609375,3164200
2019-07-12,116.37100615651822,119.54138221046567,116.27598068649777,119.52410125732422,4149800
2019-07-15,119.54136676653926,120.93218673087858,119.43769424258933,120.62982940673828,4498700
2019-07-16,120.43116666024535,121.47643370533612,119.35133770700774,120.15472412109375,4051600
2019-07-17,119.38588693494067,119.65368240742713,117.25214385986328,117.25214385986328,3750200
2019-07-18,116.50919304902465,117.42488567642027,115.79218521135572,116.52647399902344,3548200
2019-07-19,116.83984883988346,119.30339364058207,116.83984883988346,118.58956909179688,4837100
2019-07-22,118.711450521044,118.96390587239594,117.17065730594753,117.727783203125,3267800
2019-07-23,118.32842684218946,120.33060264967206,117.98022812911834,120.21744537353516,4122200
2019-07-24,114.01940584512863,116.91820598732635,111.81701641915556,114.82898712158203,12664900
2019-07-25,114.10646262321465,117.43180421419761,114.04552054194573,117.26641845703125,4823200
2019-07-26,117.04007791067092,117.28381967108474,115.455756467981,115.70819854736328,4238000
2019-07-29,116.20441686968472,117.21419865436175,115.64729084668176,117.04881286621094,2715600
2019-07-30,116.05641938159775,116.27404691873733,114.4633842157844,115.73432159423828,3257200
2019-07-31,115.69077208894072,116.97042283390083,114.04550874298177,114.62004852294922,4322000
2019-08-01,114.59395942889365,115.94325286289046,110.04989523201196,110.37198638916016,5530100
2019-08-02,110.163065014297,110.38069255747699,107.50800633091491,108.41333770751953,5968600
2019-08-05,106.29797867154987,106.90733302665984,104.74847190444366,105.89754486083984,5482500
2019-08-06,106.88124322734994,107.63858950598157,105.01835189695873,106.27188873291016,3713900
2019-08-07,104.4612085900995,105.50581801941458,103.28602132175384,105.14020538330078,5048700
2019-08-08,105.33170253613912,106.28926213999308,104.7832836659275,106.21961975097656,3734800
2019-08-09,105.77569982811957,105.9410922554995,103.42531822399074,103.9215087890625,3805600
2019-08-12,103.54718338651121,103.6168257949518,101.0401164558405,101.60594940185547,4321500
2019-08-13,101.79744783530978,106.20222658307691,101.6668699989229,103.59940338134766,4331900
2019-08-14,101.48407468277045,101.76263766456786,100.14348825741256,100.29147338867188,5543100
2019-08-15,100.17830881500645,100.63097116696181,99.21204202530053,100.3262939453125,4171900
2019-08-16,101.19679303319576,102.60702170123078,100.90952312353713,101.35348510742188,3551900
2019-08-19,102.91169456068175,103.14672934140204,101.59722258449204,102.16305541992188,2630900
2019-08-20,102.36328380864457,102.53738982090114,101.38831670586885,101.56241607666016,2402000
2019-08-21,102.72018281502226,103.86925578085376,102.31974900102418,102.44161987304688,2783000
2019-08-22,103.00745433720064,103.53846599142308,102.04118766420338,102.62442779541016,2118200
2019-08-23,101.19679390172837,101.76262676581591,98.64619917471869,99.29037475585938,6102000
2019-08-26,100.16089334642335,100.69190505658406,99.09886992610193,99.60376739501953,5200400
2019-08-27,100.24793873277383,100.5090877581718,98.49821170431008,98.69842529296875,3160700
2019-08-28,98.2457732675571,100.06513624143604,97.27950649720722,99.9867935180664,3187900
2019-08-29,101.51889243157112,102.83335792892538,101.40572186560483,102.51997375488281,3442900
2019-08-30,103.60809789065168,104.10428832792833,103.11190745337503,103.59069061279297,2912000
2019-09-03,102.63313193038594,102.63313193038594,100.45685689641451,101.87578582763672,3780600
2019-09-04,103.08581768292123,103.79963579090756,102.94653950260152,103.67776489257812,3688400
2019-09-05,104.89645030611558,108.15215570081997,104.89645030611558,107.06401824951172,5355100
2019-09-06,107.69079382344914,108.23921274535736,106.60265629798208,106.81157684326172,3315700
2019-09-09,107.41223809611846,110.89427841145798,107.24683905587109,110.77240753173828,4433300
2019-09-10,110.78111669052386,113.41875457763672,110.74629548970367,113.41875457763672,8479700
2019-09-11,113.9062442909921,115.94323460104938,112.70493618268335,115.8561782836914,7592600
2019-09-12,114.90730948692482,115.50796345723846,113.2272317164438,114.68968200683594,5594600
2019-09-13,115.60375948044053,116.63966876399564,114.15000901192369,116.45685577392578,3704900
2019-09-16,115.769152844602,116.47426396040998,114.89864267043292,115.9084243774414,2876500
2019-09-17,115.4209257418355,115.5689108581793,114.20221697022234,115.05531311035156,2888900
2019-09-18,114.58523892120026,115.09883664840552,112.92256158438776,114.0977554321289,3005700
2019-09-19,114.44596884010942,114.93345239184201,113.05314730693293,113.2707748413086,2725700
2019-09-20,113.17501861531139,114.02812811694331,111.31213408691758,111.56458282470703,6412300
2019-09-23,110.85075628322198,112.19134931602089,109.98024615701557,111.79090881347656,2723500
2019-09-24,112.06950047456937,112.29582837004847,109.30997778416294,109.67559051513672,3370700
2019-09-25,109.55369670749191,110.39809258216218,108.83117171767456,110.21528625488281,2354100
2019-09-26,110.37197856856965,110.4851424928903,109.3795975661727,110.02377319335938,2227400
2019-09-27,110.55478832362087,110.88557978751993,109.38830791818837,110.1978759765625,2214300
2019-09-30,109.98025395247541,110.64184355489637,109.5798200630133,109.95413970947266,2795300
2019-10-01,110.90298721650082,111.86054699085327,106.46338706889223,106.52432250976562,3718200
2019-10-02,105.46230075379248,106.07165517188949,103.88667294448726,104.4263916015625,4255800
2019-10-03,103.88667924770387,104.51344762518363,102.06731620223692,104.49604034423828,3110200
2019-10-04,104.2174584358194,105.46228800354658,103.89536734435703,105.36653137207031,2442300
2019-10-07,105.2011530419256,105.94108536042343,104.24359318025395,104.67884826660156,2334500
2019-10-08,103.407879182475,103.76478481333208,102.45031955257224,102.69406127929688,3530000
2019-10-09,104.01725351622557,104.51344402439094,102.72019528285738,103.9737319946289,2557300
2019-10-10,104.49604878436793,107.09887251191425,104.25230698265335,106.80290222167969,3242900
2019-10-11,109.34478104836204,113.4971182049388,109.16197471287568,111.77349853515625,6747800
2019-10-14,110.38936598403001,111.91275841515747,109.69296200039297,111.75607299804688,2851500
2019-10-15,111.41656852692668,114.62874578060634,111.1205983268192,114.06291961669922,3289000
2019-10-16,114.03680650979146,115.61242743629948,113.26205316482068,113.33169555664062,3038300
2019-10-17,114.01069540855252,115.6559587721257,113.3229850722484,114.96826171875,3418300
2019-10-18,114.18741285131821,115.8368396956018,114.04704663757956,114.67874145507812,4329200
2019-10-21,115.76665622113731,117.08268493161785,115.37185028546043,116.01231384277344,4225200
2019-10-22,116.32818068871411,117.79335795783345,114.88055422045198,117.29327392578125,4681600
2019-10-23,117.7670210734044,119.31117002486884,114.66996785234662,118.74088287353516,11295900
2019-10-24,118.52154037735643,118.69700819154708,116.14392271230032,117.43363189697266,3916200
2019-10-25,118.44258707081583,122.81179875652944,118.31098955122738,122.59246063232422,8319500
2019-10-28,122.80302238916934,124.25943065598564,121.83792934794508,122.8819808959961,6174000
2019-10-29,122.28536627612073,124.10147855221483,121.75018084455029,123.99620056152344,4427900
2019-10-30,123.70672626227504,123.70672626227504,122.48720658851639,123.12767028808594,3948100
2019-10-31,122.27659858647677,123.12763147768536,119.66209220682651,120.89916229248047,4037600
2019-11-01,122.27660780985413,126.87393951005512,122.15377900120514,126.76866149902344,6220200
2019-11-04,127.52316803500108,128.9707940417606,127.23364015618232,128.90060424804688,5437800
2019-11-05,128.84799839715714,129.84817978705038,127.80394670148993,128.4180908203125,4516700
2019-11-06,128.5058360378921,128.5058360378921,126.91782997825428,127.64603424072266,3736600
2019-11-07,129.31299726604092,130.2079006532605,128.75149214583877,128.97959899902344,3816700
2019-11-08,128.6725270944689,130.00609332017,127.91800337243444,129.98855590820312,2776600
2019-11-11,128.74270054640255,129.97975729975687,128.62864044642333,129.84815979003906,2205100
2019-11-12,129.94468717663918,130.26053463125234,128.11102355359998,128.3917694091797,2843100
2019-11-13,126.65460139551504,127.9706300827555,126.06677685502798,126.76866149902344,3194400
2019-11-14,126.52298477800342,127.51438380264456,125.64563245231466,125.84741973876953,2581700
2019-11-15,126.83006854556749,127.98818021019626,126.78619824542196,127.48808288574219,2827400
2019-11-18,126.5493445375426,127.02310905371228,125.47897328868473,125.97905731201172,2638600
2019-11-19,126.6458148546227,127.00551913743521,125.25081446823273,125.61930084228516,2085100
2019-11-20,124.97886477366687,125.19820290538173,122.91709436794935,124.16293334960938,3484700
2019-11-21,124.18923128267252,126.28610292214515,123.66281450306093,125.77723693847656,3297700
2019-11-22,126.26854767597078,126.74232543839027,125.48770462571248,126.23345947265625,2258300
2019-11-25,126.99676758983975,128.5935554804485,126.16328543683822,128.46194458007812,3085200
2019-11-26,128.44438615997157,128.66372426023608,127.64600564938347,128.1724090576172,2468100
2019-11-27,127.2336400773371,127.84778403778377,126.07552856277972,127.82146453857422,2660200
2019-11-29,126.50543028950067,127.61967145904683,126.15448133707126,126.97919464111328,1652500
2019-12-02,127.39158402625326,128.12855693471883,125.32103153056156,125.42632293701172,2896200
2019-12-03,122.87321219101618,123.20659701561887,121.56595223287347,122.8819808959961,3839600
2019-12-04,123.6890936438321,124.82965403593835,122.82929234586358,122.9345703125,2484600
2019-12-05,123.33822306456729,123.81198755105846,122.417000209756,123.75057983398438,2277700
2019-12-06,125.38245840684026,125.82990339601164,124.73321268862692,125.21575927734375,2271400
2019-12-09,125.43506939687981,125.70704648957805,124.9086526200005,125.31224060058594,1585100
2019-12-10,125.1894035663692,125.97901529239407,124.36469025095032,125.34732055664062,1888900
2019-12-11,126.13698828324817,126.88272996813369,125.71584939224866,126.33877563476562,2265700
2019-12-12,125.93515961410525,129.32174046761105,125.4613952009767,128.7777862548828,3714100
2019-12-13,128.79537876001575,130.1991350445879,127.3477387757304,127.68113708496094,3311700
2019-12-16,129.59375100986767,130.11138580124268,127.41790704767409,127.53196716308594,2414800
2019-12-17,127.65479837172859,128.96205851470197,127.61971015951204,128.4180908203125,2850800
2019-12-18,128.53215650921376,129.2340412700082,127.74254452040648,129.07611083984375,2629500
2019-12-19,128.95329209622392,128.95329209622392,126.601993359106,127.23368835449219,3576800
2019-12-20,129.30421762863037,129.64638457315064,127.42668378661251,129.47091674804688,6805400
2019-12-23,129.56739930456084,130.3131542184801,128.77778747939325,130.28683471679688,2346500
2019-12-24,130.46230832972978,130.55004893080223,129.2252381462234,129.39193725585938,966200
2019-12-26,129.7603938051848,130.0499216572553,128.96201342353558,130.04115295410156,1576900
2019-12-27,130.40965843036244,130.66408473248143,129.83938473303724,130.09381103515625,1544500
2019-12-30,130.21664429208417,130.2605145904577,128.9795741695631,129.42703247070312,1789200
2019-12-31,129.34810566666766,130.04999052329916,128.78660045883046,129.56744384765625,1952500
2020-01-02,130.72552283628383,132.08542189224943,129.83061953552746,132.06787109375,3311900
2020-01-03,130.52373508460363,131.5677867008668,129.36562335947036,130.2342071533203,3100600
2020-01-06,129.20773918219513,130.33951830371308,128.56726205592904,130.14649963378906,2549600
2020-01-07,129.27789762922185,129.470916252298,127.66355883737253,128.42686462402344,2841900
2020-01-08,128.82170206469914,130.34830062382215,128.49708584078485,129.56744384765625,2153200
2020-01-09,129.68148942306735,129.82186905609768,128.54092833253856,129.24281311035156,2272500
2020-01-10,129.36560242282988,129.60249130778462,127.94429588777062,128.20750427246094,2393700
2020-01-13,128.5584417853603,128.82165017399151,127.69864021067731,128.81288146972656,3355200
2020-01-14,129.3656286773275,129.83062445013869,128.36544732238718,128.6900634765625,2742200
2020-01-15,128.28650617010794,128.74273329875396,127.39160271435506,127.71623229980469,2640500
2020-01-16,128.4707409132053,129.78676987590893,128.30405515662753,129.734130859375,3070900
2020-01-17,130.06101395556865,130.9975288049233,129.52207438436105,130.56460571289062,3331500
2020-01-21,130.0521617919219,130.6441095641668,128.71807175130192,128.85943603515625,2476700
2020-01-22,129.2128153283266,129.48670016450305,125.91734012068247,126.0145263671875,3602400
2020-01-23,125.29008411795829,126.52700159803683,123.51424048793456,126.1205825805664,3182700
2020-01-24,125.94389574059772,126.07641636673685,123.03715084900435,124.02668762207031,2526200
2020-01-27,120.95206674167945,121.75606110677673,119.77701464652856,119.91836547851562,2920500
2020-01-28,121.05808023674399,121.5705156915091,119.82116288623612,120.81069946289062,2763800
2020-01-29,121.56167692542391,121.71187143840649,119.86534577255753,119.96253204345703,2620000
2020-01-30,119.06133361662302,120.13038243608395,117.42685464563645,119.60027313232422,3862600
2020-01-31,118.23086943302029,119.26457062251657,115.33295514329937,116.0486068725586,6785700
2020-02-03,116.12810324855974,117.64773559514693,114.23739976821149,114.65264892578125,4385300
2020-02-04,117.5063638673323,119.07900435036588,117.22363531785967,117.95694732666016,3501600
2020-02-05,119.75932645013235,121.4556575627962,119.66214018153612,121.42915344238281,4448100
2020-02-06,122.1005894225905,122.21544957577245,120.27173807041784,121.26126098632812,2283800
2020-02-07,120.19223592390203,120.58982469209884,117.50638170244936,117.8332748413086,3812300
2020-02-10,117.54175196426597,118.68148341398782,117.31204502367063,118.67265319824219,2331600
2020-02-11,119.70630854190938,121.24360132670088,119.3263937112635,120.32476043701172,2381900
2020-02-12,122.27731450864208,123.63792229403153,122.00342960516852,123.32868957519531,3222000
2020-02-13,123.69092324846643,124.13267654578237,122.30381142389878,123.44354248046875,3318800
2020-02-14,123.24033707275505,123.35518376032934,120.9432145839027,121.91507720947266,2813400
2020-02-18,121.44682454241868,122.4275174187689,119.3440744966203,120.6693344116211,3869700
2020-02-19,120.85488084538524,121.22596553910346,120.20992470093373,120.91673278808594,2134900
2020-02-20,120.38660596035774,122.71023266126063,120.33359772069686,120.97855377197266,2678200
2020-02-21,120.59865650155496,121.42915490112841,119.37058280976315,121.2259521484375,2855600
2020-02-24,117.09112656934863,118.26619194452329,116.66704718352129,116.77306365966797,4964800
2020-02-25,117.47987334469204,117.63006784851382,113.30972112611282,113.97235107421875,4840200
2020-02-26,114.54661905104894,115.73052807623107,112.69126338096967,113.3097152709961,3902500
2020-02-27,110.96842298411826,113.5570974837866,108.86567979043309,108.90985107421875,7369000
2020-02-28,105.64089399257787,109.7668685913086,105.16379957408898,109.7668685913086,8300700
2020-03-02,110.48249780664915,112.9828162436534,108.68014361892453,112.73543548583984,6100200
2020-03-03,112.20533842941077,114.46711317303658,109.36044609309495,109.89054870605469,6358100
2020-03-04,111.38368089881993,112.59408741206802,109.82870733811812,112.55874633789062,5074700
2020-03-05,108.80384487529261,110.30580347824191,107.11634394481379,107.76130676269531,6015300
2020-03-06,105.13728636627678,107.65527885129461,104.98709186064531,107.26654052734375,5767900
2020-03-09,99.82741059543592,99.82741059543592,91.91119212963143,91.946533203125,8636200
2020-03-10,95.98415818654902,96.35522934737921,87.56434121776498,94.0846176147461,8293200
2020-03-11,91.70800315693705,92.54733187145581,88.41252002036639,88.96029663085938,6543600
2020-03-12,82.60788324165408,83.29701744581226,77.30684260582602,81.51233673095703,10285900
2020-03-13,86.92823217857122,88.2711662687081,79.63930119044211,88.0326156616211,8718600
2020-03-16,78.63209821164581,93.5191851204455,78.19034485090623,82.52836608886719,9899000
2020-03-17,84.82547092231012,88.73940544695803,82.1396100377539,88.52735900878906,7206100
2020-03-18,83.04080219150184,90.95702230556294,82.26331863462313,88.45670318603516,6995100
2020-03-19,87.67036350197331,92.23809103842817,85.92101745576696,91.01001739501953,6870800
2020-03-20,91.10720869733072,91.87585517324334,83.19098987678768,84.37488555908203,7650300
2020-03-23,82.96128459984624,85.02868714506174,80.08105072737516,81.15009307861328,6737500
2020-03-24,84.86963263484886,90.14416754332227,84.08331238537531,89.5345458984375,7417100
2020-03-25,89.38435816619358,95.86046294907338,87.02539723948136,92.47663116455078,6578100
2020-03-26,92.6356803807393,98.04274405848984,90.9040079784687,97.62749481201172,6059600
2020-03-27,92.26460066200609,96.86766954617292,91.35458988180436,93.15694427490234,5746500
2020-03-30,93.94326955701963,99.69489335311545,92.70635882193989,98.696533203125,5725600
2020-03-31,97.83069922504392,103.29077086540545,97.41545000022637,102.5221176147461,8970800
2020-04-01,99.0322567761897,103.14940098460643,96.74397779712552,98.37846374511719,6847000
2020-04-02,98.27246173730839,104.71322020764484,98.18410566714178,103.14057922363281,8106500
2020-04-03,102.04498794612863,103.22888327208452,99.05873877744479,101.31167602539062,5036400
2020-04-06,106.05612877997812,107.54925703053843,104.36862800678628,106.40069580078125,5785600
2020-04-07,108.57414281464769,113.79567088716719,106.47139919861314,107.7171401977539,8489900
2020-04-08,108.66247885274694,113.24787369217738,106.93964361547837,112.55874633789062,4686100
2020-04-09,113.66313375159996,114.50247591775917,108.80385354863375,110.46484375,4752100
2020-04-13,105.97660809928514,106.06496414688375,100.34867568324825,100.84343719482422,10519600
2020-04-14,102.92854058293472,104.11243644083652,101.1703639659308,102.91087341308594,7166300
2020-04-15,99.80089010850001,99.92458047513247,97.00901316657092,98.5374755859375,5652800
2020-04-16,98.82022538478331,100.25150869926851,96.1785421766598,100.03063201904297,5926400
2020-04-17,102.04568395203984,103.90916922937488,101.51071447808208,103.69518280029297,4132300
2020-04-20,102.0367575111032,104.38171020488943,99.9682041972581,102.17941284179688,4083800
2020-04-21,99.00524122488042,99.00524122488042,96.82969161835172,97.9442138671875,5743300
2020-04-22,99.88795370150608,99.95036668331372,97.37359145903395,98.64860534667969,3794000
2020-04-23,99.26383408323764,102.74114566162685,98.92501488789117,100.67259216308594,3545400
2020-04-24,101.63553112631497,101.98326159257245,99.15683424273384,101.68011474609375,3045300
2020-04-27,98.83586391418943,103.54360634090226,97.83725600701166,102.71440124511719,5344800
2020-04-28,105.08608952662378,105.21091549232953,101.08272693504922,102.94620513916016,5604600
2020-04-29,104.28361650556467,107.72526173908098,103.90022058154588,107.0476303100586,4261100
2020-04-30,105.21091828136838,105.43382276925263,102.83029998336576,103.76649475097656,4040500
2020-05-01,101.64446071057822,102.17051211045636,98.58621043639654,98.86260986328125,3960400
2020-05-04,98.09580699049715,98.32762956958271,95.02864577050379,96.04508972167969,4500700
2020-05-05,97.40032305383501,99.04981456383308,96.95451416991641,97.10609436035156,3477400
2020-05-06,98.1047380503582,98.29197703428592,95.13564815699083,96.00051879882812,4465300
2020-05-07,97.20416948283906,98.12254153018601,95.20694751718513,95.66167449951172,4377900
2020-05-08,97.15960971427822,100.0395319015862,96.56222731660196,99.95928955078125,3911300
2020-05-11,98.22063354689496,98.76451422097819,96.45522706833755,96.838623046875,4207300
2020-05-12,97.28443876354333,97.48059580839416,93.61988830566406,93.61988830566406,3874100
2020-05-13,93.74472200997002,93.87846607907997,91.43543450652818,93.15625762939453,5376100
2020-05-14,91.39084329702492,94.76115818582166,89.35795538330659,94.68091583251953,5542400
2020-05-15,93.78035787240385,96.28580164404202,92.97790051418231,96.223388671875,6583100
2020-05-18,100.05736041040744,103.12452811980296,99.87012147035777,102.55388641357422,5603500
2020-05-19,102.49148786648428,102.92838559062905,99.87013553414361,99.93254852294922,3404900
2020-05-20,101.02922818026113,104.7472802179521,100.79741241004933,103.15128326416016,3735700
2020-05-21,102.49147641033603,103.1423604801313,101.48395061723332,101.69793701171875,2342300
2020-05-22,101.76034797752223,101.7871022284946,99.38864791249148,100.28026580810547,2735100
2020-05-26,103.40986144155363,105.71023077412391,103.40986144155363,104.68487548828125,4185100
2020-05-27,106.74450491911479,109.21428371360916,106.57509532727939,109.15187072753906,4462700
2020-05-28,111.22935145785321,111.3006825342753,107.24381769597248,107.65396118164062,3743700
2020-05-29,106.66426026914273,107.62720935418484,104.82752934221492,107.11006927490234,4219000
2020-06-01,106.86932175475293,108.0640864723818,104.86318148507378,107.43995666503906,2131300
2020-06-02,108.63472528592598,110.40013177977697,108.13542142211175,109.9543228149414,2977500
2020-06-03,111.8534516797226,113.54752688128659,111.46114446854756,113.31570434570312,3712600
2020-06-04,111.81780871813675,115.04546129571624,111.2204195305831,114.9830551147461,3076700
2020-06-05,122.90953720822468,124.26478666749351,118.93291525047627,120.47541046142578,5591900
2020-06-08,120.65372475557119,124.77299455361133,120.65372475557119,122.7936019897461,4139200
2020-06-09,120.38629259883922,120.73402315097906,118.77246584134373,119.64624786376953,3819600
2020-06-10,119.22715398782415,120.70724305779063,116.40963798584201,118.08588409423828,4018700
2020-06-11,112.70943118867284,113.09282038650993,108.34941304407916,108.37616729736328,5969300
2020-06-12,110.91727204825605,111.60381486246553,106.41459877280741,109.80274963378906,4492700
2020-06-15,105.66564063518886,110.89943342400382,105.21983167927591,110.212890625,4093100
2020-06-16,117.13184126910876,118.08587896961544,112.69158785691519,116.00840759277344,6892400
2020-06-17,116.05300608146862,116.32940549404174,113.91312144838729,114.3321762084961,3228100
2020-06-18,113.36030266907895,115.00087638918752,112.96798860448563,113.76152801513672,2467700
2020-06-19,115.9103326460334,115.9103326460334,112.10312702068514,113.64562225341797,6488000
2020-06-22,112.6648304767549,112.77182706614319,111.09558117824794,112.15660858154297,2806300
2020-06-23,113.58322413467,113.7437156575921,112.19230213768246,112.56678009033203,2357100
2020-06-24,111.26500688306328,111.30958369989604,108.62581851787807,108.83088684082031,3766500
2020-06-25,108.42965793415704,111.30066878158803,107.70744958151316,111.19367218017578,2903400
2020-06-26,110.85487859793889,110.95295713189397,108.28701414894226,109.12513732910156,3645800
2020-06-29,110.31097363793067,112.3795270056212,109.91865956392735,111.6751480102539,2798700
2020-06-30,110.56954601792097,113.28897673639621,110.56954601792097,112.7896728515625,2778800
2020-07-01,115.35754001554636,115.37536257975644,112.23687024490985,112.3973617553711,2807800
2020-07-02,114.3499901526333,116.21346820843705,113.40487740107766,113.87743377685547,2527500
2020-07-06,116.02626604261746,116.3561603812823,114.27868860547478,115.4021224975586,2491900
2020-07-07,113.89526229727909,114.79579823082014,113.05714614366578,113.41378784179688,2018100
2020-07-08,115.31296568769265,115.31296568769265,112.76293748403526,114.24302673339844,2279500
2020-07-09,113.71696055879084,114.43917576463741,111.55924663096543,112.10313415527344,2663500
2020-07-10,112.31711457918064,114.33216625428449,112.18337052578752,114.1360092163086,2691400
2020-07-13,115.39319502334364,117.77381334956925,114.88497985954781,116.41856384277344,3708400
2020-07-14,116.19565849358052,122.42805929544849,115.22378458225748,122.04467010498047,6540800
2020-07-15,124.97812274119627,124.97812274119627,122.24977319805974,123.36429595947266,4915200
2020-07-16,123.31075626908884,125.70921055756315,122.68662647032453,123.54257202148438,3621500
2020-07-17,123.84797877350518,124.35102198962325,122.64426626252269,122.97663116455078,2458200
2020-07-20,121.95257974992208,123.02155347937291,120.60513663687988,120.93751525878906,2478000
2020-07-21,121.063282453413,123.2281640853136,120.75785158110219,122.05139923095703,3221100
2020-07-22,121.49445285687916,123.84798241880442,121.44055732598012,123.04850006103516,2156800
2020-07-23,122.97666155103981,123.53361414098846,121.90770130610771,122.70718383789062,1613700
2020-07-24,123.24613722756315,124.58460242847417,122.93174203341579,123.58749389648438,2036300
2020-07-27,123.20122485460041,126.06678975114023,123.1203815476082,125.66255950927734,2506900
2020-07-28,124.80920498963185,125.7524182027009,123.8929395506301,123.99175262451172,2029900
2020-07-29,124.48578390615175,126.73152250950945,123.78511455845621,126.23745727539062,2338300
2020-07-30,124.93495183251939,124.95292158218467,122.14125200984208,122.8239517211914,3063500
2020-07-31,118.96129551162656,121.40466096434719,116.96709162540057,119.36553955078125,6780900
2020-08-03,118.84449787091097,119.47330198206785,117.76654600794181,118.37738037109375,2851100
2020-08-04,118.00907679502495,118.97025957030276,117.38027267923194,118.14382934570312,2301800
2020-08-05,119.27567350313221,122.11429052780136,119.12296491538056,121.2429428100586,2767800
2020-08-06,120.83871425849662,121.45854034537271,120.10210537064343,120.72193145751953,2446400
2020-08-07,120.3715756079681,121.36868398404141,119.04210234217005,121.19800567626953,2223700
2020-08-10,121.92564149697937,127.70168855312825,121.88072398166008,127.575927734375,5181600
2020-08-11,129.37253827646236,131.3308161373376,127.81847699394764,128.03407287597656,4206000
2020-08-12,129.30959968354446,129.50722573691104,126.95607049313975,128.06996154785156,2541200
2020-08-13,127.19862675726722,128.2226829056928,125.55474462562894,126.36320495605469,2939900
2020-08-14,125.26727870858454,126.56082615294649,124.6564444748018,125.72541809082031,2038500
2020-08-17,125.8960976192223,126.30034152370719,124.23425931650793,124.61154174804688,2284000
2020-08-18,124.81819336246114,125.86021973582093,124.03668043589407,124.29718017578125,1563200
2020-08-19,124.41393560110197,125.68951365702142,123.47971424567592,123.98275756835938,1849500
2020-08-20,122.18615406131464,123.94680551232716,121.85377541565016,123.4976577758789,2279700
2020-08-21,122.88683884678802,124.86308639365231,122.88683884678802,124.3510513305664,2524600
2020-08-24,125.54582714558968,127.78258881933928,124.93499252703421,127.27055358886719,2921700
2020-08-25,128.15983919513033,130.1899824368439,126.24646506763622,126.79442596435547,2467500
2020-08-26,126.19258394313648,127.95324965563059,125.59072743154915,127.40528869628906,2379900
2020-08-27,127.67474236010685,129.65996771683416,126.9111857109647,128.7886199951172,3010300
2020-08-28,129.6060881958853,131.01641886855288,128.1778014801707,129.02220153808594,3698700
2020-08-31,128.9054380465919,128.9952731029056,127.80053812984028,127.83646392822266,2886500
2020-09-01,127.26153631570523,131.25894900401596,126.5788365925352,131.19607543945312,2673900
2020-09-02,131.93264476622733,134.34008363432434,131.5104448196607,134.08856201171875,4515500
2020-09-03,133.4777140615403,135.82226567170892,130.52232814099537,131.83383178710938,4479100
2020-09-04,133.57656889955373,135.44502561508264,131.18709902909708,133.1094512939453,5129400
2020-09-08,132.04941270821203,135.42699819402011,130.89959578934548,133.41482543945312,4775200
2020-09-09,134.56466275090182,139.66697438823877,134.0346717187582,137.16073608398438,5345100
2020-09-10,136.54989058465904,137.66378191111596,133.6214522628287,134.61856079101562,4387000
2020-09-11,135.17553362247773,138.69685113531006,134.95995142606031,138.18482971191406,3237100
2020-09-14,138.33749329427337,139.05613236445484,136.72955053961627,137.89732360839844,2569300
2020-09-15,138.5171558997046,138.75969950957648,133.2711137518515,133.48670959472656,4092400
2020-09-16,134.74430092662482,136.52292186092453,133.28007513701445,135.7414093017578,3302000
2020-09-17,134.60958049468024,140.35866597005324,133.9807627056136,138.22071838378906,4487000
2020-09-18,138.05001499767192,140.32271471492749,136.59478099921836,136.89122009277344,5113500
2020-09-21,133.4507764986003,134.29517645671666,129.23776843538235,130.54928588867188,4278200
2020-09-22,130.26185189067826,132.49861307297195,129.80372602742,132.1842041015625,2579500
2020-09-23,132.48063098178136,133.7652008147696,128.99525338153367,129.6959228515625,2420100
2020-09-24,129.37251455635374,132.4446833507494,128.2137057499049,130.37860107421875,2138800
2020-09-25,129.25573652724444,131.7799446418907,128.46523211583303,131.07029724121094,1848900
2020-09-28,132.94778534701555,135.0228465603402,132.417794086979,132.6603240966797,2212700
2020-09-29,133.28011121042414,133.81909404277062,131.33980316916296,132.41775512695312,1605600
2020-09-30,132.94775468162993,135.59772407748437,132.71420274978266,133.9807891845703,3642800
2020-10-01,134.67247693634036,135.02281167786316,130.83675082291657,131.78895568847656,2157400
2020-10-02,129.5971252023951,135.86722538556072,129.13000759784694,134.69046020507812,3220500
2020-10-05,136.69363777754268,138.74175061858,136.19957246349793,137.87939453125,2597700
2020-10-06,138.33750431743277,139.64003002579457,135.89413950826108,136.11871337890625,2559800
2020-10-07,137.69072491398902,140.18798515818136,137.61885963345603,139.02919006347656,2334200
2020-10-08,139.90953747344614,140.78986330950357,138.55311607351766,140.72698974609375,1842900
2020-10-09,141.81388755249733,143.17930037089945,141.39168762645784,142.7750701904297,4084200
2020-10-12,143.7003537114861,146.60184477226056,143.29612341744317,146.0718536376953,4279800
2020-10-13,145.2723553587353,146.5838591670575,144.73337255370566,145.6316680908203,3319000
2020-10-14,146.11674533069302,148.05706684737893,145.97301476496045,146.97012329101562,4087100
2020-10-15,143.96983956648506,148.91944338513107,143.86203477385345,148.25469970703125,2958500
2020-10-16,150.23995876736112,153.16839787222722,149.67402807906822,151.58740234375,5569000
2020-10-19,151.5783680060464,152.72818500082784,149.83567276826523,150.49142456054688,2757700
2020-10-20,151.09331731511816,153.84209966049693,150.83281762192019,151.802978515625,3007100
2020-10-21,152.53955979577412,153.17735564491412,149.7817996817056,150.37466430664062,2502000
2020-10-22,150.8956419121009,152.57546345777445,149.91650331660634,152.40478515625,2356800
2020-10-23,153.07360142384275,154.23044164710382,151.4377576920731,152.36865234375,2857300
2020-10-26,150.60623525557406,150.60623525557406,145.35526392606843,147.49722290039062,4506600
2020-10-27,145.47283263020788,146.27719847793966,141.90288083651657,142.71629333496094,4857900
2020-10-28,139.00172267274172,140.47487846716461,136.03731778561487,136.61573791503906,5645100
2020-10-29,136.10963763312571,140.54719882352447,135.2329675846342,139.78802490234375,3867200
2020-10-30,139.14637154486903,142.1559553888412,138.31487943874234,141.93905639648438,4373500
2020-11-02,143.88216100109761,148.08475760135477,142.48129546767856,147.56056213378906,4072400
2020-11-03,149.12416563024468,152.7392969182506,147.3798714032849,151.5553436279297,4843600
2020-11-04,143.86406589371242,146.756180406814,140.29412841796875,140.29412841796875,9081700
2020-11-05,142.49935906649938,149.08794000963834,142.43610147419076,147.39785766601562,4821600
2020-11-06,148.16607325215872,149.61211666543286,145.29203835183358,145.7710418701172,2983000
2020-11-09,157.28527424365012,159.40012207629889,153.75148120450592,154.38414001464844,5969600
2020-11-10,155.3601889708727,158.1528870664377,154.33892423697677,155.72171020507812,3499100
2020-11-11,155.79405772295445,156.1194200287946,151.35648159877104,153.15501403808594,2345500
2020-11-12,152.5855977274129,154.6371878180405,151.51912723006802,152.8567352294922,2185500
2020-11-13,153.9141249796784,155.6493853016996,152.9109260976605,155.18846130371094,2120200
2020-11-16,158.161952057148,158.161952057148,155.296962923331,156.52610778808594,3902400
2020-11-17,155.6042106317918,155.88438096295152,153.81472538166298,155.36923217773438,2110800
2020-11-18,155.48674121755877,158.50538536463708,155.48674121755877,156.11940002441406,3165100
2020-11-19,155.9024695940597,156.5803064183817,154.28470510788642,156.26397705078125,2012100
2020-11-20,155.8572652292928,156.46279775563892,154.82695389048197,155.65843200683594,2449800
2020-11-23,157.0411967274445,158.6137827863607,156.57123989288127,157.9630584716797,2403500
2020-11-24,159.29163635466566,161.16247240539445,158.40593352879176,159.87908935546875,3447000
2020-11-25,159.48142256893058,159.4994882847577,156.1554967039164,157.82749938964844,2506400
2020-11-27,157.62867466560914,158.9933809775591,157.1496711486044,158.2342071533203,976900
2020-11-30,156.9056527503797,158.05346018466162,155.83918241702642,156.8875732421875,2382600
2020-12-01,158.51437032274,159.58084056263493,156.3001065397722,156.5893096923828,2710200
2020-12-02,156.58934765268654,157.63773864012404,155.70364468291237,157.14065551757812,1971000
2020-12-03,157.1406160507812,158.23419864572242,156.60738783080367,157.82749938964844,2903900
2020-12-04,158.99340802571703,166.12425105287707,158.72227053075594,164.67820739746094,6086200
2020-12-07,163.03331677951886,163.03331677951886,159.57182831618275,161.5149688720703,4587400
2020-12-08,160.5659744842551,163.34962575760053,160.42136599951982,161.63243103027344,2001600
2020-12-09,162.33739697812814,163.11465042584697,159.96949140535415,162.74411010742188,2915500
2020-12-10,161.99395405854193,162.25604487326729,160.0960055993262,161.6414794921875,3109400
2020-12-11,159.9604503274091,162.48199713010405,159.27356688433636,162.0391387939453,2673400
2020-12-14,163.2230739254141,165.69039551673657,160.6744014536793,160.91842651367188,2533600
2020-12-15,162.61754513750722,165.17525074098614,161.79511371264635,164.25340270996094,2360300
2020-12-16,163.44902389582174,163.82861078238702,161.19860114980344,162.22891235351562,2031800
2020-12-17,163.28635282390806,163.34057755751297,161.39745105334202,161.93067932128906,2296500
2020-12-18,162.74408098163983,163.85572931921817,160.39424154890497,163.54844665527344,5262700
2020-12-21,159.9152290683369,163.48516609830025,159.35488850194,162.82540893554688,2071000
2020-12-22,162.03914747288877,162.82544757269872,159.49952102497676,159.58990478515625,2493300
2020-12-23,160.3761681906013,162.03912433165837,159.97850176760426,161.25283813476562,1862500
2020-12-24,162.18375598746576,162.54527723759054,161.18960357853015,162.28317260742188,585700
2020-12-28,163.1146382119248,163.69305837687182,161.15343212467286,161.20765686035156,1508800
2020-12-29,161.93067245624997,162.1204728064446,158.2613185378897,159.65313720703125,1490300
2020-12-30,162.4729686575913,164.6962656764482,161.4968819942059,162.71697998046875,2720600
2020-12-31,162.90675597079118,164.57875870504856,161.5510825507846,164.50645446777344,1717800
2021-01-04,165.39218297613328,168.08545072824933,162.9067813193881,164.62396240234375,4078300
2021-01-05,163.77439668473275,167.92275413284074,163.77439668473275,165.9705810546875,2933700
2021-01-06,169.14285930761352,178.29817881901414,168.23907696818597,175.20724487304688,8034700
2021-01-07,177.9095758245613,178.3795327561712,173.7069792751866,175.54165649414062,5297500
2021-01-08,175.19821581718156,176.47253846256092,172.9116475520469,175.56875610351562,3186600
2021-01-11,173.12854273423872,176.65330213238056,171.9988148099543,175.20724487304688,2540800
2021-01-12,175.94836938074215,178.948933881488,174.71019177648182,178.53318786621094,2466100
2021-01-13,179.66289455712865,180.91011866358653,176.96059404730298,177.04193115234375,3154700
2021-01-14,177.2317557566114,178.86759989348212,176.562951734475,178.4066619873047,2486600
2021-01-15,176.8340453036442,176.87923717604713,172.5139670818873,175.89410400390625,3317100
2021-01-19,176.5301543168456,178.18379673233,175.75786021950367,176.32118225097656,2361200
2021-01-20,175.04911754487927,176.17576133272166,173.0138690375568,174.75836181640625,2501100
2021-01-21,174.76746344121807,176.01222852549293,172.677701618978,174.62208557128906,1951200
2021-01-22,173.4046128070789,175.19453834011878,172.00537478291596,174.3949737548828,2027000
2021-01-25,173.1410720024864,173.87702838058823,169.87923414359233,170.2154083251953,3837100
2021-01-26,170.45167047821997,172.09621790565217,169.75205155366666,170.09732055664062,2506000
2021-01-27,167.36245219337312,168.5890555359556,162.94669956967314,164.11878967285156,4095300
2021-01-28,165.59979876374496,170.46076639695622,164.73664004435204,167.4896697998047,3445400
2021-01-29,166.72642807463686,171.56013825718674,164.20962743104616,166.1267547607422,4541400
2021-02-01,168.96154216589798,169.72475506942345,165.38169238851162,167.8348846435547,2738200
2021-02-02,169.45223174652494,175.15818246243546,168.6708428847156,174.90377807617188,5265400
2021-02-03,173.45907409618113,174.0223959594075,171.77817555952788,173.94970703125,2979000
2021-02-04,174.44948214064775,175.0037232374254,172.81401547277935,174.1314697265625,2253800
2021-02-05,174.9219581675366,176.56650579999769,172.641385689461,175.3580780029297,2240000
2021-02-08,177.1752457074657,179.48306075652158,176.87540901258865,179.4012908935547,2725700
2021-02-09,179.48303955508527,180.50067078645992,177.0752792254871,179.24681091308594,2331600
2021-02-10,180.35532160683724,181.4547228664138,178.32007268431488,179.64662170410156,2816400
2021-02-11,179.52851704787304,180.28264934524628,176.62102822089201,180.21905517578125,2178200
2021-02-12,179.88285773090917,180.59155766259133,178.77437550668841,179.89195251464844,1804200
2021-02-16,181.4910018724022,186.42464297822121,181.0276255820639,183.88059997558594,3722700
2021-02-17,183.8897227394106,184.35309913519845,181.52738071194815,183.80795288085938,2290400
2021-02-18,183.12653093573002,184.33495870934146,180.4280143781164,181.64552307128906,2345800
2021-02-19,184.67111656519583,192.13065460631566,184.1713887537204,190.7223358154297,4937300
2021-02-22,190.46794910080183,198.86332165558795,190.20444992851563,198.1273651123047,4578300
2021-02-23,199.46297974926986,200.5623809518691,193.7842860383195,200.05355834960938,4125100
2021-02-24,200.2625515293439,205.9503263656462,199.7809993942959,202.13424682617188,4925000
2021-02-25,203.17912343109535,203.88782333144107,199.6356239293667,201.54367065429688,4313000
2021-02-26,200.57143965837503,202.07060908644027,196.0920932099642,196.1466064453125,4461300
2021-03-01,199.26310334812845,202.23419999919707,198.8905776857989,199.67196655273438,2871200
2021-03-02,198.69976905685235,199.2903476643697,195.35614694992765,196.0921173095703,2854300
2021-03-03,192.74844324352463,197.66392258176128,192.63032200826368,195.26524353027344,2664000
2021-03-04,194.8745596490955,196.86437580864836,189.4139336870317,193.3208770751953,3568400
2021-03-05,194.74736433889586,200.59869177767595,192.1669695876315,200.03536987304688,3602300
2021-03-08,200.7713205522586,203.79692973617009,198.26361480580766,201.3255615234375,3048700
2021-03-09,201.143845906953,202.0070044377808,196.38282488327695,196.9824981689453,2902400
2021-03-10,197.8275092833247,201.7526289535853,197.33687625654116,200.85311889648438,2435800
2021-03-11,202.6158065810959,203.1609667632367,199.1177254510243,199.67196655273438,2960000
2021-03-12,198.98139793695842,208.08548221763684,198.18183354529916,208.0673065185547,4756500
2021-03-15,207.9491952395908,210.6113737909013,205.18708499852843,209.6482696533203,4215300
2021-03-16,206.90437182693464,210.07535984012992,204.22403078444594,205.75955200195312,3539200
2021-03-17,207.27688844199324,212.88289376693388,206.36829735793805,212.27413940429688,3518500
2021-03-18,212.61029403399056,216.04476690541978,208.7397013644112,209.59376525878906,4336200
2021-03-19,207.84017232428502,208.65789860422433,203.56979778594066,204.69644165039062,7485100
2021-03-22,205.90485689264526,206.41366555757727,203.13366585228363,205.35971069335938,2211600
2021-03-23,201.76165521974414,204.65098094947865,196.846176044689,198.2999267578125,4017600
2021-03-24,200.35338177806005,206.35008748544786,200.35338177806005,201.007568359375,4258000
2021-03-25,199.19039530841553,204.40571248917576,196.29198788369328,203.75152587890625,2901800
2021-03-26,205.65956577533058,208.83053929778526,204.6237726534518,208.52162170410156,3040100
2021-03-29,207.24960337026397,210.656819467776,206.89525345068262,209.17581176757812,3003200
2021-03-30,210.06621296047322,213.26445680511347,210.01169972480272,211.7743682861328,3139100
2021-03-31,212.92828800160393,215.3451293161842,207.93103793329573,210.6749725341797,4512300
2021-04-01,210.15705063972538,213.51883376017162,206.7861727385027,211.46542358398438,3787100
2021-04-05,213.5188780092788,214.1185513770048,211.12927932103602,212.3468017578125,2323400
2021-04-06,211.2473831844889,215.04528647261415,209.18487796997286,209.55740356445312,2614500
2021-04-07,210.75678385137397,212.7829379897388,208.38536068114462,209.3484649658203,2449600
2021-04-08,209.09404981045716,209.92995186095658,206.4046143690257,209.41204833984375,2158900
2021-04-09,210.15709169209507,210.97481800999518,206.7407808116287,209.65736389160156,2482900
2021-04-12,209.2485047049761,210.15709568166815,208.00372563938936,209.82090759277344,1688200
2021-04-13,212.07422259565354,212.15599245596442,207.20417441983466,208.38534545898438,2286400
2021-04-14,208.61247142113248,212.81015684678323,208.56703910437074,211.320068359375,2491000
2021-04-15,211.8379515150727,212.10145062588714,209.64825809924903,211.2655487060547,1860200
2021-04-16,213.1736436701871,214.37299060067565,211.0384628612721,212.02882385253906,2128400
2021-04-19,211.61080676971966,211.79253603379377,208.8941289581655,211.14743041992188,1712600
2021-04-20,209.79368430207342,210.1571290688888,204.97816245177225,206.82260131835938,2815800
2021-04-21,206.5408876932088,211.3473273993744,205.35971676384582,211.21104431152344,1977700
2021-04-22,211.9288026060404,212.09234229416978,207.85831973265334,207.96734619140625,2410700
2021-04-23,209.33642677507592,211.42649919651942,207.98563755105715,210.0209503173828,3458300
2021-04-26,210.4408222960725,212.52177299524385,209.88407585913032,210.4316864013672,1864800
2021-04-27,210.18524304616236,210.70548765718263,208.1681880083501,210.2308807373047,1959300
2021-04-28,209.96620462712133,213.31580504572494,209.35469855985596,212.019775390625,2965300
2021-04-29,214.48406618049444,214.6666030259526,203.714225178438,207.6114501953125,5442400
2021-04-30,205.83168707480434,208.4511262627952,205.2475608261234,208.19557189941406,3953500
2021-05-03,209.92059036407161,210.76939302291623,207.37416846086816,208.25035095214844,3182900
2021-05-04,207.1824544128893,213.57134067231763,205.6765082224051,213.03285217285156,4040700
2021-05-05,214.13719034973144,218.43600385764293,211.6090270344477,217.1125946044922,3690600
2021-05-06,217.22215462565217,219.9419911496491,215.39675836829375,216.37335205078125,4527000
2021-05-07,215.06815572043473,220.77251820869813,212.80466858455839,219.9510955810547,3327900
2021-05-10,222.24200357000694,224.32295427574866,221.41144489598958,221.42970275878906,3752900
2021-05-11,217.93402351991563,221.77648816054486,215.88957502201959,218.40863037109375,3163100
2021-05-12,220.20670240799998,221.9955831118906,215.79836835483664,216.60154724121094,3668500
2021-05-13,215.43326386110735,219.95113081690053,214.09161040146984,219.1114501953125,2228100
2021-05-14,220.87292331833154,222.10507122982364,219.12054477146876,221.0828399658203,2041600
2021-05-17,221.54830711157564,224.02171077628924,220.06972695099762,223.41932678222656,1998400
2021-05-18,223.4193744401117,224.10389805392717,218.50906785381017,218.56382751464844,2436200
2021-05-19,215.48801317487386,216.38245335610227,211.69118597972707,216.19078063964844,3143100
2021-05-20,216.74753914724545,216.85707238849957,212.28444603116736,214.4749298095703,3339200
2021-05-21,215.94439240553078,218.49993613798105,214.49319173222005,216.5285186767578,2479100
2021-05-24,216.9392109989459,218.7828650381611,215.59754369400557,218.18048095703125,2372700
2021-05-25,218.60034056963357,220.77256673919894,216.07217658629077,216.46463012695312,2265700
2021-05-26,216.68367677620827,218.59121261697888,215.9626374199985,216.95748901367188,2070000
2021-05-27,220.41658448498362,222.12332542384104,218.0709437541112,220.21578979492188,3594700
2021-05-28,220.7908052699902,221.1102412555819,217.94317766908793,220.03326416015625,2290700
2021-06-01,222.70743132435612,223.54711180319478,220.69949853351005,221.56655883789062,2476000
2021-06-02,221.849538403069,223.7023144699455,219.6864343915586,222.2054901123047,2348500
2021-06-03,221.2654449438221,224.92537408553812,219.8416378063317,222.55235290527344,1923200
2021-06-04,223.72057341146882,225.15351623878286,221.16502964895935,222.71661376953125,1837900
2021-06-07,222.74397385472992,222.99952820832618,217.78801593510477,218.8284912109375,2330700
2021-06-08,218.49992875859593,220.15192408747342,215.45152031879192,219.19358825683594,2212300
2021-06-09,218.1348542744964,218.3082691484209,213.98207497473197,214.16461181640625,2919600
2021-06-10,215.52450494236382,215.9899759082876,205.88641630049412,206.0233154296875,6281800
2021-06-11,206.54354815499576,208.02211437234197,200.820928128849,201.43243408203125,8734900
2021-06-14,200.85747104269694,202.5915918058329,196.77770955377463,199.88999938964844,7213300
2021-06-15,200.6931278255526,201.5054283474825,197.38003020412452,200.30067443847656,5055900
2021-06-16,199.8899905681248,200.23682027611267,197.78166034676002,198.20150756835938,4156900
2021-06-17,198.02810534015146,199.21461564032032,189.73168305958765,191.16461181640625,7995300
2021-06-18,188.18010601953972,193.318601282774,187.55947793550325,190.6261444091797,7156400
2021-06-21,193.08130741283114,196.4400301112924,192.9443943265335,194.5963897705078,5633900
2021-06-22,194.85191781262617,196.07492989554189,192.74357355267344,194.52334594726562,3776400
2021-06-23,194.9523009803753,197.84555200790555,194.0213451084466,195.12570190429688,3283400
2021-06-24,197.63563522908117,202.55507730115104,196.53127835616795,200.19119262695312,6827600
2021-06-25,201.87058662963244,202.39083130244921,196.47655070658473,197.42575073242188,11274200
2021-06-28,197.55351543543236,197.8547075017024,194.91581829022138,197.3892364501953,3172000
2021-06-29,199.0046860512113,199.60707013493473,195.85588041599192,196.3213653564453,3443400
2021-06-30,195.88327800108237,198.92256459719113,195.3721692509864,198.63050842285156,3249500
2021-07-01,200.0268785930191,200.60186880990958,197.27964895306738,197.790771484375,2426300
2021-07-02,198.65782304105096,199.30583073410662,196.7594097876901,198.74908447265625,2433600
2021-07-06,198.4296825076431,198.56658164179578,192.88959876781786,194.87928771972656,4348100
2021-07-07,194.12174748289635,196.2848373714355,192.7253206021095,195.9471435546875,2707700
2021-07-08,191.666583338375,195.2261000297068,191.6026877924623,193.59237670898438,3723800
2021-07-09,197.05150729315488,199.50666732412515,195.68246019127562,198.43881225585938,3163800
2021-07-12,197.16103853303633,199.8352371601348,196.09318347559423,199.49754333496094,2509000
2021-07-13,199.84437910276574,199.926518588132,195.95627634208415,196.40350341796875,2373300
2021-07-14,196.46736871332328,196.81419841382305,192.78007487888627,193.1634063720703,3185200
2021-07-15,191.92213799468874,194.76062938601655,191.7761029694972,192.9534912109375,2737500
2021-07-16,193.91180881408675,194.1308474047616,188.93759394197878,189.7955322265625,4368800
2021-07-19,185.60216262502232,186.96020090012428,182.81266270700175,186.3454132080078,5391100
2021-07-20,186.30865821185088,191.43802973669327,185.6388171509988,190.8232421875,3934300
2021-07-21,191.52067275882888,193.57609320979282,190.47461369034863,193.3650360107422,3407300
2021-07-22,193.61278146067374,193.96147246697691,191.3554888432152,191.92440795898438,1931500
2021-07-23,192.23637399523062,193.03467808459425,190.7315170213862,192.26390075683594,2302600
2021-07-26,192.54836296224317,194.59461235367897,192.23638364744858,193.6403045654297,2157600
2021-07-27,190.42871061569232,193.6678236112615,189.9423858204191,192.60340881347656,2472000
2021-07-28,192.69516946464051,195.16350506610277,190.95174257956984,194.01651000976562,3246900
2021-07-29,196.3655605623757,196.83352952134098,192.41072370903115,195.04421997070312,3419700
2021-07-30,190.768242715546,191.47479570377732,186.4096608035618,189.7130126953125,5834900
2021-08-02,190.85996706969524,193.52098985616314,188.06129648305597,188.25399780273438,3977100
2021-08-03,188.39162277470498,192.0436507454008,186.66653790349048,191.31875610351562,3580500
2021-08-04,191.06186616607872,192.31896837621082,187.52911548614378,187.66676330566406,2948700
2021-08-05,188.3366062572597,190.5480162976458,187.83192558393836,190.1167449951172,2685800
2021-08-06,191.78673981936632,193.05302681216733,190.53880866742733,191.18113708496094,2677100
2021-08-09,190.20846133949124,192.5850455288489,189.1348757410879,191.67662048339844,2747200
2021-08-10,192.69518661383623,197.19140203426346,191.74089280265292,196.4298095703125,4193600
2021-08-11,197.9529961711621,204.2293639281907,196.88859537151131,203.39434814453125,7794100
2021-08-12,203.92653102987902,205.32126680696737,200.4671903430177,202.09133911132812,4444500
2021-08-13,201.7610545045911,202.37584227101215,199.78821429752594,200.5590057373047,2049400
2021-08-16,199.44870268552822,200.0359636701918,196.67755835098774,199.76986694335938,3132500
2021-08-17,198.4026156847064,198.5586053303911,193.22737461057375,195.85169982910156,4022800
2021-08-18,194.98914844887037,195.95262704148672,192.4382327092751,192.52081298828125,2947700
2021-08-19,191.0159514150074,191.74086007217022,186.46468324411018,187.6024932861328,4788100
2021-08-20,188.49258147181743,190.1809548664197,186.81337899733413,188.05213928222656,2765500
2021-08-23,190.17178041118476,192.46577052470928,188.86879570687137,191.90603637695312,2827400
2021-08-24,192.46574721557062,195.69568882463471,192.26387498991642,195.07171630859375,2485900
2021-08-25,195.60393770713955,197.92545446782609,194.66798586642443,197.0629119873047,2599800
2021-08-26,196.83352152386516,196.83352152386516,193.13561060232718,193.83299255371094,2513900
2021-08-27,194.76892522038375,196.39307408830246,194.73222754037948,195.29196166992188,2511400
2021-08-30,195.6498140723961,196.12696789774725,193.42923350256672,194.02566528320312,1922100
2021-08-31,193.8696716802689,194.8056234720002,193.08053860124113,193.4934539794922,2857900
2021-09-01,193.49343551276584,193.60355653748528,189.58448216956918,190.8232421875,4122900
2021-09-02,191.70419604169064,195.40210760020673,191.70419604169064,194.32852172851562,2921600
2021-09-03,193.75037642042588,195.2644181167193,192.695146693854,193.03465270996094,2512000
2021-09-07,192.73187634369913,193.0071579706384,190.72235267027438,191.07102966308594,2641100
2021-09-08,190.05248871648632,190.97008476320772,187.89614640753376,189.73133850097656,2603100
2021-09-09,189.48358967064206,190.99761759529343,188.01543034866106,188.49258422851562,2777900
2021-09-10,190.0341499349706,190.74987374281977,187.94203203488766,188.11636352539062,2551200
2021-09-13,190.0891500854352,190.73146434784846,187.1253055579984,189.208251953125,2699100
2021-09-14,189.0615003621687,189.11656789111973,185.02408299291804,185.6572265625,3757600
2021-09-15,185.51039875309704,189.56617176707215,185.23511712742166,188.77703857421875,3342700
2021-09-16,188.5201459729074,189.38268868452124,186.10687736646864,186.82260131835938,3120100
2021-09-17,185.9324757946895,186.51973665515905,183.01451333072293,183.289794921875,6351100
2021-09-20,177.1510940911729,178.00446571246178,172.94850243277062,175.09568786621094,9151100
2021-09-21,176.17842173769833,176.8299210203665,171.57208616562193,174.1964111328125,5699900
2021-09-22,176.1784019124242,178.47239152065887,175.4076247643937,175.58197021484375,3924400
2021-09-23,177.0134362519293,181.3169634533355,176.95838273572073,180.41770935058594,3367800
2021-09-24,179.52768798417193,181.49134325990065,178.8670176108981,180.60128784179688,2199500
2021-09-27,181.3170160375745,185.34526282477773,181.3170160375745,183.5192413330078,3033100
2021-09-28,183.70271580536038,185.2534552805677,182.37220440994594,184.0238800048828,3247500
2021-09-29,183.95966951822356,184.58364217175122,181.40875337896176,181.5647430419922,2954700
2021-09-30,182.25293315555953,182.48233218087927,175.83894536851966,176.1509246826172,4978100
2021-10-01,177.00426717441553,179.72952848188754,175.48106841783385,178.31643676757812,3695500
2021-10-04,178.69267763792442,179.76626344332098,176.55467694804028,177.21534729003906,2864600
2021-10-05,176.87582275791624,178.38067983216908,175.013103757512,176.6372528076172,3074600
2021-10-06,174.3432584918867,176.53631260443896,172.32454987805116,176.04998779296875,3777700
2021-10-07,177.7658674605262,180.20667615753396,177.65576042202784,179.61941528320312,3510500
2021-10-08,179.6652943099172,180.3810180487299,178.6926448187821,179.07803344726562,2713200
2021-10-11,180.16078997645556,180.9223963142054,176.80238535497654,176.99508666992188,2015200
2021-10-12,176.47209075135387,177.62825681046652,173.95787236723277,174.2698516845703,4706700
2021-10-13,174.80203772750488,175.49023472643205,172.25112197159376,173.37059020996094,3253200
2021-10-14,177.60071299000003,178.74770801835007,176.73817048845615,178.31643676757812,5212900
2021-10-15,179.81213803083966,183.0145394609745,179.20652124411768,182.61997985839844,4736300
2021-10-18,181.11510127805903,182.30796486585538,179.43589893348877,181.8491668701172,2809400
2021-10-19,182.2345590579468,184.8772258409066,182.10609618656267,184.56524658203125,2626900
2021-10-20,184.58362250084704,188.2723484953223,184.00553251603034,187.3639373779297,2936000
2021-10-21,184.9873991111765,185.62971364947367,183.2806696228973,185.48289489746094,3071300
2021-10-22,185.12302636699894,186.7007856320606,183.79438994983423,185.1322479248047,2632400
2021-10-25,185.71352596293863,187.5865299041651,185.00307182287253,186.5716094970703,3294700
2021-10-26,187.06982894701744,187.10672925377892,184.0434969589065,184.20034790039062,2933600
2021-10-27,184.76317238486786,184.9292448831619,180.76804192425385,180.96180725097656,3406700
2021-10-28,182.0966830456038,188.6844931478623,181.81065990516208,188.3061981201172,4462700
2021-10-29,191.90461418685717,193.52849542097945,187.52196649555967,188.23240661621094,4292200
2021-11-01,188.49070143707937,190.8804078281533,188.047827413172,189.4964141845703,3215200
2021-11-02,189.83785477127432,191.73853772319413,187.30053228951977,191.10189819335938,3429600
2021-11-03,190.30839127156244,190.6036500744767,186.21178097148686,187.8079833984375,3137000
2021-11-04,188.22317420292518,189.0443433703678,186.94067372616166,187.84487915039062,2543500
2021-11-05,189.5887054466658,192.72576670643843,189.35803979868462,189.95777893066406,2591300
2021-11-08,199.19361645143042,199.72876241744487,194.91246280202787,197.68045043945312,5944700
2021-11-09,198.5385409379878,198.8983928846411,192.79959224588583,193.58384704589844,3310300
2021-11-10,193.08561984464146,193.71302369905194,190.46524717624453,190.6866912841797,3261800
2021-11-11,191.8031221802859,194.16513638549523,191.8031221802859,192.40284729003906,4819800
2021-11-12,193.15943176701228,194.3957963414124,192.19063316697364,193.0856170654297,2018000
2021-11-15,193.75916208674053,194.39580158619137,190.76972994620763,191.64627075195312,2392600
2021-11-16,191.91382167204188,192.07989418301378,189.38572106821735,189.54257202148438,2138000
2021-11-17,189.14582577992687,189.32113391982924,185.3167817675747,187.28204345703125,3135700
2021-11-18,187.549643965067,187.9556177904962,185.14149384487555,185.84271240234375,2119900
2021-11-19,185.38133533186,187.22666020764441,184.21878572845193,184.93846130371094,2980100
2021-11-22,185.90730066103694,188.71218889591168,184.61556451600788,186.7284698486328,2596500
2021-11-23,187.3466779150094,189.6717920331158,185.99958407868525,189.45034790039062,3127100
2021-11-24,187.90948770744458,192.1537276541628,187.37434165528362,191.05577087402344,3880500
2021-11-26,185.4552273581118,185.87042281257305,181.4047381297077,183.36077880859375,3496000
2021-11-29,185.66741854378543,185.91654142470767,178.33225260356622,180.76808166503906,4559900
2021-11-30,178.84891573382447,181.56154604147125,176.7360245658497,178.39682006835938,6358000
2021-12-01,182.2996697145565,183.08392444083464,176.56070748330856,176.66220092773438,3425300
2021-12-02,177.43721585737717,182.33655127918368,176.975884626266,181.57073974609375,3445700
2021-12-03,182.38270439272463,183.96968510348736,180.6019724307286,182.50265502929688,3250900
2021-12-06,184.14497759211184,187.5403687265127,183.00087106010525,185.7135009765625,2838400
2021-12-07,187.56808651050935,190.26227387493233,187.36511367712785,188.67529296875,2818000
2021-12-08,188.60148545498973,190.25304548958155,187.86335248093306,188.39849853515625,2341200
2021-12-09,187.3927982028563,189.11817293010688,185.34448590221913,188.3431396484375,1646600
2021-12-10,189.5148987460976,189.97623006152503,186.47934488521955,187.72494506835938,3315200
2021-12-13,188.05708628545358,188.45382442118958,184.9477039417969,185.6858367919922,1868500
2021-12-14,184.53250358937964,188.20469646876873,184.3479739015328,186.04566955566406,2248800
2021-12-15,185.45516993454353,186.9314356252092,183.27768578410385,186.8852996826172,2193700
2021-12-16,189.14582827130877,192.12602445276323,188.8228907378967,190.225341796875,2856800
2021-12-17,189.09968820835797,189.37648979115227,185.6673823706208,185.7965545654297,6079600
2021-12-20,182.2719892772174,182.2719892772174,178.12922936599517,180.3436279296875,3605100
2021-12-21,181.76456536880397,183.62834810295112,181.52467811736585,182.97325134277344,2303400
2021-12-22,185.43673699035907,187.669578932401,185.29834322319905,186.51625061035156,3558700
2021-12-23,187.68799028718428,191.2679250296609,187.56803966579878,190.25299072265625,2669600
2021-12-27,190.01312413362905,190.89887228046072,189.27499129212737,190.41909790039062,1711200
2021-12-28,190.2345596686862,192.15369948097134,190.19765936095777,190.64053344726562,1393000
2021-12-29,190.3176189321717,192.42128853927014,190.14231078512785,191.29563903808594,1334900
2021-12-30,191.29566237805057,192.75347115710238,190.0039261299045,190.142333984375,1465900
2021-12-31,190.25302080319997,191.6739290576636,189.76401076306624,190.7512664794922,1374500
2022-01-03,191.29566080279082,192.46744638315633,189.88398798685387,190.99118041992188,2055600
2022-01-04,192.1721820846829,201.98931244800264,191.85848015201447,201.2142791748047,5242300
2022-01-05,201.30650946659813,206.08590882182318,201.30650946659813,202.75509643554688,5378200
2022-01-06,204.3605376116784,205.48618707290203,201.19579767697854,204.82186889648438,3913200
2022-01-07,205.29245858912114,208.49409940667348,205.043335708568,206.8517608642578,3673400
2022-01-10,207.5529737186708,208.29110670212913,203.54862093770768,204.49896240234375,3734900
2022-01-11,204.8310973778539,204.91413363303465,199.83948932862836,202.93963623046875,2944300
2022-01-12,204.94180514333397,206.39039213319,203.05035814149534,205.2001495361328,2506900
2022-01-13,205.6522533629984,210.25634451456665,205.42158772756596,209.44439697265625,5002300
2022-01-14,207.34076771014944,211.88026660628805,206.2889327717602,211.23440551757812,3970600
2022-01-18,210.09949731828934,212.60912652412847,209.31522851234917,212.09243774414062,5411900
2022-01-19,212.92689818013488,213.06596347062995,204.83295874463695,205.50978088378906,4991700
2022-01-20,204.97203632959264,205.7044704312944,200.29924455279217,200.8462677001953,3545600
2022-01-21,201.6621335501588,201.6621335501588,196.94299628205843,198.49131774902344,3754700
2022-01-24,195.7748057689457,199.30720546149075,191.60267747437538,198.71383666992188,5107300
2022-01-25,196.6277495712667,201.03166225704427,192.01059875871354,198.6952667236328,4554300
2022-01-26,199.33504852599836,202.9323553241218,196.77614787971171,198.67677307128906,3558500
2022-01-27,199.5297245350883,202.02371823801187,194.838386158157,196.71121215820312,3678100
2022-01-28,190.61062428966025,192.845034089542,182.4610735448952,186.50340270996094,10747300
2022-01-31,184.9179570327723,186.91131530140188,180.49549797738325,186.8742218017578,6179000
2022-02-01,186.16964946900217,190.7960673906587,185.92858409953377,190.3881378173828,4026400
2022-02-02,188.39475244773516,190.80532092013132,186.72589843969374,190.0079803466797,3492300
2022-02-03,190.0636188593433,190.87022578794142,185.51136000747434,185.9749298095703,2748200
2022-02-04,185.6226353253045,186.36433572677922,182.17367469973934,183.9537811279297,3930800
2022-02-07,184.35245552541525,186.8464635950991,183.6014746279775,185.2610626220703,2402000
2022-02-08,185.66899097264945,187.5696301844304,184.71403821473064,186.8186492919922,2407100
2022-02-09,187.87561033500936,189.22924068087985,187.36568061063926,188.7656707763672,2743700
2022-02-10,187.81069163493822,191.68612870401512,186.8742715047041,188.27426147460938,3538500
2022-02-11,188.59876404196297,189.7391419599595,185.54848052482484,186.57760620117188,3826700
2022-02-14,186.30867807350535,187.0040326924513,183.67560531171637,185.32591247558594,2730500
2022-02-15,186.07689277935532,189.55366586621554,185.43716426784889,188.58944702148438,2752600
2022-02-16,188.3113362299438,190.45302657330214,188.20935030183014,188.80271911621094,2253900
2022-02-17,186.35503551386284,187.05965642586162,180.2730027874818,180.5511474609375,4699600
2022-02-18,179.2716865376918,181.36701662420145,177.25051515859403,177.96441650390625,4385200
2022-02-22,177.96445564480004,180.69951482372414,176.6664657742346,177.27838134765625,3488000
2022-02-23,177.75119511587394,178.30748450298879,172.79099287968478,173.0691375732422,3550400
2022-02-24,168.76724906164722,171.7711869712931,166.5791986663069,171.2334442138672,5919500
2022-02-25,171.4652239148543,174.23736265321497,170.70496254574604,173.43075561523438,3594600
2022-02-28,170.90890450476886,175.01614014589933,170.28772269208858,173.912841796875,5168500
2022-03-01,174.0889823817861,174.50619231421345,167.47847342837048,169.5089111328125,5110600
2022-03-02,171.70626197257425,179.4571500856722,171.52083687022835,178.5763702392578,5849900
2022-03-03,179.2346603209262,182.25713076342356,178.32605319496685,180.65318298339844,4429700
2022-03-04,177.17634510766854,181.72858881272683,176.44389705888477,181.4040985107422,4334700
2022-03-07,180.59752233782964,188.67291474137903,179.51277066816385,182.3683624267578,6912300
2022-03-08,189.01596982074636,199.23305347639004,188.20936279296876,194.6993408203125,9318600
2022-03-09,197.08210442456738,198.03705724003655,192.33513926106704,194.49537658691406,4798300
2022-03-10,194.13375737088327,201.6714067330526,193.01191224699124,196.35888671875,4886300
2022-03-11,196.8317366640777,201.90319132422263,196.8317366640777,199.17739868164062,4045500
2022-03-14,200.54027571270154,202.56143302238604,197.4158059927853,199.74293518066406,3530700
2022-03-15,200.37337572321826,201.54158049781861,195.17212278271205,200.68861389160156,4364200
2022-03-16,201.65288617295124,203.49789928190094,196.85030928363614,200.3363494873047,4378700
2022-03-17,199.63168869251297,205.62100208304523,198.72308177498064,205.5468292236328,3600400
2022-03-18,203.4885903970798,205.54684138976467,202.116427784299,204.8144073486328,4105100
2022-03-21,204.89786099353395,210.5070586600929,204.88859469003907,207.41041564941406,2902200
2022-03-22,208.1057861230905,209.39450975777413,205.21310059968457,206.48329162597656,2461500
2022-03-23,205.5375667040414,208.40242448481706,205.5375667040414,205.9825897216797,2001700
2022-03-24,206.32564271879411,208.60641238556852,205.37069005163573,206.0196990966797,2110900
2022-03-25,205.9084356987746,207.49385068050614,205.02765588538063,207.08590698242188,1581100
2022-03-28,206.14021769998692,206.45544177241814,203.08065415449607,205.68592834472656,3072500
2022-03-29,204.7124168252719,205.29650512566224,200.7627932620153,204.93492126464844,3667800
2022-03-30,205.8249967116448,209.4223029830234,204.6197123699638,206.82630920410156,2507400
2022-03-31,206.94683472979648,208.78256716233923,206.22365283216044,206.5852508544922,3152100
2022-04-01,208.0037935106161,209.08854524193015,202.27406291402673,203.7574920654297,2618300
2022-04-04,203.19190510438688,205.22234296173727,200.8184301440779,204.7216796875,2181300
2022-04-05,203.97071233651388,206.16802866509022,199.46481330719888,200.28070068359375,3582100
2022-04-06,199.44627046608952,201.30983015581498,197.99066861959113,200.4568634033203,2783300
2022-04-07,199.76150405404275,200.54956422430084,197.9999303292358,200.16943359375,2253600
2022-04-08,200.06747422109459,202.00520699022283,198.4357134046476,201.21713256835938,2450200
2022-04-11,201.21712564924488,202.82107335066323,200.03038797863107,200.30853271484375,2494700
2022-04-12,199.75217806139437,203.48854865852508,199.3164214178261,200.91110229492188,2508200
2022-04-13,201.124412794169,203.6740470257554,200.6330298740256,202.36679077148438,1898900
2022-04-14,203.88725801418303,212.51892479936927,202.68197379236915,211.21165466308594,5337900
2022-04-18,211.38786213492838,217.30301824277112,211.38786213492838,213.16796875,3644000
2022-04-19,213.47386539705516,215.96787286326366,210.98913837974865,215.2447052001953,2689400
2022-04-20,216.53345812335434,219.14798445959502,215.63413157247362,217.9519805908203,2907700
2022-04-21,219.95460288735032,220.56650426907896,214.77188179304147,215.62486267089844,3571400
2022-04-22,212.77419396659124,214.06909767784327,200.8499069341429,201.50201416015625,5053700
2022-04-25,200.57971497469282,202.15409708350109,195.23242214935553,201.87461853027344,4145500
2022-04-26,201.34366896902952,203.2720444272005,195.02751758334225,195.9125213623047,4176700
2022-04-27,196.66711781216,200.80336185889277,193.11777748458832,199.3221435546875,3358300
2022-04-28,193.2388730708563,198.39055661960913,188.1803680209572,197.9061279296875,6092800
2022-04-29,198.14829130567068,202.3497522443276,195.7820696940288,196.1360626220703,3404000
2022-05-02,195.6330271070684,198.2135238733591,193.4531196451589,197.56141662597656,2639500
2022-05-03,197.40302710737708,200.62632025887615,196.36896629149297,199.00535583496094,2121100
2022-05-04,200.24433468879448,208.01375567831894,199.2009632987967,207.3616485595703,3023700
2022-05-05,207.1846951886348,207.8833846025554,199.14511866523526,201.15733337402344,3005600
2022-05-06,202.16343261861013,202.16343261861013,195.9590818933123,199.9648895263672,2268400
2022-05-09,197.5241575571803,197.54279325537462,191.38500987788575,192.17684936523438,2929900
2022-05-10,193.99340972451648,195.18583827373283,187.61204204491196,189.1025848388672,3040400
2022-05-11,191.4968076654781,195.36289792844786,189.66158218706656,191.17076110839844,2552400
2022-05-12,189.68018352525712,191.29182296395786,185.66505103934372,189.13986206054688,3282000
2022-05-13,191.11482988870824,192.3352192827848,189.0373974402519,190.35093688964844,2323800
2022-05-16,190.99376466220076,194.89711225536772,189.74542862568046,193.0153045654297,2540800
2022-05-17,198.24147355281568,199.14511297284636,194.83186589877448,198.51162719726562,2275900
2022-05-18,199.21029373048648,202.99252960798125,193.32267917151864,193.7139434814453,4723300
2022-05-19,191.77626348028275,194.9622853786853,187.91018789214476,192.61468505859375,2887700
2022-05-20,192.3259238225873,192.49361669167612,180.76493833342184,184.28634643554688,5404500
2022-05-23,186.251964374784,191.43159398076241,185.53465345797747,190.18325805664062,3246600
2022-05-24,188.18967045028518,191.62722484012747,187.5189274369075,191.5806427001953,2467800
2022-05-25,190.97511653133915,195.71688552535258,190.80743788630448,194.99024963378906,3080200
2022-05-26,197.0770167233215,199.02402800808795,196.00568431842265,198.4185028076172,2016000
2022-05-27,200.2909830141442,202.74105865744892,199.50845421300747,202.28457641601562,2020400
2022-05-31,200.09528614866602,203.16952180010676,198.88423611116573,201.08277893066406,3773500
2022-06-01,203.51426102504567,204.01731115416953,199.6388602874427,202.68515014648438,2314000
2022-06-02,204.56697514497634,205.73145769516387,202.38706722259522,204.9489288330078,1784100
2022-06-03,203.3186136215741,208.76839657985377,203.3186136215741,207.65048217773438,2222500
2022-06-06,207.65049844155885,209.38324884271174,207.04497327204436,208.33056640625,1565400
2022-06-07,206.81204760312045,211.72150874935846,206.48598688716706,211.56314086914062,1799000
2022-06-08,209.87695395501083,216.45396149708014,209.25279318869093,214.0784149169922,4171300
2022-06-09,211.87057091922213,212.59722098691952,208.32123097314533,208.36781311035156,3045700
2022-06-10,204.48312218888108,205.15386523028965,200.3002960299407,200.4586639404297,2604100
2022-06-13,195.24174971332067,195.51190333530283,190.8819208659371,192.72647094726562,3559400
2022-06-14,193.82578305603943,195.38152998767544,191.22666434147973,192.5495147705078,2359000
2022-06-15,193.28545100433365,194.37540487176966,189.2330606071803,191.90670776367188,2343100
2022-06-16,187.3139802075609,187.48165884326326,180.0289717836553,181.46360778808594,4789900
2022-06-17,182.2927390214662,184.21181809421657,177.81181270062652,179.46072387695312,7226100
2022-06-21,183.6155842906661,184.84527027162758,180.6065516364082,182.93551635742188,2755400
2022-06-22,177.00129094082217,179.60040890588394,174.8679658466573,174.97975158691406,4008700
2022-06-23,173.81528911494777,174.42081422981343,163.97774484071132,166.44644165039062,6667900
2022-06-24,168.93376096999762,172.90232546767749,167.09853585667645,172.7998504638672,4868900
2022-06-27,175.21269257405137,177.07586453139152,173.10731337961164,174.75621032714844,3061100
2022-06-28,176.97338162075604,179.8892501528474,174.60714538002347,174.61647033691406,3327200
2022-06-29,174.5046997957221,174.73759630032998,169.66976608568288,170.92739868164062,2436900
2022-06-30,167.9276367586175,169.67902246085876,165.00245816660788,166.53025817871094,4197100
2022-07-01,167.04264396125097,168.9151404768355,161.83508286187708,166.09242248535156,3423100
2022-07-05,161.88166992630596,162.487195015894,158.92854461908902,161.87234497070312,3724900
2022-07-06,161.6115144424926,162.72010391379956,157.70816733187291,160.5215606689453,3190600
2022-07-07,170.01442614917016,170.01442614917016,164.26654287226788,167.94630432128906,4677600
2022-07-08,167.89969762404525,168.84060833960743,164.3224117155223,166.84701538085938,2491100
2022-07-11,165.2726474278303,167.47119058071226,162.6735149716711,163.04615783691406,2773300
2022-07-12,162.7853409554298,165.11430592964973,160.79174750609252,162.5524444580078,2718400
2022-07-13,160.4656585088704,163.26041598652853,160.1023406053697,161.97482299804688,2389000
2022-07-14,158.13671709591327,159.02172091709826,155.64938428242806,158.313720703125,2531200
2022-07-15,160.4656749422141,161.51837158203125,157.62433503930478,161.51837158203125,2282100
2022-07-18,164.0802359187496,164.61123251203162,160.8942137144375,161.620849609375,2476400
2022-07-19,163.13115257793956,168.57198763255164,162.17432687778356,168.375,2671400
2022-07-20,167.70891516971213,169.60382918406347,166.10481619981192,168.82522583007812,2175900
2022-07-21,167.3712462192279,169.85715216790132,165.55137944633933,169.7821044921875,2214500
2022-07-22,170.25113654585044,171.4800117812489,166.35811900231636,167.55885314941406,1961500
2022-07-25,168.0747692309629,171.29237149671542,166.76147094731556,170.55128479003906,1845600
2022-07-26,169.94155964325367,172.2773557095609,169.39747478029895,170.00721740722656,1767700
2022-07-27,171.59255956789144,174.65067681698844,169.15357482939575,173.7782745361328,1856500
2022-07-28,175.2792012793171,177.78385812268218,172.7932956173078,176.2078857421875,2229200
2022-07-29,177.4742849370251,187.1364534071906,177.40861286320646,185.97323608398438,5188100
2022-08-01,182.99954461490117,184.97888205188713,181.4235722748863,182.7931671142578,3185100
2022-08-02,176.35801705083045,177.7369877973491,171.81773962166199,172.14605712890625,8193100
2022-08-03,171.96779921161232,173.95651228207015,170.3543101610556,171.545654296875,4155900
2022-08-04,171.53629319199257,174.41617428832254,169.90403850843782,172.2679901123047,2478900
2022-08-05,172.2117097234228,174.57566135182623,171.8833779394656,173.9096221923828,1908500
2022-08-08,175.20414652157785,176.35797393893068,172.75577194912586,174.3035888671875,2655000
2022-08-09,174.43493157848405,176.2454226112234,173.69385910160526,174.50997924804688,2460000
2022-08-10,177.04278783925426,179.6600235838118,175.84205368226992,178.90956115722656,2304300
2022-08-11,180.88888959812851,183.46859421707407,180.0258628614559,181.98643493652344,2538900
2022-08-12,182.82134649932152,184.77254325988073,181.79884868621372,184.6505889892578,1864800
2022-08-15,181.42356621101612,184.3316023036995,181.11401428427604,183.81565856933594,1752400
2022-08-16,183.2246612353796,186.1139172007254,182.87756404487342,185.28842163085938,1959300
2022-08-17,182.92451840540392,184.7068541412378,181.86448969266425,183.7969207763672,1576200
2022-08-18,184.84757260591653,185.3916575027297,183.15903573888954,185.12899780273438,1750900
2022-08-19,183.17781467362394,185.0070571163129,181.80821958270639,183.4873809814453,2003600
2022-08-22,181.15152256519258,181.9207360221574,179.68812899653196,179.88511657714844,2008900
2022-08-23,180.81381730461598,185.8700370966361,180.56053324136192,184.9976348876953,2444900
2022-08-24,185.32598299639625,186.3766217826332,181.47049649790466,182.13653564453125,2503200
2022-08-25,183.38415288965004,186.59236532748804,182.52112623799871,186.56422424316406,1888700
2022-08-26,187.0520090158131,187.96194222862204,179.85698087858245,180.03521728515625,2560400
2022-08-29,178.2341289258681,181.20782293817635,177.2960545631004,179.90390014648438,1996600
2022-08-30,179.64126484536334,180.07278540889578,173.159166683758,175.3636474609375,2691200
2022-08-31,175.0727988090151,176.41423809249267,173.07469611087177,173.27169799804688,2656600
2022-09-01,170.982817284772,171.8646094717407,168.94719764505095,171.1422882080078,2686200
2022-09-02,173.40305146689974,174.23793707616662,168.71267965891087,169.63198852539062,2185400
2022-09-06,171.57382724231644,172.28677305194626,168.46880281234257,169.47254943847656,2141700
2022-09-07,168.01848052601096,170.57941923641542,167.15545392835503,169.6601104736328,2166900
2022-09-08,168.55316986852876,171.93024280390293,167.05225969693325,171.80828857421875,2245700
2022-09-09,175.93587053415484,178.00900710677814,175.6263042399413,177.7557373046875,2279600
2022-09-12,179.03150031922922,180.7669293258628,178.8063573160757,180.48550415039062,1937200
2022-09-13,176.217275651555,178.2810363971753,172.13664642758388,172.896484375,2207500
2022-09-14,172.53063331406938,173.67508517002523,170.60757802733184,173.21542358398438,2295000
2022-09-15,173.23418894319337,174.9883834017721,170.42934147647003,171.18919372558594,1933100
2022-09-16,168.8533794217287,169.17232125863896,166.76147767344546,168.356201171875,5088300
2022-09-19,166.27369090172814,171.41433471410403,165.85156027561396,170.83273315429688,2923700
2022-09-20,169.40684980365316,169.5288040541818,165.391892579735,166.96786499023438,2512400
2022-09-21,168.1779346934334,169.31301072806616,161.2361916170804,161.30184936523438,4061900
2022-09-22,162.00540969040796,163.8065104168778,159.74464745801242,159.98855590820312,2508400
2022-09-23,158.21559149560684,158.9472881963821,151.71473011394892,154.06930541992188,4047200
2022-09-26,153.84421472125075,155.57965823481712,152.17444329194763,152.54966735839844,3213400
2022-09-27,154.27572796630122,154.37891672676534,150.6547600725784,152.3808135986328,2753500
2022-09-28,154.31320589297073,158.0467372009153,153.41264836290614,157.37132263183594,3694800
2022-09-29,155.43892911576572,156.2738147801502,153.4126849256147,155.6265411376953,3518100
2022-09-30,155.61716287550334,157.3901229329851,153.7410140606494,153.91925048828125,2963000
2022-10-03,157.06180933787317,162.63397425294457,155.7672762392764,160.62649536132812,3444700
2022-10-04,163.50636382304225,169.0316212313016,163.42194056596685,168.5063018798828,4008200
2022-10-05,166.17983763534528,169.09724894937582,165.74833152215174,167.33367919921875,3067400
2022-10-06,166.4237622739252,169.77268002688595,165.93595963802488,167.737060546875,2415000
2022-10-07,165.77651126631525,167.87780310260467,164.29435197739855,166.55511474609375,2759200
2022-10-10,168.67516295724838,169.94156917823491,165.1667737085574,167.6057586669922,2633900
2022-10-11,165.87029995655794,171.74263975728738,165.72958022716773,168.6188507080078,2542400
2022-10-12,168.36557288485005,169.90401417826376,167.70892373166336,168.38433837890625,2260800
2022-10-13,162.99040293484654,173.4968318008209,162.0148120009972,171.79891967773438,3745900
2022-10-14,172.37116293139326,172.91524777559044,166.53633929140804,167.1554718017578,2830200
2022-10-17,171.01096289293557,172.89648724987117,168.10292657992645,169.60385131835938,2940000
2022-10-18,173.4499397443341,174.04093115898846,169.70703228853247,172.1835479736328,2674000
2022-10-19,171.61134009900212,174.2004203967118,170.72954783643928,172.9903106689453,2088700
2022-10-20,173.1122214386952,174.23792202648397,169.28489097017274,169.35992431640625,2953900
2022-10-21,169.72825585771915,179.81393527891703,169.23720355452156,179.63450622558594,3483800
2022-10-24,178.15183404087034,181.4476246559554,177.96296669772335,180.6543731689453,2919500
2022-10-25,179.70057485328607,184.7811886756911,178.40681838268384,183.99737548828125,2545000
2022-10-26,187.26483196312427,188.47360025676605,183.74240628288632,185.99940490722656,3546000
2022-10-27,198.45539175406358,205.04697326713156,195.83009666558056,200.33465576171875,7872200
2022-10-28,200.67464350128205,207.28510234603016,199.4564367115703,207.13400268554688,5161000
2022-10-31,203.35657775391687,206.69013623557922,203.044940138253,204.4142608642578,3786100
2022-11-01,206.46354482543722,207.256796518654,204.6503919225167,206.3407745361328,2717500
2022-11-02,205.4908470548842,209.36267870915052,202.0250651301853,202.6011199951172,3150000
2022-11-03,199.76804866655297,209.44764857115598,199.5980723653509,207.05844116210938,3570400
2022-11-04,211.55358861580706,216.94582663138266,211.1569627870512,215.1704559326172,4973800
2022-11-07,215.31206776581652,216.37918920399122,210.2786742770447,215.88812255859375,3405600
2022-11-08,215.8881133083024,219.6844089014778,214.05606980289798,217.02133178710938,3676600
2022-11-09,213.48948729917223,216.3886380525986,212.53568334444773,212.9889678955078,6248300
2022-11-10,219.29723807191363,219.64664340682359,213.7350100484646,219.51443481445312,4590800
2022-11-11,220.0338445211438,225.13333558309301,219.08949325710455,223.3296356201172,3585400
2022-11-14,222.86685948442454,226.5026169814008,221.45033283515914,223.3390350341797,3217700
2022-11-15,223.90568545612405,226.07768178707542,219.79775178563415,221.5353546142578,3371000
2022-11-16,220.978191197316,221.6014664769593,217.99403780659026,219.48611450195312,3062000
2022-11-17,215.07598026329555,217.7012753789401,212.960628442275,217.6162872314453,3256900
2022-11-18,218.0034822169451,218.93838069105536,214.96267017320912,218.5511932373047,2868700
2022-11-21,218.6645373469007,220.66655740895126,215.5670663638706,219.25003051757812,2522600
2022-11-22,220.97818294096157,224.26452111409785,220.3737987434922,224.0567626953125,2523300
2022-11-23,224.40618295614246,226.29488537877472,222.4985894745802,223.73568725585938,2311300
2022-11-25,223.81123181544956,224.273969085582,222.10195846873302,222.5835723876953,1034800
2022-11-28,220.92152287308517,221.88476513544927,218.68341513166982,219.37278747558594,2862100
2022-11-29,220.3171615372578,222.61192828342743,218.66454675951746,222.03587341308594,2277900
2022-11-30,222.7724914326785,223.58463422012474,217.9468551603433,223.25411987304688,3850000
2022-12-01,223.71679936853923,223.81124025487208,219.0328253634143,222.5741424560547,2504700
2022-12-02,220.87430265535193,225.1994329013406,220.59099441205635,222.98965454101562,2218300
2022-12-05,221.73370716231813,222.7819377717165,219.33504658493584,219.6278076171875,2064500
2022-12-06,219.64665070000507,220.08105860916407,213.00786265834526,215.5859375,3633800
2022-12-07,214.36772222952652,217.04967617707632,213.21561261367026,216.23753356933594,3044000
2022-12-08,218.06012649535543,219.56164135858728,216.76635562727927,218.06956481933594,2189400
2022-12-09,219.08947139495572,219.8543935369536,214.54714457373447,214.64157104492188,2257000
2022-12-12,214.8871445792934,220.4115911254548,214.38663953518795,220.09051513671875,2709200
2022-12-13,224.58564000863234,224.68006649575,219.2122786403781,222.3852996826172,2945200
2022-12-14,222.92354945359207,224.9633515724185,220.14715452679883,221.4314727783203,3513800
2022-12-15,219.24059305908193,219.9677331579083,215.04767113849812,217.82406616210938,2953200
2022-12-16,215.90701628689584,220.2415847727326,215.35929086980485,219.7694091796875,7610700
2022-12-19,220.88376371615388,223.74514700769274,218.079039197175,219.3633575439453,2622400
2022-12-20,219.5049880022957,222.6024586834819,218.95726259518096,222.0547332763672,2649900
2022-12-21,224.4345281870817,228.44802111856887,224.4345281870817,228.2780303955078,4143600
2022-12-22,226.78595493572897,227.39979191570905,220.07161673463273,224.32119750976562,3129900
2022-12-23,223.7640412983928,227.15425906230487,223.33908608840136,226.52154541015625,1959900
2022-12-27,227.295885362622,231.41325703929843,226.37986357515194,229.6095428466797,3381500
2022-12-28,229.60956289400463,230.25172923855135,225.02001523171683,226.05880737304688,2270000
2022-12-29,227.78696435577262,228.16469908030706,225.01056946051062,226.83316040039062,1652500
2022-12-30,226.06825229479605,226.79540681494555,224.47229632638994,226.22879028320312,1521100
2023-01-03,227.28644481454265,227.28644481454265,223.05575538175557,225.5866241455078,2651900
2023-01-04,226.64430110213394,228.65577388550548,225.27499466490653,227.92861938476562,2387900
2023-01-05,227.14484029057616,228.0986300137454,224.34011548966498,226.90875244140625,2355900
2023-01-06,229.37348267110536,236.00283271592664,228.75966010069806,235.01126098632812,3945100
2023-01-09,235.15288808304018,237.0038227828334,232.31039614692986,232.89588928222656,3417100
2023-01-10,233.207539330997,236.88106513326346,232.7353637039208,236.56942749023438,3011900
2023-01-11,237.49489204829715,237.87262677011742,233.3775201779701,236.7771759033203,2402400
2023-01-12,237.9765062393113,243.05712038836748,237.04159334875214,240.87567138671875,3881500
2023-01-13,242.50936944574707,244.1903133791615,241.0267455987042,244.07699584960938,3067800
2023-01-17,244.4546945372615,246.0034440644468,241.6972056600724,241.99940490722656,4100100
2023-01-18,242.96268342835498,244.50198054514786,238.04262158689622,238.75088500976562,3361400
2023-01-19,237.66920202955157,238.39982445096922,231.8052849389465,233.18112182617188,4885200
2023-01-20,234.24380914260337,237.137819540267,232.24172468504364,236.93856811523438,2964100
2023-01-23,237.92538571314793,240.7055238488287,236.52108439977388,239.77565002441406,2610200
2023-01-24,239.94641394797293,245.80083203096189,236.97649369817483,244.43447875976562,3505100
2023-01-25,241.51206510221175,245.93373293397008,241.3128136575374,245.2220916748047,2424900
2023-01-26,246.70232949764053,248.8467513202063,243.7514039940482,248.71389770507812,2677200
2023-01-27,249.03648190813965,252.4333991155316,248.71387467425035,251.01011657714844,2783000
2023-01-30,249.87142344195053,251.44652590924878,247.94524932627425,248.1255340576172,3426900
2023-01-31,243.85569409166294,244.22576137882496,233.8073248021513,239.38658142089844,10992100
2023-02-01,238.87421256324123,239.77562179044614,232.76358490843975,236.77723693847656,6022000
2023-02-02,236.57802326930812,236.76779137714735,229.43314614524084,232.3745880126953,6130300
2023-02-03,231.52058307593572,238.11512137852998,230.6950839906715,235.08827209472656,4134700
2023-02-06,235.42038880249603,239.24427287472906,235.31601418481125,238.56109619140625,3528800
2023-02-07,237.73559354697488,239.11143023000398,232.8015510569517,236.89111328125,3467900
2023-02-08,235.4109021745632,238.69393196060994,234.44306614032405,236.14151000976562,2300300
2023-02-09,237.2137474577462,239.0829929459835,232.92491884976428,233.6840057373047,2464900
2023-02-10,233.68396104784026,235.913775638867,232.1278397412435,235.00286865234375,2820300
2023-02-13,231.04618887522028,235.67660583565683,230.2396563465223,235.45835876464844,3068100
2023-02-14,234.37665772072236,234.6613171035032,229.29079457197247,231.86219787597656,2512900
2023-02-15,231.71034734292826,236.04662087973298,230.78995699656875,235.98019409179688,2398200
2023-02-16,233.892716237098,235.8188903890158,232.01398772248558,233.9116973876953,1934900
2023-02-17,235.18317178652165,238.02973643439609,233.06722945221372,235.1167449951172,3759300
2023-02-21,231.9950028750877,235.31599473628526,227.48794249203382,228.3988494873047,3105900
2023-02-22,228.85432292006206,229.84112567693484,224.3282808492882,225.7230987548828,3145200
2023-02-23,228.3608850166,228.51270526076496,223.55019866642218,225.77999877929688,3219000
2023-02-24,223.1991385128429,224.5844730648852,221.10217725002195,224.091064453125,2105500
2023-02-27,226.8712095602805,228.91124177856264,226.5106400696835,227.70619201660156,1720900
2023-02-28,228.61711029481359,228.76893055918387,226.50116784427036,227.29820251464844,2647700
2023-03-01,229.6323893039713,236.9290864423352,229.21490527314276,235.95176696777344,4117700
2023-03-02,233.9022656554395,239.57642958191582,233.54171056248086,239.2822723388672,2676500
2023-03-03,239.48148172817605,242.3375296945532,237.12832568813147,242.25213623046875,2314700
2023-03-06,242.57477470960055,242.62222035522748,238.71294239232216,240.9901885986328,2317100
2023-03-07,241.05662478797765,241.72082041749223,233.37089320513763,233.55117797851562,3018400
2023-03-08,235.30653126289232,238.26695391025902,234.12994597767843,235.9991912841797,2068600
2023-03-09,236.2173875639727,237.33704369984687,228.3039424088028,228.63604736328125,2518800
2023-03-10,224.22390509303665,225.9508280067956,214.25144503981866,215.39955139160156,5767500
2023-03-13,211.19613479214632,216.6520507103095,210.20931754427414,213.20770263671875,4885100
2023-03-14,217.2782719910515,217.84757620007966,210.8355396094885,214.12806701660156,3754900
2023-03-15,208.17877291694174,209.86773359140062,201.69810626603794,206.14822387695312,5471700
2023-03-16,204.63953608476496,208.5677948211758,202.40973574001987,207.52406311035156,3555000
2023-03-17,206.28105307680482,206.28105307680482,200.61638806645146,204.01329040527344,7203000
2023-03-20,206.2335885607408,210.5224016657228,205.40807507151058,209.0421905517578,3464200
2023-03-21,212.60045747693658,214.44123856701708,212.17347560555413,213.41647338867188,3074600
2023-03-22,213.65364606226638,215.0010182195876,208.6152290964143,208.70062255859375,2930200
2023-03-23,209.23201845684648,213.77704218024272,206.47086130986804,208.2167510986328,2957400
2023-03-24,205.75922019889447,206.30954337840242,202.23896164739793,205.91102600097656,2976800
2023-03-27,203.93736571998446,207.7612640810735,202.97902753483183,206.85035705566406,3209500
2023-03-28,206.99267957181445,209.27942323330922,206.57519559998175,208.89988708496094,1802000
2023-03-29,211.34796843894512,211.80341478613425,210.17138302379658,211.59466552734375,1857300
2023-03-30,213.53980296163328,214.76381943978137,212.5340190614666,213.05587768554688,1921100
2023-03-31,214.80178082176792,217.34470505063305,213.39746511966504,217.13595581054688,2746700
2023-04-03,218.24612036296753,221.88973434992076,217.15494296918976,218.11328125,2242500
2023-04-04,217.19287671498955,217.75271209897832,205.1898682481261,206.3284912109375,4282100
2023-04-05,205.14238812578583,206.73647158847214,200.73021945714567,202.60894775390625,4265300
2023-04-06,201.79296161910537,202.10608546074548,198.25373704033436,198.4719696044922,4180100
2023-04-10,199.46829621070717,205.0380703425287,198.6143325151057,204.5067138671875,3839000
2023-04-11,205.1139483562573,211.49973735467987,205.1139483562573,209.3173828125,3882000
2023-04-12,210.78812381535,211.80340557334029,208.6437168154969,209.22251892089844,2385100
2023-04-13,208.6911571322967,210.8165829247298,205.57891409762482,210.33267211914062,2909100
2023-04-14,211.58517041071525,214.27991499260557,210.11444234324875,212.2398681640625,2246900
2023-04-17,213.50181522549747,215.31413138434843,212.82813641942485,213.72006225585938,1751800
2023-04-18,214.02370197950688,215.86448274228903,212.60041967571155,213.68211364746094,2567100
2023-04-19,213.3025694559888,213.634659960672,211.03480698317028,213.1602325439453,2078400
2023-04-20,211.04428471015848,212.75222626065604,209.63048583367365,210.90196228027344,2826800
2023-04-21,210.52037503309325,210.82566375592313,207.49617958777648,210.13877868652344,2712500
2023-04-24,210.38680212756594,213.4014625767683,210.38680212756594,213.15341186523438,2790700
2023-04-25,212.13263952707933,212.96261955981038,208.23076096784516,208.57420349121094,2505600
2023-04-26,207.71560671955558,210.25326476113614,206.17965733196402,206.24644470214844,3254700
2023-04-27,200.79904316279095,206.14147897672612,194.65524634385542,204.4719696044922,7711100
2023-04-28,203.43212134510688,210.41543346168552,203.20315480341165,208.73638916015625,4669500
2023-05-01,209.25154758710187,211.75105171321118,206.57079465708944,207.27676391601562,2876400
2023-05-02,207.12409880448604,207.12409880448604,200.90397994612664,205.25424194335938,2858000
2023-05-03,205.72171020507812,209.08934787876683,204.97758720707682,205.72171020507812,2635100
2023-05-04,206.11286788424118,206.95238273059087,199.7019504844719,200.7036590576172,3211000
2023-05-05,203.7659830552682,205.75985058499316,202.63071444967434,205.19699096679688,2716600
2023-05-08,206.4849453897969,208.07813277117796,203.80419235945647,204.91082763671875,2414100
2023-05-09,203.90912513596322,205.48322826717404,202.20144727033036,203.67062377929688,4111900
2023-05-10,205.52135743415917,206.05561263687954,200.52237891434254,203.3653106689453,2446100
2023-05-11,199.38712658903037,200.60825232415704,198.83380171577502,200.3697509765625,3263300
2023-05-12,201.97250263497108,202.7738637288625,198.3663485985236,199.9022979736328,2172600
2023-05-15,200.63688658358964,203.49890297243522,199.530236752897,201.57180786132812,1925600
2023-05-16,200.38882770035696,200.59871004298412,197.5268116357681,197.66990661621094,2771500
2023-05-17,199.65421123231295,204.004472705424,199.05318328561899,202.34451293945312,2897400
2023-05-18,201.29515367161056,205.74082264447586,200.56056538557823,204.84405517578125,2643600
2023-05-19,209.36604400201765,209.77625936119028,203.1554591603774,204.9012908935547,4402100
2023-05-22,204.3956775878892,207.1718370758709,202.1442240342806,204.40521240234375,2540600
2023-05-23,203.3939517503992,205.35920057796028,201.62905046523483,202.92649841308594,2298300
2023-05-24,202.06789905108147,202.7070809779374,199.59702834346638,200.05494689941406,2964000
2023-05-25,200.04539683799982,202.04879946568056,199.005534434325,200.32205200195312,2243600
2023-05-26,202.00109635917954,203.47025818082048,200.54146935045088,202.05833435058594,1973900
2023-05-30,201.46686863774582,203.09822440032158,198.67163959146282,200.24574279785156,2885900
2023-05-31,199.51116416897545,201.08526733673358,196.14352609921485,196.28662109375,5937000
2023-06-01,198.12782180243656,200.88491120664295,196.56325362886372,199.4539031982422,2989100
2023-06-02,205.0634621734977,217.30335346226985,204.1666947493385,216.2062530517578,8358200
2023-06-05,216.54967219670752,216.54967219670752,210.59667377673512,212.23756408691406,3438400
2023-06-06,211.6556383159432,217.7708164146491,211.26449260884462,216.25393676757812,3230100
2023-06-07,217.33196592897679,225.48871493846372,215.87233884440164,224.71597290039062,5586400
2023-06-08,223.75245246372648,225.41242734025357,221.08124860306577,223.66659545898438,3546800
2023-06-09,224.85906099633436,224.96400216847238,220.78545402311602,224.21987915039062,2488500
2023-06-12,224.4106628184543,227.90232571285523,222.58852375732397,226.95785522460938,3644200
2023-06-13,229.03760797210356,235.33403459733202,228.65599709492918,234.1510772705078,4335100
2023-06-14,235.44853579254018,236.89862807748347,230.4590916230761,232.12860107421875,3122400
2023-06-15,232.77730552837386,236.95585362190752,232.28121867014968,236.27850341796875,2743900
2023-06-16,237.92893923543292,239.35041251177404,233.7027023310052,233.98890686035156,5261200
2023-06-20,231.18414465591886,232.03320893225887,229.48601610323877,230.05841064453125,2979800
2023-06-21,227.85464110474624,233.97935388781244,227.08189907728448,230.3732147216797,2892500
2023-06-22,229.18068923781453,229.8961932131104,225.0975477166834,226.42361450195312,2421600
2023-06-23,223.6570281982422,225.01171411875882,220.6423676420106,223.6570281982422,3354000
2023-06-26,224.6301159895106,228.5987673566552,224.31529246333682,226.05157470703125,1748300
2023-06-27,226.5571889991749,229.76264759363323,224.49654848321117,229.6195526123047,2283000
2023-06-28,228.28394931700245,230.9170135784777,226.9197285610957,230.7452850341797,2200100
2023-06-29,230.8120863814004,235.50579155998886,230.26829627464667,233.0063018798828,2070000
2023-06-30,235.22911911187683,235.57254708213227,232.67237706322663,234.7330322265625,2377900
2023-07-03,234.63761528437783,236.96539069093782,233.9888986271878,235.9541473388672,1045700
2023-07-05,233.7313320094466,236.1163456013797,232.89180256685646,233.56915283203125,1820600
2023-07-06,231.5847924679756,232.65327377293548,227.85462815638496,229.5146026611328,3079700
2023-07-07,229.14255290007148,236.40253437183338,229.06623072338544,233.9030303955078,2903900
2023-07-10,233.26386260406335,237.89079476543031,232.86318207003274,237.3660888671875,2771900
2023-07-11,238.34869517575683,242.76574464202108,238.34869517575683,241.2202606201172,3293300
2023-07-12,243.73883001173132,245.78995023073685,239.87510546613143,241.93576049804688,2986200
2023-07-13,242.8516326161956,244.66423720508365,241.11535021253007,244.0918426513672,1949400
2023-07-14,244.6832831612277,244.6832831612277,241.27747734563908,243.86282348632812,1936800
2023-07-17,242.5749449930355,246.94429125318507,240.41888358048774,245.6182098388672,2674500
2023-07-18,245.78040142260937,252.01005515410998,245.11258603626442,251.6761474609375,3832400
2023-07-19,249.40399442228193,252.0692622050285,248.98215095236984,251.90626525878906,2771900
2023-07-20,253.26764701082683,254.4468658598837,249.69157456576,250.3147430419922,2102300
2023-07-21,250.94755261217566,250.95714927382156,246.88254717792185,247.01675415039062,2249900
2023-07-24,247.6398626778044,251.6090175654341,247.4481342981889,248.66571044921875,2195300
2023-07-25,249.36564859682144,252.98964638680772,248.73288336261885,251.2447509765625,2016600
2023-07-26,249.77788818278364,251.70494455570403,246.63325542581308,247.6591033935547,2622800
2023-07-27,248.28223911139082,250.32433811563877,246.2209760454806,247.63987731933594,2284400
2023-07-28,249.20262668332074,252.1267700905364,248.30141834227575,249.68199157714844,2101200
2023-07-31,251.90634637443665,254.2648143461248,250.86133402414342,254.2264862060547,3568700
2023-08-01,261.4935381022517,276.86197475329885,259.3363961747354,276.7373352050781,11823200
2023-08-02,275.8744991560097,281.751517494393,274.2830041816168,275.7019348144531,6288300
2023-08-03,273.75567342773513,276.0566187443042,269.4509573883992,269.83447265625,4743500
2023-08-04,271.51230362809804,271.7999108781631,263.9958359011181,265.0312805175781,3888200
2023-08-07,265.6832302752364,270.3234795687863,264.50401120093335,270.0262756347656,2438200
2023-08-08,266.52685512215015,272.2313085087632,263.4397443349433,271.2150573730469,2519500
2023-08-09,272.91202358631216,275.2704906606234,272.164215525769,272.7873840332031,3088600
2023-08-10,272.7490526019992,275.7882391773787,269.5852557197649,272.1067199707031,2647100
2023-08-11,272.2217709863362,274.23510963416936,270.94664383085876,273.4489440917969,1874100
2023-08-14,272.33673528165536,273.8131870982944,269.661871432249,272.79693603515625,2194000
2023-08-15,270.8603347381038,270.9754068918416,265.6160815196677,265.9228820800781,2593600
2023-08-16,265.5681666685936,270.0837760395317,262.7686626518027,263.1809387207031,2831300
2023-08-17,265.5873168972653,268.0129021048138,263.32472862820214,263.8136901855469,2534700
2023-08-18,261.7428381293268,264.3122270309535,259.92122806060195,262.5002136230469,2533000
2023-08-21,263.41102044851164,264.8395185307501,257.70656626421606,261.4935607910156,2207400
2023-08-22,262.6344994929823,262.8166605342922,258.54073291106033,259.0488586425781,1668800
2023-08-23,259.1446505484348,262.4618766878628,258.00375975762125,261.7619934082031,1677800
2023-08-24,260.3910090924009,263.3534805446604,258.0900635162694,258.1859130859375,1433600
2023-08-25,260.314344548105,262.32768328743504,257.73535865129793,261.3114318847656,1291700
2023-08-28,262.2126016970301,265.56815601490797,261.7715941789517,263.4493713378906,1550700
2023-08-29,263.6507340925366,268.5690233770886,262.14552106140593,268.47314453125,2065800
2023-08-30,268.4730948653087,272.0970922059106,268.2621731467293,270.67816162109375,1431000
2023-08-31,271.93413109122736,273.0558285585585,269.24967013016783,269.5277099609375,2579000
2023-09-01,273.04629219959133,275.22262802401224,271.94375855160723,274.43646240234375,2336600
2023-09-05,274.5227203022941,277.4660281627789,269.7674281169949,270.0071105957031,2515600
2023-09-06,268.8470088424217,272.72985261907877,267.5239571087134,271.2246398925781,1688900
2023-09-07,269.33597320359854,271.78075190741885,266.19134042546693,269.8153381347656,1593200
2023-09-08,269.94958949287036,271.69448496208537,267.6006894952259,270.6302795410156,1240100
2023-09-11,272.8161501699941,273.2379936236058,268.3964198258006,270.40972900390625,1515300
2023-09-12,268.6936677662748,272.9599985304529,268.2718242435174,270.1796875,1587300
2023-09-13,268.64567523189095,271.0712605112404,261.76200213183836,264.5327453613281,2119300
2023-09-14,267.4856361310156,271.4931200016405,266.3639092994767,270.8987121582031,2660500
2023-09-15,270.2371405306677,270.2371405306677,265.8844994251311,267.62939453125,4940900
2023-09-18,267.54316415732023,271.0808798369557,267.34183907013784,269.3455810546875,1363200
2023-09-19,268.52104421504225,271.7999131841671,266.1913376954109,268.12799072265625,2313500
2023-09-20,269.88240665526627,274.77193390632607,266.6035382550166,267.1116638183594,2380300
2023-09-21,264.81076750033077,264.81076750033077,260.3910368719002,260.80328369140625,2277600
2023-09-22,260.7841168413364,263.74658857799824,260.40060149340434,261.790771484375,1707800
2023-09-25,259.57608737861597,263.48769199906286,258.92415815155994,262.9508056640625,1257400
2023-09-26,259.95958487403175,262.13592029089693,258.0421252337909,258.3968505859375,1756400
2023-09-27,259.81578040055456,262.9124882423081,258.0900784332422,261.4552001953125,1991600
2023-09-28,262.2030011318546,266.7665642988071,260.9854248304189,264.8395080566406,1994700
2023-09-29,267.56234158999916,268.0129458368534,260.1609452051885,261.7332763671875,2257800
2023-10-02,261.3881173234106,265.38600436710834,259.0871423035444,260.5060729980469,1778200
2023-10-03,260.0171441354515,262.28932945827034,256.49862156847297,257.8695983886719,2187900
2023-10-04,256.4602731152261,256.76707373491956,251.93506637815793,254.0922088623047,2970100
2023-10-05,253.00879622923645,254.96461327427397,249.68200254955016,250.03672790527344,2639300
2023-10-06,250.77497743811344,257.3422828552472,247.61115133343705,255.0605010986328,2293400
2023-10-09,255.06046457237952,260.4005669116081,253.7278162089548,260.1033630371094,1640800
2023-10-10,261.39762303491335,263.74652228912583,260.6114577306024,261.93450927734375,2009000
2023-10-11,262.2413740614544,263.0850610086976,258.76118003313275,261.57025146484375,1538200
2023-10-12,262.50023491855166,262.50023491855166,255.20431442339674,258.483154296875,1910500
2023-10-13,259.3268603168439,262.63449041779137,255.11805096123672,256.8821105957031,1918300
2023-10-16,260.8895999651176,262.6632562966612,258.4544176004138,259.614501953125,1678600
2023-10-17,257.49569737004805,264.18764348082635,257.49569737004805,261.3977355957031,2110100
2023-10-18,257.41892198145047,257.89828682685356,248.07130749609053,248.52191162109375,4257100
2023-10-19,247.26599831445324,249.26974002134384,241.36980145574594,242.4531707763672,3850000
2023-10-20,242.18336725082975,244.28420552768608,239.14776924008098,240.14999389648438,3103500
2023-10-23,238.6370117044661,242.4724689119476,237.60586303379392,238.33827209472656,3193200
2023-10-24,241.16184982991538,242.57846606822508,238.2707986831032,240.48727416992188,2304600
2023-10-25,240.79563111393165,241.66295522962128,235.62065457176837,236.044677734375,2542400
2023-10-26,236.61326467349684,237.76968220672478,231.67920868924597,233.62583923339844,3859200
2023-10-27,234.22330705724582,235.06170710214488,229.22178671082358,229.8963623046875,3229900
2023-10-30,232.1899662637168,234.75336858092535,230.4938734440794,233.36566162109375,4478300
2023-10-31,219.3825833034168,222.16762854323642,215.63385438608663,217.8406982421875,12093300
2023-11-01,216.93484138648716,224.20101011798502,215.78805541440215,223.41079711914062,4932800
2023-11-02,227.23662805560002,230.88898294766145,224.4226733089836,230.43605041503906,7749900
2023-11-03,232.739260822904,235.3701280890553,229.530192120463,232.00686645507812,3929500
2023-11-06,232.73926617086707,234.0980638400388,227.77630054826508,229.62657165527344,2891500
2023-11-07,226.0609313828404,228.52795938146022,225.08761610820193,226.38858032226562,4074000
2023-11-08,227.42936081518138,229.154348225896,225.93564808923708,226.29222106933594,2532500
2023-11-09,228.81705772634618,230.59023218698613,225.328527473728,225.6465301513672,2708800
2023-11-10,226.79330919050707,231.42862524594503,226.09945577839935,230.97569274902344,2525200
2023-11-13,230.2047917918049,234.47390398504908,230.2047917918049,232.89346313476562,3035700
2023-11-14,237.78899865382095,240.487316473092,235.80381220321377,238.8586883544922,3441800
2023-11-15,240.45839851273354,243.74454926766077,239.57181113476253,241.97137451171875,3739900
2023-11-16,241.4027827171488,243.73489565987856,237.64442192197427,239.19595336914062,2625000
2023-11-17,241.00765230262783,245.02621155537753,240.92092429899532,243.8794403076172,2792500
2023-11-20,243.43617487676357,243.71563671970543,239.62962665804048,241.3546142578125,2661400
2023-11-21,240.38126529175707,240.77637913920526,239.30194424960243,240.35235595703125,1765500
2023-11-22,233.05729167260583,238.63702922914877,233.02838233435622,237.0758514404297,3593700
2023-11-24,237.78896811328863,239.86088231833375,237.74078098429163,238.37681579589844,982200
2023-11-27,237.99135423147345,239.20559050801168,237.37459719669485,238.40573120117188,1743300
2023-11-28,238.74299286099603,239.83194538686763,237.07580955833893,238.51170349121094,2149900
2023-11-29,240.6125580681107,242.44356606480198,239.29231600083642,240.3909149169922,2224700
2023-11-30,241.9231630248414,242.36646402152587,238.83937795436373,241.6147918701172,3210500
2023-12-01,242.7615981051975,248.09076852981698,241.8942738319759,247.4354705810547,3731500
2023-12-04,244.36131898645345,246.2501310830382,243.25307374485513,245.4984588623047,3028700
2023-12-05,244.56368758666824,247.8594993114135,244.56368758666824,245.9224853515625,2682200
2023-12-06,247.47397788174206,251.53110768730392,246.2886656785195,246.67413330078125,3632600
2023-12-07,247.86908010655935,249.96028670824901,246.51992878738523,248.06182861328125,2162500
2023-12-08,248.03295320216458,252.13825580062837,247.66674863488228,250.07595825195312,3258200
2023-12-11,250.40357157948063,252.7164066007187,250.07592264732375,251.44436645507812,2898300
2023-12-12,250.54814500799824,252.9573545393165,249.70974479658685,251.93585205078125,2375700
2023-12-13,251.9069625964444,258.4889400247441,249.8639574581142,258.2383728027344,3708300
2023-12-14,262.5556325005585,275.09313728031395,260.72460996633447,274.8136901855469,6464100
2023-12-15,269.92781519942855,276.43268029365777,269.81217785879585,275.36297607421875,7321200
2023-12-18,276.3266690136818,278.3889663547672,274.2354917457675,275.3340759277344,2691700
2023-12-19,276.3844452299464,282.38820465644864,275.7677030176307,282.32073974609375,3659600
2023-12-20,281.328191367024,287.4379428408755,279.0057099897777,279.1888122558594,3818400
2023-12-21,279.37195791535294,280.1718320249593,276.1918127955581,279.5357971191406,3209300
2023-12-22,279.7669826131763,282.195454689585,278.41783145961585,279.8151550292969,2833800
2023-12-26,281.0005086929876,286.30076870609355,280.43193887524205,284.893798828125,2019000
2023-12-27,284.8938328599495,288.2859890862007,284.0265233633318,287.29339599609375,1876500
2023-12-28,286.31046131826,288.3342031692085,285.28895884851096,286.09844970703125,2267400
2023-12-29,286.0695433961222,287.40904859223843,282.5521033897312,284.9324035644531,2300600
2024-01-02,282.7737485765631,285.8671949483663,280.7692990836364,282.07989501953125,2433100
2024-01-03,277.91674225731765,278.43711025422226,273.0308590880085,273.9752502441406,3043400
2024-01-04,274.08127217073076,277.7529045478653,273.4837930094131,275.70989990234375,2995400
2024-01-05,275.8544684440439,280.43196617368307,275.10279630902227,278.4371337890625,2684800
2024-01-08,277.11685715090573,282.0509125395169,274.88110411253825,281.63653564453125,2369100
2024-01-09,278.72627036586016,281.7425758944167,277.54092872873497,281.6751403808594,1974500
2024-01-10,281.54019252972927,283.8530275726963,280.8752484110984,282.6966247558594,2048000
2024-01-11,283.90128710605717,284.86497102059957,278.89976523683805,281.4535217285156,1941400
2024-01-12,284.54692328983333,285.0865838997042,278.437171135062,279.8634338378906,1955600
2024-01-16,278.38896143742136,279.67064786195925,275.2280799702015,276.79888916015625,3140100
2024-01-17,268.7038885103599,271.7780415844277,266.8825417770767,268.51116943359375,3789200
2024-01-18,269.85074521475474,272.26960112620594,267.57646541045136,271.6624755859375,2479300
2024-01-19,273.32764853933855,276.96786623473247,270.0649933357628,276.193359375,3116000
2024-01-22,276.98728467729325,281.33426187657756,276.98728467729325,279.4754333496094,2072200
2024-01-23,281.2471003122127,283.5512981504913,278.36200754524776,279.6302795410156,1866300
2024-01-24,281.576324551893,283.2899368722148,279.15595314409694,281.4214172363281,2765900
2024-01-25,284.6356479864151,293.64910780900783,283.79336355129374,291.19000244140625,4647100
2024-01-26,291.41270044137,293.32964512053763,289.14723648174333,289.8927001953125,2920500
2024-01-29,289.49572503397826,294.02668201784553,287.9757544948041,293.59100341796875,2101400
2024-01-30,290.93828675757186,295.9920226155164,290.93828675757186,295.05291748046875,2150200
2024-01-31,295.8370986867524,296.0113582989908,290.37672780560706,290.74462890625,2813000
2024-02-01,293.5813452247635,298.2575190816448,292.32276397780936,297.8896179199219,3196300
2024-02-02,297.2215765643128,307.26127134507726,296.2534281064486,305.05389404296875,4661500
2024-02-05,324.20386350589774,324.20386350589774,305.84777734886825,311.16290283203125,6557500
2024-02-06,312.8959489934385,317.00088961067866,308.90718148113143,312.44091796875,2825700
2024-02-07,312.65385152915155,317.3784205220227,310.8724619908722,313.28314208984375,3203000
2024-02-08,314.3287435559822,316.03266459224477,311.1822613608092,311.7437744140625,1986100
2024-02-09,311.74381861728125,312.0632946238977,305.5186308209173,307.0579833984375,2823000
2024-02-12,307.10633036751307,312.79904740274975,306.42864424865434,311.38555908203125,2483600
2024-02-13,305.73159898445977,305.93490188067847,300.8908568660946,302.87554931640625,2923200
2024-02-14,305.94456730524035,307.7259567107743,303.9695364129024,306.62225341796875,1887100
2024-02-15,305.88648209912014,312.91521900843384,305.4120693180493,312.7796936035156,2362900
2024-02-16,313.40902361159215,317.8431306002096,311.2016462837764,311.65667724609375,2513200
2024-02-20,307.1547886821553,308.83935754144295,302.7787387507885,303.74688720703125,2701600
2024-02-21,302.9336353360589,307.6969385723603,302.9336353360589,307.0386047363281,1779700
2024-02-22,310.7756239314134,313.0701308200687,310.1366424675845,311.8309020996094,1875800
2024-02-23,312.7118980674462,314.7256335131675,311.7921453725608,313.5638732910156,1575000
2024-02-26,313.34117565237756,316.81682432939306,311.9857740095434,315.0160827636719,1650000
2024-02-27,316.5651674708316,317.5042725798948,313.457389902736,317.1944580078125,1640900
2024-02-28,316.9621530894417,321.1154889012056,316.57487005117997,319.0630187988281,1471000
2024-02-29,320.4571343430501,324.2232459647745,319.5858066542476,323.3228454589844,2699800
2024-03-01,323.3615733764187,327.0114822957982,322.97431991621465,325.9755859375,1815500
2024-03-04,324.91062342215315,329.4221987125852,324.1264255468648,327.86346435546875,1551000
2024-03-05,324.73633925932955,328.1926064855515,321.17353080318355,322.9065246582031,2030000
2024-03-06,325.5399446295501,326.97281509658467,323.51651773850807,324.939697265625,1542300
2024-03-07,327.7279582242967,331.4359539796486,327.65048979878185,329.38348388671875,1732500
2024-03-08,331.1745331296161,333.5271266709361,327.33098276670984,328.3862609863281,2307400
2024-03-11,326.26599917986914,327.43745042939486,320.97022643865904,324.3006591796875,1868000
2024-03-12,324.6007894880737,327.61174633047096,322.141684316307,326.49835205078125,1645900
2024-03-13,327.36974227141224,332.17175047504213,326.6436309090559,330.6420593261719,1818800
2024-03-14,333.5755329698871,335.79260116881824,328.1442344068317,331.0293273925781,2110200
2024-03-15,332.04586336782745,336.2282716152546,330.28382616003944,335.91845703125,4406000
2024-03-18,336.9930421911634,342.0855116270791,336.780048386548,340.6913757324219,2528200
2024-03-19,340.40098654178604,342.72453681447007,338.48404205541067,342.6277160644531,2207600
2024-03-20,339.93627931143334,346.7714050103135,337.0512158372512,345.0965270996094,2563900
2024-03-21,346.27765398688183,353.56781031514174,345.3579011813363,352.94818115234375,2616300
2024-03-22,352.9869165596087,353.87759655222334,346.4615761785001,346.70361328125,2052000
2024-03-25,345.5902365280283,347.4394034743493,343.7217172505547,344.6124267578125,1774800
2024-03-26,345.10616956408325,348.13647877610714,344.6608295739031,345.0384216308594,1637200
2024-03-27,347.2941959056492,353.19021612765744,346.480954793532,353.0353088378906,2262800
2024-03-28,353.006290109018,355.523482038023,351.9510118230657,354.7586364746094,2028600
2024-04-01,355.7751920571693,356.21084111889024,351.08935724931877,352.154296875,1953800
2024-04-02,350.76987120877504,353.3645020278493,349.966320975493,353.2095947265625,1968900
2024-04-03,353.84857903661384,364.0916065160356,352.98694225179304,363.8205261230469,2623700
2024-04-04,365.3501795219983,368.89360643008513,357.13060855344344,358.0116271972656,2492200
2024-04-05,360.6352914360416,368.864553119817,359.9479143210907,367.21868896484375,2068300
2024-04-08,367.0347437354708,369.84239786954737,361.01288875598095,361.57440185546875,2690000
2024-04-09,363.08469152897374,365.14685233837156,353.8679294415695,360.05438232421875,2042700
2024-04-10,354.5359375366602,360.7514333972523,352.78359138705844,360.2189636230469,2148500
2024-04-11,360.7611264595052,361.47754678804563,355.2136257457525,360.1318359375,2535700
2024-04-12,356.8982672172609,360.9644730759482,351.12808104621706,353.984130859375,2072900
2024-04-15,361.0903000747912,362.53283169684676,350.57619337406356,352.3188781738281,2171000
2024-04-16,351.4572375969794,351.8832252760952,345.8032542279969,348.4172668457031,2513900
2024-04-17,351.0990833713268,351.3508114615376,341.6402821994529,346.9070129394531,2313800
2024-04-18,349.64673542940926,351.90253740290206,344.8253760418199,346.529296875,2380700
2024-04-19,348.1423676921754,350.7270336078048,342.16655651868,344.61517333984375,2929600
2024-04-22,346.01444572685034,351.74733840557275,343.2354319982097,347.4816589355469,2085400
2024-04-23,349.80393138657087,355.16758099266286,348.87112920578244,352.9618835449219,1810700
2024-04-24,353.6420870835385,357.74256788895093,348.7350972353393,353.2242431640625,3032700
2024-04-25,321.0811521048608,332.2554446297516,320.96455553607717,328.4270324707031,6459600
2024-04-26,328.85454323282363,335.71458417245265,328.747643285614,333.6546325683594,3324600
2024-04-29,334.23768100958716,341.0102752599385,334.23768100958716,339.892822265625,2171400
2024-04-30,337.19154540659207,337.92030359649846,323.68523288430936,325.09417724609375,4201700
2024-05-01,323.9378711411887,328.91285552604404,321.37262813779677,321.69329833984375,3520600
2024-05-02,324.07384990579123,326.63909258721793,319.92479790201656,325.9394836425781,2492000
2024-05-03,328.51444665214797,331.934740821078,325.4925438217437,327.21240234375,1977100
2024-05-06,331.215745043637,332.84815632579,330.07889883591344,332.4109191894531,1653900
2024-05-07,334.7138023132458,338.6685374777143,333.6741001077617,335.2287902832031,1965600
2024-05-08,330.3703708953193,336.4627785304851,329.14604767884504,334.742919921875,2260300
2024-05-09,336.12266547244076,342.8855319986211,335.64652337343006,341.8166809082031,3208900
2024-05-10,344.94556011353757,347.3844804642248,343.5074665398667,344.74151611328125,2210600
2024-05-13,344.75115299677145,348.3949434934393,344.3333388032652,346.5779113769531,2051200
2024-05-14,347.5884980509594,350.3966307804926,346.9180381621037,348.03546142578125,1563400
2024-05-15,351.23223449912865,353.020117374734,347.977109245719,349.8427429199219,1913900
2024-05-16,346.64598850300365,348.60876660646403,339.7081961113189,340.7867736816406,2821700
2024-05-17,342.9730109987474,346.3155839967128,341.6029421548216,346.1795349121094,2104300
2024-05-20,346.30591509364376,354.108485584913,344.72207574960197,352.47607421875,2247900
2024-05-21,351.99992234306916,352.9521473737064,347.3747276688453,348.9002685546875,1841100
2024-05-22,348.3464094475713,349.02659560904635,342.57464229952757,345.8589172363281,2104200
2024-05-23,350.1925572134119,351.10593641518136,338.9113959250415,340.7673034667969,2749200
2024-05-24,342.6523741100701,343.88639388250635,336.86115475365415,339.0182800292969,2635200
2024-05-28,338.1438311852177,339.33900540164564,334.64578562161734,336.65716552734375,2264900
2024-05-29,335.2287780476331,335.5299957368074,328.1549661781492,328.5339050292969,3040000
2024-05-30,328.883724723769,334.7915115968908,328.883724723769,329.6416320800781,2745800
2024-05-31,329.72903362965906,331.23515152074316,325.57025518720144,328.9322509765625,8319400
2024-06-03,331.2156989759807,331.73068685598133,316.52394017353464,321.97503662109375,3878600
2024-06-04,319.40011641138204,320.97422928432854,315.3093622639632,318.29241943359375,3706600
2024-06-05,320.14828976172026,321.8875710080989,317.44702769708925,320.119140625,2616300
2024-06-06,320.86733479170954,321.6543911688309,317.82597957118844,318.99200439453125,2452100
2024-06-07,316.9612396190647,323.45203876047646,314.5514685366634,319.6236267089844,2499100
2024-06-10,319.40012380846207,322.50950387503684,319.13778154131046,320.2746276855469,2640500
2024-06-11,318.47697002736754,319.33205081921835,314.5611115876444,318.0397033691406,3247000
2024-06-12,323.7143845417172,325.6771922598648,316.76689567459556,319.4195861816406,4817300
2024-06-13,318.224395333754,318.60336380908325,312.34575805987896,317.1166687011719,3183900
2024-06-14,312.2875132056911,313.5409561002684,306.90441039360024,312.365234375,4195300
2024-06-17,312.3652067902705,314.6680780132807,309.84856530397576,313.26885986328125,3198900
2024-06-18,313.9004724224388,316.3782683754277,311.90854497780595,315.9313049316406,3275300
2024-06-20,315.8534627678083,321.7224027431642,315.3870469266189,319.8081970214844,4463300
2024-06-21,321.1685941544473,321.18801703117026,316.9417906873216,318.5547790527344,8265100
2024-06-24,320.0316766400229,324.2196338082579,316.834879120507,320.653564453125,2447300
2024-06-25,318.71996651555276,320.1386074527851,315.18304595725914,318.1272277832031,2990400
2024-06-26,317.00978041971405,318.42842124910555,314.60973583852933,317.4761962890625,2198600
2024-06-27,316.7960246033026,319.9054045673095,315.47455739320895,318.1855163574219,1995100
2024-06-28,319.20580554843247,324.72492698669697,319.02118443929635,323.6658020019531,8891500
2024-07-01,325.6188581498593,325.7937826499475,316.1547280518536,319.7596435546875,2950200
2024-07-02,318.7102439097061,320.741046478668,316.35877113587077,318.47705078125,2119800
2024-07-03,318.9628282034827,322.02360603860103,318.9628282034827,321.2462463378906,1352200
2024-07-05,322.17909550789534,323.9961275739788,317.3790065878418,319.05029296875,2280900
2024-07-08,321.0034034161851,323.8212922289402,317.8746299556113,319.740234375,1913400
2024-07-09,319.2349049319347,320.7701421939803,316.6016377976335,316.82513427734375,1896100
2024-07-10,316.8640688450947,319.1766662597656,312.5303950854512,319.1766662597656,2904400
2024-07-11,320.653616968411,324.9581417400256,319.9734307680879,321.7516174316406,3016400
2024-07-12,325.4634078996966,328.6505090840876,323.98643904259757,326.08526611328125,2451300
2024-07-15,329.49588612366654,338.04663729893065,328.2715628362103,335.9769592285156,3394300
2024-07-16,337.0069258010402,352.0193564415934,335.4814145198101,350.36749267578125,4637000
2024-07-17,348.80310507383746,352.41774688860556,346.11156882929447,347.6662292480469,3061000
2024-07-18,346.4030397232529,358.772505365257,345.6742815751675,345.94635009765625,3876300
2024-07-19,345.28568549827907,346.3933826850529,336.87095284165997,337.7843322753906,3462700
2024-07-22,339.52094130329283,340.2331654907637,333.06224310326206,339.39410400390625,2659600
2024-07-23,337.306228621964,340.1648314274833,333.0622113060434,335.78424072265625,2027800
2024-07-24,334.5939654579358,336.4183977640324,327.27670448224694,327.8523254394531,2835800
2024-07-25,327.3352330213089,339.7160407030244,325.81324515360956,335.9110412597656,3291300
2024-07-26,340.14532628821223,344.3405439609443,338.4281995361306,341.94049072265625,1894900
2024-07-29,341.64779837613565,342.8185720843192,334.76958471909086,336.1354675292969,2190300
2024-07-30,335.2866547688065,337.296460049877,330.3694471012697,333.3939208984375,1970800
2024-07-31,336.9354749955047,342.43803963576306,332.5451185145921,337.7647705078125,2568100
2024-08-01,337.86232525349214,341.3063149669086,320.08625769489777,323.44244384765625,3747900
2024-08-02,314.8861391492018,315.52029582940173,309.920161472604,313.05194091796875,4246700
2024-08-05,301.47117562616427,312.7690143500352,299.56867571503454,309.08111572265625,4681300
2024-08-06,306.39804800764733,324.076572765307,302.93455693139975,318.4861755371094,5071700
2024-08-07,325.3839823994481,327.0132758956988,316.54473320205153,317.86181640625,3011700
2024-08-08,321.95947705784624,328.23280154081687,319.62769564459916,327.9693908691406,2268300
2024-08-09,327.81327493859675,330.2523618056994,324.37905134835967,330.0182189941406,1668100
2024-08-12,330.0182054114287,331.5694610221791,325.471744105389,327.842529296875,2127600
2024-08-13,328.96452040193753,331.24750216170247,325.5985983528268,330.5450439453125,1503800
2024-08-14,331.32553715131667,333.46217944289674,326.44736384159177,329.364501953125,1610900
2024-08-15,336.10617638354177,339.16968383571776,332.48657974382644,337.2184143066406,3232600
2024-08-16,336.8378550029484,337.41347586005105,332.4572650549946,335.1109924316406,2483800
2024-08-19,335.3061659976877,337.66721535001943,334.93542000422957,336.2525329589844,2252600
2024-08-20,336.59398525448887,337.7354910006987,333.4914739274706,334.9353942871094,1479500
2024-08-21,336.1841914114323,337.17935785957206,333.5207277390776,334.6134338378906,1433200
2024-08-22,334.6427311005119,336.7306038309732,333.442689596872,334.018310546875,2021400
2024-08-23,336.56468238208214,341.02333982509685,334.71098252402106,339.9208679199219,2183900
2024-08-26,341.2867994478824,345.77472538329425,340.4380019545218,342.6039123535156,1718100
2024-08-27,341.8136218558924,343.15023662618694,338.64280909243143,342.5648498535156,1210800
2024-08-28,342.0478162468562,345.79425047342073,337.4135507397289,339.716064453125,1514500
2024-08-29,342.6624249100362,347.77474127577625,339.023296713823,343.07220458984375,1664500
2024-08-30,343.9990356213384,347.560096324862,341.3062743191414,347.42352294921875,2974100
2024-09-03,343.62833167793633,344.038111402976,330.15481719320826,331.9499816894531,3107200
2024-09-04,330.340147172627,332.5450911067741,327.12056459491464,328.54498291015625,2782500
2024-09-05,327.8327617698645,328.29131127065637,322.5058046349266,325.4327087402344,2525500
2024-09-06,326.05715096250657,330.3694399581627,320.1252749071289,321.3350524902344,2676600
2024-09-09,325.77422472189875,328.1645121547727,324.85712561367404,325.90106201171875,2355800
2024-09-10,326.9449626344424,327.56938319624504,321.36436017688993,326.01812744140625,1869200
2024-09-11,324.8864072885086,327.30599245182447,318.16426883416614,326.8376770019531,1934700
2024-09-12,327.11084295289146,332.730509072882,325.5498212780039,331.3060607910156,1747000
2024-09-13,334.07685447685355,338.75988923101437,332.05728345734303,336.89642333984375,2518600
2024-09-16,339.8623538657253,342.89656349268273,335.90127936371215,339.4818420410156,1648200
2024-09-17,341.4722011259294,345.94059568581156,340.73070910437184,345.0722961425781,2088400
2024-09-18,346.35030531328295,352.8187678918482,343.73561156259507,346.4673767089844,1990700
2024-09-19,354.1554110803064,365.5605835876508,352.46755225926927,364.2142028808594,4066600
2024-09-20,361.37513862762006,362.39957307359214,356.92624614103175,359.8336486816406,5440500
2024-09-23,359.99946684884094,363.88250398006653,358.03846119333656,362.1263732910156,2442700
2024-09-24,370.741196098039,379.94142442386766,370.2533787347521,376.5267028808594,4024300
2024-09-25,377.57064805216766,379.170703332854,368.71189762737356,369.0338439941406,2661500
2024-09-26,380.50730794372095,387.5416259616551,376.79014203004635,381.43414306640625,3906800
2024-09-27,381.47320133135554,385.92209357365715,379.65853492089525,381.5512390136719,2683700
2024-09-30,379.8926760038797,383.1903263293613,377.39505334503195,381.59027099609375,2251300
2024-10-01,381.7366097391066,385.853789702607,377.20967984135865,382.829345703125,2091400
2024-10-02,382.42931128097837,386.01963993313797,379.1706948633543,384.4488525390625,1767900
2024-10-03,382.78054812038823,384.4001054369888,379.24875496117943,381.5610046386719,1866100
2024-10-04,387.05381483230025,387.77577501144975,382.3024784173927,387.414794921875,1675100
2024-10-07,386.7904390453525,391.39543661941485,386.4879946309257,388.54656982421875,2224500
2024-10-08,384.6537801988869,385.37574041273615,375.4730532911098,378.50726318359375,2438800
2024-10-09,378.7121929017018,386.9367875431031,378.05850445150395,386.5367736816406,1757900
2024-10-10,385.5513817271392,387.28801060904107,380.9854176700956,386.975830078125,1331700
2024-10-11,386.9757804795927,393.7661899844113,386.9757804795927,392.22467041015625,2110400
2024-10-14,383.8050262343999,386.6343614795115,377.44386765370604,384.35137939453125,3006100
2024-10-15,381.11218893179426,382.9073532130695,378.14625109690087,378.5364990234375,2715100
2024-10-16,377.9608783432444,384.9854601210613,377.50232884144236,384.0293273925781,1551600
2024-10-17,385.52209638758364,387.4440981899942,383.58059260725446,384.878173828125,1561500
2024-10-18,386.5953008189057,386.79043969422355,380.22440657933635,384.2635192871094,3024100
2024-10-21,384.1068357211092,384.9488817711231,381.1204408177543,382.3345947265625,2375900
2024-10-22,381.60024690740397,383.1277029327374,377.6836868668605,380.3567199707031,1523900
2024-10-23,378.8782679194926,381.89400623426735,374.70712159463716,377.6837158203125,1500900
2024-10-24,378.8782403378247,380.2588014621846,374.2468973148408,378.9859313964844,1844100
2024-10-25,381.48275555607574,383.8522877179935,376.2933250391682,377.918701171875,1606800
2024-10-28,380.28822130285823,383.4018795144979,379.2894793203066,382.4618835449219,3213900
2024-10-29,381.37508454135195,381.473004531552,377.5074690358426,379.4266052246094,2186400
2024-10-30,366.198356537766,380.16090236767076,359.54021655310817,371.32904052734375,4037500
2024-10-31,369.4784830452628,371.00593904680164,364.9744330926052,368.35247802734375,2394500
2024-11-01,370.183481430816,375.2749917011017,369.07704840664167,371.7109375,1633300
2024-11-04,370.2128600190585,373.53212926064924,367.4712499420423,368.6658020019531,1793600
2024-11-05,369.26310031434355,378.0166149527698,367.81396224992295,375.3729248046875,1724100
2024-11-06,396.71820724537196,409.5742916512396,395.5824011442816,408.1839294433594,4720000
2024-11-07,406.26481462637594,409.7701229607008,399.0387560641761,399.69476318359375,3211100
2024-11-08,392.59597584055376,394.65217586811485,384.21453962166015,385.164306640625,3345900
2024-11-11,389.60966675721147,393.6926645131283,386.7701662540609,388.26824951171875,1858900
2024-11-12,389.49214759985136,390.41254168162243,382.9906430121052,384.8118591308594,1737100
2024-11-13,380.836546188579,383.0396113692742,377.6249679204048,378.9957580566406,2001900
2024-11-14,380.3959276568871,382.0408758482914,378.15368846824424,379.2796936035156,1372500
2024-11-15,377.9382512190375,380.3861012979317,374.2273320137412,376.0583190917969,2165500
2024-11-18,377.9480696317705,378.24179970240687,374.9323313429633,376.440185546875,1626200
2024-11-19,370.14429368489067,375.25540568952147,370.14429368489067,374.3545837402344,1793200
2024-11-20,375.99955153506284,378.1438704717802,370.57510770438665,373.5419006347656,1859600
2024-11-21,375.91148805321336,383.8424991211675,371.09410551472905,381.46319580078125,1833500
2024-11-22,382.21709100385056,389.8544012310989,379.79864379501856,389.1983642578125,1893000
2024-11-25,391.6560057639216,398.6568508907553,391.6560057639216,397.1881408691406,4398000
2024-11-26,395.2298642296205,399.89058030009335,393.379305124627,399.3226623535156,1796600
2024-11-27,399.88077928937,403.5231813690067,394.8284131865848,395.2788391113281,1371900
2024-11-29,398.83307124699013,402.61256707322815,396.55168826215044,397.6385192871094,1962100
2024-12-02,398.9604033821711,399.6360124189628,392.4295558678293,394.1136779785156,1548500
2024-12-03,395.10257372378004,397.07065474387906,388.3269414568128,390.93145751953125,1716200
2024-12-04,390.25584500424844,393.09534508649887,387.86674096459393,391.1762390136719,1193800
2024-12-05,392.145595569087,393.0561886570249,385.9867962008397,386.7407531738281,1291400
2024-12-06,389.8445848693955,391.4014138830611,384.5474338857758,386.7896728515625,1331000
2024-12-09,394.1430356192401,401.16345289344423,390.1285555243585,390.93145751953125,1739800
2024-12-10,382.5696525158737,387.2205683731961,377.56623065546205,380.28826904296875,2251000
2024-12-11,382.33457905352685,383.18642603045225,379.3481842725932,380.7581481933594,1651600
2024-12-12,380.9344531632923,381.7373552361421,372.2201120387835,372.83697509765625,1804600
2024-12-13,372.66072033982135,374.90295948918913,370.9863991700759,372.5726013183594,2034800
2024-12-16,373.80630295116697,374.34484793148914,369.87997149306585,371.0157775878906,1311100
2024-12-17,368.18605893251214,370.9864152199406,366.0319387114133,367.9608459472656,2138700
2024-12-18,370.80034758787224,373.2090237357555,355.4572099105119,356.2992858886719,2820700
2024-12-19,360.754327748497,361.8607606796399,352.50018509155285,352.8526611328125,2616700
2024-12-20,351.0217247650341,363.74074506280607,349.78799868093233,358.4044494628906,5142000
2024-12-23,357.25886388379905,358.70800207161113,353.9591663395445,357.7680358886719,1804900
2024-12-24,356.8476145827651,359.90252685546875,355.09494547055976,359.90252685546875,886000
2024-12-26,357.4350565084976,359.824160575581,356.27967844288685,359.4618835449219,1097900
2024-12-27,355.80974664784605,359.7360782551992,354.20394248967773,357.2490539550781,1245800
2024-12-30,352.91148473044694,357.20992442484305,351.25673545065746,355.43768310546875,1422200
2024-12-31,355.91739462367036,358.14003169539103,354.25284464965387,355.1928405761719,1168100
2025-01-02,357.8855128483421,361.1558372453786,350.6202800503974,352.2652282714844,1802600
2025-01-03,354.04723499170785,356.87696398235363,351.9910349807965,356.20135498046875,1390800
2025-01-06,359.344393874162,363.1042880336125,355.01658175943487,356.6028137207031,1590700
2025-01-07,356.5342895397224,358.45339576983133,353.5576952678298,355.4278564453125,1607400
2025-01-08,354.8893039145053,355.3103269418385,350.2383889281071,353.5380859375,1828800
2025-01-10,350.36567509417927,352.34355714243765,342.5031815947822,343.67816162109375,2773900
2025-01-13,345.59722891780837,355.623642340323,344.46142298834076,354.938232421875,2746000
2025-01-14,357.8659032936751,364.24011486574057,357.5623722550991,363.819091796875,2331700
2025-01-15,371.2312002554729,372.0145004008002,366.52150877741684,367.0698547363281,1984500
2025-01-16,368.46021088373385,373.463632363307,366.9033817009739,372.61175537109375,1974700
2025-01-17,376.67517872904097,378.7803238018952,374.0314887150496,377.9676208496094,2605900
2025-01-21,384.2473177992655,395.62731468045365,384.0507598604449,391.4801940917969,3144500
2025-01-22,391.7946614999142,393.5635929176688,388.28630934570424,390.7431335449219,1994800
2025-01-23,390.5072399064644,402.5161963123025,390.40896095249815,399.38128662109375,2587400
2025-01-24,398.72290757301533,402.3295085565696,398.2806672388713,400.590087890625,1938200
2025-01-27,390.3303627844939,392.63978328675427,383.18592956184636,388.1585388183594,2964400
2025-01-28,387.2347967060406,390.0257452917185,379.8053630084051,383.549560546875,1788900
2025-01-29,385.17105212303346,392.46288915532784,384.3652066317579,386.43878173828125,2675800
2025-01-30,367.04951663683244,374.23326782959884,366.71539216164894,368.50396728515625,4234600
2025-01-31,370.9411378637143,371.47182029004847,364.86787561860416,365.0251159667969,2858000
2025-02-03,357.85120449747797,362.1850160482235,353.4780453711676,355.305908203125,3079300
2025-02-04,363.27581108493143,363.27581108493143,353.20283314105814,355.698974609375,2709800
2025-02-05,356.6030890945388,356.73084874243517,351.03102899565414,352.65252685546875,2134200
2025-02-06,357.61530090709226,361.1924511012126,356.25912923988244,359.1385498046875,3007000
2025-02-07,362.8728951023263,363.14805818335157,356.31807564966994,357.59564208984375,1804800
2025-02-10,359.0205663995358,359.9148538716964,355.30584997161327,356.947021484375,1944400
2025-02-11,355.49259371673656,358.1263318213101,354.7457396188967,355.9741516113281,1516900
2025-02-12,350.8345055114811,352.7311666488718,345.37053073805174,345.9601745605469,2833100
2025-02-13,346.48097196817326,351.414263616907,344.3681093890982,347.5914611816406,3547200
2025-02-14,350.4413693561098,352.68199156775137,346.70697900968963,347.218017578125,2045300
2025-02-18,349.3309052699419,350.7656821426383,345.0461884574744,347.88629150390625,3120200
2025-02-19,345.79307515653267,347.7388906489224,343.5524527670515,346.903564453125,2211000
2025-02-20,348.86899965536065,350.6870553699799,341.4494033490418,343.1200256347656,2174100
2025-02-21,344.47621304931613,345.92082679264513,331.76952624014257,334.1673889160156,3225200
2025-02-24,337.45954462268503,339.48396527672935,330.4231968191943,333.0667419433594,2513300
2025-02-25,335.11079826343246,338.28502571219514,330.5705922467349,336.4472961425781,3323500
2025-02-26,339.483972495286,342.75644906197147,334.2460066212438,336.66351318359375,2397800
2025-02-27,337.7150395134765,340.9285846751813,332.6146702112657,334.1280822753906,1971000
2025-02-28,336.07387867034294,338.9434323013783,332.8898143797408,338.0098571777344,3210300
2025-03-03,341.6262927263671,342.1373013174093,324.33024591610297,326.3055419921875,2569700
2025-03-04,321.7358338505645,326.18759740286526,313.1762380875767,321.10687255859375,3500200
2025-03-05,323.4359925905397,333.64656852243064,322.9741084340248,332.6441650390625,3189100
2025-03-06,329.479747596303,336.0050866427207,326.77724115200306,335.1206359863281,2234100
2025-03-07,333.5384359588177,346.03875825947614,333.5384359588177,344.25018310546875,3063800
2025-03-10,339.04171257357666,346.32374252075937,335.94612032644517,339.2480773925781,2809100
2025-03-11,337.980359677283,339.1890978285785,330.56073358825086,333.9020080566406,3190900
2025-03-12,337.10577490697375,338.9533115804562,329.65669681957274,332.2904052734375,1816700
2025-03-13,330.2266452498709,334.76685146408346,325.9419583432989,327.5536193847656,2490300
2025-03-14,331.88743798553907,336.0836825338382,331.13074699862426,333.7742919921875,1936100
2025-03-17,333.87250314926877,338.41270853765616,333.1452929327548,336.7224426269531,1683800
2025-03-18,336.09351479469495,336.09351479469495,329.55836911623675,330.8948669433594,3310000
2025-03-19,331.1110961016899,336.0935426599014,330.85560678445563,332.77191162109375,2407200
2025-03-20,328.7918619830646,333.9118749965772,327.84841993797886,330.4428405761719,2782900
2025-03-21,325.4898452804172,330.1480037327067,323.52438618390585,329.9809265136719,6766100
2025-03-24,334.66854376149337,337.2236466468987,333.43032489428293,335.76922607421875,2277200
2025-03-25,337.6462318682864,338.8550001054402,334.94372539548147,336.70281982421875,1678000
2025-03-26,337.4300443404412,341.2725209404037,332.9389925513964,335.2189025878906,1703200
2025-03-27,335.18941258978595,336.093537054889,330.8162836838275,333.4401550292969,1481100
2025-03-28,331.17987524531895,332.40828724548703,322.38443332790445,323.9961242675781,1965200
2025-03-31,320.0062517978514,326.2465908993135,316.43893846941666,324.1042175292969,2837500
2025-04-01,321.3624164162076,326.47259234703125,318.296304859608,324.8609313964844,1955300
2025-04-02,320.4976272980718,330.5411255753791,320.46814660803244,328.88031005859375,1747600
2025-04-03,314.14917244835846,319.0923009482407,299.7325165702778,300.4794006347656,4638700
2025-04-04,280.07794228800276,289.20750887431745,276.6383886107817,283.104736328125,7216800
2025-04-07,271.2333564999304,289.26644978707077,262.683597396657,275.2232360839844,7824700
2025-04-08,284.88347096065235,286.7408141323816,263.636833843607,269.20892333984375,4989000
2025-04-09,266.08389040353114,296.6467586148459,264.48203627089566,295.81146240234375,6457300
2025-04-10,291.55622329673787,293.11875983029387,274.96774212388846,284.1661071777344,4116800
2025-04-11,283.9597357520831,290.3081607012067,279.23280867817857,288.38201904296875,3197900
2025-04-14,293.51186326926995,297.256060651659,290.60296205571535,292.9713439941406,2758400
2025-04-15,291.70360979917376,296.51900876270844,287.34031802887836,288.3623352050781,3611300
2025-04-16,287.65480397856265,290.62266688599084,282.6428764775453,285.12921142578125,3017200
2025-04-17,287.1241180180345,292.55861146080235,286.8587618343241,289.1681823730469,2717600
2025-04-21,285.70215179857246,287.3512253546487,278.91829779477763,281.1697082519531,2978300
2025-04-22,283.89516824075815,289.5533332250539,283.4014375133829,287.5191650390625,2231200
2025-04-23,297.56162991470046,301.5312140976315,291.4788637626677,292.06146240234375,2458300
2025-04-24,293.7006659653722,304.3454997028919,293.34519429104466,303.0124206542969,2874400
2025-04-25,301.2744954737504,304.12824340404836,300.09941393335356,302.6075744628906,2162400
2025-04-28,302.60756290351713,307.5251014674819,300.0401571956407,303.20989990234375,2189600
2025-04-29,301.17572248183563,304.7997190248387,299.1119318029877,303.5456237792969,2651000
2025-04-30,311.25770462059944,312.08716859417024,298.391083570514,305.3921813964844,5124800
2025-05-01,307.4757392813264,314.89158412841147,307.1202375028526,310.02337646484375,2961000
2025-05-02,314.48667938456146,320.59906712014134,314.48667938456146,319.6214599609375,3765200
2025-05-05,315.37544286139166,322.37654092878114,315.37544286139166,319.05865478515625,1829100
2025-05-06,317.5182447256282,320.0362897224278,315.8395781960297,316.8665466308594,1724200
2025-05-07,318.6932489097533,318.75249417669716,314.12129828937935,316.27398681640625,1555500
2025-05-08,320.80646218864985,324.7464235036554,318.85127778187876,320.1843566894531,2553400
2025-05-09,321.566823566611,323.6306144348368,319.25616732943575,321.5372009277344,1646200
2025-05-12,338.8078893405799,346.5989747768266,335.47029489681296,338.2549133300781,4592000
2025-05-13,344.55484759704126,350.87459358595703,343.705645384669,348.1195983886719,4132500
2025-05-14,347.30989421233687,348.0109833067842,344.4067555413345,345.2757263183594,2052200
2025-05-15,345.05850275809854,346.9346733298417,344.13028666161716,345.4238586425781,1580400
2025-05-16,347.1321764417236,349.77856566564867,343.87353585859546,349.1465759277344,2561700
2025-05-19,345.31531271058174,348.53441684033186,344.16985370759613,348.1493225097656,2277700
2025-05-20,346.44095857341074,348.04064124112506,343.13295681237156,345.1078796386719,2266000
2025-05-21,342.2936441060654,344.0513242437374,337.3661910851462,338.2154235839844,2093400
2025-05-22,337.71181200627416,343.01447511004676,336.31948776163546,340.86181640625,2174100
2025-05-23,333.3966238608459,340.6149648590403,332.0240379407437,339.08441162109375,1936600
2025-05-27,345.5621018104279,348.90958002303256,342.27383873144197,347.1025390625,2240100
2025-05-28,348.0702638781224,348.37637450540444,344.48577412679833,345.1078796386719,1924400
2025-05-29,347.78392163332006,348.66274662052575,344.3672834479684,347.3790588378906,2290300
2025-05-30,347.4185400936048,348.81086431982897,342.6688530474803,343.66619873046875,4867100
2025-06-02,342.12577674648065,342.12577674648065,335.24316909457616,340.3483581542969,2552700
2025-06-03,341.66161944579414,346.4409286565324,340.5951744710543,345.01898193359375,2614300
2025-06-04,345.90772893492,347.31982169077685,344.94989013671875,344.94989013671875,1616300
2025-06-05,346.59896345525175,347.102578429946,341.513543095359,344.58453369140625,1753300
2025-06-06,349.1367068075376,352.9581773016033,347.84313488667635,348.9194641113281,1608000
2025-06-09,350.7660208821479,355.940308697183,349.49218730675454,353.5802917480469,2147100
2025-06-10,354.93312222690423,355.84156982449844,351.6251205639735,354.07403564453125,1894300
2025-06-11,356.41433425452544,359.7223361026358,353.26432985286954,358.5867614746094,2551700
2025-06-12,355.3379534222075,357.460989181799,353.38276920739065,356.43402099609375,1571800
2025-06-13,352.75085555858516,355.86135301909025,351.24004078434376,352.5730895996094,1609600
2025-06-16,356.4735913995733,360.03831284880135,355.6836342759296,357.8955383300781,1579800
2025-06-17,356.1970815584005,357.8461553749599,352.55334653920454,353.1951904296875,1560100
2025-06-18,352.65209963626376,359.66308170330313,352.48421793649857,355.2886047363281,2000500
2025-06-20,358.3991268562593,359.6828146211133,354.6369013364938,355.99957275390625,6268300
2025-06-23,355.4071514375904,362.4971176774215,353.2446083716216,361.6380310058594,2927400
2025-06-24,365.2521056552391,369.4191637646201,363.3068055240931,368.34283447265625,3841800
2025-06-25,368.3230762685701,369.49815766263407,364.8768458683764,366.9208679199219,1737700
2025-06-26,369.31056566042093,377.53610590894266,368.3626111489127,377.0917663574219,2575100
2025-06-27,378.21744883488043,382.63140243123644,377.95084510950466,379.8862609863281,4455000
2025-06-30,381.46620610018346,384.2705928237997,379.985014019299,383.3423767089844,2791400
2025-07-01,381.7426776018293,388.9511634985385,379.4320216716016,386.0184020996094,2393600
2025-07-02,387.7760700587405,393.6415926746489,384.53719815424296,393.4342041015625,2713700
2025-07-03,393.9181357892993,397.3742508721599,392.60479518225037,392.87139892578125,1737800
2025-07-07,393.0689041742861,393.0689041742861,383.2239122673532,386.6010437011719,3012900
2025-07-08,387.50943665483334,390.9853197703618,386.61084324189517,389.34613037109375,2003600
2025-07-09,394.70806049591243,398.69741287328463,391.9036738179354,397.13720703125,3101000
2025-07-10,399.5861166999169,406.8340794506372,398.3814126378941,403.2100830078125,3382800
2025-07-11,400.3662142282586,401.77827671867567,396.6632341859511,400.830322265625,2072600
2025-07-14,398.93442454655144,401.6894504211761,397.1866286341185,400.6822204589844,2497500
2025-07-15,401.16608894000666,403.62485824983685,397.9666934250621,399.56640625,2167000
2025-07-16,399.9218633816563,407.89068403994065,398.2629354770489,407.70306396484375,3242100
2025-07-17,409.65819979232344,414.63501341704784,407.70304561237833,412.8279724121094,2444700
2025-07-18,413.4500968807582,414.63503247018974,406.9920909393542,408.52264404296875,2526600
2025-07-21,413.49788934908986,413.70600742397147,406.1837231214389,406.41168212890625,1833300
2025-07-22,406.71889588639976,414.78626105732553,406.71889588639976,413.4681396484375,2185000
2025-07-23,416.2530760061776,424.34028225516494,415.7079947904893,423.7753601074219,3254900
2025-07-24,423.2303152267733,426.3224763604633,420.71296651087914,425.68817138671875,2511400
2025-07-25,425.8566243639983,430.99040495606425,424.7961628579183,429.8804016113281,2218400
2025-07-28,427.40268081210286,432.50672996578027,427.27383574443274,429.0776062011719,2550300
2025-07-29,430.6732330151204,431.32734858052663,421.0102157792346,426.21337890625,2383700
2025-07-30,426.16383100353147,432.93288505780913,422.6256728686484,430.2470703125,3172600
2025-07-31,430.25702406423954,437.21438602497625,429.81102652706835,434.1123046875,4116400
2025-08-01,423.16088293994295,427.01616343911303,417.5315630605503,424.86553955078125,4027300
2025-08-04,427.0161509616799,432.9923845133677,426.153917338398,429.8308410644531,4059500
2025-08-05,423.8347949141057,435.81693262371715,422.76444323890615,430.3561096191406,4329900
2025-08-06,429.4740630732879,430.83183612525954,421.74366090021846,423.9042053222656,2630800
2025-08-07,423.0320288535796,423.5176477382776,406.3026155514068,413.39874267578125,4261100
2025-08-08,416.76842264300916,418.1361161493236,412.0509083872065,412.8041076660156,2965200
2025-08-11,413.2600007053319,414.5583113622573,403.1707967117958,404.8952941894531,3416000
2025-08-12,407.33334008691867,414.45919826134957,405.98548759124657,409.028076171875,2765100
2025-08-13,411.47602386123265,411.83282790038254,406.87743468394495,410.0092468261719,4403000
2025-08-14,405.64850261317133,415.49982737882766,403.3690336855586,413.7753601074219,3676000
2025-08-15,412.0112552099175,412.8437577224977,403.4681613060707,404.1520080566406,3107400
2025-08-18,403.36904169897355,409.4542795976416,401.84277199142224,408.958740234375,3185200
2025-08-19,415.5692042883594,418.11628378791653,410.36604115078353,412.3779296875,3543600
2025-08-20,411.09941466421867,418.1559201053598,408.37394835853775,416.8377685546875,4060200
2025-08-21,416.1836745393879,416.8278696504428,410.46516128326067,414.1618957519531,2504300
2025-08-22,417.8486700182532,433.93388797001467,416.3025896887122,431.78326416015625,3785100
2025-08-25,431.1192228556971,433.00226628577275,428.31448351839316,428.44329833984375,1857900
2025-08-26,427.5513634702117,428.3343241454859,423.4284722719269,427.4126281738281,2792200
2025-08-27,425.8962543217677,431.17869040646895,425.12321415704747,428.8100280761719,1970900
2025-08-28,431.030029296875,432.0904907358448,428.77037113228454,431.030029296875,1651700
2025-08-29,421.61480235609594,424.2808065353764,410.67328480688974,415.3016357421875,3673800
2025-09-02,410.2174249912014,413.4879728952311,406.8576533803183,412.33831787109375,2329500
2025-09-03,414.399721360706,414.399721360706,407.7000199985525,411.41656494140625,1496700
2025-09-04,412.10043908015535,417.0360219813352,410.5940103179587,416.4710998535156,1634600
2025-09-05,417.0855658503855,421.10934304317317,414.1817124530137,419.3055725097656,1843200
2025-09-08,418.8793946794801,420.1281634847258,413.06176771398384,419.00823974609375,1876700
2025-09-09,419.3848530127183,419.7713579658857,412.72480315025484,414.3600769042969,1710700
2025-09-10,416.07465549275634,422.6950537653031,415.75750305872134,419.1370849609375,2221000
2025-09-11,420.13811618397165,431.90221608414834,419.54346288607326,427.53155517578125,2737900
2025-09-12,425.2322125044124,428.7505296911868,423.9339018639754,427.6702575683594,2341800
2025-09-15,429.95965054227463,434.83577095701594,426.7683759820764,432.05084228515625,2255800
2025-09-16,432.2391418650219,436.86746228097826,430.40564029054644,436.7386474609375,2366300
2025-09-17,441.0300474828483,448.30456193998054,439.04788996607147,446.6395568847656,4512200
2025-09-18,446.9368388163036,463.5374069199572,444.8654879778833,462.7940979003906,4331900
2025-09-19,466.06468265394983,467.9080745320919,458.5820202653485,462.37786865234375,5069300
2025-09-22,463.14099955435273,469.01808917272103,455.50968122438695,467.8882751464844,3180000
2025-09-23,469.0379130057905,481.0101303368078,464.0131367618536,467.0557556152344,3856600
2025-09-24,468.48291963680003,472.26881733323603,464.449222016843,465.598876953125,2776700
2025-09-25,460.56419661230336,463.82485416260704,455.47995779473075,459.5830383300781,2979200
2025-09-26,461.32732705293466,464.27083202017843,458.2549770146327,461.6048278808594,2329000
2025-09-29,463.9041420421363,468.27480309144755,463.289678037778,467.40264892578125,2892100
2025-09-30,467.412554722472,473.1806403000155,466.04486120972217,472.8932189941406,2315300
2025-10-01,469.7812432602788,479.6127274244174,466.93685211552236,476.5304870605469,2964700
2025-10-02,482.51655771945536,491.5552208012501,479.8703945478238,486.1934814453125,2648600
2025-10-03,488.8496009666566,499.97942638889214,488.13602304585334,493.4085693359375,2996500
2025-10-06,495.9556164061983,501.0794763482754,488.64145076029416,490.9605712890625,2629200
2025-10-07,493.48779325456275,493.93379075270917,479.23607718806414,482.3678894042969,2135400
2025-10-08,486.6097309050626,504.93479699906175,484.97445706662853,497.64044189453125,3959400
2025-10-09,499.56312141040974,502.0110869813308,492.7048738219319,495.8961181640625,3113900
2025-10-10,498.6315193662882,506.936763855807,486.9169616699219,486.9169616699219,3889100
2025-10-13,497.67013546444247,501.86240902049065,491.0299266911117,500.2568664550781,2618400
2025-10-14,496.1141902137148,526.8178209532057,494.5582195537324,522.7642822265625,5459800
2025-10-15,529.4342695018062,533.6463541030148,522.5066388597335,529.2855834960938,3447100
2025-10-16,533.2598196514376,540.1279879992816,529.9298096326004,536.1339721679688,3463100
2025-10-17,532.5859067052197,537.3728340337814,522.2687429811429,522.3778076171875,2814700
2025-10-20,526.3435188393798,530.9553506408456,523.7394372326117,527.9536743164062,2170800
2025-10-21,521.8807498192268,530.1402727330866,518.8691248180469,521.4633178710938,2259100
2025-10-22,522.5367888942704,522.6063710062963,507.1110655683006,510.78857421875,4149000
2025-10-23,515.1817592483561,519.714060073985,509.89406484104944,517.3385620117188,2619400
2025-10-24,519.6842079273665,524.0276603137546,517.8554177985912,519.5549926757812,2392000
2025-10-27,523.8487544085407,526.2540386558354,518.2628944140288,523.86865234375,2493800
2025-10-28,522.7654247641187,527.0690813569698,518.5014427140171,521.284423828125,2775400
2025-10-29,554.7896577581906,592.5886960881123,554.6107583416834,581.9337768554688,6948500
2025-10-30,574.3799712094859,590.1635226054125,572.2728527206586,579.6080322265625,2574800
2025-10-31,580.4826832187915,583.4842987575205,567.8796470181617,573.7537841796875,2974800
2025-11-03,572.431921701316,572.7201384664689,561.9559611616494,567.1243896484375,2439400
2025-11-04,561.5683285978088,563.0592179657676,541.8886010736416,544.254150390625,3440700
2025-11-05,548.5876236673902,570.5235819577124,547.0172033013409,565.693115234375,2701300
2025-11-06,569.7184853735289,580.4429267692692,560.802936198976,566.3192749023438,2245800
2025-11-07,560.1270884857013,562.1447877568031,546.9874134609403,559.6798095703125,2320100
2025-11-10,566.5379384539784,570.692542722908,558.0995146559482,567.3827514648438,1829900
2025-11-11,565.2656485660478,566.9851820502381,556.8570721971415,564.48046875,1517400
2025-11-12,567.0348983741569,577.7395029848318,567.0348983741569,569.5396118164062,2645100
2025-11-13,569.2910340649148,573.3164223708467,541.3219409009232,550.187744140625,3458700
2025-11-14,545.6257647642421,554.9189507439277,537.7140901385312,550.6649780273438,2764500
2025-11-17,549.2336583411678,558.1789933722746,544.2441298334198,548.6968994140625,1941100
2025-11-18,540.0497611044922,548.2198657810277,534.7819645275937,543.558349609375,1918600
2025-11-19,546.6593924579079,557.5031002595834,544.3137412606447,549.75048828125,1880900
2025-11-20,562.5125520561364,565.4147996103806,537.7140809231862,542.8129272460938,3195000
2025-11-21,542.5047462372565,551.6190315051457,533.81784190874,547.0867309570312,2921600
2025-11-24,548.7764505760367,562.303770930973,547.3252965564551,556.2010498046875,4653500
2025-11-25,561.1608283641237,563.6953280792367,544.2242868369434,563.1685180664062,3105100
2025-11-26,563.1684898158576,571.388278613388,562.5821073505675,570.2452392578125,1995100
2025-11-28,570.3048733591917,573.8531970540906,568.9233620924339,572.262939453125,1019500
2025-12-01,566.9453823369956,572.0939731224682,563.5561208948657,564.6096801757812,1764500
2025-12-02,567.8598378257869,582.0033873672734,565.6036060782534,578.93212890625,2749500
2025-12-03,577.868658495653,589.636709541254,558.7952142203117,587.8973388671875,2545700
2025-12-04,586.5953153381445,599.0591271524567,583.4346375287093,595.5108642578125,2313600
2025-12-05,600.3313843678878,603.3131627670662,594.109397068626,599.5064086914062,2177300
2025-12-08,600.9873638802582,601.1762122768168,588.3347033041421,592.876953125,1822500
2025-12-09,589.4478372188383,596.3456864955986,588.632810570641,590.7498779296875,1755300
2025-12-10,596.4849595323061,613.4810739781636,595.0537033194854,611.6124877929688,2797900
2025-12-11,606.7421664404887,623.0027819809063,600.5897617939688,621.81005859375,2779500
2025-12-12,622.1977955926144,623.6886848791781,592.161375218241,594.258544921875,4581100
2025-12-15,598.8703742952125,600.480529864253,584.3192803647931,586.1779174804688,3968600
2025-12-16,587.112235145173,595.0238490965977,582.7190982024641,585.3529663085938,2319400
2025-12-17,584.0210867590089,587.4103482009461,554.0740873351356,558.4771728515625,3753300
2025-12-18,565.0470153417933,571.1695737233289,558.4970153317583,562.3932495117188,2193000
2025-12-19,569.2116256967963,578.196697144301,566.8659743097338,572.7201538085938,5355600
2025-12-22,580.9398809195987,582.2319727710629,572.1933430045676,578.8724975585938,2387700
2025-12-23,576.9741250836139,585.1342805437183,576.9741250836139,578.8824462890625,1731000
2025-12-24,579.1210002741107,583.5638818359926,577.4711095107192,580.21435546875,947000
2025-12-26,579.6676696625764,580.2838989989081,575.1353690180908,579.4589233398438,954400
2025-12-29,576.5666941638784,580.4230721297454,571.1497840708116,575.0956420898438,2585700
2025-12-30,576.4870770896953,577.4511562712479,572.0144097163305,573.8829956054688,1216700
2025-12-31,573.793588759173,575.4236423026385,568.5754761579547,569.3905029296875,1163900
2026-01-02,574.081899134881,595.9681142780522,571.8157181276375,594.775390625,2761600
2026-01-05,604.1878056556369,617.9735558810016,602.5378543489936,612.3578491210938,3444800
2026-01-06,612.25857809417,622.9631833608089,605.2017258916547,619.3055419921875,2706800
2026-01-07,619.2159958106629,621.2038481246618,592.161354936068,592.8968505859375,3312400
2026-01-08,592.8968717959257,605.8775454441251,590.5611088447556,604.4363403320312,2075400
2026-01-09,606.265093173736,615.3893884435275,604.5058851731994,613.86865234375,1822000
2026-01-12,610.9167268545718,627.147497059322,609.2369892496407,625.9448852539062,1856800
2026-01-13,629.3540881301068,640.6749222183288,629.1552907552737,632.6638793945312,1959100
2026-01-14,630.2485802245001,635.844389593158,619.2856057653921,634.870361328125,2105700
2026-01-15,641.0227605445657,648.397675901431,640.1282027061995,643.2491455078125,2052800
2026-01-16,648.0100389444793,651.6975270053068,637.116646559735,642.9609375,2554900
2026-01-20,639.5935440912535,641.6856481839558,622.7768117746247,626.6422729492188,2659000
2026-01-21,631.2948080123786,644.7741229203464,624.9686339367224,642.9609375,2490700
2026-01-22,646.6769415903204,653.3219843660706,638.4977538571923,645.9795532226562,1565700
2026-01-23,641.7056451196811,644.076729048593,621.2326846870689,624.271240234375,2267800
2026-01-26,625.6460803540638,636.604849277463,616.9388500475836,633.536376953125,2532900
2026-01-27,637.6010778091998,641.7156021289474,630.8564344499586,636.51513671875,1827500
2026-01-28,635.578619912044,644.853780913422,626.6223275337533,640.8687744140625,2720700
2026-01-29,652.7141982149842,677.4411722872061,640.3208248445067,662.7464599609375,4441900
2026-01-30,653.1923837441966,675.2892368637702,647.8723734626461,654.8959350585938,3300100
2026-02-02,657.3467611470082,688.7884603174838,654.965705145667,688.3201904296875,4450000
2026-02-03,691.7573149167657,707.3686228160087,688.8084488046916,700.25537109375,3524700
2026-02-04,704.3499613887487,720.4493623228277,672.4699065592722,689.2268676757812,7146700
2026-02-05,678.9853294346018,683.9267595218794,662.5770939030525,675.7674560546875,2792800
2026-02-06,689.9740181805553,724.673480459647,687.9317144426263,723.4779663085938,3359700
2026-02-09,721.784307931297,740.7130889536498,718.9051261191041,739.3382568359375,2496800
2026-02-10,739.9659218045892,749.181249676272,734.9049463368419,739.5873413085938,4008700
2026-02-11,755.8361974505888,772.6329857410683,753.2658511578556,772.0950317382812,3926300
2026-02-12,773.7786862769942,786.8495028882893,753.1762097231763,755.4476318359375,4893400
2026-02-13,762.1325073851986,781.0612886143734,744.6183864642087,771.2980346679688,3232800
2026-02-17,762.1325232876301,771.5171969407592,747.1887483212059,761.8934326171875,3450300
2026-02-18,762.2420671138931,769.8036437114121,747.5673001182851,749.1513061523438,2563700
2026-02-19,749.1812048995693,759.1437209221699,741.3606541443767,757.6792602539062,2908000
2026-02-20,752.1699888653055,769.0763500239998,749.290807029629,756.8922119140625,2095100
2026-02-23,756.1052059025391,765.1013267300037,749.9583502155189,753.6344604492188,2289600
2026-02-24,752.1700126641815,771.0390217717472,748.8724220607829,765.3504028320312,2615300
2026-02-25,769.6043869103986,774.6852459189079,753.903451436773,763.7364501953125,2606500
2026-02-26,767.7215109133087,767.7215109133087,725.6697654097186,750.1077880859375,3350900
2026-02-27,742.426588373545,748.6731053653391,728.2997479783403,740.0455932617188,3441900
2026-03-02,730.7406251292482,752.8972524631026,722.3422308774508,749.5000610351562,2473100
2026-03-03,725.5402218752246,728.927441063359,703.9514044442288,719.4730224609375,3332700
2026-03-04,734.3271829401724,743.213730965023,728.1006098946033,729.226318359375,2823700
2026-03-05,717.3011549118872,725.3409126532893,690.9802045588214,703.433349609375,3713200
2026-03-06,679.9118399139131,693.7199341079731,672.539614127826,678.3477783203125,3564400
2026-03-09,662.7264984623016,705.9738169690279,660.3653868983685,702.1781005859375,3584400
2026-03-10,710.1082465419832,728.0506868288134,707.6176175352949,713.9935913085938,3089100
2026-03-11,710.8255647405732,717.7196092536873,700.9925656471443,704.937744140625,1947500
2026-03-12,690.4024207095666,701.1320708617518,677.2120580717838,698.0635986328125,3231800
2026-03-13,701.6999129217173,704.2801706399919,684.6042005803665,691.388671875,2042200
2026-03-16,702.7259948828996,707.338644712223,691.9963455607045,697.156982421875,2145500
2026-03-17,704.7085465487422,706.3424138343572,692.3052014506017,699.36865234375,1824900
2026-03-18,698.681258364083,709.1718176679043,690.1035460530255,691.0200805664062,1796200
2026-03-19,673.9542714263839,690.8905495378739,666.4923562698121,686.0687255859375,2240200
2026-03-20,684.0563282905971,691.4584713266976,667.9270103954749,678.327880859375,5131100
2026-03-23,696.3799324899169,709.3312044818609,691.956572546567,699.06982421875,2981000
2026-03-24,691.1994047329505,718.4469247164266,690.4323322862327,713.94384765625,2098300
2026-03-25,724.5240357978876,726.6161400077198,714.3124560564942,716.3447875976562,1591500
2026-03-26,707.408415425701,715.2787669658998,693.8195283451223,700.55419921875,2428700
2026-03-27,691.8668284864045,705.704777984371,689.7348962474484,692.7933959960938,2059800
2026-03-30,699.5779479871221,700.3549927158422,662.0790183421327,664.9282836914062,2610000
2026-03-31,677.4511004135376,706.2328242584599,669.481087467496,705.804443359375,3002200
2026-04-01,719.2936984243867,737.2362005476217,717.0421599440658,727.58251953125,2435800
2026-04-02,702.9252603277583,732.6533745115805,702.805714998292,714.5315551757812,1764300
2026-04-06,714.0533667936859,719.861530686015,701.6301384462996,718.5364990234375,1246500
2026-04-07,716.8927521560001,723.0096910790843,706.2726755068721,721.7245483398438,1549100
2026-04-08,761.753932826917,771.497303164643,750.2770943447797,768.6878662109375,3014000
2026-04-09,770.1025436678556,792.5381508146413,770.0925714220997,784.1198120117188,2801900
2026-04-10,787.7062613078457,794.8593407330197,783.2928738722721,787.6962890625,1872000
2026-04-13,785.464738448129,795.5468006613135,782.3863547852659,788.7623291015625,1820100
2026-04-14,793.0163286045207,795.0088319427231,779.1086334135731,791.2728881835938,1866300
2026-04-15,784.1496757954905,787.0089132627536,753.8138606766557,767.2831420898438,2764700
2026-04-16,765.1212272185556,769.9131949723961,751.6220302277318,769.7637329101562,2005100
2026-04-17,777.5843739948707,798.7646935012053,773.0912693883489,791.67138671875,2818800
2026-04-20,789.4355185739555,798.1493337790997,785.3730476630781,796.921630859375,1454100
2026-04-21,803.3896242170772,818.6812637814107,796.3127258265731,798.9678344726562,2293500
2026-04-22,810.9955368131328,816.3356061328308,803.9885158799823,807.3722534179688,1628400
2026-04-23,815.5969859008802,843.7048776309479,813.9500776721137,833.6934204101562,2601800
2026-04-24,837.705996175505,837.9455420325936,825.1193600701589,829.2516479492188,2253900
2026-04-27,828.2235455919534,834.4719637158767,815.2076527314963,827.2553100585938,1986700
2026-04-28,812.8420891130871,823.4723934703793,803.5094263559458,816.3555908203125,1875600
2026-04-29,821.4062042924049,821.6857150696084,807.6017957228132,808.550048828125,2566300
2026-04-30,855.0438055268626,895.3190661192531,849.2245837270511,888.4617919921875,5203300
2026-05-01,895.1793501989104,903.3242135395597,877.9513007544701,888.0225830078125,2376500
2026-05-04,885.6370712947719,891.1867735213634,867.9798250634782,873.1602172851562,2669900
2026-05-05,886.4555216632989,907.2170559966296,886.4555216632989,902.9150390625,2581100
2026-05-06,911.8084983025743,928.8169238923074,903.6735650545003,925.213623046875,3010600
2026-05-07,928.2380574406951,929.6254373403041,885.2378096524474,894.031494140625,2957300
2026-05-08,909.3131053486029,913.0761439514413,892.1948375585309,895.7882080078125,2030300
2026-05-11,901.9367819677409,927.2797822414883,893.4026260809471,925.0738525390625,2811700
2026-05-12,910.3112944144943,913.3955996190748,892.853689535601,910.4510498046875,2348900
2026-05-13,910.8103364117429,921.2809024767588,895.7183387797106,900.6292114257812,1957100
2026-05-14,908.3149449183267,918.6457553625539,900.8288327349338,918.5159912109375,2095600
2026-05-15,897.0858323763846,898.0639982673679,878.5701926102348,886.6651611328125,2907900
2026-05-18,891.6658929816624,891.6658929816624,849.2545792592714,862.3502807617188,2720500
2026-05-19,859.9946480464719,868.2492933238366,843.9843098133897,858.5573120117188,3239700
2026-05-20,869.6067293796847,876.1346582270527,855.4729763111202,870.9442749023438,2415600
2026-05-21,863.2985140562439,871.0540851449379,857.0101308463039,864.3465576171875,1860700
2026-05-22,876.3742272364863,892.1849234720975,859.4655922148785,878.2607421875,1987600
2026-05-26,883.311398971316,907.8758153673763,876.3942381815907,906.86767578125,2255700
2026-05-27,903.5039125438832,909.9818855620404,888.1823598012618,908.2451171875,2463400
2026-05-28,896.8961560274821,903.3242336741595,878.8396260315028,886.0263061523438,2750600
2026-05-29,885.048141137427,889.1605073645437,864.5861004655337,874.2481689453125,5195400
2026-06-01,858.5672458630542,872.1520910164453,851.7898405937815,863.7576293945312,2675000
2026-06-02,875.0466557908541,910.2713483962286,871.5032414993966,908.1253051757812,2822600
2026-06-03,912.7367838017946,934.9755581708781,910.7005831099782,924.4650268554688,2511200
2026-06-04,912.297585778242,945.0768038629545,901.3279453383334,938.738525390625,3077000
2026-06-05,928.2080586400859,932.3005032997836,899.8307092518731,902.6055908203125,2780500
2026-06-08,915.3019861022437,925.6228662736298,901.0683816744204,913.9445190429688,2550600
2026-06-09,925.772581787675,936.4427898370324,875.3660912890945,913.0062866210938,3007300
2026-06-10,900.0702638605761,904.3223854868979,853.1473011972071,854.5746459960938,3611200
2026-06-11,870.7846324915096,898.9823229769119,868.4190258095142,895.9678955078125,3463300
2026-06-12,903.5637635987888,917.2783115881767,897.5349697570279,908.8839111328125,2097200
2026-06-15,933.2687096416439,944.3481319861804,926.7807453500175,932.20068359375,2449600
2026-06-16,941.0542418876219,959.5499598531543,937.4309585430387,943.7093505859375,2834400
2026-06-17,955.2079371009456,973.8334184263562,951.2353263767437,954.14990234375,2743900
2026-06-18,977.1871891305391,992.648496604276,974.5221502183816,983.9945678710938,6175000
2026-06-22,997.4296738000802,1021.3951635807964,997.1501630302782,1020.3870849609375,4033500
2026-06-23,983.4256200069108,992.7582823135842,970.8489757007219,982.41748046875,4286900
2026-06-24,979.7923306630531,1003.0092696913831,968.2537388400114,992.6085815429688,3526000
2026-06-25,1022.7426790826507,1055.1125599134125,1013.120514940133,1055.052734375,4642100
2026-06-26,1029.9393303113325,1029.9393303113325,987.8075282770787,995.6229858398438,13948500
2026-06-29,996.5612868546871,1037.1459727555814,990.2729643108368,1031.27685546875,3146900
2026-06-30,1043.0650457416903,1071.4723093369823,1035.2894309559908,1062.92822265625,3287500
2026-07-01,1032.0055753443496,1039.3319500420437,983.22600993022,989.57421875,3914100
2026-07-02,999.4260109246698,999.4260109246698,947.023222455603,961.7459106445312,3568600
2026-07-06,977.2770876034715,989.1650075586006,961.5362687449162,968.1240234375,2441700
2026-07-07,944.7474027012789,948.2409218871791,907.8458878574123,938.3792114257812,3810200
2026-07-08,935.774027986887,953.2316321090701,923.5467112399381,946.324462890625,2741500
2026-07-09,973.2744686198736,981.3394630795779,932.6498203250138,936.6524047851562,3521200
2026-07-10,928.9566796429589,956.2161080745815,926.7807235961147,950.6464233398438,1959400
2026-07-13,937.4708973262046,944.9969136609404,922.6683408124034,929.7451782226562,1991000
2026-07-14,956.2260654912558,962.8437935531342,923.786245941709,931.6117553710938,2028600
2026-07-15,936.8420650237014,936.8420650237014,888.7512863907219,912.6069946289062,2703600
2026-07-16,890.1187789179534,900.329817104665,867.2711484279856,875.5457763671875,3586600
2026-07-17,840.171358288863,891.536092302809,836.7776905848835,878.6500244140625,3377200
2026-07-20,890.0,894.3699951171875,861.27001953125,864.2999877929688,2770000
2026-07-21,887.489990234375,898.0,876.010009765625,889.969970703125,3219600
2026-07-22,877.2899780273438,902.5700073242188,872.9400024414062,889.3099975585938,1976900
2026-07-23,886.5599975585938,909.5999755859375,881.9500122070312,894.5399780273438,2677100
2026-07-24,895.0,902.8200073242188,881.1900024414062,888.72998046875,1982100
2026-07-27,887.5,894.02001953125,839.5800170898438,873.280029296875,3150000
2026-07-28,855.760009765625,855.8200073242188,824.0,840.8499755859375,3808600
2026-07-29,810.22998046875,822.7999877929688,776.0,782.7100219726562,5966400
2026-07-30,810.75,822.760009765625,801.6799926757812,809.1400146484375,3505200
2026-07-31,843.3900146484375,845.0,807.3099975585938,814.8099975585938,2423600
2026-08-03,811.5800170898438,835.3400268554688,804.5700073242188,830.030029296875,3314300
2026-08-04,922.0,935.0,866.8499755859375,876.5399780273438,6230100
2026-08-05,874.9000244140625,905.719970703125,870.0,871.0800170898438,3363200
2026-08-06,862.0,879.3300170898438,856.9600219726562,856.9600219726562,2896500
2026-08-07,865.6300048828125,868.0,836.010009765625,842.1900024414062,2443800
2026-08-10,849.0399780273438,854.9299926757812,835.8599853515625,837.5800170898438,1900900
2026-08-11,850.0,864.25,842.1099853515625,843.3699951171875,2173800
2026-08-12,866.0,871.2000122070312,855.25,855.5999755859375,3148500
2026-08-13,858.5,864.1099853515625,848.3699951171875,854.5999755859375,2523500
2026-08-14,854.0,870.989990234375,850.0,856.5700073242188,1894900
2026-08-17,864.030029296875,887.9099731445312,859.6199951171875,881.6500244140625,2140600
2026-08-18,862.1900024414062,863.9199829101562,834.8099975585938,840.8699951171875,2685700
2026-08-19,845.0,848.9400024414062,805.6799926757812,816.1500244140625,4143900
2026-08-20,811.5399780273438,818.9299926757812,801.0,815.3900146484375,2937800
2026-08-21,829.52001953125,832.0,812.3400268554688,827.9000244140625,2465200
2026-08-24,822.989990234375,825.969970703125,804.489990234375,811.02001953125,2536200
2026-08-25,833.5700073242188,834.4500122070312,804.75,811.2899780273438,1655500
2026-08-26,816.2000122070312,824.6199951171875,812.260009765625,821.9299926757812,1848200
2026-08-27,827.4199829101562,832.989990234375,807.3099975585938,817.0,1835400
2026-08-28,819.010009765625,821.22998046875,799.1699829101562,800.25,1787500
2026-08-31,800.0,802.9000244140625,789.0499877929688,797.469970703125,3071400
2026-09-01,788.8800048828125,790.219970703125,774.5499877929688,779.1599731445312,2946600
2026-09-02,778.510009765625,793.9400024414062,771.3900146484375,792.280029296875,2507600
2026-09-03,796.9000244140625,803.9199829101562,781.489990234375,800.1400146484375,2351900
2026-09-04,802.3800048828125,821.0,801.0,813.9400024414062,2149500
2026-09-08,823.3400268554688,830.5,817.0900268554688,822.47998046875,2443200
2026-09-09,815.6799926757812,827.9600219726562,813.5,815.5599975585938,1929000
2026-09-10,809.75,811.9500122070312,797.5,805.0,1781900
2026-09-11,817.75,826.0,813.510009765625,818.5700073242188,1824600
2026-09-14,783.0499877929688,794.5599975585938,772.8599853515625,784.0,2428000
2026-09-15,789.489990234375,791.2000122070312,776.5,783.5399780273438,2261600
2026-09-16,797.0,798.3900146484375,774.47998046875,782.719970703125,2645300
2026-09-17,813.9500122070312,813.9500122070312,795.0,798.5700073242188,2429600
2026-09-18,800.7899780273438,809.489990234375,799.5700073242188,808.989990234375,4786800
2026-09-21,827.0,827.8099975585938,805.239990234375,816.5,1867300
2026-09-22,806.0599975585938,812.4600219726562,802.6099853515625,808.010009765625,2062600
2026-09-23,803.969970703125,816.760009765625,798.530029296875,812.02001953125,2788700
2026-09-24,798.8699951171875,809.1400146484375,794.2000122070312,805.25,2197800
2026-09-25,816.3400268554688,823.0,809.0499877929688,821.5800170898438,1978200
2026-09-28,821.0499877929688,827.5700073242188,808.2000122070312,819.9500122070312,2174700
2026-09-29,826.530029296875,829.739990234375,815.5,826.6400146484375,2313400
2026-09-30,828.5,831.9500122070312,810.0700073242188,810.7899780273438,1959800
2026-10-01,810.5800170898438,833.6199951171875,802.4400024414062,826.3499755859375,2153800
2026-10-02,840.7999877929688,858.8699951171875,836.4600219726562,845.4199829101562,2385400
2026-10-05,843.1699829101562,857.8499755859375,821.77001953125,848.1400146484375,2300100
2026-10-06,853.0,876.9500122070312,851.469970703125,863.4400024414062,1971400
2026-10-07,846.0,846.0,806.2899780273438,813.8300170898438,3338000
2026-10-08,808.7000122070312,821.9099731445312,788.8900146484375,796.1799926757812,2789300
2026-10-09,796.219970703125,804.3099975585938,791.1900024414062,800.469970703125,1823500
