Date,Open,High,Low,Close,Volume
2015-01-02,43.37209416717457,43.450289183927005,42.32080818642727,42.72916030883789,8637300
2015-01-05,42.97243377808584,42.989810817363846,41.53886283812993,42.016719818115234,10556500
2015-01-06,42.181789869704986,42.34687005887235,40.183477077887034,41.0262451171875,12880400
2015-01-07,41.25214678705484,41.34771884620896,40.40937860832998,40.809043884277344,10516200
2015-01-08,41.252141029632554,41.98196000801404,41.060996938001644,41.86901092529297,10499300
2015-01-09,41.99066137400298,42.13836125556591,40.65265900467528,40.73085403442383,8860800
2015-01-12,40.591831072512846,40.8090390670116,39.575295934806576,40.018402099609375,11573400
2015-01-13,40.55707957385559,41.48672958420864,39.931519449382066,40.49626159667969,12499100
2015-01-14,39.82725151067571,40.10527743316001,38.63695282289416,39.36677169799805,13115700
2015-01-15,39.17563465984333,39.757750503723166,39.01924463610496,39.1408805847168,8532400
2015-01-16,39.09744379500463,39.87939399663727,38.75859981240761,39.82726287841797,13020100
2015-01-20,40.843782386369654,42.82472118905834,40.75690053013057,42.720458984375,21172700
2015-01-21,42.372939302372636,43.09406817746175,41.87770530105097,42.72916030883789,14918700
2015-01-22,43.380773267262725,44.14534620092038,42.72914939881515,44.049774169921875,16033200
2015-01-23,43.745689126531786,44.36256235487931,43.493730369730066,43.92814636230469,8613600
2015-01-26,43.641442415824315,44.16274374123666,43.39817045256437,43.571937561035156,9386200
2015-01-27,42.82473236423878,43.35472044285735,42.49457525858059,42.72916030883789,9786600
2015-01-28,43.00719345175636,43.36341451747036,41.94721711821781,42.103607177734375,9575400
2015-01-29,42.28605557639859,43.745693730203946,41.877706754150054,43.62405776977539,9764600
2015-01-30,42.85947565694502,43.26782436227295,40.84378276723249,41.104434967041016,17133900
2015-02-02,40.921989104798435,40.97412022207304,38.93236618662196,40.40937805175781,20909800
2015-02-03,39.09744143328487,40.166104434741584,39.03662345620181,39.97496032714844,17599000
2015-02-04,40.444129199471625,41.226079330276114,40.33987028680806,40.800350189208984,12204300
2015-02-05,40.77428392385623,40.817724858751305,39.33202301075595,40.08790588378906,11306700
2015-02-06,39.9402155453216,40.557085584864865,39.34940941005063,39.540550231933594,10884000
2015-02-09,38.663031705068384,38.99318885887735,37.97665349284216,38.619590759277344,14027000
2015-02-10,39.21038470996005,39.74037270107698,38.871540798086784,39.37546157836914,11276400
2015-02-11,39.72299224802433,39.90544613651684,38.92366524258557,39.080055236816406,9619100
2015-02-12,38.532703930470554,39.010564257040926,37.99402893381945,38.932369232177734,15764800
2015-02-13,38.29810948731911,38.68908116782838,37.66385932106216,38.66301727294922,16355700
2015-02-17,38.90629686847481,39.375466955600146,38.76728387758558,38.888919830322266,12153500
2015-02-18,39.30681638991061,39.567990576615635,38.87152497173224,39.411285400390625,9889600
2015-02-19,40.79549191788754,41.25689952855069,39.90749746869952,39.977142333984375,14676200
2015-02-20,39.811742457424785,41.33526202877631,39.62021322001768,41.300437927246094,13624800
2015-02-23,41.76184703916293,42.02302114654613,40.79549985293703,41.08279037475586,12104600
2015-02-24,40.83031965826651,42.0230167265059,40.39502841807607,41.8140754699707,12044300
2015-02-25,41.7270110374768,41.79665589644339,40.569134952959224,40.778076171875,10815800
2015-02-26,41.09149006761688,41.248195165768195,39.672439821472544,39.977142333984375,14477500
2015-02-27,39.87267185423799,39.93361235441522,38.74091543822191,38.75832748413086,15235200
2015-03-02,38.75832236536172,39.620196937474574,38.75832236536172,39.51572799682617,11247500
2015-03-03,38.81056277789664,39.88137867044991,38.540681053689,39.85525894165039,12972500
2015-03-04,39.48962236856346,39.611503386082326,39.00209497747933,39.306800842285156,10364100
2015-03-05,39.58538365220006,39.58538365220006,38.3491548903723,38.6451530456543,12145300
2015-03-06,38.57551240073566,38.93245109872629,37.98351602538406,38.11410140991211,7527200
2015-03-09,38.192448655259724,38.93244568199669,38.13150815342363,38.801856994628906,8415200
2015-03-10,38.61904325140411,38.64515966572366,37.67010811935621,37.80069351196289,9909400
2015-03-11,37.83552770360745,38.64516997355893,37.81811564908045,38.323055267333984,8603500
2015-03-12,38.418801453790934,39.524441477631754,38.366565315299475,39.4635009765625,9284900
2015-03-13,39.56797132993425,40.36890555570666,39.4635023702701,39.61149978637695,10039200
2015-03-16,40.177380384277356,40.47337854266476,40.01196759749685,40.18608474731445,8517000
2015-03-17,40.482078405641396,40.87384111892986,40.22090437045177,40.612667083740234,11583500
2015-03-18,40.69973994940551,40.72585636686396,39.53315903512763,39.88139343261719,19021400
2015-03-19,40.36020037113758,41.22207508258473,40.351492687421306,41.14372253417969,16818100
2015-03-20,40.751971256704564,41.46584869771336,40.751971256704564,41.283023834228516,21270700
2015-03-23,41.28301716131903,41.43101790107382,40.534319062529846,40.55173110961914,10793900
2015-03-24,40.34279591235798,40.42114847549951,40.06420975919006,40.072914123535156,9517400
2015-03-25,39.968436446233106,40.02067258395995,38.63644648377641,38.75832748413086,10383800
2015-03-26,37.55692955014368,38.61033360703345,37.08681419018983,38.38398361206055,15909700
2015-03-27,38.636455539448505,39.36774503398412,38.58421938947848,39.071746826171875,7983200
2015-03-30,39.47221663850577,39.95974410762825,39.47221663850577,39.66374588012695,8325800
2015-03-31,39.68114373958298,39.71596450841682,38.88020627826086,39.141380310058594,9679100
2015-04-01,38.018350108318764,38.29693966570349,37.36541299412589,37.66141128540039,19301700
2015-04-02,37.35669646212024,37.757163631372265,36.78211212158203,36.78211212158203,15554800
2015-04-06,36.050823405158134,36.48611468187872,35.711296740677504,36.355525970458984,18500400
2015-04-07,36.564459223597325,36.95622195090893,36.22493263359666,36.25104904174805,9166300
2015-04-08,36.51223434387929,37.69622725324844,36.486117927675586,37.687522888183594,14039100
2015-04-09,37.80068875294548,38.27951176191412,37.22610446319164,37.55692672729492,9704800
2015-04-10,37.53952741893047,37.89646621519522,37.46988252554229,37.635292053222656,8160300
2015-04-13,37.504690807409595,38.192448368831606,37.42633825977819,37.4959831237793,10223200
2015-04-14,37.48727621786842,37.60044952931811,36.95622046672993,37.50468826293945,10244200
2015-04-15,38.72351749107101,39.4722191327079,38.13152099866088,38.47975540161133,22814900
2015-04-16,38.47974621652688,39.52444585499987,38.44492212034243,39.16750717163086,13257600
2015-04-17,38.93246055649158,39.37645628535967,38.810579506253646,38.967281341552734,9581400
2015-04-20,39.298093256137534,39.89008961786385,38.96727097846491,39.811737060546875,8819100
2015-04-21,39.959741641832586,40.38632524510852,39.663743432596455,40.247032165527344,9400600
2015-04-22,40.351488887672815,40.586546510753436,39.759492649027095,40.50819396972656,9691300
2015-04-23,40.281853323415305,40.85643764984511,40.15126461790496,40.421146392822266,10077000
2015-04-24,40.71714565785836,41.24820153683995,40.6387930966806,40.899967193603516,10280600
2015-04-27,40.95219660163061,41.00442941981362,40.334083899071025,40.43855285644531,10000200
2015-04-28,40.299261670559794,40.4385547271721,39.315502590168144,40.220909118652344,8684600
2015-04-29,39.90750072753667,40.04679379048933,38.531978824996614,39.202327728271484,11460600
2015-04-30,38.96727721367504,39.80303906579042,38.61904615288539,38.86280822753906,9256600
2015-05-01,39.010810954036884,40.072919561747796,38.89763427613816,39.75080490112305,11469900
2015-05-04,39.9684290146132,40.482072649893006,39.280668273626965,39.42866897583008,9653100
2015-05-05,38.63644602839618,39.17620616117903,38.20115484882753,38.21856689453125,11350400
2015-05-06,37.98303506558624,38.61113993798874,37.37237468511794,38.436668395996094,12783300
2015-05-07,38.61986661666381,40.10289806084883,38.61986661666381,39.57075119018555,15678600
2015-05-08,39.78011167710977,40.50418112089055,39.78011167710977,40.27736282348633,9936500
2015-05-11,40.163967197073354,41.29804898845557,40.041835772624275,40.835693359375,12461400
2015-05-12,40.40823514412812,40.47802643995103,40.08545872052753,40.216312408447266,7549200
2015-05-13,41.34166378298574,41.85636283878541,40.52163618892842,40.80951690673828,16830900
2015-05-14,41.298036494420096,41.6818784733967,40.888021126814344,41.350379943847656,8820200
2015-05-15,41.72550380631211,41.821461814676134,40.97526426278451,41.001434326171875,9614900
2015-05-18,40.992708770337195,41.51612996279831,40.88802186958035,41.3242073059082,7940000
2015-05-19,41.61209381748691,41.76039527748289,40.22502391264298,40.312259674072266,12749000
2015-05-20,40.00693461855795,40.06800032237129,37.65153225145477,38.05282211303711,37638100
2015-05-21,37.94812513078962,38.51516741215185,37.2415036717147,38.16621780395508,16267300
2015-05-22,38.366875771771426,38.38432359092523,37.6253617608065,37.66897964477539,10619900
2015-05-26,37.878346386174655,37.92196759747639,36.395318381189334,36.508724212646484,18594400
2015-05-27,36.665743315030575,37.6166276112209,36.665743315030575,37.1019287109375,12382900
2015-05-28,37.19789394245692,37.62535713964587,36.787878562278834,36.857669830322266,10886600
2015-05-29,36.805323632532705,37.677694450986166,36.543613052562776,37.44215393066406,12538000
2015-06-01,37.69515282481849,39.07350070139833,37.45961223852328,38.68965530395508,17682300
2015-06-02,37.50322532403418,38.0528165784186,37.398538423153624,37.69514465332031,18431500
2015-06-03,37.96559542371853,38.1836882260185,37.46834410070117,37.72133255004883,9886600
2015-06-04,37.860894852012635,38.48027733443526,37.02341633714607,37.44215393066406,13390400
2015-06-05,37.3636436292033,37.64280202396659,36.88383701836274,37.42470932006836,9897200
2015-06-08,36.962342256534434,37.18043491164611,35.46186705229038,35.549102783203125,18359700
2015-06-09,34.98207678697018,35.89806902589382,33.99629992431908,35.52294921875,29310500
2015-06-10,35.43570046939794,36.2557311397589,35.19143771371449,35.81954574584961,11590200
2015-06-11,36.05509030823887,36.45638011703599,35.5403913524927,35.59273147583008,9259100
2015-06-12,35.5404006277201,36.255744674553185,35.400821382675396,35.889347076416016,7838300
2015-06-15,35.69741248221065,35.941678575591936,35.35718839367058,35.5054931640625,9649400
2015-06-16,35.461873473987836,35.77592415884221,34.92972676669753,35.39208221435547,8314900
2015-06-17,35.2612296074264,35.836997586784236,35.09548033713998,35.59273147583008,7057900
2015-06-18,35.479327724407135,36.14233156204093,35.2961306092049,36.072540283203125,7198400
2015-06-19,36.630859375,37.34620332136742,36.49128014955834,36.630859375,11189300
2015-06-22,37.26768866883714,37.58174274851426,36.95363458916002,37.45088577270508,10407000
2015-06-23,37.84344438921472,38.13132500869567,37.51194256959787,37.599178314208984,7789400
2015-06-24,37.48577965973275,37.625358874424315,37.07576426065024,37.2153434753418,7413400
2015-06-25,37.49450006603548,37.84344974956775,37.13682813793876,37.16299819946289,6208700
2015-06-26,37.320031767613514,37.42471868772651,36.69192688609253,36.94491195678711,15144800
2015-06-29,36.43893344648416,37.0321459337319,35.83699871434936,35.871891021728516,7881500
2015-06-30,36.36041919202708,36.491276157489324,35.79337677879852,35.836997985839844,10416400
2015-07-01,36.421495245742946,36.473838712379035,33.856725281547206,35.13038635253906,30993500
2015-07-02,35.095485172521514,35.793381311764826,34.67674748897553,34.894840240478516,11310800
2015-07-06,34.79014698814655,35.58400425000029,34.79014698814655,35.313568115234375,9714600
2015-07-07,35.47934408294488,36.02893900978583,34.859961172920165,35.92425537109375,9136400
2015-07-08,35.29613647686856,35.66253409601466,34.90356878772342,35.043148040771484,8642700
2015-07-09,35.40080717488823,35.84571479996126,35.32229367307177,35.3746337890625,8541600
2015-07-10,36.15977744917083,37.267688982773,36.03764604556339,37.040870666503906,13746100
2015-07-13,37.695149018127964,37.965585218304334,37.511951912120345,37.8347282409668,10131500
2015-07-14,37.468332579528095,38.349425765645684,37.17172632649059,38.08771514892578,13648600
2015-07-15,37.15427088035246,38.759433215271734,36.988521633619676,38.37559127807617,23558400
2015-07-16,38.82050447332645,39.14328076973901,38.55006830032463,38.794334411621094,12804800
2015-07-17,38.95137205019806,39.34393639405986,38.715831447181934,39.2043571472168,9625000
2015-07-20,39.34393436011448,39.34393436011448,38.349431861791,38.46284103393555,7746100
2015-07-21,38.454111455510215,39.02115055245499,38.454111455510215,38.95136260986328,6166500
2015-07-22,38.82922260509333,39.623079895100716,38.785604730927524,39.4486083984375,8995500
2015-07-23,40.39076524979276,40.68737143930386,39.30030180715348,39.396263122558594,11449800
2015-07-24,39.788831726470455,39.815001784910926,38.1749437900894,38.47154998779297,8550100
2015-07-27,38.035380997397354,38.54135786426462,37.55557752808548,38.323265075683594,7301600
2015-07-28,38.32325006808048,39.21306869637283,38.2970800086053,39.17817306518555,7624700
2015-07-29,39.09094211493836,39.544575392581976,38.253463502764234,38.54134750366211,10355300
2015-07-30,38.523897272927215,38.70709435593417,38.070264023697554,38.41048812866211,5297100
2015-07-31,38.515177997470715,38.73327073057568,38.27963744637762,38.68092727661133,5973700
2015-08-03,38.977531587327135,39.99820393011353,38.88157025708277,39.89352035522461,12159300
2015-08-04,40.40821714666964,41.088665338716744,39.937136093176726,40.43438720703125,11268300
2015-08-05,40.56125871840852,40.70999339531676,40.3600276827109,40.50876235961914,5838700
2015-08-06,40.66625146396424,40.93747766716097,40.03630845656666,40.281288146972656,6525100
2015-08-07,40.106298148690755,40.66624592903061,40.03630300737225,40.55250549316406,6825100
2015-08-10,40.88496944674945,41.28743143473211,40.430011110857585,40.52625274658203,6325400
2015-08-11,40.50001201670875,41.541164700406675,40.36002507320691,41.20869445800781,9734300
2015-08-12,40.9462171091432,40.95496817000483,39.17013223513827,40.77123260498047,11334000
2015-08-13,41.024951988085505,41.882372220372105,40.657487604627455,41.51490783691406,9953500
2015-08-14,41.43618422861674,41.961134545132076,41.36618907305324,41.67241287231445,6117400
2015-08-17,41.794890062438526,42.21485087268649,41.401175759846105,41.98737335205078,8136600
2015-08-18,42.066115356682474,42.25859530482665,41.05120591395967,41.43617248535156,8076100
2015-08-19,41.436180417882134,41.63741146529162,40.779990913808966,41.19120407104492,9389300
2015-08-20,40.72748981827891,41.19119928346344,39.957559955139324,39.992557525634766,9484800
2015-08-21,39.8088206215542,39.87881575434215,38.13772520808553,38.1464729309082,14908800
2015-08-24,34.5593085397629,38.63643189474931,30.280954168468913,36.877845764160156,15222400
2015-08-25,38.356463491337585,38.356463491337585,36.195411682128906,36.195411682128906,10465900
2015-08-26,37.28031971592091,38.39146786017354,36.30041082917918,38.23398208618164,14221500
2015-08-27,38.6626725159309,38.80265943368008,37.42028903810089,38.37395095825195,12853000
2015-08-28,38.44395446777344,38.758925963114216,37.98024828716197,38.44395446777344,9205800
2015-08-31,38.47020715926427,39.021403979275846,38.093991549543745,38.30397033691406,8387000
2015-09-01,38.452693676417425,38.89890093223026,37.88399494763602,38.29520797729492,11269300
2015-09-02,39.06514546695244,40.246285107925075,38.802667024467816,40.2375373840332,15227900
2015-09-03,40.29877780460785,40.72748632497345,39.29261943325297,39.423858642578125,10909000
2015-09-04,38.977664209329276,40.23755046259446,38.76768539215382,39.72134780883789,8955300
2015-09-08,40.438766335914536,40.81498185746642,40.21128547576361,40.76248550415039,8177800
2015-09-09,41.068710613886644,41.287440438212414,40.15879708123118,40.255035400390625,9614000
2015-09-10,40.500010913365095,41.12120274963434,40.351272912573464,40.67499542236328,8754700
2015-09-11,40.6837402425211,41.16494510476101,40.48250923967719,41.051204681396484,7030100
2015-09-14,41.094962342615425,41.374936263558254,40.77123978476395,41.024967193603516,5253000
2015-09-15,41.12120885471869,41.22619824068415,40.51751571347679,41.024967193603516,8804600
2015-09-16,40.97247361576485,41.47992508903474,40.709995148069275,41.199951171875,7903500
2015-09-17,41.392433387023786,42.15361224539415,41.01621782008794,41.54991912841797,11128000
2015-09-18,41.191201494785226,41.28743981248614,40.72749200470676,40.832481384277344,11862900
2015-09-21,40.919970679775965,41.70739594368367,40.84997554295653,41.33993148803711,7670500
2015-09-22,41.03372078808902,41.269946086700045,40.211294424211346,40.64875411987305,8329500
2015-09-23,40.683742642952275,41.0162128721834,40.185038967881525,40.76248550415039,4872500
2015-09-24,40.53501316369038,40.57875846160369,39.423865241420344,40.167545318603516,8871600
2015-09-25,40.70124903938688,40.98122296766303,39.88757376734917,40.281288146972656,6882900
2015-09-28,40.1325381812941,40.19378225128816,38.81141180885598,39.07388687133789,7367300
2015-09-29,38.942638905664474,39.310106580466496,38.12021633832775,38.531429290771484,7508800
2015-09-30,39.12639729953456,39.40637124527824,38.37396606876617,39.257633209228516,9525700
2015-10-01,39.11763180424108,39.808818687967594,38.618928188780544,39.73007583618164,8096500
2015-10-02,39.3188773012629,39.3188773012629,37.927755298169714,39.257633209228516,10918900
2015-10-05,39.56384700103421,41.1561996663187,39.40636127918833,41.086204528808594,8629300
2015-10-06,40.8849666474977,41.33117723029663,39.371357097371565,39.45009994506836,9081000
2015-10-07,39.546350382254175,40.246285107925075,38.90765973648248,40.2375373840332,11737900
2015-10-08,40.07130150382925,40.307530104908906,39.520101434643394,40.21128845214844,8905400
2015-10-09,40.50001511764196,41.409931988848804,40.38627467435304,41.30493927001953,10715300
2015-10-12,41.576161868068255,42.4335823059082,41.576161868068255,42.4335823059082,10647300
2015-10-13,42.083614512093334,42.96728482198705,41.75114760074614,41.75989532470703,13839900
2015-10-14,42.50358137704824,43.29100674787053,41.93488249460524,42.5123291015625,15052900
2015-10-15,42.827301796108884,43.15102101312806,42.31109925880959,42.8098030090332,8423700
2015-10-16,42.643569133153974,42.984787134008265,42.06612251535003,42.976036071777344,14240400
2015-10-19,43.05477734668371,44.25341917386972,42.984785539194895,43.98219299316406,11037800
2015-10-20,44.02594723150526,44.419661658442095,43.57098870899524,43.87721252441406,8745500
2015-10-21,43.57098730901701,44.262174465480626,43.16852516888104,43.25601577758789,7607300
2015-10-22,43.86846450497897,44.56839945835366,43.17727727834196,44.45466232299805,9528500
2015-10-23,44.82210348282573,45.19831894931906,44.1834129632688,44.620872497558594,11458600
2015-10-26,44.52463290495028,45.03208758998928,44.02592928002659,44.900848388671875,5579300
2015-10-27,44.62087772533955,45.040838526954175,44.087176496969356,44.507137298583984,7910200
2015-10-28,44.73461779100305,44.73461779100305,43.34349618670464,43.868446350097656,7435100
2015-10-29,43.780960034966895,44.31466131103582,43.40474449077247,44.18342208862305,5632800
2015-10-30,44.18341952043013,45.01459342644364,43.99968728977346,44.480892181396484,7052500
2015-11-02,44.53338292264338,44.85710205075021,44.33214859532005,44.3583984375,8548100
2015-11-03,45.189571227155874,45.49579156613817,44.48963330225111,44.620872497558594,10988100
2015-11-04,44.967391151870586,44.967391151870586,44.2743730128718,44.44104766845703,7353500
2015-11-05,44.59018190619641,44.87089888609275,44.142786918829486,44.33578109741211,5736700
2015-11-06,44.32700710832143,45.16038711206252,44.25682953607934,44.91476058959961,6376100
2015-11-09,44.6779133171794,44.69545855010528,44.063843550417786,44.41474151611328,5559100
2015-11-10,44.38841590559681,44.739313823166256,43.46731305499021,44.125244140625,7348900
2015-11-11,44.29192322120981,44.502459299679934,43.826982967301234,43.84452819824219,6116400
2015-11-12,43.853302486917976,44.23928752838696,43.774350620889024,43.84452819824219,9350200
2015-11-13,43.704167603878496,43.932252248775896,42.76551954516414,42.97605895996094,9207300
2015-11-16,41.984781712835684,42.23918256907605,41.23912437693229,42.04618835449219,12339200
2015-11-17,42.16021589142762,43.03745714583295,41.86195373107342,41.90581512451172,10417300
2015-11-18,41.958459882995754,42.09881838021345,40.9233147111113,41.88827896118164,10952800
2015-11-19,42.2830309434786,42.774283925293865,42.12512724320656,42.55497360229492,7857100
2015-11-20,42.51989072079335,42.87078526462815,42.48480026248678,42.774288177490234,6878200
2015-11-23,42.9848294957955,43.15150416056123,42.45848598339075,42.75674819946289,6261100
2015-11-24,41.546151663486654,42.10758560276454,40.94085297874435,41.44088363647461,11111000
2015-11-25,41.62510795815384,41.77423740011929,40.677685574806546,41.11630630493164,7731700
2015-11-27,41.221572847721646,41.66896446747829,41.03734961943577,41.35315704345703,2597700
2015-11-30,41.41456867057937,41.616333805526835,40.73909234241059,40.75663757324219,8731300
2015-12-01,41.06366761786136,41.84441186149379,40.86190251473018,41.818092346191406,6335800
2015-12-02,43.13395128659445,43.27431310119915,42.26548431039193,42.397071838378906,12810600
2015-12-03,42.47603232538294,42.976063064986405,41.976004932190264,42.30058670043945,11634400
2015-12-04,42.98482029388342,43.68661260899142,42.695329081545914,43.6690673828125,12775600
2015-12-07,44.09892798243525,45.45865155724191,44.02874706033425,45.423561096191406,13829500
2015-12-08,45.02880365323732,45.45865007464998,43.76557386790279,44.09892654418945,13469200
2015-12-09,43.879607741228796,44.51122251229095,43.10763450397615,43.432212829589844,8144700
2015-12-10,43.60766709636183,45.54636969410642,43.45853767180158,44.98493576049805,10089600
2015-12-11,44.186650614088244,44.43228049406082,43.177824960950936,43.2304573059082,8651600
2015-12-14,43.44099456427665,44.22173887547477,42.774289225754174,44.01997375488281,10006400
2015-12-15,44.4498166023354,45.0989766592116,43.923473142692075,44.87089538574219,8084800
2015-12-16,45.090205536853645,45.87094978229336,44.60772012997734,45.72181701660156,9172900
2015-12-17,45.59899717998898,46.29201853121175,44.75684643102463,44.76561737060547,10024900
2015-12-18,44.77439513747292,45.57268455777492,43.82697296142578,43.82697296142578,15753500
2015-12-21,44.26558872327142,45.17792034502774,44.230498273263215,45.14282989501953,8822100
2015-12-22,45.30950927431358,45.57268096477464,44.879659614313155,45.39723205566406,6745600
2015-12-23,45.38846969604492,45.50250866407585,44.660357756841684,45.38846969604492,5843600
2015-12-24,45.362160448485035,46.186769659933304,45.34461521564454,45.844642639160156,3834200
2015-12-28,45.97621157956241,46.248157558762536,45.02001852894154,45.57268142700195,5295300
2015-12-29,45.55513856420362,45.9762139643351,45.52004811092354,45.76567459106445,4300100
2015-12-30,45.818327914086325,45.87973455776719,44.80072780198909,44.888450622558594,5060000
2015-12-31,44.73929978893111,44.809480688994235,44.16909168835152,44.46735382080078,5911400
2016-01-04,43.35325962671723,43.35325962671723,42.37075039412568,42.68655776977539,12323200
2016-01-05,43.25677656184184,43.64276159029444,41.26543809374055,42.60761642456055,14557200
2016-01-06,41.923369064639175,43.24800216168635,41.78301056861822,42.923423767089844,10375900
2016-01-07,42.44971171627812,42.70411253084448,41.002265383241735,41.2303466796875,11301100
2016-01-08,41.65142081335249,42.940966728052466,40.78295371087276,40.888221740722656,10850300
2016-01-11,41.22157628778038,41.484748047623796,39.97589171645282,41.00226593017578,12096400
2016-01-12,41.291748545190096,41.651417351492825,40.195196898363484,41.19525146484375,12163400
2016-01-13,41.6689725468266,41.6689725468266,39.07233842915243,39.42323303222656,10964500
2016-01-14,39.50217811407731,40.133792976026726,38.616165796207405,39.77412414550781,11555000
2016-01-15,38.49334662708976,39.79166326338159,38.11613262540385,39.037235260009766,16408600
2016-01-19,40.17765375333496,41.01103371740928,39.64253598651639,40.31801223754883,16014700
2016-01-20,40.43205942505743,41.01980960279215,37.3178528805456,40.08116149902344,21927500
2016-01-21,40.9232997904871,41.3356008433833,39.800428875733445,40.80925750732422,12817400
2016-01-22,41.30928948983088,41.660187318995526,40.81803319828232,41.019798278808594,9419500
2016-01-25,41.747910180402506,41.774226346395196,40.22150897104191,40.30046081542969,8602600
2016-01-26,40.78295287825764,41.142621707111346,40.02852476251322,40.44960021972656,8685100
2016-01-27,40.66890348925679,41.23033733455713,39.142502294238035,39.230228424072266,10669700
2016-01-28,39.33549904370954,39.475857514348604,37.300299546238136,37.89682388305664,13996900
2016-01-29,37.84418712011442,38.896877293027536,37.21257234708459,38.8530158996582,12820100
2016-02-01,39.23900829097931,39.984665505368525,38.60739339811511,39.66008377075195,8618200
2016-02-02,39.642536044791534,39.93202730126395,38.002095630678554,38.25649642944336,8994000
2016-02-03,38.572308602170025,38.73021233487349,36.940638928507965,38.42317581176758,10049100
2016-02-04,38.40560916549584,38.92318147933037,38.037169558906236,38.63369369506836,9444000
2016-02-05,38.72143818210953,39.081107053105605,36.554650667390604,36.85291290283203,14206000
2016-02-08,36.23883634101625,36.493233753918425,35.13351051951413,35.7651252746582,15450900
2016-02-09,35.39668348683733,37.2739825933943,35.11596655147383,36.82658767700195,12082600
2016-02-10,37.39680647850615,38.40563220635608,37.25644797087438,37.9582405090332,11356200
2016-02-11,37.38802907028872,38.17754770135774,36.96695358252207,37.45820999145508,10019500
2016-02-12,37.84101692957079,37.964219703380465,37.084196053855564,37.832218170166016,7552700
2016-02-16,38.27222710213422,39.310651841622686,37.920216326121356,39.23145294189453,8128800
2016-02-17,39.58346990102048,40.71870140239294,39.5570702614151,40.569095611572266,10338400
2016-02-18,40.83310312855768,41.07950870301704,40.46349140984446,40.885902404785156,10946800
2016-02-19,40.88589990702248,41.49311840273626,40.69229697764217,41.114707946777344,10578700
2016-02-22,41.11470866855831,43.04195937851296,41.11470866855831,42.9627571105957,12748800
2016-02-23,42.65475647188853,43.51717942967459,42.63715559229806,43.07716751098633,9411500
2016-02-24,42.63714963486953,43.16516252070963,42.05633411763581,43.068359375,9236800
2016-02-25,43.19156301733548,43.517170832874235,42.83075009254601,43.29716491699219,7524800
2016-02-26,43.42916469152821,43.51716906852732,41.977127719791945,42.1179313659668,12282800
2016-02-29,42.02113369097964,42.94515794890525,41.71312672401249,42.45234680175781,8030000
2016-03-01,42.883551584146296,43.34116427989361,42.61074304715547,43.03315734863281,8000600
2016-03-02,42.3291397154259,42.75155405646684,41.89792997127342,42.72515106201172,8938300
2016-03-03,42.76035018571955,43.12995851510965,42.54914302819387,42.93635559082031,8853700
2016-03-04,43.1739615557405,43.209159950466166,42.65474746701896,42.83074951171875,8516400
2016-03-07,42.45234142613952,42.66354521759453,42.10912939023359,42.58434295654297,8291900
2016-03-08,41.10589991347804,41.4491085666877,40.489882746603115,40.67469024658203,13690500
2016-03-09,40.75390228234885,41.30831484427013,40.67470000821377,41.1323127746582,8448900
2016-03-10,41.36109924316406,41.79231218044879,40.727481329447016,41.36109924316406,8293400
2016-03-11,41.7747236488012,42.30273649484215,41.607517007169974,41.968326568603516,6661600
2016-03-14,41.80112419265265,42.452343183481325,41.64271966399227,42.14433288574219,5798900
2016-03-15,42.0827251058931,42.188326989952785,41.73951646493157,42.02992248535156,4751900
2016-03-16,41.7747207706549,42.945150396315505,41.68671639769543,42.91875076293945,6376600
2016-03-17,42.751548585697314,42.92755062208055,42.293935905648844,42.786746978759766,6578000
2016-03-18,42.83075145484867,44.26519101199103,42.75155254535499,44.04518508911133,12485200
2016-03-21,44.03639609936016,44.44120628158571,43.94839169646893,44.10679626464844,7284700
2016-03-22,42.8659505708647,43.772377200137406,42.41713999289376,43.4643669128418,13352500
2016-03-23,43.640378091149074,43.76358087957393,42.769153097678114,43.041961669921875,8783100
2016-03-24,42.66354493563937,42.73394843700825,41.67791941564108,42.1003303527832,9139000
2016-03-28,42.1531269529531,42.689938467546014,42.03872295809476,42.41713333129883,5887600
2016-03-29,42.32912729044136,43.27955424326589,42.2675259165016,43.23555374145508,7302100
2016-03-30,43.59637950821556,44.071593162092086,43.37637355997914,43.41157531738281,5779300
2016-03-31,43.44675736902871,43.77236846695081,42.82194151683727,42.839542388916016,6550500
2016-04-01,41.80112041419775,41.862721796772576,41.132303964660956,41.36990737915039,13932200
2016-04-04,41.45791272142018,42.52274048170773,41.14990244432117,41.49311447143555,7863200
2016-04-05,41.33470789462049,42.073927823006464,41.114702003517806,41.50191116333008,6506900
2016-04-06,41.554717880259844,41.642718902562585,41.22910671228731,41.53711700439453,5542600
2016-04-07,41.3611211545373,41.5283244783353,39.96188309183687,40.305091857910156,10434300
2016-04-08,40.56909095703995,41.026703680835574,40.18188174014702,40.736297607421875,5845000
2016-04-11,41.24671430979998,42.065136707277716,40.92110644578955,40.96510696411133,8880400
2016-04-12,41.21151644946388,41.589923597609996,40.93870786105449,41.0355110168457,8254600
2016-04-13,41.493116163765706,42.35553893217496,41.2379085012809,42.276336669921875,10882500
2016-04-14,43.07715809346878,43.82517684889735,42.47874174631641,42.67234802246094,15906500
2016-04-15,42.892351492831025,42.95395287591259,41.49311384264882,41.80112075805664,11822200
2016-04-18,41.93313515231237,41.93313515231237,40.6658987396891,40.96510696411133,11664700
2016-04-19,41.08830718928296,41.73072411628376,41.009104918445914,41.24671173095703,8759000
2016-04-20,41.27311933401963,41.82753193475434,40.99151197449658,41.00910949707031,8397200
2016-04-21,40.7274860641919,40.75388905168144,39.37225244022278,39.57465744018555,15330300
2016-04-22,38.219416877200125,39.31064402316442,37.981810154202364,39.26664352416992,14258600
2016-04-25,39.1786570389312,39.49546612028219,38.53624011598019,38.65944290161133,8774300
2016-04-26,38.85304778856455,39.1786556183584,37.89382181904298,38.360233306884766,11545700
2016-04-27,38.50104100900099,38.93225414539253,38.087428751342216,38.448238372802734,9097500
2016-04-28,38.228231253387484,38.545040346825594,37.62981482289868,37.71781921386719,10229800
2016-04-29,37.445003525952544,37.58580716773687,36.27457388306228,36.67058181762695,16658500
2016-05-02,37.05780024189867,37.392210203186124,36.78499167387151,37.110599517822266,10701800
2016-05-03,37.77061080932617,38.017019696897066,36.811388320545966,37.77061080932617,14319500
2016-05-04,37.28659434652988,37.45380095819288,36.23056548669485,36.459373474121094,14925300
2016-05-05,36.600193626690704,37.198610138937184,36.47699081952667,36.740997314453125,10271100
2016-05-06,36.61778629142576,37.18979967592073,36.03697079009414,36.99619674682617,10777200
2016-05-09,37.17718243494942,37.821668917157595,37.071240328133534,37.43321228027344,10512100
2016-05-10,37.512670866617086,37.99824251975257,37.442040547988455,37.918785095214844,9299300
2016-05-11,37.68923930478602,38.23661416159698,37.33609782099456,37.34492492675781,9037700
2016-05-12,37.468525916884026,37.49501397077231,35.87938076498644,36.259010314941406,13454000
2016-05-13,35.97649999679052,37.23898848696394,35.97649999679052,36.7269287109375,10758600
2016-05-16,37.565641634512104,38.10418604664318,37.12421223018684,37.962928771972656,12303100
2016-05-17,37.77752627861508,39.198929388332516,37.7422111207471,38.554439544677734,16203000
2016-05-18,38.360218852330874,39.42847728447068,38.360218852330874,38.722190856933594,10382900
2016-05-19,38.20129622586983,38.73984056992981,37.56563688627921,38.05120849609375,8860800
2016-05-20,38.33372300972544,38.686867835684374,37.93643929031995,38.05120849609375,5964600
2016-05-23,37.96292736043826,38.49264127879716,37.88346993590053,37.918785095214844,5227000
2016-05-24,38.05121701712943,38.642734227896824,38.00707474595919,38.519134521484375,9359900
2016-05-25,38.56327659452144,38.942906186745994,38.298419601021365,38.404361724853516,7600800
2016-05-26,38.37786985193889,38.49263906134044,37.43321128565339,37.75103759765625,8512400
2016-05-27,37.812840262737815,38.351381248233025,37.79518268435193,38.06886672973633,5509400
2016-05-31,38.18363811267103,38.41317988884041,37.653924248994855,38.36903762817383,9315100
2016-06-01,38.3690428529514,38.589757554178,38.02472845789215,38.413185119628906,7047600
2016-06-02,37.75987049775038,38.369041844706196,37.43321369151369,37.47735595703125,10103500
2016-06-03,37.27429901098129,37.43321386183875,36.4179249111204,36.700439453125,15958000
2016-06-06,36.673942063420014,36.72691141679794,36.19719767599173,36.44439697265625,11538400
2016-06-07,36.506206189438046,37.79518246129044,36.19720698910555,37.16835021972656,11445900
2016-06-08,37.25663821970644,37.477352897112475,36.28549161841666,36.947635650634766,13861700
2016-06-09,36.85935274666291,37.5921271244167,36.65629563866626,37.43321228027344,7618100
2016-06-10,37.133036911054994,37.33609400122454,36.559177427825624,37.115379333496094,6787900
2016-06-13,36.71808582332702,36.81520079896272,35.78225458373704,35.817569732666016,9946500
2016-06-14,35.676333946148226,35.80876415030301,34.11367302918571,34.52861785888672,15065800
2016-06-15,34.75814909751602,35.120121061268534,34.2814079176305,34.33437728881836,11044000
2016-06-16,33.87529104037171,34.051863473039674,33.40737695646476,33.56629180908203,13086600
2016-06-17,33.4956571319954,33.760517430465676,33.26611535687157,33.557456970214844,11157800
2016-06-20,33.928265863091276,34.19312284443103,33.54863628829657,33.62809371948242,9921200
2016-06-21,34.140140533447266,34.4314854887607,33.59276914303092,34.140140533447266,11997900
2016-06-22,34.05185252066041,34.57273917718237,33.99005269427967,34.03419494628906,7029400
2016-06-23,34.43148645633158,34.493286290800484,33.31025559579248,33.82231521606445,10956200
2016-06-24,31.862370784164124,32.736402383579126,31.050139024644878,31.058969497680664,26090700
2016-06-27,30.758800007648468,30.84708453844897,28.78119486003083,29.45216941833496,28380600
2016-06-28,30.255564107387713,30.608705520629883,29.66404710425378,30.608705520629883,19678200
2016-06-29,31.25319912960067,32.11840024599156,30.820596887485905,31.994800567626953,15059700
2016-06-30,32.012445122337915,32.162532806396484,31.544531233134236,32.162532806396484,12413700
2016-07-01,32.14488925203521,32.66577608650658,32.05660471785597,32.46271896362305,9408400
2016-07-05,31.782909234726944,31.994796778140618,30.7058206773974,31.44742202758789,14239500
2016-07-06,30.8647308913584,31.438590236341486,30.087817872961224,31.412105560302734,14540000
2016-07-07,31.37679858956853,32.20668454412496,31.341483433756267,32.10956954956055,8775800
2016-07-08,32.577479004308664,33.32790735930356,32.54216385710383,32.9924201965332,12621000
2016-07-11,33.25728068875577,33.945912662935314,33.19548085833222,33.65456771850586,11994100
2016-07-12,34.60805868808458,35.676316813414736,34.5462588539143,35.4997444152832,19533000
2016-07-13,35.755773948145,35.844058462610015,34.802285026298726,34.92588806152344,13885600
2016-07-14,35.605690265771415,36.506203107235855,35.4556025469684,36.17954635620117,18543000
2016-07-15,35.72046754456798,35.79109786771082,35.05832342038022,35.296695709228516,15192400
2016-07-18,35.464433508562315,35.773436084251735,35.36732187740838,35.40263366699219,8285500
2016-07-19,35.20840853225675,35.82641034204527,34.872921258170585,35.782264709472656,9297000
2016-07-20,35.923516150095864,36.39143351032019,35.26137218298138,35.4997444152832,9541900
2016-07-21,34.52860389422304,34.661030676979465,33.787002460135675,34.00771713256836,17399700
2016-07-22,34.493298034814536,34.5992401631404,33.9282688599572,34.396183013916016,9579300
2016-07-25,34.58158258044617,34.66104001865045,34.034210988283064,34.396183013916016,7160500
2016-07-26,34.40500411441468,34.72283378062873,34.08717444820063,34.45797348022461,9038700
2016-07-27,34.325539764516485,34.360851545311014,33.99005258818394,34.025367736816406,8671900
2016-07-28,33.99005818770093,34.90823199637721,33.76934352414443,34.74931716918945,7354100
2016-07-29,34.75814877624338,35.226066213724536,34.201950176878114,34.210777282714844,10468200
2016-08-01,34.36086064803223,34.88174744091924,34.237260962913076,34.855262756347656,8965300
2016-08-02,34.27257470892589,34.29905939240634,32.03894325970915,32.127227783203125,19993500
2016-08-03,32.11839198355889,32.55099074654929,31.932989145868074,32.2066764831543,10994100
2016-08-04,32.24200123472989,32.383258496864485,31.800571869579436,32.25965881347656,8825300
2016-08-05,32.64811477278557,33.31025880693091,32.54217267031716,33.257286071777344,8097500
2016-08-08,33.07188349838581,33.76051552047536,32.98359898244945,33.05422592163086,10029100
2016-08-09,33.32792027129017,33.601607716403635,32.78937585520447,32.7982063293457,8392000
2016-08-10,32.845241870945905,32.95176603154078,32.170584338722364,32.38363265991211,9604700
2016-08-11,32.47242094901701,32.88964218599933,32.20610534226384,32.57894515991211,7537900
2016-08-12,32.56117997054642,32.61444375184287,32.18834027415626,32.26823425292969,7700600
2016-08-15,32.26823309044523,32.8896303044809,31.815502817934068,32.774227142333984,10784600
2016-08-16,32.67658477236763,33.12043947969287,32.658830177713504,32.79198455810547,9253500
2016-08-17,32.87188488203623,33.315739674983384,32.58781808545752,33.2979850769043,10427900
2016-08-18,33.173698919220385,33.22696270164446,32.712089630572784,32.907386779785156,12103300
2016-08-19,32.67658814194454,32.827497132552224,32.285993791961324,32.64107894897461,7579600
2016-08-22,32.42802413171682,32.61444568412793,32.01967860994524,32.49904251098633,11186100
2016-08-23,32.64995089734615,32.960651221521005,32.507917527716764,32.5700569152832,7588400
2016-08-24,32.516800159922866,32.889636527078096,32.37476677438616,32.64107894897461,7548000
2016-08-25,32.52567246406191,32.676584825696985,32.34812990357353,32.37476348876953,6540000
2016-08-26,32.410269961286396,32.525673135939115,31.86877005080803,32.03743362426758,7882000
2016-08-29,32.19722034469348,32.49016268579834,32.18834135434152,32.445777893066406,5674600
2016-08-30,32.44577851314717,33.37787272370179,32.294869537706006,32.987281799316406,9950600
2016-08-31,33.129315637096404,33.129315637096404,31.975294056047563,32.623321533203125,13838000
2016-09-01,32.8452432631016,32.97840100924563,32.24160068357506,32.685455322265625,7127400
2016-09-02,32.5522963485071,33.28022104394285,32.5522963485071,32.996150970458984,10201900
2016-09-06,33.0494159905382,33.10267976626424,32.53454637055506,32.685455322265625,8041600
2016-09-07,33.24471179094226,34.78044837327697,33.20920260853935,34.531890869140625,16662100
2016-09-08,34.496393601454486,34.886984583766754,34.26558722245932,34.878108978271484,10542100
2016-09-09,34.7005550157601,34.966867115777234,33.511024475097656,33.511024475097656,11696700
2016-09-12,33.05829807675943,34.25670435896083,32.73872216514773,34.1235466003418,8572700
2016-09-13,33.91049807802944,34.18568581114294,33.19145228055306,33.315731048583984,10203900
2016-09-14,33.22695805899949,33.63530350816684,32.78310342651095,32.95176696777344,9468400
2016-09-15,32.92514525966922,33.395630207741654,32.68546328998808,33.10268783569336,9159400
2016-09-16,32.86300632552216,32.9872851145739,32.48129096695293,32.64107894897461,11257500
2016-09-19,32.76535399375051,33.50215442513481,32.71209021038235,33.35124206542969,8768200
2016-09-20,33.37786547451724,33.83059907519899,33.209201941006725,33.40449905395508,7551400
2016-09-21,33.54654078398321,33.99927111154579,33.27134963658303,33.77734375,8529600
2016-09-22,33.87498989282856,34.585156721394064,33.866114288996364,34.17681121826172,10917000
2016-09-23,33.8927449801051,34.55852702651417,33.8927449801051,34.42536926269531,6841200
2016-09-26,34.19456706217736,34.398739821206625,33.65306377737063,33.76846694946289,7854400
2016-09-27,33.73295561894899,34.84259231694074,33.71520102542003,34.80708312988281,9596600
2016-09-28,34.88698757787825,35.71255779986173,34.718323968247454,34.82484817504883,10552400
2016-09-29,34.67393049031293,35.22430937183905,34.63842130148088,34.64729690551758,7181000
2016-09-30,34.75382839911217,35.15329496641219,34.55853122481047,34.94024658203125,8889300
2016-10-03,34.8425997257578,35.55276668621162,34.80709053114931,35.49062728881836,11629700
2016-10-04,36.618019698088816,36.73342289016193,35.59715233984721,35.64154052734375,12479200
2016-10-05,35.65040515531953,35.934471858840624,35.55275659104499,35.79243850708008,7408700
2016-10-06,35.73917919629373,35.8457067631826,35.28644888921532,35.45511245727539,9184300
2016-10-07,35.39297744496771,35.4462412349965,34.443128534017525,34.57628631591797,10707000
2016-10-10,34.807080792351286,35.46398716343736,34.78932620001466,35.30419921875,7994100
2016-10-11,35.73030633078129,35.73918193553098,34.434251311380834,34.567405700683594,12166600
2016-10-12,34.62953762328419,35.0645166617368,34.23007115519891,34.86034393310547,11127500
2016-10-13,34.20344061247203,36.28955964365044,33.653061756558046,35.517250061035156,24274100
2016-10-14,35.90785269407542,36.17416488714156,35.34859471819627,35.54389190673828,12133300
2016-10-17,35.277571648916705,35.94335367255019,34.85146817380989,34.93136215209961,10535100
2016-10-18,34.96687138798704,35.74805657831134,34.66505006806691,35.02901077270508,13433800
2016-10-19,35.10889872665022,36.325059401315656,34.78932286788454,36.307308197021484,13814400
2016-10-20,36.23629842559964,36.875450294665,36.15640444196647,36.8044319152832,14613500
2016-10-21,36.46711408202112,36.671286895353475,36.09427426776895,36.54700469970703,9050900
2016-10-24,36.74229912317958,37.06187511508869,36.529250719469054,36.724544525146484,8714100
2016-10-25,36.57361341319215,37.18613143653132,36.351686151445044,36.582489013671875,8696400
2016-10-26,35.64154174305781,37.64776394616899,35.55276875137999,36.75117874145508,14175900
2016-10-27,36.94646691822074,37.50572482833403,36.3250696165774,36.81331253051758,9546700
2016-10-28,36.742287467274075,37.17726651523648,36.39608138131535,36.69790267944336,8474700
2016-10-31,37.03522795034922,37.12399751351797,36.5114794004333,37.079612731933594,8697100
2016-11-01,37.14175979477611,37.70989324392609,36.884323267397995,37.177268981933594,10889300
2016-11-02,37.141766621396116,37.6122515855089,37.03524242668707,37.22166061401367,10361500
2016-11-03,37.33705834381339,37.789788644921366,37.07962180674091,37.21277618408203,8142800
2016-11-04,37.11513077778211,38.38455547511715,37.06186699535217,38.064979553222656,10813000
2016-11-07,38.52659346217775,39.60072113909242,38.198138510650736,39.245635986328125,11534700
2016-11-08,38.9094256836792,39.81014660209,38.46352349789959,39.7120475769043,9732800
2016-11-09,38.971845365140986,40.56817574650229,38.85590986318588,40.35414123535156,13290300
2016-11-10,40.50573890272782,41.13892237285882,40.1044297960052,40.978397369384766,20759900
2016-11-11,40.80003611131513,41.870201673315904,40.37197056690733,41.361873626708984,10272900
2016-11-14,41.57591811383218,42.34287040411566,41.5670015671384,42.333953857421875,11932500
2016-11-15,43.71625510735815,43.91245317750045,41.91480968704113,42.494483947753906,14153200
2016-11-16,42.44097073094668,42.574742749207076,42.05749457402822,42.253692626953125,6886400
2016-11-17,42.28044537905698,43.27926532878412,42.10208382325763,43.26142883300781,8569700
2016-11-18,43.52005518736813,43.68058025575879,43.02956343482508,43.60923767089844,8250900
2016-11-21,43.68056778624573,43.850009353636906,43.261418738217714,43.35060119628906,8665000
2016-11-22,43.55572818078026,43.96595739912798,43.47546564658493,43.60923767089844,8941800
2016-11-23,43.51113639086115,43.957038579571844,43.36844782655227,43.88569259643555,4723700
2016-11-25,43.850008019233236,44.06404251012824,43.60030394815808,43.912437438964844,2241400
2016-11-28,43.76975983432506,44.01054401896649,43.234675174548045,43.243595123291016,9227900
2016-11-29,43.279261818280915,43.743000464958584,43.01172120726473,43.33277130126953,7057000
2016-11-30,42.405294892135714,43.47546076047866,41.78103118543871,42.967132568359375,9245300
2016-12-01,42.7709354357616,43.64490328288853,42.44988532825302,42.60149383544922,9802400
2016-12-02,43.09198920967025,43.64490699633256,42.70851303773695,43.083072662353516,8869900
2016-12-05,43.26142374009489,43.52896774327939,42.44096544275482,42.646080017089844,9240200
2016-12-06,42.99388024940296,44.13539195424002,42.90470118897709,44.08188247680664,9142600
2016-12-07,44.090806226539236,45.776319320492405,43.858938590366755,45.57120132446289,10667600
2016-12-08,45.571200222087406,46.302479505663314,45.07179197103863,45.794151306152344,9489100
2016-12-09,46.373829437499374,47.05159929395258,45.71389267556317,46.17763137817383,8526700
2016-12-12,45.50876387930616,45.78522438561299,44.52778069247756,44.563453674316406,8648700
2016-12-13,44.60805266421118,45.21447987627357,44.251329574069715,44.28700256347656,8855500
2016-12-14,44.46536048650101,45.10746063566624,44.215656384920415,44.4296875,9555000
2016-12-15,45.0182848725019,46.14196030085297,44.973695333718005,45.0361213684082,10302100
2016-12-16,45.49986251179634,45.92792823075998,44.67048411819055,44.73291015625,10039600
2016-12-19,44.78641313193518,45.250151777178345,44.75965668954191,44.96477127075195,4998300
2016-12-20,44.97370400739671,45.615804376004945,44.96478405674137,45.26799774169922,6176300
2016-12-21,45.196643913793686,45.61579303935117,44.9915293252342,45.410675048828125,4077700
2016-12-22,45.27690894535208,45.34825152699017,44.28700553564101,44.41185760498047,5407300
2016-12-23,44.53671219143586,44.71507375855729,44.3940236181315,44.492122650146484,4046300
2016-12-27,44.54562668993157,45.13421740803312,44.52779019520564,44.9112663269043,3365600
2016-12-28,44.90235613530271,45.0004551766293,44.099734110016925,44.15324020385742,4520200
2016-12-29,44.179979511105095,44.45643662725488,43.885682501311265,43.9748649597168,3348300
2016-12-30,44.001619433623596,44.197817446561864,43.582470370332956,43.86784744262695,4532400
2017-01-03,44.02837727067865,44.71506698885726,43.85001573056051,44.1264762878418,5423200
2017-01-04,44.67047638560066,45.4195921146039,44.581297318656866,45.2144775390625,7898600
2017-01-05,44.955849582950954,45.20555367030628,44.1443078970831,44.349422454833984,5806200
2017-01-06,44.402935286913966,44.857753966389254,43.894607126691994,44.30483627319336,6922700
2017-01-09,44.10864045189069,44.74182069689413,44.07296746294202,44.31375503540039,5332900
2017-01-10,44.527778281045336,45.79413845007848,44.46535226718948,45.41958236694336,8440500
2017-01-11,45.89224139871714,46.14194887762231,45.16988220414474,45.87440490722656,10001600
2017-01-12,45.749562222309336,46.373825944259394,44.29592018727601,45.3839225769043,14284800
2017-01-13,45.29474490449094,46.05277726047681,45.285824955664545,45.687137603759766,7380600
2017-01-17,45.47310458054598,45.67821916954995,44.75965839031568,44.88451385498047,7477500
2017-01-18,44.715061405081194,45.30365203259663,44.40293130032414,44.857749938964844,7076500
2017-01-19,44.83991851566865,45.036116547672925,44.25132782161918,44.32267379760742,7012700
2017-01-20,44.38510457666489,45.07179436022082,44.33159508894597,45.0361213684082,7722400
2017-01-23,44.839916685365694,44.97368868390157,43.49329376220703,43.49329376220703,8753100
2017-01-24,43.61814607145721,44.37617832908134,43.53788355225297,44.09080123901367,6398100
2017-01-25,44.58130066619634,44.97369335296187,44.420775612073264,44.75965881347656,8096300
2017-01-26,45.2055598460464,45.9635955607329,45.089627733629435,45.39284133911133,8905600
2017-01-27,45.48201869170929,45.58903425372828,44.20673828760822,44.32267379760742,6852000
2017-01-30,43.65382578079764,43.65382578079764,42.3963817209299,42.51231384277344,12745600
2017-01-31,42.6193369994147,42.655009995156185,41.53133444304835,42.12884521484375,12533800
2017-02-01,42.342865504666456,42.6014895543883,41.950472858234285,42.14666748046875,8377500
2017-02-02,41.54916634778072,42.5033967656112,41.45106732131826,42.253692626953125,8795700
2017-02-03,42.378544796078884,42.80661049277094,42.280445769385416,42.637168884277344,5632300
2017-02-06,42.976045197141076,43.41303077258354,42.744177591085595,43.03847122192383,7169200
2017-02-07,43.198996930453404,43.64489905839684,42.877950255983265,42.94037628173828,7262900
2017-02-08,43.038471012650334,43.07414399862794,42.56581585531829,42.895782470703125,5342600
2017-02-09,42.89578777191343,44.18890475672224,42.89578777191343,43.99271011352539,7274700
2017-02-10,44.18891435570233,44.20675085476998,43.7162590372849,43.93029022216797,5322600
2017-02-13,44.028375416780634,44.96476921051796,43.94811289720525,44.64372253417969,6565900
2017-02-14,44.42968193739885,44.58129041006512,43.78758186862461,44.465354919433594,7024600
2017-02-15,45.437434193430114,46.33815512734463,45.06287458190698,45.633628845214844,12705000
2017-02-16,45.62469594745909,45.633612491268664,45.11636790124986,45.33040237426758,6626700
2017-02-17,45.11638334956377,45.687137603759766,44.75966023970942,45.687137603759766,5428000
2017-02-21,45.749558785755305,45.954673361480985,45.4552651430057,45.66929626464844,6406500
2017-02-22,45.663020071763945,45.788368992147305,45.19743592783867,45.600345611572266,4345100
2017-02-23,45.77048220665973,46.10176554943549,44.9378029556888,45.19745635986328,6470900
2017-02-24,45.107912219797846,45.23326116869026,44.66023545060911,45.17953872680664,8154700
2017-02-27,45.06314270844737,45.17953620277197,44.615465964268886,45.16162872314453,7574200
2017-02-28,45.215356925933136,45.30489091998134,44.64233116681763,44.70500564575195,6950200
2017-03-01,45.134769786969336,46.44198507691824,45.081047347402,45.68988800048828,14144700
2017-03-02,44.767672257331114,45.38546490490144,44.5975563323341,44.73185729980469,12527200
2017-03-03,44.77662647227934,45.340700126566716,44.516976556308016,44.884071350097656,11170800
2017-03-06,44.320006920337406,44.633379340441536,43.16499985966239,43.7380256652832,11368700
2017-03-07,43.44255223417284,43.57685320988464,42.59196572598789,42.654640197753906,10266200
2017-03-08,42.69045874433319,42.950112100895666,42.547202308902655,42.68150329589844,7165900
2017-03-09,42.699404727192054,43.290337866551624,42.04579711968089,42.305450439453125,8790500
2017-03-10,42.35918200363423,42.959067303922524,42.26964459019361,42.896392822265625,6263100
2017-03-13,42.887436196104254,43.173949057427066,42.233825102239955,42.394989013671875,6995300
2017-03-14,42.09952139663052,42.144288387909825,41.293701891592995,41.43695831298828,14313200
2017-03-15,41.12359163985011,42.52034450304563,40.4968434288456,42.25173568725586,17933000
2017-03-16,42.63672332504849,42.70835322871681,42.09951270954335,42.448699951171875,7899000
2017-03-17,42.63673779479236,42.663600725535424,41.64289474487305,41.64289474487305,12295000
2017-03-20,42.28755438946861,42.28755438946861,41.67871360673134,41.94731903076172,5867100
2017-03-21,42.14428988677678,42.24277932039555,40.675910661376435,40.756492614746094,10366200
2017-03-22,40.51475872457679,41.04301759373837,39.81638386604248,40.95348358154297,12064000
2017-03-23,41.06986847085312,41.38324427859215,40.711729081940845,41.1146354675293,5589200
2017-03-24,41.27580185147931,41.46382871354612,40.82812502699254,41.1862678527832,6290300
2017-03-27,40.622194846366604,41.41905906216094,40.36254487916059,41.27580261230469,9023000
2017-03-28,41.27579862166528,41.90254681000461,40.97137826821492,41.66080093383789,7321200
2017-03-29,41.56230858103331,41.768242895394025,40.94451588445898,41.14149475097656,6321100
2017-03-30,41.20417444051958,41.61603629037954,41.10568499479154,41.42801284790039,4909100
2017-03-31,41.29371575905517,41.445927679124374,41.08778479761159,41.15045928955078,7052700
2017-04-03,41.15045047906349,41.49068580210444,40.801263122878034,41.4727783203125,7398100
2017-04-04,41.043008184777136,41.231031616585966,40.290911042038964,40.389400482177734,8765500
2017-04-05,40.67590974255728,41.27579494758981,40.32672242434401,40.3625373840332,8313400
2017-04-06,40.398355564806806,40.88184735353065,40.1745171532313,40.523704528808594,6080400
2017-04-07,40.48788182205857,40.657997738398365,40.067064631294336,40.443111419677734,9007300
2017-04-10,40.35358351725733,40.49683994612379,39.93276626317968,40.2640495300293,9945400
2017-04-11,40.290899087656506,40.57741187459525,39.8342704008172,40.55055236816406,10506800
2017-04-12,42.054766705001576,42.233834722490364,40.29091872560827,40.33568572998047,14332800
2017-04-13,40.19241741629966,40.290906846181834,39.225437428052594,39.42241287231445,14894000
2017-04-17,39.511947907360955,39.79846073233801,39.39555100486957,39.70892333984375,7140300
2017-04-18,39.5746337106827,40.09393707389696,39.36870277220952,39.762657165527344,7973800
2017-04-19,40.120791529384974,40.82811819798253,40.022302097990966,40.3625373840332,8488200
2017-04-20,40.65800808063473,41.338475334587535,40.51475163688135,41.123592376708984,7679200
2017-04-21,41.0519700941984,41.222089501003545,40.55952619053316,40.76545715332031,6396000
2017-04-24,41.633934416383525,42.018936663796715,41.248932168970335,41.911495208740234,12522600
2017-04-25,42.20697296345487,42.57406784463434,41.813018564177945,41.83987808227539,7873900
2017-04-26,41.839879310765866,42.1353476805265,41.49069190323305,41.51755142211914,7610700
2017-04-27,40.89976112492355,41.06092507927818,40.16557129530963,40.95348358154297,12388000
2017-04-28,41.096729272584525,41.2220782229863,40.55056306111729,40.68486404418945,6600000
2017-05-01,40.819167607538084,41.18626241856168,40.649051666259766,40.649051666259766,6378900
2017-05-02,40.89080084267172,42.91430206802216,40.74754439078434,42.82476806640625,12931000
2017-05-03,42.6725506781703,43.41569577494013,42.565109206945515,43.25453186035156,9912400
2017-05-04,43.38883531330556,43.69325567867576,43.15604487649446,43.54999923706055,7467400
2017-05-05,43.54104332979366,43.8991826942157,43.20080803041544,43.60371780395508,5275200
2017-05-08,43.63057789886866,43.952905721998846,43.3351130046678,43.44255447387695,8671600
2017-05-09,43.872322871164606,44.713953957887625,43.764881404147395,44.373722076416016,8759600
2017-05-10,44.18569259569144,44.75872168833277,44.051391623832146,44.740814208984375,7548700
2017-05-11,44.77662897859915,44.92884085627706,43.79174145198755,44.490116119384766,8817400
2017-05-12,44.311045733140354,44.38267223629557,43.78278703729843,43.86336898803711,7180500
2017-05-15,43.97977302033433,44.50803184274921,43.872331532106834,44.32896041870117,5539300
2017-05-16,44.427449872702766,44.4453573566579,43.67535262410365,44.32896041870117,6422800
2017-05-17,44.33166625405472,44.33166625405472,42.85723768610066,42.92017364501953,8274500
2017-05-18,42.83025487670806,43.41463210971222,42.74934115874694,42.848236083984375,5071000
2017-05-19,43.01905515779207,43.729297457552164,42.98309617050617,43.33372116088867,6137000
2017-05-22,43.48655702252824,43.80122303093871,43.459586924217156,43.594444274902344,6548300
2017-05-23,43.65736371103862,43.90010481180842,43.43260381361072,43.68433380126953,5592300
2017-05-24,43.75626845951585,44.02598316190441,43.58545212029268,43.93607711791992,5139600
2017-05-25,44.0439576701151,45.3385736404524,44.016984146240894,45.31160354614258,7421000
2017-05-26,45.23070264634436,45.806087685041625,45.23070264634436,45.67123031616211,5778500
2017-05-30,45.48242922763082,45.48242922763082,44.088918051709584,44.10689926147461,10523500
2017-05-31,44.22376670085859,44.367612932240355,43.62141167868643,44.16982650756836,8088900
2017-06-01,44.34064106311901,45.01492088881068,44.32265985621949,44.81713104248047,7431600
2017-06-02,45.446465606924754,46.64219030295718,45.401514298482816,46.0218505859375,11872100
2017-06-05,45.84203868207939,46.29155856022286,45.46444020106534,46.20165252685547,9018000
2017-06-06,45.98588652270521,46.47136540169992,45.89598048617683,46.05780792236328,6826300
2017-06-07,45.860013539596444,47.199584200191104,45.53636212877199,46.99280548095703,10888400
2017-06-08,46.99281185858502,48.05367912180622,46.92987934547569,47.50526428222656,9057200
2017-06-09,47.559204820410116,48.161559815250364,47.34343376834576,47.65809631347656,9709000
2017-06-12,47.60415918778898,47.62214039574916,46.1836746250169,46.974830627441406,9751100
2017-06-13,46.98382663354403,47.505271454681406,46.264595354014254,46.633201599121094,8280600
2017-06-14,46.75905390551392,46.929873645690996,46.336507573037295,46.669151306152344,6019000
2017-06-15,46.41742087771748,46.60621839246172,45.779100081409716,46.354488372802734,6871200
2017-06-16,46.34549629504769,46.750064849853516,46.07578506836524,46.750064849853516,6254500
2017-06-19,46.83996625373622,47.31645961926692,46.69612004120498,47.20857238769531,7674700
2017-06-20,47.36142409689983,47.46930792892804,46.444402950747126,46.534305572509766,7050100
2017-06-21,46.795015649705185,47.27150902230606,46.52530442590266,46.99280548095703,5135100
2017-06-22,47.640114159955516,47.82891166969081,46.90289846703656,47.47828674316406,7240900
2017-06-23,47.46930657022964,47.801950376708476,47.307479112036674,47.57719039916992,15792900
2017-06-26,47.66708388530764,48.35934484522945,47.37939146424458,47.5322265625,6127500
2017-06-27,47.52324549019562,47.83790805574227,47.28949321616261,47.50526428222656,5921800
2017-06-28,47.87387086838849,48.72795939139006,47.87387086838849,48.40430450439453,6745200
2017-06-29,48.64704548107808,49.0246405613994,48.260458081950205,48.4312744140625,7188300
2017-06-30,48.54814472197182,48.79987474529183,48.30540358681424,48.314395904541016,5012800
2017-07-03,48.78189413016337,49.18646269365877,48.314396489640245,48.602088928222656,3532100
2017-07-05,48.68300973972537,49.096567251795705,48.31440353469488,48.8448371887207,5793000
2017-07-06,48.70998959644014,49.30335588510781,48.44926716198593,48.88080596923828,6221400
2017-07-07,49.04262218056314,49.89671070741382,48.79988101422254,49.860748291015625,7493300
2017-07-10,49.4831497376398,50.121467150905616,49.12353245800479,49.276371002197266,7971800
2017-07-11,49.28535560850538,49.48314543807523,48.70997075473589,48.79987335205078,5442100
2017-07-12,49.267372093966706,49.97761423998371,49.22242079741613,49.878719329833984,12101600
2017-07-13,49.04262052416783,49.47415921767669,48.386321880108646,48.9976692199707,13257400
2017-07-14,48.9976717753717,49.797816692330876,48.9077691622887,49.56406784057617,9228700
2017-07-17,49.6269948356864,49.70790855028709,49.096561246540666,49.123531341552734,5387400
2017-07-18,48.9976702845965,48.9976702845965,48.44026655539849,48.51218795776367,6421200
2017-07-19,48.341367090823674,48.85381946676887,47.73900868340117,48.35934829711914,10733000
2017-07-20,48.35935428716982,48.46723810874124,47.43334091085683,47.49627685546875,8418300
2017-07-21,47.244540417159456,47.37939775788085,46.81300172824147,46.98381805419922,6847600
2017-07-24,46.8939183424462,47.1186783044843,46.228627345804895,46.32752227783203,8208700
2017-07-25,46.67815980993971,46.938882259042394,45.92296942699253,45.97690963745117,5815200
2017-07-26,45.985891976039575,46.09377580310263,45.518390819346294,45.96791076660156,8065100
2017-07-27,45.31161447378727,45.83305585706292,44.52944725452599,45.023921966552734,12402000
2017-07-28,44.94300640952636,45.293631424132656,44.412572727808744,45.248680114746094,8652600
2017-07-31,45.3745368342799,45.58131556320112,44.28669614099596,44.37660217285156,9575700
2017-08-01,44.754200727224735,45.1317992314977,44.28669961361115,45.014923095703125,7849800
2017-08-02,44.96098327636719,45.22170566690448,44.48449323333111,44.96098327636719,5215100
2017-08-03,45.059870823046545,45.617277931312614,44.889054507034686,45.464439392089844,5250300
2017-08-04,45.617280490984015,45.671220683506846,45.25766320286352,45.500404357910156,4426500
2017-08-07,46.03083504551879,46.345497580448146,45.572322860833836,45.62626647949219,6241700
2017-08-08,45.62627394469334,45.88699633318718,45.15877279519006,45.23069763183594,5847200
2017-08-09,44.95198872686644,45.041891332494345,44.502468839597775,44.655303955078125,6692200
2017-08-10,44.565414531949415,44.637339381378844,44.03498077088691,44.088924407958984,8925200
2017-08-11,44.0079918908306,44.57438783495122,43.56746094994477,44.48448181152344,6318900
2017-08-14,44.943001694143575,45.167761647059834,44.646316910103046,45.014923095703125,4666000
2017-08-15,45.17674686319083,45.24867168846743,44.82612191387846,44.880062103271484,4067600
2017-08-16,45.167754011637534,45.4015028141477,45.014915486117545,45.0688591003418,3696000
2017-08-17,44.9699680271508,45.08684415316311,42.704387479830984,42.73135757446289,12043200
2017-08-18,42.90217731930345,43.26179115613179,42.5245788466346,42.73135757446289,8395100
2017-08-21,42.97114591433699,43.342132704088776,42.84446455173889,43.26069641113281,4650400
2017-08-22,43.360214801148416,43.495943069744726,42.60919448293172,42.66348648071289,6762800
2017-08-23,42.49157603922486,42.52777071505335,41.43290765909851,41.785797119140625,10997800
2017-08-24,42.057251414039236,42.07534875243956,40.718079437844736,40.90809631347656,13780200
2017-08-25,41.107158770433294,42.5820588860592,41.03476942530895,42.238216400146484,13938800
2017-08-28,42.37394811179913,42.71778717371182,42.21107552385555,42.48252868652344,7816400
2017-08-29,41.74960745116035,42.346805867107086,41.49625159339952,42.18393325805664,5648800
2017-08-30,42.039155365148034,42.527773161801484,41.713410167379074,42.37395095825195,5960200
2017-08-31,42.527768434369456,42.83541625898452,42.38299319053379,42.69968795776367,5937200
2017-09-01,42.907804326327465,43.29688846102122,42.79017680781206,42.998291015625,6099600
2017-09-05,42.31964886122691,42.772071872206396,41.38765856315753,41.47814178466797,11344700
2017-09-06,40.91714276690326,42.93494920601583,40.34708874320786,42.88065719604492,18675300
2017-09-07,42.79922513334476,43.25164823930341,42.50062767830353,42.6363525390625,7329100
2017-09-08,42.509676751467,43.224506123107126,42.42824045024579,42.93495559692383,6110700
2017-09-11,43.387375839488776,44.527480529033205,43.378325444558136,44.174591064453125,12512600
2017-09-12,44.28317434500094,44.48224162505584,43.921237915109195,44.373661041259766,5813300
2017-09-13,44.3012767431543,44.45510241850288,44.0117261854904,44.319374084472656,6255100
2017-09-14,44.24697585635438,44.26506974092204,43.55929088450892,43.67692184448242,6283900
2017-09-15,43.47786640449743,43.839806324994754,43.29689644424877,43.658836364746094,17746200
2017-09-18,43.73121507816243,43.83979564717931,43.22450000322693,43.396419525146484,6011400
2017-09-19,43.44167039371803,44.31937243047043,43.206411868789075,43.342140197753906,6782300
2017-09-20,43.43262017129928,43.97552654275471,43.233552890965505,43.468814849853516,5535000
2017-09-21,43.432617325109874,43.749312112419744,42.90780487560859,43.577392578125,6235600
2017-09-22,43.66787457874837,44.02981442688123,43.52309932983806,43.85789489746094,4601600
2017-09-25,43.812647385184576,44.029811972300614,43.269741094965504,43.722164154052734,6603400
2017-09-26,43.84883798403334,44.382697282220384,43.67691848017143,43.885032653808594,5232000
2017-09-27,44.24697509956444,44.59081412789227,42.63634671518827,43.179256439208984,11658300
2017-09-28,42.943998194975585,44.084106296698025,42.943998194975585,43.71311950683594,8309100
2017-09-29,43.79455593607648,44.02076747820143,43.43261608799087,43.631683349609375,5533100
2017-10-02,43.749300740800564,43.90312634873502,43.34212282058559,43.49594497680664,8604800
2017-10-03,43.568352664806085,46.48195553331738,43.568352664806085,46.373374938964844,16065400
2017-10-04,46.346229373038,47.115347360337566,46.12906473861702,46.65387725830078,8265100
2017-10-05,46.60862552535286,46.843887466689246,46.3824139788371,46.762451171875,5276300
2017-10-06,46.50908957999508,47.52251621630172,46.50908957999508,47.06104278564453,6735400
2017-10-09,47.11533938194538,47.44108455255861,46.54528533337223,46.816741943359375,4624800
2017-10-10,47.712538567910016,48.59928740844494,47.477280080304524,47.685394287109375,11332100
2017-10-11,48.30069094149579,48.834550335563975,47.50442532199941,48.02018737792969,11817800
2017-10-12,48.04733464479473,48.12877094561836,47.54062295230504,48.0563850402832,5819300
2017-10-13,48.0563788386155,48.89788602129184,47.97494254830121,48.825496673583984,7242800
2017-10-16,48.66263186472365,48.725970828226664,48.210208724436626,48.51785659790039,4810900
2017-10-17,48.418311985889225,48.91598008883298,47.649194202326086,47.73967742919922,6547600
2017-10-18,47.821126910915716,48.065435832949916,47.65825429622625,47.830177307128906,5402400
2017-10-19,47.5677674260978,47.77588165087844,46.481951227999865,47.29631423950195,9567800
2017-10-20,47.61299767986478,48.21019592846646,47.53156139815938,48.201148986816406,6707800
2017-10-23,48.22829465946236,48.28258666607536,47.26010964433696,47.30535125732422,4095100
2017-10-24,47.504428542141504,48.30069421561366,47.079149696358435,48.11972427368164,5306700
2017-10-25,48.19211286549432,48.228307546241005,47.16963902226102,47.26917266845703,6043500
2017-10-26,47.83922480652222,48.517859558361664,45.911904596532864,46.083824157714844,10913600
2017-10-27,46.07476131625994,46.364315241078415,45.19706295478655,45.749019622802734,7574000
2017-10-30,45.44137899012863,45.84855703418341,45.25135865762668,45.54091262817383,3960500
2017-10-31,45.51376384790109,45.74902579636697,45.197069053867445,45.26945495605469,4755400
2017-11-01,45.414226677785685,46.08381434240756,45.19706553641012,45.55900192260742,5833700
2017-11-02,45.676635189529236,45.68568558437587,44.9165642529833,45.549957275390625,6437200
2017-11-03,45.68569198272309,45.866658484428996,45.133735178061706,45.60425567626953,4145000
2017-11-06,45.604249702769586,46.30097823684839,45.49566567391127,45.75807189941406,6259900
2017-11-07,45.758067898029225,45.803309513573474,45.02514130004191,45.16086959838867,4427000
2017-11-08,45.01609678753882,45.6042481765039,44.753690570818144,45.296600341796875,3511700
2017-11-09,44.970853804486026,45.2332600132415,44.43699444433809,44.50938034057617,5594200
2017-11-10,44.50938346831945,44.67225606094305,44.18364173478659,44.23793029785156,7048500
2017-11-13,43.9755229723226,44.246979587724915,43.73121754120332,44.210784912109375,5182500
2017-11-14,44.17458940988911,44.32841505251962,43.939330926218794,44.246978759765625,4855600
2017-11-15,44.029813901439724,44.826079486801056,43.74026340707454,44.63606262207031,6561300
2017-11-16,45.032122198548095,46.115590381927014,44.995702341099154,45.933494567871094,6969900
2017-11-17,45.5692951039733,45.69676110993763,45.09584745811424,45.359886169433594,5005600
2017-11-20,45.378088377263715,45.4327181447521,44.72254506015344,45.33256530761719,4254700
2017-11-21,45.52376841812998,46.142891946471586,45.287046350558384,46.133785247802734,4833900
2017-11-22,46.01542315748226,46.2794618318454,45.76959440616358,45.89706039428711,4160200
2017-11-24,45.960803034121454,45.960803034121454,45.50556528203247,45.62392807006836,1841200
2017-11-27,45.56928854241609,45.6694413821636,44.97748167519813,45.15047073364258,5032300
2017-11-28,44.895548860000396,46.142899342085286,44.68613990849625,46.05185317993164,8571700
2017-11-29,46.27946739716306,48.027578541397375,46.161104619734246,47.435768127441406,10936400
2017-11-30,47.799963561422246,48.71043905783029,47.59055461403101,48.1823616027832,9432600
2017-12-01,47.84548405144648,48.78327612374665,47.1262076146576,47.39935302734375,8852400
2017-12-04,48.50102763811916,49.284037080826636,47.79996112483894,48.173255920410156,8867100
2017-12-05,48.10952853777989,48.40998366532554,47.62697760432152,47.69981384277344,5536800
2017-12-06,47.535931200928005,48.054902025537196,47.42667509921787,47.61787414550781,4190400
2017-12-07,47.34473142881304,48.628501892089844,47.2718917133304,48.628501892089844,7115200
2017-12-08,49.12015722780996,49.7301741867633,48.59207973511427,48.67402267456055,6642700
2017-12-11,48.91075257873183,49.94869425445747,48.71044682615708,49.502559661865234,7356000
2017-12-12,49.593604640150566,49.884956540176766,48.74686209532799,48.819698333740234,6030500
2017-12-13,48.99269371810994,49.1383696764662,48.37357002679864,48.82880783081055,6289300
2017-12-14,49.96690079529756,50.622440851029594,49.09284159900701,50.303775787353516,13621800
2017-12-15,50.43124185178407,51.432767074318775,50.40392869578751,51.07767868041992,14378900
2017-12-18,51.460080153276664,51.68769904807715,50.8864795658866,51.05036544799805,8709800
2017-12-19,51.16872499418401,51.33261086588105,50.52228820759483,50.759010314941406,6444100
2017-12-20,50.98662209717965,51.54201264359115,50.69527024876509,51.186927795410156,7234700
2017-12-21,51.432764100976996,51.75142914647714,50.895583400570665,51.01394271850586,8245100
2017-12-22,51.14140873670592,51.196038518729594,50.86826677296458,51.01394271850586,3891800
2017-12-26,50.89558474997572,51.69680073510133,50.8864780494694,51.378135681152344,3276700
2017-12-27,51.32351661008733,51.4327761998365,50.91380183150125,51.09589767456055,3766400
2017-12-28,51.150514865975396,51.45096998078033,50.97752576794762,51.305294036865234,3651800
2017-12-29,51.469184254528955,51.61486021074649,50.97753007303774,50.98663330078125,3120200
2018-01-02,51.25067800147346,51.66039276123047,50.86827640130386,51.66039276123047,5297600
2018-01-03,51.41455329684323,51.53291261275999,50.139886190203015,50.70438003540039,9332000
2018-01-04,50.740799889461755,50.85916267856697,50.01242017417668,50.70438003540039,9026100
2018-01-05,50.731689777059934,51.032144849316275,50.440337930489186,50.95930862426758,5191300
2018-01-08,50.91379307899601,51.01394594912097,49.62091941459048,49.78480529785156,9654700
2018-01-09,49.89405415193645,50.276455648424275,49.05641840193453,49.32045364379883,10374700
2018-01-10,49.83942980165152,50.94110430989985,49.821219875086875,50.859161376953125,12318300
2018-01-11,51.98814423698732,53.90014467142819,51.22334475784858,53.28102111816406,25935300
2018-01-12,53.81820759385508,55.08376798862745,53.636111798428544,54.473751068115234,12268400
2018-01-16,54.81062654539233,55.34780723667776,53.62700907381771,54.036720275878906,12082900
2018-01-17,54.29165706910964,54.77420799074661,54.145981122585916,54.373600006103516,6088100
2018-01-18,54.446434507709064,54.67405338397305,53.92746374768223,54.127769470214844,5846600
2018-01-19,54.346289978308086,54.646748608170505,53.79090275255544,54.63764190673828,6192400
2018-01-22,54.53748968047705,54.77421180762812,54.07314518075823,54.74689865112305,7055600
2018-01-23,54.71957178855915,54.88345764331953,54.09134499410312,54.56479263305664,7427100
2018-01-24,51.38723225526709,52.02456575383687,50.586016373876426,51.715003967285156,21197900
2018-01-25,51.89710005760673,52.024566063441625,49.61180823239562,49.903160095214844,18385800
2018-01-26,50.358400393193726,50.89558106899125,49.92137257659057,50.31287384033203,9431500
2018-01-29,50.076141045015,51.16871208972558,50.076141045015,50.76810073852539,8781700
2018-01-30,50.622449871882104,51.478299292304,50.45856396044767,51.09589767456055,7026800
2018-01-31,51.259773736273885,52.14293614783607,51.20514742508523,51.68769836425781,8609600
2018-02-01,51.45095765588763,52.06097791272099,50.98661678126084,51.369014739990234,5492900
2018-02-02,51.059479833017086,51.232468968751675,49.65734639646549,49.73018264770508,8963000
2018-02-05,49.1656796658116,49.82122317277611,47.799966341761284,47.81817626953125,9476700
2018-02-06,47.22635670344719,48.71043253639444,46.670966169284775,48.34624099731445,12240800
2018-02-07,48.10042415141727,49.57539354471181,48.07310752361597,49.02910614013672,8995400
2018-02-08,49.02911446098896,49.074641023988036,46.62545919785616,46.64366912841797,12197900
2018-02-09,47.29919478123678,47.344717853766305,44.176264075719864,45.94258499145508,19053400
2018-02-12,46.63455075983405,47.79085492619657,46.179313063149024,47.39024353027344,10610200
2018-02-13,47.217258913604645,47.60876364757029,46.76202117394118,47.49950408935547,8220600
2018-02-14,47.24457627707827,47.8728066366433,47.11711025432265,47.526824951171875,7797900
2018-02-15,47.86370456039848,48.40088533190298,47.32652378889399,48.209686279296875,4877800
2018-02-16,48.13683556646162,48.72864599205844,48.045789411687416,48.11862564086914,5556500
2018-02-20,47.82728179981224,48.446405481049,47.61787283015698,47.77265548706055,6719400
2018-02-21,47.95474059000651,49.52075948540767,47.872801133244955,48.400875091552734,7604700
2018-02-22,48.77174910416344,48.94573993580974,48.03001048329031,48.12158203125,4899800
2018-02-23,48.350517496518194,48.97321384364166,48.194845156352756,48.954898834228516,4270200
2018-02-26,50.00798506925072,50.18197240456381,49.22045719521046,50.081241607666016,7397700
2018-02-27,49.989672440010935,50.37427714476079,49.01899793389871,49.10141372680664,5979200
2018-02-28,49.33033671955386,49.9072471602446,48.86331631067189,49.357810974121094,6328200
2018-03-01,49.33033999863823,50.328485147920986,48.54281218447729,48.85416030883789,7876800
2018-03-02,48.33219410442616,48.92741958081013,47.44393900794718,48.77174377441406,6860500
2018-03-05,48.45124106515627,49.53180200652671,48.14905218805048,49.257083892822266,5964000
2018-03-06,49.37613206098016,49.55012289846848,48.973212345905964,49.30287551879883,4690900
2018-03-07,48.863317254763224,49.13803535313283,48.652699929572194,49.01898956298828,4554400
2018-03-08,49.41276882735258,50.37428421745753,49.32119726381163,50.035465240478516,6740700
2018-03-09,50.31016449643979,51.36325454711914,49.980504895779475,51.36325454711914,6975900
2018-03-12,51.50978013731416,51.72039748579907,50.88708384908463,51.427364349365234,6337600
2018-03-13,51.61050769524539,52.205729687998,50.78634986745831,51.82112503051758,9137400
2018-03-14,51.848603380800014,52.43466970266194,51.29000782614073,51.418212890625,7157000
2018-03-15,51.71123940146912,51.784495935665625,51.10685814811883,51.592193603515625,4266300
2018-03-16,51.70208710045863,52.480459276949894,51.674616333096516,51.91270446777344,6546600
2018-03-19,51.77534936169356,51.94933671784512,50.85046056415857,51.244224548339844,6121000
2018-03-20,51.42736795951718,51.940177730890404,51.235065605213755,51.73871612548828,4363500
2018-03-21,50.81382695152288,51.61051056723013,50.13618564505234,51.23506164550781,9313900
2018-03-22,50.82298436469484,51.2808490887011,50.02630072302852,50.06292724609375,6631400
2018-03-23,50.16365024800489,50.5574141289111,49.302865958216714,49.357810974121094,7321400
2018-03-26,49.97135784765132,50.62152494532592,49.51349310395415,50.420066833496094,5808800
2018-03-27,50.649003580619684,50.804675930173595,49.41276656990747,49.68748474121094,6699600
2018-03-28,49.87979452577124,50.24608428522392,49.192997296912175,49.38529968261719,7473500
2018-03-29,49.46771201917306,50.56658820689707,49.22046461494282,50.191139221191406,5960300
2018-04-02,49.98966863850305,50.0262986532834,46.65641414456159,47.5721435546875,10228200
2018-04-03,48.066638767841,49.238771306998075,47.865177177711935,49.19298553466797,6776300
2018-04-04,48.34136710342004,49.431084085208994,48.16737624130084,49.321197509765625,6378300
2018-04-05,49.73327197877244,49.888944321955414,49.1746764071518,49.64169692993164,4417800
2018-04-06,49.312027720389516,49.72410665678783,48.084950161575925,48.579444885253906,6918700
2018-04-09,48.86331623476016,49.17466433794114,48.0574734688982,48.130733489990234,6179300
2018-04-10,48.85416387176924,48.88163813016643,47.09596503649371,47.947593688964844,12220000
2018-04-11,47.61793825215571,48.11243306468818,47.031871878738464,47.13260269165039,7799600
2018-04-12,48.16736456574358,49.119723970688405,47.57214255757587,48.515342712402344,12713600
2018-04-13,49.10141479075297,49.852312700971176,48.07579872929921,48.46040344238281,9925900
2018-04-16,48.78090192630217,50.20944094153537,48.78090192630217,49.72410202026367,9490400
2018-04-17,50.3651123377661,50.548258899458546,49.47685378415731,49.953033447265625,7380400
2018-04-18,50.374276047330575,51.299164757951594,50.10871715883991,50.55742263793945,7504900
2018-04-19,50.40175134040949,50.575738683780045,49.962201609870135,50.429222106933594,5217500
2018-04-20,50.575735163219505,51.11601565771281,50.51163438363814,50.73141098022461,7445700
2018-04-23,51.070237939797984,51.09770870874222,49.60506854902385,50.007991790771484,5360400
2018-04-24,50.15450536953886,50.63984088898245,48.63439453213494,49.27540588378906,7655000
2018-04-25,49.39443859342314,50.32848292525454,48.72595660454216,50.04460906982422,7219800
2018-04-26,49.35781049456579,49.48601203720035,48.33219116702928,48.6526985168457,12130500
2018-04-27,48.780910194538386,49.17467415342994,48.61607860741026,48.99152755737305,5699000
2018-04-30,49.03730760222849,49.2479249404489,47.81938934326172,47.81938934326172,8200000
2018-05-01,47.865176435201576,48.39629767380664,47.480568268487836,48.295570373535156,6799500
2018-05-02,48.3596726326171,48.689332294308336,47.874333657546416,47.947593688964844,5142800
2018-05-03,47.636246014681866,47.727817561633174,46.784617353758414,47.425628662109375,7083100
2018-05-04,47.233337763604915,48.06665161842853,47.233337763604915,47.929290771484375,4535200
2018-05-07,47.98422813171902,47.98422813171902,47.13259940067626,47.526363372802734,6055800
2018-05-08,47.67287886871323,48.58860836566194,47.57214806513194,47.95675277709961,6361100
2018-05-09,47.77359748502114,47.87432827027101,47.1234304988831,47.26994705200195,8403900
2018-05-10,47.48642277826721,48.19572574272851,47.27455360924518,47.95622253417969,7590700
2018-05-11,47.90094709772216,48.895814608775886,47.79040743449148,48.730003356933594,7810800
2018-05-14,48.7300107625538,49.06162980264281,47.762777141816734,47.98386001586914,10466400
2018-05-15,47.87331640094564,48.5641954938329,47.67986758430269,48.241783142089844,6572800
2018-05-16,48.27863960101092,49.73409350661122,48.27863960101092,49.2642936706543,6997400
2018-05-17,49.20901277220781,49.71566024743062,48.82212217002976,48.91423797607422,6069600
2018-05-18,48.83133772523225,49.03399673765017,48.64710609284484,48.77606964111328,5819000
2018-05-21,49.07084496583875,50.06570914396295,49.043210923499885,49.724876403808594,5413600
2018-05-22,50.093344662265515,50.65526026024901,49.209016689475355,49.3011360168457,4943600
2018-05-23,49.0155687637922,49.245861798969564,48.80369959310816,49.19059371948242,3692000
2018-05-24,49.310348261110505,50.26836822199198,49.310348261110505,50.11177062988281,5251200
2018-05-25,50.34207249538766,51.696193518534116,50.314434934184895,51.46590042114258,7597300
2018-05-29,51.02372542910234,51.217170739529585,49.57748541763456,49.95516586303711,6544600
2018-05-30,50.19467327183361,50.39732876045473,49.43930885681556,50.02886199951172,4149700
2018-05-31,50.130192799327034,50.51708697655097,49.68803053535204,49.78936004638672,5365500
2018-06-01,50.130191802978516,50.41575646349211,49.80778292336094,50.130191802978516,4317800
2018-06-04,50.46181990656583,51.06058333608037,50.15783486016152,50.839500427246094,4472400
2018-06-05,50.627622037066864,50.66446976752884,50.01043836479724,50.36048126220703,4968300
2018-06-06,49.00636009982711,50.02886176978594,48.48129224454981,49.89989471435547,10825300
2018-06-07,49.6603930601169,49.807780471256464,48.72079699635482,49.24586486816406,6858000
2018-06-08,48.877399932072734,49.87226411611172,48.877399932072734,49.82620620727539,5858500
2018-06-11,50.07492451153271,51.438259031813686,49.96438482448109,50.56314468383789,6800800
2018-06-12,50.517083560752305,50.517083560752305,49.72487490694949,50.249942779541016,5253700
2018-06-13,50.323636224181115,50.72895071066692,50.0933431835429,50.34206008911133,4384900
2018-06-14,50.46180636658699,51.125051401133405,50.305208796759466,50.572349548339844,5456100
2018-06-15,50.342067737499825,50.83028793334961,49.85384402765658,50.83028793334961,8125300
2018-06-18,50.41575047051104,50.71973896143777,50.019646171784416,50.48023223876953,5836500
2018-06-19,50.047289326246144,50.14861532056856,49.11690339897823,49.54064178466797,5830800
2018-06-20,49.74330417541429,50.286795972705406,49.476163365187894,49.595916748046875,4541300
2018-06-21,49.55906108471902,50.02886085016905,49.19059433224102,49.49457931518555,4806800
2018-06-22,49.28271457382191,49.734090515141034,48.28784687327849,48.56420135498047,10311600
2018-06-25,48.15888505234877,48.45365989702473,46.72185856305184,47.265350341796875,7547800
2018-06-26,47.46800798074962,47.55091362915858,46.89688213281759,47.04426956176758,4810300
2018-06-27,47.007414921596514,47.14559215331385,45.782257757274216,45.957279205322266,9035800
2018-06-28,45.89279062268121,46.06781204475196,45.183487732195886,45.874366760253906,6871800
2018-06-29,45.88359319207881,46.35338951548186,45.607238692907515,45.6348762512207,6703900
2018-07-02,45.36773297087595,46.215209747777585,45.05453426767464,45.98491668701172,8300000
2018-07-03,45.367724489230945,45.625651544590575,44.78738510067921,44.93477249145508,6449500
2018-07-05,45.22955426734023,45.395365546853334,44.69527621090374,45.3769416809082,6335900
2018-07-06,45.450643319422724,45.85595788330071,45.211140057584274,45.67172622680664,4903000
2018-07-09,45.67172110473484,46.777124975702876,45.413790489381526,46.52840805053711,7895600
2018-07-10,46.61130905151367,46.66658064515637,45.699350597362724,46.61130905151367,7366600
2018-07-11,46.18756765781227,46.18756765781227,44.962410615270564,45.911216735839844,10426500
2018-07-12,46.8876764216613,47.23771940251117,45.24798716517902,46.731075286865234,12625600
2018-07-13,46.51920069282175,46.970576661542864,46.362603090077606,46.76791763305664,6835900
2018-07-16,46.88766921991046,46.896879396310254,46.14151842776888,46.67579650878906,8603200
2018-07-17,46.61131174539646,47.5048499006344,46.61131174539646,47.10874557495117,5299000
2018-07-18,48.3062786847614,49.32878059605222,48.25101059052543,48.637901306152344,10212300
2018-07-19,48.69316474565762,49.04321117773498,48.29706040477899,48.82212829589844,6391400
2018-07-20,48.50892637402143,48.720795551627376,47.87331884120358,47.89174270629883,6697500
2018-07-23,47.71672175673463,48.25100334743845,47.28377318957088,48.122039794921875,4509200
2018-07-24,48.25100724170462,48.4168185408921,47.504856395360974,47.60618591308594,4652700
2018-07-25,47.54125632606659,47.96788754838921,47.54125632606659,47.91223907470703,4727600
2018-07-26,47.91224271180758,50.305074192479616,47.7731232860182,50.063934326171875,10322100
2018-07-27,50.03610983679329,50.79662131438619,50.00828382998606,50.50910949707031,6561000
2018-07-30,50.37926736034603,50.89864252724017,49.8506192163439,49.887718200683594,5676700
2018-07-31,50.01756138829196,51.05630818994906,49.90626797260288,50.47201156616211,6048100
2018-08-01,50.81516944926022,50.88936387687255,49.51673335548387,49.70222473144531,4203400
2018-08-02,49.34979014921035,50.175223035280304,49.099377329062115,49.99900817871094,4483600
2018-08-03,50.23087972553407,50.49056556463641,50.09176029004113,50.32362365722656,3147300
2018-08-06,50.17522676568865,50.57403200469121,49.93409044203668,50.47201156616211,3122300
2018-08-07,50.63895724361264,51.09341099340421,50.56476280692566,50.73170471191406,4425300
2018-08-08,50.88936375970506,51.52003231374967,50.870814268356256,51.22324752807617,3562200
2018-08-09,51.204701673092494,51.67770489119371,51.13050724038197,51.32527160644531,2890400
2018-08-10,50.80589206134986,50.85226755800842,49.9433601852148,50.740970611572266,4204400
2018-08-13,50.89863712170509,50.89863712170509,49.85988689823412,50.28651809692383,3896600
2018-08-14,50.3236229728632,51.06558856812978,50.3236229728632,50.787349700927734,3459900
2018-08-15,50.82444230896109,51.52003231374967,50.41636411314847,51.22324752807617,4896500
2018-08-16,51.3160022588994,51.75190298454761,51.213981810996344,51.42729568481445,3366100
2018-08-17,51.464389126778045,51.92811581239778,51.29744723691863,51.6127815246582,3266500
2018-08-20,51.909567065821335,53.514060996551116,51.8075466274474,53.254371643066406,7005800
2018-08-21,53.35639278476348,53.820119483154826,53.27292183753488,53.42131423950195,4732300
2018-08-22,53.32856970972171,53.32856970972171,52.660802139472125,52.7813720703125,4246100
2018-08-23,52.6886186569054,53.16161824200237,52.60514772565849,52.80918502807617,3051900
2018-08-24,52.66080129389014,53.21727543948071,52.44748744303093,53.03178405761719,3149600
2018-08-27,53.30074662109232,53.72737432470509,53.11525523840516,53.56043243408203,4278900
2018-08-28,53.74591022834549,54.59916541984497,53.616067354678435,54.52497100830078,7035300
2018-08-29,54.53425627093567,54.59917772239761,54.172550030518046,54.27457046508789,4543300
2018-08-30,54.09835008766011,54.43223028773536,53.95923068416371,54.20036697387695,3020300
2018-08-31,54.200373550352076,54.515707836979146,54.107629628736866,54.23747253417969,6076700
2018-09-04,54.25602238517182,54.886690962599864,54.2003739090621,54.608455657958984,5017400
2018-09-05,54.71974696974607,55.276217557646746,52.81846833347275,53.05960464477539,9495500
2018-09-06,53.05960999566197,53.347121833245716,52.10433409284636,52.3454704284668,7618100
2018-09-07,52.011591856701706,53.49551598099175,51.649882034573956,52.73500442504883,6307600
2018-09-10,52.91121311698845,53.55115819528341,52.69789927020805,53.38421630859375,3894900
2018-09-11,53.17090068625262,54.218920393530546,53.01323178166471,54.04270553588867,4717500
2018-09-12,54.10762863214233,54.14472761528663,53.01323339506187,53.22654724121094,5116100
2018-09-13,53.22654952581131,54.0241600078801,53.22654952581131,53.6253547668457,3568400
2018-09-14,53.56970611487836,54.09835780076547,53.44913972180861,53.72737503051758,3449300
2018-09-17,53.597537852528696,54.12618605698066,53.597537852528696,53.75520324707031,3944600
2018-09-18,53.671727557951534,54.07053280514698,52.790646115590576,53.6346321105957,3746900
2018-09-19,53.66245545744338,54.04271121819729,53.5604350151514,53.699554443359375,3423000
2018-09-20,53.977786137074936,54.21892245342794,53.69955083729722,53.912864685058594,3448100
2018-09-21,54.20037347922283,55.86051585481474,54.15400151847608,55.28549575805664,11936300
2018-09-24,54.86813758918682,54.86813758918682,52.98540850508229,53.245094299316406,6640000
2018-09-25,53.272918658711625,53.37493909234274,52.31764284917252,52.957584381103516,4635500
2018-09-26,53.235820329089115,53.745918931649086,53.031779472883706,53.33783721923828,5306700
2018-09-27,53.625351664879666,54.3302181822876,53.625351664879666,53.792293548583984,3897600
2018-09-28,53.79229749123141,54.04271033514162,53.36566977403059,53.6346321105957,4642500
2018-10-01,53.783021469285124,53.92213734939074,52.23417253084219,52.493858337402344,5839900
2018-10-02,51.41801744827689,51.5664098571828,50.277250141446345,50.72242736816406,8604600
2018-10-03,51.00065654345411,51.19542087978297,50.31433957140275,50.3792610168457,6966700
2018-10-04,50.3143418368935,50.48128371496463,49.19212418604584,49.674400329589844,7681100
2018-10-05,49.84134136377432,49.95263476795286,48.72839670812835,48.87678909301758,5621700
2018-10-08,48.57072807894682,48.88606234083264,47.86586513129511,48.35741424560547,5495700
2018-10-09,48.71912987517773,49.09011268009727,47.07753680103323,47.170284271240234,8284700
2018-10-10,47.049709225639866,47.14245668578689,46.0758838907961,46.10370635986328,13082900
2018-10-11,47.76385360158036,48.78405100118971,46.9940655249291,47.745304107666016,15887500
2018-10-12,48.7469518837768,48.886067770736496,47.63400709832955,48.273948669433594,9677300
2018-10-15,48.2275778916807,48.69130460217763,48.0049875139424,48.079185485839844,6494400
2018-10-16,48.28321674092087,49.35906235318719,48.24611776237123,49.257041931152344,6684000
2018-10-17,50.94501439285,51.26962166032701,49.80424716120437,50.3607177734375,9184200
2018-10-18,50.351446242397195,50.360719219754046,49.11793151465132,49.27560043334961,5871200
2018-10-19,49.275602552459546,49.69295731054584,48.93244223028074,49.51673889160156,4989800
2018-10-22,49.65585094670224,50.4812838245381,49.433260596139704,50.30506896972656,6174200
2018-10-23,49.43326445839994,49.757875264251,48.255398240959764,49.572383880615234,7679800
2018-10-24,49.61875461794261,49.711498538495576,47.6432779761713,47.77312088012695,6759100
2018-10-25,47.68037652912539,50.04538186141289,47.634004569267546,49.81351852416992,9174400
2018-10-26,49.44254082036164,50.258697245105665,48.357418529122405,49.41471481323242,9573000
2018-10-29,50.221595848008285,50.79661588320501,48.746945011232626,49.544551849365234,10819700
2018-10-30,49.516733405918025,51.213974721456346,49.507460429189685,51.1212272644043,7526200
2018-10-31,51.57568530005553,52.05796150345683,50.71315333562011,50.759525299072266,8699500
2018-11-01,50.94502098409927,52.15070982523191,50.815178060309435,51.97449493408203,6401100
2018-11-02,52.4011126041964,52.892661731878206,51.603502182555516,52.04867935180664,6488600
2018-11-05,51.95593836470366,52.28982214495789,51.52003414737689,51.983760833740234,5206000
2018-11-06,51.9930894752742,52.142414309581135,51.09714046943263,51.76910400390625,5983100
2018-11-07,52.08642624269689,53.43034991970933,51.92776658377868,53.001041412353516,7204600
2018-11-08,52.81438666437514,53.15969973384461,52.1517578239867,52.945045471191406,4150400
2018-11-09,53.03837512605904,53.39301943758959,52.61839785168293,52.870384216308594,6061600
2018-11-12,52.8237153356669,53.37435139482779,52.450404985843505,52.91704559326172,4553900
2018-11-13,53.31835592912387,54.05564537105497,53.00104017885767,53.02903747558594,6004400
2018-11-14,53.13169873363981,53.719666883535055,52.45973513375953,52.66505813598633,5543300
2018-11-15,52.41307289211567,52.50639958954177,51.33046682512054,52.35707473754883,6969000
2018-11-16,52.08643376528042,52.282421995615586,51.23714787364219,52.17042922973633,6719500
2018-11-19,52.263740802618024,52.81437678562443,52.039751775554066,52.441062927246094,5640400
2018-11-20,51.89042254293736,52.702379582013,51.59177290563983,51.71310043334961,5623600
2018-11-21,52.08641583844731,53.49566863463835,51.955753503008715,52.235740661621094,6509100
2018-11-23,52.72105117750035,53.840985655130865,52.51572819518181,53.34634780883789,3778200
2018-11-26,53.68233927055437,53.94365688783417,52.786390102578885,52.9263801574707,5927100
2018-11-27,53.4863394432206,55.06358317102934,53.45833859017411,54.419620513916016,8879800
2018-11-28,54.47561638116492,54.99825507471581,53.85965100242291,54.942256927490234,6204000
2018-11-29,54.59694820333334,55.46489997240627,54.45695460437896,54.93292999267578,6793700
2018-11-30,55.30623796257974,57.22879836388633,55.22224251882886,56.65949630737305,10846900
2018-12-03,56.93015614053645,56.995485543095995,55.81955273683864,56.10886764526367,6759400
2018-12-04,54.11164264412769,55.24091202280386,52.571730825983416,53.141029357910156,14429000
2018-12-06,52.85172036256136,54.34496900002933,52.739724044612075,54.204978942871094,9052500
2018-12-07,53.76632087534416,54.20496410006905,51.79709732628296,52.32906723022461,8193600
2018-12-10,52.47840155260024,52.870381508672054,51.61978455579048,52.56239700317383,5698400
2018-12-11,52.90771130324425,53.15969766092911,51.91843548439109,52.16108703613281,7319200
2018-12-12,52.69305012440477,53.16902547976634,52.26374167225561,52.51572799682617,6175700
2018-12-13,52.478401066429456,52.68372406819279,49.79055023316079,49.97720718383789,10174900
2018-12-14,49.37057045986655,51.07847298164231,49.32390355780966,49.93986892700195,5551600
2018-12-17,49.80921891975628,49.80921891975628,48.642617366528626,48.89460372924805,5792700
2018-12-18,49.86521469060999,50.023870785370434,49.14658774097597,49.417240142822266,6099500
2018-12-19,49.65055754911601,49.781216339583985,47.979983447709735,48.46529006958008,8003600
2018-12-20,48.09197327342097,48.58661467045222,46.68272039854488,47.51333999633789,8428800
2018-12-21,47.14003264622243,47.858659609651006,46.00143198380853,46.1507568359375,11680200
2018-12-24,45.96410370599914,46.15076067674083,44.70417538381757,44.760169982910156,5381300
2018-12-26,45.170806102719546,47.0933628663089,44.713496802921355,47.04669952392578,7452700
2018-12-27,46.692052088684804,47.13069534301758,45.09614226913788,47.13069534301758,7136300
2018-12-28,47.15870115668969,47.690671192648466,46.39341080460213,46.832054138183594,5854800
2018-12-31,46.93469967225505,47.28001262574328,46.25340500826615,46.57072067260742,6231700
2019-01-02,45.96410192057708,46.8133877222859,45.61878885223888,46.7480583190918,5270700
2019-01-03,45.27346481901902,45.67477597882382,42.072313905515344,42.566951751708984,18694100
2019-01-04,43.276244246750046,45.57211849226329,43.15492026529845,44.601505279541016,11037000
2019-01-07,44.79749864273306,45.20814109862473,43.98554497668541,44.65750503540039,9375500
2019-01-08,45.24546882151309,45.42279095480648,43.817549829778784,44.3028564453125,8231400
2019-01-09,43.95754709585161,45.46946534076228,43.78955617975042,45.23614501953125,8095300
2019-01-10,43.565560972124125,45.646777347230575,42.76293867603599,45.47878646850586,11880200
2019-01-11,45.00282126882545,45.42279496688843,44.41485310727787,45.32013702392578,6577900
2019-01-14,44.39618376126642,44.70416824785561,43.30424653103573,44.56417465209961,10095100
2019-01-15,44.76950616655648,46.00143722708313,43.724228522326946,44.63884735107422,11569500
2019-01-16,45.62812052813579,45.89877294973826,44.246864681586466,44.33086013793945,9823000
2019-01-17,44.27485732929627,45.329466046012946,44.16286458598547,45.0028190612793,7312700
2019-01-18,45.3947958122835,45.45079396448705,44.741498277315976,44.9001579284668,7850200
2019-01-22,44.8441680411043,44.8441680411043,43.71489846492867,43.957550048828125,8144400
2019-01-23,44.13487193985333,44.61084381920717,43.80822136052163,44.144203186035156,8099900
2019-01-24,45.04014383513477,45.31079620566841,44.02286730466767,44.349517822265625,9057200
2019-01-25,44.470853980541364,44.93749461597124,43.77089302739655,44.508182525634766,11839200
2019-01-28,44.265522547558845,45.208134885470756,44.17219586228691,44.80682373046875,8212100
2019-01-29,45.180141201536834,45.254805403867444,44.67616851636053,45.0028190612793,7476500
2019-01-30,45.152148923328376,47.084040871002294,45.13348287067144,46.91604995727539,13005200
2019-01-31,46.72938707619724,47.04670281083041,45.81477197288636,46.13208770751953,8287100
2019-02-01,46.31874857866081,47.12137100846285,46.26275042302856,46.58939743041992,6172900
2019-02-04,46.65472964578298,47.037374802685704,46.253418437301434,46.98137664794922,5356200
2019-02-05,47.009366337807116,47.653332552416565,46.682719388501404,47.168025970458984,8727600
2019-02-06,46.82271771869502,47.39201984006528,46.53340281518154,47.14936828613281,6228100
2019-02-07,46.98137013255244,47.28935104042892,46.63605712669553,47.04669952392578,5673900
2019-02-08,46.729385407599224,47.15869386848359,46.58939181548327,47.102699279785156,4456600
2019-02-11,47.233360290527344,47.625336670608604,47.22402548518154,47.233360290527344,6963900
2019-02-12,47.46668143735895,47.66266963093305,46.5520663071613,46.561397552490234,8301700
2019-02-13,46.710717762471575,47.34534918739956,46.561392930734684,47.04669952392578,5754900
2019-02-14,46.72938870012582,47.34535414050373,46.62672720003197,47.11203384399414,5780000
2019-02-15,47.4946713947961,48.03597610504779,47.19602174782434,47.6719970703125,6492000
2019-02-19,47.59733867813009,48.735942821062224,47.59733867813009,48.36262893676758,7904800
2019-02-20,47.76534049006255,48.19464906301954,47.19603828844373,47.82133865356445,7497300
2019-02-21,47.78399719729884,48.399962634584256,47.690666943052456,48.04531478881836,6615000
2019-02-22,48.15730605718253,48.49328784179765,47.82132783275247,48.082645416259766,5413200
2019-02-25,48.35330201582344,48.40929661134552,47.849329295012524,47.97998809814453,6180400
2019-02-26,47.97066032722489,48.49329557761201,47.672010595522075,47.7093391418457,6826800
2019-02-27,47.56934903858891,47.62534363811523,46.6174016845996,47.06537628173828,9041600
2019-02-28,47.07476104314182,47.14994346463271,46.557869795793756,46.595462799072266,9483800
2019-03-01,46.39811776681388,46.73644774608454,45.31734542755195,46.01279830932617,11393900
2019-03-04,46.0879706205552,46.58606539447741,45.514689835817244,45.85301971435547,10194100
2019-03-05,47.01837617865453,47.45068858889175,46.435698910595406,46.7270393371582,9800700
2019-03-06,46.811630086577985,47.25333544905555,46.46390008805397,46.717647552490234,8702600
2019-03-07,46.52968001035245,46.80222394611598,45.824827229281226,46.60486602783203,8183600
2019-03-08,46.28533262367708,46.614262487483664,45.97519567917375,46.60486602783203,8570100
2019-03-11,46.802225911081486,48.20253507236351,46.77403294587629,48.04276657104492,8868100
2019-03-12,48.10854464263922,48.23072011356703,47.00897615948744,47.61984634399414,8073900
2019-03-13,47.9111946788447,48.01457366481309,47.06537345604901,47.948787689208984,10536300
2019-03-14,48.28711593561803,48.94497925388204,47.77962106852294,47.873600006103516,8048800
2019-03-15,48.20253737036368,48.371702339793146,47.91119690410916,48.10855484008789,8192400
2019-03-18,47.995767926212096,48.164932855240664,47.48827313912638,47.68563461303711,6415200
2019-03-19,47.92059920186719,48.296518585437134,47.760830685422945,47.89240264892578,5606600
2019-03-20,47.826611718893915,47.826611718893915,46.774032534707004,46.868011474609375,7753000
2019-03-21,46.71764468943616,47.563469519054685,46.70824822913679,47.27212905883789,5128700
2019-03-22,47.027772995109366,47.21573443208541,46.53907469299813,46.764625549316406,5896200
2019-03-25,46.614266825637166,47.02778279012543,46.022193015684,46.07857894897461,6454000
2019-03-26,46.388707583958,46.642454993355464,45.74964083104581,46.13496017456055,5321500
2019-03-27,46.09737286360172,47.488281972625316,46.03158688841638,46.96199417114258,7907200
2019-03-28,47.09356234782695,47.60105718864755,46.89620443808555,47.29092025756836,6600100
2019-03-29,47.676241760002775,48.634841974047056,47.34731189565423,48.540863037109375,9162100
2019-04-01,48.700618217590694,49.179920021392064,48.418677878036554,49.03894805908203,8501400
2019-04-02,51.24749423487856,52.57261729867855,50.674213408506475,51.99934005737305,15920700
2019-04-03,52.59142031642739,54.10450502325323,52.45045189605005,53.568817138671875,13277600
2019-04-04,54.00112080055728,54.19847872101153,52.976734604066195,53.775569915771484,8998000
2019-04-05,53.982319822836885,54.696572597295614,53.87894443383163,54.25486373901367,6918300
2019-04-08,54.038707015248875,54.414629889381445,53.484222747689756,54.23606491088867,7921600
2019-04-09,53.75677098737319,53.9823218619892,53.362051579195395,53.521820068359375,9581600
2019-04-10,55.420231285017316,55.420231285017316,53.352662206071564,54.37704849243164,14398200
2019-04-11,54.461617420879556,55.29804202184087,54.33944195335953,54.87512969970703,8452400
2019-04-12,55.28865620316054,55.298052663209035,54.08570496814735,54.555606842041016,7693900
2019-04-15,54.508621116105374,54.96912656158472,53.916543710508215,53.991729736328125,5327000
2019-04-16,54.1890908689317,54.62139978766356,54.17969440768415,54.612003326416016,3970200
2019-04-17,55.30745085092009,55.4390263911765,54.593201557719794,54.91273498535156,4987600
2019-04-18,54.97851384977136,55.05369986304738,54.52740852531454,54.66837692260742,4108100
2019-04-22,54.31125557478729,54.48042052413954,53.83195368993375,54.27366256713867,4043900
2019-04-23,54.18908869351881,54.893941566007385,54.18908869351881,54.73417663574219,4593000
2019-04-24,54.73417557642587,55.00671595719575,54.32065960479275,54.36764907836914,3275200
2019-04-25,54.358247677773626,54.95972148905226,52.986135097660906,53.296268463134766,5557400
2019-04-26,53.155300285136356,54.01052153644738,53.08011426586796,53.67219161987305,3714100
2019-04-29,53.79436196277905,54.41463222214249,53.61579697663118,54.25486373901367,3215500
2019-04-30,54.33944577780018,55.044298502609145,54.283056269191576,54.78115463256836,4030300
2019-05-01,55.026982385846836,55.32007912077431,53.99640818634927,54.062591552734375,5629800
2019-05-02,54.19496624288544,54.91353376446291,54.128782866782714,54.51642990112305,3426100
2019-05-03,54.5826088960553,54.97025589928045,54.3840587836841,54.6487922668457,4673000
2019-05-06,53.873500419899955,54.809528083449656,53.64658702715802,54.582611083984375,4105400
2019-05-07,54.128771292443766,54.365141472760115,53.25893076010651,54.053131103515625,4784800
2019-05-08,53.67494430810258,53.968044648293876,53.117110503688785,53.37239074707031,3641400
2019-05-09,53.079286075211726,53.6371198341021,52.65381903763048,53.50475311279297,5003500
2019-05-10,53.183296122854,53.76949322134788,52.05817524551972,53.53312301635742,3737800
2019-05-13,52.41745069121246,52.49309088129889,51.12214309312592,51.81234359741211,5223700
2019-05-14,51.90689521859456,52.597095741278004,51.7650716617636,52.23781204223633,2463400
2019-05-15,51.60434397381312,52.3512710672885,51.1410567932517,52.0487174987793,2998900
2019-05-16,52.133816030220196,52.90911007642992,52.133816030220196,52.36073303222656,2731400
2019-05-17,51.77452454132086,52.51200198257131,51.519247911463495,51.897438049316406,3969900
2019-05-20,51.05596051380628,51.68943088525062,50.81959032624236,51.32069396972656,3722800
2019-05-21,51.69889374390068,52.02981060240701,51.613800322181454,51.84071731567383,2816800
2019-05-22,51.51924697762048,51.850163793083915,50.95195637103961,51.11268997192383,3616700
2019-05-23,50.72505236183362,51.95417682585496,50.33740533225635,51.05596923828125,5278900
2019-05-24,51.45306184501793,51.64215872063022,50.78177136298104,51.16941833496094,2502800
2019-05-28,51.18832446287851,51.65161159231113,50.93304424136128,50.942501068115234,3454100
2019-05-29,50.819592937167826,50.819592937167826,49.930842284686946,50.30903244018555,3929600
2019-05-30,50.46976780620425,50.86686802429253,49.98757056227061,50.13884735107422,3775200
2019-05-31,49.609382150262974,49.921388960277014,48.51262449092052,48.692264556884766,5615100
2019-06-03,48.673343563130544,49.826831113455846,48.60716020598622,49.25954055786133,7244600
2019-06-04,49.968651731099,51.405782775526475,49.940288465284006,51.349056243896484,7619300
2019-06-05,51.85962017668802,52.21890388876487,51.28287992123379,51.9447135925293,6379100
2019-06-06,52.05817015719512,52.20944692933384,51.396332926567204,51.70833969116211,6192000
2019-06-07,51.925799587257714,52.8050969483773,51.925799587257714,52.067623138427734,4234800
2019-06-10,52.474186912918746,52.852380693719155,51.67052963712188,51.74616622924805,3312900
2019-06-11,52.020359607956394,52.294549934871235,51.509799055781876,51.88799285888672,2833700
2019-06-12,52.04870906825552,52.455266036348775,51.90688913476964,52.426902770996094,3856200
2019-06-13,52.653813666086485,54.11931149121984,52.63490362115394,53.43856430053711,6300400
2019-06-14,53.485854157635075,53.54258430998462,52.7389233819547,52.937477111816406,4382500
2019-06-17,52.73892168549092,52.89019848016682,52.24727120111342,52.634918212890625,4057300
2019-06-18,52.89964799289981,53.43857172482287,52.43636084449295,52.975284576416016,3642500
2019-06-19,53.21165610301911,53.47639316881042,52.899649327220295,53.287296295166016,3196800
2019-06-20,53.75057663694453,53.77894351066614,52.31344913925021,52.918556213378906,5055700
2019-06-21,52.946930333846296,53.760044483906114,52.530920036786505,52.937477111816406,8573500
2019-06-24,53.04146675245089,53.164380255477056,52.63490975582198,53.01310348510742,2896000
2019-06-25,52.994197998466966,53.62767200852625,52.81455794529467,52.87128448486328,3579600
2019-06-26,53.0131016245687,53.71275891717491,52.79564150021446,53.30620193481445,4437700
2019-06-27,53.65603800383779,54.289508439352005,53.41966779236714,53.72222137451172,4375400
2019-06-28,53.78840311428754,54.28950679326012,53.608763057436995,53.656036376953125,8034800
2019-07-01,54.17604845900708,54.74333909613355,54.12877514092728,54.63933563232422,5009000
2019-07-02,55.405176249607884,55.99137697220327,54.92298260409047,55.34844970703125,6837100
2019-07-03,55.78336641123997,56.36956348906887,55.67936294763486,55.92518997192383,3303900
2019-07-05,55.925188591929526,56.1521019553569,54.69606071426023,55.49972152709961,5896900
2019-07-08,55.68881287822252,56.41682981984763,55.63208273963039,56.13318634033203,7800600
2019-07-09,56.322303687714694,56.7194075888956,55.3673694510033,55.74555969238281,7870200
2019-07-10,56.1048277343245,56.41683450568941,55.55644716922104,56.22774124145508,7781300
2019-07-11,56.96521655223526,57.47577703508041,56.227742703718654,56.880123138427734,12695600
2019-07-12,56.9463099982769,58.846728487682874,56.74775988945035,58.28889465332031,10045700
2019-07-15,58.213256673980105,59.0074607462743,57.9674332355972,58.3361701965332,5889000
2019-07-16,58.50635370691148,59.81111463175639,58.35507692112991,59.71656799316406,10319700
2019-07-17,59.78274513626154,59.82056523044944,58.79944432771229,58.85617446899414,7532000
2019-07-18,58.40235047018362,59.24382781982422,58.279436954151585,59.24382781982422,4482200
2019-07-19,59.432921616224,59.65038175992066,57.54196008141177,57.5892333984375,7902700
2019-07-22,58.099797448211184,58.269984285338715,57.73106050334257,57.94852066040039,4786300
2019-07-23,58.09979136647824,59.66928922824549,57.92960454716542,59.6503791809082,7452200
2019-07-24,59.36777056757661,60.36690687807133,59.35825657391335,60.10047149658203,5718800
2019-07-25,59.729357859239556,60.07191967425343,58.84440771375687,59.21551513671875,5351700
2019-07-26,59.23455480255106,59.624693893805194,58.911024558834704,59.1489143371582,3857900
2019-07-29,58.977631652428094,59.68178697248504,58.85392795500393,59.43437957763672,4972200
2019-07-30,59.291639427158906,59.643715221963,59.082295296778966,59.59613800048828,2910000
2019-07-31,59.47243562542223,59.500981232951425,57.74059859040269,58.083160400390625,7229600
2019-08-01,58.340089691760575,58.77780600631204,56.87468780748663,57.39804458618164,5838000
2019-08-02,56.998392662262155,57.59787229350975,56.59873594485379,57.21725082397461,3739500
2019-08-05,56.49406182030593,56.51309343758171,54.267413417777,55.01914596557617,8855700
2019-08-06,55.65668695945518,56.04682600041953,55.27606191123702,55.94215393066406,4704500
2019-08-07,55.20945809241854,56.66534231890236,54.64803809169768,56.370361328125,7648800
2019-08-08,57.02693493165744,57.521746079969084,56.52260978987682,57.12208938598633,5414000
2019-08-09,56.79855820122947,57.24579211483204,56.20859260854139,56.64630889892578,5606400
2019-08-12,56.208589973467106,56.42744810839917,55.44734349763611,55.818450927734375,4788300
2019-08-13,55.38072989200694,57.01740876671959,55.35218065605733,55.98972702026367,6156200
2019-08-14,55.114303841758776,55.247525170955335,53.953404155183584,54.45772933959961,7662800
2019-08-15,54.68609436722853,54.90495249153677,54.02951636439447,54.34353256225586,4360400
2019-08-16,54.64804486175139,55.532995203534824,54.44821830197068,55.22849655151367,4226100
2019-08-19,55.83748901199325,56.141987637601,55.323646220063935,55.37122344970703,3503500
2019-08-20,55.20945167207879,55.35218333910858,54.80028102608986,54.885921478271484,2513700
2019-08-21,55.428315500395776,55.73281411060602,55.04769042267808,55.1999397277832,3014900
2019-08-22,55.3141335788181,55.45686527123792,54.68610469440479,55.152366638183594,3436400
2019-08-23,55.019143811016264,55.257033572782994,53.13505733341294,53.47761917114258,5921400
2019-08-26,54.01048935737084,54.11516143225431,53.239728860337365,53.553741455078125,3414500
2019-08-27,53.88679782578215,53.9343750591939,52.87814377986611,53.4205322265625,7702800
2019-08-28,53.13505837317126,54.40063004298219,53.096995139365426,53.93436813354492,5264100
2019-08-29,54.35305737096655,55.31413414060721,54.2959661453828,55.07624435424805,4101400
2019-08-30,55.333165853415224,56.00877197664833,54.80029142429484,55.057212829589844,4268300
2019-09-03,54.65755178171228,55.104785707064494,53.90582287366275,54.51482009887695,6601700
2019-09-04,54.828836824729144,55.22849355249868,53.99146739209689,54.45772933959961,4939600
2019-09-05,54.86689828165231,56.084892784083316,54.76222619849153,55.37122344970703,4461600
2019-09-06,55.85652190100615,56.1039256787266,55.08575769557125,55.1713981628418,5741100
2019-09-09,55.171397463524244,55.618631412480454,54.7717443746008,55.295101165771484,5740500
2019-09-10,55.266556240616126,55.87555350554137,55.00011721477881,55.7994270324707,4409600
2019-09-11,55.78038696780896,56.3132613088845,55.323639088276835,55.93263626098633,4163700
2019-09-12,55.93265143097566,56.988882776948934,55.93265143097566,56.5606803894043,5188700
2019-09-13,57.09354768190548,57.6454537185207,56.72244020275869,57.10306167602539,7548400
2019-09-16,55.21896920145352,56.265686309596205,54.47675432161224,56.20859146118164,9556400
2019-09-17,55.48541023339059,56.87468559326815,55.34267492207162,56.49406051635742,8176700
2019-09-18,56.57019126981658,56.61776850055774,55.8279726765965,56.436973571777344,4075600
2019-09-19,56.37987065322581,56.37987065322581,55.48540650152855,55.84699630737305,3569900
2019-09-20,55.95167266254596,56.313266125989415,55.65669167360585,55.78990936279297,6139400
2019-09-23,55.4854180650706,55.81846233194384,55.038184081060585,55.20946502685547,4387100
2019-09-24,55.780391477826925,56.05634447836928,54.77174119019037,55.190425872802734,5047700
2019-09-25,55.2284912042804,55.65669352657348,54.88592934644594,55.48541259765625,3193100
2019-09-26,55.29509348015279,55.961185499019855,55.12381257158956,55.93263626098633,3795400
2019-09-27,56.11343764816938,56.503576708662415,55.342673520405725,55.45685958862305,4395800
2019-09-30,55.67572164959215,55.847002578925554,54.73368016816831,54.8098030090332,5208200
2019-10-01,55.23800101696207,55.83748422279508,53.90582055166717,54.24837875366211,7102200
2019-10-02,53.03990576157458,53.04941975540174,50.30892853462237,51.71723556518555,13770400
2019-10-03,50.54682343130637,51.25097883289618,49.300283208770054,50.2708740234375,14346800
2019-10-04,50.28990010673071,51.34613135412279,50.12813679203973,51.203399658203125,6620900
2019-10-07,51.146307400255246,51.48886929572168,50.66101380161801,50.77519989013672,8659800
2019-10-08,50.45166675484595,51.47934875308669,50.32796304851444,50.622947692871094,8039400
2019-10-09,51.39370778996655,51.76481890539316,50.99405469169029,51.308067321777344,7615300
2019-10-10,49.433495478725646,50.680035564170325,48.596122462689394,50.52778625488281,22703500
2019-10-11,50.90840847158159,51.16532984712078,50.09006711910333,50.38505172729492,10935000
2019-10-14,49.52865445613538,50.62294896207515,49.45253160949906,50.42312240600586,6631900
2019-10-15,50.63245530176146,51.37467381623595,50.44214276907801,51.0416259765625,8413300
2019-10-16,51.14629298153075,51.507886394798035,50.499232612487944,50.59438705444336,5532800
2019-10-17,50.92744142696733,51.15581356906709,50.67052004467278,50.784706115722656,4402000
2019-10-18,50.613422734342564,51.374672850770466,50.60390874134652,51.2224235534668,6966400
2019-10-21,51.564988889502665,52.316721487107614,51.47934842104248,51.936100006103516,6699600
2019-10-22,52.04076040693554,52.29768177254296,51.44128085042773,52.00270080566406,5646900
2019-10-23,51.81385473647665,51.99599643929927,51.38247130462896,51.58378601074219,4876100
2019-10-24,52.05351598116839,52.39862275441813,51.26744106737809,51.56461715698242,4825300
2019-10-25,51.39206265120464,52.47531363100957,51.38247432055831,52.341102600097656,4412800
2019-10-28,52.45614004095053,53.04090387004124,52.45614004095053,52.88751983642578,3966400
2019-10-29,52.85875667086646,53.55855479564043,52.829998995987445,53.088829040527344,4480100
2019-10-30,53.069660857758706,53.117591539201904,52.54241604813037,53.031314849853516,3814100
2019-10-31,52.7437200095512,52.916273365037135,52.15895626672396,52.801239013671875,7024000
2019-11-01,53.251794205564096,53.750281293663924,52.94503348317593,53.70235061645508,5389600
2019-11-04,54.40215266487918,54.61305204805365,54.08580359011748,54.52677536010742,6164400
2019-11-05,54.910218938037275,55.7346397272765,54.68973490366243,55.13070297241211,6915300
2019-11-06,55.121122928118595,55.216984287851695,54.680154822344,55.19781494140625,5120300
2019-11-07,55.52373969131921,56.01264208685243,55.197809636798546,55.274497985839844,7754400
2019-11-08,55.101949924796685,55.27450329781743,54.67056649224481,55.19781494140625,4821000
2019-11-11,54.891047437406804,55.140292809603864,54.72808240371171,54.843116760253906,3811600
2019-11-12,55.20740215949117,55.30326352364313,54.68015734290211,54.85271072387695,4424700
2019-11-13,54.392567042224016,54.526774408492265,53.97076828323642,54.16249465942383,4110600
2019-11-14,53.94200779731219,54.402148882071074,53.75028143111026,54.21042251586914,3763900
2019-11-15,54.53635473158143,54.86228844803879,54.46925105379987,54.498008728027344,4350100
2019-11-18,54.43091823463173,54.72809434884432,54.15291878371738,54.718509674072266,3788400
2019-11-19,54.97733045895973,55.11154149009167,54.35422427036365,54.70891571044922,4704900
2019-11-20,54.45008367574246,54.49801435669736,52.992968302078914,53.3668327331543,7383600
2019-11-21,53.433931256795276,53.673588278896865,52.97378655630939,53.02172088623047,5021300
2019-11-22,53.27097508698198,53.807808259000865,52.83959161454508,53.78863525390625,9648200
2019-11-25,54.05704565309366,54.344633392572376,53.386005156392315,54.018699645996094,6822400
2019-11-26,53.98994329958823,55.101951934685324,53.9228396139521,55.08277893066406,4888100
2019-11-27,55.14988384210983,55.19781818166672,54.335051265916235,54.70891571044922,4062500
2019-11-29,54.78560735427788,55.456644220973736,54.65139632406205,54.938987731933594,2653600
2019-12-02,54.8814671386181,55.26491990015383,54.373395337928336,54.40215301513672,5628200
2019-12-03,53.57772728939805,53.683176972122055,52.283580735856304,53.31889724731445,6871700
2019-12-04,53.635250077905965,54.229598555228975,53.45310837421921,53.740699768066406,4760100
2019-12-05,54.0570445332513,54.07621753640289,53.395592380465196,53.568145751953125,3899900
2019-12-06,54.10498202632984,54.25836241398192,53.79822125102567,53.8173942565918,4568200
2019-12-09,53.67359295649902,53.826973317735956,53.347659231761014,53.491451263427734,4057000
2019-12-10,53.491446446504426,54.03786416276065,53.13675507874841,53.23261642456055,4871900
2019-12-11,53.10799972189664,53.2230340732619,52.676616333181784,52.801239013671875,5544300
2019-12-12,53.596898609073115,55.11153280997283,53.30931090141052,54.344627380371094,8868000
2019-12-13,54.440499358327656,54.91981348476433,54.095392602193,54.38298034667969,4440400
2019-12-16,54.80477036778941,56.07016290830024,54.785601022564975,56.003055572509766,7460700
2019-12-17,56.003056549121325,56.84665037188084,55.916783523478166,56.26188659667969,6663200
2019-12-18,57.02879998333185,57.17259203624133,56.03182565956815,56.15644836425781,5026900
2019-12-19,56.19479209228096,56.78914429418572,56.00306569350126,56.69327926635742,4455700
2019-12-20,57.08631794481795,57.115079282212776,56.482381055804204,56.53031539916992,6025700
2019-12-23,56.72202780103095,57.44099893787815,56.58782044058635,56.980857849121094,3648100
2019-12-24,57.19175622155247,57.24927522797209,56.71244213868432,56.932926177978516,1076000
2019-12-26,57.019217090950804,57.24928951717827,56.80831767164872,57.095909118652344,2464400
2019-12-27,57.16300609034434,57.1821790950144,56.35775817858559,56.63576126098633,3538600
2019-12-30,56.79871835340862,56.846649029926546,55.83050552299208,56.23312759399414,3779300
2019-12-31,56.070165722547834,56.30023444555095,55.92637002801357,56.060577392578125,2917300
2020-01-02,56.491962417982585,56.93293053028129,56.0318213020783,56.597412109375,4459200
2020-01-03,55.12111827788564,55.71546670321752,54.55552752667229,55.65795135498047,9078100
2020-01-06,54.632218892224024,55.370359336360494,54.315869853128866,55.274497985839844,5504300
2020-01-07,55.514157852511346,55.66753821529873,55.092362769065105,55.22657012939453,5563000
2020-01-08,55.36077839013159,56.942516378314465,55.341605387361795,56.41526794433594,8519000
2020-01-09,56.80831301680582,57.009627744588165,56.15644911914188,56.52072525024414,5336700
2020-01-10,56.79871965202028,57.02879202419328,56.19478287483293,56.78913497924805,8279700
2020-01-13,56.58782915330098,57.23011203601783,56.58782915330098,57.02880096435547,8414200
2020-01-14,59.473294181804484,59.67460522539646,58.34211261751192,58.9077033996582,16454100
2020-01-15,58.99398653371986,59.37743566007525,58.50508405225504,59.070674896240234,7953400
2020-01-16,59.492469145071354,59.895091245523304,59.08025871448874,59.319915771484375,4950300
2020-01-17,59.55956434408827,59.89508271333624,59.310318992467536,59.46369934082031,5770000
2020-01-21,58.71597947852191,59.0610862287204,56.01264814446906,57.8436279296875,16592000
2020-01-22,58.12162804861242,58.20790473178706,57.09589618024524,57.172584533691406,7096400
2020-01-23,56.741203351240415,57.881973279993815,55.78257512573415,57.77652359008789,7774500
2020-01-24,57.61354623870485,57.71899591277605,55.44704838341597,56.37691879272461,10989500
2020-01-27,54.15290236299699,54.81435442800935,53.31889329251833,54.47883605957031,13090200
2020-01-28,55.169055284348566,55.571681052589966,54.40215341255135,55.101951599121094,6343700
2020-01-29,55.255329554886025,55.40870992253182,54.22959766059046,54.30628967285156,5662000
2020-01-30,53.34765916173841,54.81435909269617,53.34765916173841,54.737667083740234,5980700
2020-01-31,54.35421926014089,54.71849899731019,53.1367610165268,53.433937072753906,9320800
2020-02-03,53.87490747074176,54.88146638485284,53.68318109260715,53.721527099609375,7497600
2020-02-04,54.833538432740056,55.98389310190626,54.785607750040775,55.5333366394043,6880800
2020-02-05,56.530305291420866,56.84665069118489,56.17561022969509,56.45361328125,6067000
2020-02-06,57.32596398116718,57.54644802200565,55.619607004405616,55.772987365722656,5210200
2020-02-07,55.562092498132884,55.840095568312194,55.14029738456454,55.523746490478516,3836800
2020-02-10,55.15946843024868,55.71547089399284,55.05401874138089,55.32243347167969,4541100
2020-02-11,55.696294509115184,56.654922666978614,55.57167548154381,56.23312759399414,4566500
2020-02-12,56.837067296615054,57.441000434349625,56.731617608696716,57.009620666503906,5227500
2020-02-13,56.31940557043852,56.76037365555249,55.93595283571906,56.683685302734375,4353100
2020-02-14,56.789137170150745,57.0096212211814,56.15644269336128,56.46320343017578,3810100
2020-02-18,56.43444145080483,57.00962056840338,55.993473353792766,56.2906494140625,5690600
2020-02-19,56.45764977934663,56.544522696923686,56.013630599426165,56.476951599121094,4399900
2020-02-20,56.17771370457685,56.940264300402774,56.100491713134986,56.35145950317383,5239400
2020-02-21,55.946053352750916,56.00396984834101,54.893927616822026,55.85918045043945,6295600
2020-02-24,52.92481893453944,53.455707299731465,51.48659047545609,52.345664978027344,17983100
2020-02-25,52.64488982047848,52.80898103286534,48.986580739653995,49.1217155456543,15836500
2020-02-26,49.65260628962111,49.971141504038954,47.29739061322932,47.86688995361328,15985900
2020-02-27,45.0966031687214,49.20857767184858,43.46532389939434,46.51552200317383,21949100
2020-02-28,44.42093266023761,46.12943049510987,43.5715091965512,44.5271110534668,19851300
2020-03-02,44.61399154496331,45.60820088328523,42.78966409877554,45.52132797241211,20098700
2020-03-03,48.079243298642126,48.23368359937252,44.44023980040079,44.575374603271484,26344100
2020-03-04,45.849505552311534,46.94989309642349,44.420931926434,46.81475830078125,20381800
2020-03-05,44.8842580464393,44.95182545215247,42.87653032768393,43.44602966308594,22918800
2020-03-06,41.95953840537701,45.29931205135418,41.380384543540956,44.295448303222656,25809300
2020-03-09,41.54448016746383,43.44602562338503,40.95567538772813,42.0078010559082,25784700
2020-03-10,43.98656897133519,44.285798659261275,40.0193794490585,43.890045166015625,28693300
2020-03-11,42.471120049520444,42.79930612446171,40.27999591419891,41.18733215332031,23542000
2020-03-12,36.168017777822,37.432496385896975,32.29735261029185,32.538665771484375,36331900
2020-03-13,37.20083391772,37.393885162888246,33.58113687886379,37.0270881652832,33052500
2020-03-16,31.66029133450794,36.75682865954335,30.144844722025702,34.565704345703125,35535400
2020-03-17,34.97111005931049,35.897751904855994,29.536737363405084,30.63712501525879,33097500
2020-03-18,28.754886658377952,28.754886658377952,18.436331965933924,22.673791885375977,64242500
2020-03-19,22.548306596670994,23.310855371587806,19.305056513294026,20.762588500976562,44623400
2020-03-20,22.364910525189643,25.91704161223845,20.521277570945376,20.608150482177734,55062900
2020-03-23,21.39965603154531,22.036722773398587,19.88420933225573,21.447917938232422,44426400
2020-03-24,25.347539939744934,27.973027016302645,23.66800020976974,25.95564842224121,65730300
2020-03-25,30.39580755561972,32.12360894567411,26.447923832402328,30.019359588623047,70733900
2020-03-26,31.476894459334346,34.64292247130255,29.362990307657167,30.598514556884766,57779500
2020-03-27,29.652563951151315,30.23171597198199,28.011635373383506,28.523218154907227,34960700
2020-03-30,27.500053705744474,28.27225709685198,25.096574310056383,27.673799514770508,29527500
2020-03-31,28.330170889055942,29.46916952143327,27.432485463840806,27.538663864135742,25002300
2020-04-01,25.666073575810866,25.666073575810866,22.866840662990544,23.040586471557617,56133000
2020-04-02,23.088848684322823,23.79348283635293,21.727842287250084,21.891935348510742,39407400
2020-04-03,22.22977126083699,22.828226928524124,20.99424709108116,21.698881149291992,48967800
2020-04-06,21.534794194136207,22.683445794552572,20.038652761137875,21.54444694519043,95093000
2020-04-07,24.334022776665837,24.951785835126817,21.139036449014466,21.47687530517578,98907200
2020-04-08,22.287688144290627,22.81857646798903,21.747147071297423,22.422822952270508,67565200
2020-04-09,24.51742033331423,24.642904226173652,22.5386528635179,23.54251480102539,91692900
2020-04-13,24.112016151501155,24.18923630714038,21.312783208237093,22.442129135131836,76173000
2020-04-14,23.156419015839457,24.411249007845193,23.0019786846809,23.68730926513672,60843600
2020-04-15,24.044449258353723,24.613948608743897,22.50004427155112,23.503908157348633,88092500
2020-04-16,22.93440590057414,22.973015053787694,21.84366924591979,21.98845863342285,57610200
2020-04-17,23.310856087889128,23.754873358697054,22.77031500440765,23.426687240600586,52594500
2020-04-20,22.625525455940327,23.281897634449766,22.11394082479066,22.818574905395508,42950800
2020-04-21,22.220118340771958,22.944057890041538,22.007761561365854,22.297338485717773,38616700
2020-04-22,23.050236279226922,23.10815277336601,20.87841745799897,21.68922996520996,70143800
2020-04-23,21.8629741887043,22.16220202254787,21.631313752076363,21.698881149291992,43581800
2020-04-24,21.747146378095014,21.891933930754515,20.994248526762544,21.631315231323242,43694600
2020-04-27,22.036722693403505,22.62552752643226,21.235562894219097,21.390003204345703,50561700
2020-04-28,22.200814267030374,24.034794207831208,21.862975420839106,23.494253158569336,83972100
2020-04-29,24.79734528301213,26.64097800867085,24.61394673303011,26.37070655822754,81614900
2020-04-30,25.772249432019365,26.283832216603567,24.613945383428607,25.00969886779785,63570700
2020-05-01,24.08305825413865,24.51742091233893,22.895795903147857,23.281898498535156,45146100
2020-05-04,20.45370890918688,21.998113875320364,19.787683910833774,21.785757064819336,91387100
2020-05-05,22.220119446009015,22.683440338729667,20.762587526719262,20.955636978149414,51178700
2020-05-06,21.00390182063122,21.332087930412467,20.028996240525018,20.270309448242188,52949200
2020-05-07,20.3378748530982,21.718186560160134,20.289612952727236,20.926679611206055,48328200
2020-05-08,21.58305600559836,22.123597128434653,21.283826273088653,21.930545806884766,43175900
2020-05-11,21.33208736202966,21.72784086485527,20.801197214552992,21.245214462280273,39151900
2020-05-12,21.332089009223907,21.621664136699504,20.29926872253418,20.29926872253418,37466300
2020-05-13,20.241351477404088,20.241351477404088,18.426676940621082,18.735557556152344,72264900
2020-05-14,18.14675173665288,18.86104042222748,16.901576593464544,18.70659828186035,88506300
2020-05-15,18.310844203180793,18.967216374866833,17.973007209877863,18.52320098876953,46861800
2020-05-18,20.183434870587003,21.17764586663072,19.83594329117881,21.100425720214844,74367700
2020-05-19,21.78575475733818,21.78575475733818,20.57918879300998,21.0039005279541,70906400
2020-05-20,21.5637505052286,22.29734294961478,21.370699183678717,21.930545806884766,50857000
2020-05-21,21.978808992149208,22.85718898455436,21.88228333385851,22.355257034301758,46567200
2020-05-22,22.43247483580197,22.58691513641096,21.457569287536728,21.901586532592773,37139300
2020-05-26,23.629387908978785,24.9710905419408,23.436338455201074,24.75873374938965,78557100
2020-05-27,26.70854634713877,26.882292154151084,23.870702461776276,25.405454635620117,92712000
2020-05-28,25.337886143327662,25.444064541071832,24.083058232658978,24.768386840820312,53868100
2020-05-29,23.764523193615116,24.720123182260114,23.523210009379305,24.334020614624023,50424400
2020-06-01,24.44985339285933,25.830165193830563,24.20854019243984,25.260665893554688,46510800
2020-06-02,25.752945438762573,26.042520547282788,25.03865857548222,25.492326736450195,43200400
2020-06-03,26.071477174736884,27.60622920490151,25.772249335713944,27.480745315551758,65011100
2020-06-04,29.21820441753081,31.669947557546482,28.204687813234887,31.2548885345459,134626500
2020-06-05,35.90740315873985,35.946014152586656,32.28770533391017,32.9730339050293,130685400
2020-06-08,35.35721199417461,35.79157650165043,34.15064596349029,35.68539810180664,82137300
2020-06-09,33.301224119337405,33.52323183827529,31.515507777101497,32.982688903808594,60254500
2020-06-10,31.119749859765534,31.843689412486242,28.72592167288654,30.54059600830078,90379400
2020-06-11,25.72398881066748,28.542527285899027,25.675726903234164,26.254878997802734,88001500
2020-06-12,28.85140512991873,29.67187036468423,27.751017545100048,29.372642517089844,68352400
2020-06-15,27.316650405111943,29.8938751624268,27.027075334387156,29.401596069335938,64288700
2020-06-16,31.496199870943222,31.872647873512122,29.546388774574897,30.212411880493164,63426700
2020-06-17,29.768398061942847,30.077278679585394,29.03480567450495,29.65256690979004,37722100
2020-06-18,28.841751138223213,30.067622563157673,28.571481548587805,29.72013282775879,40662600
2020-06-19,30.415115153387294,30.424767902063646,28.011635965181828,28.484609603881836,48103900
2020-06-22,28.021291501181143,28.80314581100256,27.567621473632997,28.291561126708984,42192700
2020-06-23,28.503917508175977,28.619746819926025,27.73171411852289,28.61009407043457,33475000
2020-06-24,27.751019095531657,27.982679555748124,25.994259224751527,26.390012741088867,45272500
2020-06-25,25.598507044409494,27.18152119237693,25.357193822288906,27.036733627319336,37309400
2020-06-26,27.046383894775357,27.123604045123614,25.328233248184667,25.974952697753906,45683400
2020-06-29,26.254872962073804,27.818581232747153,25.6564155056817,27.61587905883789,38727300
2020-06-30,27.364913359795544,27.664141169776137,26.640973862663774,27.075336456298828,27054800
2020-07-01,28.011634443286283,28.812794129160427,26.534797115365937,26.73750114440918,39305300
2020-07-02,27.548314217066505,27.73171091298401,26.640976121560666,26.756805419921875,29240100
2020-07-06,27.258738561577832,27.63518656043632,26.332096767134285,27.45178985595703,27345200
2020-07-07,26.891943123787414,26.97881602154415,25.92669034077794,26.07147789001465,24598100
2020-07-08,25.723986298987693,26.332096583284862,25.289623651277576,26.07147789001465,27214100
2020-07-09,25.85912318432433,25.984605237226162,24.34367475421086,24.75873374938965,31219800
2020-07-10,24.4208953907305,26.312791858335174,24.276107837242698,26.148698806762695,31349400
2020-07-13,26.283834109798757,26.660283965296458,25.395801432868115,25.888080596923828,34133100
2020-07-14,24.749083039070257,25.820514315706735,24.575337227607722,25.2027530670166,42273300
2020-07-15,26.54445319349845,27.876501307317945,25.98460661796943,27.606231689453125,47726600
2020-07-16,26.602366930942313,26.97881677881261,26.10043686890463,26.31279182434082,25914200
2020-07-17,26.380359803920076,26.76646056819803,26.00391178888328,26.110088348388672,20920100
2020-07-20,26.061821448157758,26.46722763321648,25.12552704410293,25.308923721313477,21574500
2020-07-21,25.579194586507313,26.013559004594295,25.43440706083608,25.511627197265625,20930300
2020-07-22,25.3185794059323,25.88807868056077,25.202750105948542,25.3378849029541,16710800
2020-07-23,25.09657415836107,26.73750474360647,24.88421919365378,25.849472045898438,28110700
2020-07-24,25.559892382191055,25.714332674929636,24.980740363884614,25.057960510253906,16774900
2020-07-27,25.048311420184774,25.251013628707906,24.488464858121436,24.61394691467285,18849800
2020-07-28,24.469158842927023,25.386147898084698,24.459506094000275,25.038658142089844,18615600
2020-07-29,25.1158804515309,25.279973515244734,24.498117354627993,24.826303482055664,14459700
2020-07-30,24.372637944933604,24.498120023290422,23.95757886555696,24.073410034179688,16844000
2020-07-31,23.938270524302013,24.140974585077846,23.58112799213917,24.10236358642578,17106500
2020-08-03,23.986536250815355,24.5946448011468,23.532866184607645,24.32437515258789,16590400
2020-08-04,24.56568308389928,25.30892629794675,24.4305464477396,24.778038024902344,17233600
2020-08-05,25.308926376118478,26.10043517555318,24.85525824758971,25.55023956298828,27782100
2020-08-06,25.965299916993064,26.35140066826099,25.222054820131312,26.13904571533203,30682500
2020-08-07,25.772251887785945,26.25487831384131,25.55024233258446,26.235572814941406,15254500
2020-08-10,26.50584212212044,28.3880858979301,26.428621968506768,28.320518493652344,34084900
2020-08-11,29.720136327993774,29.749092735394427,28.407391854335128,28.61009407043457,37293000
2020-08-12,28.996195470779288,29.2278559256459,27.374570445639346,28.079204559326172,26590000
2020-08-13,27.60622933006016,28.552176593888124,27.500050937217225,27.702754974365234,15767700
2020-08-14,27.31665498906201,28.175731279709,27.17186742940312,27.94407081604004,13107800
2020-08-17,28.03094314251439,28.03094314251439,26.795418853995677,27.046384811401367,14569000
2020-08-18,27.027079588214256,27.297351046882927,26.418971107551858,26.66993522644043,14222500
2020-08-19,26.785765837007926,28.108163014529016,26.60236728514581,26.708545684814453,21082100
2020-08-20,26.563758390898602,26.82437709751795,26.081131974673294,26.6602840423584,14010200
2020-08-21,26.602367276984324,26.891944228426247,26.22591926529084,26.322444915771484,10897500
2020-08-24,26.698889960115775,28.764530181884766,26.583060665271347,28.764530181884766,34251000
2020-08-25,28.95758582641011,29.227857290243147,28.310866335977337,29.05411148071289,31001900
2020-08-26,28.967237392433418,29.1699396012211,28.590789381214215,28.90932273864746,18877300
2020-08-27,29.739439352764826,31.090792954545925,29.556042639552725,29.74909210205078,31795200
2020-08-28,30.164144597060822,30.87843132019043,29.662212789108143,30.87843132019043,20469700
2020-08-31,30.704689313447034,30.897738757868936,29.729783819734905,29.778047561645508,18262700
2020-09-01,28.976886955666433,30.51163892030594,28.716268280673283,29.64291000366211,20041500
2020-09-02,29.343683232898787,30.21241033971705,29.09271729696044,30.05797004699707,16307700
2020-09-03,30.53094638648854,31.399673570499694,29.411253244238843,30.13519287109375,29474900
2020-09-04,30.68538788036473,31.245232598490443,29.546389263803444,30.66608238220215,25878700
2020-09-08,30.308937124912617,31.949865757157525,30.2510224732289,31.409326553344727,28129400
2020-09-09,31.05217902027199,31.312797703120605,30.231715660381422,30.65642738342285,19362700
2020-09-10,31.061836582265475,31.573419407473587,30.569557414577037,30.685388565063477,17711300
2020-09-11,30.704691113164493,31.0135735562766,30.25102295905465,30.598514556884766,14344100
2020-09-14,31.168011275569057,31.75681602510373,30.897738009562385,31.679594039916992,16333000
2020-09-15,32.04639319491713,33.281915581294626,31.949865707139416,32.345619201660156,22656400
2020-09-16,32.62553710057886,33.77419004963897,32.036732426211316,33.36878204345703,26009000
2020-09-17,32.78963047866727,33.85140681653641,32.47109536801876,32.77997589111328,26014800
2020-09-18,32.065697296065935,32.8378987539238,31.447936129779638,31.69890022277832,35079200
2020-09-21,30.077277174556105,30.11588817036623,28.39773751936154,28.783838272094727,34449900
2020-09-22,28.774181776288078,29.47881762947921,28.687308888101136,29.16993522644043,18035300
2020-09-23,29.38229471138569,29.951793990589188,28.465303847292315,28.53287124633789,17358100
2020-09-24,28.108163953141002,28.484611977520654,26.949859790486165,28.001985549926758,22257800
2020-09-25,27.8185878998371,28.75488437821372,27.77997874172786,28.74523162841797,21831500
2020-09-28,29.536739225653296,30.849481922942598,29.0927219325295,30.251026153564453,22098400
2020-09-29,30.01936227443174,30.029015023304694,29.247158934257882,29.546388626098633,14785600
2020-09-30,29.91318476937256,30.743302786449632,29.420905608622693,29.517431259155273,16664100
2020-10-01,29.91318120159386,30.270325513645307,29.517427738578533,30.019359588623047,12501900
2020-10-02,28.71626882478008,31.177662559046123,28.58113403121875,30.646774291992188,27126000
2020-10-05,31.22592907485523,31.303151072388573,30.42477110225809,30.888092041015625,14807100
2020-10-06,31.496199459127293,31.583072357210952,29.835963487816084,29.980751037597656,20317100
2020-10-07,31.10044245390268,31.235577239637728,30.54059413340405,31.032875061035156,15416600
2020-10-08,31.55411501989093,31.853344735402654,30.810871708614243,31.544464111328125,18123800
2020-10-09,31.573417276731018,32.11396015442412,31.16801288007152,31.669944763183594,16730600
2020-10-12,31.54445892310391,31.669942806666516,31.177661861538454,31.505847930908203,12065800
2020-10-13,30.791564438111642,31.264538096653023,30.386158182065657,30.66608238220215,22421200
2020-10-14,30.666080131795784,31.196968404792443,30.55024899239412,30.65642738342285,16497900
2020-10-15,30.28963531235959,30.366855471023666,29.623612134284606,30.251026153564453,11922300
2020-10-16,30.30893939987178,30.656431018203623,30.154499089740675,30.376506805419922,11143600
2020-10-19,30.598513555507655,31.148707340017104,30.22206372315365,30.40546226501465,14588700
2020-10-20,30.859129295171957,31.283841014347907,30.492334065706466,30.86878204345703,14244300
2020-10-21,30.781910256295102,30.83017399945513,30.27998021494568,30.40546226501465,11292300
2020-10-22,30.762606592121475,32.63519748155289,30.61781720375252,32.54832458496094,25713700
2020-10-23,32.35526745271465,32.857199244382656,31.75681187432629,32.81858825683594,15247300
2020-10-26,32.33596691404255,32.33596691404255,30.43441967173457,30.820520401000977,16558300
2020-10-27,30.646773711306782,30.946003378627857,29.623606348571595,29.64291000366211,13442000
2020-10-28,28.72592173761645,29.102369716735975,27.74136350184008,28.61974334716797,22720900
2020-10-29,28.43634210022755,29.83595917497042,28.32051281357507,29.691171646118164,16962300
2020-10-30,29.459516684948518,29.913184850282995,28.94793202449365,29.575345993041992,15229400
2020-11-02,29.556037769970562,29.565688676592778,28.639046990696556,29.16993522644043,14200900
2020-11-03,29.86492019729556,30.270326420465132,29.57534327156102,29.826309204101562,14257900
2020-11-04,29.835963411637334,30.222064157093573,29.06376192072485,29.372642517089844,12348500
2020-11-05,29.778047262272157,31.13905163114524,29.729783520846773,30.86878204345703,13145100
2020-11-06,30.56955453472923,30.733647575166763,29.951793366528413,30.3282413482666,11821100
2020-11-09,36.10045416340303,37.34562740697136,33.47496551671277,35.49234390258789,58086400
2020-11-10,34.845624045817395,35.87844423060805,34.449870551478426,35.75296401977539,28449400
2020-11-11,35.36685852838044,35.511647907015075,33.52322600878666,33.80315017700195,20970400
2020-11-12,32.905466292070614,34.31473441895626,32.83789889435329,33.18539047241211,21676300
2020-11-13,33.73558150997798,35.395813596404444,33.63905403381285,35.193111419677734,20832400
2020-11-16,37.09465868541999,37.30701544127614,35.94600938686811,36.67959976196289,25376600
2020-11-17,36.100447609838234,36.727859571380286,35.38615908751831,36.293495178222656,16952700
2020-11-18,36.76647726478751,37.934432204442594,36.5734259790407,36.59273147583008,21199200
2020-11-19,36.28385089149398,36.80508825836628,36.177672500225874,36.59273147583008,13981600
2020-11-20,36.66995798896826,36.76648180268159,35.68539962407293,35.839839935302734,12490500
2020-11-23,36.48655955142227,37.50007437854417,36.12941700288644,37.442161560058594,14802900
2020-11-24,38.65838440026661,39.85529981740317,38.04062302967286,39.82633972167969,23818000
2020-11-25,39.38231773101011,40.04834459107805,38.65837805329983,39.85529327392578,14588900
2020-11-27,40.33791581726984,40.724014732016464,39.36300841707905,39.63328170776367,10516600
2020-11-30,39.121698617643055,39.62363056440784,37.98269990808981,38.8514289855957,16732600
2020-12-01,39.372664311898724,39.63328302111629,38.53289168814856,38.571502685546875,13184200
2020-12-02,38.42671596280896,39.84563509966061,37.7027763502009,39.6429328918457,12937300
2020-12-03,40.25104500867719,42.239463544209066,40.11591019738638,41.457611083984375,24526800
2020-12-04,41.69892365180912,41.97884786065088,40.60818690566019,40.88811111450195,18453400
2020-12-07,40.926714064818995,41.341773001243155,40.289647459494155,40.878448486328125,13169100
2020-12-08,40.492359221369554,41.390044698086626,40.318613407672856,40.93637466430664,11530300
2020-12-09,41.55412961316029,41.9691885848592,39.89389740851166,40.646793365478516,16348300
2020-12-10,39.729800560285895,41.264552484176214,39.64292767092807,41.139068603515625,10680700
2020-12-11,40.55026495626341,40.95567301147233,39.71049612481572,40.289649963378906,12223100
2020-12-14,40.78193016094386,40.907414053978734,39.25682899341165,39.2761344909668,12445200
2020-12-15,39.76841613573848,40.47305023857731,38.76455233903088,40.39582824707031,11433200
2020-12-16,40.29930551712175,40.35722201230023,39.24717978867029,39.652587890625,11010600
2020-12-17,39.86493430886265,39.980763597605765,39.19891129590637,39.68153762817383,9656700
2020-12-18,39.45953076547829,39.6043164588363,38.880376945605924,39.2664794921875,14312400
2020-12-21,38.18541345543656,38.94796059589646,37.799310747694896,38.74525833129883,16976800
2020-12-22,39.02516502259037,39.08308150729453,37.490413158323314,37.586936950683594,13461200
2020-12-23,37.93443400537463,39.06378168721358,37.81860470128636,38.841773986816406,12659700
2020-12-24,39.01551806885125,39.034823567530445,38.22401103374092,38.34949493408203,5176400
2020-12-28,38.87073501855745,39.36301238113206,38.61976720065853,38.754905700683594,10654400
2020-12-29,39.42092470109113,39.42092470109113,38.51358839001926,38.639068603515625,8142800
2020-12-30,38.61011472212574,39.488494684768206,38.503936317496304,39.150657653808594,8504600
2020-12-31,38.89969717103668,39.32441086952926,38.378459640422065,38.81282424926758,8705700
2021-01-04,38.774201854670295,38.93829673965706,36.99814029954729,37.384239196777344,15123400
2021-01-05,37.15258503445818,38.69698817222273,37.11397403547718,38.175750732421875,12317200
2021-01-06,38.26262093536549,39.478841542294326,38.166097126881034,38.97690963745117,12881100
2021-01-07,39.04447577841907,39.52710216954379,38.81281349053446,38.83211898803711,9136300
2021-01-08,39.00586927339771,39.27613890525133,38.38810801079082,38.62942123413086,9497500
2021-01-11,37.7220873353209,38.60046737909896,37.548341508450704,38.040618896484375,11748800
2021-01-12,38.31088389908186,39.00586712226072,37.799301072101514,38.899688720703125,9725000
2021-01-13,38.61976197708171,39.32439974438881,38.25296857306778,39.04447555541992,10852500
2021-01-14,39.77806966877271,41.15838155980308,39.69119676366774,40.02903747558594,17658300
2021-01-15,40.22208885080859,40.22208885080859,38.571507182155706,38.59081268310547,15465500
2021-01-19,38.90934371948242,39.237529835856115,38.417062703848174,38.90934371948242,11530700
2021-01-20,39.27613509724359,40.3186098884305,39.092738390859466,40.17382049560547,11335700
2021-01-21,39.87459317264439,39.99042247380608,38.77420192409347,39.25682830810547,11134200
2021-01-22,38.61011505126953,38.8707337697233,38.426718330349104,38.61011505126953,11310100
2021-01-25,38.25296625684984,38.36879555204355,37.0850076692868,37.54833221435547,15964900
2021-01-26,37.89582648253215,38.26262360826136,37.625556854177745,37.95374298095703,10599400
2021-01-27,37.287719848995785,37.866870105124526,36.83404981633484,37.181541442871094,16953400
2021-01-28,38.175749454019844,38.9672564958872,37.6352102149772,38.68733596801758,21654000
2021-01-29,37.90547355979789,38.44601639150892,36.42863812310018,36.6409912109375,17989700
2021-02-01,37.01744216352607,37.10431505989343,36.11975679511237,36.505859375,10332900
2021-02-02,37.21049193271533,37.529027100426475,36.66995276154044,37.451805114746094,11854300
2021-02-03,37.51937850818172,38.51359148092185,37.35528728560324,38.39775848388672,12416000
2021-02-04,38.56184621947554,39.642928215783854,38.55219163044376,39.50779342651367,11431800
2021-02-05,39.94216150858831,39.96146700625921,39.33405121947014,39.72015380859375,10111900
2021-02-08,40.10625028087463,41.94988285183306,39.92285358735518,41.73752975463867,18296300
2021-02-09,41.46726247784335,41.46726247784335,40.35722388485548,41.03289794921875,10432100
2021-02-10,41.35143103929013,41.718228142629414,40.695058825797645,41.40934753417969,12011100
2021-02-11,41.216297833473526,41.641007766043295,40.54062009545316,41.23560333251953,8549200
2021-02-12,41.03289363984949,42.41320539576663,40.936369835691174,41.78579330444336,11490100
2021-02-16,42.46147452554293,43.25298156860302,42.258768628449076,43.098541259765625,13775500
2021-02-17,42.74139392673176,42.95375072658855,42.02710889799998,42.847572326660156,10934400
2021-02-18,42.278072740070485,43.00201235439412,41.86301373328649,42.837921142578125,8747800
2021-02-19,43.06957707532523,44.613983699004365,43.002009676767386,44.083091735839844,14587700
2021-02-22,45.12557099599633,47.22982251562207,44.85530137473529,46.081172943115234,21573500
2021-02-23,46.457614280516346,47.18155381795944,44.112049884628945,46.660316467285156,19193800
2021-02-24,47.22982347873354,48.45569507211149,46.93059376184448,47.87654113769531,17020900
2021-02-25,48.23368024547377,48.26263664917625,45.58888613695425,46.57344436645508,15729800
2021-02-26,46.04256089489935,47.432523649582,45.63715279010815,46.27421951293945,14828000
2021-03-01,47.75105915192098,48.2240309813088,46.390052795410156,46.390052795410156,13812900
2021-03-02,46.428658103569724,46.988506493751494,45.73367859298016,46.554141998291016,11566800
2021-03-03,46.930586328251515,47.384256286029455,46.467265463395016,46.66996765136719,13642700
2021-03-04,46.641006486588935,46.7278793700152,43.74524861524204,45.32826232910156,18062500
2021-03-05,45.28000968127645,45.36688258244361,41.51552220689561,44.604331970214844,20611800
2021-03-08,45.299313888892115,46.54449087609505,45.07730618826749,46.216304779052734,17273000
2021-03-09,46.29352193481573,46.409354918284905,44.72981347945286,45.965335845947266,11710100
2021-03-10,45.994298149212085,46.89198356254585,45.521322649289466,46.13908386230469,10719300
2021-03-11,46.53483951004474,47.25877915524947,45.92673285921893,46.64101791381836,11318600
2021-03-12,46.669967800571186,48.12750147793808,46.40935280500059,48.09854507446289,15891800
2021-03-15,49.0927549433708,50.46341206667959,48.986576552831984,49.218238830566406,19673700
2021-03-16,49.26650042354183,49.36302422407611,47.32634036633868,47.673831939697266,14281500
2021-03-17,47.32634118112143,48.88039869864855,47.3070356842528,48.687347412109375,13694400
2021-03-18,48.339870969389814,49.208596441446176,47.22982857036746,47.47114181518555,13410100
2021-03-19,47.336000982119,47.50009220034746,46.168045909083396,47.29738998413086,12123600
2021-03-22,46.843723796758546,46.9305967082677,46.09082768511102,46.303184509277344,10911100
2021-03-23,45.386184178208225,46.16804022148518,43.87073767426722,44.054134368896484,13616800
2021-03-24,44.92286621561992,45.752984213131285,43.97691891305845,44.02518081665039,12120800
2021-03-25,43.2336747489159,45.57923939920185,42.97305604531221,45.37653350830078,14469100
2021-03-26,45.849504109363835,46.27421397975137,44.94216787993036,46.003944396972656,12361400
2021-03-29,46.0039444335142,46.42865430423909,45.08695361416916,45.675758361816406,9824200
2021-03-30,46.0425625216516,47.33600151154122,45.77228921485919,47.20086669921875,10787500
2021-03-31,47.104333606782106,47.31669039071478,46.43831053283012,46.60240173339844,9469200
2021-04-01,46.901638465563046,47.5000942313786,46.60240874158148,47.13330078125,9570000
2021-04-05,47.857234433446244,49.208586111459745,47.75105603887185,48.50395202636719,14599900
2021-04-06,48.93831389285826,50.009745006728316,48.783873604147516,49.85530471801758,14652500
2021-04-07,50.000095330108586,50.019400828362606,48.29159739717423,48.455692291259766,12244300
2021-04-08,48.02131859322914,48.46533392163226,47.43251389671141,48.0792350769043,13546900
2021-04-09,48.07924754310377,48.07924754310377,47.13330015735296,47.55801010131836,9785400
2021-04-12,47.35531192960343,47.432530252316674,46.49623369518898,47.12364959716797,11070300
2021-04-13,45.801243188747065,46.81475782797486,44.951819747671315,46.58309555053711,18287600
2021-04-14,47.364948516259496,47.780007461506955,46.25490646601226,46.496219635009766,12520400
2021-04-15,47.16225481940823,47.34565153525453,44.54642048077368,45.193138122558594,22267900
2021-04-16,45.366881704142415,45.78194070366698,44.729815001965875,45.01939010620117,12236400
2021-04-19,44.8166906740792,44.85530167227187,44.04448912096301,44.54642105102539,9579400
2021-04-20,43.91899784428844,43.93830334014355,42.239456526362254,42.90548324584961,15627800
2021-04-21,42.47112979561487,44.15067154858649,41.834062995966555,44.112060546875,16267100
2021-04-22,44.459547632066254,44.720166343632,43.07923576089252,43.098541259765625,17303200
2021-04-23,43.252985485000885,44.34371865398737,42.9054938381158,44.20858383178711,9162700
2021-04-26,44.884250538444384,45.46340068543655,44.51745348153771,44.99042892456055,11260000
2021-04-27,45.03869320777328,45.115915195272535,44.48849943435568,44.72981262207031,8151600
2021-04-28,44.642939212008706,45.12556558186826,44.48849892093953,44.82633590698242,7209200
2021-04-29,45.280007783138906,45.37653158832402,44.459544392624046,44.76842498779297,8222300
2021-04-30,44.43059071283029,45.44410922417244,44.30511048442317,45.28966522216797,9175200
2021-05-03,45.5502760488734,45.5888870426751,44.478848586978934,44.951820373535156,9382600
2021-05-04,44.64294463367503,44.79738494350023,42.54834770153661,43.108192443847656,14790400
2021-05-05,43.14680621868954,44.21823754799667,43.0116713991639,43.629432678222656,10700100
2021-05-06,43.59081644923665,43.92865345752884,42.62556364594784,43.36880874633789,9665700
2021-05-07,43.31089355313801,44.73946730304601,43.214369742769534,44.507808685302734,11195100
2021-05-10,44.69120166319401,45.14487163473858,43.83212730340309,43.85143280029297,9054200
2021-05-11,42.71244187663567,43.48464347921876,42.094680594569205,42.973060607910156,14139100
2021-05-12,42.60625550568438,43.185409361028235,41.44795147714366,41.53482437133789,12187300
2021-05-13,41.89197159172956,42.760696873385626,41.44795252014844,42.44216537475586,11778100
2021-05-14,43.37846746932266,44.8263469351069,43.25298723343451,44.70086669921875,11537500
2021-05-17,44.40162879005473,45.202790381305945,43.68734009806994,45.12556838989258,11077700
2021-05-18,45.31861516538927,46.13907849049892,44.778072325860755,45.106258392333984,10684000
2021-05-19,44.314762133575684,44.681559280166844,43.56186602196812,44.53676986694336,11545800
2021-05-20,44.73947065149891,44.75877615144696,43.34950779456773,43.83213424682617,12341700
2021-05-21,44.112051703688486,44.40162679417763,43.54255243012946,43.639076232910156,9894400
2021-05-24,43.98656563747855,44.67189417688719,43.44602279507557,44.56571578979492,8409100
2021-05-25,45.76263230698598,46.48657186279074,44.893903367161464,45.048343658447266,14657000
2021-05-26,45.415137843749854,45.91706967905472,45.18347926262254,45.83985137939453,9746200
2021-05-27,46.332132080778855,46.52518336754484,45.60819251701668,46.380393981933594,8680700
2021-05-28,46.38040074845419,46.39005533938188,45.608199170879395,46.023258209228516,8370300
2021-06-01,46.457615738426284,46.85336921736197,45.78193807917956,46.04255676269531,11986200
2021-06-02,46.3321341965287,46.60240380105468,45.77228580755665,46.11012649536133,9108600
2021-06-03,45.71437151183964,45.73367700898559,44.469194562028946,44.5271110534668,11555600
2021-06-04,44.92287098464396,45.106267710621665,44.09275289900703,44.382328033447266,7699400
2021-06-07,44.39197841804433,44.76842642536045,44.295450927612464,44.478851318359375,6120200
2021-06-08,45.61784014679981,45.73367311982515,44.76842043749455,45.405487060546875,10714100
2021-06-09,45.70471854665085,45.752984132304746,44.864949642763506,44.903560638427734,6741200
2021-06-10,45.55993236861216,45.79159097592593,44.39197737785839,44.671897888183594,9780800
2021-06-11,44.46919924330019,45.009742173848494,44.401631837250086,44.88425827026367,8216100
2021-06-14,44.72015843429934,45.164173783408636,44.13135371032336,44.30509948730469,11184200
2021-06-15,44.31476085057123,44.67190339546201,43.735610578740356,43.94796371459961,7898500
2021-06-16,43.98657443917666,44.39198257263764,43.561864487970126,43.93831253051758,8565500
2021-06-17,43.94795832241465,44.44989021475254,42.71243593028887,43.02131652832031,10144600
2021-06-18,42.895830432020034,43.803170364024744,42.42285865151064,43.397762298583984,15219300
2021-06-21,43.474988523246225,44.1892735583408,43.262631721497776,44.179622650146484,9861400
2021-06-22,44.17962065539832,44.19892615306264,43.31089167123976,43.79351806640625,8499800
2021-06-23,43.78387150322747,44.02518472475571,43.44603078379941,43.696998596191406,7406100
2021-06-24,43.986573127053674,44.054140533590356,43.04062575339255,43.34950637817383,9300300
2021-06-25,43.35916038665125,43.41707688874369,42.722093592225356,42.88618850708008,23930400
2021-06-28,42.5676476022318,42.5676476022318,41.10046656601033,41.621700286865234,17441500
2021-06-29,41.505858768282536,41.96917954058257,41.32246211325113,41.380374908447266,9477800
2021-06-30,41.34178438364491,42.07537498363354,41.32247888336261,41.756839752197266,7845500
2021-07-01,41.98849639777176,42.876527197834214,41.98849639777176,42.69313049316406,9873800
2021-07-02,42.55800070596839,42.76070293219452,42.20085816231078,42.61591720581055,5759900
2021-07-06,42.770349883376554,42.99235756989388,41.50586747879839,41.73752975463867,7881000
2021-07-07,41.45760881996468,41.95954072173942,40.49235601243185,41.06185531616211,11858300
2021-07-08,40.27034402590638,41.31281503246109,39.6911901936899,40.60818099975586,10363900
2021-07-09,40.99429284710184,41.69892703953267,40.830197935358946,41.428653717041016,7707100
2021-07-12,40.89775550495097,41.872662785298985,40.5695694425784,41.36107635498047,10626000
2021-07-13,40.83019067589643,41.07150386391254,39.758759531961374,39.893898010253906,14610400
2021-07-14,40.08694280098989,40.733664014192016,38.72593666340264,39.2664794921875,31085700
2021-07-15,39.75876008323216,40.801234837346655,39.266482792998374,39.91320037841797,20896300
2021-07-16,40.37652774008089,40.58888085931377,38.45567298377603,38.66802978515625,16726600
2021-07-19,36.940222006906374,37.64485605008887,36.25489345996617,37.22014617919922,27073800
2021-07-20,37.28771882127268,39.40162124824152,37.09466751383479,39.2471809387207,17690600
2021-07-21,39.58501542635366,40.73366860675944,39.575364518567056,40.16416931152344,19145300
2021-07-22,39.903551316301034,40.115908112807396,39.00586590834793,39.63328170776367,10850600
2021-07-23,39.884239137768084,40.183468784348264,38.91898648935715,39.005859375,10101600
2021-07-26,38.93829599094096,40.251040317004936,38.90933958679594,40.22208023071289,10014900
2021-07-27,39.922849504962876,40.04833337830088,39.09273165112879,39.536746978759766,10508200
2021-07-28,39.932511867155384,40.20278518589332,39.218226775553134,39.86494445800781,7538600
2021-07-29,40.00007694095001,40.183477339769524,39.52710510453084,39.7973747253418,8357400
2021-07-30,39.237535319930544,39.63328889656343,38.36880616042035,38.51359558105469,12202300
2021-08-02,38.648722931146956,39.546408328219016,38.03096172932257,38.0792236328125,11084800
2021-08-03,38.12748858156666,38.4653256151266,37.21049761342859,38.38810729980469,14670600
2021-08-04,37.789645927144186,38.108177413958146,36.5830800122564,37.01744079589844,23023700
2021-08-05,37.15258456309738,38.76455508755359,37.133279063851816,38.6004638671875,15652400
2021-08-06,39.13135171041289,39.26648652126283,38.108182356317386,38.91899490356445,11716100
2021-08-09,38.6294197573715,38.6294197573715,37.403548187810095,37.92478561401367,10985000
2021-08-10,37.982702980682156,39.604328268442025,37.84756815372681,39.054134368896484,13745300
2021-08-11,38.61011641107733,39.86494445800781,38.30123577436052,39.86494445800781,12452000
2021-08-12,39.57537034471386,39.70085425729603,38.658379319809235,39.121700286865234,9802100
2021-08-13,38.90934915768757,39.16031331368612,38.40741716354256,38.51359558105469,7211800
2021-08-16,38.07922440780566,38.62941821951232,37.529030596099005,38.542545318603516,10923400
2021-08-17,37.88616888407019,38.08887106954359,36.94987257667368,37.432498931884766,11442000
2021-08-18,37.34563322683804,38.09853298970281,37.06571268538395,37.30702590942383,8612300
2021-08-19,37.09466790601215,37.19119171967786,36.01358572793686,36.61204147338867,12294000
2021-08-20,36.66995664234102,36.92092075806803,36.438294342929886,36.79543685913086,8213100
2021-08-23,37.4421602534235,37.963397694489835,37.287719939272094,37.847564697265625,8584700
2021-08-24,38.47498258768741,39.4498864321317,38.43637158656247,39.121700286865234,10805000
2021-08-25,39.179615775426626,40.00007927630296,38.76455672943573,39.86494445800781,12455900
2021-08-26,39.681541492905836,40.038683982566106,38.880379935883354,39.353355407714844,10032900
2021-08-27,39.430575911701254,40.299304915676544,39.40161950561783,40.07729721069336,7936100
2021-08-30,40.299304436643006,40.347566340257444,38.49428273000297,38.52323913574219,11882100
2021-08-31,38.34949197605396,39.17960994449284,38.24331358258195,39.034820556640625,8627200
2021-09-01,39.160310864795846,39.16996545604661,38.49428767225307,38.996219635009766,8434600
2021-09-02,39.04448401315924,39.633288923657794,38.47498460423499,39.40162658691406,9345500
2021-09-03,39.38231734089482,39.75876538043152,38.75490516904953,38.8514289855957,6644300
2021-09-07,38.783857249564015,39.11204334420424,38.45567115492379,38.94794845581055,8233900
2021-09-08,38.99622137258985,39.4981496755636,38.224016052619476,38.272281646728516,7156100
2021-09-09,38.24331990943988,40.318615173867585,38.079228679397914,39.6622428894043,15509400
2021-09-10,39.62362746996117,39.700849462885444,37.98269694179324,37.99235153198242,12501200
2021-09-13,38.32054587166529,38.78386688232422,37.451816675337234,38.78386688232422,11556300
2021-09-14,38.455675075487086,38.78386120358595,37.85721931794711,38.06957244873047,8837700
2021-09-15,37.88618236081648,38.320546971446554,37.47112325311975,38.262630462646484,8175800
2021-09-16,38.48463090478584,39.25683246453466,38.30123418501658,38.822471618652344,9485200
2021-09-17,39.14099941707148,39.56571299602641,38.40740892583124,38.71628952026367,11011500
2021-09-20,39.141002690811376,39.42092690359951,38.05026592928525,39.36301040649414,16633900
2021-09-21,39.62363043849345,40.28965728984735,38.74525045498325,38.95760726928711,11837600
2021-09-22,39.26648698041621,40.492358565121066,39.26648698041621,40.144866943359375,11599300
2021-09-23,40.44409197478216,41.28386084203095,40.270346184020745,41.11011505126953,12651000
2021-09-24,41.3514329031011,42.22016195486376,41.18733800125816,42.0174560546875,13478500
2021-09-27,42.37460298598164,43.4942961816393,42.229813580845445,42.25876998901367,14467500
2021-09-28,42.14293693260015,42.67382523405292,41.80509992680671,41.930580139160156,9434700
2021-09-29,42.17189071057803,42.461469477097744,41.264554464304254,41.85335922241211,9141100
2021-09-30,41.56378571827782,41.58309121558958,40.897758948536776,41.12942123413086,9789200
2021-10-01,42.422861267553316,44.06379176286582,42.36494477401974,43.80317306518555,19205700
2021-10-04,44.19892384006499,44.40162603171188,43.2529765968992,43.397762298583984,13342500
2021-10-05,43.42672656880117,43.976920388937856,42.91514006354539,43.1854133605957,9596000
2021-10-06,42.19119922939104,42.60625823017732,41.71822741686999,42.49042892456055,10145800
2021-10-07,42.97305150622628,43.030967994958694,42.007798786900835,42.16223907470703,8881200
2021-10-08,42.268422736988114,42.278073645240916,41.592745012723725,41.8726692199707,7340600
2021-10-11,41.496214797693895,42.41320190823772,41.235596129319916,41.68926239013672,9085700
2021-10-12,41.54447707427487,42.28772209482048,41.28385840352666,42.027103424072266,10515200
2021-10-13,41.254909557913734,41.254909557913734,39.4691895272665,39.60432434082031,28236900
2021-10-14,39.74911185992815,40.04834156299659,39.45953674716853,39.76841735839844,16285400
2021-10-15,40.43444114217238,40.80123825476592,39.52710479222773,39.56571578979492,13860300
2021-10-18,39.25683203836011,39.97112077471559,39.112046318686964,39.585018157958984,10140200
2021-10-19,39.604320251210574,39.64293124599534,38.93829716083537,39.04447555541992,11314400
2021-10-20,38.754903003972444,39.64293384945888,38.523240702197036,38.899688720703125,15162600
2021-10-21,39.09274345463126,39.334056685832685,38.62942249258224,38.996219635009766,10694400
2021-10-22,38.61976496243656,38.986562076951486,38.27227702895378,38.35914993286133,9461900
2021-10-25,38.41705873336144,38.523237125059666,38.00199975607586,38.13713455200195,9090500
2021-10-26,38.523236218509304,38.890033286067755,38.08887175457784,38.33018493652344,8951200
2021-10-27,38.45567419267913,38.5425470975977,37.66416713993109,37.71242904663086,8341800
2021-10-28,37.779991559303646,38.00199924708686,37.48076556723135,37.78964614868164,7416000
2021-10-29,37.70278018573618,38.12749014276599,37.4614669569845,37.770347595214844,9343800
2021-11-01,37.789657706520316,39.04448591271545,37.55799535850596,39.015525817871094,11401300
2021-11-02,38.84177510778118,39.09273922090639,38.446021598756666,38.9865608215332,7611200
2021-11-03,38.89003131341717,39.913196796393606,38.6390635549215,39.80702209472656,10010600
2021-11-04,40.01938212369355,40.04834221294264,39.16996227009969,39.56571578979492,9990300
2021-11-05,42.027105663774606,42.876525433539456,41.756832389624854,42.75104522705078,23651200
2021-11-08,43.436378284676366,43.93831020893476,42.953751859291074,43.098541259765625,15006700
2021-11-09,42.88617655346471,43.02131133853336,42.200848039389825,42.98270034790039,9359100
2021-11-10,42.278065513107904,42.92478670607051,42.017446854643566,42.191192626953125,8698700
2021-11-11,42.25875896171819,42.70277796993493,41.94022750854492,41.94022750854492,6370700
2021-11-12,41.98849790200692,42.01745430847978,40.415134765712075,40.75297546386719,10038900
2021-11-15,41.15838142118381,41.447956543175955,40.6757549904811,40.90741729736328,6938400
2021-11-16,40.63714504255825,40.72401794961583,39.478844524653944,39.61397933959961,11055500
2021-11-17,39.556063212144466,39.81668193576353,38.89969094869219,39.29544448852539,9025300
2021-11-18,39.334054864514066,39.353360363973984,38.069572265995845,38.72594451904297,11615800
2021-11-19,38.388112205090856,38.54255253761679,37.538688535124244,38.310890197753906,15033400
2021-11-22,38.494285705251386,38.79351174007662,37.857218954718704,38.38810729980469,11991400
2021-11-23,38.93829680239555,39.16995908682451,37.886171138152065,38.15644073486328,11074300
2021-11-24,37.81861278849874,38.67768736830848,37.567644946801614,38.310890197753906,7580500
2021-11-26,35.473040639736666,35.6660919374708,33.397745632852356,35.11589813232422,38052100
2021-11-29,35.73365847426343,36.05218997798813,34.720143788379886,34.98076248168945,21269600
2021-11-30,34.488476382223645,35.02901918614754,33.996199156012665,34.94214630126953,20442900
2021-12-01,35.58886990161891,36.042539898412436,32.239445170974236,32.364925384521484,34616800
2021-12-02,33.21434629011581,35.39581583964648,32.58693054279289,35.366859436035156,36044800
2021-12-03,35.21241992421547,36.37072396216043,34.121683284287144,34.729793548583984,25510200
2021-12-06,35.955664870538335,37.96339235422984,35.72400259082508,36.81473922729492,23060500
2021-12-07,37.258755132413675,37.770341600024835,36.457597254840614,36.71821594238281,14593500
2021-12-08,37.162228974253644,38.503929638985795,36.70855902667057,37.52902603149414,16355500
2021-12-09,36.89195806249771,37.50006459076214,36.679601297750104,37.162227630615234,10427800
2021-12-10,37.085006360532354,37.12361735161662,36.2838485473411,36.85334777832031,12028500
2021-12-13,36.061846511581784,36.31281062858454,35.15450648993543,35.588871002197266,12244800
2021-12-14,35.27999428242986,36.22594172343074,35.15451036900847,35.26068878173828,12638700
2021-12-15,35.26068769809323,35.521306426198485,34.30508937718825,35.33790969848633,13179900
2021-12-16,36.28385273480682,36.38037654151038,34.42091454467997,34.55604934692383,19944400
2021-12-17,34.78771045546442,35.94601450726839,34.35334597576955,35.289642333984375,18115500
2021-12-20,34.31473613598231,35.95566662439768,34.160295836022456,35.10624313354492,17475600
2021-12-21,35.55026539846205,37.471116570935465,35.48269430917109,37.181541442871094,17209900
2021-12-22,37.15258631875416,38.09853373360304,36.84370199837616,37.770347595214844,11719500
2021-12-23,38.339841060006215,38.50393226286494,37.635206982386144,37.93443298339844,8478100
2021-12-27,36.93057061965766,37.81860511306262,36.54447170777712,37.644859313964844,10897600
2021-12-28,37.432504513678,38.446022956470806,37.18154039169004,38.25297164916992,9974200
2021-12-29,37.96339221406869,38.117832505924994,37.635206133605664,37.79929733276367,7311800
2021-12-30,37.70277717830541,38.35914940272508,37.66416618106958,37.6834716796875,8055600
2021-12-31,37.69312014359035,38.08887363422528,37.56763625178499,37.72208023071289,7166700
2022-01-03,38.40740735262365,39.60431868648578,38.2626179689748,38.89003372192383,12529800
2022-01-04,39.54641215059331,39.845638190441,38.928650889058964,39.17961502075195,12076300
2022-01-05,39.556056369479634,39.84563145158126,38.75489851959355,38.88037872314453,11214700
2022-01-06,39.40161810902642,39.681542298401794,38.35914702335376,38.71628952026367,9304100
2022-01-07,39.305091554267655,40.51165744252836,39.03481829143738,40.0676383972168,13941600
2022-01-10,40.14486540622947,40.34756761711325,38.79350996937628,39.218223571777344,13086400
2022-01-11,39.169962579581025,40.08694984508888,39.03482408702812,39.7973747253418,11415300
2022-01-12,39.81668247591415,40.14486861209244,39.150659294617455,39.19892120361328,12522300
2022-01-13,39.652589447513556,41.06185774619643,39.04447911177877,40.02903747558594,23251900
2022-01-14,39.372664645748685,39.440232050694966,38.17574949128362,38.90934371948242,17141100
2022-01-18,38.51358347350819,39.03481712320574,38.0695644414852,38.16609191894531,15088100
2022-01-19,38.12748734084546,38.4170624576376,37.38424220905231,37.47111511230469,10958600
2022-01-20,37.69311584175973,38.76454688933572,37.41319168512071,37.490413665771484,12935700
2022-01-21,37.48076422625574,37.48076422625574,36.06184157450819,36.54446792602539,17872100
2022-01-24,35.66608972282177,36.612036972619464,34.63326957854537,36.59273147583008,19890100
2022-01-25,36.19697846824146,37.51937371728004,36.00392717998143,37.37458801269531,14674100
2022-01-26,37.94408854455522,38.57150064949582,37.00779215888036,37.4131965637207,12451700
2022-01-27,37.8765185368942,38.639065390965904,36.70855994159029,37.007789611816406,12297400
2022-01-28,36.78577607885569,37.05604562051427,35.49233748611682,36.949867248535156,12889100
2022-01-31,36.50586812095433,38.339850291579246,36.3514277884284,38.310890197753906,10657300
2022-02-01,38.41706487494753,39.160310053507764,38.19505714869929,39.083091735839844,9668800
2022-02-02,38.735601049830066,39.536759065729456,38.349498405589685,39.1120491027832,10249800
2022-02-03,38.61011364303017,39.189263874816675,38.301233028457716,38.34949493408203,9922000
2022-02-04,38.2143564924822,38.69698286713738,37.731730117827034,38.4653205871582,9481900
2022-02-07,39.06378211178848,39.85528911559751,39.01551652592553,39.51744842529297,11417500
2022-02-08,39.92285526824881,41.23559962827202,39.57536368093124,41.12942123413086,14194800
2022-02-09,41.42864780108173,42.963399877862834,41.36108040064428,42.35529327392578,18904000
2022-02-10,41.920929461815575,43.17575736727922,41.80510015664205,42.37459945678711,13210100
2022-02-11,42.374600384449145,43.2433257154895,40.46339655543632,40.859153747558594,19893400
2022-02-14,40.907415033530185,41.74718394547846,40.26069373746169,40.511661529541016,11581600
2022-02-15,41.94988652141346,43.19506353841496,41.82440630641439,42.94409942626953,15528800
2022-02-16,42.567648803322214,43.5715126413965,42.45181949343591,42.866878509521484,14029100
2022-02-17,42.24911102993665,42.59660259033234,41.45760411221174,41.80509567260742,9463700
2022-02-18,41.60238924884301,42.16223757354926,41.21629038414776,41.35142517089844,11574900
2022-02-22,40.24138551314761,41.35142763998887,40.000072327499254,40.4344367980957,13329600
2022-02-23,40.83018649506946,40.91705938114575,38.7162845100753,38.79350280761719,12322200
2022-02-24,36.293506334548084,39.083090213812774,36.16802611295589,38.92864990234375,22659700
2022-02-25,39.34370368320258,40.5406188111038,39.227874374743536,40.09660339355469,15398700
2022-02-28,38.92865135975895,38.95760776857239,37.66416873079008,38.532894134521484,22808100
2022-03-01,38.12748598879103,38.21435888896278,36.08115106292551,36.332115173339844,21467500
2022-03-02,36.96918004030471,37.432500924108474,36.53481556106771,36.71821594238281,15773500
2022-03-03,37.15258046078355,37.393893651486586,35.11589654210643,35.289642333984375,17589100
2022-03-04,34.27612430508787,34.62361589206536,32.98268544364227,33.320526123046875,23278800
2022-03-07,32.81859765599464,33.011648966871164,28.938280667751688,29.063764572143555,34889300
2022-03-08,29.65256645319048,31.602379464451055,28.716271865244657,30.13519287109375,29492100
2022-03-09,31.785778027078837,32.606241512392636,31.428635488051988,31.62168312072754,25808000
2022-03-10,31.00391309459475,32.249089856953084,30.424762995991422,31.41897201538086,17588900
2022-03-11,32.152571107056346,32.239444003676766,30.89773955983976,30.955656051635742,16978700
2022-03-14,30.888088652280647,32.04639271317059,30.550249814431616,30.955656051635742,17253800
2022-03-15,33.5328828567807,34.237516937166696,32.80894327913312,33.648712158203125,27330200
2022-03-16,34.27612486315063,35.666091233691176,34.20855746259904,35.646785736083984,23558200
2022-03-17,34.46917960844726,35.85914611816406,34.1409934805583,35.85914611816406,17062300
2022-03-18,35.51165309509577,36.60238616014589,35.1158995754432,36.3707275390625,18429600
2022-03-21,35.839843423439135,35.93636724654671,34.633277223855316,34.83597946166992,18386400
2022-03-22,35.18347022323516,35.946020925731865,35.06764090201659,35.69505310058594,13587700
2022-03-23,35.44408268094492,35.51165007986951,34.81666691133425,34.961456298828125,12069300
2022-03-24,35.1255516149294,35.97497517793357,34.71049258312893,35.9653205871582,11302400
2022-03-25,35.99427580394726,36.91126664963438,35.94601390304731,36.59273147583008,11313100
2022-03-28,37.085007915075025,37.268408289339746,36.13906068673861,37.007789611816406,11430600
2022-03-29,38.272277267939074,38.86107841793646,37.77034534024427,38.146793365478516,15372200
2022-03-30,37.74138278207346,38.15644177817006,37.55798607674013,37.96339416503906,9363500
2022-03-31,38.0309656898994,38.70663977341809,37.87652537335977,38.1950569152832,9930100
2022-04-01,38.29158358809132,38.513595011687976,37.65451677458458,37.944095611572266,8606300
2022-04-04,37.857214292247555,38.24331318560043,37.364933324377795,38.03096008300781,9482700
2022-04-05,38.13714145788478,38.48463310013119,37.22980503368959,37.67382049560547,12713400
2022-04-06,36.689256017850354,36.7375216018711,35.4440827480629,36.283851623535156,16995200
2022-04-07,36.07149856107372,36.19698246461902,34.913194385776414,35.839839935302734,11688800
2022-04-08,35.695037447096986,36.042528940513584,35.241367588231306,35.46337890625,8615600
2022-04-11,35.42477883804995,37.22014965250725,35.26068394575094,36.88230895996094,14142900
2022-04-12,37.02708923522316,37.59658839974538,36.45759007070094,37.278053283691406,15762600
2022-04-13,38.8128170067124,39.67189147159718,38.42671806812297,39.59467315673828,33528700
2022-04-14,40.5116630939928,41.38038844544144,39.893901862167795,40.88811111450195,29128900
2022-04-18,40.61784526741964,41.57344361095372,40.39583385210593,40.666107177734375,17011900
2022-04-19,41.32247167879936,42.24911343790344,41.23559878374916,41.54447937011719,18453000
2022-04-20,41.77613566017539,42.702781050217986,41.68926276992599,42.027103424072266,17466800
2022-04-21,43.25297653362231,44.662244647982284,42.99235785239459,43.17575454711914,31849600
2022-04-22,43.44602749204704,43.774213595745834,42.03675926881281,42.17189407348633,15557200
2022-04-25,41.8919710106457,42.0367567145065,40.76262337336678,41.76648712158203,15156900
2022-04-26,41.3417771511445,41.554130252804406,40.10625112425967,40.444091796875,14561200
2022-04-27,40.71435996521411,41.93057677050829,40.308951908684776,41.61204528808594,13640400
2022-04-28,41.99815066810543,42.876530630732375,41.39969492092435,42.7896614074707,11953000
2022-04-29,42.63521190970012,43.19506026831782,41.33212217893369,41.53482437133789,13460500
2022-05-02,41.45760542113173,41.8919698853403,40.12555562494108,41.18733215332031,13417100
2022-05-03,41.158375671488585,42.17189029794999,40.74331670449488,41.84370422363281,10401900
2022-05-04,41.274206435626255,42.44216507473816,40.86880204348192,42.326332092285156,13381200
2022-05-05,41.65066561317548,42.220164992043934,40.347571941791195,40.666107177734375,11983100
2022-05-06,40.511663419594875,40.511663419594875,38.99621673492309,39.57536697387695,12996000
2022-05-09,38.890033995287546,39.04447428726331,36.69890982140536,36.92091751098633,18582900
2022-05-10,37.50972143180895,37.96339139023113,36.5348141188779,37.335975646972656,13950000
2022-05-11,37.32632124289623,38.5328871534964,36.39967950727057,36.57342529296875,14402400
2022-05-12,36.01358554123508,36.44794638262643,34.459527847100446,35.39582061767578,17218100
2022-05-13,36.18733345997745,37.11397537610835,36.14872245960175,36.998146057128906,11594800
2022-05-16,36.98848598311102,37.64485816361244,36.785783784406874,36.84369659423828,11062500
2022-05-17,38.465323075241876,39.40161948092317,37.847561864867636,39.30509567260742,13594300
2022-05-18,38.90934858247023,39.411280569194915,37.65451677458458,37.944095611572266,11216900
2022-05-19,37.40354279785868,38.532886709744155,37.30701899898103,37.87651824951172,9564300
2022-05-20,38.51358766942003,38.658373378163915,36.332114309066036,37.297367095947266,10687600
2022-05-23,38.01165855458903,38.60046338673386,37.374591816004745,38.146793365478516,9005200
2022-05-24,37.47111511385293,37.59659901458875,35.50199842814924,35.92671203613281,10856500
2022-05-25,35.7915774529052,37.34563144872591,35.743311864677196,37.258758544921875,10436800
2022-05-26,37.77034344467771,39.807027460676814,37.64485954851476,39.41127395629883,15248300
2022-05-27,39.5753586994294,40.76261901855469,39.5753586994294,40.76261901855469,10730600
2022-05-31,39.295435421498276,40.97497669212359,39.16995522519421,40.24138259887695,14691200
2022-06-01,40.66609651188738,40.83018770034943,37.86686226203911,38.16609191894531,17573200
2022-06-02,38.03096452695949,38.89003899157603,37.85721871589688,38.6004638671875,13761600
2022-06-03,37.83791051201162,38.050263624238966,36.73752290870202,37.200843811035156,14804300
2022-06-06,37.644859313964844,37.92478351052761,36.978836205521546,37.644859313964844,12330400
2022-06-07,37.03675087536337,38.40741183899943,36.92092156420244,38.35914993286133,9604700
2022-06-08,37.49041192298247,38.156434905474356,36.8436907526093,36.8919563293457,9643000
2022-06-09,36.776123473579915,36.882301851282634,35.43442291638348,35.4730339050293,11976600
2022-06-10,34.749100770901244,35.81087737715323,33.78384797170954,33.89967727661133,19434400
2022-06-13,32.81859307897122,32.91511687987411,30.897738510969116,31.090789794921875,20879100
2022-06-14,31.46723661634744,31.63133149042469,29.787698976655843,30.289628982543945,20521200
2022-06-15,30.907396170876666,31.602379389291663,30.260676698781417,30.84947967529297,20995200
2022-06-16,29.604303116650687,29.807005318655342,28.195033087144026,28.55217742919922,20696200
2022-06-17,28.68731398512769,29.420906370673453,27.760672134590116,29.20855140686035,28391100
2022-06-21,29.729787581507313,29.88422789301589,28.725925556701558,29.005847930908203,15125900
2022-06-22,28.880364229730187,29.430558038399372,28.571483624236862,28.957584381103516,16042000
2022-06-23,28.85140458546243,29.073414120849595,27.789628015763,28.53287124633789,15793200
2022-06-24,28.494265374777108,30.202763409157413,28.494265374777108,30.115890502929688,16949600
2022-06-27,30.241366081082763,30.308933473419124,29.285766158596996,29.382291793823242,12782900
2022-06-28,29.92283287494289,31.11974781008517,29.22785161289192,29.276113510131836,14358200
2022-06-29,28.928627439357776,28.9672384373236,28.195035047670515,28.61009407043457,13101500
2022-06-30,27.91511128023488,28.204686386197462,27.123604272268437,27.9633731842041,16394800
2022-07-01,28.214340392162793,28.696966817650658,27.673799311117026,28.494264602661133,11374200
2022-07-05,27.62553601389517,28.793491021047256,27.162213269541738,28.783838272094727,15811300
2022-07-06,28.53287410168132,29.150637185647867,28.166078823982136,28.503917694091797,10289600
2022-07-07,28.841754032303804,29.150636487425523,28.407391359201384,28.870712280273438,9484100
2022-07-08,28.890015208087426,29.372641584858485,28.465303481028307,28.68731117248535,9632300
2022-07-11,28.5425264708229,28.96723824018805,28.15642569916081,28.27225685119629,12059500
2022-07-12,28.38808347593295,30.444072882230152,28.252948678906787,30.009708404541016,22841200
2022-07-13,27.944069206647253,28.716270707736786,27.364917160293302,28.66800880432129,38475800
2022-07-14,28.291557501277165,29.34368314287515,28.08885530810663,28.73557472229004,18983900
2022-07-15,29.102371133600784,29.382295325293764,28.5135681859916,29.044456481933594,13055100
2022-07-18,30.115886537572194,30.878435252742907,29.98074990063708,30.05797004699707,19675900
2022-07-19,30.70468877446722,31.592721358225543,30.70468877446722,31.46723747253418,15847500
2022-07-20,31.438279923696303,31.930560859242167,31.023220971038736,31.70854949951172,12200800
2022-07-21,30.772259522255045,31.032880070234338,30.20276204427139,30.84947967529297,15522200
2022-07-22,31.177668409344165,31.351414228567346,30.202764585611998,30.260679244995117,11256400
2022-07-25,30.24137001417525,30.41511581196462,29.652565219683176,30.31859016418457,9314600
2022-07-26,29.87457569460972,30.125539809170135,29.507778589808524,29.575345993041992,8764800
2022-07-27,30.212410974521642,30.550249812347626,29.6718699386442,30.40546226501465,10281300
2022-07-28,30.193108306440838,30.617818213706965,29.52708335762432,30.598514556884766,10672100
2022-07-29,30.492333745808654,30.91704361945545,30.347546205198455,30.695035934448242,8355200
2022-08-01,30.67573334091822,31.177663376335076,30.164148715909917,31.110095977783203,10517300
2022-08-02,30.62746922278707,31.30314688216798,30.20275933964762,30.71434211730957,10132600
2022-08-03,31.08113942757867,32.16222148148704,30.96531012805382,32.09465408325195,11895100
2022-08-04,32.05604582314697,32.43249384031704,31.77612161678812,32.171878814697266,7573300
2022-08-05,31.756820007100263,32.23944642859329,31.640987014795822,31.795427322387695,7722900
2022-08-08,32.13327031097961,32.92477740392227,32.1236157198609,32.57728576660156,9526900
2022-08-09,32.335969736044994,32.43249354598023,31.592724616672253,32.05604553222656,7179800
2022-08-10,33.00199793667129,33.33018409592454,32.71242278018851,32.751033782958984,10465700
2022-08-11,33.30121315464015,33.58113727936528,32.67379752089711,32.77997589111328,7598700
2022-08-12,33.185394442388855,33.397747568269864,32.895819320080236,33.30122375488281,7142000
2022-08-15,33.38809431036311,34.24716870835857,33.28191591382035,33.78384780883789,9042000
2022-08-16,33.86106595138478,34.546394473901245,33.50391980685076,34.112030029296875,8757400
2022-08-17,33.56184000612073,33.70662571557385,32.876511407793295,33.3398323059082,7976000
2022-08-18,33.33017606742646,33.40739805436635,32.84754969549316,33.291568756103516,5687500
2022-08-19,32.702764349514744,32.87651013987554,31.91125738549202,32.09465408325195,9874900
2022-08-22,31.370717846361952,31.370717846361952,30.743303857649458,31.2548885345459,9246500
2022-08-23,31.26453858044079,31.872648894456496,31.14870927182024,31.727859497070312,7974300
2022-08-24,31.737517391768865,32.24910026674215,31.534811477893744,32.1525764465332,5742000
2022-08-25,32.413187427805724,32.97303207899221,32.35527094024291,32.80894088745117,6785000
2022-08-26,32.77033569906344,33.06956173242768,31.515507703492226,31.544464111328125,6917100
2022-08-29,31.08114431673325,31.225930043377772,30.743305431341277,30.917049407958984,8758400
2022-08-30,31.129403490532255,31.322454791244084,30.376505627044494,30.61781883239746,7506400
2022-08-31,30.85912931611791,30.907393057576055,29.98074947338806,29.990402221679688,7450000
2022-09-01,29.584996675364255,30.057970306029354,28.899668100647542,30.009708404541016,8572700
2022-09-02,30.347546022316813,30.72399399384946,29.633259230680615,29.864919662475586,8629600
2022-09-06,30.251019223646043,30.55024703978786,29.59464710482654,30.106231689453125,7630800
2022-09-07,30.202759709981574,31.216274370406737,30.183454212945747,31.110095977783203,9035900
2022-09-08,30.617816957386292,31.361063867288888,30.453723914152263,31.003917694091797,11085400
2022-09-09,31.303146427028185,31.62167791421465,31.119749733323673,31.52515411376953,10958900
2022-09-12,31.853343308699095,32.28770781751991,31.583073695276063,31.998132705688477,8295100
2022-09-13,30.917047382364693,31.245233496263815,30.492337457026515,30.63712501525879,9508100
2022-09-14,30.492333983989504,31.554110517473674,29.7490889376918,31.52515411376953,11048000
2022-09-15,31.341762774142047,32.567634396373506,31.322457274325696,32.12361526489258,11539700
2022-09-16,31.583073222484863,31.67959703093463,30.685387811742427,30.9942684173584,13830200
2022-09-19,30.830176320475328,31.959522220411962,30.72399791860328,31.795427322387695,8929700
2022-09-20,31.718208429225868,32.113961940322014,31.139054524744253,31.612030029296875,7618900
2022-09-21,31.274189304096836,31.332102110173278,30.00005417928545,30.077274322509766,13704400
2022-09-22,30.038666918879855,30.115887066596315,28.69696432083023,28.91897201538086,11105300
2022-09-23,28.36877730780156,28.552175843051014,27.49039746576386,28.011634826660156,12887500
2022-09-26,27.934417491039326,28.117814203660906,27.046384811401367,27.046384811401367,12130600
2022-09-27,27.615879156755433,27.92475971299236,26.8340231775732,27.509700775146484,13177600
2022-09-28,27.509703417957134,28.610090965531896,27.278042978524212,28.465303421020508,10325700
2022-09-29,27.866848850120796,27.92476350200512,27.104298262503907,27.45178985595703,11040300
2022-09-30,27.142911768089643,27.59657995844207,26.920902206699193,27.08499526977539,9632400
2022-10-03,27.007770417675598,27.509702269360147,26.254874481222217,27.27804183959961,11053600
2022-10-04,28.233643229414778,29.7490897680116,28.233643229414778,29.681522369384766,16308100
2022-10-05,28.95758086701868,29.681520388694146,28.764529591475856,29.45951271057129,8523000
2022-10-06,29.237506478531774,29.845614896743832,29.102369842538597,29.556039810180664,10688100
2022-10-07,29.150636255402233,29.169939912821324,28.0502467752725,28.3687801361084,11051700
2022-10-10,28.38808475410477,28.68731260716693,27.973025754752374,28.397737503051758,10400100
2022-10-11,29.527085031442244,29.69117809071143,27.384224352521457,27.837892532348633,17037900
2022-10-12,27.529009043667234,28.41704165285242,27.2297793637268,28.195032119750977,11868600
2022-10-13,28.310862432195098,29.942140057646785,27.52900823819247,29.324377059936523,27099400
2022-10-14,30.492334435173152,30.81086776814632,29.787700371486075,30.00005531311035,22499400
2022-10-17,30.868782151946633,31.003916946265672,29.652563479854795,30.048316955566406,15306200
2022-10-18,30.849480931667948,31.071488650559253,30.251025181519758,31.052183151245117,13590500
2022-10-19,31.44793877284413,31.79542669647479,30.965312360851904,31.39002227783203,14208800
2022-10-20,31.2741882304611,31.949862159136345,30.994264070211784,31.032875061035156,14786500
2022-10-21,30.94600325259203,31.669942786131156,30.666079082574985,31.447935104370117,11173100
2022-10-24,31.708552185896707,32.25874597307504,31.44793717693613,32.11396026611328,10388300
2022-10-25,31.930561848234586,32.80894167898776,31.776117877674366,32.722068786621094,7755600
2022-10-26,32.529017505567744,33.397742747087435,32.529017505567744,32.722068786621094,9418900
2022-10-27,33.20469767961301,33.86106987594621,32.85720608365459,32.90546798706055,8440400
2022-10-28,32.886162748040604,33.542534949538606,32.52902024144962,33.46531295776367,7315400
2022-10-31,33.465318923473305,33.7162867593335,32.71242278018851,32.751033782958984,10301300
2022-11-01,33.13712628207177,33.2336500772429,32.36492119211571,32.461448669433594,9195500
2022-11-02,32.04639242681498,32.2201382185033,30.917044780840943,30.94600486755371,13959700
2022-11-03,30.44407182682431,31.264535170124148,29.90352897531162,30.859128952026367,10291100
2022-11-04,31.5637703037839,32.065702249464984,31.042532858405753,31.62168312072754,9712000
2022-11-07,32.21047945846943,32.47109811225861,31.438278085471826,32.200828552246094,6998500
2022-11-08,32.258749031083354,32.72207364729434,31.94986840837435,32.42284393310547,7679400
2022-11-09,32.11395895765078,32.84754941661651,31.998129660371344,32.29735565185547,7765400
2022-11-10,33.33017897989219,34.58501060228636,33.117825861545604,34.2568244934082,11959400
2022-11-11,34.44987032342148,34.74910001019334,34.03481133428351,34.20855712890625,9130000
2022-11-14,33.542543278231534,34.25683215092035,33.397753848775594,33.48462677001953,8299600
2022-11-15,34.04447088757392,34.343700617971926,33.262614697781025,33.68732833862305,8391700
2022-11-16,33.22399661680142,33.44600798109921,32.712413857155745,32.93442153930664,7329200
2022-11-17,32.2780475072542,32.94407419680207,32.142912724489904,32.87650680541992,5522200
2022-11-18,33.78383759195335,34.1506345739526,32.98267624734262,33.272254943847656,6364200
2022-11-21,33.10816721812948,33.484615185903706,32.866854040618115,33.04059982299805,5733000
2022-11-22,33.175734613260914,33.310869403523775,32.57727896403386,33.04059982299805,4823800
2022-11-23,33.1660848683997,33.64871124033299,33.011644576666924,33.291568756103516,5420600
2022-11-25,33.30122089880358,34.1602952835712,33.166086098792555,33.88037109375,4352600
2022-11-28,33.494273013918665,33.70662612680344,32.693111419677734,32.693111419677734,6061200
2022-11-29,32.83790645415559,33.52323517857448,32.70277162761079,33.407405853271484,6778200
2022-11-30,33.310873196629466,34.15064580113957,33.021298087071315,34.1409912109375,7404100
2022-12-01,34.21821743559518,34.49814167171566,33.88037669754185,34.15065002441406,6371600
2022-12-02,33.7838486290484,34.47883183627596,33.668019321892906,34.46917724609375,6566300
2022-12-05,34.488481669994506,35.59852384894433,34.44021976702868,34.5463981628418,12131800
2022-12-06,34.65257290920006,34.980758969810616,33.976895292396364,34.66222381591797,8832900
2022-12-07,34.40161352219086,34.41126811340549,33.10817446050573,33.13713455200195,10996500
2022-12-08,33.36878918578293,33.53288407740607,32.14291768115261,32.364925384521484,8918400
2022-12-09,32.152569909147566,32.64484718355778,32.00778052612558,32.62554168701172,5989400
2022-12-12,32.51936527341215,33.58114555509238,32.43249237474874,33.56184005737305,7163700
2022-12-13,34.2857870105811,34.47883834705982,31.66995226363107,32.22014617919922,15029400
2022-12-14,33.44600294536942,33.57148312803146,32.55796866832404,33.11781692504883,23497700
2022-12-15,32.48075665786418,32.87651013987554,31.689249693841457,32.09465408325195,11682500
2022-12-16,32.09465705630267,32.567632569908824,31.486546733708302,31.959522247314453,12861400
2022-12-19,32.15257090324469,32.51936430251954,31.708551833250944,31.776119232177734,8440100
2022-12-20,31.718203965370712,32.123608327520756,31.61202558038471,31.75681495666504,5995900
2022-12-21,32.08500947160135,32.80894917944107,32.04639847013444,32.500064849853516,8164600
2022-12-22,32.4324914064498,32.46145149323777,31.168012641836597,31.776119232177734,6806000
2022-12-23,31.68925048028665,32.01743289006052,31.245231403819073,32.007781982421875,5955600
2022-12-27,31.718203965370712,32.17187390771206,31.4575852973542,31.75681495666504,7613000
2022-12-28,31.698896421445138,31.872642188895934,30.810863930864738,30.87843132019043,7687300
2022-12-29,30.83982411349593,31.621676434087053,30.714340233073276,31.59272003173828,7388000
2022-12-30,31.312798330152372,31.901603105177298,31.225925434129888,31.71820640563965,6957600
2023-01-03,32.09465169159185,32.38422675989867,31.21627189784468,31.476890563964844,8640200
2023-01-04,31.805079014817345,33.27226364432748,31.795424425264653,33.19504165649414,11318800
2023-01-05,33.48462192298758,34.334045509732164,33.32053069669531,34.005859375,11332500
2023-01-06,33.96724832736668,34.816671912917236,33.880375418820066,34.77806091308594,11110400
2023-01-09,35.27033621292614,36.119755978028394,35.08693583466212,35.49234390258789,11251300
2023-01-10,35.39582226676421,36.84370162458512,35.38617135785703,36.766483306884766,10283500
2023-01-11,36.60238001841936,37.35527961597544,36.50585622285547,36.85334777832031,14336700
2023-01-12,37.49042368080929,38.24331978254645,36.9884917189353,38.22401428222656,20052100
2023-01-13,35.2799891795883,36.95953067535198,35.251032773813016,36.872657775878906,29120400
2023-01-17,36.87265969520054,37.02710000428646,36.254898458856864,36.930572509765625,17803900
2023-01-18,37.712425056685014,37.953738246800555,36.97883457887848,37.04640197753906,18661200
2023-01-19,36.534814429943324,37.10431368905624,35.7433074843487,37.01744079589844,17006100
2023-01-20,37.18154312385485,37.837915407620805,37.00779730273165,37.67382049560547,11998700
2023-01-23,37.83790953276169,37.94408792720106,37.38423955002879,37.72208023071289,12459300
2023-01-24,37.886169578830874,38.08887176802145,37.1139681327618,37.451805114746094,7679600
2023-01-25,37.38424565028145,38.12749085049051,37.27806723851619,38.011661529541016,10181800
2023-01-26,38.05026349505396,38.137136394080684,37.27806199378712,37.857215881347656,7618400
2023-01-27,37.64485788553485,37.85721467240699,37.35528279207554,37.384239196777344,7298400
2023-01-30,37.094656930108194,38.02129852284675,36.930562076853406,37.06570053100586,8982000
2023-01-31,37.46145830193246,37.751033373101855,37.036744760880325,37.74137878417969,7919200
2023-02-01,37.4904182664192,38.68733333835914,37.25875597818506,38.50393295288086,10781400
2023-02-02,38.81282164988203,38.93830556895527,38.13714382383498,38.51359558105469,10322700
2023-02-03,37.934427232490265,38.61975570902784,37.92477632643399,38.2047004699707,8279400
2023-02-06,37.90548786374983,38.45568180983187,37.722091109105214,38.262630462646484,6453800
2023-02-07,38.12749018840403,38.38810891762552,37.32632850055859,38.21436309814453,7994700
2023-02-08,38.610115389760225,38.90934510960398,37.79930281928936,38.06957244873047,8942300
2023-02-09,38.339835023326856,38.5811481769336,37.52902267992232,37.654502868652344,5840000
2023-02-10,37.16223177689946,37.200842771551805,36.50585959639804,36.84369659423828,8190200
2023-02-13,36.82439770804909,37.393897036953916,36.66030280879817,37.258758544921875,7842200
2023-02-14,37.19118504431379,37.88616816083779,36.920915468841926,37.74137878417969,7286000
2023-02-15,37.32631345893086,37.895812597257645,37.26840066387313,37.664154052734375,4151600
2023-02-16,37.27805327004043,37.44214812186624,36.8919544508348,36.949867248535156,6273300
2023-02-17,36.843687825407564,37.094655548770156,36.36106155356007,37.0270881652832,5961400
2023-02-21,36.58308396841549,36.76648068173837,35.54060913778684,35.81087875366211,7276600
2023-02-22,35.71435574439734,36.158371175342026,35.559915434410165,35.72400665283203,6220000
2023-02-23,36.32246438022626,36.81474169465773,35.86879437987866,36.22593688964844,7620100
2023-02-24,35.52130099835927,36.1004548663669,35.38616620046828,36.06184387207031,5482500
2023-02-27,36.49620915257767,36.882308057566064,36.25489595615473,36.52516555786133,7961500
2023-02-28,36.33211196810556,37.38423758530114,36.33211196810556,37.007789611816406,8203600
2023-03-01,37.007799021301345,37.326330586720744,36.68926377373409,37.17189025878906,5983200
2023-03-02,36.785784519397936,37.210494422618225,36.53481673129039,37.08501052856445,5295200
2023-03-03,37.635203316992666,37.87651648509249,37.23944986859483,37.500064849853516,7160300
2023-03-06,37.635201662635815,37.90547122074023,37.02709147475431,37.12361526489258,5238300
2023-03-07,37.55798873590313,38.38810678686997,37.35528651847563,37.71242904663086,11338800
2023-03-08,37.84756301486495,38.35914952449532,37.808952017506556,38.34949493408203,7836500
2023-03-09,38.35914620826495,38.89968539596228,36.98848537771731,37.15258026123047,9930000
2023-03-10,37.56763195691024,37.56763195691024,35.30894425551832,35.95566177368164,12931100
2023-03-13,35.14485786750203,35.28964727505534,34.16029946972332,34.440223693847656,14734000
2023-03-14,35.11590604450508,35.22208446628993,33.880379669910894,34.237525939941406,14902900
2023-03-15,33.17573937327858,33.3012232745899,31.447939572826087,32.07535171508789,18703300
2023-03-16,31.96916656378416,32.71241154211472,31.49619482984893,32.538665771484375,13436300
2023-03-17,32.10430862794239,32.19118153296514,31.38036898013525,31.814733505249023,12989700
2023-03-20,31.930561086779814,32.355270949251505,31.776117119902654,31.988473892211914,9241000
2023-03-21,32.548326389958376,32.953730808438166,32.48075898687841,32.71241760253906,8366000
2023-03-22,32.71241245130058,32.83789632960936,31.592719499533185,31.631330490112305,10330400
2023-03-23,31.85334186002458,32.19117886143871,30.70469053199582,31.023223876953125,10506900
2023-03-24,30.637121909399063,30.75295304888663,29.96144609245433,30.492334365844727,12647300
2023-03-27,31.061832684876652,31.177661979756085,30.63712097448068,31.01357078552246,7194500
2023-03-28,30.888084986799527,31.39966771610646,30.859126744338003,31.341754913330078,6752000
2023-03-29,31.689255752541694,32.25875145164925,31.39002601589984,32.162227630615234,9977900
2023-03-30,32.53867534030916,33.09852380634386,32.53867534030916,32.92477798461914,10614900
2023-03-31,33.30121870407779,33.72592857357141,33.17573481998883,33.70662307739258,9177200
2023-04-03,33.28191455173313,33.639057040094734,32.97303396469384,33.19504165649414,9275500
2023-04-04,33.36878302049035,33.49426689300015,32.33596300418222,32.74136734008789,8551700
2023-04-05,32.39388313471081,32.46145053163606,31.708550893952296,32.29735565185547,8679600
2023-04-06,32.41318489294815,32.64484346078898,32.06569335904037,32.51935958862305,6291800
2023-04-10,32.51936145043965,32.97303138814264,32.45179405743879,32.789634704589844,8534800
2023-04-11,32.789632360622335,33.571484618640625,32.760672278444495,33.37843704223633,9801200
2023-04-12,33.12747159125779,33.2722609657154,31.98847313744133,32.567626953125,21581700
2023-04-13,32.86685961443806,32.9247761124356,31.312801898572094,32.210487365722656,37172700
2023-04-14,32.53867544798043,32.81859968192406,31.872652250596918,32.59659194946289,15803000
2023-04-17,32.63519609073632,33.40739753745188,32.50005761568252,33.388092041015625,12113600
2023-04-18,33.72592439226138,34.237510772207166,33.33982556299362,34.13133239746094,13113100
2023-04-19,33.928641530641166,34.93250176663549,33.899681439249214,34.68153762817383,11774200
2023-04-20,34.3533503842949,34.411266883068926,33.38809749761299,33.43635940551758,11195600
2023-04-21,33.47497160156059,33.484622510627545,32.68346450075378,33.13713455200195,9579200
2023-04-24,33.22399661680142,33.27226219817296,32.297354895959366,32.93442153930664,8452700
2023-04-25,32.7220728776307,32.808945780858465,31.940216748580795,31.959522247314453,9119000
2023-04-26,32.02708903875713,32.30701324181588,31.554113534204518,31.612030029296875,9237500
2023-04-27,31.901605516560597,32.287708124100206,31.59272490338785,32.171878814697266,9561500
2023-04-28,32.287699127641076,33.195035215752675,32.084996972128856,33.11781692504883,11108900
2023-05-01,33.23365611044674,33.93829025312546,32.9923428965644,33.513580322265625,9901400
2023-05-02,33.301220902022926,33.465312107153,32.71241611722043,33.330177307128906,10014900
2023-05-03,33.330175418831004,33.60044868571417,32.86685455264877,32.94407653808594,11166100
2023-05-04,32.77032988320572,32.799286285902625,31.544458513029806,31.930561065673828,11694300
2023-05-05,32.278050957811196,33.00199052756413,32.162221657651905,32.760677337646484,8697900
2023-05-08,33.05025344704433,33.233650131024966,32.557972517293344,33.01164245605469,8726300
2023-05-09,32.760674696768795,33.22399554220417,32.52901611512449,33.01164245605469,5845700
2023-05-10,33.446008720558034,33.523227024595315,31.959518625833905,32.62554168701172,9025300
2023-05-11,32.384232053567885,32.47110495647524,31.862994636123798,32.06570053100586,7620000
2023-05-12,32.220141115227676,32.384232332048526,31.708554601641858,32.07535171508789,8934300
2023-05-15,32.191178408890075,32.55797549251689,31.911257904002316,32.54832458496094,7586600
2023-05-16,32.48075666900216,33.0502559415696,32.200832486419664,32.64484786987305,8646700
2023-05-17,33.1081743412924,34.92285085760329,33.03095602259176,34.68153762817383,16957300
2023-05-18,34.642921447753906,34.864929143775505,34.30508444992693,34.642921447753906,9786300
2023-05-19,34.68153773332256,34.74910514319585,33.79350313161299,34.35335159301758,8999000
2023-05-22,34.81666810731961,35.07728680447283,33.98655011241984,34.22786331176758,9021000
2023-05-23,34.498132626686086,35.366857835022174,34.083073677027244,34.66222381591797,10602100
2023-05-24,34.32439220917837,34.49813801440958,33.31087378461387,33.71628189086914,8803900
2023-05-25,33.88038127305689,34.57536466151697,33.81281385275086,34.50779724121094,6880100
2023-05-26,34.50778664862312,34.99041303531715,34.469175653972286,34.642921447753906,6703600
2023-05-30,35.02902180714119,35.64678295376492,34.84562143526129,35.01936721801758,8652600
2023-05-31,35.58887214654372,35.63713405342524,34.63327387098814,35.0676383972168,9972100
2023-06-01,35.15450544615325,35.53095713370108,34.74910103484408,35.11589813232422,7769000
2023-06-02,35.627482839895336,36.33211698434602,35.357213217954644,35.72400665283203,8931000
2023-06-05,35.7915769372259,35.92671174516353,35.27999043012968,35.81087875366211,8285200
2023-06-06,35.37651695359792,36.36107157934801,35.33790595748887,36.332115173339844,5744700
2023-06-07,36.52517090513145,36.930575367042394,36.29350858250542,36.90161895751953,10268900
2023-06-08,36.91126496280644,37.84755758034779,36.91126496280644,37.751033782958984,14879500
2023-06-09,37.76069030714951,38.5135900309422,37.722082991738844,37.915130615234375,14940000
2023-06-12,38.20470969779716,38.82247093471307,38.16609869995307,38.803165435791016,10953500
2023-06-13,38.986565539998914,40.202786302737465,38.803168807524635,40.11591339111328,14333300
2023-06-14,40.26069338035956,40.76262527791895,40.038685678349154,40.72401428222656,13048900
2023-06-15,40.28965374164751,41.52517615501166,40.202780841823646,41.39004135131836,14463100
2023-06-16,41.370732832704306,41.66030791692513,41.07150315912617,41.303165435791016,12219200
2023-06-20,40.946027895073435,41.1583847198895,40.666107341263235,41.003944396972656,12208700
2023-06-21,41.013590351570194,41.544478619666194,40.88810646495395,41.303165435791016,9063100
2023-06-22,41.129424559177515,41.60239639403759,41.00394065758003,41.44795608520508,7195500
2023-06-23,40.78193789822466,41.50587762422865,40.62749757062973,41.37074279785156,19597400
2023-06-26,41.36107847644127,42.06571621761719,41.1776817812355,41.6410026550293,10820000
2023-06-27,42.1622433597311,44.662248304149834,41.863013660756074,44.488502502441406,25947100
2023-06-28,44.66224990950692,45.28001114572091,44.44989310375307,45.08695983886719,17184100
2023-06-29,45.125576683608884,45.76264350126804,44.61399378398578,44.70086669921875,15246600
2023-06-30,45.02905183231851,46.07152310920328,44.87461150677455,45.888126373291016,13335700
2023-07-03,45.7915975464345,46.496231741519566,45.7915975464345,46.29352951049805,6305700
2023-07-05,46.061870513585696,47.12364725256293,46.00395401282147,46.83407211303711,10488400
2023-07-06,46.32248001346805,46.76649538440852,45.5985404678337,45.6854133605957,15081900
2023-07-07,45.8398567787698,46.7085820835426,45.511670681727495,46.216304779052734,14600600
2023-07-10,46.16804690271559,46.92094296895112,46.003951998808034,46.776153564453125,10141000
2023-07-11,46.89198563500857,47.094687851585306,46.341788118068585,46.96920394897461,9937300
2023-07-12,47.00781414324048,47.33600025681623,46.21630710734851,46.28387451171875,15383400
2023-07-13,48.021328423772815,48.07924491930418,45.58889084366574,46.05221176147461,32909200
2023-07-14,46.216649349410304,46.25534144513685,44.4368535346841,44.9688606262207,18178700
2023-07-17,44.96885659975917,45.645949764940795,44.80441705258577,45.26871109008789,9712500
2023-07-18,45.27838732651728,46.806688118248935,45.19133196123705,46.7873420715332,11640400
2023-07-19,46.53585052890974,47.02916180223692,46.33272257459155,46.96145248413086,9050800
2023-07-20,46.555195885542446,47.20327183206196,46.13926511483728,47.09687042236328,10591000
2023-07-21,47.30000276454226,47.49345585062753,46.70996125829136,46.96145248413086,8909700
2023-07-24,46.53585164830469,46.67127028777424,45.781374262756536,45.92646408081055,9434100
2023-07-25,45.13329308541582,45.259040542077834,43.96288495230011,44.92049026489258,13411000
2023-07-26,44.92049118578215,45.24936660156877,44.46587200063678,44.91082000732422,8056600
2023-07-27,44.523904278782794,44.649651731887346,43.90484557100801,44.25306701660156,8835300
2023-07-28,44.55292784854575,44.63998321513398,44.00157842344733,44.22405242919922,8272200
2023-07-31,44.311106719804435,44.81409286011369,44.22405135533012,44.74637985229492,7190000
2023-08-01,44.243395662100255,44.25306684004773,42.81181779373135,43.914520263671875,9002800
2023-08-02,43.440553634059825,43.604993186796705,43.16971635882394,43.33415222167969,7641900
2023-08-03,42.86985756481694,43.1793869292655,42.57967424688155,42.744110107421875,7096100
2023-08-04,43.014954622891096,43.34383006102658,42.76345968732088,43.13102722167969,7244100
2023-08-07,43.22775470051261,43.93386886728322,43.034301595005076,43.759761810302734,5994000
2023-08-08,43.16004350023637,44.436853128490334,43.14069745254994,44.29176330566406,5892100
2023-08-09,44.24339709897603,44.58194368634674,43.28578809631437,43.55662536621094,6073200
2023-08-10,43.943538427706564,44.21437569460267,43.0342963960689,43.392189025878906,6926200
2023-08-11,43.14069271779661,43.227748077890446,42.657052648359965,42.724761962890625,5489100
2023-08-14,42.56033237458482,42.88920781780187,42.27014902818894,42.782806396484375,6363300
2023-08-15,42.44426172542533,42.61837247924409,41.55436190703152,41.61240005493164,7020200
2023-08-16,41.63173816690352,42.31850618165147,41.16744414186768,41.273841857910156,5617100
2023-08-17,41.273850410337786,41.35123460881913,40.354937037602696,40.41297149658203,6408100
2023-08-18,39.987364224990664,40.26787637283706,39.755215349905086,40.1324577331543,6282000
2023-08-21,40.32590824796746,40.4903477927064,39.88096026318367,40.37427520751953,4164700
2023-08-22,40.64511609201036,40.78053473511083,39.88096381750769,40.248531341552734,4249200
2023-08-23,40.24853360518414,41.01268592266376,39.90998328851117,40.81922912597656,7094300
2023-08-24,40.62576783298073,41.090061879714774,40.3452556933244,40.5290412902832,5478200
2023-08-25,40.722496428022325,40.78053457049451,39.793908287754974,40.33558654785156,5804500
2023-08-28,40.36461078595236,41.051378986707185,40.36461078595236,41.022361755371094,4454500
2023-08-29,40.98366248892393,42.61836844620752,40.857918715195396,42.33785629272461,8969800
2023-08-30,42.34752073168722,42.41523004211283,41.805846248282315,41.81551742553711,5511900
2023-08-31,42.11538312169754,42.1540752174079,41.04170144996375,41.47697830200195,6506500
2023-09-01,41.689779176287644,41.776834550302894,40.95464777673335,41.45763397216797,5200300
2023-09-05,41.09006246226895,41.119079687513384,39.95834639916251,40.393619537353516,8261200
2023-09-06,40.13246146222029,41.312540924736915,40.13246146222029,40.34526062011719,7535200
2023-09-07,40.142129560026206,40.306565428044756,39.62947221869631,39.784236907958984,7242800
2023-09-08,39.80358690825728,40.14213354655267,39.41667330173545,39.48438262939453,8049900
2023-09-11,39.7552182096039,39.842273582787975,39.39732553757227,39.503726959228516,6422500
2023-09-12,39.57143396487448,39.90030938986498,39.27157576595098,39.3586311340332,6840000
2023-09-13,38.20757239123652,38.7879391035052,37.99476954145993,38.25593566894531,11263000
2023-09-14,38.884665539291916,38.96204603806875,37.65621921845466,38.04313278198242,13190400
2023-09-15,38.014119588087475,38.79761805293637,37.830337637514894,38.59449005126953,9842300
2023-09-18,38.28495271858863,38.52677277257704,37.462762321099305,37.61752700805664,8517700
2023-09-19,37.59818207732669,38.22691571231756,37.37570806383734,38.15920639038086,8175500
2023-09-20,38.46872776935111,38.565454297740274,37.501447725937346,37.60784912109375,7000200
2023-09-21,37.31767017633543,37.6562167548625,36.95977386202857,37.04682922363281,7938900
2023-09-22,37.124214514856355,37.16290291792734,36.292352965792396,36.437442779541016,7754200
2023-09-25,36.17628236766132,36.495482927379314,35.886095344432434,36.33104705810547,7346900
2023-09-26,35.98282532570728,36.46646544113378,35.5185312576836,35.56689453125,8988900
2023-09-27,35.5668925903885,35.93446009122147,35.33474372410424,35.46049118041992,7996900
2023-09-28,35.49918488832755,36.24399110211522,35.21867273835274,35.741004943847656,8247600
2023-09-29,36.03118388717239,36.25365786838803,35.537872657499584,35.789363861083984,7990300
2023-10-02,35.76035622703093,35.98283026789787,35.11227646460835,35.25736999511719,5799800
2023-10-03,34.957502082017896,35.10259557238248,33.980550808522736,34.086952209472656,9406100
2023-10-04,34.30943146114225,35.073580050164864,34.203030043841544,34.880126953125,9430500
2023-10-05,35.276713025701106,35.450823771456164,34.8317612921707,35.2476921081543,8342200
2023-10-06,35.141287962309825,36.10856806666345,35.073574960314765,35.789363861083984,9785200
2023-10-09,34.54157160881686,34.61895578823605,33.55494546050678,34.125640869140625,14475900
2023-10-10,34.57060224190581,35.47016959637719,34.54158132152287,34.657657623291016,12365700
2023-10-11,34.68675186199043,35.52094171580992,34.27935888233461,34.900150299072266,14319300
2023-10-12,35.89923590566256,35.95743648799505,33.87196187368915,34.095062255859375,29838600
2023-10-13,33.73616421718681,34.36665757509705,32.93107651268577,33.07657241821289,14423600
2023-10-16,33.08626539919927,33.70705664171856,32.87286702200539,33.386959075927734,10136900
2023-10-17,33.29967363074045,34.13385979710602,33.24147304695313,33.63916778564453,10331900
2023-10-18,33.076568945859755,33.076568945859755,32.02898447524611,32.145381927490234,14724500
2023-10-19,32.2132862492708,32.61098100419233,31.67979382684566,31.72829246520996,13407100
2023-10-20,31.611889460594668,31.73798885843992,31.22389302116694,31.262693405151367,8364900
2023-10-23,31.039597366096867,31.611890090542612,30.826200800242454,31.078397750854492,12427600
2023-10-24,31.13659517858975,31.47609300091217,30.932898705321346,31.058998107910156,8662800
2023-10-25,30.90380123651196,30.971700063066322,30.38970721386508,30.46730613708496,11186400
2023-10-26,30.535206291136767,31.03960023904631,30.244210778937447,30.6516056060791,10230800
2023-10-27,30.806802585282842,30.845601122426686,29.681617256547057,29.73011589050293,10826500
2023-10-30,29.924107376006173,30.457599629588348,29.924107376006173,30.292701721191406,10783100
2023-10-31,30.20540597657021,30.38000399841694,29.836811591641393,30.312105178833008,9104300
2023-11-01,30.447904882320756,30.651603204987058,29.91441253504499,30.17630958557129,9336700
2023-11-02,30.709802039330942,31.126896932332958,30.62250302218614,31.058998107910156,9711700
2023-11-03,31.582791878762908,32.52367716453421,31.534289547363578,32.34907913208008,12310200
2023-11-06,32.620677825037895,32.71767508652155,31.485790624595744,31.931983947753906,8225800
2023-11-07,32.01927982048964,32.51397542604375,31.631287112428048,32.43637466430664,10497700
2023-11-08,32.73706594838269,33.668252713975825,32.70796751827268,33.14445877075195,14144100
2023-11-09,33.38696459041564,33.59066475693095,32.31028168270355,32.47517776489258,8513100
2023-11-10,32.59157610325114,33.10567195627283,32.43637826276741,33.03777313232422,7536700
2023-11-13,32.775866322000894,33.35785712544478,32.67886538795538,33.14445877075195,7144400
2023-11-14,34.06595283360234,34.4248507976317,33.82345600935931,34.18235397338867,10993800
2023-11-15,34.444247861655384,35.365736549183865,34.43454961661544,34.686744689941406,10580600
2023-11-16,34.61884621355781,35.10383987488637,34.22115155927671,34.44424819946289,7756300
2023-11-17,34.70614986799523,35.00684731035925,34.45395475842525,34.97774887084961,8447200
2023-11-20,34.87104867186959,35.50153827805021,34.647952008124896,35.404541015625,7784200
2023-11-21,35.191142930577506,35.25904175495843,34.62855214282001,34.80315017700195,7345000
2023-11-22,35.695531883471574,35.92833046345553,34.7061443939036,34.87104415893555,12367700
2023-11-24,35.074744919249746,35.23964470457031,34.87104844933172,35.016544342041016,4392600
2023-11-27,34.812845704299065,34.91954490576666,34.599447301363895,34.764347076416016,7147100
2023-11-28,34.832251721500214,35.04565016012819,34.39575659712879,34.958351135253906,7810200
2023-11-29,35.268741329627524,35.811931888145914,35.24934113822213,35.54033660888672,9311600
2023-11-30,35.60823019666083,36.112623998464265,35.10383639485739,35.82162857055664,11392800
2023-12-01,35.87013749964155,36.975922663578416,35.860439252681005,36.908023834228516,11014200
2023-12-04,36.859523072870616,37.49971464139108,36.57822582452762,37.01472091674805,9760000
2023-12-05,36.62671610946965,36.7916158623749,36.24842168249734,36.48122024536133,7828100
2023-12-06,37.09232066336313,38.33390338005868,36.98562145485804,37.77130889892578,12499700
2023-12-07,38.26600334772859,39.30388956096986,38.22720296400542,39.12929153442383,12122600
2023-12-08,39.051693290655685,39.51729052500604,38.66370052897504,39.13899230957031,8728400
2023-12-11,39.197192189487765,39.41059060973979,38.90619669836764,39.294189453125,7295400
2023-12-12,39.30388534303213,40.21567206142785,39.30388534303213,40.00227737426758,8448900
2023-12-13,39.64338544465038,40.118680916039054,38.91589486817542,39.95378112792969,12821300
2023-12-14,40.283575201698135,41.41846237433387,40.244778518180254,41.166263580322266,14530800
2023-12-15,41.31176412654476,41.31176412654476,40.7200712117383,41.06926727294922,12907200
2023-12-18,40.73946970335588,40.91406772667263,39.86647958677212,39.9440803527832,8624000
2023-12-19,40.176871336598545,40.45816853567407,39.82767902418954,39.91497802734375,7560000
2023-12-20,39.54638640892732,40.18657793952668,39.0613927130124,39.12929153442383,9695100
2023-12-21,39.633688219713704,40.35147686821572,39.54638920027876,39.88588333129883,7709400
2023-12-22,39.82768147403023,40.04107617248277,39.662781702281215,39.89558029174805,6839000
2023-12-26,39.779178962548286,39.895580106846246,39.5269838836521,39.53668212890625,4722900
2023-12-27,39.49789124766853,39.65308909598082,39.18749555104394,39.37179183959961,4486400
2023-12-28,39.28448791845129,39.497886320840344,39.23598929069236,39.410587310791016,4558100
2023-12-29,39.31359378838401,39.439693204566304,38.780101381748054,39.02259826660156,8624200
2024-01-02,38.770398907508216,39.71128420201794,38.38240245396034,39.235992431640625,9483800
2024-01-03,38.469695171523774,38.60549279796593,37.50940614135627,37.577308654785156,11846200
2024-01-04,37.57731285629274,38.48909966449938,37.49971208953053,38.02350616455078,8355800
2024-01-05,37.975002458693126,39.517282339932336,37.887703457860425,39.32328414916992,11060000
2024-01-08,39.99257686361255,40.83646479814962,39.87617942096798,40.38057327270508,11967400
2024-01-09,40.15748283881514,41.117768364407155,40.05078362481413,41.049869537353516,11894000
2024-01-10,40.96256979133573,41.243867041409324,40.720072927522324,40.84617233276367,10255600
2024-01-11,40.59396643258863,41.0983602652537,40.23507217288366,40.991661071777344,10485200
2024-01-12,38.944997449216764,39.53668668328752,37.22811922523245,37.3154182434082,42272200
2024-01-16,36.995322120960495,37.04382075521478,35.24934538634598,36.34543228149414,27511600
2024-01-17,36.18052741784782,36.83042086650793,35.87983370745698,36.02532958984375,11165800
2024-01-18,36.18053586137242,37.13112324226386,36.03503994503098,36.94682693481445,13540800
2024-01-19,37.0341152289197,37.102014043571046,35.588832530895665,36.16112518310547,19117400
2024-01-22,36.52972415294426,37.03411802863401,35.87013244628906,35.87013244628906,11661700
2024-01-23,36.91771924578766,37.80040757128114,36.539421077540716,36.86921691894531,15332500
2024-01-24,37.2475080973693,37.53850350277538,36.888610187168034,37.04380798339844,9694900
2024-01-25,37.87800387519141,39.100189963061865,37.83920349457788,38.974090576171875,19386400
2024-01-26,39.05169074117606,39.35238816451961,38.40180096517942,38.44060134887695,8126600
2024-01-29,38.43089978152769,38.96439211189674,38.15930449338526,38.88679504394531,7247500
2024-01-30,38.40179927002951,38.82859237123798,38.22720125130602,38.333900451660156,6610800
2024-01-31,38.20780217252092,38.55699822013279,37.713110238542896,37.96530532836914,8183300
2024-02-01,38.22720584901071,38.615202315108014,37.4415146702575,38.56669998168945,9865500
2024-02-02,38.266005794945,38.92559755958866,37.984708545274636,38.78009796142578,7513500
2024-02-05,38.25630379547475,38.363003007285755,37.79071026228821,38.06230926513672,7931900
2024-02-06,38.0817003231005,39.07108782749774,37.868305630142004,38.974090576171875,7579200
2024-02-07,39.10020151118863,39.206897039076104,38.59580751486538,39.00320053100586,6544000
2024-02-08,39.09049367688629,39.27479366137745,38.36300308600054,39.13899230957031,7611500
2024-02-09,39.303891399613775,39.64338552255252,38.76069710270336,39.294189453125,7769400
2024-02-12,39.109888474259634,39.711279577030055,39.071088093382066,39.36208724975586,6677300
2024-02-13,38.64429278383075,38.896487844627735,38.1786993406771,38.80918884277344,8855300
2024-02-14,39.16809498297264,39.89558558376971,38.7510000758323,39.614288330078125,8961800
2024-02-15,39.953781757167285,40.17687842677484,39.57548724347584,39.76948547363281,7291500
2024-02-16,39.33298457822274,39.41058533892085,38.780092108976476,38.915889739990234,7674100
2024-02-20,38.77039937364514,39.66278604724266,38.64429996969473,39.38148880004883,8190900
2024-02-21,39.284487050010064,39.75008052657781,38.91589082681592,39.53668212890625,5903000
2024-02-22,39.769484413583115,41.11776634191271,39.711283836024805,40.85586929321289,12389000
2024-02-23,40.807252395847165,40.846141405644715,40.29193314413116,40.564178466796875,9103400
2024-02-26,40.603068900771525,41.0211563701238,40.47667312372191,40.632240295410156,7783300
2024-02-27,40.90448140468114,41.08921625967304,40.603068390628565,40.81697463989258,7119400
2024-02-28,40.36971898651789,40.95309493848224,40.35027262691723,40.84614181518555,7376400
2024-02-29,41.00171000255738,41.51702927225453,40.82670017982723,41.098941802978516,10294100
2024-03-01,41.03088949297908,41.15728900395941,40.37944928317088,40.99199676513672,5332300
2024-03-04,40.729473155438846,41.28368150127827,40.06831167110158,40.418338775634766,8206500
2024-03-05,40.10719447810697,40.710016726284444,40.029409047883576,40.6419563293457,7123200
2024-03-06,40.81697276061941,41.089214367865466,40.57389883728865,40.855865478515625,6435500
2024-03-07,41.03088088647237,42.04206934418206,40.97254180694585,41.594810485839844,9519200
2024-03-08,41.643429275749575,42.071238075876614,40.923928779748564,41.06977462768555,8222400
2024-03-11,40.89476669471965,41.51703547431736,40.787813552786076,41.497589111328125,8031400
2024-03-12,41.07949774548349,41.57536697387695,40.45722902396459,41.57536697387695,15141900
2024-03-13,41.49758105931827,43.23799126450147,41.44896701578527,42.693504333496094,12386600
2024-03-14,42.59627187611767,42.69349995320821,41.58508355471712,41.86705017089844,9658300
2024-03-15,41.78927133786204,42.28514425272516,41.76982497757192,41.925392150878906,8026800
2024-03-18,42.129573266166105,42.440707584618536,41.43924051989949,42.23652267456055,8313200
2024-03-19,42.168469003675774,42.57683517994731,42.02262685494713,42.528221130371094,5358600
2024-03-20,42.74211432999936,44.19083642779881,42.411533672656674,44.12277603149414,9632600
2024-03-21,44.23945713043213,44.77421905723895,43.95749046954734,44.72560501098633,9868900
2024-03-22,44.72560645862802,44.87145231112049,44.31724400607167,44.32696533203125,6666100
2024-03-25,44.22001358413575,44.326966718106036,43.33522453358278,44.16167449951172,8827000
2024-03-26,44.31724494605543,44.842281866333515,44.181120416635295,44.65754699707031,7468400
2024-03-27,44.929782076064924,46.184044382078326,44.774214917033206,45.99930953979492,10201400
2024-03-28,45.98959202750088,46.728538935514415,45.94097797779284,46.543800354003906,13599400
2024-04-01,47.15634732540838,47.83695514201093,46.87438064711366,46.88410568237305,13772800
2024-04-02,46.00903227493624,46.11598539548922,45.11452201033628,45.600669860839844,9990900
2024-04-03,45.49372193937963,46.15488338834413,45.211755263700674,45.279815673828125,11209100
2024-04-04,45.91180901993449,46.73825896915586,44.39502623150096,44.60893249511719,10628300
2024-04-05,44.71589038890434,45.17286694300322,44.19084970903121,44.78395080566406,7632900
2024-04-08,45.03673978184006,46.07709595929987,45.01729342135313,45.70762252807617,9977500
2024-04-09,45.84374471094585,46.174325404317976,45.143690605213386,46.009033203125,13330700
2024-04-10,46.52435073355099,47.87584495846125,44.453363430738165,44.95895767211914,34952500
2024-04-11,45.445101323866936,46.553517796080875,45.28953416476698,46.31044387817383,14073300
2024-04-12,45.49371861705967,45.64928578727795,44.813110856474516,45.5617790222168,16612000
2024-04-15,45.960423531383476,46.49518548679803,45.00757407960511,45.357601165771484,12122000
2024-04-16,45.3089823949344,45.474274608157174,44.3755793253682,45.26036834716797,11692900
2024-04-17,46.39796444134406,46.8549410208401,45.843756040348524,46.553531646728516,13841600
2024-04-18,46.67019888245709,47.84667592245563,46.485464013792466,46.52435302734375,12255100
2024-04-19,46.47573327668455,47.39941492471246,46.18404531125829,46.252105712890625,9271700
2024-04-22,46.47573572160558,47.81750488396846,46.47573572160558,47.66193771362305,10442100
2024-04-23,47.07855473914456,48.245310289360454,46.86465221306476,47.86611557006836,10669300
2024-04-24,47.8369531280297,47.905013535923125,46.41740217908959,46.61185836791992,10329500
2024-04-25,45.97987288596515,48.55645473306389,45.571506689182144,48.49811935424805,12946800
2024-04-26,48.38143919269305,48.84814445814965,47.817509536205584,48.53700637817383,9983000
2024-04-29,48.449500048212236,49.3342890514426,48.371714606207185,49.05232238769531,9601300
2024-04-30,48.45921850035342,49.324561091768224,48.39115809714195,48.68284606933594,11063500
2024-05-01,48.65368555899289,49.10094076290741,47.91473863085952,48.634239196777344,10368700
2024-05-02,49.188444087484484,49.77182007696591,48.848142045122664,49.61625289916992,8196100
2024-05-03,49.93711418846853,50.21908086801196,49.412073552563015,50.121849060058594,9165900
2024-05-06,50.52048733342733,51.531675824678736,50.24824570463427,51.46361541748047,8541200
2024-05-07,50.69549469639333,51.07468940719044,50.569095223123114,50.75383377075195,6583900
2024-05-08,50.71495242622449,51.28860713783286,50.520492510439304,50.831626892089844,5125500
2024-05-09,50.68577105414991,51.43443911695705,50.57881794388983,51.28859329223633,4601700
2024-05-10,51.48305548981729,51.67751536192412,50.71494103495278,51.14274978637695,6118900
2024-05-13,51.590867337962464,52.46760185700055,51.43500383636447,51.620094299316406,7137400
2024-05-14,52.048719488628045,52.12664938361685,51.571385411034846,51.68828582763672,5549600
2024-05-15,51.94156407100486,52.14613423160911,51.62983705025194,51.883113861083984,5655300
2024-05-16,51.95130478002433,52.09742472268981,51.11353706419117,51.15250015258789,4801100
2024-05-17,51.17198220729466,51.83440300162226,51.07456891474956,51.337589263916016,4535300
2024-05-20,51.2109502850723,51.86363125281821,51.19146688286268,51.620094299316406,4470500
2024-05-21,51.347320640672294,51.51292766998862,50.675160114346525,50.879730224609375,6094900
2024-05-22,50.86025816660454,51.045348635703604,49.817920268285505,50.24654769897461,6309900
2024-05-23,50.31473289337752,50.3829229387531,49.21394489276222,49.876365661621094,6112500
2024-05-24,50.11990745826773,50.53879132965459,49.78869704173112,50.49982452392578,5197700
2024-05-28,50.3731759900737,50.42188263119558,48.90221461815312,48.98014450073242,6060800
2024-05-29,47.66504940673416,48.707387195430066,47.03185188676208,48.6099739074707,10796100
2024-05-30,48.70739924890584,48.85352293308441,48.11316838349644,48.81455612182617,4909200
2024-05-31,49.09704871488052,49.7594694906459,48.92170182034976,49.701019287109375,7780900
2024-06-03,50.11990811119193,50.30499486669625,49.15550009527558,49.47697067260742,5403300
2024-06-04,49.29187789079192,50.061455555536384,48.02548647609486,48.57101058959961,7232200
2024-06-05,48.7073865960755,50.36343848355781,48.51255630647546,49.506187438964844,10234100
2024-06-06,49.68154191832599,50.32447937097881,48.9996376585841,49.126277923583984,5228700
2024-06-07,48.70738934257956,49.39903337938525,48.69764949978576,49.13601303100586,4743500
2024-06-10,48.999635327111186,49.55489929543294,48.71713156327617,49.19446563720703,3734400
2024-06-11,48.83402363056759,48.89247011234928,47.781942365555885,48.01573944091797,7120800
2024-06-12,48.65868217898586,49.866623340831644,48.51255852608053,49.31135940551758,6810000
2024-06-13,49.10679057692035,49.194464027791255,48.074192568449575,48.87299346923828,5250400
2024-06-14,48.23979719585757,48.34695404330764,46.194084684004146,47.460479736328125,12323500
2024-06-17,47.35332373466018,48.49307484281443,47.24616688529617,48.42488479614258,5288500
2024-06-18,48.29824447631836,48.62945112500809,47.90858391209266,48.29824447631836,5026600
2024-06-20,48.08393953358089,48.463856608907186,48.00600592014,48.327476501464844,5303100
2024-06-21,48.27876716196428,48.31773025043525,47.46048284680966,48.10342025756836,9374800
2024-06-24,48.142381601994195,49.06782273809598,48.064451711796394,48.122901916503906,6695400
2024-06-25,48.2690279212517,48.56127154936459,47.4215202849005,47.548160552978516,7726200
2024-06-26,46.66167283688323,47.216936687191065,45.93106211636467,46.93443298339844,10964200
2024-06-27,46.90521861100062,47.382548957639976,46.632454696842,47.34358215332031,6504900
2024-06-28,47.16823013219233,47.24616373237582,45.814165415672065,46.213565826416016,11892900
2024-07-01,46.57400682454606,46.66168027362445,45.53166899443579,45.70701217651367,9064600
2024-07-02,45.784945151169325,46.06744889608865,45.31735466789535,45.50244140625,6361900
2024-07-03,45.931070195738926,46.2427971940407,45.69727308897313,46.16486358642578,3543200
2024-07-05,45.931072220218745,45.931072220218745,44.771833910364876,44.830284118652344,9605500
2024-07-08,45.60959930845422,46.0771898025238,45.08355860909635,45.15174865722656,7404000
2024-07-09,45.17123050064217,46.37917535570861,45.06407365268319,45.67778778076172,9369500
2024-07-10,45.9115837189763,46.06744720768847,45.27838620578886,45.648563385009766,11416100
2024-07-11,41.89809597826791,43.86587501473336,41.07981166326325,43.82691192626953,33857200
2024-07-12,43.31060910728316,43.71975310441339,42.42413478225967,42.49232482910156,16717000
2024-07-15,42.4825898744572,42.492329718235766,41.61559885107306,41.88835906982422,12563800
2024-07-16,42.12215430801127,44.85950736475652,42.04422069696132,44.830284118652344,15554000
2024-07-17,44.15812332701316,44.84002384147188,44.12889636490843,44.577003479003906,7160500
2024-07-18,44.567264911203836,45.59011942824513,43.43725353422959,43.75872039794922,10441500
2024-07-19,43.583377326604186,44.67442190019483,42.911212918202736,44.26527786254883,8789800
2024-07-22,43.495704190541055,43.75872084715749,42.42413929629059,42.696903228759766,14486000
2024-07-23,42.7066394537577,42.90146975584719,42.12215226356818,42.48258590698242,10772600
2024-07-24,42.35595104611553,42.765095104204946,41.70327372450544,41.82991027832031,7120100
2024-07-25,41.635075456090114,42.86249995612265,41.41101820889752,42.3462028503418,9293100
2024-07-26,42.83327987252583,43.13526331165282,42.239049121099384,42.98914337158203,8721400
2024-07-29,42.989146666701785,43.03785331712541,42.05396188460367,42.06370544433594,7832300
2024-07-30,42.4253930275384,43.099896757892765,42.12235317411568,42.25920867919922,6087700
2024-07-31,42.27875913272832,42.953262849272654,41.897517739506185,42.053924560546875,7718200
2024-08-01,42.347187006806095,42.405840963253915,40.0499611169083,40.568058013916016,9729500
2024-08-02,39.74692525095568,39.77625036760121,38.700953828222616,38.93556594848633,9378300
2024-08-05,36.66765775735023,37.86026210888417,36.46237450212865,37.07822799682617,19882800
2024-08-06,37.37149101925214,38.036220959148935,36.784966356535136,37.361717224121094,7541400
2024-08-07,37.87003582177041,37.95801488358761,36.45259703872994,36.4819221496582,10595700
2024-08-08,36.95114576283541,38.81825381027479,36.91204312553037,38.72050094604492,9297300
2024-08-09,38.632526009110805,38.85736060411605,37.98734734069435,38.41746520996094,8279500
2024-08-12,38.12420355012942,38.32948682812369,37.938471593234596,38.182857513427734,10284000
2024-08-13,38.44678783892135,38.80847789161718,38.2219495512383,38.61296844482422,7616400
2024-08-14,38.84759093047692,38.97466893524719,37.782068075583936,37.8211669921875,5936300
2024-08-15,38.44678802523959,39.66871741232655,38.3881340722077,39.2776985168457,9742600
2024-08-16,39.19949858829114,39.37545674233406,38.89646244557628,39.24837875366211,4633800
2024-08-19,39.32657944888297,39.6882695447402,39.1115186588437,39.56119155883789,5246900
2024-08-20,39.59051515244004,39.63939158583402,39.160397317927085,39.21904754638672,4108400
2024-08-21,39.42433153490916,39.53185818858547,39.01376132175101,39.2776985168457,6508200
2024-08-22,39.34613208318207,39.8251301145345,39.17017392709612,39.23860168457031,4620900
2024-08-23,39.53186641090248,40.50941012389344,39.18972760296897,40.45075988769531,6033500
2024-08-26,40.68536549587419,41.0079566889384,39.89355752932218,40.05973815917969,6110900
2024-08-27,40.137940581552,40.20636833356394,39.58074104143607,39.8935546875,5348200
2024-08-28,39.86423355277951,40.02064040605493,39.23860613967782,39.5220947265625,7586900
2024-08-29,39.73715201565225,40.939530292511876,39.72737449061038,40.62671661376953,8824200
2024-08-30,40.96885058018741,41.653131820161086,40.871097715490926,41.53582763671875,8652000
2024-09-03,41.154577077062584,41.78020800716827,41.10570065117228,41.418514251708984,7690200
2024-09-04,41.33053519349352,41.907285968676625,41.21323102555032,41.418514251708984,7096300
2024-09-05,41.858419709543746,42.90439113958207,41.1252619560197,41.22301483154297,18941400
2024-09-06,41.193689151466685,42.073479935279764,40.548510486348135,41.086158752441406,8498200
2024-09-09,41.60425653242253,43.08034571253284,41.60425653242253,42.69910430908203,12176000
2024-09-10,42.933711522390404,43.01191679741233,41.82908998045136,42.425392150878906,7184800
2024-09-11,42.532916507088444,43.34427941085367,42.063696069466076,43.28562545776367,6984900
2024-09-12,45.24071304349223,45.504650242141466,41.89751598533374,43.27585220336914,13654900
2024-09-13,43.91125710574734,44.64441481215344,43.84282935147207,44.16542053222656,9391400
2024-09-16,44.04810932498349,44.869245974484926,44.04810932498349,44.302268981933594,7171400
2024-09-17,44.927896639714675,46.3648867228219,44.78126735776503,45.63172912597656,8579600
2024-09-18,45.7588177870498,46.892768226987684,45.406901490339266,45.8663444519043,7584000
2024-09-19,46.61905443217648,46.726584828259995,45.817468952868694,46.071632385253906,6676800
2024-09-20,46.00319886665298,46.10095172592012,45.47532447693233,45.88589096069336,9728200
2024-09-23,45.81747121579816,46.36489701879117,45.45578109849854,46.10095977783203,5449600
2024-09-24,46.30623754300271,46.8145606433325,45.817465761420145,46.72658157348633,6652700
2024-09-25,46.90254528349809,48.085372240436925,46.88299396242887,47.65525436401367,9203400
2024-09-26,48.87717875276263,50.82249210789702,48.544813788082536,50.64653396606445,17920400
2024-09-27,50.851823215497554,51.272167300637705,50.06001148392427,50.38260269165039,10931300
2024-09-30,50.304397058089094,50.45103010222781,49.141121417172656,49.649444580078125,8083200
2024-10-01,49.65921820025876,49.83517636098873,47.97784560633141,48.83808135986328,10546000
2024-10-02,48.271106496072356,48.271106496072356,47.117604690392625,47.313114166259766,8142000
2024-10-03,47.332655515692025,47.41086078733874,45.8467926447303,46.39421463012695,9561800
2024-10-04,47.968064211863414,48.53504129048696,47.26423162571913,48.17334747314453,8574400
2024-10-07,47.968062351389015,48.564364521629614,47.811655530426954,48.35908126831055,7103400
2024-10-08,48.808749771653986,50.050230528193204,48.77942465843133,49.483253479003906,8425800
2024-10-09,49.65921260494558,50.71496145036975,49.48325446404156,49.83517074584961,9670500
2024-10-10,49.52143204032173,50.49205770789569,48.325312051437635,49.30574035644531,16893700
2024-10-11,48.99200297120714,50.51166607651796,48.472373432976305,50.32538604736328,8037200
2024-10-14,50.344989895451604,52.32545543891548,50.070471178152246,52.13917541503906,9581400
2024-10-15,52.78626267297493,53.22745617981446,51.5215092000474,51.6979866027832,9175400
2024-10-16,52.207804459882986,55.3745872675184,52.15878379525199,55.207916259765625,18957900
2024-10-17,54.41377123702988,54.95300605983985,53.982384126789334,54.178466796875,8349900
2024-10-18,54.46279011668124,55.13928802239561,53.78629595100394,54.7078971862793,8222100
2024-10-21,53.60982071765105,54.12944652928422,53.384322653356705,54.02159881591797,6869400
2024-10-22,54.00199286673778,54.139252231113474,53.10979951822142,53.72747039794922,5701400
2024-10-23,53.32549654214172,54.01179712464786,53.17843453591438,53.58041000366211,6624000
2024-10-24,54.198075875395084,54.66868101621905,53.060779183394544,53.69805908203125,5724600
2024-10-25,53.92356141609854,54.188277530036615,52.81567628888457,53.06078338623047,5982900
2024-10-28,54.413773860369545,55.53146158990629,54.2765144886773,54.29612350463867,10898800
2024-10-29,53.62943173608258,56.24717364722956,53.53138665661579,56.2177619934082,9524100
2024-10-30,56.002060053461,57.91389587055643,56.002060053461,57.315834045410156,11089000
2024-10-31,57.15896973042306,57.933508993005574,55.982455010303845,56.1001091003418,7749400
2024-11-01,56.36482441866021,58.03154953089515,56.36482441866021,57.24720764160156,9588400
2024-11-04,56.68836804968551,56.98249581265461,55.69813704168078,55.77656936645508,7959800
2024-11-05,55.97265140735212,57.48251187646105,55.962848770036636,57.149166107177734,5390600
2024-11-06,59.31591297421884,61.43363798204401,59.14924195612072,61.10029220581055,16683600
2024-11-07,60.443407687982486,61.24735861469051,59.227674920256774,59.247283935546875,7400000
2024-11-08,59.71788894874341,60.502230858405895,59.315913486289055,59.85514831542969,4646000
2024-11-11,59.884566684171325,62.59054734198497,59.639459591469326,62.3160285949707,8087400
2024-11-12,61.96307000146556,62.855259614849,61.58070355859226,62.79643630981445,6598700
2024-11-13,63.0023197520663,64.45334933436281,62.75721269613086,63.198402404785156,8528900
2024-11-14,63.747447236818935,64.95337738362703,63.35528188573219,63.58077621459961,7311800
2024-11-15,64.15923727740228,64.55140265571248,62.61015860082165,62.81604766845703,9852600
2024-11-18,62.825848759629174,62.825848759629174,61.15911986181681,62.002288818359375,6628900
2024-11-19,60.48261899476611,63.884710049039136,60.09044992842246,63.482730865478516,9800400
2024-11-20,62.84545106591047,63.77686241719721,60.45320741620684,62.39445495605469,10922900
2024-11-21,63.43370973524927,63.776865633598646,62.05130968446355,62.1003303527832,9931500
2024-11-22,62.208178067108804,62.37484908740309,61.66894323551806,62.1003303527832,6625400
2024-11-25,63.07095670583781,63.90431929615939,62.71800190615991,63.227821350097656,7901300
2024-11-26,63.59057596942596,64.64944025925826,62.73760445153011,62.884666442871094,5499600
2024-11-27,62.816040895211025,63.13958402949795,61.99248097343367,62.374847412109375,5557400
2024-11-29,62.40426708310596,62.82585158030501,62.31602838043552,62.57093811035156,3111400
2024-12-02,62.74740958833575,62.972911382776445,61.92384968788736,62.1689567565918,6299600
2024-12-03,62.168953998432194,62.286604338980325,60.85518001886123,61.345394134521484,5337600
2024-12-04,61.688549105462606,63.01212586303826,61.54148709908603,63.00232696533203,5301200
2024-12-05,65.33574050097167,66.17890942689057,64.07098711209329,64.4827651977539,9380100
2024-12-06,65.66909023961195,65.7965432246486,62.914081654729905,63.26703643798828,8635300
2024-12-09,63.208219146170144,63.590585617723036,60.982646264528,61.04146957397461,6331700
2024-12-10,62.433674436060116,62.9925182677932,61.11990036460893,61.54148483276367,6552600
2024-12-11,61.747372833447514,62.7278011167478,61.443438719211066,62.237586975097656,7100300
2024-12-12,62.35523882898025,62.54152260093343,60.18849316812629,60.423797607421875,8166400
2024-12-13,61.07087871388572,61.07087871388572,59.74729828633522,60.315948486328125,5835600
2024-12-16,60.217905747391605,60.60027593463698,59.35513151678149,59.85514831542969,6105200
2024-12-17,59.64925799621904,60.09045147977838,59.26689155714667,59.61984634399414,5537800
2024-12-18,59.78652104945671,60.766949411186154,57.16877911885706,57.727622985839844,8171800
2024-12-19,58.521763346536055,59.42375931912405,57.717812447075616,59.19826126098633,9403300
2024-12-20,58.65902580996721,60.62968500790173,58.65902580996721,59.73749542236328,13918600
2024-12-23,59.41395252014144,60.35516651530082,58.7178493360429,60.315948486328125,7196400
2024-12-24,60.208100165958605,61.71796060575872,60.070840805983515,61.335594177246094,3218400
2024-12-26,60.78655717833697,61.619919772670215,60.50223206166805,61.17873001098633,4478100
2024-12-27,60.77675495643562,61.16892405173129,59.85514991541423,60.061038970947266,7175400
2024-12-30,58.99236623523248,59.98260086597951,58.19822174328751,59.5316047668457,5153300
2024-12-31,59.37474120045365,59.91397603566485,58.91393868707304,59.315914154052734,4326500
2025-01-02,59.09041704965411,59.58063122420903,57.45309976182127,57.913902282714844,8639300
2025-01-03,57.864884895805304,57.94331722336395,55.61970295137095,57.84527587890625,9207000
2025-01-06,59.11982747498282,59.757107384678385,58.443333274565994,58.86491775512695,9652900
2025-01-07,59.11982325091516,60.374773965261724,58.776674856388944,59.982601165771484,9074200
2025-01-08,59.757104389024896,60.64929397385041,58.717849066246025,60.21790313720703,9062400
2025-01-10,63.71802536000535,67.63973808223498,63.2474240221789,65.63966369628906,27227200
2025-01-13,65.01220709549123,65.11025592299761,62.09053454963935,63.825889587402344,12375500
2025-01-14,65.19847324642184,65.41416864043978,64.07097935592019,64.99258422851562,6989800
2025-01-15,65.81615121291065,65.96321695867769,63.83568927414808,64.21805572509766,8808600
2025-01-16,64.1592203726178,65.12984214432207,63.57095749999881,64.88473510742188,6427000
2025-01-17,65.39457364669879,65.68870516933791,64.35532189883786,64.53179931640625,5978000
2025-01-21,65.45340822071148,67.16915808172119,65.45340822071148,67.00247955322266,11875200
2025-01-22,68.40448043355073,68.6103769627298,65.8847799563069,66.45343017578125,11612600
2025-01-23,66.85540510690569,67.31620758360083,65.87497685183483,66.1298828125,8116300
2025-01-24,66.06125600735747,66.6200998378533,65.38476556838313,65.86517333984375,5186700
2025-01-27,65.03179972286357,66.9436315862378,64.75728104300194,66.44361114501953,4157600
2025-01-28,66.3063683837725,66.39461082726172,64.97298519385127,66.32598114013672,5175900
2025-01-29,66.97305178801032,67.18874720118814,66.25734334981921,67.09070587158203,4841300
2025-01-30,66.66913005875757,67.74759978428132,66.47304737414414,67.22797393798828,6381000
2025-01-31,67.46326774060121,67.86524692695359,65.88477760700995,65.95340728759766,4482900
2025-02-03,63.865100930032064,65.73772263405884,63.698429908857044,65.17887878417969,5711800
2025-02-04,65.9828330865346,67.76721244219043,65.2377054219528,67.70838165283203,7789200
2025-02-05,67.35542683698144,68.09074812332436,66.68873523816086,67.70838165283203,5467300
2025-02-06,67.79662852173058,68.00251759773542,65.94361935761164,66.5906982421875,6000400
2025-02-07,66.85542090073959,67.4044584596595,66.14951119351359,66.806396484375,5313900
2025-02-10,66.52206129093744,66.58089207771562,64.55139823554714,64.8945541381836,6825700
2025-02-11,64.3749241869965,64.61022487879528,62.825845715833445,63.482730865478516,7899000
2025-02-12,63.66902722981593,65.12005717644578,63.34548403952628,65.03182220458984,7642300
2025-02-13,65.17888246334242,65.51222452450867,60.01202067466564,62.80624008178711,12609600
2025-02-14,63.09056777186409,64.2474736147516,62.64937797181113,64.11021423339844,6049800
2025-02-18,63.51214801347332,64.83572480448963,62.767020364871826,63.08075714111328,6876200
2025-02-19,62.69839605022899,64.61023215147077,62.57093931280288,63.76706314086914,7614200
2025-02-20,63.82588078512025,64.20824722342157,61.28657134046285,62.50230407714844,8671600
2025-02-21,62.69838737584044,63.05133840443644,58.45313125539178,58.8256950378418,12798800
2025-02-24,60.129672598453936,61.07088291837484,59.061005545615416,60.28654098510742,11226700
2025-02-25,60.34536115063139,61.00225005681689,58.64922063949036,60.580665588378906,9713100
2025-02-26,60.982641983771494,62.198371000803185,60.423798143032585,60.492427825927734,5474300
2025-02-27,60.79710017220959,61.04280458367235,58.408852992859416,58.72335433959961,7326200
2025-02-28,58.77249283317235,59.548919651540196,58.035379619338705,59.08699417114258,8627800
2025-03-03,59.07716724052312,59.58823284851718,56.63978001334871,57.4456901550293,7966100
2025-03-04,55.68644167066784,55.90266272921272,52.90506998181509,53.75028991699219,17873700
2025-03-05,54.12376869283525,56.11888735973672,53.65201666195395,55.794559478759766,8741500
2025-03-06,54.782259679752144,55.96163790820507,53.61270422941852,54.01565933227539,10669300
2025-03-07,53.081981298504154,53.40631293281071,50.251469076756386,52.364524841308594,15670600
2025-03-10,50.742875961803904,50.742875961803904,47.56837542456492,49.465213775634766,20260900
2025-03-11,47.58802639745938,48.433250133413374,45.04253241237469,45.877925872802734,31482500
2025-03-12,46.13346119549324,46.585560183979254,43.371745875479306,44.52164077758789,16767700
2025-03-13,44.57077754893016,45.32754756591579,42.1039069733758,43.165348052978516,16240600
2025-03-14,44.010572018306,45.95655046460495,43.420882943361484,45.94672393798828,16680800
2025-03-17,45.01304492923787,46.23174039200964,44.9147646697739,46.08431625366211,12570500
2025-03-18,45.24892225422662,45.64204703648574,44.16782066742307,45.1309814453125,13907000
2025-03-19,45.21944186553153,47.145767455372024,45.209615337911075,46.92954635620117,11359500
2025-03-20,45.91724385371463,46.6248700438219,45.779649976448,46.14329147338867,6816800
2025-03-21,45.20961104688032,46.153115073279665,44.580608362614086,45.96638107299805,17062800
2025-03-24,46.92954555546807,48.52170919261352,46.88040541990007,48.040130615234375,9852900
2025-03-25,48.74775330754777,49.13105533535966,47.578201668924294,47.83373260498047,8227000
2025-03-26,48.05978572603427,48.43325374251448,46.69366601080274,47.24404525756836,6853200
2025-03-27,46.70349573744538,47.17524776519915,45.189955638515464,45.35703659057617,11157800
2025-03-28,45.209609173650776,45.229265975363596,42.85084545623445,43.08672332763672,15135100
2025-03-31,41.27834604519997,43.253808099164694,40.07930717463449,42.850852966308594,18053300
2025-04-01,41.6026701642584,41.83854428508599,40.14809683949817,41.69112014770508,13980800
2025-04-02,40.72795957274622,42.8115355625691,40.678819443085175,42.62479782104492,10066500
2025-04-03,39.87290581061982,39.98101633585155,37.98589800379734,38.044864654541016,18127900
2025-04-04,36.639445797177714,37.15051149488692,34.143091474533946,36.609962463378906,22165500
2025-04-07,35.066935822445416,39.2537375732083,34.52638683748371,36.64927291870117,20498800
2025-04-08,38.20212304441963,38.585421348510316,34.85071482903554,35.26350021362305,24697300
2025-04-09,36.27579660086321,44.216964419060666,35.93181194872782,43.509334564208984,41445600
2025-04-10,41.494559441122064,42.084248489657476,37.99572750546444,38.68370056152344,20053100
2025-04-11,38.57558815902323,40.26603551501969,38.22177324738198,40.177581787109375,13717000
2025-04-14,40.86555681297116,40.86555681297116,38.79181111743042,39.607547760009766,12505800
2025-04-15,39.50926852979434,40.865557876480935,39.460128399301325,40.12844467163086,10499600
2025-04-16,41.00315554365756,41.38645384585778,39.22425416130438,39.89257049560547,15131900
2025-04-17,39.99084732382725,40.50191293249251,39.51909531947894,40.14809799194336,8116000
2025-04-21,39.46995570895257,39.489612511370154,38.13332313777033,38.791812896728516,9066300
2025-04-22,39.43064095886761,39.85325282569184,38.909748831961686,39.6468620300293,8513000
2025-04-23,42.26115877230147,43.116209074443674,40.42329082429179,40.68865203857422,11848800
2025-04-24,40.098961538138205,41.632158504725844,39.902397247680504,41.29800033569336,8777700
2025-04-25,40.88520786097127,41.26850984801433,40.3053453667078,40.86555480957031,7197200
2025-04-28,41.06212144842774,42.06459593138292,40.855730635536005,41.23902893066406,8372900
2025-04-29,40.9147030138602,41.72061324985308,40.69848191424919,41.356971740722656,6327800
2025-04-30,40.10878938659173,41.12109035981107,39.25373533723675,40.91469955444336,10589000
2025-05-01,41.474907027774194,41.7009546452676,40.7279634881724,40.78693389892578,8142800
2025-05-02,42.26115839925985,43.9516059349588,42.20218799133369,43.4405403137207,13943400
2025-05-05,42.99827368387701,45.27841041129559,42.82136620078833,44.728031158447266,18733400
2025-05-06,43.47985993460692,44.55113145732681,43.34226229707541,44.04006576538086,8826600
2025-05-07,44.35456356924129,45.003223097158134,44.01057512693342,44.52164077758789,8676000
2025-05-08,45.65188167689453,47.92218810287366,45.091675903017716,47.705970764160156,17708300
2025-05-09,47.990985505374674,48.521704163312535,46.90005736274126,47.509403228759766,13494800
2025-05-12,51.12617204235306,52.639712047347075,49.494694975028175,50.26129150390625,18926000
2025-05-13,50.44858116652684,52.63685610018495,50.29086789492326,52.23271560668945,14097900
2025-05-14,51.76942863883179,52.39042625981254,49.81772559021594,49.857154846191406,13883300
2025-05-15,49.79801512430187,49.94586920629616,48.85173546288633,49.56144332885742,8102700
2025-05-16,49.40372871134828,50.53729544344999,49.32487395512732,50.19229507446289,8326000
2025-05-19,50.20215620546152,50.90200864470858,49.433304441791854,50.458438873291016,8092200
2025-05-20,50.25143295830639,50.635858779386716,49.10801092834773,49.265724182128906,9055300
2025-05-21,48.57573013078532,48.841871967157005,47.392882538263315,47.58016586303711,8021500
2025-05-22,47.65902311401742,48.24059150692048,47.2351679924009,47.806880950927734,9957800
2025-05-23,46.40717284693917,47.50130647378835,46.21003033176771,47.235164642333984,7811900
2025-05-27,48.063166252272396,49.41359020718798,47.83645364733022,48.69402313232422,11316100
2025-05-28,48.56587966989637,48.81230690360184,47.72802481918905,47.905452728271484,7390500
2025-05-29,48.467304099383576,48.674305823094215,47.51116903728809,47.806880950927734,9060900
2025-05-30,47.5505979202859,48.01387853593601,47.15631286508743,47.69845199584961,9190700
2025-06-02,47.40274045824466,48.161736751367705,46.81131663096537,47.806880950927734,8117500
2025-06-03,47.885740588989904,48.60530764111102,47.392886134645494,48.13216781616211,9400100
2025-06-04,48.023735212468104,49.00944403860132,47.91530663996453,48.2800178527832,8231200
2025-06-05,47.99416334518584,48.87144739472112,47.78716538571185,48.14202117919922,7398200
2025-06-06,49.0883036558595,50.32043981067616,49.078448221100665,50.22187042236328,7449500
2025-06-09,50.566869258356554,51.197722395648626,50.28101275546443,50.468299865722656,6378900
2025-06-10,50.46829694201877,51.33572183563479,50.07401187396209,50.941436767578125,5877900
2025-06-11,51.12872300418117,51.25686622258841,47.915313430090976,48.467308044433594,10205400
2025-06-12,47.79702782253757,48.24059383430656,47.195744771691935,48.181453704833984,7655000
2025-06-13,45.53975636813177,47.511174360170536,45.204615159077925,46.36775207519531,12952600
2025-06-16,47.04788271877482,48.891157206001566,46.72260075523167,48.75315856933594,10242300
2025-06-17,47.806882239520746,48.24059280720378,46.37760356485968,46.64374542236328,9221600
2025-06-18,46.4268849482906,47.76744957487099,46.387459452352985,46.880313873291016,7391800
2025-06-20,47.13660159924415,47.501312857205235,46.446604583509846,46.52546310424805,10796100
2025-06-23,46.13117663826494,47.747738663133696,44.632898630777014,47.560455322265625,16437900
2025-06-24,48.792590274046276,49.57130120308561,48.3884497777392,48.85173416137695,11886500
2025-06-25,48.94044454667981,49.00944386344808,47.43230749116295,47.61959457397461,7885300
2025-06-26,47.84630559431054,48.546157933136776,47.501305261519974,48.27016067504883,8286300
2025-06-27,48.536309075231266,49.26573157333479,48.00402535379499,48.88130569458008,10177200
2025-06-30,49.10801060372799,49.28543848308153,47.92515932809793,48.47715759277344,12531200
2025-07-01,48.39830158623732,48.71372810800736,47.866021680863334,48.29973220825195,10037600
2025-07-02,48.47716524647922,49.43330410726656,47.550600210373695,49.41358947753906,9833400
2025-07-03,49.77830001311067,50.655580342405834,49.63044217236563,50.133155822753906,6123400
2025-07-07,49.93601004093798,50.96114814430912,48.48701683252264,49.28544235229492,12227000
2025-07-08,50.05429059314219,51.08928781921143,49.699434831081945,49.79800796508789,10734500
2025-07-09,50.537298597497106,50.78372583636133,49.117879055304414,49.97544479370117,12870400
2025-07-10,55.396838638013946,56.99368593703668,54.01684473108805,55.96854782104492,46966400
2025-07-11,55.42640864942691,55.98826239782762,53.87884604275395,55.84040832519531,17788900
2025-07-14,55.96854645991022,57.46682434064963,55.357408034931254,57.279541015625,13722100
2025-07-15,57.16126006910211,57.34854340415532,54.69698784912356,54.913841247558594,13709600
2025-07-16,55.69255240110675,55.731981659232396,54.105560483269265,54.765987396240234,9066800
2025-07-17,55.40669261425722,56.55011471041417,54.83498344626914,55.53483581542969,13199000
2025-07-18,55.554549242779416,55.77140638466487,54.27312853928866,55.48554992675781,8978400
2025-07-21,55.57426929195679,55.80098188959981,55.051841013736635,55.23912811279297,6074500
2025-07-22,55.18984667991428,55.36727083448888,54.15484925711116,54.87441635131836,7547700
2025-07-23,55.544696294967146,56.086839210644825,55.15041498196108,55.17998504638672,6782300
2025-07-24,54.6575573181197,55.791120256799175,53.65213382456426,53.928131103515625,10696500
2025-07-25,54.01684869467274,54.21399123301083,53.46485409954349,54.075992584228516,6819900
2025-07-28,54.204134811353256,54.894128042703045,53.86899363033432,54.81527328491211,6545600
2025-07-29,55.17012744873907,55.17012744873907,53.4451369014889,53.721134185791016,5916300
2025-07-30,53.425419560970916,53.70141683126476,52.49885085038881,52.83399200439453,7354800
2025-07-31,52.87158645360446,53.14855519925812,52.248403002467576,52.63418197631836,6538100
2025-08-01,51.36803159298009,51.36803159298009,49.90404809988516,50.596473693847656,9535100
2025-08-04,50.90311827614067,52.02089089654071,50.67560770268155,51.9516487121582,7476400
2025-08-05,52.21872307580809,52.38688157464492,50.9624661888982,52.297855377197266,5846500
2025-08-06,52.426457294385735,53.75195655427478,52.37699912709316,53.53433609008789,8476700
2025-08-07,53.86076279930683,53.870652922666714,52.52536974076243,53.04963684082031,4976500
2025-08-08,53.544223573738925,53.71238207707389,52.307750672455384,53.05952453613281,6638000
2025-08-11,52.67374500381612,53.821191692399246,52.545150766968696,52.92103958129883,4821600
2025-08-12,54.12783829563352,57.936173277300476,54.08827025763935,57.807579040527344,15727800
2025-08-13,57.58996276392041,58.87589382001285,56.887643291777714,58.776973724365234,9103700
2025-08-14,58.213146408498524,58.42087673700421,57.57018272273318,58.321956634521484,4300300
2025-08-15,58.806652461877306,59.83539883049933,58.420873516998014,59.588104248046875,9825500
2025-08-18,59.32102679281559,60.6564160545045,58.945137963665786,60.42890548706055,6504200
2025-08-19,60.48825858490472,61.07187397172963,59.70680677021415,59.84529113769531,5734000
2025-08-20,59.20232600833538,59.65735094226604,57.68888425672941,58.41098403930664,6517000
2025-08-21,58.34173584252418,58.410978021842396,56.96677860546849,57.214073181152344,5175100
2025-08-22,57.61963916450646,61.27959983178491,57.48115479858725,61.02241134643555,10312400
2025-08-25,60.43879929151157,60.458583312505105,59.34081442699172,59.75626754760742,6191900
2025-08-26,59.76615106759979,61.16089609291181,59.558424530244466,60.48825454711914,5618800
2025-08-27,60.42891026524618,61.39830467103868,60.19150578242815,60.597068786621094,4693100
2025-08-28,61.02240876257691,61.78407651629741,60.20139272507027,61.299381256103516,5825000
2025-08-29,61.240029173700165,61.853318670871325,60.60695565746983,61.11143493652344,4856300
2025-09-02,59.884856169593036,60.67619806788606,59.32102483122077,60.46847152709961,6925300
2025-09-03,60.7652286878031,63.218390637680876,60.458582029037345,60.60696029663086,7237400
2025-09-04,60.676200494429494,62.00169964211019,59.716696281830615,59.89474868774414,7023800
2025-09-05,60.20139232102745,61.714833922069396,59.785935470233795,60.51792907714844,6398500
2025-09-08,60.33987804704048,61.19057201341742,59.845288882720475,61.091651916503906,7579200
2025-09-09,60.9333843965469,61.1213306966325,59.370484577370206,60.02334213256836,6424300
2025-09-10,59.90464234688312,61.2598156323706,59.64745386228739,60.72565841674805,5199500
2025-09-11,61.14111922380497,61.32906176433034,57.72845293546141,59.78594207763672,18816800
2025-09-12,60.16182712356411,60.260743449491116,59.19243279049884,59.22210693359375,6771000
2025-09-15,59.232003154966556,59.232003154966556,57.520724990036854,57.78779983520508,9773300
2025-09-16,57.84714568160829,58.00541405634722,56.43262043150969,57.233856201171875,10140900
2025-09-17,57.79769271742236,59.4891868320077,57.530614103527405,58.1834716796875,8361000
2025-09-18,58.79676098676934,59.20232396775618,58.331849718536056,58.826438903808594,5574400
2025-09-19,59.15286454839088,59.28145879038881,57.84714942885851,59.11329650878906,15278900
2025-09-22,58.80665733346525,58.974815852223685,57.105269257755005,58.252716064453125,7157800
2025-09-23,58.36152187915559,59.09351550879037,58.064769132758315,58.114227294921875,4527500
2025-09-24,58.38130859058852,58.45055077549335,56.94699918121572,57.08548355102539,5372600
2025-09-25,56.63046351663041,56.93711017969175,55.74020144543046,56.12598419189453,6781400
2025-09-26,56.75905368317221,57.303101010479956,56.22489647887041,56.58100128173828,6634400
2025-09-29,57.402020949904056,57.70866761022586,56.05673773140545,57.03602600097656,7822100
2025-09-30,57.01624002318936,57.52072309951774,55.11701938467683,56.13587188720703,8263400
2025-10-01,56.946995615564475,57.194290195716626,55.3840958311791,55.5027961730957,7005400
2025-10-02,56.027062263905904,56.94699844972899,55.19615228230492,56.462303161621094,7619700
2025-10-03,57.0558110513121,57.36245771716783,56.630464032686746,56.64035415649414,6390300
2025-10-06,57.055810351158584,57.896610480867935,56.06663195224587,57.62953186035156,7821500
2025-10-07,57.68888390222884,57.82736827428086,55.66106893986115,56.017173767089844,10623500
2025-10-08,56.373274920389946,56.98656443097254,55.69073945487808,56.50186538696289,12402700
2025-10-09,61.230141370500384,61.596136303420806,58.26260632068775,58.92535400390625,29289500
2025-10-10,59.28145890726428,60.31020529844404,56.82829704835436,56.85797119140625,14375100
2025-10-13,57.59985750558908,59.29135165593456,56.84808358546313,58.084556579589844,9448600
2025-10-14,57.17451008215128,61.131223634873386,57.05580973212612,60.60696029663086,10945000
2025-10-15,60.99273863040671,61.39830161440926,60.38933921614085,61.03230667114258,8882200
2025-10-16,61.14938547629298,61.5363434934894,58.7085666713755,59.928977966308594,12415900
2025-10-17,59.869441899486176,60.3655426763182,58.94669415178274,59.17490005493164,6230900
2025-10-20,59.61147304574171,61.74470418260003,58.748254941597295,61.26844787597656,6512100
2025-10-21,60.98070570429706,62.419398693444144,60.702890484443294,61.83399963378906,7041200
2025-10-22,61.516500091552736,62.06221022247192,59.51225237631152,59.53209686279297,7235700
2025-10-23,60.02819575335986,60.236557177339215,57.80566254273408,58.31168746948242,7687600
2025-10-24,59.40310991748594,61.337903833080674,58.91693324335653,60.47468948364258,8857500
2025-10-27,60.89140789626525,61.21883622364013,59.710689417593656,59.97858428955078,5658100
2025-10-28,59.86944237752497,59.94881653427862,57.2897198313796,57.408782958984375,8516600
2025-10-29,57.44847522927988,59.03599630501505,57.19050068887991,58.30176544189453,8625000
2025-10-30,57.75604889838982,58.262073787269564,56.54556563184775,56.6745491027832,7191600
2025-10-31,56.853151503876504,57.12104639280742,56.30744137529075,56.93252944946289,7677500
2025-11-03,56.843229715103426,58.37122106444664,56.41658273074203,58.043792724609375,7598000
2025-11-04,56.952375352381985,57.011905028103634,54.60085475270637,55.21602249145508,11622700
2025-11-05,55.8609476520652,58.53989264892079,55.59305277388478,58.08348083496094,8311000
2025-11-06,57.448474932350045,58.41090792362493,56.714244073024496,57.35917663574219,6605400
2025-11-07,56.416582138038834,59.700766927637936,55.79149408624755,58.42082977294922,8748700
2025-11-10,59.4328751359152,60.13733733723662,57.57745548799729,58.10332489013672,7918200
2025-11-11,57.99418081347021,58.42082777878596,56.902756847682824,57.28971862792969,5693800
2025-11-12,57.79574500413732,60.18695078338264,57.65683738139301,60.00835418701172,9805400
2025-11-13,59.89921044910062,60.94102138805803,58.99630713067769,59.44279861450195,8536100
2025-11-14,57.8255072103762,58.92685157622762,57.56753646344055,57.95449447631836,5320800
2025-11-17,57.696526044857606,57.86519850444071,54.987812276109565,55.32516098022461,8424500
2025-11-18,54.98780743794854,56.98213464958023,54.83897947816685,56.68447494506836,6441800
2025-11-19,57.33933351679217,57.75605638760159,55.930405223927046,56.42650604248047,5538400
2025-11-20,57.26987632193724,57.78582159694867,55.255704543826525,55.53352355957031,6229000
2025-11-21,56.4165794011374,59.045911175335334,56.15860488468196,58.113243103027344,9568000
2025-11-24,58.60934785992462,60.26632649022328,57.74613353285454,60.196868896484375,9994900
2025-11-25,60.03811522823768,62.330102213431154,60.03811522823768,61.66532897949219,7753400
2025-11-26,61.90345868635713,64.30458479852089,61.61571930714612,63.768795013427734,8122000
2025-11-28,64.06645650393939,64.46333865478886,63.600120544433594,63.600120544433594,3476200
2025-12-01,62.89565915743434,64.46333951065999,62.50870113694032,63.64973449707031,7252600
2025-12-02,63.897784351472446,65.21741429206561,63.32230560852088,64.63201141357422,7337600
2025-12-03,64.61216376564538,67.09266749109388,64.61216376564538,66.96367645263672,10140600
2025-12-04,67.0728304086608,67.52924226187683,66.34852743917156,66.71563720703125,9455900
2025-12-05,66.2294597592636,67.22166140359714,65.78297204727262,66.57672882080078,7895600
2025-12-08,67.15220498212753,67.22165879173637,65.53491908986582,66.69579315185547,9235500
2025-12-09,66.18976980800345,67.74752606381546,65.78297107617875,66.88431549072266,7340400
2025-12-10,67.16212932910214,69.40449951489974,66.73548233447738,69.38465881347656,11823200
2025-12-11,68.88855764976469,70.168498626964,68.65043138444081,70.0097427368164,9134700
2025-12-12,70.39669599924693,71.03170437712821,69.07707370858874,69.26558685302734,7937900
2025-12-15,70.20818552821189,71.08132018857181,69.59301782688497,70.71420288085938,7993300
2025-12-16,70.92256514718957,71.77585145599798,69.55332225955314,70.58521270751953,10443600
2025-12-17,70.38677950660772,71.38889760935608,68.96793100490481,69.1762924194336,7222300
2025-12-18,70.26771667244887,70.43638912686512,69.45411166714393,69.60294342041016,5988000
2025-12-19,69.69223909728387,70.69436484483104,69.47395353149166,70.50584411621094,16154200
2025-12-22,70.94241638581403,71.55758412019684,70.6149880318733,71.498046875,5141600
2025-12-23,71.23015150289606,71.33929428101041,69.79145468679646,69.95021057128906,6050300
2025-12-24,69.9601361532836,70.6348335365351,69.73192645708053,70.40662384033203,1821800
2025-12-26,70.27763702208676,70.65467088280579,69.86091419130832,70.29747772216797,2892400
2025-12-29,69.56325646869328,70.01966830737484,68.25355062772519,68.98777770996094,5262500
2025-12-30,68.94807947930542,69.30527262160165,68.56112150346728,68.79924774169922,3807600
2025-12-31,68.86871930196337,69.1564511153682,68.37261848314466,68.85879516601562,3233400
2026-01-02,69.30527875414748,69.45411050492321,67.96580813696056,68.52143859863281,5115400
2026-01-05,68.8786328721547,72.28188464402335,68.78933836220209,71.25991821289062,9263200
2026-01-06,71.4186730567854,72.58947122394244,70.57529565789552,71.65679931640625,7717900
2026-01-07,72.17274369041107,72.50017204165576,70.97218063907815,71.09124755859375,6399700
2026-01-08,70.8927952421411,71.76593742036265,70.68443383231009,70.73404693603516,4981800
2026-01-09,71.3293709036251,72.38110215492287,70.60506799014931,71.74609375,7971400
2026-01-12,70.24787210355072,70.8233432439861,69.06714984785098,70.47607421875,10736400
2026-01-13,67.56892588759608,70.81342928390671,67.56892588759608,68.78933715820312,18342700
2026-01-14,68.8488620832369,70.2081808753214,67.02321494077574,67.95587921142578,9529700
2026-01-15,68.61074445919547,70.82334986239306,68.52144237584838,70.78366088867188,8223800
2026-01-16,70.81342440406075,71.11108031474522,69.52355941473779,69.88075256347656,7580100
2026-01-20,68.24362767768991,68.91832509657239,66.32867820717772,66.93392181396484,7740400
2026-01-21,67.91619928942947,69.39458518464862,67.6284674750879,68.41230010986328,9791200
2026-01-22,69.23582928855888,70.77374485986279,67.84674547736465,68.41230010986328,6874500
2026-01-23,67.73759561814914,67.9459646024836,66.9537630652212,67.43001556396484,6400300
2026-01-26,67.19189549377188,67.58877765915477,66.47750911006221,66.9736099243164,6981900
2026-01-27,67.59869326549428,67.76737329306837,65.0388188534044,65.62421417236328,8097200
2026-01-28,66.48742559209867,66.68586286699782,65.16779576131864,65.3166275024414,6165800
2026-01-29,65.29678477818281,66.0508601126518,63.967238269677104,66.0210952758789,9613500
2026-01-30,65.68373972677945,66.41797432572328,64.66177333921102,65.37615966796875,6680600
2026-02-02,66.22945867304644,68.95801315021315,65.56468539902126,68.54129028320312,10090600
2026-02-03,69.30527556495473,70.92256890845273,68.98777137719571,69.89067840576172,10014800
2026-02-04,70.03950490252079,71.37898307238807,67.866588620755,70.30740356445312,9912000
2026-02-05,69.86091642097594,70.44631171576755,68.67026999088377,69.23582458496094,5655000
2026-02-06,69.93036598266535,75.06997012395297,69.71208043857295,74.76238250732422,13466800
2026-02-09,74.6135526361037,75.1295016750507,73.91901458740234,74.41511535644531,7613200
2026-02-10,74.04799831196752,74.89137567810302,73.85948516662525,73.87932586669922,6635000
2026-02-11,74.5044071767742,75.79427215776819,70.31732319563433,70.86302947998047,9527800
2026-02-12,71.43851169064749,72.04375524250723,67.2018143975263,68.9580078125,9989100
2026-02-13,69.24574656007505,69.98989771695662,67.8070497814991,68.46190643310547,7381300
2026-02-17,68.95800715472467,70.8431915981138,68.90839404967613,70.29747772216797,6936100
2026-02-18,68.64050863225786,71.16070166491319,67.46971041346362,70.55545806884766,7742200
2026-02-19,69.40449038999192,69.44417935751771,66.71562529176555,66.91407012939453,8628200
2026-02-20,66.78508896995325,69.37473581732128,66.32867713074823,68.89848327636719,7665200
2026-02-23,68.06502445254274,69.17629290777136,65.78296544166754,66.35843658447266,8154600
2026-02-24,66.47751147081561,69.51364613950344,66.288990732337,68.69012451171875,9027600
2026-02-25,69.4541111914469,69.55332983631234,68.07495158909424,68.83894348144531,4899500
2026-02-26,69.82190479130604,71.19486056818577,69.25481353667469,70.15022277832031,7271100
2026-02-27,67.40430422125013,67.40430422125013,65.0264998530071,65.36476135253906,12371500
2026-03-02,62.60889677315043,64.46935773546561,61.28568134418506,63.92216110229492,11728000
2026-03-03,62.17114015865143,65.31501578895843,60.83797749164092,64.27037048339844,11508500
2026-03-04,64.53900106409318,65.56374423502758,63.39486746520386,63.50430679321289,9415200
2026-03-05,61.68364357276412,62.09155138651664,58.86808189119884,60.99716567993164,20671100
2026-03-06,59.0173162116033,59.66400106979906,58.17165490033122,58.70889663696289,23029000
2026-03-09,57.26629853081392,60.33058070021781,54.9979297663322,60.27088928222656,28401600
2026-03-10,59.74359004114208,61.235936189356615,58.17165407187701,58.96757125854492,24287100
2026-03-11,59.22624334180934,59.40532518448608,57.345887788936075,58.838233947753906,13719700
2026-03-12,57.07726454199175,58.17165399300475,56.957877912961564,57.64435577392578,15013600
2026-03-13,58.29104286863182,58.74869479357967,57.40558472833581,58.480072021484375,12554000
2026-03-16,59.06705964538258,60.79818285195329,58.83823369079109,60.52956008911133,14465500
2026-03-17,63.1361942397067,64.98670419109847,62.52930615938652,64.49920654296875,24657100
2026-03-18,63.9221628555863,64.69818167266604,63.305327482913505,63.48440933227539,11810200
2026-03-19,62.45965909498961,65.38465995193815,62.45965909498961,64.67828369140625,12368100
2026-03-20,64.4196080344357,64.57879526527988,62.36017067579512,63.11629104614258,17890100
2026-03-23,66.1805753110798,66.38951045606329,64.67828562042949,64.79766845703125,18189300
2026-03-24,63.67343399097225,66.62828050159018,63.215782095017914,66.3099136352539,14678300
2026-03-25,66.66807880641443,68.24996207424215,66.66807880641443,67.64307403564453,13239800
2026-03-26,67.03618794250042,67.68287280785962,66.1805755219572,66.51884460449219,11104600
2026-03-27,65.69308050301127,66.31987078392929,64.1410428368629,64.49920654296875,11844400
2026-03-30,64.13108919611085,64.72802615248538,62.628795705269795,62.86756896972656,14631800
2026-03-31,63.62369211080461,67.04613794155057,63.54409849381323,66.14078521728516,17749200
2026-04-01,66.6680800674974,67.97139329448407,66.55864074105949,67.25506591796875,12564300
2026-04-02,64.56884739621452,67.04613997406639,63.842568902464805,66.41935729980469,11240500
2026-04-06,66.22036848895954,67.47394133779575,65.60353695910004,66.43924713134766,8207800
2026-04-07,65.62344065748339,66.2502233734914,64.71808784547183,65.2851791381836,16273700
2026-04-08,72.62750569234848,73.81143595381617,67.73261260986328,67.73261260986328,20679500
2026-04-09,67.29486140791721,68.78720754958977,65.87215778257078,67.48389434814453,11636400
2026-04-10,67.80226360208322,68.2798101335256,67.03618830513254,67.47394561767578,8040800
2026-04-13,66.55864197484173,66.81731744125952,65.42445947115678,66.70787811279297,8593800
2026-04-14,68.2499639953397,71.81169871119259,67.73262065778309,71.33414459228516,16227100
2026-04-15,71.19485919752704,73.02547445525529,70.50838511753598,71.62266540527344,12333500
2026-04-16,71.50328663621521,72.5578755658006,69.31450756422296,69.53338623046875,8826100
2026-04-17,74.04026197108892,74.63719888722979,70.95608157897384,71.35404205322266,12765600
2026-04-20,70.68746951897312,71.88134346771788,70.22980999513999,70.84664916992188,7616700
2026-04-21,70.14026438426593,71.41373179974707,69.23490413673399,69.8616943359375,9904800
2026-04-22,70.13031683375326,70.43874019469223,67.73261800463682,68.0609359741211,7763600
2026-04-23,68.1305803784414,69.92139122529471,67.1157807338059,68.0211410522461,8670600
2026-04-24,68.4190901275833,69.22496217449385,67.64307137834437,68.10072326660156,5999500
2026-04-27,68.3992016543034,69.2946109031437,67.85200500488281,67.85200500488281,6457200
2026-04-28,67.42419556356926,68.04103470339787,66.49894064905885,66.87700653076172,7020800
2026-04-29,66.35965279947233,66.85710149389256,65.48414582986003,65.93184661865234,8098700
2026-04-30,66.95659997152354,67.98134310836262,66.70787561440862,67.64307403564453,6294400
2026-05-01,67.95149830564091,70.38899400166811,67.25506554215806,68.6280288696289,9132000
2026-05-04,68.31960529120074,70.03083010017362,67.52369189455028,68.15047454833984,8584400
2026-05-05,68.57827611430365,70.96603132375945,68.55838150668004,70.49842834472656,8247000
2026-05-06,74.00046878359537,74.36858356860942,72.35889408154327,72.96577453613281,9503800
2026-05-07,73.86118512991811,74.58746361380055,71.93108922361144,72.73695373535156,8301300
2026-05-08,73.05532166415405,73.55277040009669,72.32904316987306,72.9558334350586,5073200
2026-05-11,72.67725909753658,72.70710480546931,70.72725348732861,70.8366928100586,6681700
2026-05-12,70.15022093498715,70.63771855744774,69.65277221275159,70.34919738769531,5532700
2026-05-13,70.13031415896486,70.96603190482627,69.76220698642969,70.68746185302734,4530500
2026-05-14,71.82266024980055,72.3613311149464,70.83510080233461,71.37377166748047,5877500
2026-05-15,70.35627860801486,70.80517479385152,69.3886665661168,70.05702209472656,7336100
2026-05-18,70.88497371351579,72.3513542576814,69.30887110585896,70.0669937133789,6781900
2026-05-19,69.04951223499903,69.04951223499903,67.59310913085938,67.59310913085938,5735900
2026-05-20,68.48091081580765,74.76538882119007,67.99211985786297,73.93743896484375,11954600
2026-05-21,72.72044231857484,75.51354110242,72.43115570117396,75.46366882324219,8298200
2026-05-22,75.84273157152565,76.91009578222014,75.32401571658183,75.95246124267578,6437100
2026-05-26,78.00738659957881,79.39396235396471,77.8178597539151,79.1944580078125,9492400
2026-05-27,80.55110915350099,83.55369752040838,80.55110915350099,81.59852600097656,11966100
2026-05-28,80.70073938790075,82.79556542471886,80.14211353030718,82.28681945800781,7700700
2026-05-29,82.73571390554142,83.62352114825376,82.15714067011461,82.27684783935547,8224600
2026-06-01,80.87032419347051,81.63842433393023,79.10468705414691,81.26934051513672,7337000
2026-06-02,81.14963251577328,81.72820579581503,79.41392028625128,79.82290649414062,5198800
2026-06-03,79.50369256363696,79.7431069133576,78.40640343119463,78.5859603881836,5275000
2026-06-04,80.08226329324172,80.24187285467373,78.65578518300494,79.31416320800781,4843400
2026-06-05,78.86526659251157,79.85283362460729,78.34655074190394,79.22438049316406,5067600
2026-06-08,79.32413548036844,79.81293406898432,78.00738700141322,78.01736450195312,4692700
2026-06-09,79.66329895681216,81.59852301498302,77.91760934863613,80.9700698852539,7695300
2026-06-10,79.11465573840512,79.57352183761473,76.24175196529151,76.28165435791016,6647300
2026-06-11,76.32155234409394,81.77808054735821,76.21182267337873,81.62844848632812,7975700
2026-06-12,82.95517512617062,83.23448425013437,80.73066441356873,82.85541534423828,6867900
2026-06-15,85.83805678904693,87.17475263645773,83.68337334410653,83.86293029785156,9785300
2026-06-16,84.89039025839516,85.51884338795557,82.72573697138259,82.93521881103516,10288300
2026-06-17,83.1746307357213,83.84298629704777,81.69828026578337,82.04741668701172,10340400
2026-06-18,83.92278398579771,84.83054629715791,83.46391788499922,83.97266387939453,14843800
2026-06-22,84.29187336270367,86.41662435380442,83.98263933960625,85.7083740234375,7497300
2026-06-23,84.32180025546636,86.75579293804402,84.04249111692857,86.50640869140625,6895000
2026-06-24,88.21219401748331,90.48657707735977,87.4241389027712,90.42672729492188,9590600
2026-06-25,91.23473236770187,94.90566880239044,90.8257461585285,91.88313293457031,11815600
2026-06-26,92.02278371939784,92.84076371470171,91.71354970001558,92.34199523925781,11457300
2026-06-29,91.61378767211613,93.04026578136433,91.42426083130044,92.94051361083984,6427700
2026-06-30,92.8507404066465,94.74606211894964,92.16243748113463,93.42931365966797,7617400
2026-07-01,94.23731843441853,94.35701799960172,92.7210579835381,92.8307876586914,6114700
2026-07-02,94.68620641619555,95.44433663676071,91.75345292901984,92.52155303955078,6074000
2026-07-06,93.06022054213658,95.29470112066137,90.90553713346415,91.45418548583984,6342200
2026-07-07,91.25468379168497,91.97290400480136,87.95283130267526,88.41169738769531,8338700
2026-07-08,86.57623608374072,87.32438882458473,85.06995310120588,87.07500457763672,8721300
2026-07-09,87.98999786376953,89.58999633789062,87.72000122070312,89.0,9522200
2026-07-10,87.94000244140625,89.19999694824219,85.3499984741211,87.38999938964844,10939200
2026-07-13,87.93000030517578,88.08000183105469,85.5,86.19000244140625,8573900
2026-07-14,87.01000213623047,87.08000183105469,84.83000183105469,85.51000213623047,6732300
2026-07-15,86.16000366210938,86.44000244140625,85.30999755859375,85.95999908447266,6791100
2026-07-16,85.30000305175781,87.19000244140625,85.02999877929688,86.69999694824219,5884000
2026-07-17,84.77999877929688,86.0199966430664,83.55999755859375,84.16999816894531,6462900
2026-07-20,84.79000091552734,85.5,83.81999969482422,84.54000091552734,6578700
2026-07-21,85.0,85.33000183105469,83.80999755859375,84.62999725341797,4030500
2026-07-22,83.5199966430664,84.5999984741211,82.9000015258789,83.5199966430664,5144800
2026-07-23,81.05999755859375,82.0999984741211,80.63999938964844,81.97000122070312,8061800
2026-07-24,82.66000366210938,86.01000213623047,82.44000244140625,85.05999755859375,5461200
2026-07-27,86.87000274658203,88.56999969482422,85.73999786376953,86.66999816894531,7591100
2026-07-28,86.91000366210938,89.69000244140625,86.2300033569336,89.37000274658203,7214700
2026-07-29,87.12999725341797,88.51000213623047,86.12000274658203,86.25,5459800
2026-07-30,87.83000183105469,89.26000213623047,86.19999694824219,88.58999633789062,5717300
2026-07-31,88.0199966430664,88.58000183105469,87.31999969482422,87.44000244140625,4772500
2026-08-03,89.19999694824219,91.93000030517578,89.19999694824219,91.58999633789062,5485700
2026-08-04,93.04000091552734,94.08000183105469,91.9000015258789,92.7699966430664,5184400
2026-08-05,93.4000015258789,95.01000213623047,93.05999755859375,93.13999938964844,5028300
2026-08-06,92.5,93.30000305175781,91.91999816894531,91.9800033569336,5234300
2026-08-07,92.30000305175781,92.44000244140625,90.8499984741211,91.33999633789062,3386100
2026-08-10,90.33999633789062,90.51000213623047,88.94000244140625,89.20999908447266,3760100
2026-08-11,89.98999786376953,90.91000366210938,88.93000030517578,90.41000366210938,2893400
2026-08-12,90.76000213623047,91.25,88.5,89.93000030517578,3192700
2026-08-13,91.44999694824219,92.20999908447266,90.83000183105469,91.30999755859375,3553300
2026-08-14,91.04000091552734,91.36000061035156,89.05999755859375,89.3499984741211,4459900
2026-08-17,89.0,89.16999816894531,87.5199966430664,87.58999633789062,3939400
2026-08-18,87.0,87.2300033569336,85.66999816894531,85.69999694824219,4605500
2026-08-19,86.72000122070312,86.72000122070312,83.05999755859375,83.29000091552734,5489100
2026-08-20,82.0999984741211,82.19999694824219,80.66999816894531,81.05999755859375,6169400
2026-08-21,82.22000122070312,83.06999969482422,82.05000305175781,82.41000366210938,5075800
2026-08-24,83.30000305175781,84.31999969482422,82.1500015258789,82.4800033569336,4080000
2026-08-25,84.43000030517578,84.43000030517578,82.12999725341797,83.62000274658203,5705000
2026-08-26,84.55000305175781,84.98999786376953,83.01000213623047,83.08000183105469,5730700
2026-08-27,82.51000213623047,83.01000213623047,80.94999694824219,81.13999938964844,4711900
2026-08-28,81.8499984741211,82.30999755859375,79.88999938964844,80.06999969482422,3801200
2026-08-31,79.23999786376953,79.25,77.7699966430664,78.0,6100400
2026-09-01,77.51000213623047,78.19000244140625,75.98999786376953,76.37999725341797,6566700
2026-09-02,77.5,79.1500015258789,77.0,78.13999938964844,4896400
2026-09-03,78.62999725341797,78.80999755859375,77.5999984741211,78.75,4433000
2026-09-04,78.87999725341797,80.4000015258789,78.80999755859375,80.16999816894531,5130500
2026-09-08,79.20999908447266,80.05999755859375,78.52999877929688,78.95999908447266,5269100
2026-09-09,77.5,79.37999725341797,77.30999755859375,78.75,4575700
2026-09-10,77.19999694824219,79.30000305175781,77.1500015258789,78.23999786376953,5913100
2026-09-11,79.4000015258789,80.2300033569336,79.08999633789062,79.91000366210938,4769700
2026-09-14,77.55999755859375,80.37000274658203,77.55999755859375,79.80000305175781,5396700
2026-09-15,80.05000305175781,80.08000183105469,77.98999786376953,78.88999938964844,6154300
2026-09-16,79.66000366210938,80.36000061035156,76.88999938964844,77.87000274658203,6982700
2026-09-17,79.61000061035156,79.87999725341797,78.94000244140625,79.43000030517578,6084600
2026-09-18,79.41999816894531,80.33000183105469,78.94000244140625,79.62000274658203,24904500
2026-09-21,81.0,82.7699966430664,79.8499984741211,82.5,9196700
2026-09-22,84.87999725341797,84.87999725341797,82.45999908447266,83.91999816894531,8635900
2026-09-23,82.69999694824219,83.12999725341797,81.56999969482422,81.75,6651900
2026-09-24,81.0,83.58999633789062,80.70999908447266,82.76000213623047,6253600
2026-09-25,84.0,85.47000122070312,82.33000183105469,84.94000244140625,7067200
2026-09-28,83.3499984741211,84.55999755859375,82.0,84.02999877929688,7608500
2026-09-29,85.01000213623047,85.31999969482422,83.55999755859375,84.87000274658203,5618300
2026-09-30,84.8499984741211,85.13999938964844,83.12999725341797,83.45999908447266,6574100
2026-10-01,83.7699966430664,84.2300033569336,82.55000305175781,84.12999725341797,6419900
2026-10-02,85.76000213623047,86.16999816894531,83.33999633789062,84.08999633789062,8151300
2026-10-05,85.0,85.3499984741211,82.80999755859375,83.08000183105469,7558900
2026-10-06,84.23999786376953,85.76000213623047,82.81999969482422,83.66000366210938,9346800
2026-10-07,82.19000244140625,83.45999908447266,81.80000305175781,82.97000122070312,6542600
2026-10-08,81.70999908447266,82.87000274658203,80.94000244140625,82.13999938964844,9694400
2026-10-09,79.68000030517578,82.37000274658203,79.16000366210938,82.16999816894531,11921100
