Date,Open,High,Low,Close,Volume
2015-01-02,72.19852439046791,72.93299688081552,71.34163878069737,72.0924301147461,1867900
2015-01-05,71.86390583570547,71.86390583570547,70.08485358727995,70.55001831054688,3007000
2015-01-06,70.40315596495813,70.99889657227239,69.27696881248178,69.96247863769531,3512000
2015-01-07,70.10120598525859,70.11752483007479,69.154551104971,69.6605224609375,3055900
2015-01-08,70.3215270839242,70.65612246795803,69.87268736230874,70.58267211914062,2842300
2015-01-09,70.59084466437211,70.72957662202813,69.62787104302443,69.89717864990234,2325300
2015-01-12,69.77478472963907,69.88903534104259,68.99134929736152,69.73397827148438,2497900
2015-01-13,70.23179536649249,70.41949637922804,69.37491568102696,70.09306335449219,2634700
2015-01-14,69.22802208906305,70.71328645727922,68.99952083644396,70.57455444335938,3308500
2015-01-15,71.01521485834016,71.88841942232074,70.94177071310557,71.162109375,3972700
2015-01-16,70.87646642998871,71.33347494587139,70.63980275105769,71.24370574951172,3490600
2015-01-20,71.30082101392448,71.64357268301856,70.92542543927071,71.1049575805664,2304100
2015-01-21,70.75406186651176,71.74152314569685,70.59084852225422,71.51301574707031,1954400
2015-01-22,72.12508291909677,73.21863236756796,71.86393780435883,73.04725646972656,2866300
2015-01-23,72.62285299998786,72.63917806317671,71.83125554238626,72.1005630493164,1796400
2015-01-26,72.06793131999947,72.47597080200819,71.71701711642443,72.16586303710938,2718700
2015-01-27,69.65232719646934,70.68875080171621,69.65232719646934,70.21542358398438,3300700
2015-01-28,70.75406308010037,70.93360149757714,68.97501020194254,69.02397918701172,3472100
2015-01-29,68.91786375508129,70.23991387475417,68.787294362749,70.10934448242188,3510800
2015-01-30,69.5625745076227,70.55002938300063,69.4483239419551,69.52177429199219,4221400
2015-02-02,69.7992300129664,70.75404086850835,69.24429609051508,70.705078125,2509700
2015-02-03,71.24372840866592,72.45152233733585,71.13763411039422,72.32910919189453,3107600
2015-02-04,72.0924029988012,73.03905745833966,71.94551478217029,72.369873046875,3042500
2015-02-05,72.47597702490185,72.81873495112204,72.22299451671527,72.72896575927734,1732400
2015-02-06,72.55759029253157,72.7942477346207,72.24747627317943,72.61471557617188,1809900
2015-02-09,72.28828756940055,72.83505906755501,71.92104824174967,72.5902328491211,1205900
2015-02-10,72.7861169955103,72.79427330590339,72.14141358156085,72.42704010009766,1516500
2015-02-11,72.24747482523453,72.8840154662375,71.96184841275742,72.48413848876953,1728600
2015-02-12,72.97377597958032,72.99825735114035,72.01080259902798,72.93297576904297,2297300
2015-02-13,72.94115162229141,73.76539330075944,72.77793828402774,73.47976684570312,1996600
2015-02-17,73.43896122915775,73.749075292034,72.80242048605996,73.3818359375,1809100
2015-02-18,74.87525092687889,75.71581133073974,74.56514313722009,75.69132995605469,5954700
2015-02-19,75.45467254281344,75.45467254281344,74.62227460360268,74.84261322021484,4527200
2015-02-20,73.81436662347642,75.46285021639177,73.37368930184388,75.43020629882812,7030500
2015-02-23,75.10376661806245,75.15272937692421,74.11631154847979,74.24688720703125,3023200
2015-02-24,74.03468589469169,74.80180212654061,73.96939808215382,74.67122650146484,2191600
2015-02-25,74.54064246218492,74.98132580778824,74.54064246218492,74.76914978027344,1543000
2015-02-26,74.45905797019225,74.87526006922349,74.23055681031303,74.41009521484375,2132700
2015-02-27,74.32846528872322,74.49984110500661,73.8633005799004,73.9367446899414,2265600
2015-03-02,73.93675212089852,74.33662906574908,73.6184818263579,74.28766632080078,2162600
2015-03-03,74.14895417261387,74.7691760875587,74.01022220746002,74.4835433959961,1682000
2015-03-04,74.09183173947362,74.25504508993228,73.62666684185719,73.81436157226562,1735100
2015-03-05,73.52053548256396,74.18972607005243,72.99824555306957,73.8224868774414,2713400
2015-03-06,73.12884151989297,73.67561296930373,72.85953394886184,73.65929412841797,3711400
2015-03-09,73.73276068771322,75.40572567915852,73.70011676981973,75.09561157226562,3144300
2015-03-10,74.2632055649387,75.0139969181228,73.93677264688776,74.25504302978516,4378800
2015-03-11,74.60593345403107,74.62225851911431,73.28388958693984,73.63480377197266,3122100
2015-03-12,74.14894340563893,74.29583788452754,73.43895238664578,73.59400939941406,2289800
2015-03-13,73.3655020499091,73.44710870323053,72.27195297159851,73.0309066772461,3707000
2015-03-16,73.03090379322494,73.12883550905643,72.47596985588979,72.74527740478516,2851100
2015-03-17,72.58209801945758,72.74531139591852,72.20670227264442,72.32910919189453,2078100
2015-03-18,72.01896951325709,73.16964385609036,71.41507281534555,72.89217376708984,2591400
2015-03-19,72.63105572350963,72.63921825962098,71.51302487150558,71.88026428222656,2586600
2015-03-20,72.10059165401836,73.04724645654687,72.00266614078424,72.77793884277344,5981900
2015-03-23,72.90036279762774,73.54506616908094,72.87588141567988,72.94932556152344,2233800
2015-03-24,72.84321236532637,72.8758562720576,72.02713337561099,72.1985092163086,2232000
2015-03-25,72.3291082688351,72.72082908400996,72.03531921400175,72.05980682373047,2720800
2015-03-26,71.81497284027502,72.19036854206996,71.63543441198385,71.82313537597656,1988900
2015-03-27,71.73273873420631,71.94637123568667,71.41228371305853,71.86420440673828,2065400
2015-03-30,71.96281276549787,73.16246609453502,71.74095541794412,72.80914306640625,1748600
2015-03-31,72.40650747045046,72.80091070636264,71.90528172857867,72.05318450927734,2705700
2015-04-01,72.11071236112497,72.74340385036402,71.8806427286744,71.97924041748047,3318000
2015-04-02,71.87244480171776,72.8091607278987,71.87244480171776,72.29150390625,1555300
2015-04-06,72.32433002881322,73.17066638731225,72.09426044356145,72.70230865478516,1929600
2015-04-07,72.82555628921246,73.14601125235988,72.47223334664913,72.66944122314453,1763200
2015-04-08,72.73519422117823,73.22820780147777,71.80669701361319,72.1846694946289,2094800
2015-04-09,72.06966148937478,72.84204386833353,71.80672374084655,72.67770385742188,2915000
2015-04-10,72.33256208980332,73.75407267671925,72.33256208980332,73.1871109008789,2053900
2015-04-13,72.95703565917873,73.50756026554551,72.22574028202243,72.30790710449219,2794300
2015-04-14,72.34078383084314,72.36543325367067,71.83955800359145,72.24217987060547,1823900
2015-04-15,72.39831715163098,73.73765499400726,71.93817777391718,73.40898132324219,3320300
2015-04-16,73.25283631492678,73.42538851120122,72.83377739887383,73.08028411865234,1709600
2015-04-17,72.40656826476423,72.6284194876207,71.86425552388805,71.90534210205078,2248500
2015-04-20,72.50511197974728,73.11316028489709,72.25039293800401,73.04742431640625,2524100
2015-04-21,73.14602756487119,73.25285008902719,72.07784620580351,72.24217987060547,2215200
2015-04-22,72.22576487089131,72.41474800001737,71.99569518207932,72.39009857177734,2026300
2015-04-23,72.82560023802063,73.03923909868776,72.50514508148486,72.79273223876953,1981500
2015-04-24,72.7105466642959,72.85844948840061,72.23397647011696,72.62837982177734,1482500
2015-04-27,72.60371707787293,73.17889113892421,72.53798110834504,73.07207489013672,2081200
2015-04-28,73.0474260219811,73.37609960318247,72.52976309418759,73.0392074584961,2746600
2015-04-29,72.64482877288927,74.16493754809376,72.62017307408614,73.844482421875,2287000
2015-04-30,73.67190790596483,74.77295723417413,73.4746999886426,74.37854766845703,2728500
2015-05-01,74.77295926843297,75.29883452441103,74.56753905066255,75.09341430664062,2674700
2015-05-04,75.0852009399266,75.24132232229545,74.44429081914835,74.68257904052734,2504700
2015-05-05,74.64969199613876,75.13448687972792,73.91017809595908,74.06629943847656,1752300
2015-05-06,74.34567943481875,74.56753048620196,73.66368288560912,73.92662048339844,1415900
2015-05-07,73.74587418538144,73.84447816812616,73.15426282677092,73.64727020263672,1667200
2015-05-08,74.03345312796858,74.32104020973915,73.18712274350312,73.86090087890625,2212500
2015-05-11,74.12381430748744,75.13448431471754,74.00056095017749,74.88797760009766,2845200
2015-05-12,74.4114246172462,74.64971284434927,73.95950385737055,74.28817749023438,1585200
2015-05-13,74.63329426336878,75.18381908436155,74.31283914255633,74.4771728515625,1778200
2015-05-14,74.71543856034603,75.89044240488639,74.70721999669826,75.7671890258789,1949200
2015-05-15,74.1977524909424,74.48533941538757,72.41470102153279,73.23638153076172,6658500
2015-05-18,73.12959353840418,73.58152050042587,72.82556937586892,73.27749633789062,2517400
2015-05-19,73.19531596959052,73.46647209664586,72.68587169472225,73.2692642211914,2122200
2015-05-20,73.28571139267234,73.46648216882606,72.78448561112864,73.1131591796875,1939700
2015-05-21,73.27749111804083,73.77871688787793,73.17067487504792,73.50756072998047,3037500
2015-05-22,75.4385139847377,76.86002455990558,75.39743370514485,76.70390319824219,8558100
2015-05-26,76.0712177519966,77.43520475971496,76.00548177672815,77.07366943359375,5536000
2015-05-27,77.14762243434079,77.96108480415008,76.99150105073763,77.5338134765625,3954000
2015-05-28,77.17226816770834,77.17226816770834,76.48205922486977,76.82716369628906,3210800
2015-05-29,76.76142074066416,77.32838251282226,76.50670169238545,76.97505950927734,5466300
2015-06-01,77.0900975758043,77.10652843457845,76.0712150707657,76.12051391601562,2902200
2015-06-02,76.19443798324562,76.6052782465095,75.87397681048888,76.21086883544922,2574300
2015-06-03,76.48206490946907,76.62174916748364,75.84115476664624,76.20269012451172,2149000
2015-06-04,75.79182607467487,75.98081539415695,75.31525603266913,75.48780822753906,2484100
2015-06-05,75.25776092238536,75.97262566004233,74.97017382180908,75.70146942138672,1742900
2015-06-08,75.53713046497481,75.71790127815373,75.17558883861695,75.2741928100586,1678400
2015-06-09,75.49602393082404,76.32592323128578,75.15091952549692,75.47137451171875,1789300
2015-06-10,75.6850154869449,76.63816191099292,75.55354355594423,76.36701202392578,2038300
2015-06-11,76.3505866071073,76.90111129751521,76.20268379651273,76.58887481689453,2245900
2015-06-12,76.27662874580079,76.74498654230773,75.87400064768333,76.05477142333984,1367300
2015-06-15,75.39743638745367,76.19446781325003,75.24953358401798,75.97261047363281,1801700
2015-06-16,75.71787909369934,75.84113245465755,75.33990671730679,75.69322967529297,2311000
2015-06-17,75.7507652382803,76.10408828098726,75.4138730554753,75.80006408691406,2089300
2015-06-18,75.30705217389792,76.23554929013069,75.1509308042315,76.087646484375,1754000
2015-06-19,75.93973661499967,76.37522642784843,75.80827094929387,76.05477142333984,3666400
2015-06-22,76.60528754799823,77.36123221964932,76.49024649290503,76.86822509765625,2088500
2015-06-23,76.73677131907941,77.22977855755606,76.56421909905895,76.97505950927734,1719200
2015-06-24,76.84357421999077,77.47627185241684,76.78605682330895,77.23798370361328,2227800
2015-06-25,77.39410503843224,77.55843866640143,76.48203898467337,77.23798370361328,3679700
2015-06-26,77.73415563711296,80.12406693866716,77.36202656465676,79.75193786621094,7168000
2015-06-29,79.03249895444337,79.9173451408249,78.48670910478307,78.5280532836914,3868700
2015-06-30,79.08209904783124,81.23219782550154,78.74304908652618,80.25638580322266,6559600
2015-07-01,80.65334188750573,80.7939234584255,78.98288682850871,79.54521942138672,3733000
2015-07-02,79.52041801680694,80.22333223687359,79.14001114509142,79.67753601074219,2899800
2015-07-06,79.2144256319157,79.76848680343862,78.76786688929778,79.0324935913086,2404000
2015-07-07,79.03251136447095,79.72716055671386,78.24690244066733,79.6196517944336,2867400
2015-07-08,79.30539703387285,79.4790577273647,78.08976587023122,78.5280532836914,2795800
2015-07-09,79.40465220044499,79.8925616094956,78.15594783852343,78.18075561523438,2608500
2015-07-10,78.89190932558951,79.34673310228308,78.37092098916857,78.70170593261719,2963300
2015-07-13,79.098647981394,79.76848290801091,78.70170479316305,79.61135864257812,2327700
2015-07-14,79.49561236623514,79.93390618939921,78.99116657980866,79.7188949584961,2272700
2015-07-15,79.56175224495472,80.06619791475927,79.30539688492897,79.81810760498047,2085500
2015-07-16,80.19023972101729,80.6781426515565,80.05792321220764,80.48794555664062,2993400
2015-07-17,80.25642774916325,80.2895005794367,79.80159746789393,80.19026947021484,1810900
2015-07-20,80.10757041729794,80.40527634716615,79.55350274775405,79.5700454711914,1995500
2015-07-21,79.54520449664722,79.79328846186472,78.88363463767169,78.98287200927734,2030600
2015-07-22,78.95808872976284,79.00770427635331,78.25516817066597,78.41229248046875,1961400
2015-07-23,77.9160953305795,78.37091909628779,76.41930122639391,77.1222152709961,3396100
2015-07-24,77.24626837697924,77.24626837697924,76.32834308328172,76.42757415771484,2256800
2015-07-27,75.93140378698885,76.4937363716021,74.95559154631289,75.46003723144531,2775100
2015-07-28,76.06373237420401,76.65913787367892,75.90660806102598,76.46894073486328,3436000
2015-07-29,76.2869906474523,77.54396592868552,75.93139791835368,77.42819213867188,2438700
2015-07-30,77.13875321184504,77.71762843770392,76.84104739493431,77.3289566040039,1470500
2015-07-31,77.61012422020099,78.26342278370663,77.44473489415836,78.20553588867188,1914000
2015-08-03,78.14764164973288,78.14764164973288,76.7914291141982,77.25452423095703,2619800
2015-08-04,77.39511348311522,77.46127173758272,76.66739161156794,76.99817657470703,1673800
2015-08-05,77.48608422218791,79.26404798673434,77.48608422218791,78.99114990234375,2447500
2015-08-06,78.69341621927036,79.3715223016703,78.42878330009374,79.0572738647461,1561100
2015-08-07,78.92500328812162,79.37982715031842,78.80095812235913,79.26405334472656,1756200
2015-08-10,79.5948249747454,80.62025264161079,79.30539050940413,80.33081817626953,2155200
2015-08-11,79.75194346920526,80.04964927176454,79.08210225884804,79.5865478515625,1975300
2015-08-12,79.28058427581504,79.35500757868604,75.84043082350568,77.43646240234375,4867800
2015-08-13,77.36203409953922,77.66800495938715,75.71638078261465,76.98989868164062,2144100
2015-08-14,76.80797529694142,78.13938023626912,76.80797529694142,78.01533508300781,2235200
2015-08-17,77.61839940282385,77.9491843804023,76.96510080713605,77.88302612304688,1598800
2015-08-18,77.62667276255976,78.02360969852313,77.20492174754969,77.65975189208984,1786300
2015-08-19,77.09740438253294,77.13874855454226,75.43521472333681,76.06370544433594,4093000
2015-08-20,75.50965708389165,76.45239024882204,74.73231957635207,74.9638671875,4497600
2015-08-21,71.04408493031782,71.44102190831629,67.71970461628324,68.87744903564453,15208000
2015-08-24,64.70130408695613,66.79351043701172,63.477407662755894,66.79351043701172,8039200
2015-08-25,68.64588243257553,68.64588243257553,65.34631080336911,65.4041976928711,6505500
2015-08-26,66.99197997842349,67.31449362629365,66.02443272561374,67.17391204833984,5223000
2015-08-27,67.81892124835802,68.19932169795618,66.87618832778921,68.13316345214844,3664200
2015-08-28,67.64527198460219,68.37299388353044,67.63700062518294,68.19933319091797,2647200
2015-08-31,68.05875314453573,68.24895025102957,67.49642056626034,67.62873077392578,2674100
2015-09-01,66.38000684175859,67.07465579438576,65.88383262370917,66.15673065185547,4790200
2015-09-02,66.96715342476267,67.13254272782784,65.8507535468815,66.8017578125,2853100
2015-09-03,66.75215710995903,67.76931353720903,66.27251919165958,66.97543334960938,3022000
2015-09-04,65.99962940965395,66.28907025453292,65.33806565798696,65.51172637939453,3130600
2015-09-08,66.50407531046278,66.5288830836909,65.57788479421441,66.23944854736328,3079200
2015-09-09,66.97544361623086,67.52951123881233,65.66058112842673,65.80116271972656,2898800
2015-09-10,65.78462165185921,66.6446538608361,65.35459923817136,66.21463775634766,2912900
2015-09-11,66.16503582881435,66.36350435563818,65.24711021710311,65.53654479980469,3856000
2015-09-14,65.53655035797736,65.95830153379747,65.15614968713615,65.89214324951172,3128300
2015-09-15,65.48692567120943,67.62047641382095,65.48692567120943,67.3227767944336,3469800
2015-09-16,67.34758484945799,67.71971410713505,67.09122310982231,67.27315521240234,2980400
2015-09-17,66.93408006263117,67.32275189840051,66.23115969111738,66.5123291015625,3837000
2015-09-18,65.73500143471956,66.38002876210774,65.51172517108503,65.77635192871094,7779000
2015-09-21,65.8342339790402,65.90865729169596,65.10651202654348,65.46210479736328,3292200
2015-09-22,64.6681954411192,65.55304137573769,64.58550079763275,65.19744873046875,3322800
2015-09-23,65.17268889071421,65.29673410175448,64.03148682938713,64.24649810791016,3195400
2015-09-24,62.32793417423451,62.865452753475495,61.44308784127508,62.650447845458984,7835000
2015-09-25,62.93160669374401,63.07218827220962,61.806941447620495,62.69178771972656,3728700
2015-09-28,62.09162796645944,62.52508095011589,61.43311750402399,61.48313522338867,5479600
2015-09-29,61.4414377647377,62.04993669812778,61.19970566021453,61.36642074584961,2953900
2015-09-30,61.85822786671594,62.14164038717659,61.15804345063343,61.68318176269531,3247000
2015-10-01,61.15805217995734,61.374772324707706,60.174455103021586,60.75794219970703,4883800
2015-10-02,60.05774969777467,61.399776201233635,59.89103457836674,61.32475280761719,3853000
2015-10-05,62.074944760860376,65.35915893970954,61.849880976471056,65.19244384765625,6261500
2015-10-06,65.22579277032216,65.81761709173982,64.95071761318222,65.38417053222656,3354300
2015-10-07,65.80093481340056,66.62615375037308,64.85068116245532,65.7592544555664,4082800
2015-10-08,65.5592297082833,67.77648701977228,65.51754933329657,67.44306945800781,3707100
2015-10-09,67.5097744613373,67.90154723875597,66.45949730091438,66.5761947631836,4061400
2015-10-12,66.58450143465254,66.66786218542829,65.10077164811075,65.37584686279297,2754200
2015-10-13,64.77567661016269,64.87570568230925,63.758736635033294,64.12550354003906,3077800
2015-10-14,64.10048644059492,64.49225895394923,63.50032483371432,63.58367919921875,3181700
2015-10-15,63.733706552958125,64.08379863212186,62.73344165262484,63.5419921875,2828600
2015-10-16,63.74206092895168,63.867095664787676,63.141899284563564,63.35028839111328,4967400
2015-10-19,63.108560399553056,63.408641241409875,62.75846820389719,63.325286865234375,3041900
2015-10-20,63.25859866587665,63.9921260545807,63.01686653152927,63.675376892089844,2771300
2015-10-21,64.02545936364879,65.42583424568022,63.725378577532766,63.892093658447266,3104200
2015-10-22,63.97544741087574,66.35108164543223,63.8170696753953,66.14269256591797,5754600
2015-10-23,66.53447822955752,67.6097668559471,66.43444916214992,66.9012451171875,4249300
2015-10-26,66.50113337921199,66.87623760203184,64.20051576832276,64.60896301269531,4490900
2015-10-27,63.800398047913106,64.15882750052334,63.19189916900562,63.4503059387207,4159500
2015-10-28,63.97546613234812,65.8259627174799,63.725396619939865,65.80928802490234,3392700
2015-10-29,65.38416045498481,65.81760694769375,64.9590449467008,65.21744537353516,2187800
2015-10-30,65.18411139395678,65.51753524354979,64.78400786206997,65.01740264892578,2668800
2015-11-02,65.42584569005244,67.10963332440375,65.17578256423444,66.8428955078125,3252500
2015-11-03,66.79288940645115,66.90958682402606,66.09270490100168,66.30109405517578,2384200
2015-11-04,66.30940848855762,66.45944888209728,64.80066720920614,65.21744537353516,2412100
2015-11-05,65.24246683670827,65.59256541272296,64.21719586564622,64.95906066894531,2216900
2015-11-06,64.62563134370613,64.87570082558602,63.441982696474334,64.60896301269531,3137500
2015-11-09,64.55892573437383,64.55892573437383,63.21689973138454,63.550323486328125,2307900
2015-11-10,63.50868727084606,64.34224397429527,62.81683368069531,63.57536697387695,2433800
2015-11-11,63.825405796109635,63.90876015441195,62.466711313145204,62.55840301513672,2791100
2015-11-12,62.32501504503141,62.32501504503141,60.974657621136146,61.07468032836914,3902400
2015-11-13,61.14969850227772,62.45004446163744,60.93297205587421,62.2249870300293,3463100
2015-11-16,61.64982663648276,62.35001727464029,61.23304846314834,62.274993896484375,3143000
2015-11-17,62.58341927779951,62.70845401617782,61.26639857133907,61.5164680480957,4486400
2015-11-18,61.72484157862982,62.20829936038,61.48310950799005,62.116607666015625,3710100
2015-11-19,61.70817741266872,62.48338509566104,61.34974791710172,62.46671676635742,2528600
2015-11-20,62.69177961229161,63.300278616761915,62.51673352157492,62.91684341430664,3472100
2015-11-23,63.10858448575255,63.308636336832365,61.96660938175183,62.191673278808594,4011400
2015-11-24,61.73318608560053,64.0838149224998,61.51646599647228,63.63369369506836,8007300
2015-11-25,66.84289466944175,67.0846268063724,64.35055627119,66.68451690673828,11169800
2015-11-27,66.7512051166273,66.82622214800745,65.72592783771277,65.92597961425781,2013400
2015-11-30,66.12606660539772,66.65120513280448,65.74263121656412,66.32611846923828,5095900
2015-12-01,66.20105071783823,66.56781758526556,65.70091812741157,66.2593994140625,2954400
2015-12-02,66.33443437271056,66.54282351837035,65.84263268199682,66.12604522705078,3012800
2015-12-03,66.2094032732829,66.2594146359555,64.97573666458916,65.26748657226562,2913400
2015-12-04,65.35916010652973,66.3677625832188,65.01739893136708,66.3427505493164,2400700
2015-12-07,65.97600654593047,66.05936093450921,65.17579296841656,65.934326171875,2699500
2015-12-08,65.06743738803813,66.14272635071818,64.60898499465357,66.05937194824219,3388600
2015-12-09,65.9760388296342,67.14301991936588,65.57592866532737,66.05105590820312,3911600
2015-12-10,66.01767260879231,66.15938204779306,65.16744777244502,65.51753997802734,2817800
2015-12-11,64.80900250219608,65.00905423407468,63.875417154212776,64.31720733642578,3965500
2015-12-14,64.31724198502522,65.84264600670967,63.87545156481352,65.80097198486328,5027300
2015-12-15,66.15105506984673,66.49280998327853,63.967134396467976,64.39225006103516,6291300
2015-12-16,64.55892978007493,65.50918340751956,64.13382066642258,65.17576599121094,2912100
2015-12-17,65.30080522871553,65.45918297953563,63.97545360721248,64.10882568359375,3403200
2015-12-18,63.74210335480488,64.29224765530846,62.475093182341084,62.49176788330078,5292900
2015-12-21,63.04186499054329,63.37528880524969,62.20830863354244,63.108551025390625,3778300
2015-12-22,63.33364625854764,64.9424110809532,63.33364625854764,64.67566680908203,2583600
2015-12-23,65.22579670447143,66.17605061415105,65.14244232563718,66.03434753417969,3375900
2015-12-24,65.75094325098448,66.1510532228526,65.45086236196644,65.6759262084961,750200
2015-12-28,65.57587273166445,65.65922708993254,64.18383523404442,64.99238586425781,2726300
2015-12-29,65.15201218991838,65.63082379686024,64.79080298406046,65.2192153930664,1746500
2015-12-30,65.04279183507747,65.79040961637793,64.83278669631109,65.10159301757812,1643800
2015-12-31,64.6899791463681,64.84957868001328,64.05996378454603,64.068359375,2162600
2016-01-04,63.65675896093798,63.95076488417256,62.69913600591765,63.90876770019531,3586900
2016-01-05,63.79956223093103,64.29517771927604,63.01834281382847,64.27837371826172,2578300
2016-01-06,63.13595888828103,64.0179767779719,63.01835009413958,63.55596923828125,3157600
2016-01-07,62.48915281574385,63.86678654767433,62.371550405129106,62.9931640625,3720500
2016-01-08,63.303954502164316,63.46356047096295,61.74991763530754,61.959922790527344,3530800
2016-01-11,62.06913324441429,62.47234602781365,61.49791887309422,62.287540435791016,3753000
2016-01-12,63.00154799316303,63.06875118247947,61.405507495566454,62.59833526611328,2915900
2016-01-13,62.84192749772375,63.40474606711816,61.447496890335074,61.50629806518555,3004300
2016-01-14,61.64072920353033,62.7747625064008,61.052717157401716,61.82553482055664,3143800
2016-01-15,60.48149198897953,61.707921474138566,60.40589320024107,61.42231750488281,4708600
2016-01-19,61.800347602872115,61.94314964142386,60.120305524328515,60.867923736572266,3913800
2016-01-20,59.952280349025386,61.32991380000829,58.93585605951051,60.48149108886719,4230200
2016-01-21,60.47309167537454,61.875931191115626,59.80107892426982,61.34671401977539,2731200
2016-01-22,62.321127836957686,64.03477056051062,61.86751596229529,62.67393493652344,3177400
2016-01-25,61.99353357451013,62.077534367280805,60.22948488207757,60.296688079833984,2633300
2016-01-26,60.49827388270274,61.808710227057084,60.179068398344135,61.80030822753906,2338800
2016-01-27,61.82553510986288,63.02676521730434,61.46432587730773,61.85073471069336,2665700
2016-01-28,62.749546668849824,63.203158637182064,61.623921954315826,62.841949462890625,2208700
2016-01-29,63.32074952449828,64.68998718261719,63.28714793196516,64.68998718261719,4369100
2016-02-01,64.0347688686915,64.79078223097306,63.60635659690998,64.51358032226562,2248300
2016-02-02,63.50556866713212,63.58956946201414,62.30433871465471,62.64875030517578,2647800
2016-02-03,63.001539587662656,63.6147573928757,61.20389617080252,63.345951080322266,2818900
2016-02-04,63.060353924971245,66.39523714167342,63.04355633080307,66.10962677001953,4976300
2016-02-05,65.85763019976382,67.0672557606478,65.60562140311929,65.87442779541016,4154200
2016-02-08,65.18561221628909,66.23563820691504,63.78277903093683,64.74040222167969,3622300
2016-02-09,63.75757592779164,66.02562937932764,63.75757592779164,65.58882141113281,2978700
2016-02-10,66.00043707617088,66.21884428882967,64.74040581743616,65.02601623535156,2314100
2016-02-11,63.81638577992753,64.79920864831621,63.152768531254246,64.18599700927734,3681900
2016-02-12,64.94197896389686,65.9248077615027,64.4715695625453,65.74839782714844,3154100
2016-02-16,66.35323647206549,67.15126002054296,65.30321054684484,67.04205322265625,3703300
2016-02-17,67.59649649682775,69.07493537381765,67.20168556869532,68.40291595458984,4992800
2016-02-18,68.38609823292661,68.6129010350974,66.51284897894095,67.47887420654297,5238200
2016-02-19,64.38758888109072,65.82402353009583,64.26158449247285,64.68159484863281,8955200
2016-02-22,64.93359128371324,66.18522011269059,64.84958410136925,65.85761260986328,3372600
2016-02-23,65.71482794119382,65.93322872796644,64.61439636971681,64.79920196533203,2911600
2016-02-24,64.42119499937856,66.61364972509615,63.61477582802321,66.36164093017578,2922300
2016-02-25,66.53801602634147,66.90762705823526,65.99200147709303,66.8656234741211,1955200
2016-02-26,67.09247173968687,67.69728140559982,66.53805486820306,66.75646209716797,2603000
2016-02-29,66.8572515282933,68.3356899115889,66.40364594196683,67.35286712646484,4582600
2016-03-01,67.7392372783318,69.00766974077095,66.78161463774356,68.08364868164062,3424900
2016-03-02,67.73927679789674,68.93210479574815,67.3360704028611,68.74729919433594,2508200
2016-03-03,68.68849747928184,70.41054266986491,68.41969108165839,70.28453826904297,2860100
2016-03-04,70.28453241937927,72.30058343818763,70.10812883645035,71.30095672607422,4250300
2016-03-07,71.06576782094517,72.19979476953745,70.78016378732455,71.97299194335938,3512800
2016-03-08,71.26736406560045,71.51097087510492,69.51172360900485,70.43574523925781,3212300
2016-03-09,70.68772568808662,71.14973311340749,69.41089095121029,69.75530242919922,2677200
2016-03-10,69.57052368524806,69.63772688861394,68.36929366269638,69.20091247558594,2774200
2016-03-11,69.88969259362128,70.08290009964547,69.19248055352226,69.6796875,2779500
2016-03-14,69.39410904101028,69.99052295606768,68.47848316518332,68.75569152832031,2822300
2016-03-15,68.01647175176538,68.05846893815075,67.25204989867494,67.74766540527344,3149700
2016-03-16,67.72246841490697,68.52048548424176,67.41165846123337,68.3860855102539,2592000
2016-03-17,68.56250715340428,70.1585417127708,68.26849471566236,69.77213287353516,3513100
2016-03-18,69.94848587945332,70.44410117713814,69.26807150364219,69.41087341308594,7184800
2016-03-21,69.53691805504278,69.74692324675713,68.82290168498392,69.48651885986328,2373000
2016-03-22,69.20929038767663,69.3520923384846,68.87328089665647,69.10009002685547,1548300
2016-03-23,68.80610066719368,68.89010145793132,67.6552699666542,67.90727233886719,1911600
2016-03-24,67.62165114592577,67.68885432493963,67.20164089036102,67.40324401855469,3263800
2016-03-28,67.47047156703611,67.68047677066967,66.78165475547205,67.34446716308594,3158600
2016-03-29,66.98051823676211,68.30082965612712,66.98051823676211,68.13156127929688,2301300
2016-03-30,68.55471086052654,68.6308796620401,67.71682175801718,67.80992126464844,2566300
2016-03-31,67.86074808563383,68.0130922527376,65.0931699166216,65.16087341308594,6598000
2016-04-01,64.5430161907639,64.82230835577802,63.40043854938053,64.74613952636719,6396600
2016-04-04,64.55994717542696,65.04236918351238,64.13676974878449,64.23833465576172,2930800
2016-04-05,63.81513092143743,64.85614334580421,63.705100703278106,64.38218688964844,2494200
2016-04-06,64.42454797682785,64.77155018553616,63.77285097993369,64.6107406616211,2564100
2016-04-07,64.32298998554342,64.55996838918391,63.89981241984905,64.47533416748047,2444600
2016-04-08,64.92388566943104,65.38091810483074,64.24680560219774,64.58534240722656,2076200
2016-04-11,64.71230041570716,65.30475277070067,64.11138916015625,64.11138916015625,1668900
2016-04-12,64.246822257393,65.11856702496505,64.14525731524951,64.83080291748047,2011500
2016-04-13,64.95772534062681,66.46423572254494,64.60225790477122,66.40499114990234,3187100
2016-04-14,66.39652747218845,66.69275680006008,65.57556878973422,65.72791290283203,2356000
2016-04-15,65.72791661773743,66.19340788166419,65.47400759583219,65.54171752929688,2536900
2016-04-18,65.5417167649304,66.42192651818209,65.00850911658273,66.28650665283203,2243100
2016-04-19,66.6504241743237,69.9342776693779,66.58271425718696,69.70576477050781,7015500
2016-04-20,69.62961476193628,71.88938725174357,69.14719272736122,71.3138656616211,6474400
2016-04-21,71.5085291641064,71.88939277255153,69.73965038721376,70.07819366455078,4038200
2016-04-22,70.20514174352321,70.63678458355733,69.99355300233456,70.07819366455078,2087400
2016-04-25,69.91739924495293,70.03588844901758,68.85945531067775,69.74813079833984,2153500
2016-04-26,70.18820846082832,71.08534254182149,70.03586432847334,70.60292053222656,2096200
2016-04-27,71.15305082857525,72.14328443731202,70.72140805405859,71.69471740722656,2876700
2016-04-28,71.2038295403972,72.22791811008187,70.67062832195226,71.03456115722656,2167000
2016-04-29,70.69604028894385,71.63549496411399,70.5860164508091,71.18692779541016,2111900
2016-05-02,71.23768375409475,71.88091522624653,70.65370331831767,71.33924865722656,1829300
2016-05-03,70.71297598839386,70.96687866132447,69.84969011176848,70.58602142333984,1957400
2016-05-04,70.43364602789657,70.66215897799887,69.19796882039351,69.55343627929688,1697300
2016-05-05,69.59575751420815,69.65500209146919,68.36007383332151,68.72400665283203,2868500
2016-05-06,68.33471179790371,69.14721195271393,68.20775723620709,68.93562316894531,1258800
2016-05-09,68.58860993948886,68.65631988917623,67.7253242239154,68.19928741455078,1649200
2016-05-10,68.47858209758952,71.4154283497893,68.22467302974276,70.9330062866211,5948000
2016-05-11,70.797581827695,71.89783921695422,70.26437415968358,71.00917053222656,3344400
2016-05-12,71.31384843442467,71.88090453055743,69.88350693306325,71.22074890136719,3936300
2016-05-13,70.92453496676747,71.33924701159995,69.63807205213956,69.79888153076172,2425200
2016-05-16,70.00204016441813,71.21232839928813,70.00204016441813,70.78068542480469,2302900
2016-05-17,70.80604642376926,71.30539266165925,69.89198168028362,70.41671752929688,2537400
2016-05-18,70.12050903378667,70.34056313732474,69.3333986414929,69.90892028808594,2672600
2016-05-19,69.55344157623081,70.53520984089958,69.13026415278263,69.61268615722656,5062000
2016-05-20,68.38550571220868,68.51245383197866,65.59253084806502,65.795654296875,12350200
2016-05-23,65.59246541424292,67.00587569989963,65.38087681613246,65.91407775878906,4604000
2016-05-24,66.85357738872774,67.47988471678528,66.36269641272654,67.4037094116211,3377600
2016-05-25,67.86072474272937,68.45317049035488,67.66606030726707,68.12309265136719,2923600
2016-05-26,68.4193115742675,68.62244135358728,67.80994160783011,67.9368896484375,2501000
2016-05-27,67.87765225687683,68.13156127929688,67.55603975802948,68.13156127929688,1743800
2016-05-31,69.485735913058,70.34902152601391,69.28261254531708,69.64654541015625,6380000
2016-06-01,69.3672455857714,70.25592079771259,68.85096858945133,70.10357666015625,2452000
2016-06-02,70.0189376438673,71.21229459160985,69.75656325674953,71.14458465576172,2830800
2016-06-03,71.83013115230852,72.9557780810864,71.77088657710969,72.42257690429688,4244400
2016-06-06,72.57491935630867,74.31840806405367,72.53259903620497,74.03911590576172,4967700
2016-06-07,73.86985117103139,74.35227318309707,73.67519316918786,73.8952407836914,2455800
2016-06-08,74.45384610095637,74.64850412374199,73.14199334353673,73.78522491455078,3511300
2016-06-09,73.03194728486244,73.76827819286954,72.75264868625555,73.59053802490234,1802200
2016-06-10,72.83730294153267,73.20123581838078,72.02480298658297,72.5072250366211,3538300
2016-06-13,72.48180886606129,73.52282788587985,72.19405139579293,72.21097564697266,2771500
2016-06-14,71.94016126649201,72.27023913690545,70.78911816965415,72.0671157836914,3168100
2016-06-15,72.41413838614999,72.60033753640367,71.72012748068056,71.79630279541016,1466000
2016-06-16,71.35618091511729,72.20253583127688,70.37441257010349,72.04173278808594,2075500
2016-06-17,72.48181083653296,73.24353130379431,72.32100138867403,72.7864990234375,3526100
2016-06-20,73.4297543193182,73.62441233397763,72.32949034566073,72.43951416015625,3069700
2016-06-21,72.27023915384775,72.27870451024303,71.12766141313533,71.16997528076172,3536100
2016-06-22,71.56776676668106,71.81321045736003,71.00071054537553,71.0261001586914,2177600
2016-06-23,71.88091522624653,71.89783948151441,70.6960171850748,71.33924865722656,2285000
2016-06-24,69.04564198192766,70.38288442258994,68.89329782467277,69.16413116455078,4897600
2016-06-27,68.83405366422342,68.86790863906711,67.52220083202948,68.19928741455078,3361800
2016-06-28,69.00932176440222,69.79380773281939,68.25041587018782,69.39303588867188,2537900
2016-06-29,69.94731715445343,70.16049318211206,68.6853187138593,69.50391387939453,2821400
2016-06-30,69.82795439513913,69.87911457118662,68.07138562425493,69.10315704345703,4921400
2016-07-01,69.25665268548609,69.39308200710944,68.50626864689362,68.9837875366211,2734300
2016-07-05,68.43804940386332,68.6682767039535,67.03108599819484,67.50859832763672,2990700
2016-07-06,67.40627768074904,67.78146314983918,66.72411163684735,67.76441192626953,2387300
2016-07-07,67.9179096436169,68.36131308796327,67.39775941709182,67.67915344238281,2167500
2016-07-08,68.40392135108706,69.14576972638433,68.21632541529648,69.04344940185547,1974900
2016-07-11,69.04345750714275,69.41012055951863,68.63415664413057,69.06050872802734,2314700
2016-07-12,69.3163308557628,70.46748031858779,68.54036684773828,70.2798843383789,3866600
2016-07-13,70.50157744259616,71.21784578619443,70.28840141096101,70.7403335571289,2772600
2016-07-14,71.26903025111926,72.18142363408735,71.10701434482937,71.3201904296875,3588100
2016-07-15,71.59302195951265,71.59302195951265,70.67210014376538,71.12403869628906,2774600
2016-07-18,70.95348296999934,71.55890189204145,69.88760321169696,71.4736328125,2489100
2016-07-19,70.62096284863897,71.04731495627519,70.32251767441699,70.99615478515625,2487600
2016-07-20,70.80855922030848,71.16669343141521,70.56127421579662,70.61243438720703,2297600
2016-07-21,70.82558980777277,71.30310845574411,70.01552363690186,70.10932159423828,3083900
2016-07-22,70.09227655930862,70.09227655930862,68.07989430137428,68.31865692138672,4753500
2016-07-25,67.38919759947917,67.44888662060121,65.54736030084513,66.44269561767578,7436300
2016-07-26,67.09075112151363,68.20779128206918,66.98842429927666,67.35508728027344,4139800
2016-07-27,67.67059424394209,67.78997229104941,66.84347027068739,66.8946304321289,2496500
2016-07-28,66.92024182639683,66.98845323173356,66.34892495417311,66.65589904785156,4712400
2016-07-29,65.88844184847156,66.66440568925904,65.76906379690669,66.26363372802734,3753900
2016-08-01,66.29773455894657,66.49385933715429,65.81169354973582,66.24657440185547,1898600
2016-08-02,65.96518780196334,66.45975772710739,65.96518780196334,66.2551040649414,3483400
2016-08-03,66.30629269061673,67.03109009369436,66.26365487047535,66.77527618408203,1865300
2016-08-04,66.85201061224318,67.15898464483543,66.0078352754229,66.28922271728516,2235500
2016-08-05,66.57061501921142,67.21867201706652,66.26364099420724,66.80084228515625,2460100
2016-08-08,66.97991378340872,67.35509918670238,66.86053572250395,67.29541015625,2698600
2016-08-09,67.36361149176955,67.78996346323645,66.84346156613076,67.26981353759766,3067900
2016-08-10,67.34658582415466,67.52565293942834,66.50240391635654,66.63883972167969,1780500
2016-08-11,66.75818650395236,66.9116734601814,66.44268373125539,66.50237274169922,2773000
2016-08-12,66.5024013832089,66.70705508339815,65.51326785476232,65.6582260131836,3812300
2016-08-15,65.78612622164229,67.06518244174312,65.62411035196561,66.74967956542969,2667300
2016-08-16,66.67294867301048,66.86906701114091,66.28922784975208,66.63883972167969,1947400
2016-08-17,66.5109128521747,66.77524901376464,65.86285598229917,66.02487182617188,2764600
2016-08-18,65.79466690974766,66.22954141869677,65.42800380052824,65.60707092285156,4041200
2016-08-19,65.60704925534301,75.11469385569916,65.60704925534301,74.45811462402344,23735600
2016-08-22,74.10000364302496,75.40464015774309,73.84418975536292,75.00386810302734,7998100
2016-08-23,75.37902769714887,75.57514595526132,74.40694575049997,75.11468505859375,5280000
2016-08-24,74.91855723655935,75.40459814783699,74.48367647206447,74.54336547851562,3796000
2016-08-25,74.43253326416016,74.78213852275964,74.12555930237683,74.43253326416016,3044600
2016-08-26,74.46664552043539,75.02942680501786,73.835639845556,73.96354675292969,3031600
2016-08-29,73.89532973459022,74.22788376501384,73.63098707802692,74.12555694580078,2007600
2016-08-30,74.18525597276914,74.22789377959757,72.91472869779648,73.09379577636719,2918900
2016-08-31,72.8976677580701,72.8976677580701,71.55892265345628,72.09613037109375,4440300
2016-09-01,72.05350511082666,72.32637019540039,71.09847406201023,71.24343872070312,2996600
2016-09-02,71.58450130830624,71.789154961242,71.40543424119909,71.6697769165039,2071200
2016-09-06,71.56745496255813,72.1728740894102,71.47365699164708,72.02791595458984,2906700
2016-09-07,71.79768255473053,71.96822727795043,71.43101953182774,71.64419555664062,2186600
2016-09-08,71.5162897726537,71.61008773697286,70.98761092881989,71.26900482177734,2234600
2016-09-09,70.94500725157492,71.08144308552922,70.10083167224327,70.11788940429688,3112100
2016-09-12,69.93879542841196,71.33723629771796,69.72561937900059,70.85118865966797,3635300
2016-09-13,70.26280617114004,70.52714231154847,68.94111245786833,69.14575958251953,3166300
2016-09-14,69.0178572229168,69.42715146052055,68.51475852824454,68.70235443115234,2452900
2016-09-15,68.88141894637639,69.73412283331962,68.58297388706913,69.58916473388672,2149400
2016-09-16,69.23956136317729,69.98141617625684,68.804687012462,69.87908935546875,3596000
2016-09-19,70.16905102838102,70.52718534142839,69.82796794211833,70.01556396484375,2073700
2016-09-20,70.43335131770101,71.08140819968867,70.14343507126324,70.32250213623047,1918200
2016-09-21,70.63799644186423,70.93644804722071,70.20312208464786,70.81707000732422,2020100
2016-09-22,71.10700208039809,71.83179934278022,70.9364638441729,71.76358795166016,2790600
2016-09-23,71.43100161501592,71.7550332550499,70.92790944534222,71.06433868408203,2561300
2016-09-26,71.00466214705268,71.4821808305726,70.94497312481464,71.26900482177734,3409600
2016-09-27,70.96202812639633,71.24342200855888,70.60389400670688,70.81707000732422,2797900
2016-09-28,71.0489909924429,72.2944070779657,71.03180913372779,72.22569274902344,3389500
2016-09-29,72.22568268401244,72.92999462808257,71.69316309131692,72.02813720703125,2725500
2016-09-30,72.33733443067275,73.42814623978899,72.30297727605277,73.30789947509766,3157800
2016-10-03,72.67230849702105,73.69441254985452,72.35450973150414,73.30789947509766,2679600
2016-10-04,73.4797275360135,74.0723707736439,72.7067074945815,72.74964904785156,2126300
2016-10-05,73.00728772075341,73.67723590077651,72.5864240146031,73.11035919189453,1782800
2016-10-06,73.1189799947503,73.88340909925648,73.05027219938326,73.25640869140625,2029200
2016-10-07,73.24777974550362,74.44166307801687,73.11035767312788,74.12387084960938,2922700
2016-10-10,75.08585743966832,76.73496189880184,74.98279250657161,75.14598083496094,3719800
2016-10-11,74.87972226995406,75.40365753180006,74.35578700810805,74.76806640625,2008100
2016-10-12,74.83675701928105,75.25762724980999,74.3815361869953,74.67356872558594,2167700
2016-10-13,74.2527065606707,74.52755727528105,73.9692714711673,74.1582260131836,2437100
2016-10-14,74.62202768326536,74.97418359476848,74.15821593670266,74.20975494384766,1800700
2016-10-17,74.2355250465771,74.49320043688347,74.12386920568827,74.26988220214844,1118700
2016-10-18,74.82818998103548,74.82818998103548,73.70301420058848,74.39014434814453,1882000
2016-10-19,74.2956583931451,74.66498967386521,73.82325563188978,74.3471908569336,1915300
2016-10-20,74.20116399460478,74.25269644877707,73.29072235512353,73.9606704711914,1951800
2016-10-21,73.3938157155446,74.29567333091879,73.23921174013645,74.23554992675781,1394900
2016-10-24,74.56191829652245,74.88830804218995,74.02080776711968,74.46743774414062,1323400
2016-10-25,74.14963975668462,75.14597111450522,74.05515921159503,74.31282806396484,2039000
2016-10-26,73.76314517636585,75.12881468289561,73.53983342547926,74.75948333740234,2192600
2016-10-27,75.14596131396875,75.2404418467362,74.45883791097279,74.72509765625,1998000
2016-10-28,74.8796999351142,75.24044020528893,74.44165443392673,74.87110900878906,2483100
2016-10-31,75.51532314139479,76.31410925410596,75.41225819327694,75.84171295166016,2536400
2016-11-01,75.68707343706691,75.9533331652931,75.05147597497862,75.66130065917969,2998300
2016-11-02,75.46378298507635,76.1766793841295,75.45519205595457,75.7214584350586,3101700
2016-11-03,75.69569335356059,76.08220656788123,75.4723815973322,75.84171295166016,2201100
2016-11-04,75.81593691586964,76.03925521549698,75.30918346809297,75.63556671142578,1974200
2016-11-07,76.44295501708984,77.1129034620244,75.78159750305349,76.44295501708984,2572300
2016-11-08,76.26258501812217,76.9239425341716,76.10798102628512,76.43436431884766,1915300
2016-11-09,76.90674607701793,79.86998079392687,76.58894724980965,77.39632415771484,7834700
2016-11-10,77.80858799808946,78.87364021614121,77.26747751445184,77.90306854248047,3479300
2016-11-11,77.70553251704641,78.28959115651227,77.03558425032703,78.24664306640625,3176800
2016-11-14,78.1350058003988,79.01968162226137,78.1350058003988,78.69329833984375,2727800
2016-11-15,78.45277171344688,78.64173280646745,78.02331706674846,78.37547302246094,2368400
2016-11-16,78.0404989222728,78.60737564837662,77.94601837576252,78.37547302246094,1725500
2016-11-17,78.39265074774418,79.05401459375553,78.1521571866339,78.82210540771484,1954200
2016-11-18,78.75339552987626,79.18285017832719,78.61596689695217,78.98529815673828,2398500
2016-11-21,79.23438040639296,79.3632181078892,78.44418544822062,79.27732849121094,2756100
2016-11-22,79.66379659177268,79.99877052220792,78.88218638545409,79.02820587158203,5414000
2016-11-23,85.4872556013165,88.03821768917382,84.66270332443641,87.75477600097656,20485400
2016-11-25,87.33388076811923,90.03944584340275,86.57804309133309,89.2578353881836,6584700
2016-11-28,88.88849937919875,89.07746042638743,87.34246695784422,87.3510513305664,4903500
2016-11-29,86.50072081220692,86.84428570773915,85.75346765589596,86.19151306152344,5902400
2016-11-30,86.37193682464643,87.67748292828163,86.06272888183594,86.06272888183594,5146400
2016-12-01,86.70689252790349,88.50201639964762,86.01976900926454,88.2099838256836,6152300
2016-12-02,87.64310256292897,87.99525195555165,86.83572575341901,87.17929077148438,3282400
2016-12-05,87.88359208372128,88.08972846393428,86.78418931864212,86.99891662597656,3462100
2016-12-06,86.61242134035287,88.46766880240604,86.45782393814049,88.05538940429688,3039300
2016-12-07,87.99525614702043,88.66521091299073,87.63451580969965,88.347412109375,4921100
2016-12-08,88.0983093710497,89.98790683949335,87.86640678880556,89.2578353881836,4334100
2016-12-09,88.6652090061665,89.17196234251067,88.26152059086436,89.00018310546875,3164300
2016-12-12,88.47624995224793,89.02595138699729,87.89219135870697,87.96949005126953,1712500
2016-12-13,87.77194962240422,87.96091073013581,86.91304026213945,87.03328704833984,2605900
2016-12-14,86.99894877368985,87.16214368451391,86.1915717028253,86.36335754394531,2140800
2016-12-15,86.36335019404686,87.46275327181172,85.93389545723501,87.09342193603516,2751000
2016-12-16,86.66394826860672,88.02961088793667,86.66394826860672,87.4026107788086,3717800
2016-12-19,87.17931185025166,88.4676760647874,87.09342221320779,87.82349395751953,1849000
2016-12-20,88.26154932692667,89.4124850063347,87.84926984965573,89.01738739013672,2093100
2016-12-21,88.93146549102354,88.93146549102354,88.20997830569999,88.54495239257812,1907500
2016-12-22,88.47624463208442,88.75109533293205,88.24433546242564,88.54495239257812,1858600
2016-12-23,88.46767587947599,88.73393571964202,88.25294851083649,88.57074737548828,1003800
2016-12-27,88.56213775185569,89.42963797287238,88.56213775185569,89.24067687988281,1752700
2016-12-28,89.37024347851114,90.13047791987685,89.1110780388789,89.335693359375,2745300
2016-12-29,89.18887213614934,89.79360499222653,89.00745425663277,89.16295623779297,2130300
2016-12-30,88.99012110586314,89.39615415782794,88.79142169644844,89.01603698730469,1793900
2017-01-03,89.56896613132182,90.5106120108012,89.37026664418218,89.88861083984375,3379100
2017-01-04,90.1391446079925,92.00516808207965,89.93181086343424,91.41771697998047,4439000
2017-01-05,91.26221188998359,91.78919035719834,90.74387425087649,91.01168060302734,2328300
2017-01-06,91.40042811719631,92.22112873416026,91.06350836151469,91.99651336669922,2633300
2017-01-09,91.52139023242485,91.8410283929293,90.57973763523927,90.87346649169922,2195000
2017-01-10,90.70927947936528,91.01164242609292,90.38963488367155,90.61425018310547,1745100
2017-01-11,90.79569918486254,91.42634776871009,90.68339479202183,91.32267761230469,1235300
2017-01-12,90.84755167530895,91.08080132469037,89.8367856185996,90.85618591308594,2166000
2017-01-13,91.19308519648874,91.57320248574456,90.6747476326979,91.39178466796875,1360500
2017-01-17,91.3226802042946,91.3226802042946,89.93180354039107,90.1391372680664,2438800
2017-01-18,90.67477363048054,91.27086562480913,90.23418360897587,90.91666412353516,1941200
2017-01-19,91.08079447041516,91.31404410224339,90.64020450916102,90.72659301757812,1526100
2017-01-20,91.115338521617,92.46301752037542,90.74386205516183,92.21248626708984,2843900
2017-01-23,92.25569112112807,92.69628105602666,91.96196230085556,92.54077911376953,2073100
2017-01-24,91.89283616958924,93.30098759102023,91.89283616958924,93.01589965820312,2277800
2017-01-25,93.14551050054126,93.70704568998188,92.93817676280128,93.35284423828125,2181200
2017-01-26,93.25777029060464,93.37008122937937,92.376597383468,92.9813232421875,1560000
2017-01-27,93.12822223354563,93.2923583984375,92.52348958025107,93.2923583984375,1220700
2017-01-30,93.06772346124522,93.06772346124522,91.96192861523545,92.48890686035156,2420700
2017-01-31,91.84099636442497,92.56667412829678,91.26218627307524,92.48028564453125,1645800
2017-02-01,92.6962898590774,93.18007079603359,92.13475464809842,92.56670379638672,1375100
2017-02-02,92.5666880638443,92.93816453187729,92.10882309904032,92.80857849121094,1167600
2017-02-03,92.87769098174041,93.37011265845555,92.6789915092674,93.2923583984375,1895100
2017-02-06,93.09367871386144,93.43059850932167,92.82586577030074,93.35284423828125,2022300
2017-02-07,93.72428628312532,94.07848760454964,93.36145072777718,93.9575424194336,1755900
2017-02-08,93.54289379139777,93.77614999075844,93.08502881097428,93.65520477294922,1605900
2017-02-09,93.65521062105923,94.3290501883643,93.37875685906693,94.2685775756836,2715500
2017-02-10,94.38087244176687,95.36571580083415,94.29448394537881,95.23612976074219,2757800
2017-02-13,95.00289531756177,96.91210973370688,94.6141371352658,95.6767349243164,2704100
2017-02-14,94.92514612970116,95.39165201883388,94.21674976272658,95.07201385498047,3521100
2017-02-15,94.23402085543457,94.74371764931183,93.56881552492639,94.2685775756836,5231900
2017-02-16,94.29449251368557,94.51046706979065,93.26645151749882,94.311767578125,4757900
2017-02-17,96.55791724820173,96.89484367391533,93.11096462118599,95.26206970214844,6717800
2017-02-21,95.23614809518983,95.2620639899935,93.77616442940871,94.69189453125,3355000
2017-02-22,93.99212826640719,94.95969004728654,93.90573317223985,94.7264404296875,4206300
2017-02-23,94.64004336616975,94.76962281365945,92.19521006122848,93.0677490234375,4170700
2017-02-24,92.67035631153168,93.87981510056831,92.50622013666953,93.83662414550781,2166400
2017-02-27,93.86252353635041,94.8041692379883,93.78476928527793,94.60547637939453,1835200
2017-02-28,94.08715511811147,95.56442023336902,94.08715511811147,94.58821105957031,2812500
2017-03-01,95.6508145502363,96.56654457898378,95.64217372231778,96.082763671875,2859800
2017-03-02,95.6939997760201,96.09139874422283,94.49318181707136,94.63140869140625,2348400
2017-03-03,94.52774231749639,95.90134392431843,94.04396142000958,95.74584197998047,1886800
2017-03-06,94.9510518475433,95.94452947879816,94.77826825744069,95.75447082519531,1688700
2017-03-07,95.74583309416532,95.84949665342306,95.04607111407661,95.23612976074219,1640000
2017-03-08,95.40893670393811,96.16052405665042,95.15840538936021,95.43485260009766,1892600
2017-03-09,95.49532675293436,95.80633069387923,94.00077967055921,94.66598510742188,2125600
2017-03-10,94.88195385315167,95.02881498537491,94.06124649639258,94.95970153808594,1876800
2017-03-13,95.1756563732539,95.6076054426698,94.46726016305261,94.92512512207031,1450700
2017-03-14,94.42406009949038,94.67458473548044,93.85388421918974,94.34630584716797,1504100
2017-03-15,94.67459149813094,96.16913814090196,94.31175587075978,95.71127319335938,2580000
2017-03-16,96.06547331742651,96.1259459253394,95.39163380324878,95.6594467163086,1378900
2017-03-17,95.66806509176415,95.98770973260734,95.22748184616535,95.41753387451172,4122200
2017-03-20,95.4261887124259,96.05683726101205,94.94240785829065,95.78902435302734,1360200
2017-03-21,96.1173280646403,96.31602098548234,94.28586126993666,94.69189453125,2261800
2017-03-22,94.76962077925212,95.23612655325977,94.25128322736127,94.83009338378906,1650600
2017-03-23,94.90783725781878,95.64214925857512,94.38949976263896,94.62274932861328,1046500
2017-03-24,94.62276883981048,95.23613577120162,93.59472787215844,94.14762878417969,1844700
2017-03-27,92.9640918497641,93.29237081425663,92.37664077207916,92.5753402709961,3473100
2017-03-28,92.70488003564053,93.76747733544666,92.70488003564053,93.5860595703125,1864900
2017-03-29,93.51658997628181,94.1073127707221,93.26466339638671,93.97700500488281,1615000
2017-03-30,94.10731559716676,95.06289486247461,94.03781723626804,94.83702850341797,1091300
2017-03-31,94.51561330611628,95.44513237373577,94.15075021320506,94.56773376464844,2257900
2017-04-03,94.66327928393633,94.91520584493142,93.79456974715097,94.49822235107422,1642000
2017-04-04,94.6285691453733,95.2366634208962,94.25502362534337,95.12373352050781,1266700
2017-04-05,95.55805686409468,96.4615156515917,94.62853784879853,94.90652465820312,1322800
2017-04-06,95.22795830930494,96.33121669599254,94.86309520355921,95.94029998779297,1616300
2017-04-07,95.88817637243473,96.28778204774386,94.94128596027966,94.96734619140625,1334700
2017-04-10,95.08027292086422,95.74049414103844,94.84572422076137,95.23664093017578,1040200
2017-04-11,95.57543030793099,96.75687593163062,95.01077435219989,96.56576538085938,2846700
2017-04-12,96.41806840694906,96.6004966120287,94.93257591324819,94.9933853149414,2088200
2017-04-13,94.77623525095825,95.18452990617921,93.78590663638089,93.8206558227539,2341200
2017-04-17,94.15944321470916,94.68066770563127,93.60346954069503,94.51561737060547,1981400
2017-04-18,93.83801952675283,94.5851104041378,93.67296918946714,94.22894287109375,1690500
2017-04-19,94.51561774158544,94.68066807725907,93.72508873552965,94.01176452636719,1458200
2017-04-20,93.82064696422333,94.81966443799928,93.17780364634369,94.51561737060547,2014000
2017-04-21,94.72411570220943,95.09766117467335,92.98669613311769,93.42105102539062,2025100
2017-04-24,94.69803239313343,96.07058848117747,94.63722298814241,95.77523040771484,2711400
2017-04-25,97.0175054902161,99.14584173419517,96.92194688715783,98.29450988769531,3326100
2017-04-26,98.2423670122228,98.84177876642806,97.72983152155271,97.77326965332031,2208100
2017-04-27,97.72983396562792,97.88620196508207,96.0271638758653,96.58313751220703,2635100
2017-04-28,96.42677449216096,97.17386534727349,95.41906808192401,96.9566879272461,2297700
2017-05-01,97.5126850351305,97.98178917049354,97.23469813577432,97.26944732666016,1808400
2017-05-02,97.53873900486113,98.11209067604594,95.92293818499671,96.36598205566406,2653300
2017-05-03,95.85342328448728,96.42677485683781,95.37563693525742,96.24434661865234,2013100
2017-05-04,96.44414223202745,97.37366129054111,95.92291776862581,97.32154083251953,3691000
2017-05-05,96.94797433863548,98.28578770137169,96.7568571971407,98.25972747802734,1505800
2017-05-08,98.11207888759229,98.27712922920175,97.48660682244481,97.8514633178711,1460400
2017-05-09,98.12944266728643,99.06765069331335,98.0251951218183,98.66804504394531,2059700
2017-05-10,98.59856015087051,99.18059411352891,98.45088107874459,98.64199829101562,2164900
2017-05-11,98.55511660063998,99.14583948444617,97.54741675634075,98.57249450683594,1627000
2017-05-12,98.19891808098149,98.32053687507322,97.61688433386718,98.25972747802734,1421400
2017-05-15,98.70280099129168,99.00684806842018,98.39874728643399,98.85916900634766,2527900
2017-05-16,99.11975883234832,99.866849579357,98.88521016885859,99.72785949707031,3202000
2017-05-17,99.72787232381454,99.72787232381454,98.20763040807181,98.36399841308594,2769900
2017-05-18,97.46054836372664,98.61592728692501,96.53102920215025,97.87752532958984,3278700
2017-05-19,104.5665853625884,106.19106820372185,103.37645072872076,105.0270004272461,11097700
2017-05-22,106.05206916285681,106.41692560284034,104.34939914853875,105.73064422607422,4423500
2017-05-23,105.86096368929373,106.54724514189733,105.13993305365246,106.09551239013672,3719400
2017-05-24,105.94782984926256,106.6949206906841,105.8001507970052,106.66017150878906,1990100
2017-05-25,106.85128912339236,107.22483454559955,106.03469991490948,106.35612487792969,2792200
2017-05-26,106.6775427116257,107.3638174708194,106.2953083625227,106.66885375976562,2132000
2017-05-30,105.98259155164071,106.5472542256175,105.8522837610723,106.20845794677734,3261600
2017-05-31,106.89472138242634,107.03371147519499,106.07813221882708,106.3821792602539,2341900
2017-06-01,108.80588745767888,109.4400484404992,107.82424790492135,108.32809448242188,4198000
2017-06-02,109.36185264422299,109.45741123186592,108.10222635653494,108.5105209350586,2428400
2017-06-05,108.26728832797374,109.83965740349085,108.26728832797374,108.8753890991211,2098400
2017-06-06,108.41494847903557,109.24021985467972,108.27595177743413,108.63212585449219,2051300
2017-06-07,108.63217158277777,109.1707674588844,108.4063051614616,108.84066009521484,2144800
2017-06-08,108.84064485428168,109.70935460014292,108.7277149733023,109.45742797851562,2267000
2017-06-09,109.69197305038804,110.36088324401247,108.8667014703222,109.41398620605469,2395400
2017-06-12,109.36186937625254,109.804913202406,108.05880475746069,109.45742797851562,1997300
2017-06-13,109.4574167890858,110.0220793917181,109.4574167890858,109.82227325439453,1171200
2017-06-14,109.82226655356666,109.9352030438395,109.40528965514967,109.8309555053711,1836700
2017-06-15,109.19678344011913,109.93519183042795,108.94486351304091,109.77882385253906,3859900
2017-06-16,109.96125955909196,111.37726040763641,109.91782142926458,111.10795593261719,4207100
2017-06-19,111.51625314515566,111.51625314515566,109.89177034698996,110.31743621826172,2089800
2017-06-20,110.00469245670094,110.39561574692236,109.49215698242188,109.49215698242188,2204300
2017-06-21,109.71804848053142,109.80491813347277,107.8329432102828,108.3976058959961,1850600
2017-06-22,108.5713382659708,108.82325823970984,107.294333981305,107.59838104248047,1979900
2017-06-23,107.55493340858193,108.12828492564338,107.15532778808226,107.37250518798828,7209800
2017-06-26,107.86768380378903,108.17173087872686,106.19107378744143,107.15534210205078,1714400
2017-06-27,107.66786550893448,107.95453462805017,105.93044638051651,105.9825668334961,1465800
2017-06-28,106.73336276921714,107.96429369865733,106.07861043257219,107.7896957397461,2375100
2017-06-29,107.71111962572274,107.73731531341967,105.563532808043,106.42781066894531,1817800
2017-06-30,107.02145181540345,108.54920731154313,106.73336584095743,107.89445495605469,2305600
2017-07-03,108.4182561491062,109.56188806850592,108.06905358013746,109.08173370361328,1681900
2017-07-05,108.90714905255493,109.88491503300607,108.34842753815022,109.64920043945312,2293000
2017-07-06,109.3785535819349,109.5356943982855,108.8547530809278,109.20394897460938,1851900
2017-07-07,109.23888462091634,110.71426211438785,109.16904942905744,110.55712127685547,1584600
2017-07-10,110.61822815593146,112.1809045911284,110.58330723073044,111.86662292480469,3103800
2017-07-11,111.75313062471648,112.44281058646807,111.15076296854878,111.79678344726562,1834800
2017-07-12,112.44280786668978,112.61740583169203,107.78096760369289,107.79843139648438,4848200
2017-07-13,107.89445486760262,109.16904531313567,107.5976369970575,108.61904907226562,2894800
2017-07-14,108.70634101151244,109.80632676150346,108.48809024066813,109.53569793701172,1777000
2017-07-17,109.52697126744769,110.01585088611118,109.13412252537672,109.89363098144531,1573400
2017-07-18,109.90235212950476,110.38250646550962,109.42219779349989,110.07695007324219,1869400
2017-07-19,110.30394100403076,110.64441168220176,109.86743945145408,110.2690200805664,1474300
2017-07-20,110.21665385078204,110.62696641990426,109.4309496397486,109.64920043945312,2074100
2017-07-21,108.89842384666339,110.08570880284505,108.78493582161892,109.78015899658203,1455800
2017-07-24,109.9285347382001,110.56582985056191,109.7364730150093,110.47853088378906,1291200
2017-07-25,111.68328588989036,112.3991481593206,110.70552002851622,111.65709686279297,2128000
2017-07-26,111.78805867452706,111.90154002845985,110.87140268107979,111.58726501464844,1959300
2017-07-27,111.86662117560378,112.20709186538312,111.15075887139011,112.12852478027344,1472900
2017-07-28,112.12852109256919,112.63486449268562,111.79677564950009,112.53883361816406,1261200
2017-07-31,112.54755965491196,113.08881732190302,111.87534352847543,111.98883819580078,1273300
2017-08-01,112.18965509324308,113.01901892794106,111.90156239081756,112.63489532470703,1592200
2017-08-02,112.66107695135963,112.975358667797,112.00632448552955,112.59996032714844,1513000
2017-08-03,112.56504003797828,113.19360343724352,112.47773438547998,113.0626449584961,1657600
2017-08-04,113.14996634139132,113.44678428759421,112.70473942208697,113.27218627929688,1214800
2017-08-07,113.64756146826666,113.92692891407702,113.1936093502843,113.45551300048828,1535200
2017-08-08,113.27215491842813,115.42847369237951,113.27215491842813,115.25387573242188,3955100
2017-08-09,114.62531867242784,115.67291981028905,114.52054923396187,115.59435272216797,1394200
2017-08-10,115.4633799986818,115.4633799986818,111.51740909540788,111.55233001708984,2991500
2017-08-11,111.68329388153735,112.1896306494501,110.42616720702738,110.6094970703125,2305700
2017-08-14,111.84047035979293,112.76585186762642,111.63967663954291,112.24205780029297,2146500
2017-08-15,110.68807847318922,111.81425342024603,110.1118931540265,111.02854919433594,2158300
2017-08-16,111.57854499643905,111.72696061323008,110.417455717747,110.54840087890625,1919400
2017-08-17,110.42616502594191,110.906319415885,107.90318649075452,108.23493194580078,4123300
2017-08-18,100.77073643504414,103.37228830252376,98.53585088909098,102.41197967529297,11364600
2017-08-21,102.55166982488406,103.35483103609336,101.29454329569752,101.7223129272461,4809100
2017-08-22,102.11519887824714,102.59534670547322,101.6088553567476,102.56043243408203,3052600
2017-08-23,102.18500863012501,102.25484381144823,101.22469995647866,101.66120147705078,2778200
2017-08-24,101.8270964535239,101.8270964535239,100.60489059655607,100.77949523925781,2738700
2017-08-25,101.33818762033742,101.49532842331716,100.44772084995752,101.128662109375,1861100
2017-08-28,101.65249631637647,101.73106340856215,100.49140044384681,101.23345184326172,1471500
2017-08-29,100.39534536489758,101.2159703192352,99.98503288772876,101.17231750488281,2578300
2017-08-30,100.76201779503619,100.95407954574745,100.36043716195137,100.82312774658203,1809800
2017-08-31,101.2247172650306,101.65249362388626,100.42155592836058,101.20726013183594,2067700
2017-09-01,101.2509250481199,101.84456755492481,100.75331343656921,101.3906021118164,1815500
2017-09-05,101.28582480289944,102.27232264722434,100.65726811561693,100.8580551147461,3225100
2017-09-06,101.1374279801386,101.95805318921114,100.5088645570606,101.46044158935547,3147900
2017-09-07,101.43424523220688,101.93185679612985,100.18585037387577,101.55646514892578,2881400
2017-09-08,101.40804389962398,102.94452456926547,101.18106122733042,102.40326690673828,3000600
2017-09-11,103.42468483203021,103.5294409479129,102.11518009961247,102.95326232910156,2759600
2017-09-12,103.45956250850314,104.10558270817215,101.92307573315806,102.3683090209961,3726300
2017-09-13,102.28104088566873,102.97943933177214,101.89691741099679,102.46437072753906,2562100
2017-09-14,102.46436878968969,103.65165345214423,102.27230705598606,103.33737182617188,1802800
2017-09-15,103.93974906486852,104.28021974794207,103.33738144276887,103.89610290527344,6627100
2017-09-18,103.88736496149792,104.81274608106033,103.78260219569499,104.66433715820312,2009700
2017-09-19,104.7603974673981,107.70242102738274,104.67309846827261,107.44924926757812,3947000
2017-09-20,107.46667371797886,108.34840866009228,107.30080766823342,108.20872497558594,2173300
2017-09-21,108.08651264098211,108.98570477630204,107.82461570494381,108.9333267211914,1742400
2017-09-22,108.75872808456835,108.96824696418744,107.62382138736848,108.03413391113281,1864300
2017-09-25,107.97302288442799,108.17381652657231,107.4754113874882,108.05158996582031,1605200
2017-09-26,108.25238072015841,108.62777230681706,107.53651846891223,107.62381744384766,1057900
2017-09-27,107.81588564049825,108.16508822163335,107.11748047822806,107.65874481201172,2517800
2017-09-28,107.8166323014878,108.98340460904497,107.36922211343051,108.48336029052734,2861100
2017-09-29,108.78165533627535,110.22037991979501,108.60620373069479,110.176513671875,3093400
2017-10-02,110.27301219227759,111.68541968030621,109.72910820837438,111.66787719726562,2628100
2017-10-03,111.58891150930825,112.54513405500406,111.39591743712177,112.37846374511719,1590000
2017-10-04,112.2117859672479,112.78200701254625,111.4310082776935,112.58023834228516,1400300
2017-10-05,112.49250027757387,112.66795186850624,111.95737091731537,112.29949951171875,1415700
2017-10-06,111.95737488256239,112.56268757785213,111.65032454798204,112.40478515625,1496400
2017-10-09,112.48373574256,112.92237142604024,112.06264254147726,112.85218811035156,988100
2017-10-10,113.15045990730086,113.15045990730086,112.25564603623617,112.51005554199219,1123200
2017-10-11,112.29948670516379,112.49248744900923,111.35203885190643,112.08894348144531,1868000
2017-10-12,111.93984727995291,113.4136637363833,111.71175480526529,112.7293930053711,2751500
2017-10-13,113.18558690319814,113.18558690319814,111.74685530477295,112.2118148803711,2023200
2017-10-16,112.55393933006891,112.83465925728473,112.03634564995401,112.04512023925781,1249300
2017-10-17,112.09775210358977,113.3610252155588,112.09775210358977,112.89607238769531,1777100
2017-10-18,112.75570244617272,113.44875441277316,112.51883539805986,112.9223861694336,1701000
2017-10-19,112.50128281733494,112.80831975837874,111.87841426854003,112.74691772460938,1637600
2017-10-20,113.16802095564094,113.31715550095585,112.40479905135271,113.29960632324219,1384900
2017-10-23,113.41365589306147,114.22952533044628,112.86097057696531,113.68560791015625,1337400
2017-10-24,115.36118048659253,116.11563436970543,114.29090838761614,114.94009399414062,3153800
2017-10-25,115.27344951783138,115.48399945988119,113.46627268672374,114.53654479980469,1498300
2017-10-26,114.84359034740493,116.48408341273426,114.5189908603205,115.9226303100586,1786900
2017-10-27,115.71211660548164,116.94907275191028,115.21207876324368,116.89643859863281,1658300
2017-10-30,116.56304125418696,117.34381222870454,116.06300354003906,116.06300354003906,2708100
2017-10-31,116.93150951175448,117.10697451638342,115.96651891679758,116.57183837890625,1319800
2017-11-01,117.44033549240582,118.19478954400229,116.89643142710415,117.79125213623047,1558000
2017-11-02,117.61581295287658,118.46675411220322,116.83502835753603,117.94039916992188,1641000
2017-11-03,118.07193764531836,118.45793914794922,117.72103448988885,118.45793914794922,1056500
2017-11-06,118.44042152213297,119.15979058430108,118.13338452587412,118.70360565185547,2432000
2017-11-07,118.9053793402694,119.91424964885722,118.9053793402694,119.05452728271484,1234200
2017-11-08,119.08957825212293,119.20362780398192,118.0105383077801,118.11580657958984,1271200
2017-11-09,117.55437710363354,117.72982872059801,114.72079400066151,115.16819763183594,2879200
2017-11-10,115.45769055399384,116.27354653818861,115.11555524028324,116.00159454345703,2990800
2017-11-13,115.361178887463,116.83498828366398,115.03659278174928,115.72086334228516,1820300
2017-11-14,115.8437014452176,116.67710667280325,115.42261488352915,116.57183837890625,1591300
2017-11-15,116.05423317854434,116.69465096923074,115.23837716276836,116.03669738769531,1764800
2017-11-16,116.47533183360883,118.66851041471715,116.35251436851075,118.08950805664062,2065800
2017-11-17,117.56311079254307,119.75628883171063,117.34379298862632,119.10711669921875,1965000
2017-11-20,119.46679648944523,120.90553423935141,119.43171152812681,120.11598205566406,2564500
2017-11-21,121.55470878016628,123.1337997921108,121.01957275351002,122.1424789428711,5917200
2017-11-22,127.66932575546025,128.0816444488893,124.88837658848433,127.42369079589844,8094200
2017-11-24,128.19569837125945,129.75724068965565,127.63424510381479,127.64301300048828,1964900
2017-11-27,127.86232448469922,130.56432238202876,127.48510415511578,130.51168823242188,3880800
2017-11-28,129.88004132573548,131.42403426439827,129.15190441323483,131.04681396484375,3992800
2017-11-29,130.6433157226104,130.8889507573633,129.1080900623522,130.22222900390625,2421800
2017-11-30,130.6696359676526,132.24872793363355,129.8362304091394,131.46795654296875,3726400
2017-12-01,131.81005324089998,132.0206032364545,128.89750520652095,131.53810119628906,2022500
2017-12-04,133.33650159632637,133.94180769377644,132.397814655492,132.44168090820312,1893800
2017-12-05,132.178466796875,133.81895986458136,131.81878234676998,132.178466796875,1802600
2017-12-06,132.0556547339099,132.80134073296549,131.08188300373186,131.1082000732422,1411100
2017-12-07,130.85385225153092,132.88911567001512,130.71348556443434,132.5645294189453,1434300
2017-12-08,133.17856004201687,133.7487944449259,132.51183864231996,132.97679138183594,1084000
2017-12-11,132.29253926105622,132.97680993111908,132.08198929099834,132.7574920654297,1537200
2017-12-12,132.67853822591465,133.09085687615502,131.93285214285868,132.52940368652344,1699200
2017-12-13,133.06453979815868,134.52081375667603,132.69608736035934,133.30140686035156,1608200
2017-12-14,133.66984033186424,133.8540732176739,130.98539196157625,131.0994415283203,1420300
2017-12-15,132.1170892113346,133.34526391930913,132.07322296045686,132.35394287109375,2555900
2017-12-18,133.78389555792302,135.6875729900218,133.71371223588852,135.1348876953125,1985100
2017-12-19,135.3980565702226,135.95950969721903,133.36279400464744,135.5208740234375,1841200
2017-12-20,135.9244438640137,136.1876279825444,135.09980653946428,135.4243927001953,1430000
2017-12-21,135.95950331449154,137.1175078642386,135.31909900894235,136.73150634765625,2315600
2017-12-22,136.9070039138891,138.6966454761935,136.07359857013762,138.19659423828125,1714700
2017-12-26,138.56502585070808,139.27561359881886,137.5649369114966,139.266845703125,2407200
2017-12-27,139.15279126647795,139.57389119487465,138.8018880455805,139.11770629882812,1781500
2017-12-28,139.55800903433354,139.71652461760124,138.5189035765681,138.8711395263672,1237600
2017-12-29,139.09126711767018,139.12649876892843,137.78797819681253,137.8231964111328,1258200
2018-01-02,137.9640989644387,139.18813685041079,137.85843088237837,139.14410400390625,1897600
2018-01-03,139.0384641262594,140.10400010528855,138.81831328601663,139.77816772460938,1392300
2018-01-04,140.1920459388669,140.98459698949608,138.56293785807523,140.5795135498047,1747000
2018-01-05,140.7203967737697,141.31039931676807,137.89365453475017,141.17831420898438,1574400
2018-01-08,140.94060108176373,141.93567395767312,139.92789893553913,141.87403869628906,2711800
2018-01-09,142.66655025623396,146.16254678653974,142.2350631951405,145.8279266357422,4345200
2018-01-10,146.83176180902984,148.32878435165298,144.5069702246087,145.24667358398438,5473700
2018-01-11,145.41404330185313,147.54510191097236,144.21642214399904,147.46585083007812,1958200
2018-01-12,148.33764807651986,150.34542286230482,147.90616098679328,149.08616638183594,2316500
2018-01-16,149.8346607756742,150.23974424554933,146.49717985448606,147.53628540039062,2046100
2018-01-17,148.46974042247507,148.5049586466496,146.52360097252551,147.43942260742188,1960400
2018-01-18,147.02550059239664,148.33759062161062,146.40906766821774,147.85325622558594,2185900
2018-01-19,148.4080421207112,149.9843292236328,148.02057459961458,149.9843292236328,1613900
2018-01-22,149.7025673596976,150.05480331988537,148.57539616276807,150.03720092773438,1401000
2018-01-23,149.61444584532273,149.78176256693234,148.3199583472158,148.5225067138672,1365000
2018-01-24,149.44720870821132,150.08123079330008,147.99420503816634,149.350341796875,1448700
2018-01-25,150.583155661477,150.93539158649426,146.98149159595974,148.93643188476562,1651300
2018-01-26,149.26222814082217,151.42851771812718,148.9452104816297,151.01463317871094,1554500
2018-01-29,151.01464284735957,151.4197127819117,148.6105865125072,148.98043823242188,1487600
2018-01-30,147.7211427231529,149.17413219483635,146.9021884412419,148.39039611816406,1712700
2018-01-31,149.19175087904057,150.21325353071467,146.32099008582,146.54994201660156,1969800
2018-02-01,146.17134250715173,148.28478499313644,144.64788916625696,147.80926513671875,1721300
2018-02-02,146.7613663593334,147.87972300647297,145.0529936077135,145.26434326171875,2568700
2018-02-05,143.62640873485824,146.23298707127424,138.22830601322673,138.2723388671875,3549600
2018-02-06,135.5688574929805,142.886667802303,133.36734953292256,142.5520477294922,3377400
2018-02-07,141.92684514146387,144.55985408494968,141.69789309996386,142.16461181640625,2378800
2018-02-08,141.9532340804342,141.97084990689214,135.26945897361355,135.31349182128906,3051300
2018-02-09,136.85456878615244,138.38681000361768,130.8576621691087,136.43186950683594,3895300
2018-02-12,138.02577532752454,141.21355518729652,137.29487292711866,140.20086669921875,2343100
2018-02-13,139.15289808780386,142.31425982071926,138.747814771491,142.04127502441406,1795900
2018-02-14,140.8613010627282,145.19386741816456,140.68516966407648,143.78489685058594,2854000
2018-02-15,145.2995126261656,147.43057053225027,143.5295052187442,146.89340209960938,3026200
2018-02-16,145.96875493223624,154.33448380416291,142.6664935354231,149.20938110351562,6626900
2018-02-20,148.8571349869229,149.66730162464998,144.1106850425821,145.0969696044922,3750400
2018-02-21,145.12344059835843,146.8670315390714,142.6313314052941,142.73699951171875,2753300
2018-02-22,143.53837219137807,146.00406470782107,143.32702251158815,144.55987548828125,1908800
2018-02-23,145.31715766967702,146.40909714205773,143.4238525471522,146.39149475097656,2038800
2018-02-26,147.10480021230455,148.21435565564852,145.85434500052096,147.46585083007812,1770000
2018-02-27,147.52748345334356,147.52748345334356,144.04910278320312,144.04910278320312,2281800
2018-02-28,144.348486087581,145.22908935563868,141.6626434326172,141.6626434326172,2781400
2018-03-01,141.55695023694378,143.4062221466958,137.14513348365273,138.08737182617188,3697000
2018-03-02,136.97783562081364,137.60305639174166,133.6579576690846,135.00527954101562,4169500
2018-03-05,134.32719375890008,139.34664228297174,133.0062890813943,138.73020935058594,3093400
2018-03-06,139.66364558809127,140.51783160003805,138.65975867384626,139.58438110351562,2394000
2018-03-07,137.40936394321852,139.41715228104871,136.47592638506222,139.0472869873047,2589100
2018-03-08,138.86232742796204,142.08533851963998,137.12753796567887,141.8299560546875,3508000
2018-03-09,142.65774352003461,147.95016484665817,142.41997685182443,147.8797149658203,3828000
2018-03-12,147.90610498507834,147.98535604049775,143.3621896905791,144.44532775878906,2260900
2018-03-13,145.26432488714144,146.45313126857656,141.4865292416848,142.05892944335938,2732300
2018-03-14,143.02753064974775,143.09798049873314,139.9278044790642,141.08140563964844,2243000
2018-03-15,141.70667028326912,142.3759239013572,140.1479988024612,140.54428100585938,1320700
2018-03-16,140.6499651160575,144.40133046918652,140.3417485754011,144.3132781982422,3818700
2018-03-19,143.23008222576865,143.47665000742705,138.9855824669896,140.48260498046875,2798600
2018-03-20,141.07264499711303,142.70176646562388,140.1744258749809,140.88772583007812,1499400
2018-03-21,139.91899398123363,141.2839311610617,137.1362855975859,139.17929077148438,2901100
2018-03-22,135.38394828293963,137.6999256897395,133.15602313884003,133.48184204101562,3768800
2018-03-23,133.64034814385673,135.37513767013553,129.97704873283115,130.32928466796875,2940600
2018-03-26,133.31448880953118,135.33106378508356,131.12178248287543,135.0316619873047,2463800
2018-03-27,135.8242868729839,138.24594646581411,132.88306100997897,133.9926300048828,2691400
2018-03-28,133.92184448242188,135.82264458705222,131.54364208754387,133.92184448242188,2655000
2018-03-29,134.73518959067144,137.76762258194663,133.95720026272465,137.31674194335938,3526700
2018-04-02,136.4857245694419,136.92776926516868,131.98569931444183,134.2224578857422,2150600
2018-04-03,134.99158699470954,135.45131717259378,132.40119853003898,135.30101013183594,1957400
2018-04-04,128.4758763586864,131.87077637148337,126.92871992945443,131.3491668701172,4478100
2018-04-05,132.54270540375566,135.46903969307075,132.00341023178783,133.79811096191406,2963400
2018-04-06,132.02103310204564,132.43655607770762,126.45126881328542,128.5377197265625,3294000
2018-04-09,129.66940697558744,130.3501596763795,126.18609214339506,126.38944244384766,3629600
2018-04-10,129.1212422455596,132.16251153197464,128.58194724430425,130.8540496826172,2597400
2018-04-11,128.43163526676506,129.23614614495725,127.52986055183116,127.67131805419922,2309000
2018-04-12,128.76759445909758,133.65660695488864,128.76759445909758,132.84324645996094,3258100
2018-04-13,134.12517181929095,134.38155173892514,131.7115987100338,132.59568786621094,2634900
2018-04-16,133.6477664467645,133.74501680106323,131.10158516340232,131.71160888671875,2608100
2018-04-17,133.2234592252108,134.514222440643,131.86195373535156,131.86195373535156,1957800
2018-04-18,133.13505697075334,134.12524655067006,132.09183766046985,132.4101104736328,2022000
2018-04-19,132.463110340929,133.0731341573511,129.5190911552397,130.9336395263672,2290300
2018-04-20,131.13693318092766,132.4984244110882,129.34223345065175,129.9257354736328,1896700
2018-04-23,130.18213485033817,130.68607217018283,128.47584916763037,129.1123809814453,1245200
2018-04-24,131.1192780230404,131.8619097753112,121.48271033583552,122.10157012939453,5467900
2018-04-25,122.06621096094909,123.68408244017148,120.32455403443791,122.00431823730469,3067300
2018-04-26,122.04855088297195,122.21653003636006,118.20275639163017,120.52791595458984,4071600
2018-04-27,120.85499340186455,123.71059779875114,120.52788470804835,121.61531066894531,2602000
2018-04-30,121.77450373213807,122.3933637407536,119.54659421098572,119.64384460449219,2533400
2018-05-01,119.13989645343787,120.43067306223803,116.85894391907172,119.67919158935547,2378800
2018-05-02,119.71454470167852,121.89824652246067,118.98958494378762,119.13104248046875,2585000
2018-05-03,120.23616418979361,121.49156957942975,116.04557537555392,121.00531768798828,3716900
2018-05-04,120.34223510655539,122.22534969354062,119.48466737850042,121.38546752929688,1934700
2018-05-07,123.77250214321671,125.33734398326439,123.12712073070695,123.96700286865234,1840900
2018-05-08,124.3471509402056,126.15953664917633,123.96699902780732,125.60256958007812,2189300
2018-05-09,126.61044010895392,128.66152035951362,125.62025087649118,128.33441162109375,2332600
2018-05-10,128.60850202418166,130.403202649228,127.79514129427052,129.61636352539062,2413800
2018-05-11,129.79312445969234,131.7292818343359,129.2096223897749,130.2440185546875,2487000
2018-05-14,131.15469151314545,131.39338598124922,128.89141090971052,129.74014282226562,3483900
2018-05-15,128.48471435871497,129.4748901717056,126.69884999017088,128.66152954101562,3135000
2018-05-16,128.74108458592275,130.49159118130336,128.74108458592275,130.27056884765625,1887400
2018-05-17,130.2263604818695,130.93363464104382,128.55543219451306,129.79315185546875,4095700
2018-05-18,129.51908596855816,138.89043819919624,129.17429167179665,137.25486755371094,7788800
2018-05-21,141.01228846657025,142.68321723857494,138.0063892808923,139.9779052734375,4922000
2018-05-22,139.98669348288468,140.93267548859478,136.94542419854102,137.1134033203125,2462000
2018-05-23,135.91107979752067,138.52799074444223,135.30990539182022,138.4307403564453,2005000
2018-05-24,140.16350276989758,140.2607531263163,137.86487883020288,139.84523010253906,2426800
2018-05-25,139.42091711137425,140.91503058544524,139.30599464500122,140.5702362060547,2096700
2018-05-29,138.8373790497755,140.47294966630125,135.71654487046226,137.0426788330078,3350500
2018-05-30,137.7234589407059,138.05056773342346,136.3354454636563,137.10459899902344,2870600
2018-05-31,136.96313336998347,137.09575487904152,132.1360126192763,132.18020629882812,4754600
2018-06-01,133.23225597779236,136.18511102799894,133.08196241429312,135.61045837402344,2655900
2018-06-04,135.91110363894197,136.2558980768445,133.65667224182337,133.97494506835938,1737000
2018-06-05,134.67335722863186,136.65372259559058,134.30204125172747,136.54762268066406,1872200
2018-06-06,137.15764534735945,140.18122983743467,136.83937258576546,140.17239379882812,2468100
2018-06-07,140.07512149244752,141.72836429220823,139.3943689024912,140.26077270507812,2192300
2018-06-08,139.80109650219154,140.2254557442978,137.96218846621503,138.9081573486328,1390300
2018-06-11,138.68711368264647,139.46511674902465,137.37866501748456,138.51913452148438,1925100
2018-06-12,138.4041767597691,140.21656244614783,138.4041767597691,139.32362365722656,2548600
2018-06-13,139.60654834678877,139.60654834678877,135.203773801751,135.56625366210938,2386100
2018-06-14,135.27449626098607,136.06133518281806,132.62222841344473,132.77252197265625,3072100
2018-06-15,131.34915592112588,132.7902123303677,128.80297437870578,131.50828552246094,5991000
2018-06-18,130.30594602520523,130.96901312557574,129.65171496305786,130.65957641601562,2947200
2018-06-19,128.1929783187491,128.1929783187491,125.13402269355255,125.78825378417969,3752500
2018-06-20,126.11536134287384,128.0603690282567,124.55053264618192,127.61832427978516,2609600
2018-06-21,126.84029106498113,127.14087818488179,124.39135996314263,125.54951477050781,2784400
2018-06-22,127.02595396357786,128.51123111720864,126.30984373366773,126.5750732421875,2315000
2018-06-25,125.30198896115202,125.469968108357,122.57899194521298,123.46308135986328,3705200
2018-06-26,123.79903965427326,124.77154340644216,122.64088467950276,123.46308135986328,1832500
2018-06-27,124.59471593641248,126.72537468395838,123.00336576675842,123.2243881225586,2433700
2018-06-28,123.13554681346437,124.81478856590712,122.00717683166343,123.87299346923828,1619900
2018-06-29,124.48601557317909,126.8049690755048,124.01511816395845,124.21058654785156,1906200
2018-07-02,122.66462761712857,125.56998661670124,122.50470631523845,125.4189453125,1867400
2018-07-03,125.9875707593463,126.16526560508701,124.2639022854411,124.60153198242188,1580700
2018-07-05,124.88581926543127,125.2678759965938,122.68237373620538,124.12171936035156,3014900
2018-07-06,124.32611732286169,124.65486709647831,122.52248779659638,124.37054443359375,2059600
2018-07-09,125.16126494740327,129.5148630547766,124.7170210726048,128.31539916992188,2149800
2018-07-10,129.1328535936977,129.97691455367334,127.75569436570997,128.4309539794922,1531900
2018-07-11,126.31629865729863,126.66280832891341,124.99244706202838,125.64993286132812,2396600
2018-07-12,125.99645072978805,126.86716496380572,124.90361454932982,125.09908294677734,1681700
2018-07-13,125.01023691408776,125.12574467210396,122.14930497240601,122.2381591796875,5103500
2018-07-16,122.28257023065467,122.55799925692222,120.3190063883894,121.07422637939453,3726400
2018-07-17,119.7059242534738,122.70901652178019,119.38606819201368,122.61128234863281,2704800
2018-07-18,122.43365288303903,123.93519981845459,122.06048953841379,123.6864242553711,2397700
2018-07-19,122.94008019025762,125.54335707936276,122.7446117457275,124.65486907958984,2303400
2018-07-20,122.75349402799584,123.66863549913013,121.36745504481186,121.87388610839844,2832100
2018-07-23,121.27857459626074,121.56289717605279,120.20349848263643,120.41674041748047,2789900
2018-07-24,121.60733695564814,126.15640431314092,120.23907152759836,124.24614715576172,5146300
2018-07-25,124.01513768619819,126.58286707091395,120.96761726285449,125.56111145019531,4371300
2018-07-26,126.1208538184044,128.1288451351107,125.56111566421802,126.81387329101562,3585300
2018-07-27,127.8089734048018,127.8089734048018,124.06843386155366,125.09908294677734,2321400
2018-07-30,125.88984416450593,126.71613134787054,122.47805411411593,122.78901672363281,2994500
2018-07-31,124.51268670247258,129.49710408109132,124.3882989458167,128.64414978027344,4856500
2018-08-01,127.58685849961353,128.79520249722611,125.4722531144794,126.08531188964844,2198500
2018-08-02,125.18789112145741,127.92443441870722,124.69923381182768,126.24519348144531,1343200
2018-08-03,126.29854281285094,127.94225076291285,126.17415505578805,127.37361907958984,1873700
2018-08-06,127.00045635801725,128.7063514153688,126.85829504725909,127.88005065917969,1472900
2018-08-07,128.39538533693118,130.94535490410235,128.39538533693118,129.8258514404297,1549900
2018-08-08,129.65704372229195,130.00356704760412,128.09330976644358,128.6619415283203,2329000
2018-08-09,127.54242699777139,127.9067102512141,123.18882862306748,124.23725128173828,3782500
2018-08-10,123.49981395522835,123.78413658116594,120.71884258324057,121.76726531982422,2413100
2018-08-13,121.72282105590239,122.01602363860012,120.48782363273457,121.64286041259766,2155200
2018-08-14,122.24707047521278,124.05959373270794,122.14933624508066,123.1888656616211,2808800
2018-08-15,121.95384135082354,122.09600266515658,118.01784655562754,120.56780242919922,2563100
2018-08-16,122.11378176493261,122.71794704241435,121.15421318547654,122.03382110595703,2996000
2018-08-17,119.21729561611767,126.51178697730313,117.56472119666103,124.91250610351562,8811200
2018-08-20,125.81876036419219,126.31631137277603,124.15729248397508,124.85919189453125,3509600
2018-08-21,125.03690359077059,128.28877269426323,125.01025003723787,127.79122161865234,1945200
2018-08-22,127.72010503537896,128.1288153366805,126.67169607195802,126.70722961425781,1277900
2018-08-23,126.35186917442947,126.44070982934169,124.29945075439188,125.43671417236328,1414700
2018-08-24,126.00531996039437,128.69743634699188,125.5255290566422,128.61746215820312,1945400
2018-08-27,129.0617612543331,130.85651080000252,129.0617612543331,129.89694213867188,1902500
2018-08-28,130.73208375205206,131.94042760438884,129.51485990304437,130.1634521484375,1535200
2018-08-29,130.48335317582902,130.59886095853435,129.42605024653048,129.7103729248047,1687800
2018-08-30,129.39047831043771,129.86137574405626,126.98267048804605,127.33807373046875,1491800
2018-08-31,126.72502771620586,128.08441305641853,126.33409088893576,127.76455688476562,1181300
2018-09-04,127.38251595926175,127.65794506088531,125.26792380894997,125.89874267578125,1698900
2018-09-05,125.3034226735057,128.91068066500583,125.3034226735057,128.72410583496094,2232100
2018-09-06,128.82183673338739,129.85247216371846,128.08439031420244,128.91957092285156,1446700
2018-09-07,128.91957704401204,131.80716221126647,127.96000865387015,131.16744995117188,3136300
2018-09-10,131.94042803875635,133.85067123729414,131.496184173306,132.0381622314453,1872100
2018-09-11,131.0519396939001,132.97995643405258,130.50108164164132,132.02928161621094,1152200
2018-09-12,131.9049142709972,133.18432540722688,130.2256727501188,131.3007354736328,1949800
2018-09-13,132.24252674725253,133.4153372026041,131.80717638263596,132.26918029785156,1502100
2018-09-14,132.29581920800547,133.31758824447283,130.4744301848081,131.28294372558594,2002200
2018-09-17,131.7449659647681,133.66410280919132,131.54061757290054,132.4202117919922,2131000
2018-09-18,132.82004213584932,134.04614604430233,131.39845627540677,132.4202117919922,1529700
2018-09-19,132.6867767352279,136.60501153946552,132.65124318522027,135.39666748046875,2373000
2018-09-20,137.04038458447047,139.28825798543747,136.13412309071006,136.88934326171875,2762200
2018-09-21,137.1558908216847,137.77784327927557,135.6365839049444,135.7698516845703,2514000
2018-09-24,135.1301070394638,135.36112254545512,133.00662172732046,134.65032958984375,1713500
2018-09-25,134.78361007051222,135.37001533108196,133.41534468643215,134.41932678222656,1400000
2018-09-26,134.188346023603,136.32960542864257,133.93069046021407,135.33450317382812,1784900
2018-09-27,136.02171640009888,137.4497714208796,134.77217847112223,134.96853637695312,1494500
2018-09-28,134.3705216941481,135.8074969020892,133.91532224621065,134.17416381835938,1737000
2018-10-01,135.41479394230095,136.0841921405582,134.04028868193902,134.647216796875,2670300
2018-10-02,134.88824410672316,138.30664022413941,134.23668652753318,138.1816864013672,2149200
2018-10-03,138.92244561092735,141.8231713798971,138.44940526734922,141.20733642578125,2973700
2018-10-04,140.9752733676713,142.18019570491896,138.95815814407914,141.2965850830078,3882500
2018-10-05,141.4661786585729,141.64468215391167,138.10133261471455,139.59185791015625,1948300
2018-10-08,137.28014373573743,138.70819829236666,135.72714904576102,137.28907775878906,2863700
2018-10-09,136.52155746181882,137.2087965750572,133.97783848333128,134.2812957763672,2107400
2018-10-10,133.879647833042,134.51335082511957,130.80933906370683,131.6126251220703,2861400
2018-10-11,131.00570160131113,134.77218358301408,129.86326298893079,130.72901916503906,3309500
2018-10-12,133.06744605139315,133.87965254538133,130.17565427253612,132.46945190429688,1881000
2018-10-15,132.13922410821357,133.97783588427836,131.70187899277425,132.49623107910156,1678300
2018-10-16,133.86180698394546,135.9503400524753,132.2820367848432,135.6290283203125,2124500
2018-10-17,134.87930953175245,136.09315249902318,133.37092963651037,135.3434295654297,1516000
2018-10-18,134.30811704501392,134.82578687504673,130.05075220622405,131.380615234375,2491800
2018-10-19,131.66616230684653,132.98710422680264,129.74721269865236,130.22918701171875,1901500
2018-10-22,131.0681641826242,131.15740909858386,128.81898256876033,129.8096923828125,1702300
2018-10-23,124.6151580770594,126.12353745502524,121.98219468436272,124.62409210205078,5166900
2018-10-24,124.64195028495374,125.27565329533421,119.2064396944873,119.5009765625,3731500
2018-10-25,121.05400084278428,123.44597772071027,119.89370765648611,122.08040618896484,1854400
2018-10-26,120.0454234359856,120.76837139065847,117.45708889869756,118.70662689208984,4771000
2018-10-29,120.8486935699982,121.1967801198997,114.52958599008534,116.52884674072266,3274800
2018-10-30,116.47530862672157,118.67094112650308,115.39534000267493,118.49242401123047,2347600
2018-10-31,120.15250988227328,122.31243310657713,120.15250988227328,120.88439178466797,2018200
2018-11-01,121.57165111172407,125.97182231810588,121.02720666767244,125.53447723388672,2954000
2018-11-02,127.2124192352089,128.49766582080352,125.9985767509184,126.48947143554688,2938000
2018-11-05,126.84652439296323,128.0960761912048,126.62339160244989,127.31956481933594,1576800
2018-11-06,127.12316998570871,129.87216680140565,126.81971274721418,129.8364715576172,1729500
2018-11-07,130.8093345102838,133.6832852732407,130.09530702290755,132.47836303710938,2161700
2018-11-08,131.89819565804385,132.25520251726917,129.45265645364037,130.90748596191406,1899400
2018-11-09,129.89898046410573,130.02393428312357,127.66765253954134,129.2474365234375,2581600
2018-11-12,129.41698488792068,130.2559661413971,128.12281776282973,129.033203125,1562800
2018-11-13,129.59546646352078,133.94210062069533,129.45265827025113,131.4073028564453,3540500
2018-11-14,132.4426819352049,134.09386982491384,129.55981045765188,131.39842224121094,1824100
2018-11-15,127.28386194731198,131.87147130094235,127.18568298060428,130.93431091308594,3015400
2018-11-16,130.05961006329747,132.29985782671653,129.604424185327,131.97854614257812,2327300
2018-11-19,131.45195138894348,132.2463033544101,126.82864781034786,127.24813842773438,2912400
2018-11-20,125.3738481917612,125.3738481917612,121.26819957005148,123.63341522216797,3701400
2018-11-21,121.88401523586317,130.7379199633049,121.88401523586317,126.63228607177734,4987600
2018-11-23,124.74013839135688,128.02465983584747,124.72229757546006,127.4891357421875,1192500
2018-11-26,129.39913624756545,133.12098875906307,128.8457714040974,132.91571044921875,4361700
2018-11-27,132.07674696166183,132.93358280089504,130.88967897699862,131.92501831054688,1753800
2018-11-28,132.3355726019771,135.68256378669096,131.2377496877527,135.6736297607422,2421700
2018-11-29,135.53085283893202,136.10207219756884,133.06745828941888,133.85289001464844,2236700
2018-11-30,133.7814498293034,138.62789947257164,133.69219129588168,138.2351837158203,2534900
2018-12-03,144.58107742604028,146.70529159009638,143.8135003495834,144.77743530273438,5132000
2018-12-04,143.64396954480992,143.69751923630156,135.04888996783086,135.29879760742188,3549300
2018-12-06,131.8268027851103,137.88709483558537,130.81825219341624,137.79783630371094,4595900
2018-12-07,137.0928013736493,138.09243198588095,130.5862411278922,131.43414306640625,3005600
2018-12-10,130.11321766089284,132.22851257871434,128.39063871171865,131.2288818359375,1791400
2018-12-11,134.1384622795574,135.54866272858567,130.25596105586737,131.20204162597656,1818800
2018-12-12,134.00460547946665,135.2987727219438,132.09458966021847,132.21954345703125,1863500
2018-12-13,133.29951676712756,134.29914717758203,131.8893160844119,132.37127685546875,1733900
2018-12-14,130.5862018598945,133.44229819238777,130.5862018598945,132.99603271484375,1967900
2018-12-17,132.3623401721966,133.92426930594385,129.41698536762786,130.38092041015625,2504000
2018-12-18,132.3980308537599,134.63829213592615,131.9428449961473,133.1923828125,2846200
2018-12-19,133.22809626727465,135.6647019026168,128.80113684443407,130.38092041015625,3173200
2018-12-20,129.5240989480761,132.4069839857906,127.27493055407689,129.09568786621094,2822800
2018-12-21,129.00640541678806,131.27344144369323,127.15887360548017,127.62299346923828,3931500
2018-12-24,126.5162773831833,127.04286743848935,122.61592102050781,122.61592102050781,1444700
2018-12-26,123.5441585929119,127.91756934420344,121.50026827748658,127.87294006347656,2267400
2018-12-27,126.02537354076601,130.9521484375,125.10606770710511,130.9521484375,2457300
2018-12-28,131.3379554394954,132.74653220599347,129.633321825504,130.3420867919922,1597100
2018-12-31,131.18540394430713,133.8948860745824,131.18540394430713,133.8320770263672,1954600
2019-01-02,131.19436823730308,134.27169667314152,131.19436823730308,132.87210083007812,1987700
2019-01-03,132.26199599695173,132.47732367277854,128.02731420131897,129.23851013183594,2047200
2019-01-04,131.89416377544043,136.1557602746105,131.7506256660725,136.083984375,2549100
2019-01-07,136.29933651616568,139.90599740171447,135.3752438889758,138.30902099609375,2947400
2019-01-08,139.0895809946568,141.6555120381355,138.18343564299036,140.78524780273438,3124800
2019-01-09,141.62857098604138,141.66445209551895,137.71687293995723,138.46153259277344,3134300
2019-01-10,137.85140695939765,143.03709518328702,135.91351270465208,142.75897216796875,2693600
2019-01-11,141.54779990890805,143.3600899068955,140.5070699741208,142.00535583496094,2039000
2019-01-14,140.14822704419677,142.05920749742864,139.8162617669911,141.22483825683594,1364900
2019-01-15,141.0903010839633,142.42710212040325,139.74453318991226,140.9019012451172,1369100
2019-01-16,141.0812864445229,142.37322537563162,140.78521596532264,141.22483825683594,1457300
2019-01-17,140.62375281164068,145.01992166661637,140.1841304502005,143.61135864257812,2155100
2019-01-18,145.34291859541275,149.10209874205404,145.19936674827122,147.68455505371094,3879800
2019-01-22,146.1413720777303,146.24006223787765,141.19792459546005,142.50779724121094,2076500
2019-01-23,143.13579838552985,144.1765283422397,140.1840882469374,141.4042510986328,1780800
2019-01-24,141.52981815814283,142.73203329623624,140.91974373816063,142.139892578125,1602100
2019-01-25,144.1137312374686,146.07855358482814,143.43186707901927,144.89427185058594,1826400
2019-01-28,140.93774337486232,142.13099222025724,139.24207684506007,140.39944458007812,2199400
2019-01-29,141.2876218419603,144.391864497677,140.68651407908908,143.97915649414062,2199700
2019-01-30,145.2621387357653,146.8501344361505,143.61133398459157,146.15931701660156,1988800
2019-01-31,145.72866108165144,147.92675881398978,143.71000995674376,147.13723754882812,3118800
2019-02-01,147.20903499461383,147.46024385395066,146.20419955726655,147.02960205078125,1704300
2019-02-04,147.19109056100692,147.92678344236677,145.64794257119217,147.59481811523438,1907900
2019-02-05,147.702481613138,148.0254663786977,146.24904332319142,147.32566833496094,1574600
2019-02-06,147.24488879093846,147.95366726889205,146.24005354000568,146.85012817382812,1660500
2019-02-07,145.96197097587472,146.95783964905695,143.64724882496853,145.16348266601562,2488100
2019-02-08,143.77283169560351,146.0516586986309,143.77283169560351,146.01577758789062,1628300
2019-02-11,146.80529608424652,147.35257541897715,145.2800819550971,145.2890625,1843900
2019-02-12,146.63481779725686,148.8508492066216,146.15931441207533,148.2048797607422,1894400
2019-02-13,147.03854581872727,147.58582510989,145.405688489427,145.9709014892578,2777700
2019-02-14,144.76870440824078,146.60792283110484,144.05095896396995,145.71971130371094,2029700
2019-02-15,143.07302150227042,146.59892557389352,141.13511313061215,142.6423797607422,7578600
2019-02-19,140.74933728948764,142.47191799744942,140.01364450606042,141.0902557373047,2971500
2019-02-20,141.6554673631391,144.1047600490524,138.01292601233138,143.44085693359375,3349200
2019-02-21,143.52160625883351,147.40638973795143,143.52160625883351,146.10548400878906,2838500
2019-02-22,146.24007277735333,148.93160785914512,146.24007277735333,148.90469360351562,1967200
2019-02-25,149.81081161611056,150.56445170645327,147.83702231917638,147.90879821777344,2502700
2019-02-26,146.65280256361154,148.07931308263846,146.0696283289517,146.9578399658203,1623700
2019-02-27,146.69764851720527,146.92194313748163,145.6569318834144,146.76942443847656,1850500
2019-02-28,146.44641396876196,148.06133768966166,145.7914776255113,147.17312622070312,1778000
2019-03-01,147.89986615107776,148.89573473233534,146.00681916111446,146.51820373535156,1668900
2019-03-04,147.67556761809877,149.84673766659202,147.27182639304306,148.77012634277344,2663100
2019-03-05,148.37534392402156,148.7162623512038,144.80456461889173,144.84942626953125,1965900
2019-03-06,144.66999940793124,144.72382791500866,141.59268444126778,141.96949768066406,2229700
2019-03-07,141.64647508821363,142.05020247323793,139.54706804435622,141.77207946777344,2051300
2019-03-08,139.85212030302714,143.5305421332617,139.85212030302714,142.6602783203125,1757300
2019-03-11,142.75904964279738,144.1407123065809,142.31944090511416,143.92538452148438,1340300
2019-03-12,144.05095389635454,144.44571456130885,142.40014901550484,142.77696228027344,1553100
2019-03-13,143.33320474202492,144.42776339729002,142.48088806846076,143.2614288330078,1661800
2019-03-14,142.7051988322791,142.8666980683443,140.8211323438946,141.5388641357422,1596800
2019-03-15,141.41321433139586,142.95636183049785,141.21583404500942,141.8887176513672,2386300
2019-03-18,141.7362427446785,143.9881693369902,141.368409997324,143.8177032470703,1962400
2019-03-19,144.83150238062248,146.38363086760145,143.6113529002342,144.41880798339844,1685400
2019-03-20,144.0150430084692,144.89427377780123,141.77209759395217,143.24346923828125,2017100
2019-03-21,142.22069642534288,144.15859099203035,142.20274902763788,143.3062744140625,1082200
2019-03-22,142.04129489276605,142.6065079917147,139.29591741132484,139.906005859375,2177400
2019-03-25,140.2828120480638,141.9784786387139,139.9508604282089,141.153076171875,1137200
2019-03-26,142.1489359554228,142.53471606391236,140.41737467003244,141.3953094482422,1036700
2019-03-27,141.87082501473938,142.25660515626655,140.0316065536311,141.99642944335938,1068200
2019-03-28,142.43816218467092,142.88891586247053,141.293243991405,142.51028442382812,1123300
2019-03-29,143.25852864023048,145.32297430889304,142.87087334735696,144.096923828125,1862600
2019-04-01,145.71966286864824,147.0178357904751,144.85420966879303,145.96307373046875,1371400
2019-04-02,145.9540415404874,146.6842740843639,144.98943578228355,146.15237426757812,1184300
2019-04-03,146.9817691350704,147.90131058910202,146.19746205258252,147.29730224609375,1356100
2019-04-04,147.36943399733974,148.55040663639426,147.252233618959,148.0635986328125,1197200
2019-04-05,148.6044834797524,149.15440356976387,148.03654314515236,148.77577209472656,1294600
2019-04-08,147.82925270129928,148.7848488168918,147.1170675557276,148.74879455566406,1133300
2019-04-09,146.20644246861394,146.413799045001,142.85284807912635,143.1864013671875,2451000
2019-04-10,143.33964151129243,143.91660555581856,140.41875329818077,143.00608825683594,2746800
2019-04-11,143.0151116031945,144.51161696068112,142.34799127667523,144.38540649414062,1162200
2019-04-12,145.76470059132552,146.33265452618625,144.15099500862564,145.55735778808594,1220200
2019-04-15,145.89093325567103,146.5760738761799,145.48525770726565,146.48593139648438,1062500
2019-04-16,146.4858774088243,148.96502165927615,146.3776872147891,148.35198974609375,1310200
2019-04-17,148.622517596596,149.46091291571094,147.71200003133484,149.15440368652344,1350700
2019-04-18,149.64121565510547,153.2472451918963,149.397804809717,152.3998260498047,2215500
2019-04-22,151.66958332240728,153.22017687887666,151.36306040568465,152.4899444580078,1376600
2019-04-23,152.11135607250165,152.6252219484789,150.98447170158244,151.2368927001953,1891200
2019-04-24,150.82217218161767,151.20080359224016,148.98308960898322,149.02816772460938,1463400
2019-04-25,147.84716654816216,148.32496421763184,145.35901186813663,145.87286376953125,1256600
2019-04-26,146.7924264953216,148.77573968504842,145.69258655489048,148.75770568847656,988500
2019-04-29,149.1183344950589,150.2181745657043,148.80280141928452,149.91165161132812,889700
2019-04-30,150.25422723369945,150.25422723369945,147.25220613026877,149.31666564941406,1573700
2019-05-01,149.29860365413046,150.8401869744532,148.333984375,148.333984375,1327400
2019-05-02,148.73967337747774,150.2361648296857,146.17938255249265,147.95535278320312,1702400
2019-05-03,148.8569206308404,150.75910209083386,148.25291222963665,150.4706268310547,1050800
2019-05-06,145.36800041838308,145.59337716321778,142.55530304473555,144.40338134765625,2913100
2019-05-07,142.7446776978966,143.23149939476272,140.0041012682573,142.2218017578125,2182200
2019-05-08,141.67185197059914,142.24881603240667,140.04915000395235,140.2655029296875,1806400
2019-05-09,138.60670227214445,140.90554789027814,136.8397424865159,140.1663055419922,2026000
2019-05-10,139.5713562551695,140.94163734349723,137.00205514171475,140.68020629882812,1753700
2019-05-13,135.22609044327055,135.71289831626623,130.880818800857,131.8724822998047,3172500
2019-05-14,131.81837149790329,134.26144807702624,131.1242071674775,132.62071228027344,2325400
2019-05-15,131.4397479787012,132.16996658457552,129.83506631850864,130.5742950439453,2330500
2019-05-16,131.7913521725842,133.4771663933552,130.7185563026719,131.61105346679688,2893400
2019-05-17,126.21105455180903,127.44611546945947,120.05375645403618,121.54125213623047,7817500
2019-05-20,120.77495107402903,122.60501005003829,119.6119987900968,122.03705596923828,3715300
2019-05-21,123.56059000464653,125.76027004727929,123.10983634856309,125.2103500366211,3567300
2019-05-22,124.33590907734741,126.28316852125914,124.15561033385463,125.1112060546875,2626800
2019-05-23,123.20901577139053,124.23673366603,122.10917563341881,123.02871704101562,2584400
2019-05-24,124.57027793871904,125.67011799664374,123.8941474320888,125.26444244384766,2597200
2019-05-28,126.634712877746,126.634712877746,124.00231360021658,124.02034759521484,2054400
2019-05-29,123.66876388565221,127.4460816453291,123.09179976820647,127.22972869873047,3013000
2019-05-30,127.39199449108062,129.54659639002648,127.39199449108062,127.72554779052734,3110600
2019-05-31,125.7602572548919,126.89615140055095,124.2276977312828,126.36426544189453,2206600
2019-06-03,125.79631915289944,129.63674894976893,125.79631915289944,129.17697143554688,2213600
2019-06-04,130.71858137476224,132.14296480872773,129.7179075464155,131.2775115966797,1872000
2019-06-05,131.8814882463818,132.47648632691897,129.96128717687918,131.81838989257812,1634100
2019-06-06,131.565935968699,132.67478574548414,130.57427274984698,132.061767578125,1391300
2019-06-07,132.78298854849203,134.5048705904089,132.124892148542,134.06314086914062,1555800
2019-06-10,134.92856860653842,136.3349175086955,134.910534612537,135.05477905273438,1708500
2019-06-11,136.5333030705542,137.53397690875457,134.18939191085286,135.2261199951172,2019800
2019-06-12,134.54993797623467,135.09084775186878,133.16162306077078,134.13523864746094,1344100
2019-06-13,134.8745303181172,137.2454993165569,134.32461022267378,136.6054229736328,1192500
2019-06-14,136.722606180416,137.1192716100756,134.7933810273618,136.58737182617188,1013500
2019-06-17,138.20107425685296,139.9139326544288,137.26349894515528,139.16567993164062,1742200
2019-06-18,140.53598526056453,144.2141370306405,140.19340805343788,143.6822509765625,2617000
2019-06-19,143.67319181064045,145.5573522311476,143.40275066713437,144.1870574951172,1671100
2019-06-20,146.26960619929108,147.06293727887467,145.0075010780573,146.7293701171875,1945100
2019-06-21,147.36039576846645,148.4782560656729,146.14335535776743,148.09962463378906,2380800
2019-06-24,148.86593490454695,151.79583422104685,148.65857827942995,150.44357299804688,2582200
2019-06-25,150.903317103791,150.903317103791,149.56909005677846,149.9296875,2084800
2019-06-26,149.74935169712555,150.17306115374188,149.31663212122854,149.75836181640625,2025700
2019-06-27,149.6406391151742,149.85800022584957,148.25499485505478,149.2693328857422,2072100
2019-06-28,149.27841658500262,151.29801391255438,149.27841658500262,150.0753936767578,6514900
2019-07-01,152.4209712451032,152.9371848080232,147.575735881594,149.55911254882812,2409200
2019-07-02,149.82176345467568,150.0391245609844,148.60819503749607,149.55007934570312,1371000
2019-07-03,150.17498432289193,150.18403585371513,147.4308503790428,149.69497680664062,918600
2019-07-05,148.16448918776183,148.52674401135474,146.31695365768508,148.00146484375,1291700
2019-07-08,147.65728487887225,149.13349995030572,146.72446575815124,148.42709350585938,1384000
2019-07-09,146.7153699296405,148.17346767738542,145.9093415982243,147.93800354003906,1486000
2019-07-10,146.905568482707,147.73876525490346,145.46557373616614,145.6376495361328,1753200
2019-07-11,145.5561817527187,146.08146081753137,144.33354777886274,146.04522705078125,2012800
2019-07-12,146.82403136115687,149.8036287724997,146.81497983247866,149.76739501953125,2268500
2019-07-15,151.15303141259062,151.97717651237835,149.69493385878425,150.33795166015625,1983700
2019-07-16,149.6225464526131,150.88140027378012,149.20594108298008,150.47384643554688,1345100
2019-07-17,150.40145903915362,150.86333604612173,147.6935577392578,147.6935577392578,1368200
2019-07-18,147.3946356534251,148.39990837562385,146.74256611366744,147.83840942382812,1404400
2019-07-19,148.5720045813188,150.85424828353248,148.101062333753,149.9848175048828,2690300
2019-07-22,149.97571783008496,150.86325138860556,149.0338336372995,149.55911254882812,970300
2019-07-23,150.4104474251987,153.00060859268783,149.84894849727556,152.46627807617188,2176800
2019-07-24,150.15691894398566,152.58405667366432,149.49579766972775,151.40670776367188,1775600
2019-07-25,151.24367566128578,151.55159360053102,149.7493574473757,151.16217041015625,1180600
2019-07-26,151.2617889730574,154.8662750133679,151.09876465551497,154.31382751464844,1950000
2019-07-29,154.223274376509,155.0655368377246,153.17272991205394,154.19610595703125,1459600
2019-07-30,153.19985089202964,154.6217150745697,151.8504265929087,153.98776245117188,1400700
2019-07-31,154.05116744326102,154.26851473575877,149.09725772116158,150.02101135253906,2000300
2019-08-01,150.23839283150258,151.38857308037646,145.5018435789132,145.9999542236328,2193800
2019-08-02,144.75923282860458,144.75923282860458,142.27775827046253,143.72679138183594,2270200
2019-08-05,140.01364459839797,140.7562712031195,133.77371000758376,136.80763244628906,3243300
2019-08-06,138.0392454236283,139.78715804762925,136.21889292157846,138.3652801513672,1824800
2019-08-07,136.24607309824287,137.27851418873334,134.57967937659703,136.97059631347656,1747100
2019-08-08,137.74947278866392,140.5569815813996,137.16079156017153,140.43019104003906,1661300
2019-08-09,139.39776001013493,141.29056673698764,138.97210305751378,140.23095703125,1742900
2019-08-12,139.4249658599315,139.7781691900063,132.96768375783864,133.1759796142578,3738300
2019-08-13,132.2250275870242,135.9019679239304,131.76315061623234,133.28463745117188,2890500
2019-08-14,130.5133163898794,131.12010067017812,128.46655088532856,129.66200256347656,3001000
2019-08-15,130.25068413676462,131.6182116540923,127.92315531484377,130.15106201171875,2402700
2019-08-16,130.21444492617704,136.74419197118402,129.9518123270207,135.15023803710938,3493000
2019-08-19,136.0197016562721,138.79099101124248,135.2680098019607,138.0121307373047,1993600
2019-08-20,137.70419590096336,138.19324121346838,136.861933538312,137.74948120117188,1582900
2019-08-21,139.78722274468427,140.60230303170638,139.1170360999501,140.2490997314453,1855200
2019-08-22,140.83775858370026,141.4807767670495,138.60986523339196,140.71096801757812,1716400
2019-08-23,136.7532121867301,139.30715298127993,132.4966580149424,133.1487274169922,2983000
2019-08-26,136.15555025540692,137.5683634199759,134.28991164993067,136.58120727539062,1864100
2019-08-27,137.28756663341542,138.27472243843826,135.5306023159951,135.9381561279297,1240700
2019-08-28,135.38574120545994,138.9902274705439,134.91479892657728,138.3109893798828,1477800
2019-08-29,140.60230083198823,142.88454494673508,140.3758881092314,141.71624755859375,1611800
2019-08-30,143.29205899219977,143.53658855760943,140.15850139940667,140.2943572998047,1629100
2019-09-03,139.25282628003234,139.25282628003234,135.90192194420192,136.59022521972656,2030600
2019-09-04,137.1336060234767,137.65888500613792,136.7985197386757,137.40530395507812,1562300
2019-09-05,138.36528322877004,142.3682568077935,137.9577432648147,141.5531768798828,1672900
2019-09-06,142.21433356419774,142.92980538231828,141.39018808018895,141.75245666503906,1083200
2019-09-09,141.91545509475338,144.1614648532794,141.89733821226824,143.41883850097656,1725700
2019-09-10,143.8988614637408,148.56295776367188,143.38264767071558,148.56295776367188,2702900
2019-09-11,148.61726945066295,149.60442529114684,147.4218040217554,149.5681915283203,2213300
2019-09-12,146.81499857368354,148.2459279777878,144.578040802237,147.8564910888672,2732800
2019-09-13,149.36893987480798,150.8723231174484,147.7568829873461,149.81271362304688,1789300
2019-09-16,148.65349513307368,149.86706367111233,147.53048336733417,149.06103515625,1164700
2019-09-17,147.61201893864757,148.75313389500886,146.9871177176163,148.51766967773438,1347800
2019-09-18,148.04669342679279,150.0029018905911,147.45802610922064,149.7764892578125,1215900
2019-09-19,149.56817501674269,150.3379834718106,148.25498455144745,148.9251708984375,986000
2019-09-20,149.2783773129811,150.9719393682862,147.51236155756527,148.590087890625,2942700
2019-09-23,147.52144233142187,150.41047028255656,147.40370331801103,149.62255859375,1412300
2019-09-24,149.98478984752438,150.6187424759229,148.4814066008001,150.30177307128906,3124800
2019-09-25,150.04819112086773,150.55536708638837,148.9161278229889,149.60443115234375,2814000
2019-09-26,149.58630834644845,151.1711969007156,149.20593675172012,150.70932006835938,1808800
2019-09-27,151.48268642251318,152.21962700011954,150.11797753582388,151.2643280029297,1591200
2019-09-30,151.7374235751301,153.7844868053909,151.6282513119277,153.46604919433594,1828700
2019-10-01,154.30303879744258,154.8580207812763,149.79948986971925,150.5728302001953,2299500
2019-10-02,149.20811100210565,150.09971655879005,146.551480447728,148.5257568359375,2646300
2019-10-03,148.48946687773346,150.29087915582932,146.12396535020315,149.96334838867188,1367500
2019-10-04,149.93604489291246,152.64726312659573,149.3446626108668,152.5653839111328,1217300
2019-10-07,152.7927819199344,153.46602929911785,151.40078021441795,151.5281524658203,1221600
2019-10-08,149.47200774196926,151.20064731085782,148.17099194648458,150.09068298339844,1848600
2019-10-09,151.39165225402678,152.49252318173112,149.79949239127245,151.4189453125,2089100
2019-10-10,151.49174809980832,154.6214820527744,151.05504523364885,152.6654052734375,1996800
2019-10-11,154.66698305930737,157.63294491320283,154.19388016519278,155.5312957763672,5006800
2019-10-14,155.3948122408041,155.531277539194,153.36594947038765,153.69346618652344,1769000
2019-10-15,154.2667045204052,157.42373247928253,152.98387471710708,157.06890869140625,1898500
2019-10-16,156.54118397527228,158.39719558443778,155.57679204694705,155.63137817382812,1824100
2019-10-17,156.51390395249805,157.3964167640322,155.8588426102761,156.61398315429688,1203400
2019-10-18,156.51389648442705,158.53366654614868,156.03170050309612,158.23342895507812,1616200
2019-10-21,158.90669348185375,159.87108546400913,158.3062182875751,158.33351135253906,1375200
2019-10-22,158.98856126558655,160.48064220084635,157.9331832209423,159.35247802734375,1486600
2019-10-23,158.01508347310127,159.96208144389092,157.85132507324218,159.21603393554688,1227100
2019-10-24,159.2160080131915,159.2160080131915,155.49490578629138,156.586669921875,2478700
2019-10-25,156.66856382725632,158.3972032633232,156.61397769772898,157.49649047851562,2102400
2019-10-28,158.7065134028562,159.57082606789135,157.38729787385162,157.71482849121094,1433100
2019-10-29,156.7595192224944,158.88846115176378,156.25912332906796,158.40626525878906,1586500
2019-10-30,158.87025895472155,158.87025895472155,157.04155458679224,158.14242553710938,1624700
2019-10-31,157.7967324170911,158.65195215665554,154.98543560876317,158.43359375,2181800
2019-11-01,160.03484103814847,160.36237169448924,159.02495600464246,160.2259063720703,3090800
2019-11-04,161.717984616483,163.14638641848452,161.717984616483,162.94622802734375,1990200
2019-11-05,163.05539996650063,163.4921028724431,162.11830108367874,162.78245544433594,1314300
2019-11-06,162.4730886983178,162.52767481411541,159.4343412703077,160.09849548339844,1929200
2019-11-07,161.7816882389618,163.00082478630603,161.51783675955184,161.84536743164062,1652800
2019-11-08,162.3912436749956,162.77336044846874,161.2812794785825,162.27296447753906,1713600
2019-11-11,161.29038466942802,164.20176069761453,160.65352333240847,163.58309936523438,1410200
2019-11-12,163.58309310734487,163.58309310734487,160.17132120111214,160.48065185546875,1436200
2019-11-13,159.24331685218073,159.9347643006298,157.12346755528014,159.82559204101562,1835500
2019-11-14,157.5965689139463,160.77179629725924,157.3964105182913,158.65194702148438,1307500
2019-11-15,159.69821883547192,159.97116336543326,158.36080313294332,158.742919921875,1611100
2019-11-18,158.30619820356137,159.14321781551521,156.83231735235282,159.13412475585938,1418100
2019-11-19,160.4260490726304,160.4260490726304,157.75121795460777,157.98776245117188,1192800
2019-11-20,157.31454185344344,157.76944480446315,154.43045880988285,156.55030822753906,2013300
2019-11-21,157.15075988017009,160.39877341375288,156.69585695720568,160.1531219482422,1627600
2019-11-22,160.28043151299156,161.01737173871248,158.86113716974683,159.5616912841797,1292800
2019-11-25,160.19860543271088,160.97193202596262,159.39797189378234,160.68080139160156,1556800
2019-11-26,160.9993062131642,162.25482928967713,160.6717754361303,160.71725463867188,2786900
2019-11-27,153.30224813069452,156.8231914643423,151.98303274821276,153.81173706054688,7626000
2019-11-29,153.12030421135947,154.04830992534673,152.57441523077085,152.89285278320312,1394400
2019-12-02,150.39088184397474,152.15590708629853,149.90868594365324,150.38177490234375,2694400
2019-12-03,148.59861528592765,149.4811282143928,147.42495777454963,148.75328063964844,1966500
2019-12-04,149.2718072542272,151.81015869846908,148.9351697515806,150.3635711669922,1756400
2019-12-05,150.6183372293556,150.91857477788986,149.07167030746393,149.73582458496094,1234000
2019-12-06,152.00124489384035,152.3742546799463,149.61754452079626,150.3090057373047,1523400
2019-12-09,150.4818788557019,152.99295183343895,150.21804127309522,152.7563934326172,1730800
2019-12-10,152.42883163354293,154.66695962824235,151.63730516491466,154.5759735107422,1643100
2019-12-11,155.23104730538603,155.2856334273108,153.17489137852877,154.39402770996094,1245800
2019-12-12,154.21205844584736,158.4517561278478,153.41142502743492,158.14242553710938,2168500
2019-12-13,158.0696773415337,160.48975041250873,155.7041765191862,156.94151306152344,1775600
2019-12-16,158.51544061812905,159.20690182358373,157.0961459706655,157.25991821289062,1408700
2019-12-17,156.90512190711374,158.54276131968584,156.16816751241376,158.16064453125,1247000
2019-12-18,157.1416746623329,157.93320134538453,155.77696582532738,157.04159545898438,2209000
2019-12-19,157.66934243993555,157.96958000941112,156.4138060371349,157.17803955078125,1249000
2019-12-20,159.56176658317492,160.6535309099229,157.68756861045915,158.89759826660156,2593600
2019-12-23,159.80734964517848,159.80734964517848,157.80578008216867,159.261474609375,1005700
2019-12-24,159.17053352052315,159.6709295234571,158.32442072854593,158.76112365722656,332300
2019-12-26,159.03402709960938,159.33426462378912,157.91497006041737,159.03402709960938,518100
2019-12-27,159.2251097291845,159.99845022030408,158.57915537863352,159.9529571533203,719500
2019-12-30,159.80674728589742,160.01690721062693,158.5457598519071,159.13970947265625,953000
2019-12-31,159.10316764214116,159.60573615926418,157.62288759425886,158.3173370361328,748200
2020-01-02,159.2128214772993,161.6251363204641,158.74679707873304,161.6068572998047,1591100
2020-01-03,159.18539122954903,160.6017014512116,158.58230910385703,160.40982055664062,1301100
2020-01-06,159.432074470666,161.62509629404653,158.7559042446037,161.56112670898438,1234200
2020-01-07,160.83021310204578,161.22313549231282,158.5275576692151,158.75599670410156,1234200
2020-01-08,159.45040732900745,161.53376970189296,158.98439683129658,160.7296600341797,1713900
2020-01-09,161.30532504891283,163.00491155046285,160.92154925086066,162.28305053710938,1459100
2020-01-10,162.7398922892088,163.01400783913996,158.454375916419,158.47264099121094,2560900
2020-01-13,159.06661082084784,159.94380857802875,158.6006003837709,159.66969299316406,1300900
2020-01-14,159.79762149692795,159.9529583124461,158.47266441003643,158.6919708251953,1039800
2020-01-15,158.18943175815906,160.04435529341768,157.3030873367427,158.00668334960938,1139200
2020-01-16,158.99347855691005,160.4189350993302,158.12541350277513,160.33670043945312,1410400
2020-01-17,160.5560679357042,161.74393954476608,160.3915846105234,161.00379943847656,1653400
2020-01-21,159.9986359911365,160.3001631163079,157.52235179563945,157.6776885986328,1655100
2020-01-22,158.1437143285919,158.6828268747623,155.90500158707982,156.3984375,1285700
2020-01-23,155.5943409404095,157.33047143273734,154.11406096394452,157.2208251953125,1245100
2020-01-24,157.211660492079,157.211660492079,154.46124709505673,155.44810485839844,1103300
2020-01-27,151.8479455588804,153.50185541487042,148.8782389466699,149.19805908203125,1586800
2020-01-28,150.58696196310757,151.38192506501272,148.39393962886183,148.92391967773438,1750700
2020-01-29,149.77372182238423,149.77372182238423,146.20093317172635,146.34713745117188,1959200
2020-01-30,145.28716944302246,147.88223251950473,144.86683564816366,147.21519470214844,2496400
2020-01-31,145.94512376739434,147.3157579019921,143.76124727064771,144.9034423828125,1693300
2020-02-03,145.68924010592428,147.5076053883185,143.71552405386655,144.63841247558594,1813400
2020-02-04,147.41622105023148,150.87934930725913,146.79485987214443,150.2488555908203,1412200
2020-02-05,152.99014285354943,154.214586349754,152.14948910303232,153.830810546875,1476900
2020-02-06,154.19625451670908,154.5617511725161,151.72911723300248,154.29676818847656,1805100
2020-02-07,152.98102654600945,154.33338151052305,152.28657701132622,153.00843811035156,1711100
2020-02-10,152.10381648217015,153.77597754504447,151.80227535562312,153.7303009033203,807700
2020-02-11,154.51611888040188,156.3070725276302,154.0592409581568,155.57606506347656,1315700
2020-02-12,157.16598743758465,158.26249153812284,155.53037079617937,157.01065063476562,1008200
2020-02-13,156.1243248875913,157.0837713174169,155.21056903876843,156.03294372558594,831100
2020-02-14,156.09689676889843,157.44925137771327,152.76167990880776,153.57493591308594,1152400
2020-02-18,152.96271886263958,152.99927690345274,150.04784950552462,151.9575958251953,1177400
2020-02-19,152.1403067134234,152.81649087378136,150.63261555734888,150.70570373535156,1244600
2020-02-20,150.5503965757555,152.3687755886982,150.3128250934984,151.5281219482422,2048500
2020-02-21,162.56631367151164,166.29443937436574,160.82103657603182,162.12770080566406,5917100
2020-02-24,157.63200636528333,161.149971735062,156.70911803649057,157.03807067871094,2292900
2020-02-25,157.3304419222779,158.03403768033115,151.5006903268224,152.27737426757812,2358500
2020-02-26,153.76684803692723,154.77198514523454,151.32712135710034,152.52413940429688,2545200
2020-02-27,150.22148702595413,152.18607087276348,146.16442193038665,146.19183349609375,2957500
2020-02-28,141.8971103449803,145.2140478533758,139.493942439637,142.98448181152344,3048300
2020-03-02,144.30030255874775,149.85593904527008,143.04846167598208,149.7828369140625,2532100
2020-03-03,150.16661392194104,153.39217054630478,143.45965018321573,144.17237854003906,2443100
2020-03-04,147.33403503132564,149.20722383691555,146.6761295397622,149.00621032714844,2513800
2020-03-05,145.13187455966994,148.20209543406528,144.3003532109604,145.35118103027344,1878400
2020-03-06,140.9011190264202,150.71485976757373,140.41682964533393,149.89247131347656,2973400
2020-03-09,138.90001388622915,144.60185508728028,134.44089507143946,137.06336975097656,2886400
2020-03-10,142.19864238826716,142.84741500082535,135.2449616960721,141.62298583984375,2797700
2020-03-11,137.8400421258323,138.123304139797,131.4437527268202,133.29867553710938,2397300
2020-03-12,123.35704566016236,124.76422360174627,117.04298908787557,119.1446304321289,3288700
2020-03-13,126.03429049618555,127.27699854448471,119.27250531570047,126.97547149658203,2525500
2020-03-16,113.21433885971003,121.41072208415838,109.5044857728311,109.69638061523438,2617700
2020-03-17,112.20921609387396,118.2948331259244,108.80090386009795,115.78199768066406,2909600
2020-03-18,107.65870529725535,110.15326163426019,96.98603754998145,104.36004638671875,2635000
2020-03-19,103.16302104554978,110.3268624651396,97.08654418022458,109.34001159667969,2455700
2020-03-20,109.340020662259,110.20808587010568,100.82381004705601,102.00255584716797,4155200
2020-03-23,100.75984765934496,105.60275612353742,97.33326345488899,101.56395721435547,3130900
2020-03-24,107.2475290890628,115.73632196722818,102.98028387322223,115.13323974609375,3488000
2020-03-25,115.02358276761233,124.93783224923637,111.33200833301112,117.40849304199219,3962200
2020-03-26,118.1943261567312,128.06287829788312,116.17491956978179,127.09429931640625,2227500
2020-03-27,123.35702110401985,127.16738074942955,120.76195822854939,123.45753479003906,2302600
2020-03-30,125.63537900609431,130.21161982742163,123.65049840105692,129.77972412109375,2251100
2020-03-31,130.47815573088357,133.24411471967278,126.12244651913853,126.95867156982422,2240100
2020-04-01,121.46349179936324,123.80675319993894,119.166179450109,122.83269500732422,2040600
2020-04-02,122.50186219481779,128.5667714513232,122.08834884134689,128.07974243164062,2863800
2020-04-03,127.25270149249984,128.05217559767925,121.41753746610897,124.5326919555664,2053100
2020-04-06,130.1014170801223,133.12467448352828,128.39221583667697,131.8565673828125,2079300
2020-04-07,136.00088420201516,139.35495445373024,130.98354811529302,131.24085998535156,2067500
2020-04-08,133.31763529680765,135.83549474289643,131.04788951676673,134.87062072753906,1210100
2020-04-09,135.33925780468329,138.03171504608244,132.444649985747,133.9333038330078,1596100
2020-04-13,130.28516553905646,131.17652377505925,125.77324111090712,128.4656982421875,1655900
2020-04-14,128.93432520882965,130.69865898847905,124.20186850990117,126.93107604980469,2479800
2020-04-15,122.32725896292264,124.35808884207822,117.20885536615697,124.33970642089844,2938200
2020-04-16,123.36564772416241,124.50511946230546,118.09101460979046,119.41426849365234,3642700
2020-04-17,122.71320703747915,127.31702908733973,122.22617803341058,127.23432922363281,2468300
2020-04-20,124.82676697380025,128.88841373715238,122.91540131663173,126.16840362548828,1974900
2020-04-21,123.1267531045462,124.22946018653047,121.75754994789293,123.19107055664062,1958500
2020-04-22,126.232682420337,126.70134299443464,123.24617712479474,125.16674041748047,1280400
2020-04-23,126.51754657491792,128.7321584777865,125.81916884735858,125.99376678466797,1377000
2020-04-24,127.67543608815112,128.11651614254254,124.45000050714319,127.39057159423828,1498500
2020-04-27,127.39056743141045,129.36625042066476,126.91272254212004,128.37380981445312,1528900
2020-04-28,131.46136433439338,132.89488461197524,129.43973281417078,130.08297729492188,1752100
2020-04-29,133.24411074042362,136.3960164227039,131.90247421446307,135.17385864257812,1563200
2020-04-30,132.83974726245648,133.97921889429023,131.15811344374669,133.29920959472656,2054600
2020-05-01,131.31435719141874,131.45220433374843,126.02135503328587,126.9862289428711,1603100
2020-05-04,125.30459419547077,125.43324311472121,119.64401370509027,122.16187286376953,2277200
2020-05-05,124.1651137367881,127.22513498485003,123.79754942768693,124.19268035888672,1125500
2020-05-06,124.61539596593127,125.00134270947912,120.73753208621906,121.41754150390625,1150800
2020-05-07,123.74245207211148,125.86516671942596,123.19109142687077,124.97380828857422,1059000
2020-05-08,126.81160195900576,127.68457757395329,125.63537952633759,125.8926773071289,1727400
2020-05-11,124.20186420219521,125.68133351082467,121.81265440459104,123.95375061035156,1356000
2020-05-12,124.78998177524923,125.72728893070315,119.40508226909819,119.50616455078125,1392500
2020-05-13,120.33319942391782,120.49861317873523,114.40613728459405,115.6191177368164,2027400
2020-05-14,113.02775150075843,116.6666929028967,108.29528733250179,116.51966857910156,2720600
2020-05-15,115.77533400852714,117.34669458092087,114.5807359707019,115.79371643066406,1649600
2020-05-18,121.27969333245954,127.61108475606932,119.92887273072787,126.7197265625,2450900
2020-05-19,127.81325945940867,128.1348887792653,124.45918922287414,125.11161804199219,1859400
2020-05-20,127.25270260637706,131.47976230263745,126.91270491670417,130.77218627929688,2399400
2020-05-21,129.63272355672314,132.7846287758051,129.63272355672314,131.2316436767578,2100200
2020-05-22,136.00086579607748,136.37762831652637,127.50999588370703,129.30191040039062,3427600
2020-05-26,132.74791779040282,138.75768139796608,132.74791779040282,136.02847290039062,2500300
2020-05-27,139.6765467060129,141.76250958617896,138.32572634968767,140.92628479003906,1936400
2020-05-28,143.5268641653787,143.6646972742195,139.79603178817416,140.74252319335938,1914700
2020-05-29,139.00572671041533,140.53113087394527,135.8813746901722,139.78680419921875,2249000
2020-06-01,137.23219825584695,138.71166744273447,135.4494822642547,137.0484161376953,1464600
2020-06-02,138.42684627291152,141.60633259410335,137.94900139919363,140.549560546875,1335400
2020-06-03,142.55284015474922,145.96204406259898,142.48850867415297,145.51177978515625,1678800
2020-06-04,144.0782176530535,148.28689504907737,143.4257888771311,148.07554626464844,1469900
2020-06-05,154.28752623462103,156.3183569745834,152.21994465840058,153.2032012939453,2061200
2020-06-08,153.46045125376793,156.5939883840931,153.2858532873157,155.1237030029297,1373000
2020-06-09,150.28095959396316,152.42205611714786,149.90421107248332,151.447998046875,1977400
2020-06-10,151.08960510503866,151.70528300246224,147.91013333495988,147.94688415527344,1311700
2020-06-11,142.64467979615765,144.16091399117641,138.47276775337306,138.84033203125,1576200
2020-06-12,143.76578175164678,144.51930681593547,138.3165644333667,142.40577697753906,1598000
2020-06-15,136.35006115458742,142.9938832812677,136.111131741748,142.865234375,1321200
2020-06-16,148.59935771246572,150.53828989015057,142.94796093764234,145.4658203125,2105600
2020-06-17,146.04471397958116,146.04471397958116,142.30469727733777,142.90199279785156,1131600
2020-06-18,142.01059598464457,144.1608901213875,141.15600287032677,142.3138427734375,883800
2020-06-19,145.87927456953798,145.98035683246897,141.09167142042702,142.3138427734375,2046200
2020-06-22,140.59550169785624,142.18523775830397,139.4468456382332,142.02902221679688,1188500
2020-06-23,143.8484746563308,143.9219903191678,141.22954752344748,141.4776611328125,940400
2020-06-24,139.57547520580613,140.29223536590743,137.03004980449955,138.2889862060547,1985600
2020-06-25,137.12195995511127,142.2955110727411,136.26735259873234,141.9279327392578,1671100
2020-06-26,140.7608909950575,141.39495133638866,136.17546531917344,136.95654296875,2302800
2020-06-29,139.33031252857248,142.2028172648798,138.8407872215034,141.97190856933594,1094100
2020-06-30,141.16832194135262,146.1651889720751,140.50330384034663,145.14918518066406,1836600
2020-07-01,147.4582665813134,147.9477918194791,143.47740348543377,144.87210083007812,1111100
2020-07-02,146.73786111781902,149.55495017159305,145.49096255187087,145.84193420410156,1044900
2020-07-06,148.8159913941352,149.2501007519745,146.31294970297972,147.98472595214844,947500
2020-07-07,146.28528525483372,148.31727901169398,145.61102169831224,146.58084106445312,1118600
2020-07-08,147.10728200683317,147.6060384738013,144.87208803718866,146.28524780273438,1042600
2020-07-09,145.76802271960474,147.51369159037304,144.17937004325472,145.61099243164062,1283400
2020-07-10,146.1836517387277,147.26430252691884,145.0475710360908,146.94102478027344,982700
2020-07-13,150.23839531677945,154.5425355885328,149.31476079117803,151.3190460205078,1829700
2020-07-14,151.00504072521352,156.85165001124145,149.90591318781082,156.6114959716797,1651500
2020-07-15,157.65519627190045,160.71242462327237,156.86086993128498,159.22537231445312,1992300
2020-07-16,158.82821340077106,161.89467297084042,157.84914887766382,160.1767120361328,1142400
2020-07-17,161.6360783449932,163.41868661555228,160.12131794595916,163.03076171875,1140400
2020-07-20,162.43961127513856,162.67976528906073,159.5116913081012,160.53692626953125,1314500
2020-07-21,161.58989344323888,163.30785460742217,160.1305488763694,162.23643493652344,1079300
2020-07-22,160.8879559643821,162.58744069735204,160.81406348552912,162.08868408203125,1246300
2020-07-23,162.2825900219979,164.77640052525766,162.01474219968696,163.2339324951172,943800
2020-07-24,163.5848809395386,164.1944829954008,161.4605191074243,161.95928955078125,910800
2020-07-27,161.34974843628217,163.19701784130038,159.70567979329974,162.55970764160156,887100
2020-07-28,161.5437339578242,163.6126811509609,161.31282523913458,162.3657684326172,850000
2020-07-29,163.21549259040546,166.95620181738695,162.56893703130288,166.4851531982422,1886900
2020-07-30,164.60090843923223,165.5614821063609,162.8182865473243,164.44387817382812,1235700
2020-07-31,163.30785618854065,163.40945657372245,160.1213191529993,162.84603881835938,1409600
2020-08-03,163.8343211975972,165.21052782698112,162.40268464979852,164.0559844970703,840600
2020-08-04,163.40946305862423,165.21979342273877,163.1416151744505,164.5085906982422,672800
2020-08-05,166.25423034510803,169.57007522342892,166.20804579574747,168.85888671875,1366100
2020-08-06,168.10152457413488,169.2468367383172,166.48516376092206,167.41802978515625,968100
2020-08-07,167.55656075100757,169.68092320781653,166.12492426314418,169.48695373535156,1254600
2020-08-10,170.87240604206576,176.73749156254962,170.31821962829474,175.40745544433594,2631100
2020-08-11,177.61493377509763,180.89383937537286,177.5318100447764,178.4646759033203,1909900
2020-08-12,176.6820799207438,178.09525401267135,175.11190371071555,177.6241912841797,1629000
2020-08-13,174.15132791771845,176.57124635532725,174.05895880901926,175.02877807617188,1324700
2020-08-14,174.77015612797234,178.45546359279152,174.0404768348336,176.5343017578125,900600
2020-08-17,178.49242879765663,179.40683234227694,176.59897459972206,178.25228881835938,1025900
2020-08-18,179.0096463727659,179.942526478308,177.24550064018305,177.45794677734375,1120900
2020-08-19,178.26152517787548,179.73934656806514,177.28247449663328,177.3286590576172,1512700
2020-08-20,175.68460306412769,177.38408792218797,174.91798439484444,176.5066375732422,1558700
2020-08-21,181.73434227540912,187.4516428130093,181.03238503974782,184.26510620117188,6446300
2020-08-24,188.76321125915493,190.7120809586446,187.1838038803899,189.7145538330078,3177900
2020-08-25,190.26874021927236,193.40909243013303,189.66838332687286,189.8992919921875,2706800
2020-08-26,190.81367014959832,196.07838459277352,189.12341712692577,194.89613342285156,2039900
2020-08-27,195.0346488572191,196.2261310660927,192.87334768193614,193.80621337890625,1875400
2020-08-28,194.26806558927842,194.7021749753656,192.8087212414708,193.8708953857422,1261400
2020-08-31,193.96330670151843,195.28409769177313,191.90360505750067,194.0187225341797,1944500
2020-09-01,192.59629691774336,201.0937326916788,192.36538826033453,201.06602478027344,1873400
2020-09-02,201.57409223003128,202.93183670483864,199.20034369463662,200.53038024902344,1983000
2020-09-03,200.67811205031043,202.026610798657,193.10431044846584,194.71142578125,1975200
2020-09-04,196.90964194350119,197.6577836359412,192.28222406374482,195.20091247558594,1662300
2020-09-08,193.8339965715191,196.95588665520035,192.08832739136176,194.1849822998047,1918500
2020-09-09,194.75764113954602,200.70585170954837,194.75764113954602,199.06178283691406,1569200
2020-09-10,199.4312168561866,201.56481090931692,197.29762280305627,198.68307495117188,1840300
2020-09-11,197.7779168538615,201.82342754329042,196.73420505887202,199.46817016601562,1902400
2020-09-14,201.2599648206497,202.38680011040427,200.1516061682725,201.65713500976562,1249300
2020-09-15,203.02415711320515,204.08634555783956,198.7569689736662,199.2926788330078,1740200
2020-09-16,200.5764878310241,202.20207961049525,198.45212548831566,198.9508819580078,1572700
2020-09-17,197.47307969375575,204.6774323703945,195.81976587243514,203.14419555664062,2094000
2020-09-18,202.71010880585047,208.16879326716972,202.691632165651,205.01919555664062,3063600
2020-09-21,199.735999931474,200.84435873088148,194.12953064826382,197.85179138183594,2134000
2020-09-22,198.66456129288468,202.3313917558143,198.14732817559758,200.96441650390625,1622400
2020-09-23,200.96441365249436,203.8184411228807,198.0087858145435,198.16580200195312,1683500
2020-09-24,197.3807707339444,202.62702417292755,195.2379451442835,199.9854278564453,1025900
2020-09-25,198.53531003831444,204.05864254657513,198.42447836521774,202.50694274902344,1225400
2020-09-28,205.10232900888235,207.226691738908,204.58509580718172,204.9545440673828,1191500
2020-09-29,205.42721447352662,206.1130582422695,202.10925061318642,204.06480407714844,892800
2020-09-30,205.17695866383403,209.5144175246472,204.12039708425277,205.40866088867188,1883900
2020-10-01,207.14178302271577,207.40128837568105,202.57262206902334,203.00820922851562,1383800
2020-10-02,199.49559169029632,209.9407306946483,199.28242962873236,208.33734130859375,1403600
2020-10-05,210.62658787807837,214.20407083776047,208.3929891520086,210.3485565185547,2071500
2020-10-06,210.63584595988945,213.75918717978269,209.46805778762382,209.57000732421875,1385800
2020-10-07,212.48952705130523,215.51091963663538,211.41442509751244,213.6943817138672,1029200
2020-10-08,214.083589506564,217.62399209457982,213.82408415003852,217.09571838378906,1148300
2020-10-09,217.81864428148086,219.6629850486712,216.48403712529384,217.62400817871094,1091500
2020-10-12,219.78346404385942,220.2190653623078,217.8649769566772,219.20884704589844,1234800
2020-10-13,218.85668006559018,220.19128730886575,217.32745084882714,219.85763549804688,1311300
2020-10-14,220.01514281075737,223.04581157880594,219.7370973393986,221.01609802246094,1062500
2020-10-15,217.48500063969288,221.8317370585592,217.21621811351227,220.802978515625,1225200
2020-10-16,222.43417033146264,225.58531542103157,222.1654019314516,222.48977661132812,1652600
2020-10-19,222.6658471722421,225.12188519913894,219.75566767498344,220.7380828857422,905500
2020-10-20,222.24876514619393,224.32480792014636,220.3580671719378,221.38682556152344,968100
2020-10-21,221.9892637548454,224.21359937856494,218.78249885296907,219.0976104736328,1506500
2020-10-22,218.7824904389854,220.5805018343012,217.6888628062769,219.54248046875,1246400
2020-10-23,219.76495251896847,222.43416704899107,219.76495251896847,221.99856567382812,820500
2020-10-26,219.74642232641293,220.10787727528927,214.78798845712504,217.10501098632812,1010500
2020-10-27,217.0587026378367,217.4201576448807,211.3124886690918,211.78515625,1395700
2020-10-28,208.53201968525238,210.84904212619963,206.22426024295515,207.0213165283203,1375200
2020-10-29,205.8164531700239,212.98994479459932,205.50132740536753,211.33096313476562,1190700
2020-10-30,210.9695091277916,211.85923772991052,206.31692460702192,209.37539672851562,1306200
2020-11-02,211.7666193672957,215.24215354181396,210.84907325410836,214.74166870117188,1435900
2020-11-03,218.36543993975096,223.93555619594122,217.26253511409035,222.39706420898438,1571800
2020-11-04,220.02444132983823,222.43415028134578,216.13184652831114,216.2245330810547,1992600
2020-11-05,220.41373372777886,229.0052433871549,219.95959220490786,228.01356506347656,2031800
2020-11-06,228.5325688367267,232.04516878450073,228.09696746789683,229.51498413085938,1481600
2020-11-09,241.5171397169,246.41068981784485,230.17300727470155,230.65493774414062,2219500
2020-11-10,231.22956799112583,238.0972115022642,231.22956799112583,235.3816680908203,1852800
2020-11-11,235.3724129278456,235.65972144666353,227.95794114629345,231.09982299804688,1659000
2020-11-12,232.49002777068614,233.7412113518862,228.80131801495577,229.85787963867188,1275700
2020-11-13,232.4622600348494,234.10270192281712,230.84960714591492,233.3612518310547,976700
2020-11-16,236.33624763830346,241.28540331241857,235.04798395215033,240.13616943359375,1927500
2020-11-17,237.72647457016143,240.71080025557805,234.94604796700162,239.31130981445312,1411100
2020-11-18,239.52448482590427,241.52639536413884,238.42158001617372,238.49571228027344,1618400
2020-11-19,238.4586889873521,240.53473203952635,236.33628851607006,236.8831024169922,1700400
2020-11-20,237.85622409471483,240.65517648950612,236.7996484860302,239.63568115234375,1614900
2020-11-23,241.61908720279186,243.52831123977475,241.11860248627363,241.99905395507812,2094900
2020-11-24,244.35316841161068,244.8351271563044,240.97959861857404,242.36981201171875,2345300
2020-11-25,243.76002440010504,246.41068434913916,235.88213439610834,237.66160583496094,3037900
2020-11-27,239.69129860246926,243.0092901015212,239.25569731462596,242.777587890625,1072200
2020-11-30,243.6951352629956,244.8907266675983,239.21863242165122,242.47174072265625,2342200
2020-12-01,243.95470008711294,245.928808057483,236.44754048479197,236.45681762695312,2086400
2020-12-02,236.456741893513,241.3780945299632,235.77089826654623,240.04348754882812,2773200
2020-12-03,239.57082311114314,240.7942176452568,233.49095899998576,234.18606567382812,2079900
2020-12-04,235.27971754311304,237.0313858700807,234.2880251913996,234.8441162109375,1655000
2020-12-07,234.60312952622854,234.94604427646448,232.2026838486346,233.56509399414062,1598400
2020-12-08,234.59388422216932,236.18799679729327,232.8792960963323,234.11195373535156,1303600
2020-12-09,234.0192596478473,236.79968649514845,233.18513725044986,236.17872619628906,1373800
2020-12-10,235.02948718933365,235.63192151497137,232.27686337162018,234.8997344970703,1158900
2020-12-11,233.03682734647867,237.26307358193998,232.4622103655814,237.04991149902344,1403600
2020-12-14,239.11670993170134,239.8118166466191,234.02852368738988,234.22315979003906,972900
2020-12-15,237.5689247188253,244.77949718842692,237.24455007286602,242.81466674804688,2051100
2020-12-16,242.6756654284869,243.17615020853887,240.63670259666048,242.00836181640625,1210700
2020-12-17,243.77854882855777,245.27072589578037,242.3976125901425,245.16876220703125,1525000
2020-12-18,245.60438442992557,251.5823137796366,245.19658620815486,250.88720703125,3274100
2020-12-21,246.4570889943162,252.09207589285714,246.14194900955724,248.15313720703125,2147000
2020-12-22,247.99558194170461,250.77600941446025,245.81760304855607,249.55264282226562,1531700
2020-12-23,250.86864059543942,251.51741817608792,248.22722942274862,248.32919311523438,938600
2020-12-24,248.31991127995357,249.84914036661007,247.75457140564782,249.5062255859375,289900
2020-12-28,253.4174192281109,253.53790894310885,247.82876118206391,247.92144775390625,691900
2020-12-29,249.4691889085242,249.81210371024915,243.61174928889108,245.91949462890625,892800
2020-12-30,247.23933865545843,249.43287706732642,246.77460305648202,247.37875366210938,792800
2020-12-31,247.94579547990068,250.20440413543446,246.7281902360426,250.0742645263672,805300
2021-01-04,252.63950419131044,254.44268015734954,245.24092315072713,248.7636260986328,2800000
2021-01-05,248.7730544140291,255.38161187726007,248.58717712336355,254.93545532226562,1829200
2021-01-06,255.6045625442219,272.186324215993,255.27924197339672,269.8812255859375,2778300
2021-01-07,273.04150908404665,279.3619028307197,272.79053366927354,278.5904541015625,2227300
2021-01-08,276.5641689234926,279.28754134037143,269.90917949828855,273.180908203125,1781000
2021-01-11,269.0633038601616,274.36127210356864,268.6171475213161,274.11962890625,1303700
2021-01-12,275.23499166164373,282.15025926832016,273.1715645795676,280.783935546875,1952300
2021-01-13,280.3563978686984,282.5592400371333,279.408319106945,279.9753112792969,1203800
2021-01-14,281.5369102267199,284.74359823128947,280.65392932539976,281.4904479980469,1370800
2021-01-15,278.99008803380275,279.89167626226475,272.3443744067905,274.5657958984375,1766300
2021-01-19,277.21471577549556,278.6275014331885,273.63624688121223,274.18463134765625,1509600
2021-01-20,275.9321329920618,280.87692698488553,275.13280131051243,279.715087890625,1327500
2021-01-21,280.7003113891801,284.5576113196648,278.84136892964915,283.9534606933594,1931000
2021-01-22,281.5275050998879,285.3104307850343,280.0589249295076,283.6466979980469,1429900
2021-01-25,281.75992515321735,283.953463663104,275.47669049742154,277.1683349609375,1539600
2021-01-26,279.7150372147858,280.84899309995427,274.5657593396559,275.13275146484375,1364200
2021-01-27,269.3514569276385,270.141513091165,259.2759928998699,260.9304504394531,1769900
2021-01-28,267.0184624048746,276.313173611345,262.79865557487886,272.2978515625,1504200
2021-01-29,271.4985155634634,272.2885716761038,265.36400059471237,268.4312438964844,1734300
2021-02-01,271.51712003952287,273.2831096310918,269.22132506092044,271.60076904296875,1163400
2021-02-02,275.3372189082673,282.7636835089068,274.8631795966672,281.2021789550781,1637100
2021-02-03,280.9418511390301,281.00689253702933,278.3393158979369,279.9008483886719,1185300
2021-02-04,281.49039066700215,287.72713518737896,280.65387216472845,287.45758056640625,1459000
2021-02-05,290.0135549215107,290.94302599750904,285.3569241190995,287.42962646484375,1228100
2021-02-08,289.9950825733217,294.81904150457603,289.9950825733217,294.67962646484375,962300
2021-02-09,293.7314863403077,295.8227965967519,291.0825160409802,293.09014892578125,1066500
2021-02-10,295.1536172136332,295.3859850522096,289.4094910516766,291.5194091796875,1070000
2021-02-11,292.49531325961163,293.54562032249544,287.2530817346661,292.2815246582031,995400
2021-02-12,291.9003717323985,293.51767064677404,290.25521818635326,290.9244384765625,1721600
2021-02-16,294.4657318970648,298.98297611589084,293.77793237166753,294.7259826660156,3099600
2021-02-17,292.0026517602047,295.10708191097075,289.428026957842,290.0693359375,1999600
2021-02-18,288.91676397915063,289.49303146419453,277.4842819562624,279.07366943359375,3110900
2021-02-19,297.4307528409091,311.5680003696206,293.592032648623,306.7254638671875,4870100
2021-02-22,306.26070791628723,314.672409488695,305.34981608491063,313.7057800292969,2312500
2021-02-23,308.13831546148424,314.87698239297845,304.86658669380785,313.6129150390625,2222700
2021-02-24,315.4903902978504,322.1454072339955,314.3564343434892,321.281005859375,1941300
2021-02-25,321.3274762388539,328.1219083492152,318.1672798748827,323.4838562011719,2883000
2021-02-26,321.782938757394,329.4138893190256,319.7938567866334,324.4969787597656,2537800
2021-03-01,330.01804707264046,337.6861845904412,329.34882666375125,334.1542053222656,2098800
2021-03-02,334.4886922505358,334.4886922505358,325.28693590337207,326.65325927734375,1882000
2021-03-03,325.259114992821,326.5882518417833,318.63198159309945,318.8643493652344,1929100
2021-03-04,316.6430007208387,319.29197123759303,307.45051593491667,314.1148376464844,2499400
2021-03-05,319.087355346149,327.02504494162895,310.57342668416237,325.15679931640625,1979700
2021-03-08,329.43246309194114,334.52597536320195,324.5899261926884,328.75396728515625,1764200
2021-03-09,329.70204155947505,332.1837422673173,327.0530428349813,327.8152160644531,1456800
2021-03-10,326.4489385624217,336.18050502608105,326.25375751527406,335.74365234375,1403200
2021-03-11,339.25701887147926,340.9486634170648,335.3346489159457,338.7550964355469,1675700
2021-03-12,337.90923676301406,344.61074440606274,337.7140557571145,343.4302978515625,1941500
2021-03-15,343.0584886436872,348.3007193202671,340.2421923145226,347.9660949707031,2004400
2021-03-16,350.01102148610676,350.01102148610676,344.8338594304034,347.1761169433594,2047000
2021-03-17,349.5555209742197,353.9333508062666,345.97707949971755,352.5112609863281,1753000
2021-03-18,354.1285237590025,364.74309724055513,352.39041717032495,353.58013916015625,2753100
2021-03-19,350.87531548471276,353.0502743013762,345.6795758062604,346.2093811035156,3042100
2021-03-22,347.3619189712906,347.3619189712906,342.6587977677102,345.38214111328125,1398500
2021-03-23,341.36690017069816,345.3264568235402,330.79881646058107,332.27667236328125,2911200
2021-03-24,336.01307157596153,342.0453293122388,335.3624305273839,335.45538330078125,1860600
2021-03-25,332.0722232834461,341.8502801652229,328.53093966351594,340.9300842285156,1970600
2021-03-26,344.86166372469927,346.59977015650276,341.79442041742334,346.0328063964844,1586100
2021-03-29,344.35983574518224,346.2187784687216,341.58072545035964,342.017578125,1413400
2021-03-30,341.95230094222364,349.6951423209305,341.4398497397828,348.4000244140625,1278200
2021-03-31,349.37832050586377,353.5991471326659,343.1821883049829,348.60498046875,2053300
2021-04-01,349.9933220798321,350.33806509432634,344.08602939440203,346.7228698730469,1561900
2021-04-05,349.96530799588425,352.14559959809856,348.390648210715,349.2292175292969,1419500
2021-04-06,350.14231545585534,355.7793911793747,349.4248498088519,349.9745788574219,1309700
2021-04-07,350.10513506546107,353.0215177194933,346.99309283260584,349.2106628417969,1299300
2021-04-08,346.8812503747603,348.9683614857035,343.47104161935795,348.5397644042969,1250700
2021-04-09,350.0026089477128,352.2760529520697,347.0955248523889,351.269775390625,1224500
2021-04-12,352.04311248507713,353.2730293880125,350.15166100159917,352.44378662109375,1165100
2021-04-13,357.36351661028766,358.16480821643233,350.92511865058134,352.8258972167969,985100
2021-04-14,352.0618249169779,356.84170807617306,352.0618249169779,355.46270751953125,1077100
2021-04-15,358.0529822476441,359.60901766477053,352.8351751998191,356.0590515136719,1127000
2021-04-16,359.7114609612855,359.7114609612855,354.8290992699688,356.925537109375,1092000
2021-04-19,356.6926431568853,357.49393473584195,352.7047531613588,354.7359619140625,1145100
2021-04-20,352.52770324782875,354.75457149907464,341.6075894755408,344.9991455078125,1807400
2021-04-21,345.4091207801133,350.17967742166667,342.2784536471291,349.96539306640625,1819900
2021-04-22,350.21693536802223,351.4934285641896,340.64787126246614,343.219482421875,1880200
2021-04-23,343.7133676001268,351.9127585271051,343.7133676001268,350.58966064453125,1301300
2021-04-26,351.28841996081655,357.60568463621576,351.28841996081655,354.4843444824219,1235700
2021-04-27,355.46268556294064,357.32618588043965,352.69538645406425,356.26397705078125,925700
2021-04-28,355.1644817442621,358.26722537362116,353.64572459391735,353.878662109375,891000
2021-04-29,356.71118679522147,356.71118679522147,346.6762489632618,350.701416015625,1104500
2021-04-30,347.12350898441105,348.0366343731214,343.4524110977346,345.53955078125,1196700
2021-05-03,350.80391138904093,351.96859900985453,346.49923049207507,348.2602233886719,924600
2021-05-04,346.47129566208196,354.99680376637,342.77224646444887,353.6737060546875,1692300
2021-05-05,356.54350566486215,357.1770889244901,350.19828959871126,353.0028381347656,1460800
2021-05-06,353.9160049064927,364.3143409135362,352.7792684854334,363.2987365722656,2010900
2021-05-07,361.34202281369994,369.81162825136346,358.0995220604188,367.3145446777344,1597200
2021-05-10,370.836599574516,373.01689174778284,364.5752367558674,364.6870422363281,1601300
2021-05-11,359.8605365345146,362.6185089590274,351.7450008596951,357.0466613769531,1588500
2021-05-12,358.51883052202163,362.0128936716728,347.0024120294554,348.12982177734375,1631600
2021-05-13,343.32204916793285,353.9160459919079,341.45854848657183,352.3041076660156,1483400
2021-05-14,355.7515788314049,360.3171496024297,354.6521203046432,357.7921142578125,1143600
2021-05-17,355.9192138089776,359.3294226083147,352.9283039311456,357.37274169921875,1170200
2021-05-18,358.93814657824447,359.9537509033016,344.458740234375,344.458740234375,1664800
2021-05-19,337.12586122496714,337.4612776453342,327.0629420925656,333.9579162597656,2800600
2021-05-20,333.5106186238413,334.49827141228377,326.6063472697068,330.97625732421875,2947000
2021-05-21,333.3801888892734,343.2474478995266,328.1344594835764,335.1971130371094,3614400
2021-05-24,336.86494659028205,337.7500921440683,331.9918832226434,334.8337097167969,1914700
2021-05-25,337.0886330112622,342.69775975737457,335.77486163472105,336.0730285644531,1682300
2021-05-26,335.1319079809914,336.5947626318584,330.482483542307,333.3243103027344,1949800
2021-05-27,338.5793569089252,338.69116237170147,334.2280714175062,337.48919677734375,3337100
2021-05-28,337.8526424487591,338.72848994846026,333.17523804934217,336.45501708984375,1348100
2021-06-01,339.5390393651785,344.048706198096,337.29351833097024,339.7253723144531,1483500
2021-06-02,339.6322930410218,340.37768186780744,331.47947834597477,332.3646240234375,1882700
2021-06-03,330.98559519898447,338.62592888748264,330.3613101264642,334.4144287109375,1336800
2021-06-04,335.68160650194704,336.77176665690746,331.0601338546282,332.29937744140625,1279300
2021-06-07,332.7000198700635,335.15052721826424,328.86121395179373,331.17193603515625,1537000
2021-06-08,332.56022823115717,334.93617939812094,328.37665132356943,332.243408203125,1521700
2021-06-09,331.4887332901906,331.61919195698624,325.3764547162904,325.67462158203125,2000800
2021-06-10,327.86425381839615,330.21225400633875,317.51249466101115,318.13677978515625,2232000
2021-06-11,321.80790069062533,322.8514564041883,315.50926000335676,318.2579345703125,2028400
2021-06-14,317.76402931876,319.0591470382191,309.18259130909,312.639404296875,2775000
2021-06-15,313.8973095620448,315.8912400199814,312.8444273836372,315.02471923828125,1722400
2021-06-16,315.0247776710611,316.79509752912435,312.25747818172505,313.5898742675781,2264600
2021-06-17,312.8257451677449,313.9159052113303,299.9303281979132,305.96807861328125,3387800
2021-06-18,301.98947206375436,309.2012362372939,301.37454210015864,306.5177917480469,2930600
2021-06-21,310.2448662740475,315.63970791191093,309.8442205110433,314.81976318359375,2010700
2021-06-22,315.6677091522763,319.26425185588886,312.75132600616047,318.7518005371094,1677400
2021-06-23,319.29216328919426,325.3392416420979,318.18337823620897,324.0161437988281,3352700
2021-06-24,325.702624082199,330.5290836857345,322.87942188436335,326.6902770996094,2140200
2021-06-25,329.9233606950968,331.60052778953695,323.44771512626323,326.1031799316406,6604800
2021-06-28,326.4665887108782,326.9976930663912,321.54694955951976,326.0100402832031,1304200
2021-06-29,327.7008716150743,329.47578517905555,325.16932488531035,325.9540100097656,1213400
2021-06-30,325.2440430642513,330.12032257237786,325.2440430642513,329.4850769042969,1643600
2021-07-01,332.2408751974444,332.73597517066054,328.74715193392234,330.9610900878906,1467900
2021-07-02,331.2226440281944,332.4744056573679,328.0838750484036,329.2889404296875,1131800
2021-07-06,329.28891338213003,329.75598985501244,321.5915022316145,326.43975830078125,1924000
2021-07-07,325.44024217655897,329.34499506029607,325.2907742684811,328.70977783203125,1309100
2021-07-08,322.28280872935295,324.4780741426055,317.1449668510589,320.956298828125,1621000
2021-07-09,326.20618126654034,327.6260833123141,324.6648062828855,326.4677429199219,1325400
2021-07-12,324.8330304910144,331.3907742384022,323.0394442010496,330.95172119140625,1608000
2021-07-13,332.55838930658877,332.55838930658877,327.49526870111845,327.6727600097656,950100
2021-07-14,330.1203920181259,330.1764389259108,321.84378036876376,322.8153076171875,1409400
2021-07-15,320.32103248679755,324.82365643013236,319.7698856816634,323.3103332519531,1516200
2021-07-16,324.7302277551021,325.5149127730761,319.4802929986976,319.9380187988281,1153900
2021-07-19,312.9412885369257,315.1272033702128,307.27097237731493,312.89459228515625,1848600
2021-07-20,315.22054480309464,326.2902619464224,312.94120953360624,325.11322021484375,2053900
2021-07-21,328.8218285233711,331.2506318220357,327.8036052594252,329.7559814453125,1478900
2021-07-22,329.3729952445533,330.9236926097217,327.9717657769045,328.1959533691406,810600
2021-07-23,329.10209565177144,332.25021525787633,328.40148089079713,331.3440856933594,796800
2021-07-26,332.22215478574316,333.3898459239091,327.943718490976,332.0539855957031,865500
2021-07-27,329.19548302810614,334.0997858539604,327.4579722822555,330.2417297363281,986900
2021-07-28,330.97978964464113,333.380570004824,327.9904882576027,330.2791748046875,1250400
2021-07-29,334.92185136494254,338.26610633587154,332.68924066969913,336.10821533203125,1392600
2021-07-30,336.02412250728645,337.9858492453715,333.6140206346105,337.78033447265625,1053900
2021-08-02,339.938341608042,343.2172284416977,331.8579221812501,332.5118408203125,1148300
2021-08-03,334.034469676901,342.69408759259716,331.0264954039919,341.7692565917969,991500
2021-08-04,340.3399650346907,342.46051068387635,336.80886767847045,336.9209899902344,825500
2021-08-05,339.89157439154786,340.9658446387924,337.5374905888659,340.33062744140625,794400
2021-08-06,342.8342007485657,344.4129218283004,341.4983686066644,342.72210693359375,665400
2021-08-09,340.88175537302266,346.4960237081058,339.3497308557817,345.0013732910156,923300
2021-08-10,346.5707737667129,352.5680487565851,345.1882170208504,351.8207092285156,1184000
2021-08-11,352.54927505876833,360.87258025921625,350.7370162739481,360.65771484375,1651500
2021-08-12,360.6484380942138,362.9370957285756,358.4157988484062,360.2280578613281,1314000
2021-08-13,360.7232368236413,361.741460346481,357.44437861944124,358.7148132324219,814300
2021-08-16,355.912416231626,358.10768224333555,353.67977610471166,357.8087463378906,910400
2021-08-17,356.37935756169463,357.41625367307796,349.47595343906903,351.5497741699219,1206300
2021-08-18,349.6068029047749,351.2509215079582,346.9631621357883,347.140625,1374500
2021-08-19,344.2913651827603,344.2913651827603,331.51216129402,335.3421936035156,2281000
2021-08-20,339.0974612132455,342.99289087321756,322.058523524455,328.289306640625,3498300
2021-08-23,330.83028761370355,339.32173517744644,329.0554025704415,338.91070556640625,1946800
2021-08-24,340.96581729477,348.43904068753204,340.95646664294185,343.7496032714844,1638700
2021-08-25,344.70245519055874,354.3335702893553,343.55343674367884,351.587158203125,1657500
2021-08-26,350.57823744848326,357.75252462530364,350.3727226774142,354.80059814453125,1490400
2021-08-27,355.0528558273987,357.677851956234,353.21257329712887,354.501708984375,1115600
2021-08-30,355.9123229980469,358.37850080979035,351.942172413423,355.9123229980469,1378500
2021-08-31,355.91231413303007,356.3793906607637,349.1864007304302,353.13787841796875,1589800
2021-09-01,353.29666193876034,354.66986793441754,344.87993462123603,351.9047546386719,1895400
2021-09-02,354.1280520468963,359.63954896275874,352.9229867126746,359.6022033691406,1333700
2021-09-03,359.39669336097467,367.12212839533925,358.7147514091865,363.703125,1902000
2021-09-07,360.0786041090477,361.69469904719887,345.879495743584,347.26202392578125,3627000
2021-09-08,347.0284230835594,347.88785622425036,338.25674290004787,345.8514099121094,2427100
2021-09-09,344.53422236894903,346.79485604808644,339.125469991314,340.8162841796875,1725300
2021-09-10,343.3292477080072,344.1980031478636,338.9106937968152,339.1629333496094,1235500
2021-09-13,341.8999504232845,342.56319097872756,333.483223941917,337.7149353027344,1832900
2021-09-14,338.6491350108891,338.6584856634691,331.64298751681014,332.539794921875,1410800
2021-09-15,331.6989904120094,337.07036944488794,330.70879064485587,336.0801696777344,1403500
2021-09-16,336.83685915421097,337.51880107261957,329.93348365769197,331.93255615234375,1681800
2021-09-17,328.3640865758144,330.998376020075,325.0571774124056,326.1034240722656,7677100
2021-09-20,318.20991547842203,319.94742650490156,312.6330205096773,317.3598327636719,2410000
2021-09-21,320.1808304784145,322.2079543338232,311.7547835832909,314.76275634765625,1503800
2021-09-22,319.1532984503199,322.77781587597553,317.52788170074314,318.3966369628906,1336800
2021-09-23,322.282832486192,329.1114896417014,322.2454583784208,328.3548278808594,1497600
2021-09-24,326.8227798947818,330.10166629817155,325.571018200005,326.2529602050781,1193200
2021-09-27,325.81393278421234,332.3716775994295,325.81393278421234,329.2142639160156,1291500
2021-09-28,327.6354712797529,333.0815703825563,327.3925823924908,330.63409423828125,2018700
2021-09-29,332.4330017522955,333.2200215825916,328.67589346161776,328.7414855957031,1320600
2021-09-30,330.2219764560293,330.2219764560293,313.816273995243,313.9380798339844,2079500
2021-10-01,316.77688763731913,322.9231626210691,312.60752652686756,320.6183166503906,1740800
2021-10-04,319.25039244262115,320.95561656998467,315.577632806821,317.095458984375,1464500
2021-10-05,315.5588765715623,319.62518906692964,311.7736895944593,316.9549255371094,1401400
2021-10-06,312.46698934076164,317.245350818378,308.878550439858,317.0579528808594,1534700
2021-10-07,319.70945564317685,325.82762311925876,318.9598925615763,322.3890686035156,1139200
2021-10-08,322.3610157583731,323.56028829685926,319.8968785396064,321.52716064453125,1168200
2021-10-11,321.38657909395147,322.34226855304127,311.5019525565457,311.6143798828125,1052100
2021-10-12,312.29833537229746,313.3664235116089,309.05652846401586,309.7498779296875,1410000
2021-10-13,311.1083953532484,311.88606526570163,306.3768981191525,308.2507629394531,1771800
2021-10-14,301.251943889475,311.88613483533595,300.28690443547384,308.9722595214844,2403800
2021-10-15,311.95170111093233,314.8093339251716,310.7524286016005,311.773681640625,1435000
2021-10-18,309.8341850441732,312.27021506094206,307.91348501545815,310.9116516113281,1154000
2021-10-19,313.78810749601223,322.1549089383296,313.0291943605182,321.45220947265625,1433600
2021-10-20,321.9767343156407,324.23474427518244,320.38396678330264,322.35150146484375,1001900
2021-10-21,322.2391479601525,323.3072646024859,319.269088314962,321.3022155761719,876400
2021-10-22,323.2792241061412,324.2910987075807,318.2572506292689,319.2222900390625,825700
2021-10-25,318.82872977961205,331.4398316947612,317.7325063066258,330.47479248046875,1564800
2021-10-26,331.07442786633277,331.53354419761206,319.49395682167403,319.6344909667969,1386300
2021-10-27,321.1242585885701,324.253609928518,316.7019357324046,316.8987121582031,2003100
2021-10-28,317.88247493921244,327.72964520551943,316.8987071972714,327.64532470703125,1897900
2021-10-29,326.52092706538593,327.32667516941706,319.0723033752253,320.7213134765625,1562500
2021-11-01,325.2280124316128,342.57064256195616,323.9725262833986,336.1245422363281,2391200
2021-11-02,337.35199025882184,337.35199025882184,328.3855373356772,332.8921813964844,1371300
2021-11-03,324.3192308179648,325.14373612416784,314.2940686267804,321.41473388671875,2948400
2021-11-04,323.0823662975654,328.73206716538243,322.60455024722864,328.72271728515625,1334000
2021-11-05,330.5498311722103,336.0589997905664,328.8727422968908,332.7984924316406,1422900
2021-11-08,336.35879010474724,342.40201657304215,335.4218575417813,338.1014709472656,1540500
2021-11-09,339.16964140365934,340.2658652564829,329.80031429306104,333.3700256347656,1394500
2021-11-10,331.58032421677507,333.16374203851296,328.05747832918684,330.3716735839844,1067800
2021-11-11,330.8027890065204,335.98402496948967,330.0438759130465,333.557373046875,782400
2021-11-12,334.691045588864,336.4993185423064,331.23376220294097,336.22760009765625,1011100
2021-11-15,339.27267734277865,340.80926065493605,336.9584810838882,338.37322998046875,975400
2021-11-16,337.18331454800483,343.10473554565556,335.6092746148311,339.1789855957031,1162200
2021-11-17,337.29563593957704,337.679781622768,327.1767782985519,331.22430419921875,1647600
2021-11-18,341.4930747673969,342.65486160084316,334.3911123420905,334.5878601074219,2228000
2021-11-19,331.4210854317538,332.4704450729715,323.73822884112946,324.3191223144531,1742000
2021-11-22,325.83702380546094,332.329988131196,321.47091467542737,327.1393737792969,1707000
2021-11-23,326.97079319147923,330.8121944958428,323.1480916552779,327.2518615722656,1680300
2021-11-24,336.6116668510391,351.012340736062,336.19941433969825,344.659912109375,4482900
2021-11-26,332.61100312888,338.51366583175053,326.79266091114675,336.6398010253906,2308700
2021-11-29,342.91727377000586,343.85420621200046,324.5159068846366,326.1368103027344,2902000
2021-11-30,324.3659984251969,330.01569948118555,320.290336890908,323.74761962890625,3681500
2021-12-01,331.3180276519844,331.42110508334406,319.8687126860519,320.0092468261719,1755200
2021-12-02,323.12930988956566,331.78655770198793,321.79885305692426,328.5072937011719,1969800
2021-12-03,330.381130832167,330.7746550597805,323.2417098163073,327.21429443359375,1379600
2021-12-06,330.50293668517355,335.32813330232113,328.4042170519856,332.1519470214844,1543500
2021-12-07,337.005214731044,343.8260814084779,336.49926323280175,338.5511474609375,1478900
2021-12-08,339.4319383005366,341.04346350256196,335.19701327796463,338.28887939453125,1182900
2021-12-09,337.15517780366764,341.3338888958863,335.4218468985981,339.0946350097656,897900
2021-12-10,339.97529020276653,341.0434069050324,334.80343344644507,335.75909423828125,1200600
2021-12-13,336.47113675142435,338.6729334649843,327.34542492622086,329.25677490234375,1375000
2021-12-14,327.81388502230305,332.00197364058215,324.18796151516386,326.5677490234375,1799800
2021-12-15,327.4484985909305,328.0949842408086,316.70188271207047,322.24853515625,1982700
2021-12-16,327.7108605093998,329.5847254538081,325.11556785484186,326.32421875,1945200
2021-12-17,327.27059534142325,328.2824987148112,320.0187450681216,325.1437683105469,2976500
2021-12-20,321.31158299361175,321.83626282315436,315.10909539994896,317.301513671875,1784700
2021-12-21,321.15230941153396,330.287400338755,320.58079437042664,327.7483215332031,1518500
2021-12-22,327.0643463424254,329.4254342662895,321.8737614851939,325.11553955078125,1582400
2021-12-23,326.05249788936544,329.32238304317997,324.4597012613627,327.195556640625,997800
2021-12-27,327.9264204007595,329.57543097879324,326.47418626186493,328.6291198730469,953100
2021-12-28,327.2518191556693,330.8683938795607,326.88643030800665,327.7109069824219,718700
2021-12-29,326.38978675341264,327.27988405133607,323.7101735708816,323.90692138671875,1417300
2021-12-30,324.98769596390247,327.092809379913,321.2567409342649,321.435302734375,1538800
2021-12-31,321.7171927783518,323.23026439365174,320.5236739036866,322.2434997558594,1004700
2022-01-03,323.2866339086385,329.2072788134477,323.277226863769,329.0287170410156,1570700
2022-01-04,332.7879116095701,351.2453393275316,331.4722157400661,348.9334716796875,3034100
2022-01-05,350.5780830138317,363.2745834369668,349.3939424442061,349.6476745605469,3310100
2022-01-06,351.959628712523,355.64357758876656,346.06714603196644,353.6982116699219,1600700
2022-01-07,354.1774613359208,358.99857240757945,353.99889954215433,355.85028076171875,1791700
2022-01-10,358.31246842472126,362.65430711404696,351.4708223264093,356.98736572265625,2120000
2022-01-11,359.8255222088046,360.43637780390577,353.1154316668896,357.63580322265625,1249900
2022-01-12,359.2804863315385,360.7465514621267,350.0893724682274,353.59478759765625,1458900
2022-01-13,355.8784481198367,361.06608945914127,355.78446370658537,357.4855041503906,1325100
2022-01-14,353.980068590151,357.1941231044186,351.0009320753334,356.7054443359375,1309400
2022-01-18,357.7205166327542,364.637334783894,356.64914574867987,360.7936096191406,2685500
2022-01-19,363.9230799547499,364.7313116245167,352.0535664935633,353.2658996582031,1919100
2022-01-20,352.9839538296781,357.21299474134355,343.84922431328005,344.88299560546875,2014300
2022-01-21,345.45624269772895,348.76428206527095,338.1916800655771,342.3455505371094,1493300
2022-01-24,335.0998239328258,343.53909199291866,326.1154634064787,342.1106262207031,2251800
2022-01-25,336.61290084890044,347.9655438721453,329.67726819861105,346.0483703613281,2511900
2022-01-26,347.1384261173704,357.8613961235966,344.46943525191404,349.8262023925781,2296100
2022-01-27,353.06850299780086,359.8255723423165,348.14402937393214,353.3222351074219,2030000
2022-01-28,349.71347183590115,354.4312200945095,342.5899002583466,351.2829284667969,2100300
2022-01-31,351.480326337019,354.1023400104206,344.92060296987836,353.7358093261719,2191600
2022-02-01,352.4200876051858,356.696106529454,348.68913246387143,355.1266784667969,1622500
2022-02-02,355.7750904801611,356.82764709174035,344.77957361130734,351.9313659667969,1642900
2022-02-03,348.98981951452174,354.21503161249575,347.5613252822593,348.5575256347656,893700
2022-02-04,345.9731320321239,350.34313498829067,341.6501069447261,347.2418212890625,1102400
2022-02-07,348.02189232504145,351.95960173761466,346.4994421330719,349.7886962890625,1087300
2022-02-08,353.73580575071543,368.358888543278,351.69648410981097,366.4041442871094,2647500
2022-02-09,368.86632926244476,375.56701392167116,368.86632926244476,371.5917053222656,1630400
2022-02-10,369.14821124678093,375.1722475489413,366.60139727217506,369.4771423339844,1402300
2022-02-11,370.52969781176205,375.66095392545964,363.99819735028245,369.02606201171875,2390200
2022-02-14,370.37944309462983,373.7438966362542,360.8312323539883,363.9419250488281,1799900
2022-02-15,367.22175898311764,372.1556405817392,365.6241096601265,369.7121887207031,1590800
2022-02-16,367.8889542891057,370.31362043621965,362.2032552874172,367.04315185546875,2174900
2022-02-17,363.2557861598831,367.1558955955984,356.27317720552827,357.6170654296875,2570300
2022-02-18,356.902876826548,369.2986688924598,343.9620209531985,346.8753662109375,3729400
2022-02-22,343.23832236147905,348.1627957156272,331.0022806163027,332.4777526855469,2359000
2022-02-23,333.62429028228667,334.5546699705395,316.95248281310904,317.1968078613281,3068300
2022-02-24,309.25568339742017,323.08934777216905,307.07537089683,322.1213684082031,3599900
2022-02-25,322.0649330658967,327.33712300576786,317.6479238364019,326.08721923828125,3424600
2022-02-28,327.0457842518544,340.5693291544231,325.16621077914255,338.3420104980469,3265400
2022-03-01,339.37574803305927,340.08058801552045,329.4985812345654,337.0544738769531,2863200
2022-03-02,339.0562930929576,358.26553828959544,338.6897911410156,353.341064453125,2564200
2022-03-03,355.464954149043,362.84228635002694,353.0215313849106,358.9327697753906,2961400
2022-03-04,356.0570180372502,367.2498821948664,351.9595613820108,366.5826416015625,2404400
2022-03-07,370.5767836711877,381.0741874641035,345.8791846611858,346.7813720703125,5456700
2022-03-08,351.34871089433307,365.57709809294613,342.19519581634734,342.9564208984375,3512000
2022-03-09,347.0162498291525,351.4426372941994,342.3079091372781,346.64971923828125,1744600
2022-03-10,342.55228706715616,356.75245178520544,340.48474464440113,355.38037109375,1768800
2022-03-11,359.91017657782436,368.71597490774843,359.41209068693274,366.0281982421875,2144300
2022-03-14,369.33614540953187,375.4917363610193,363.18055445804447,370.14434814453125,2466500
2022-03-15,368.8569121049231,371.2157861514912,358.7542040008002,365.0789794921875,2197700
2022-03-16,366.5168918169971,376.7417779005924,359.0080036468656,364.8252868652344,2271500
2022-03-17,361.3855894223978,382.7093521624856,360.89688197808516,381.6943664550781,2783800
2022-03-18,383.1135283523007,389.94576874157093,379.7490752135808,388.27294921875,2941700
2022-03-21,390.01155547288226,401.10102919263346,389.4570846548966,396.86260986328125,2750200
2022-03-22,399.40928088435385,410.01007194509583,397.7270549415207,401.80572509765625,2234400
2022-03-23,397.6708528403496,408.80733423304747,395.2274009686993,405.536865234375,2633500
2022-03-24,404.52182180067064,409.25835517795656,400.18938985350604,406.19464111328125,1878500
2022-03-25,406.30741380573426,410.63984578348266,402.34151243929927,410.1699523925781,1457500
2022-03-28,411.6078982693306,411.6078982693306,401.62733677921096,406.56121826171875,1656000
2022-03-29,398.93010511623396,398.93010511623396,384.69234027683734,388.0567932128906,3572900
2022-03-30,389.8751671868649,400.0978546406477,389.6113571962636,391.52398681640625,1693800
2022-03-31,390.2520175072193,396.35734193215694,389.4040302231965,391.43914794921875,1953700
2022-04-01,392.93726685640905,397.5257205632951,389.894035266578,392.70172119140625,1480900
2022-04-04,394.3599262617895,394.5106789203309,384.2597281645478,393.3141174316406,1072400
2022-04-05,394.491947486851,398.0439662703424,387.44440983414,389.7904357910156,1399000
2022-04-06,386.8412897520356,390.770203545753,382.56380177653625,387.4725646972656,1237000
2022-04-07,386.0781460773638,388.6785792033543,378.5878118061767,385.78607177734375,1637300
2022-04-08,389.253353072499,395.6507525514171,384.0901818093195,394.114990234375,1341900
2022-04-11,392.4096692447538,400.95527335913187,392.4096692447538,394.3128967285156,1437700
2022-04-12,398.37368230026044,402.78309028260225,393.37069463700084,395.46234130859375,1119700
2022-04-13,397.91204924097224,403.2165430050523,396.8568091055581,402.5852966308594,1153200
2022-04-14,403.18820286439825,414.00446972501067,403.18820286439825,411.4982604980469,1522700
2022-04-18,407.4939474689795,419.77058478248625,407.2489708082281,413.0999450683594,1525700
2022-04-19,414.3718505979416,415.9924056425884,409.60440946430845,412.50634765625,1207800
2022-04-20,418.9792407918471,420.9295659450396,411.291026259388,412.101318359375,1718200
2022-04-21,415.3611952228236,415.5402122128772,399.04258607264853,399.8245849609375,1641300
2022-04-22,395.46230734764447,396.4798518895966,378.3899347291512,380.23663330078125,2148800
2022-04-25,369.2695903908784,369.2695903908784,350.67091653486244,363.2207946777344,4496300
2022-04-26,362.7686689086977,368.0543297555331,358.1142832354871,359.6971435546875,1559000
2022-04-27,359.82898838013995,367.5172024482711,353.7895939910617,363.23968505859375,1599200
2022-04-28,365.41612104091183,367.50776770560674,353.3184990826963,362.57073974609375,1515200
2022-04-29,363.8238151497,367.42295968048984,354.51504620763416,355.7210388183594,1526800
2022-05-02,353.28075996454464,360.37539339719126,350.11504040640364,359.1882629394531,1563400
2022-05-03,363.5222899399995,368.1295765291853,361.3175861668212,366.923583984375,1468200
2022-05-04,368.6195742061502,375.3750372537812,362.5048172883714,373.43414306640625,1750100
2022-05-05,371.11633362816906,373.2550778684414,357.1908466150777,360.8936462402344,1465800
2022-05-06,361.39301202606555,361.39301202606555,350.1527797236864,355.6362609863281,1516100
2022-05-09,350.4919321763505,352.89448633920995,341.43757106329787,343.4538269042969,1818100
2022-05-10,346.7137647085479,350.01140379842377,339.6568262572154,343.6611022949219,1344100
2022-05-11,344.73526296663744,352.83801167918006,341.24917526239585,342.9827880859375,1380900
2022-05-12,341.86151935974357,346.3180532553855,333.81527218198363,341.9934387207031,1889400
2022-05-13,343.4726376573738,348.6075440644397,342.2289785417386,345.4889221191406,1750300
2022-05-16,347.5899641052414,360.3188295258512,344.8670430075743,352.80023193359375,1896400
2022-05-17,359.45208870077596,363.69191035092666,355.52317465359215,362.0430908203125,1229300
2022-05-18,361.7981714287039,362.8251471628518,346.1108345900395,347.3545227050781,1543400
2022-05-19,343.33135391956733,349.03157623732153,335.69966865925755,343.53863525390625,2253600
2022-05-20,319.99353944115217,324.45947657923716,289.8531217671671,295.1952819824219,8814300
2022-05-23,298.62478088131655,317.76990909614955,297.8992818911362,315.9703369140625,4286400
2022-05-24,313.10609074744144,318.3917206940743,308.28212101809396,317.54376220703125,1900600
2022-05-25,318.0619725955091,325.7407833809446,316.78061812893924,323.1403503417969,2005800
2022-05-26,323.6020506627249,328.74638872530295,320.71897400279494,327.41790771484375,1349900
2022-05-27,333.4290097078176,340.0148567937556,331.95917841836706,339.87353515625,1968000
2022-05-31,337.58401028873186,341.2114190086336,334.2675379250927,337.0940856933594,2705000
2022-06-01,342.0875982689516,342.0875982689516,328.4071191671657,331.78955078125,1714800
2022-06-02,333.41020896846186,340.5142750358714,330.7155800740414,340.2033386230469,1161600
2022-06-03,336.75498895080364,342.6153671155965,336.3780928283796,340.12799072265625,1082200
2022-06-06,342.1725279898454,342.77551000882505,337.8478837884883,341.92755126953125,1011000
2022-06-07,339.8923774582418,347.2037237322195,337.3013752738754,346.57244873046875,987000
2022-06-08,340.0807859207085,343.670498956483,333.5608703493082,334.4936218261719,1772700
2022-06-09,330.8003344157562,333.23115300321587,325.3356577897446,325.3639221191406,1415500
2022-06-10,317.40246534609173,321.284252891969,314.10482638679,315.8478698730469,1327900
2022-06-13,306.20936683961213,314.3875054901458,303.6654621369221,306.1151428222656,1816700
2022-06-14,307.31169798278273,311.30654283275203,303.9292372925319,307.6979675292969,1630400
2022-06-15,309.3939208936369,315.88554393232425,306.6521661294997,311.4667053222656,1442500
2022-06-16,303.89166481216984,305.16361741164656,296.44842603990367,299.2090148925781,1799600
2022-06-17,296.53309800339326,307.60374198367526,296.53309800339326,304.0611267089844,2329100
2022-06-21,311.76827595868707,315.5087427431008,308.89462998271773,310.2325134277344,1425400
2022-06-22,302.4406338879221,305.13526249426707,299.2654829239302,299.5481262207031,1636100
2022-06-23,296.5897246203296,298.76616453639883,278.4998037886214,280.3088073730469,4232900
2022-06-24,283.47450477300026,295.7134488633251,282.042397417984,292.8963317871094,2297000
2022-06-27,299.2654563672309,302.14853275100336,293.2166315748643,297.0984191894531,1708300
2022-06-28,299.98157426487535,301.6680606552699,290.64453992724765,291.28521728515625,1818100
2022-06-29,290.50972445404864,291.01091192716837,281.50725232718816,284.30633544921875,1800800
2022-06-30,281.6017939044258,288.0321263738892,278.29205801543,283.1904602050781,2082100
2022-07-01,284.2495902190403,288.29692351015075,278.32044477332585,285.2330627441406,1373600
2022-07-05,277.89491426079394,278.7743515602581,272.06977485231016,276.24951171875,2147900
2022-07-06,274.0840492339835,276.07936285760024,268.3818462834323,273.422119140625,2083200
2022-07-07,281.630248067843,288.0322144853018,279.47419204065767,287.4459228515625,2051800
2022-07-08,288.13623432616293,291.2757340858993,284.883233637518,288.0794982910156,1516100
2022-07-11,284.2212589720307,287.45535708897125,281.66802209767695,282.1881408691406,993900
2022-07-12,278.0178933487124,284.89267916588705,277.20465758084794,279.871337890625,1210200
2022-07-13,276.1549434696908,282.90681947508085,275.45517987623754,280.646728515625,1199900
2022-07-14,274.2826517538049,278.8311742182916,272.66561672358813,278.3299865722656,1366800
2022-07-15,281.86669708932186,283.3607944007819,277.251972949694,281.5168151855469,1184500
2022-07-18,284.7697647848696,289.8194739803363,280.80753475349945,281.753173828125,1056200
2022-07-19,285.1669137097439,295.22852719855496,284.4671500374383,294.65167236328125,1282200
2022-07-20,294.52865866251204,298.8124013608148,293.34661013805095,298.2166442871094,1152500
2022-07-21,297.70608031344574,299.54062230313184,291.83364127803236,299.33258056640625,1223300
2022-07-22,300.5619008040716,303.04893602874415,293.58308026204213,295.2852478027344,1110700
2022-07-25,297.7723093833642,305.8102417153387,294.9542944825823,305.4035949707031,1433100
2022-07-26,306.16955045967063,308.0513918276338,300.94963319678044,302.08441162109375,1122600
2022-07-27,303.5501675510746,309.2902041252268,301.32790977391505,308.0041198730469,1148200
2022-07-28,311.7298888058425,316.30677807678575,306.2640965712644,313.6022644042969,1295600
2022-07-29,317.7820326567992,325.97127136094065,314.8978447215651,324.5244445800781,1880300
2022-08-01,320.4486610942706,323.3612451731489,317.7252163457231,319.8056335449219,1238900
2022-08-02,316.7891071449015,320.63786531299843,312.85524491851595,315.0964050292969,1271500
2022-08-03,318.88837557076414,320.21226436099846,315.3989654523469,318.21697998046875,1142800
2022-08-04,320.6662187808142,326.01853945302355,318.41559314615,323.7679138183594,1333900
2022-08-05,319.1437126884227,325.8482900675928,318.9829702112809,324.6473388671875,917100
2022-08-08,328.02326206859584,330.25495626415824,324.16503877446763,325.02557373046875,953200
2022-08-09,327.4274914475658,328.5528041239734,324.44873448120904,324.9971923828125,1146300
2022-08-10,329.9240130728256,337.8295414646221,329.6403040503398,333.2053527832031,1136200
2022-08-11,340.90287687525375,343.7397940198467,337.7917163262717,342.2456970214844,1718800
2022-08-12,342.7469233960061,348.54366717699503,342.04713079719596,348.1465148925781,1256500
2022-08-15,342.75637336423193,346.3781876294915,339.57903953206124,346.1512145996094,1196100
2022-08-16,344.50567733346116,353.07316276202357,343.2763584068789,349.8674621582031,1431500
2022-08-17,344.6570705564163,347.47508535416046,342.5861186990934,344.8651123046875,1722500
2022-08-18,344.6381761895949,349.8297255332642,343.0305782010991,347.9857177734375,1983500
2022-08-19,339.13457324556293,349.81084733777664,333.8578906236349,349.5649719238281,4242200
2022-08-22,343.59794300346357,352.83682582133736,341.58372727750265,349.5460205078125,2353600
2022-08-23,348.4680081142501,365.00722672730393,348.4585424884997,354.5011901855469,2389800
2022-08-24,358.1702271356059,361.565067590262,353.78244844278197,360.6477966308594,1566300
2022-08-25,361.2340700244573,367.3145213974937,360.85582022547305,367.04974365234375,1325400
2022-08-26,369.91512242412256,371.56999096638657,358.0946328365225,358.756591796875,1452800
2022-08-29,355.7115709670112,364.47763413906,354.19854278991244,359.9196472167969,1323400
2022-08-30,358.62418804880224,359.12537565239523,345.650017538033,348.6949768066406,1622700
2022-08-31,349.9147757811677,349.9147757811677,344.7137616116535,345.3946228027344,1500200
2022-09-01,339.4655267798105,344.93131949904745,337.8295607849487,343.9951171875,1349900
2022-09-02,349.8391888991704,350.2458067771655,341.2054994885558,342.5293884277344,1141700
2022-09-06,343.44668057940606,345.12045146329956,336.1558109113475,341.4324645996094,1092600
2022-09-07,338.42530136942514,347.0211567067607,337.80117614530866,346.0471496582031,913100
2022-09-08,343.9856790921808,350.3025411859275,343.17241448135405,348.4490966796875,1227200
2022-09-09,352.74229188486584,354.8605431239024,351.87232006088533,352.01416015625,1240300
2022-09-12,354.88887156314246,355.5602671787334,349.7256617987823,353.6973571777344,1129200
2022-09-13,345.67837777266226,351.2387405604108,342.2740999389208,343.5506896972656,1085700
2022-09-14,344.54356339164195,345.3946326902036,338.1415691156622,341.2810974121094,1121700
2022-09-15,341.28112250341786,344.7799984819366,338.8319208619,339.26690673828125,970000
2022-09-16,335.9855646869675,336.7326276652746,330.1509875313225,335.22906494140625,2422600
2022-09-19,331.23846177751375,343.4561316098242,330.53869808041725,342.9738464355469,1008700
2022-09-20,340.3165958659162,340.8556170662186,333.3756084993282,336.2597961425781,1434000
2022-09-21,340.71371969179086,341.46078258118314,330.7939758300781,330.7939758300781,1007100
2022-09-22,333.3472382893103,334.8035016810437,327.12491703876134,327.3140563964844,1006400
2022-09-23,322.92623744921326,324.44873117296277,310.75586871796384,316.05145263671875,1717600
2022-09-26,313.0537340751202,320.41080327544256,312.7795195830282,314.1790466308594,1331600
2022-09-27,317.6401095892351,323.11536705321225,314.273637320118,317.43206787109375,1180100
2022-09-28,319.8151240530848,329.14857644478474,318.7465473566533,327.0965270996094,1292600
2022-09-29,323.519775390625,326.9352392205788,321.0910075455904,323.519775390625,1589500
2022-09-30,321.3946435677709,323.576730400992,316.5560717275856,316.7742919921875,1697200
2022-10-03,322.20099086659746,329.9521952933,321.79304035813794,326.41339111328125,1536900
2022-10-04,332.12484612819014,342.2099395728743,332.05842749392406,341.8209533691406,1639000
2022-10-05,337.07733885450955,341.22332182470757,337.07733885450955,337.53271484375,1073700
2022-10-06,336.0810273728127,340.91959822344734,334.9425588482592,337.24798583984375,915100
2022-10-07,334.00332492877334,338.13034254676313,331.77381296621036,337.8931579589844,1351700
2022-10-10,339.8950561113063,346.55518979818845,337.51371326847783,341.24224853515625,1366900
2022-10-11,338.52887134422855,351.27991883024805,337.84577848057745,344.70513916015625,1457200
2022-10-12,344.31618078049667,345.5874868651754,340.0753186305697,342.6938171386719,1179400
2022-10-13,335.95777619502684,349.5057897643561,331.17615500335904,348.34832763671875,1596600
2022-10-14,349.49626923803584,353.31018732271355,338.158833361094,338.83245849609375,1231700
2022-10-17,342.8645830537816,348.3577575239367,342.466100187792,344.0030517578125,1077100
2022-10-18,352.79785656380585,354.7712487001477,347.0010786888496,352.27606201171875,1214800
2022-10-19,351.0331809207774,355.34992872649775,348.66133510374516,352.2855224609375,817800
2022-10-20,352.7693736837605,354.90403500601025,345.07511943754156,346.7828369140625,788300
2022-10-21,345.8720758156279,363.96452442002163,344.4584648359277,363.4237365722656,1387500
2022-10-24,362.1049959112043,367.57920602647954,360.62493737825764,366.1086730957031,1059700
2022-10-25,364.3154745930236,372.37974942125464,363.4995736255821,371.5543518066406,1402500
2022-10-26,374.5334084303443,375.4821467307559,368.3191841439263,371.12744140625,1157500
2022-10-27,377.59787222277004,384.6280270367787,373.49931550515254,374.3626708984375,2043100
2022-10-28,373.6131059094358,377.3416691828786,370.1692104320193,376.50677490234375,1712300
2022-10-31,375.62451219701103,385.2067466736775,374.761156796717,375.5296325683594,1638400
2022-11-01,377.59784455811456,377.59784455811456,365.9568360045612,368.7840576171875,2269000
2022-11-02,368.784025141016,376.9621439593991,365.880888506026,366.16552734375,1719300
2022-11-03,361.6400699797488,377.5788913088496,360.7672469292167,373.4518737792969,1627400
2022-11-04,380.0835271741219,383.280770562649,373.3285152161902,374.8370056152344,1548500
2022-11-07,378.14810654371354,378.36632678028946,373.70801815843214,378.328369140625,1186300
2022-11-08,379.3151115055507,387.8157997790441,378.1196918120347,383.83111572265625,1360800
2022-11-09,379.827362499084,384.153606583704,376.0988281418327,376.7344665527344,2182800
2022-11-10,385.48189215525645,387.104226692023,375.00781224366636,386.7152404785156,2370900
2022-11-11,385.7664725245377,392.3032934151314,384.3813226909582,385.2162170410156,1519200
2022-11-14,383.8405522624944,389.43813173903493,381.7058909563145,386.07958984375,2035700
2022-11-15,390.6525586042248,391.8005240370131,381.203102670932,386.10809326171875,1701100
2022-11-16,386.37363296979817,387.63544203972407,381.44018273549995,385.56719970703125,1101600
2022-11-17,382.0094767864311,392.42663390943557,380.98485214552363,391.8194274902344,1284100
2022-11-18,393.8212897566013,394.69411281346584,390.1971023579426,393.02435302734375,1590800
2022-11-21,392.06617514613527,393.9921130939882,385.6716870839121,390.59564208984375,1326000
2022-11-22,392.77765318533454,395.4625698143212,390.3583821201811,395.2064208984375,2195200
2022-11-23,407.50204344924936,425.4142262739537,406.8948660238188,415.0919494628906,5080300
2022-11-25,413.4317482885495,419.73138556044745,410.37680928924,418.8395690917969,1135500
2022-11-28,414.9592096261037,420.898321326675,414.5227980652114,418.5928649902344,1974800
2022-11-29,421.0405918634491,421.74264896310297,413.85863575170606,418.3651428222656,1643100
2022-11-30,418.5928121387574,419.04821694036207,410.72779257383297,418.3935852050781,2397200
2022-12-01,417.75802695326695,421.7237760394699,414.00103045638235,419.16217041015625,1747400
2022-12-02,419.5606222896218,424.7502228573547,416.1641223671668,422.767333984375,1471200
2022-12-05,418.46001239092493,419.49413367209496,412.70116391352565,414.4942932128906,1467600
2022-12-06,416.6195319432551,416.74287257774927,411.42993131711125,415.7846374511719,1015900
2022-12-07,413.8681466035081,419.1905549235463,413.3842807732511,418.0615539550781,1433800
2022-12-08,420.5852261594223,420.75599212605374,415.1679378944876,420.2247009277344,1200200
2022-12-09,420.65156773246974,421.7521075711363,412.11292352682307,412.5208740234375,1340400
2022-12-12,413.7637983752415,414.9971757029302,409.51346875002264,414.6461181640625,1591700
2022-12-13,416.34431255255583,417.1222849081728,410.5759964216587,414.7789001464844,1675500
2022-12-14,417.1223362955642,419.5795653235842,412.10350195789016,415.9648742675781,1767500
2022-12-15,412.70118904161995,414.4278998158028,404.22896238546394,407.7582702636719,1561900
2022-12-16,402.9861668499581,410.8037626760438,400.0450717653324,408.9916687011719,3097300
2022-12-19,409.8930432082123,412.3597694211832,407.6729983025,410.4907531738281,1327700
2022-12-20,409.9214264921594,414.63665771747714,407.7013820073434,413.0427551269531,985200
2022-12-21,415.40509747673485,421.7236984402801,413.6973510536919,419.0008239746094,1220500
2022-12-22,417.7674481418171,417.94771074741084,408.29902883659844,413.51708984375,1223600
2022-12-23,413.5455595575394,415.43353954637297,411.0124155076829,414.5322265625,735600
2022-12-27,415.59483344938656,419.5795462043416,413.4127467688906,413.792236328125,713800
2022-12-28,414.5986680181479,415.4525267611843,407.78673346492377,408.1282653808594,821700
2022-12-29,408.8418236936215,410.7731489020207,405.6831942881622,407.8048095703125,835300
2022-12-30,406.13032325934154,408.8512911239899,404.1704575715242,407.9189453125,760200
2023-01-03,407.1959171798303,407.3481434367106,399.7750686206027,403.666259765625,1166300
2023-01-04,403.3238001060515,405.63567682428015,399.78461898026455,402.89569091796875,1050800
2023-01-05,402.0298968825563,402.9051616389119,392.55400759270725,394.57098388671875,1485000
2023-01-06,395.9695064582041,407.70968453676693,395.7887395895283,405.74029541015625,1042200
2023-01-09,407.1103185477986,413.1706833887988,405.74031119201493,407.38623046875,1200300
2023-01-10,406.1398872127292,416.66228409924247,406.1398872127292,416.16754150390625,1079200
2023-01-11,418.365241971127,418.4984508299388,409.18431205531283,412.4095458984375,1130000
2023-01-12,413.85571642480295,418.5936612858379,410.3355527403859,414.8927307128906,1205500
2023-01-13,412.7996373629821,418.86000193834474,412.15266850419283,418.2606201171875,985700
2023-01-17,418.68873974411866,423.5028118285677,416.40540387206664,416.900146484375,1767700
2023-01-18,417.74687634688587,421.58098647413533,404.94114305095417,405.28363037109375,1390800
2023-01-19,401.6968813507469,402.69583170997305,388.0539184620685,388.7389221191406,2241000
2023-01-20,390.39432182064013,391.4218417872706,386.3318870590982,390.6416931152344,2781500
2023-01-23,391.4503850391231,393.46733212937266,387.54014747256673,389.44293212890625,1390500
2023-01-24,388.6437384328627,398.79510662792643,385.3233887344987,396.4166259765625,1319700
2023-01-25,393.0868104753217,395.21792015925416,389.3478162793117,393.5339660644531,1002000
2023-01-26,397.4346324992149,400.8311101697495,391.65017976441015,400.7264709472656,1191100
2023-01-27,400.7264336716858,402.3152424952493,397.3204331035006,397.85321044921875,1324500
2023-01-30,398.37651016668644,405.055273692825,397.68198333200434,400.1556091308594,1376100
2023-01-31,401.30681019183913,402.4770332502807,395.83630410625847,402.2867431640625,1269800
2023-02-01,401.5256109280503,408.9369359759512,398.15767408578057,406.2349853515625,1112100
2023-02-02,405.8830269320227,405.99718937620855,382.33606469034873,386.78857421875,2551300
2023-02-03,386.74097211481273,393.6005025066366,385.2377850474416,386.3223571777344,2295500
2023-02-06,385.78954666411556,392.83936652499006,385.33286794448713,390.2896423339844,1378100
2023-02-07,388.35838090246386,393.31512706979026,385.1046061897233,389.61419677734375,1313100
2023-02-08,386.3224250871381,391.4980024606289,386.28436125866114,387.8731994628906,1061500
2023-02-09,391.0983648306294,392.47789538837566,387.3403823690228,388.1776123046875,1262700
2023-02-10,388.795991664796,398.10060745739304,388.32029550150537,397.4822082519531,1357000
2023-02-13,398.99494122999556,402.81003396722406,394.0096544464866,395.14178466796875,1428400
2023-02-14,395.1893257223646,395.1893257223646,384.49568589947086,389.41436767578125,1503000
2023-02-15,386.9026994784392,393.87639190303264,385.8085751624698,390.10888671875,1424800
2023-02-16,385.28532408795604,389.3762991858506,383.2493307183463,383.3730163574219,2122500
2023-02-17,398.6334400144464,415.16864558462163,395.30356641050713,412.24786376953125,4888700
2023-02-21,410.9254250102377,416.5957156788712,404.97922241144636,406.40631103515625,1936300
2023-02-22,408.50886406414867,410.0405918568907,401.24021235709387,405.6832275390625,1356300
2023-02-23,409.07966829356303,410.40208848207584,399.87016883815846,404.3892822265625,1086900
2023-02-24,403.00981642341947,403.1144556484048,395.0276204495358,397.1302185058594,1031200
2023-02-27,398.24334852109786,402.4199751699564,396.4737725611207,401.1355895996094,920200
2023-02-28,401.28779279895224,401.66834393719995,396.9018589090589,398.8617248535156,1465200
2023-03-01,398.0054875962578,403.2476689382886,396.549858405871,399.3469543457031,1354000
2023-03-02,397.45370807518543,402.6863664036835,397.45370807518543,400.85968017578125,959800
2023-03-03,402.2201162515303,410.68753103377946,401.49707783952925,409.3650817871094,1097400
2023-03-06,409.38406828358444,411.00144670140827,404.9220363658735,405.0171813964844,1007500
2023-03-07,404.8650046442417,406.17793073827505,397.5868589427422,397.82470703125,1181500
2023-03-08,398.4240787371589,405.40729495422426,397.92936517794027,403.666259765625,1365900
2023-03-09,405.31220360290945,411.8482941635474,400.4220614774522,400.9358215332031,2082000
2023-03-10,398.0150142037394,399.3659751453177,375.8760945930629,376.6847839355469,2354300
2023-03-13,369.9679102380604,383.1351758721415,367.4657439032245,378.8634338378906,2000700
2023-03-14,384.7050123301642,386.5887797119613,377.9406263834142,382.88787841796875,1636600
2023-03-15,375.5049867900164,377.22700433574994,363.812368614325,371.4996337890625,1964100
2023-03-16,368.7596623020704,374.2206448281646,365.981584003379,372.0990295410156,1621800
2023-03-17,368.3791585211025,371.01450508566705,362.8515708553768,366.76177978515625,3124500
2023-03-20,370.24384815125467,377.39830812729696,368.6550101614044,375.32427978515625,1325100
2023-03-21,381.3085016858143,384.8762225641693,380.3095224193628,383.02099609375,1341700
2023-03-22,384.02000747546475,384.5622790283424,375.61919708553427,375.77142333984375,1202400
2023-03-23,375.7999499382444,381.2323917179056,370.13915426853737,372.8030700683594,1566800
2023-03-24,368.5503340726586,369.701510564406,362.9561430029234,367.7131042480469,1361500
2023-03-27,371.79467632653314,375.82857116096545,367.78929307101066,373.9067687988281,1392700
2023-03-28,375.2482076311867,377.6361828402429,373.3168821976607,376.13299560546875,982000
2023-03-29,380.22396197392794,382.19335118486174,377.33172098546896,381.3085632324219,1455000
2023-03-30,383.9426077604982,387.95096890472814,383.63723183881734,385.27874755859375,1267900
2023-03-31,387.4736728978069,394.68869758038517,387.4736728978069,394.03973388671875,1779200
2023-04-03,394.20198914537934,400.2622363577478,394.20198914537934,396.053466796875,1632200
2023-04-04,394.61246636878377,395.94857701431437,377.6724182602006,379.51434326171875,1801600
2023-04-05,375.4201083094025,376.2122508460364,353.20240037119856,356.76220703125,3265700
2023-04-06,355.2065452237323,356.170467083902,349.39444241221776,352.7824401855469,1848500
2023-04-10,352.4388647587796,361.3335599016377,351.694458254602,360.1119689941406,1486500
2023-04-11,360.59874729001314,368.54865666068724,360.59874729001314,363.4523010253906,1543800
2023-04-12,365.99089825696336,371.0108876908073,365.33238142533645,366.849853515625,2166100
2023-04-13,368.1191909777742,369.69389391350444,361.7630903030729,367.18389892578125,1627000
2023-04-14,369.02584005531,372.06072620576975,367.6229165895273,370.07562255859375,1113200
2023-04-17,371.5549015464058,375.3151172858198,371.24949651299534,373.55908203125,1116600
2023-04-18,375.2769011071338,381.37530260072094,374.1125700048728,378.58856201171875,1402000
2023-04-19,377.20476556030246,378.302313126878,372.3279543211116,374.84747314453125,860000
2023-04-20,372.89095116889416,374.47520675492484,368.39588260779084,372.54736328125,1336300
2023-04-21,372.11795919140445,372.70966321425476,367.7183036787154,369.054443359375,2556900
2023-04-24,369.6461052991677,374.7424308472584,368.6344767704281,370.333251953125,1132800
2023-04-25,367.45106254880625,368.1191323545576,361.3717379915606,362.1543273925781,1688400
2023-04-26,357.88827002693233,360.93270857396317,355.3973816475554,357.51605224609375,1416500
2023-04-27,355.4260467749155,356.9339366870853,349.1940195801126,354.8820495605469,2741600
2023-04-28,354.8534983594389,361.1523397582127,354.07090876784207,360.77056884765625,1999300
2023-05-01,362.6124466048886,367.0693327063478,362.1161561760146,364.68341064453125,1184100
2023-05-02,366.48721212148763,369.2262462157871,357.1630092899894,366.2867736816406,1547800
2023-05-03,367.6801899008429,372.21344239982784,364.7025634457247,364.7789001464844,1235400
2023-05-04,364.66435199901883,366.49672392416255,356.29451834736585,356.54266357421875,1382900
2023-05-05,360.846825214898,365.2655571263568,358.8808279470601,363.70037841796875,1862900
2023-05-08,368.37684134377764,371.5167231708594,361.56266256216315,362.8987731933594,1106500
2023-05-09,360.50327797133747,365.2178623927761,359.19579731448573,364.0344543457031,1478700
2023-05-10,368.1000753904212,368.63451961394424,358.9953884485757,363.0323791503906,1014600
2023-05-11,358.7472479736878,359.79705954271685,353.2787330561985,355.7791748046875,1825100
2023-05-12,358.95719005344887,360.27422366353403,354.3571254262026,356.91485595703125,1332000
2023-05-15,357.31564073822136,357.68785851673516,352.9827986211505,353.31683349609375,1466300
2023-05-16,351.2077734839702,352.00943990670186,345.7297050327893,346.1305236816406,2181300
2023-05-17,348.3446471487494,355.72192920214235,347.4857209670867,351.2745666503906,1843900
2023-05-18,350.5778460139293,354.2235419708983,349.0126962621314,353.61273193359375,2034300
2023-05-19,372.98640937077136,375.06692629763296,344.9756801695948,346.96075439453125,7522100
2023-05-22,343.27692086643816,349.1558362527488,339.6312250087707,344.0499572753906,2936200
2023-05-23,340.97692215222094,346.4740963801653,338.27607095864676,344.0309143066406,2111400
2023-05-24,341.97894936234235,342.3225372653817,336.8921766210072,337.9228820800781,1717000
2023-05-25,337.52207027662644,341.0818763537164,334.80211339600993,338.6864013671875,1540000
2023-05-26,340.41386436160116,343.1719754922633,339.0777536516768,340.9101257324219,1412900
2023-05-30,338.80092761668885,340.77647804378364,330.63153293148275,334.6303405761719,2094800
2023-05-31,332.31120463606453,334.2390189926183,329.7821041924135,330.1925048828125,3384700
2023-06-01,333.29422325753717,339.4308075916655,331.00371485986284,336.4818115234375,2116800
2023-06-02,343.6396071889336,355.15884647932893,341.34912771808695,354.1376647949219,2855600
2023-06-05,354.26174655064904,354.26174655064904,346.5790594475341,347.0562438964844,1476800
2023-06-06,345.69150992681017,357.37297613892133,345.29066216706826,356.63812255859375,1927600
2023-06-07,356.9148469831425,366.4203518810302,353.19278543952026,364.3970947265625,1928800
2023-06-08,364.3494189868585,366.47767220367666,361.27634984139945,363.3950500488281,1317100
2023-06-09,364.3112054165146,365.8763550730312,359.86384340009397,361.5816955566406,1254800
2023-06-12,361.39089086168553,370.3619528625936,360.73237397850454,369.46484375,1527000
2023-06-13,372.03204131645793,382.50146789975753,371.44033733841746,380.06781005859375,2141700
2023-06-14,381.7475128230424,386.63387632717354,380.13462725136316,380.8408508300781,1900100
2023-06-15,381.9479363120378,389.38247755566897,381.2798956147759,387.9700012207031,1471200
2023-06-16,389.16301545302156,391.2435618947481,386.98705541651526,389.0294189453125,2119900
2023-06-20,383.5035046440529,390.2986049460994,381.7474697780762,389.36334228515625,1700700
2023-06-21,388.35180495117737,398.9261995304165,386.54803375319176,397.5805358886719,1868200
2023-06-22,395.90081578175557,399.2888426618732,393.1808878692295,396.7215881347656,1518000
2023-06-23,392.32188603701013,392.5604782203151,385.63178102215414,385.99444580078125,2033400
2023-06-26,386.4717113226425,396.87432687418124,386.4717113226425,391.47259521484375,1360400
2023-06-27,391.9974940871447,392.72282381079,382.348837960896,390.8236389160156,1404900
2023-06-28,391.3962223810321,393.9634770965192,386.36670867589146,386.7102966308594,1676100
2023-06-29,384.54669479801856,388.4908569510946,378.14220797634636,384.4892578125,1871600
2023-06-30,388.16538788300943,391.1618106905042,386.1071512384674,387.8973388671875,1848800
2023-07-03,385.0637050167462,389.92688876117944,382.6608170333017,389.13232421875,652600
2023-07-05,388.6727004481709,391.39149120164586,386.53786204402,387.389892578125,1398600
2023-07-06,385.75295184697774,387.4569840162211,382.6895094411876,384.0489196777344,1390700
2023-07-07,382.3831800768252,390.99907944291226,382.3831800768252,387.9835205078125,1013900
2023-07-10,385.93484281815125,391.29582316992554,384.77646205004305,389.71624755859375,1005500
2023-07-11,392.8945856930217,396.8100297668082,392.8945856930217,396.139892578125,1131200
2023-07-12,399.2033172659479,400.1797752943235,390.1087572802728,390.2715148925781,1376000
2023-07-13,390.7884504230768,393.66041675366637,387.81119268363875,392.0712585449219,999400
2023-07-14,395.54635008842416,397.24082895376586,391.6213235180828,396.9153137207031,984200
2023-07-17,397.2599304122308,405.3493133832239,397.20249342670957,402.649658203125,1509100
2023-07-18,403.3389679657403,413.5248602659135,402.78370476828184,413.1419372558594,1575400
2023-07-19,413.8024604512364,419.1251687678332,413.20892544843724,417.55517578125,1664800
2023-07-20,420.05376309960934,421.23127972502164,416.48294137672104,420.86749267578125,1284900
2023-07-21,420.2739917241841,421.45147922981135,416.7318882069832,418.2827453613281,1195600
2023-07-24,418.3019207154211,427.92299653535605,417.6317835314297,423.7012023925781,1301700
2023-07-25,422.21734235932246,430.7949400974651,421.6812443266355,427.28155517578125,1160700
2023-07-26,424.60104969759414,427.64532681951044,413.0940491190419,414.47259521484375,1759500
2023-07-27,414.9895465165044,415.4777901348663,406.3449291484334,410.327392578125,1977000
2023-07-28,410.4614714403444,411.7729981659228,406.89064915499694,408.8818664550781,1194700
2023-07-31,411.1699174469688,414.4152539851342,408.70959218657964,411.2656555175781,1169600
2023-08-01,412.9408812850683,420.0729131869344,411.6580732153855,414.9416809082031,1115800
2023-08-02,412.26114336150664,416.396752030048,408.81477845843244,412.15582275390625,1077900
2023-08-03,408.98715280182273,410.9879525049212,403.26235606938116,405.8471374511719,1083400
2023-08-04,410.18383181764153,411.64853357081057,405.2727644055,405.9429016113281,961200
2023-08-07,406.64172330283657,414.34818421835763,406.03863488288874,412.9026184082031,1009400
2023-08-08,408.7765408679694,412.6824022211275,406.2874975395602,412.0888671875,1354400
2023-08-09,414.5204549791715,420.6281744405867,414.0226580218241,417.47857666015625,1361300
2023-08-10,418.0433422744245,422.62892259692154,415.6309014769539,416.0234069824219,1283900
2023-08-11,416.70313516044934,418.73265320477554,414.1088006200248,416.5021057128906,1217200
2023-08-14,416.92339297370495,419.68048553322893,415.6597206813974,418.9624938964844,1058500
2023-08-15,415.027857183538,416.62659797732834,411.2560056965381,413.2568054199219,1576800
2023-08-16,409.7338628786497,417.14352665755973,405.1387284389687,405.8471374511719,1870300
2023-08-17,403.77932799509824,407.26399458168873,398.0258126282449,401.2711486816406,2149200
2023-08-18,390.30976379420963,395.32615118926054,378.5059958035568,380.07598876953125,4233700
2023-08-21,379.11865286903605,381.014160971221,369.038053246117,374.11187744140625,2549100
2023-08-22,375.97868452951695,376.3137531185307,367.8510289829457,368.7700500488281,1663900
2023-08-23,368.73175192240654,378.77405101611765,368.73175192240654,377.45294189453125,1582200
2023-08-24,373.7289652183544,375.3659777265101,369.37313240727036,370.1390075683594,1379900
2023-08-25,371.63244311066546,375.3085563917368,369.7369348749711,373.556640625,1099900
2023-08-28,376.141396448571,379.09951796933194,374.7724329786509,377.8454284667969,1247000
2023-08-29,377.37636874217213,388.3089703359768,376.4860370204886,386.8538513183594,1875600
2023-08-30,386.6336254716009,397.85344030626624,386.24111995186803,395.6324462890625,1815500
2023-08-31,396.37920473610035,399.48094821358063,393.1530339260598,393.4019470214844,1515500
2023-09-01,396.97276306256725,401.50087784084724,396.8865783653189,401.022216796875,1249700
2023-09-05,402.9368559575444,405.2823067298758,396.19730036205846,396.74298095703125,1474000
2023-09-06,394.53154611632306,398.6576016843526,393.1147282247479,396.60894775390625,1002600
2023-09-07,393.612613991671,397.7003694212296,388.0984285644124,394.1582946777344,1028800
2023-09-08,393.93805346325945,395.5463476176453,382.02896392049934,382.6033630371094,1837500
2023-09-11,386.0879358408104,386.75807290070736,380.72695622222574,383.2829895019531,1428200
2023-09-12,382.36403332816604,388.3951510276506,382.25871270257073,385.0924072265625,1127800
2023-09-13,384.69035102022195,389.5343990361396,382.6225315533834,385.063720703125,1104200
2023-09-14,388.9504006819085,394.56029411404876,387.8399035501041,394.1103515625,1272400
2023-09-15,394.2156823002455,397.1642215626517,391.5256094916863,394.5220031738281,1986200
2023-09-18,393.4019209082251,395.9484010369051,390.11831332722335,393.3061828613281,969300
2023-09-19,385.4082631173408,386.7102362381473,381.40666414153327,381.6747131347656,1957300
2023-09-20,384.584992942141,391.68830610544455,382.49800869525,385.15936279296875,1289700
2023-09-21,382.00022726054334,382.65119926134173,369.5646228277346,371.0963439941406,2209100
2023-09-22,365.4386076799707,367.1904944213716,361.4561438901921,364.61529541015625,2410500
2023-09-25,362.863367443076,368.7700282846061,362.2123662286421,367.98504638671875,1383600
2023-09-26,361.8677220605358,365.57255358816025,361.1401479795028,363.42816162109375,1270400
2023-09-27,365.47683815898966,369.8709429786682,364.04085504608224,367.956298828125,1403900
2023-09-28,368.9074152088792,373.82617605409723,367.94671881510607,369.6087341308594,1309200
2023-09-29,368.6480353463984,371.7702986059131,360.9528479003784,362.547607421875,2124300
2023-10-02,364.28642901979225,365.66983402462415,355.9859989908008,359.1466979980469,1989800
2023-10-03,357.772904002037,359.1563089862366,355.93797059496507,358.12835693359375,1212200
2023-10-04,357.74405288082653,363.7003516838997,355.61130616059205,362.1824645996094,1219000
2023-10-05,360.9431840835901,363.95978441643393,358.53185640432054,360.9239807128906,997200
2023-10-06,358.7624905010847,366.8707710171476,357.68651515038755,363.66204833984375,1203400
2023-10-09,363.5562884545175,368.8112983113718,362.69166766079013,367.8890380859375,831200
2023-10-10,371.1170068043463,376.5449649073171,370.9537048348446,375.47857666015625,1317400
2023-10-11,375.9972962964961,377.0636550422403,372.15451136517004,374.0566711425781,942500
2023-10-12,374.47949322187515,375.6323407776011,363.0087743831138,367.25506591796875,1375200
2023-10-13,367.9467260385585,370.6558969585351,363.87338263079414,365.6986999511719,1074200
2023-10-16,369.82007946073793,377.15016813863315,368.96504561850145,375.19036865234375,1202600
2023-10-17,373.6148114850157,379.7728787193256,372.76939399065236,375.74755859375,899800
2023-10-18,373.0960451206838,375.04628698573475,363.1720640679676,367.2070007324219,1495000
2023-10-19,366.64017460427004,371.1842496445533,365.3047925849734,366.3807678222656,1348000
2023-10-20,365.43928096911935,367.3798769477073,360.0881955221566,360.40521240234375,1468100
2023-10-23,358.5415121700558,365.2760036339495,356.8795260831561,358.5991516113281,1308100
2023-10-24,360.91441494159886,362.989522674724,356.9851702009107,358.8873596191406,899100
2023-10-25,357.6095889072266,361.21220010855865,356.4663579405539,357.2925720214844,773900
2023-10-26,356.4183862086382,360.0690210247634,354.9485217994248,355.0157775878906,1124900
2023-10-27,354.4969469323686,355.35198074157233,344.69783260698796,346.9554748535156,1436400
2023-10-30,350.8751488004867,354.8235968425927,347.4550720391942,353.3441162109375,1277500
2023-10-31,347.772074376827,351.5187842316262,345.2646710071971,351.0,1233200
2023-11-01,350.5388905830671,357.73449689774867,347.1572206510263,355.9091796875,1073000
2023-11-02,360.7414692764713,363.5370990944986,357.28295665014247,358.8777160644531,1259300
2023-11-03,364.5842697140594,369.51264674654885,362.6436736155614,367.17816162109375,1173200
2023-11-06,368.21572469785485,369.4357986033987,360.4244907617628,363.3834228515625,925900
2023-11-07,352.47951294315055,357.86903514007906,348.7424190902988,354.7275390625,1711400
2023-11-08,356.22620577847243,358.3973889778645,354.64106261598005,354.8524169921875,1178000
2023-11-09,358.94499218729635,359.46377644018,353.3152961701742,355.09259033203125,1094900
2023-11-10,357.7152753059641,359.8095862161277,354.5161401896997,359.2908020019531,1311800
2023-11-13,358.2051856682121,358.94494053597964,352.7004149813052,355.22705078125,1418100
2023-11-14,359.0026129861198,363.5563041968878,356.0340648521776,360.2226867675781,2115800
2023-11-15,362.144094823949,366.99562907525774,358.7720705071821,365.9004211425781,1515500
2023-11-16,366.3903226731664,367.85057034753,360.6453488234149,363.68115234375,1736200
2023-11-17,367.3702949833754,370.16592500642713,364.50743849456035,369.051513671875,1342600
2023-11-20,367.47599328827727,369.7047866784121,364.52664827228455,365.38165283203125,2197300
2023-11-21,365.0646340223349,368.42707144096164,364.19039677531663,367.6104736328125,2163100
2023-11-22,346.7921658827049,358.66635824763677,341.681254457342,356.1877746582031,6304700
2023-11-24,355.95718411677416,356.7930145287446,352.42182875327956,355.6401672363281,1275300
2023-11-27,353.8821236288893,354.50659976420985,347.5703703522473,347.9738464355469,2322200
2023-11-28,347.77206228461404,349.54935631184816,344.6594156393361,345.869873046875,1904600
2023-11-29,348.48298638712873,353.88209521065045,345.51443816872677,349.6358337402344,2263500
2023-11-30,350.2987567387842,352.7101142478384,347.18610957385295,350.08740234375,1950200
2023-12-01,350.5677428574613,356.33192152079124,349.28041314082645,354.314453125,1764900
2023-12-04,351.1153330078636,355.81312318762286,349.72231149195835,354.4297180175781,1405900
2023-12-05,353.32493190223045,353.4786468492274,346.59044054518483,346.9459228515625,1572700
2023-12-06,348.7519696108028,355.3423616507135,348.25241807595,351.1729431152344,3218300
2023-12-07,350.66381379726084,350.9904470657523,346.02363361557735,347.02276611328125,2753800
2023-12-08,347.579877267551,349.85675191389333,346.68643682804293,349.37640380859375,2060500
2023-12-11,350.16424200855613,351.54764725121106,346.7537813156158,346.8402404785156,2057900
2023-12-12,346.7633935815423,347.16686967032683,341.62366173669903,345.26470947265625,1832000
2023-12-13,345.22620860067923,362.96065343884567,344.4288142827897,362.1921081542969,3406900
2023-12-14,366.25583454407365,379.7920413944739,365.19909210748415,373.1536560058594,3576000
2023-12-15,370.76154556348916,372.5772757878592,367.41834093671525,370.89605712890625,3891400
2023-12-18,371.62619883505056,374.325782861152,367.648930734866,367.7161865234375,1404400
2023-12-19,369.7816689417457,378.68731435478713,368.2349324333432,378.4567565917969,2078500
2023-12-20,378.66807504306735,379.89776519252587,371.712642883767,372.0392761230469,1592100
2023-12-21,375.57461428209496,377.985971379557,373.80693660631835,377.8802795410156,923300
2023-12-22,377.84187126773253,382.1265981946266,377.64974958426575,381.2235412597656,1077300
2023-12-26,381.252334936625,387.4872445813686,381.1178233810722,385.49859619140625,966100
2023-12-27,384.39375744159264,386.7282421626712,383.6059795241363,385.8540344238281,823500
2023-12-28,386.50979959227374,386.7122787091067,384.1088580750882,384.9766845703125,1125200
2023-12-29,385.1888172061649,386.4133730101794,383.5303481524568,385.5648498535156,1104300
2024-01-02,384.8416247848302,392.0347378024084,383.761697079071,386.5675964355469,1414600
2024-01-03,382.43108271303225,383.37603422124204,379.1912994148697,379.278076171875,1397600
2024-01-04,380.39660080458196,384.2920505292664,378.0728138833385,378.3524475097656,1332100
2024-01-05,376.46257267977364,383.0193240448868,374.17736284499586,381.79473876953125,1100300
2024-01-08,379.4516772337401,384.0895997472972,376.5590006011268,383.74249267578125,1233300
2024-01-09,381.55362177165097,382.6528528433371,376.0575546906917,379.1527099609375,1012400
2024-01-10,379.0756579247006,380.0688090931787,376.67471622550244,379.625244140625,1003900
2024-01-11,380.7147260858347,381.72718033867807,375.99002785003114,376.260009765625,1190600
2024-01-12,378.00528340444885,381.11009037785544,371.94994905315053,372.6827697753906,1221800
2024-01-16,371.94995430084816,375.42117168434885,370.2625598224904,371.56427001953125,1292900
2024-01-17,367.56273836099837,368.35338083421436,363.98544090039815,365.06536865234375,1466300
2024-01-18,365.53785674648077,368.1026998536575,362.7608828732722,367.7459411621094,1125900
2024-01-19,368.9222707333374,370.6289685449774,363.8311617353911,369.0283508300781,1223100
2024-01-22,368.2955035398218,373.28056150733676,367.9387448712693,370.8314208984375,1113600
2024-01-23,373.32880345085806,375.932223941642,370.86038864775327,373.5987854003906,955000
2024-01-24,375.99006474927745,379.10452346673844,372.57669850399674,374.5148010253906,1447800
2024-01-25,379.0755798375503,380.8690249191033,374.697988375199,378.9502258300781,1103500
2024-01-26,379.692701235873,382.52752644811864,379.0081093971085,379.5384216308594,884900
2024-01-29,379.85661355644606,383.9449198949053,378.6802573745164,383.4531555175781,969400
2024-01-30,381.00400781160033,384.50412101233036,380.300112733333,382.7299499511719,1098300
2024-01-31,383.1060398707276,383.761706075191,378.6995227664102,379.49981689453125,1342400
2024-02-01,380.94616213057856,382.9903447179815,375.5850712037055,379.59625244140625,1485600
2024-02-02,376.27934419252455,380.9461920130719,372.79850431290396,378.554931640625,1666900
2024-02-05,377.97636715833306,379.5577109820648,369.45261791984103,372.2199401855469,2164000
2024-02-06,375.28615116548445,380.06873022738205,374.2544523745585,374.98724365234375,1740600
2024-02-07,376.46250255485216,377.8124121819788,371.82458089883164,372.1427917480469,1671500
2024-02-08,372.07532853830156,373.7048719343314,370.5229102323976,372.027099609375,1142000
2024-02-09,370.42651018274097,371.8728483815932,366.83959027255435,367.6495361328125,1426300
2024-02-12,370.5807396578269,377.5039004798232,370.5807396578269,375.4597473144531,1698100
2024-02-13,370.8700150815499,371.6124580357862,362.0762842656571,365.7017517089844,1765200
2024-02-14,369.2983891544026,371.76680423176,363.6383898303255,371.01470947265625,2409000
2024-02-15,353.9671532682612,358.6918518837152,347.86358995532674,351.61444091796875,4933800
2024-02-16,348.0757324837759,350.9780604770618,345.44341586272606,347.7768249511719,2274300
2024-02-20,346.63903229613305,347.78646287949636,342.3771430685232,344.5948791503906,1973600
2024-02-21,343.8331176357867,345.77122002590073,341.77931291058934,344.5080871582031,1364300
2024-02-22,341.46119613652337,345.3277499789253,340.5162445114012,344.0163879394531,2197900
2024-02-23,345.1734222527923,352.3858094742707,344.6141550375228,351.61444091796875,1704300
2024-02-26,350.9973594200574,353.2440213359448,348.68322408212515,350.2163391113281,1592500
2024-02-27,350.1391757674225,351.08409783109784,345.42409941605604,347.7575378417969,1559700
2024-02-28,348.4807334985898,352.26048089349126,348.21075154181113,351.75909423828125,1675600
2024-02-29,353.2633243906653,354.69038885591374,349.8692609101376,351.99053955078125,2491200
2024-03-01,351.9519413842584,355.6256379995304,348.4035693599581,354.6903381347656,1967100
2024-03-04,355.4134811514984,356.74411688477267,349.94631029648525,351.3830261230469,1335000
2024-03-05,350.92018504678083,356.4644809485314,350.56342636645206,353.6103820800781,1710000
2024-03-06,352.9451180419142,354.671060538377,351.3251968025653,353.5140075683594,1068700
2024-03-07,354.27572188096667,362.73196834321294,354.1214422804393,361.8930969238281,1844600
2024-03-08,362.68376393768875,363.1948022337271,358.88471342531903,360.71673583984375,1064700
2024-03-11,360.04178532137803,361.9895396071398,357.3612396865359,361.63275146484375,855700
2024-03-12,362.6933925479684,364.32293589193733,359.2704040140644,359.318603515625,1140800
2024-03-13,359.9839223722064,366.9070539717797,359.43430680900417,365.29681396484375,1250700
2024-03-14,366.8878022151509,368.7680537077407,363.46481346547176,366.6274719238281,1436300
2024-03-15,364.47721867934564,370.2432974411679,364.47721867934564,369.6744079589844,3448500
2024-03-18,369.2983677598271,373.5313318436645,367.8423778335955,371.5257263183594,1145200
2024-03-19,371.73782760463354,378.2945487363225,371.7185536893951,377.50390625,1490600
2024-03-20,376.79034482943064,381.1486624221255,376.6167913215331,379.9530029296875,1763400
2024-03-21,379.78908457601665,385.06339840379934,377.9763362146109,383.4145812988281,1411800
2024-03-22,384.21487927733773,386.3843863311327,383.6074125941435,384.5909118652344,1514600
2024-03-25,384.53309240706585,387.26186687154103,382.8360756479403,383.7906494140625,1106300
2024-03-26,384.07029512066777,385.6805351722756,382.0743413415559,384.26312255859375,1053200
2024-03-27,385.18255170922004,396.2347876706479,384.47605046678376,395.96380615234375,1543800
2024-03-28,395.42182648494037,400.0091967059786,395.42182648494037,397.51226806640625,1426700
2024-04-01,396.96062152396985,398.6542633430331,390.6796097799149,391.12481689453125,1319500
2024-04-02,391.9570530051052,396.50570222425574,389.2859288223899,390.9892578125,1164500
2024-04-03,391.2118379930499,395.4894759496206,390.30210820350953,392.953857421875,1077300
2024-04-04,397.4444932954136,400.5898278973455,392.26678273604915,393.9991149902344,1218600
2024-04-05,395.48953465089505,399.8446134041321,392.934570473742,399.2542724609375,994400
2024-04-08,399.69951237256544,401.44153233170874,396.4573917768746,397.52197265625,1269800
2024-04-09,400.1640146887707,400.5704721787661,396.27345864734343,398.2284240722656,1114500
2024-04-10,393.7862495185735,399.4284832043024,391.3764191028966,398.70263671875,1407700
2024-04-11,399.44780074999824,400.7252975642363,393.815254859525,399.5445861816406,1472900
2024-04-12,398.00580158173346,399.2058582557419,384.0308356327144,384.47601318359375,1886000
2024-04-15,389.33436929920504,391.2022070908898,379.9273980484453,381.1177673339844,1353300
2024-04-16,379.6273640311923,382.9662398332541,374.1883595976768,380.35321044921875,1865400
2024-04-17,383.24693770778606,384.81476136375494,379.7532108614318,384.0986022949219,1442200
2024-04-18,385.6470702547673,389.32468047098604,383.9437411265307,387.69879150390625,1562900
2024-04-19,388.0568869728329,390.0021649987671,385.9180676055902,387.4278259277344,1125200
2024-04-22,386.0050963653312,389.91499698921285,379.54988980514264,386.7406005859375,1005500
2024-04-23,387.960072347823,392.5570997285164,383.9437280169073,384.4179382324219,1278300
2024-04-24,384.7470408408626,384.95029913534694,379.7338678694625,381.9114074707031,986600
2024-04-25,373.34635406454873,382.1920166154782,371.76887265383857,381.369384765625,1316900
2024-04-26,379.97580691844536,383.19858198467176,378.50476861382526,380.6629333496094,998300
2024-04-29,382.60817552618494,389.62469117919267,382.60817552618494,388.04718017578125,847100
2024-04-30,384.9696306670438,385.55031378026524,377.566002194088,378.8047790527344,1016600
2024-05-01,376.433663832079,378.6305781366123,371.4108036993252,375.02069091796875,2017800
2024-05-02,376.10463737921543,385.54064237258063,373.28834926779234,383.208251953125,1790100
2024-05-03,386.76971287572593,388.4149471010879,382.13396529869345,388.04718017578125,1627000
2024-05-06,391.9570707195364,393.89266119222543,386.33418275915596,388.8988342285156,1042800
2024-05-07,390.66020517523725,393.4764926879628,389.76982061599927,392.5086975097656,942000
2024-05-08,391.2021898160283,393.853939300282,388.5310655248862,392.3635559082031,640300
2024-05-09,392.3635531597131,397.27025250460235,392.3635531597131,395.8282470703125,995100
2024-05-10,397.27992909483504,398.43160774415185,392.60549128007574,394.7539978027344,1426800
2024-05-13,395.82828227597304,403.1544998700123,394.43465466508053,394.8507995605469,1402800
2024-05-14,396.7960720022032,404.02550405641455,396.7960720022032,399.4865417480469,1765800
2024-05-15,401.32533289091515,403.11576003583923,398.98328489206676,400.68658447265625,1861200
2024-05-16,393.786228254528,396.7960573420684,381.4855292118913,381.72747802734375,3623800
2024-05-17,381.76623400602864,384.7857507812459,378.9306007106278,384.2341003417969,1612100
2024-05-20,383.00500352080917,384.05020948647694,378.3499103259531,378.8725280761719,1158500
2024-05-21,378.34019019485436,378.5821390074827,372.81408758415773,374.2851257324219,1370900
2024-05-22,373.5689563954647,376.04650980566885,371.8753147537754,373.5786437988281,1318800
2024-05-23,374.66256014308453,375.0883923934584,366.5233989747002,367.0266418457031,1736600
2024-05-24,367.6460874090264,369.0784055668235,361.6941521542889,362.884521484375,1511800
2024-05-28,362.92328606071334,362.92328606071334,355.1615773486797,357.3778076171875,1448000
2024-05-29,353.23554898132306,356.00345852038316,350.9999445056184,353.22589111328125,1673500
2024-05-30,353.57432300492735,356.7099702517243,353.1968982049234,356.4873962402344,1340300
2024-05-31,357.69715167146325,363.0006510559793,354.52278424325556,362.69097900390625,2332100
2024-06-03,363.27162954459203,363.39744765912496,352.8097647168709,356.2648010253906,1284200
2024-06-04,356.0518576589725,357.68743395332876,352.3258401327509,357.4745178222656,1328700
2024-06-05,358.0359030129276,359.57469408155805,353.7001691946511,359.0423889160156,1394800
2024-06-06,359.5359275097559,361.8489722833437,357.4551736747281,359.3133239746094,1305400
2024-06-07,357.11650904328985,360.99737811843755,354.85187131060263,356.71002197265625,1080000
2024-06-10,355.9744420441385,360.67791259880084,355.2292208284851,356.43896484375,1033700
2024-06-11,354.8711646134622,355.6066984741368,352.06456422082147,353.37109375,948400
2024-06-12,357.3003767883764,360.92960944390876,355.7422108768536,358.17138671875,1055500
2024-06-13,356.3228799366263,366.08793133862684,356.3228799366263,365.77825927734375,1583900
2024-06-14,362.9329310934498,366.85249031138505,360.9392751042322,365.8266296386719,1485200
2024-06-17,363.8426745663439,368.9913233949363,362.60389769660253,367.0073547363281,1227900
2024-06-18,367.96545379936197,370.9075598694974,367.19122935000667,370.433349609375,1211900
2024-06-20,369.45583605790284,372.11727299086743,367.771881776898,369.242919921875,1352600
2024-06-21,365.7879209705611,367.76223174757314,361.96514707194183,362.96197509765625,2450600
2024-06-24,364.6265550287723,370.5978352995107,363.9007085769642,365.99114990234375,1323100
2024-06-25,363.42646914953656,363.8523014311082,355.3163695963277,357.5713195800781,1644700
2024-06-26,358.80040377594304,364.2490957930535,355.5292510849396,364.1329650878906,2442500
2024-06-27,362.9232472276904,365.96213872783295,362.62323303943043,364.6556091308594,1709400
2024-06-28,367.4440397602544,370.5531262116232,359.0009567015173,363.01361083984375,6689500
2024-07-01,364.41267088422734,364.64584197385574,350.3149522983824,350.73272705078125,1458100
2024-07-02,349.3142529751012,355.0757498424598,349.042210128173,354.58026123046875,1290000
2024-07-03,355.0562941738781,357.1743439648645,350.84931132755986,352.4815979003906,668900
2024-07-05,352.8410864688452,352.8410864688452,346.6617856466253,349.8000183105469,1273500
2024-07-08,349.86808840319986,351.36433899082556,344.6700979098468,344.9129943847656,1671600
2024-07-09,344.6797483198179,345.22383393331006,336.11035543165355,338.9279479980469,2112700
2024-07-10,339.37491787073844,342.53257181183625,337.91753912869325,341.54156494140625,1475800
2024-07-11,342.87260115128896,352.4621476452265,342.48397278601766,351.3254089355469,1764900
2024-07-12,354.1430596418902,357.68934223770697,353.1423273534743,354.949462890625,1034900
2024-07-15,354.68714626548694,361.60483312909383,352.8119925946817,361.1093444824219,1158600
2024-07-16,361.4298785279002,369.81466781954026,355.53234624334146,366.7833251953125,1732900
2024-07-17,367.2885937399485,376.5186592156956,366.94853276601583,374.1868591308594,1528000
2024-07-18,371.9230009135261,379.24876552785946,369.71751200828044,369.82440185546875,1736000
2024-07-19,372.3504948066469,373.2249456584729,366.4626878267712,367.31768798828125,1152100
2024-07-22,368.3573219210459,369.8341216341118,361.70195339062917,368.4739074707031,1071200
2024-07-23,365.6465510678959,367.5411550031128,360.2251160224371,360.9635009765625,1335900
2024-07-24,359.8851108764228,365.00535752676143,357.47556734367413,358.89410400390625,1256300
2024-07-25,357.70880394518105,375.2847898141923,357.70880394518105,370.8446350097656,1241600
2024-07-26,374.3228691029198,378.9087554929448,373.15698387522013,375.5664978027344,1380800
2024-07-29,374.2256746001928,375.55674225617645,360.45829227752245,366.0643310546875,1491000
2024-07-30,355.57123545081436,364.3446535215966,353.83208866921365,361.2064208984375,2266900
2024-07-31,362.6152794511415,366.0741227750058,360.4486322876946,361.4105224609375,1659500
2024-08-01,355.9598721666881,360.66234371371456,345.90395356354645,347.7402648925781,2991300
2024-08-02,346.0400117294317,350.1498304521237,341.11406447004936,343.698486328125,2820600
2024-08-05,335.9451630067395,341.42492036172155,330.5334534145092,335.0415954589844,2509200
2024-08-06,337.61631972232874,339.61778397717046,332.9624453702881,336.2269592285156,1570900
2024-08-07,340.0550256666778,343.98024055078355,336.0326462737211,336.1492614746094,1384500
2024-08-08,337.0236890129309,340.8808858474363,336.5573171520515,339.219482421875,1557700
2024-08-09,338.72397456127555,338.9960174091871,333.62314892509875,336.1978454589844,1335200
2024-08-12,336.89739805832454,338.26733768346475,334.12837241816663,335.20684814453125,1581300
2024-08-13,337.9369530863524,342.41594903447094,336.1686599554514,340.62823486328125,1696600
2024-08-14,340.0550772439277,345.6902638066472,338.45196638129624,341.2987060546875,2040500
2024-08-15,348.9936789600632,367.7161292130026,347.7305994570155,362.6541748046875,3184500
2024-08-16,361.5659672318188,367.7743853054645,360.61380243840284,367.1817321777344,2103100
2024-08-19,368.22131590161246,370.18393831674234,361.245336537078,362.3140869140625,1676500
2024-08-20,364.2863758305637,365.8992117883108,361.1967401568958,362.0031433105469,932300
2024-08-21,363.21761330756107,367.09423096283274,361.54648463114944,366.3363952636719,1249100
2024-08-22,366.36556340735154,367.3662956034997,362.93586669138296,365.8894958496094,1072700
2024-08-23,368.0366811609054,371.9716213554368,365.88948489181405,370.34906005859375,1197500
2024-08-26,370.64053415948706,374.35196910578856,369.8632477868884,372.20477294921875,1108500
2024-08-27,370.66001845924626,371.174957796907,364.2864173683918,365.296875,1107200
2024-08-28,364.33496105849923,368.5905117397805,363.8200217543981,367.21087646484375,1096600
2024-08-29,368.99856830119097,373.57472898086064,366.2392682693727,370.97088623046875,1075000
2024-08-30,371.34011799053,374.9252720936516,367.69667110934523,374.7795104980469,1413200
2024-09-03,373.92449370200836,377.34449466636295,369.16372925097784,374.7309265136719,1929700
2024-09-04,375.55679690933226,387.25466901273825,375.12929676995765,380.8130798339844,2370300
2024-09-05,380.86159452415916,383.7763516251093,371.95214060606,372.7877197265625,1397300
2024-09-06,373.9050618384712,377.946862174535,370.4850906235455,370.71826171875,1670300
2024-09-09,373.22497634472376,380.86162635524545,372.58372617086815,376.2271728515625,1215300
2024-09-10,377.4805018698805,378.3937948879354,370.8348585994535,376.295166015625,1041600
2024-09-11,375.68306444827664,377.81080990261404,367.9006533211903,377.5484924316406,1160000
2024-09-12,375.6539359823043,378.0051569391851,372.2145140577007,376.0036926269531,1068500
2024-09-13,378.9086844378956,383.9706671066439,375.44014614422025,383.4654235839844,1126000
2024-09-16,384.7479663002923,388.24568101492935,381.94979452858263,383.446044921875,940200
2024-09-17,385.23376132443894,388.7508970998998,384.2136081167968,386.5745544433594,983200
2024-09-18,386.69114418811614,394.45410515741855,385.6126981940766,389.6739196777344,1163500
2024-09-19,394.9690180657519,400.7305439466097,391.8793825778218,398.08782958984375,1751000
2024-09-20,395.06623332265286,398.26275906917215,391.04388332453533,394.35699462890625,2709400
2024-09-23,393.5116624353134,398.6027920912056,392.588673733422,397.33001708984375,1184500
2024-09-24,400.0407289972634,403.93679755502876,395.7949037826685,399.21490478515625,1253600
2024-09-25,401.10947673942337,402.11020892397624,394.531851570124,395.3674011230469,923600
2024-09-26,398.31127740780687,401.4106382572906,396.766459655784,399.77838134765625,1062100
2024-09-27,402.33368508550274,407.70655336514403,400.84715999982825,406.12286376953125,1410800
2024-09-30,405.6060756987771,407.49760641297144,402.23253349674457,406.90283203125,1176700
2024-10-01,404.80653683321464,409.9643721737056,400.84798011025356,406.0350646972656,1089200
2024-10-02,405.72314211748113,407.1466553530135,403.7926319123989,406.0838928222656,863800
2024-10-03,402.3788162796209,403.4903175576725,397.53299206225637,398.5274963378906,1103800
2024-10-04,401.7060217446071,401.8425380732716,394.94917759774455,397.79620361328125,877900
2024-10-07,397.6791915658035,398.86871054235655,394.28615987422324,395.8949279785156,942000
2024-10-08,393.45742696424,395.76820696369725,388.8163476287347,390.27886962890625,981500
2024-10-09,391.4683388790759,396.21665494103,391.4683388790759,395.3489074707031,760300
2024-10-10,394.65669396216526,396.39221895799267,391.81939758180766,395.6219787597656,578100
2024-10-11,394.929653604275,402.06676764959644,394.3641582259686,400.8089904785156,653400
2024-10-14,397.8352416746136,398.56650269009924,389.47935866310996,397.5329895019531,996200
2024-10-15,394.9004604730874,398.8200387829565,391.44892970674914,391.9461669921875,834600
2024-10-16,393.1551494375841,400.1947560678588,393.0478823585126,399.1417236328125,867600
2024-10-17,397.9229499739833,399.0247212222277,386.62253443899624,395.0174255371094,1398500
2024-10-18,396.8212154522677,399.3464999051527,394.1009459162575,398.51776123046875,749900
2024-10-21,397.8059546623183,400.46775521784497,395.7779373974533,396.79193115234375,838600
2024-10-22,396.8797154990285,397.70848393202823,391.7706480729065,396.4897155761719,610200
2024-10-23,397.07473847144456,401.4428150601381,396.1094834354624,398.4300231933594,1112700
2024-10-24,398.7712083574107,401.47201781980664,396.9967044142931,400.79925537109375,718300
2024-10-25,402.68106351064745,404.3873392034892,397.24049467942456,397.73773193359375,591000
2024-10-28,398.78096690432164,403.0027669824899,398.04970596256555,402.0472717285156,828300
2024-10-29,399.9509921976625,400.7309919588092,395.08564921511936,395.8949279785156,758600
2024-10-30,392.59939580108176,397.9424867032045,391.3026096759916,394.57867431640625,785100
2024-10-31,394.1594251653228,397.1332078947468,391.95588257251666,394.57867431640625,746300
2024-11-01,395.6609594458759,396.9089770908752,388.3581087521371,390.4154052734375,1522500
2024-11-04,390.4153921148217,396.69445929312485,389.52812518346366,391.6438903808594,801900
2024-11-05,388.3580798828256,393.91567524723945,386.87606833802187,390.3666076660156,902200
2024-11-06,402.31056692081955,405.1186140606824,392.06315274509336,395.5732116699219,1664000
2024-11-07,397.4257343464156,401.6768139833895,396.158227116885,400.8870544433594,1073500
2024-11-08,392.053389897095,396.33368866350384,383.88276251139166,384.2142639160156,1623200
2024-11-11,387.25632907738094,392.8139247360149,383.346540387338,392.58966064453125,1143200
2024-11-12,392.14108149204463,392.14108149204463,383.2976928954371,383.9119567871094,1144900
2024-11-13,381.2794821197486,382.33251464640887,377.3599337829478,379.719482421875,1474700
2024-11-14,380.6652222564189,385.63777303033703,378.1009290367615,384.77978515625,1225000
2024-11-15,382.85902572718055,389.586621037225,380.2557234513142,388.98211669921875,1168100
2024-11-18,386.3105096760451,396.8114355084768,386.2422812708513,394.4226379394531,1457300
2024-11-19,389.5281020223303,392.5603832210469,387.8120667621703,390.0935974121094,1076500
2024-11-20,394.0618886806978,398.7224570936868,390.62984813662035,394.8418884277344,1487000
2024-11-21,402.43731790082535,431.00523674256794,400.69203325433733,426.6079406738281,4148700
2024-11-22,425.03813698141755,436.3190638287812,421.4110812270955,435.49029541015625,2202200
2024-11-25,436.8066085604349,457.6621883721358,435.53910128584414,451.12957763671875,3266900
2024-11-26,445.2306633191113,451.7632430233182,443.03688055734597,449.5207214355469,1747300
2024-11-27,450.3690053105051,455.390324637054,449.5792458511393,454.3568115234375,1258700
2024-11-29,454.35684579897924,457.3696376221861,452.5725820075005,454.25933837890625,732200
2024-12-02,452.1143176484097,452.69930265056826,447.3854905137178,451.383056640625,1318600
2024-12-03,452.4165923104185,453.90836365026144,447.48302017969155,447.7755126953125,1166100
2024-12-04,447.53172962547376,450.68103769392843,441.9741341529269,444.8601989746094,1056400
2024-12-05,446.5372444294108,446.9174846909674,436.73832881038237,436.923583984375,1159700
2024-12-06,435.3440307067321,437.74255835635773,431.90223026559227,432.906494140625,1129900
2024-12-09,433.88154750963025,441.92541889604473,433.023529800932,438.1813659667969,1209100
2024-12-10,435.9583021870495,437.4793226500773,429.9814576632523,432.86749267578125,1215300
2024-12-11,436.7675572625012,438.52260149752675,434.9345249471813,436.8358154296875,1677400
2024-12-12,436.4458452430735,436.4458452430735,427.50494714039684,428.4994812011719,867000
2024-12-13,429.0064464953634,431.0734727949364,426.1008921231775,429.4354553222656,900700
2024-12-16,429.32822485840995,430.3714977653232,425.1064241511659,427.4659729003906,956800
2024-12-17,425.662152263695,433.8230201113407,424.131372124233,432.5067443847656,1357100
2024-12-18,432.12652694935,434.18379368394295,413.9034998256346,415.35626220703125,1423600
2024-12-19,417.3745129264197,420.2897971004446,411.42691783042716,415.9704895019531,1757200
2024-12-20,415.3660060589842,425.5939003510626,415.102733056749,421.68408203125,2446400
2024-12-23,421.8206274618322,421.8206274618322,416.3312897703227,421.5768737792969,1093900
2024-12-24,419.85106660979886,422.75662113403337,417.99854462673386,422.0253601074219,383200
2024-12-26,421.00162838757404,424.5701859529634,419.6853525204494,423.0003967285156,444900
2024-12-27,421.5280919922317,424.2971599236146,416.419024487878,419.3148193359375,735300
2024-12-30,416.5652572527628,417.20877050428106,411.19294666530845,414.0302429199219,792500
2024-12-31,416.4575056962063,418.7086154010041,412.50335321298763,414.6957702636719,772700
2025-01-02,417.025198945965,419.726554695767,408.99947818187206,409.2930908203125,1005300
2025-01-03,410.90799947823496,413.95192306637097,407.8249474529594,413.2472229003906,875100
2025-01-06,414.9894044136887,419.9810282236041,408.99946778940495,409.1169128417969,1077900
2025-01-07,408.9701121122441,411.1722964817822,403.5869947644844,404.4874267578125,1223400
2025-01-08,402.343961615865,403.2150622075878,399.5349579110242,401.28692626953125,878000
2025-01-10,397.2642293451481,402.64734591008954,394.4454289830063,399.88726806640625,1699200
2025-01-13,399.3392448425767,423.08366669726774,397.45023725423954,420.7738342285156,1988700
2025-01-14,421.5470318334902,424.2287934258217,418.27798524128764,423.122802734375,1224700
2025-01-15,428.67230388042066,428.69186809871394,417.38733420947847,419.76568603515625,1432100
2025-01-16,422.71172345639644,430.5221177296688,419.40354859510046,429.77825927734375,1181300
2025-01-17,438.2934044527293,447.50343228476515,434.2120395520653,445.7612609863281,2315500
2025-01-21,448.7268673310159,455.69555251399623,443.9114111249925,453.3074035644531,1733700
2025-01-22,453.0040049259877,454.452563627582,448.82475909700105,449.97967529296875,1132200
2025-01-23,451.3597023016294,465.8060410146088,450.86053096379567,464.63153076171875,1934700
2025-01-24,464.3770548852553,469.2903919998117,462.3216768404155,468.595458984375,1400800
2025-01-27,469.7993744195814,474.0960955352663,464.03453025883533,473.8611755371094,1418500
2025-01-28,472.15813563558163,475.515236306684,466.197559994327,469.78955078125,1642400
2025-01-29,470.7780860993186,472.5789799753724,467.1860655224629,467.9984436035156,977000
2025-01-30,465.6396661002147,473.3032548192456,464.3379435496576,469.78955078125,1122300
2025-01-31,468.8205524004416,469.3980104569012,463.9855322053694,466.4324035644531,1400700
2025-02-03,454.2861771425125,459.6888887736212,449.3826667469783,457.1245422363281,1397700
2025-02-04,458.71011054700216,464.54344372576253,455.1180901127684,462.23358154296875,1045500
2025-02-05,462.468491656355,463.9170204090119,454.8342349667246,457.7411193847656,1084600
2025-02-06,461.3331342158238,461.34290139036284,453.6107938325863,455.0985107421875,809300
2025-02-07,458.4654309955917,459.4931050749312,453.1606004569378,455.7053527832031,898000
2025-02-10,457.65305555512873,461.85189542406886,454.13935165569774,459.9922790527344,1348800
2025-02-11,459.5420417708403,466.569479569963,458.915658185311,464.220458984375,1489000
2025-02-12,458.8471023512936,467.6264779824474,454.1099629843917,466.4324035644531,2038900
2025-02-13,444.84120000023563,464.29872525453897,441.6309060662825,456.3121337890625,3058400
2025-02-14,459.91392597228634,470.9150797053922,457.1734420496106,470.0146179199219,1919300
2025-02-18,470.7780844043833,491.4296861805452,469.799335788158,490.9011535644531,2367600
2025-02-19,485.6159161439038,504.10446193950196,485.45931278130274,498.4472961425781,2095200
2025-02-20,497.34133554838394,498.4375292181052,482.63071519109747,485.2537841796875,1514500
2025-02-21,486.70231669356497,488.1704396271214,476.90506329457696,479.5672607421875,1104300
2025-02-24,479.56725213629005,481.8868815506372,471.90363383398886,474.25262451171875,1245800
2025-02-25,476.3373625314984,480.32087651086545,472.5887685275952,477.22802734375,1214700
2025-02-26,479.5867824674813,480.3012796513569,467.27413903140587,468.3507385253906,1557700
2025-02-27,472.070050691444,477.10080316358216,468.9772014081789,470.337646484375,1328600
2025-02-28,469.730831431663,474.8986230979629,462.5174586754775,470.57257080078125,1995800
2025-03-03,473.7828136288902,474.370068727568,453.6988744421275,455.930419921875,1487700
2025-03-04,444.1560783590637,453.44442237430553,438.1367807731835,448.6387634277344,2325900
2025-03-05,450.60608369331146,458.8764914676248,448.903040813067,457.5649719238281,1291500
2025-03-06,458.0543535742459,474.5854320820442,455.4117203560103,472.5789794921875,1695800
2025-03-07,468.10603294930723,489.63849988523776,468.10603294930723,489.0023193359375,2615900
2025-03-10,487.0448645934445,494.2484696888286,470.3376191302164,478.3927307128906,2174100
2025-03-11,473.6653960994225,478.15784858137795,462.6642415434804,465.39495849609375,1492200
2025-03-12,464.8958180679913,466.49118316837166,453.36616000795743,461.3527526855469,1679800
2025-03-13,463.4765750537674,469.79928202772777,455.60742871647346,457.16363525390625,1314500
2025-03-14,461.84205806096185,471.09124349669327,460.4522518931103,467.3524169921875,1018000
2025-03-17,467.18599823710406,475.7500474264918,465.40469870617665,472.0993347167969,893000
2025-03-18,471.8840482625818,475.7109587184995,468.761837965,470.9444580078125,931700
2025-03-19,468.5857126626277,472.5594297872754,467.0392730708456,469.2218933105469,841700
2025-03-20,465.8843166117875,470.32784345708706,458.1424118838073,466.88262939453125,1153400
2025-03-21,463.5353161745966,465.59069408975,458.3479309726346,462.3901672363281,1685000
2025-03-24,466.51073975275,472.96068934169676,464.08343250981903,469.7601623535156,903800
2025-03-25,471.4729645030233,471.9134133064012,467.00987342080884,468.7520446777344,808200
2025-03-26,471.2381036478039,474.5854371017044,467.03926366563195,473.3424072265625,811200
2025-03-27,471.6687609847432,480.15449497224415,468.6346342250182,469.5252990722656,1193200
2025-03-28,467.44057172824,469.3589107499309,452.9159451116455,455.4215393066406,1183600
2025-03-31,452.5437706743854,464.4672754883142,450.2062058661042,460.9805908203125,1496300
2025-04-01,460.99040064034284,470.99869588193957,457.7001615153779,469.9183349609375,1253600
2025-04-02,464.9976449321043,466.02890939733794,456.4920660050625,462.5029296875,1394700
2025-04-03,448.4088361438023,455.4215307975308,438.6362814875463,439.47113037109375,2287700
2025-04-04,418.8553976532621,430.96554705700055,412.5498952646661,422.19476318359375,3609600
2025-04-07,409.69175592801406,433.1753971667373,404.947867549003,415.80084228515625,3007400
2025-04-08,425.7305613364125,427.8225841119517,398.83879490365854,405.6255798339844,1816400
2025-04-09,400.4495635398164,447.5445341140967,397.2084209237451,444.5194396972656,2914700
2025-04-10,436.4362083859381,441.2193922747796,420.88850034257337,436.2692565917969,1956600
2025-04-11,436.3281450526469,455.117024164331,433.6271829842287,450.94281005859375,1245100
2025-04-14,456.05003799147516,464.34936928492215,453.2410519988547,459.33050537109375,1283600
2025-04-15,456.39384907009156,458.8001728177462,452.4357129686426,453.03485107421875,1143600
2025-04-16,449.8624263467765,453.35894217273943,440.679149174332,444.35247802734375,1015600
2025-04-17,447.190973729197,450.6874899120999,443.47837935641166,444.0087585449219,1044800
2025-04-21,442.3881201875261,443.80241452062495,428.1761481429822,433.68609619140625,969300
2025-04-22,438.29251396417806,450.07853114640807,438.29251396417806,446.55255126953125,751600
2025-04-23,454.6947357158175,463.5440499505552,446.267716598775,448.3008117675781,1025500
2025-04-24,450.3436910927066,458.19123432649695,448.82134257888123,456.2268981933594,828400
2025-04-25,455.87329274830074,457.65101451443854,449.18473075009376,451.1097717285156,983400
2025-04-28,451.10979913986387,456.88495239944245,448.9293847453983,451.9937744140625,755100
2025-04-29,449.2633513159454,454.6456133907671,444.34267947965304,452.4259338378906,799600
2025-04-30,452.2392949645159,456.9929847754618,443.9399628727814,455.2938232421875,1325900
2025-05-01,456.70811374572094,476.8130936293337,455.9714877558085,471.46026611328125,1855300
2025-05-02,478.44353130843814,483.5311546597216,472.10853533943197,473.0809020996094,1108800
2025-05-05,472.0005162793678,476.5479592361837,468.7397110955242,472.75677490234375,805200
2025-05-06,469.52545572640906,473.17912231579066,466.5396862354892,466.8244934082031,887700
2025-05-07,466.6182308294894,468.89686797504714,460.89220409543987,463.9761962890625,1011200
2025-05-08,469.38795561683787,485.377650927467,468.01292628514085,481.2525329589844,1568800
2025-05-09,481.96946790519365,485.1222186994055,480.39799315699065,483.8159484863281,653500
2025-05-12,498.68600724570615,504.834388967417,485.1517324135698,486.7821350097656,1597200
2025-05-13,487.1749580235869,492.71439990186417,484.1793576285975,489.67950439453125,1500100
2025-05-14,489.8759742930775,492.0858525264072,487.2143071245945,488.6286315917969,1601200
2025-05-15,508.12466965156847,522.0616381316158,499.1378670254255,507.1130676269531,3211700
2025-05-16,506.60223761123115,524.2616588477391,506.60223761123115,522.0026245117188,2322000
2025-05-19,516.6301911832504,522.9749579979808,512.2497003909904,520.382080078125,1273000
2025-05-20,518.2801919915006,520.3034555083957,514.4693756669762,516.9444580078125,1250500
2025-05-21,510.30505308442554,513.6837135223383,504.922791436166,505.4825744628906,1060100
2025-05-22,503.6754341638958,509.90234612427736,502.23164590976273,506.4549865722656,949200
2025-05-23,501.83877407334415,507.55499928306267,499.6190647024097,500.9646301269531,850800
2025-05-27,503.6459526648208,505.75763803441157,496.7806073157316,500.5423278808594,1103500
2025-05-28,501.2691138782834,502.5950467695463,496.8297249853242,498.9315490722656,739800
2025-05-29,501.3968071867394,501.3968071867394,493.126938726141,494.4725341796875,994200
2025-05-30,496.17166356328187,504.68704403354184,494.138568443648,497.232421875,1686500
2025-06-02,497.1342055201283,500.19856517436347,492.08584713518053,498.78424072265625,993700
2025-06-03,497.56635386472203,505.49242746732,496.9966795948922,503.99957275390625,1107700
2025-06-04,505.26655435206794,507.5156976961447,498.40120899805936,498.7253112792969,992700
2025-06-05,501.0039002646984,505.7183246249246,498.0082698957926,501.6423034667969,1126000
2025-06-06,510.3639937001591,516.6203994452267,508.78271751113783,510.7175598144531,1473800
2025-06-09,510.7274062105683,516.2275235295074,508.3701788185756,512.37744140625,1101000
2025-06-10,510.6586754406167,511.3265425843002,499.88428971203757,506.6219787597656,1294000
2025-06-11,508.96929209040985,512.3086272648009,503.488777959751,511.5523986816406,1037000
2025-06-12,509.2541722099319,510.83544850208244,505.81658377649933,507.6434020996094,797000
2025-06-13,503.8522179426641,507.19161334633776,498.67620302439497,500.5030212402344,824500
2025-06-16,506.0915631666653,517.052531829318,503.70484213882827,515.0881958007812,1278800
2025-06-17,513.5658685772339,515.6283975136645,510.62919568477747,513.791748046875,862500
2025-06-18,512.6916281684848,521.9043675853383,512.0434237508274,515.6184692382812,959700
2025-06-20,519.0266368580955,520.5489851082087,509.6862105715573,512.0827026367188,1389700
2025-06-23,509.2148646873221,513.595295789143,496.6430957644251,504.9129638671875,1261400
2025-06-24,509.3523430362297,509.3523430362297,498.82352997805856,504.9325866699219,1215600
2025-06-25,503.9602325724573,504.8343765221451,493.96176904039885,497.7038269042969,1189200
2025-06-26,500.1199798400688,500.3458593071496,494.37429078976106,499.4619140625,1199400
2025-06-27,499.48153404983333,505.1977591137605,498.0475771347091,504.1861572265625,1835500
2025-06-30,504.462025902942,504.82657372792363,497.0330259304873,501.0036926269531,1408600
2025-07-01,497.2497966945405,507.2405240774157,487.6433419348283,500.8756103515625,1375200
2025-07-02,501.38794525123495,512.9157023326882,499.9198916140524,512.649658203125,1096800
2025-07-03,512.3443584097234,515.8716691000924,511.7827429543086,513.300048828125,470300
2025-07-07,511.35901060349613,511.8122598921154,499.4962613603576,502.7772521972656,1017000
2025-07-08,499.90017541434923,507.1518024394029,499.8706182959208,501.4175109863281,1285000
2025-07-09,503.4570917411335,504.5310405737378,492.15595797330604,501.83135986328125,1152400
2025-07-10,504.1763122913483,521.1920429192885,502.98413500360255,511.5560607910156,1268800
2025-07-11,506.6296824569864,508.28494137502474,502.1565143650734,504.8659973144531,1046900
2025-07-14,504.9546787408729,505.2305852845637,494.73735668634833,500.13665771484375,1087100
2025-07-15,500.1761003023433,504.0876530505774,495.7029321813142,496.0576477050781,1173100
2025-07-16,495.59454032707356,501.18107650672835,491.7617967454474,500.2549133300781,1150600
2025-07-17,498.35333386424134,505.38822945491654,484.8156310057635,491.7914123535156,1778500
2025-07-18,494.97384080012307,495.79163794342946,489.58437180374875,492.4613952636719,1064500
2025-07-21,497.33849764659254,498.79671912659603,488.7271821816943,488.93408203125,1111000
2025-07-22,489.7814047686688,500.7081275982001,488.87493632467533,498.24493408203125,975800
2025-07-23,502.3633388979238,508.20602614913383,498.4517867615741,507.5852966308594,995100
2025-07-24,505.18124659960733,509.8810388974915,503.88070332329715,507.08282470703125,850000
2025-07-25,507.0927547403633,511.35902315910073,501.2796234965273,509.76287841796875,858400
2025-07-28,508.816960006897,508.90566143680763,501.5554700667499,503.03338623046875,824700
2025-07-29,504.1467466898626,507.22080745153676,498.510958604033,504.9546813964844,1139100
2025-07-30,502.92502304134723,505.1714243521263,497.3089295595551,500.3928527832031,1121000
2025-07-31,504.46208538473553,518.8077235324013,504.46208538473553,516.6499633789062,1549300
2025-08-01,511.3589979552407,512.5117557366708,492.6387263537964,493.60430908203125,1623100
2025-08-04,494.1166322774078,504.6295256413637,486.02751297768793,503.0432434082031,1087400
2025-08-05,503.49645601768964,504.57040479660037,496.5798193583508,501.0923767089844,1027900
2025-08-06,502.33387827984785,506.4622234891791,499.91010404275227,502.1368408203125,966700
2025-08-07,505.65421822623364,506.481817536501,494.24468949936994,499.1809387207031,958500
2025-08-08,501.26973589704386,508.67904113333174,499.8607663736882,502.85601806640625,883700
2025-08-11,504.9250940766824,507.7035836368111,494.9738161200351,499.5159606933594,1098000
2025-08-12,501.6934108584303,505.92022933233284,494.3826391870957,498.402587890625,1285800
2025-08-13,499.5947913575272,506.95484532685947,493.1806254082264,505.9793701171875,1853600
2025-08-14,477.8595963233851,478.21428179715826,463.57307230959316,471.790283203125,5100700
2025-08-15,469.1398534063174,485.1407796954043,467.001818170752,481.6036071777344,2674700
2025-08-18,479.18966724511637,485.0027978640616,472.93314977094883,483.8992919921875,1391600
2025-08-19,484.1061823779381,491.85047818979984,479.87933401523605,482.2341613769531,1493700
2025-08-20,482.1849511496173,488.9833596179614,480.23409095194006,485.4659118652344,1438800
2025-08-21,483.96829270576626,485.9979618357223,477.4851502835217,479.5936584472656,844800
2025-08-22,483.1406273845343,491.75197259131147,482.0962357115109,488.687744140625,1133400
2025-08-25,488.9438995241722,489.0522656031314,480.48037044337303,480.7168273925781,729600
2025-08-26,480.8252378091897,483.1603404567267,472.94301854011997,480.57891845703125,1502800
2025-08-27,478.9433698668379,486.3920649119618,478.3127778721085,485.8205871582031,912400
2025-08-28,487.7123276757248,487.7123276757248,482.4016678971476,484.2047424316406,1120400
2025-08-29,477.6822079478809,480.60848310006253,467.6323661951834,471.59320068359375,1535100
2025-09-02,465.9574027385584,474.7953422477503,463.91787129760337,469.76055908203125,1600700
2025-09-03,468.2136525392386,470.8049368441143,459.8880767688425,462.607421875,1515400
2025-09-04,463.1592195417096,467.90826416015625,460.08515864839745,467.90826416015625,1486800
2025-09-05,468.3417526646562,471.3468667560979,463.3168319436507,466.2923889160156,1262400
2025-09-08,466.8934552774755,474.6475845769511,464.114965444654,474.4209899902344,1271500
2025-09-09,472.85436722791394,476.26341878719285,462.88333417246935,468.59796142578125,1204300
2025-09-10,466.68648025073804,472.4306340578655,464.2824010750021,464.4104919433594,1347400
2025-09-11,464.5583142852001,471.57348486708656,464.154346925454,469.4452819824219,1368700
2025-09-12,466.9821055212994,467.38607289587776,462.39070886102866,463.5829162597656,1764500
2025-09-15,465.30713924027594,466.0854867784222,456.0159500132882,462.2034912109375,1787700
2025-09-16,465.03126943406085,468.4994352913416,460.0063483415699,461.799560546875,1659200
2025-09-17,464.63712247482044,468.2531039139419,457.49386102637,462.2133483886719,1522500
2025-09-18,460.370884434189,471.09070780614985,459.13928763259946,469.11029052734375,1785000
2025-09-19,468.9920324058298,470.696573096087,461.95713748696824,462.7158203125,2754900
2025-09-22,461.0507155335256,465.24800693920565,457.90767817726066,462.1246643066406,1678800
2025-09-23,464.41053407637605,467.9082570116658,461.336473230028,464.725830078125,997200
2025-09-24,464.3119992508245,470.19410684194287,461.405418740138,462.0360107421875,976900
2025-09-25,462.4104014966858,463.80947858131174,457.17858085256927,459.8289794921875,1343700
2025-09-26,460.18368350032137,464.08537378412484,456.49875545830037,457.15887451171875,1106200
2025-09-29,458.9718010419472,462.3316008991321,456.42979834166994,458.6368103027344,1055900
2025-09-30,457.7766132817067,458.41927419873997,448.5617506712498,452.10137939453125,1954800
2025-10-01,449.86688747936216,451.67622893737126,442.39217853202996,446.6337890625,2141700
2025-10-02,449.39223208507696,457.1240164538533,448.2354485679483,456.6098937988281,1511900
2025-10-03,455.79916364114894,459.51675432760106,454.3160861021864,457.657958984375,989400
2025-10-06,459.46729712712477,460.2187327304535,450.98410693919226,452.1507873535156,1150200
2025-10-07,454.57314868562946,460.72297790014693,453.3273539353927,456.30340576171875,1237600
2025-10-08,457.16358714431476,461.3656400550062,450.45018122200685,455.5519714355469,915300
2025-10-09,456.67916685146304,457.3811484832234,449.8767792739609,451.0731201171875,992700
2025-10-10,451.71575957725736,455.4234534869443,436.90477761693353,441.314453125,1581100
2025-10-13,444.30035727376463,444.9232546580121,432.52471817968785,434.1560974121094,1758500
2025-10-14,431.1603104805361,444.7551886030269,428.1150710573463,442.89642333984375,1258400
2025-10-15,444.3695590529063,447.2565996171189,441.27486591910997,443.4006042480469,1019900
2025-10-16,445.2693326246099,452.5759458309121,440.5234662523291,452.00250244140625,1574500
2025-10-17,457.30199895276115,460.4560128932833,449.48123320786846,453.3273620605469,1136300
2025-10-20,452.4473740280793,458.6565540179075,450.7468074911925,457.222900390625,813800
2025-10-21,455.9079323505833,461.5139790213522,453.57457138207553,454.63250732421875,953900
2025-10-22,454.9389762329738,466.8925773853724,454.9389762329738,457.143798828125,1293400
2025-10-23,460.30770754628173,464.6877225469886,455.51241756689774,464.1241760253906,1161800
2025-10-24,468.1087317718609,472.21190703779536,465.24142431474206,467.426513671875,1187200
2025-10-27,475.1384764269107,477.55095155671245,468.81068517386046,472.70623779296875,1273100
2025-10-28,470.086186463857,471.1243287390861,462.60158075730396,462.9080810546875,1064700
2025-10-29,466.5169055193323,472.49867019057143,463.73860911435077,468.1482849121094,1134800
2025-10-30,466.81350937303745,474.3969624336456,459.97156492248166,460.159423828125,1035000
2025-10-31,458.34017412407775,459.29923213338225,453.54488407755525,456.42205810546875,1116400
2025-11-03,454.61270481695794,458.5675783870865,449.3725094058539,456.72857666015625,957500
2025-11-04,452.13101630671605,464.3713541338179,450.8555612047868,463.01678466796875,1576900
2025-11-05,462.7201983471841,470.9166821040348,461.13824291646733,468.34600830078125,891600
2025-11-06,469.7796850078656,475.85040042231594,464.22306213662665,470.0169677734375,1258600
2025-11-07,458.686268255603,465.93356108600796,452.4869843759762,462.5126037597656,1912500
2025-11-10,463.61003215042916,471.17372155641084,458.4489211134141,469.0381164550781,922900
2025-11-11,469.2061831526732,474.80233269876004,466.68496340052366,472.5579528808594,1179100
2025-11-12,473.5961005697592,479.4591932788557,472.3799661088344,475.35601806640625,1068200
2025-11-13,475.88991852008456,477.34333568641813,467.55503015775616,468.06915283203125,1005300
2025-11-14,467.9505264142767,474.2387607727425,465.6863528954147,470.85736083984375,1180100
2025-11-17,469.9081567076985,474.3475225921472,467.7725214628766,470.61016845703125,1318400
2025-11-18,466.15105684849084,471.7373096730917,464.69763961976975,468.50421142578125,1117500
2025-11-19,469.0084097081461,471.0254035377073,462.8783742030751,469.4137878417969,1202100
2025-11-20,472.6073802273279,478.7473128482872,468.3657699771848,470.9562072753906,1543200
2025-11-21,472.2514612408902,485.5002814907839,471.1342046443918,481.7431335449219,1835800
2025-11-24,483.10757925157213,488.7333893552787,478.63858295084765,481.7332763671875,2182900
2025-11-25,484.5313199695821,494.873305628172,482.7120817971566,492.5102844238281,2188500
2025-11-26,471.7471967584648,482.3165984591881,464.1142897990018,464.569091796875,5473600
2025-11-28,461.642467433854,468.3262128314755,457.7864720787985,459.249755859375,1682600
2025-12-01,458.4884909521749,469.1468739414258,456.20455389542764,462.8289489746094,1824400
2025-12-02,466.39822165514676,468.42508220500935,461.16789313079454,463.8572082519531,1303600
2025-12-03,465.68633767406425,477.007174725053,463.2738625130149,476.38427734375,1157700
2025-12-04,475.5636335417897,478.0453262767765,469.84884263728435,477.58062744140625,1379800
2025-12-05,475.95914980173853,479.96344712405954,468.34600629647053,469.7499694824219,1224900
2025-12-08,473.6158506844667,483.47337378948623,459.6749461608072,461.08880615234375,1896600
2025-12-09,459.64531090971,464.0253261748842,456.59014450486615,457.63818359375,1173700
2025-12-10,457.4305564578776,464.66798230412616,450.7666041740684,463.61004638671875,1677800
2025-12-11,466.5564235565449,475.31645372441557,464.8261664302089,470.57061767578125,1186500
2025-12-12,472.82490430291733,481.6739458622361,472.2119037358056,479.3306579589844,1852100
2025-12-15,479.33067822914416,483.4734108252487,479.33067822914416,482.5044860839844,1473200
2025-12-16,481.50583815901757,483.63157658440457,478.7473055042056,479.96343994140625,1632200
2025-12-17,479.4789970876599,484.8872879080575,474.27832868141496,475.57354736328125,1641500
2025-12-18,477.59055452977674,481.6344092508837,464.48013861182454,469.690673828125,1927500
2025-12-19,469.74009285770785,471.1242925093313,463.62982071271244,465.2611999511719,2990700
2025-12-22,466.1807184003547,467.40671954196733,462.3741465844848,463.48150634765625,1173200
2025-12-23,465.08321330552076,465.8642790338662,460.1593853336423,460.9503479003906,1083700
2025-12-24,460.77240742411635,463.1156650654491,459.1607916999486,462.16650390625,343300
2025-12-26,462.4532655032785,464.1143051643819,460.8713100374839,463.63970947265625,503200
2025-12-29,464.1933977142461,466.4279109813961,460.5351576928767,464.9349365234375,981500
2025-12-30,464.57898497668936,467.86153715335706,463.0860106067884,464.6383056640625,826700
2025-12-31,463.3187623839027,466.53331180955456,461.9099426269531,461.9099426269531,812100
2026-01-02,462.33655031850594,466.78134178805095,455.3122229191012,463.1302490234375,1175500
2026-01-05,458.6755471086143,464.21169688922794,455.35187708101023,462.4357604980469,1320200
2026-01-06,461.4436278925243,483.6278304830362,460.65982999045826,482.15948486328125,1621000
2026-01-07,483.3103696636036,485.25495267096534,469.9660945552415,471.4642333984375,1286900
2026-01-08,470.1943171575769,499.9187797781355,469.0037387808909,496.86297607421875,1796900
2026-01-09,496.76373255708637,499.59130290909485,481.0482329112155,484.242919921875,1725600
2026-01-12,482.4967839974113,493.1126473718138,480.5224078696668,486.88201904296875,1547500
2026-01-13,488.4595091912326,495.66244401860416,486.14783992762585,495.5929870605469,849100
2026-01-14,499.27386339248426,512.0327801226093,497.2796553380535,508.0740966796875,1890900
2026-01-15,509.7607552486812,515.0984652865592,504.15517871257816,510.9909973144531,1203700
2026-01-16,512.2014422161756,512.7471062913144,505.9906453897932,510.3560791015625,1323300
2026-01-20,510.51477892066833,511.2092879746366,503.10350319030005,504.6809997558594,1377100
2026-01-21,508.65945336862615,526.0318069418364,507.1117198422612,525.3472290039062,1620600
2026-01-22,525.0992331666951,528.4228729256897,517.0628749686857,518.2733154296875,1159300
2026-01-23,514.1857413923359,517.5292435054996,502.43882443875117,510.3858337402344,1590500
2026-01-26,511.665626194095,514.5825157381306,508.54042632533844,512.4791870117188,750600
2026-01-27,513.2630353314015,517.3903049127613,509.81035211881306,515.1083984375,1043300
2026-01-28,515.8524196240797,524.6130182695575,515.0091262429811,520.882568359375,1106700
2026-01-29,525.8334361006588,533.0363717255323,517.4399220943023,525.9028930664062,1493500
2026-01-30,520.8032486722664,525.8234669938684,514.6222452764597,523.84912109375,1517800
2026-02-02,523.1050421919493,530.4964863833,518.283263448694,528.0657348632812,1557900
2026-02-03,529.0678181325351,541.0330067425215,528.8098524181121,540.7155151367188,1605300
2026-02-04,543.691938487547,567.0667208660027,543.691938487547,562.800537109375,3209200
2026-02-05,559.3974439653263,570.4200877050723,556.7881149752608,561.282470703125,1913100
2026-02-06,563.5346803753195,579.468422613014,563.0882059294491,578.52587890625,1440400
2026-02-09,575.4403265574272,583.1194688126342,569.7851250301939,581.0657348632812,1101800
2026-02-10,581.5022742013575,589.0921578505927,579.0021263912283,588.744873046875,1609100
2026-02-11,587.8420729160368,609.5104048304008,585.8577958766577,607.8733520507812,1826300
2026-02-12,608.0519333103691,621.3267516266756,592.0884583452289,593.407958984375,2767800
2026-02-13,594.1520349439513,606.1569468719017,592.5051117133124,598.1801147460938,1565100
2026-02-17,588.3877185319561,602.2677262981174,588.3877185319561,596.1165161132812,1863200
2026-02-18,599.0631358929298,599.0631358929298,586.2744562946768,588.6060180664062,2558200
2026-02-19,628.6288291510768,668.889824431896,623.7772575943673,656.795654296875,6653300
2026-02-20,659.0279726965583,661.6769654318458,641.3183253904484,657.2817993164062,2989900
2026-02-23,647.0528683992873,664.5343436205387,639.3737262318205,641.7548828125,2074700
2026-02-24,638.2426583906506,642.71721252838,629.7698177530043,639.472900390625,1399200
2026-02-25,640.1972748832615,641.8441982662513,618.5884677471945,618.70751953125,2100500
2026-02-26,620.0469107815786,622.0708515609012,609.7683097002445,614.5901489257812,1421700
2026-02-27,610.1652027799486,626.5454197824552,608.6670638940262,624.7595825195312,2015300
2026-03-02,620.8406047854913,631.446567898038,614.9175063817257,625.9203491210938,996900
2026-03-03,615.1258257518259,618.6479050624047,604.4206739068036,614.3519287109375,1071400
2026-03-04,614.3619087971414,617.8244625004536,608.1313104570313,609.2127075195312,1073200
2026-03-05,602.8332303011973,605.561611044264,581.6907623107728,586.0462646484375,1642100
2026-03-06,580.6390678655447,585.212811358933,573.0889091704219,585.1334838867188,1412700
2026-03-09,581.8594196896895,596.0966430736333,573.773527488837,594.7671508789062,1499500
2026-03-10,592.3860111328892,598.2892467070667,586.7804049667959,588.0602416992188,1092800
2026-03-11,586.1157512833925,593.2988243508952,580.69865326114,589.3699340820312,998400
2026-03-12,586.8102316436187,589.0028188709557,577.7321405698503,581.2244873046875,1622500
2026-03-13,580.4009993912338,585.0342690462674,567.1063197984324,572.9599609375,1381700
2026-03-16,577.3948158624748,578.3572216997193,566.243188771077,567.9794311523438,1150900
2026-03-17,571.838881168866,572.3150882867905,557.7703640437634,569.7454833984375,1462300
2026-03-18,569.2395248745349,573.8628641315652,564.6558493618021,566.531005859375,1226400
2026-03-19,558.7624178907607,565.5288089239709,553.5536913842357,563.117919921875,1449100
2026-03-20,564.1002436673355,569.1998505377061,546.9461892983265,555.3297119140625,2726900
2026-03-23,565.7669594501248,567.4436758775473,559.5958872667387,564.5565795898438,1244200
2026-03-24,556.1432017820694,579.904930016122,555.597537739997,578.4365844726562,1144900
2026-03-25,583.9528168703347,586.0462142909474,572.5729583146898,573.446044921875,930100
2026-03-26,569.447829771528,583.2285873816583,569.447829771528,576.6209716796875,1516500
2026-03-27,576.154629991181,577.3452082802139,559.6156984577408,562.1853637695312,1455800
2026-03-30,567.8008491933265,568.7830566155894,550.6765290621993,551.1329345703125,1262900
2026-03-31,557.2226045271769,563.7102871428398,546.9537806701398,560.5062255859375,1445400
2026-04-01,562.635585182412,576.4964891631788,561.3520050693085,567.8695068359375,1573400
2026-04-02,557.9191106123876,577.8099565726242,553.6901893202883,572.8546752929688,1248600
2026-04-06,569.5511110753035,572.3571319066343,563.8494890666424,572.2377319335938,1055700
2026-04-07,570.4665885039722,573.2726096176,566.4864270490297,573.1432495117188,876100
2026-04-08,589.3026680024233,606.6561735713773,587.0737874080984,606.2979736328125,1449900
2026-04-09,604.6760729405077,615.8802370027696,604.4372729736118,614.9349365234375,1205800
2026-04-10,615.382694011077,616.1687539950383,598.0789283840741,601.9993896484375,1263800
2026-04-13,601.4620731992422,604.9148338404359,595.8798510375715,600.049072265625,1178300
2026-04-14,596.4868828385023,599.4520835117265,590.7355207265424,593.0838012695312,868100
2026-04-15,587.8499756611359,590.914656256281,569.2625682086656,573.7800903320312,1553900
2026-04-16,569.9989192861277,582.6259832799727,562.0186765461776,581.2926025390625,1443900
2026-04-17,583.0935927146481,590.7554148677958,579.1433120316157,587.531494140625,1238700
2026-04-20,587.0538284844786,592.6857903213846,584.6358879598303,591.5713500976562,919900
2026-04-21,589.6210676012969,595.6907890339636,583.7005657716006,584.3871459960938,632000
2026-04-22,586.5663480322395,590.1584292536254,576.934364373697,577.1134643554688,796500
2026-04-23,581.4716768803196,592.0190794340896,577.1233557653037,589.0140991210938,919200
2026-04-24,582.4667973230227,585.2628584332474,558.8345876918263,559.8495483398438,1102600
2026-04-27,563.8197103568987,575.1233539962807,561.3619291464983,564.8744506835938,1035200
2026-04-28,571.6009191495435,571.6108792698501,556.9837745427285,561.0634155273438,894800
2026-04-29,555.5011721369211,561.0634134480275,554.9936918626913,557.2424926757812,872400
2026-04-30,559.6703699980219,591.461857917587,559.6703699980219,586.9443969726562,1562300
2026-05-01,585.382195692352,587.1434364557737,572.8447122192744,574.39697265625,802600
2026-05-04,573.8397418016649,579.0835627808437,570.1580806180275,575.5213623046875,799100
2026-05-05,579.4916078098313,587.8400109785655,572.9342651367188,572.9342651367188,906100
2026-05-06,577.0736045023408,590.6061275945538,577.0736045023408,588.7056274414062,983200
2026-05-07,589.193187744233,590.8648480753565,575.2128843864508,577.66064453125,828800
2026-05-08,576.9045153627603,580.0885958531385,569.4615723487733,571.989013671875,896900
2026-05-11,572.8546639992721,586.2478673586209,570.8844429380888,585.8200073242188,907400
2026-05-12,588.4370029260052,591.0340436460875,577.2825788145531,586.267822265625,1264800
2026-05-13,585.4220653458121,588.0788060711643,577.2825818507123,577.7702026367188,961500
2026-05-14,577.3024794782997,584.2379420163896,571.1531376534774,571.7899780273438,1056300
2026-05-15,569.2028408298745,569.7799812185715,552.8045958470999,559.0435180664062,971200
2026-05-18,561.3121874322142,565.182908901711,554.6454050574838,561.6903076171875,848400
2026-05-19,559.7798051840624,560.7947656815174,551.3020427522325,555.3021240234375,1027900
2026-05-20,553.2423963338396,564.7848393025052,547.5308748370798,557.6802978515625,1441200
2026-05-21,544.4661662401126,545.2821066072354,512.595055713994,528.7146606445312,3212500
2026-05-22,528.8838142695245,530.1375747044527,518.9134915083682,526.5255737304688,1763900
2026-05-26,527.371367876396,529.1126884307048,521.2120658864287,526.4957275390625,1419100
2026-05-27,524.8340236661401,531.1226857133546,523.4210834309961,526.764404296875,1332700
2026-05-28,524.7941774030688,537.0332216674148,519.8886360166135,536.3267211914062,1880200
2026-05-29,533.6103050820238,544.267148304905,532.3465844098841,539.490966796875,2271300
2026-06-01,535.5506042298177,541.8691470829666,525.8291010142314,539.73974609375,2214300
2026-06-02,559.2126305736135,577.85967547733,549.909028361494,576.3770751953125,2045600
2026-06-03,574.9741305634877,590.8449752287237,572.7551493312484,585.3722534179688,1840000
2026-06-04,591.2032456341477,601.5118490388286,584.4568429393737,588.8151245117188,1769000
2026-06-05,587.7304876294716,594.855010317996,576.3472239598937,580.5463256835938,1751600
2026-06-08,582.894623736963,589.6708460778366,562.8843769136093,570.8148193359375,1476300
2026-06-09,574.7651137028408,579.8895953656685,565.3619710427405,574.4666137695312,1037300
2026-06-10,574.5959625314665,574.5959625314665,557.1628379807156,557.2722778320312,1112100
2026-06-11,558.9339798933627,568.884382390068,553.8592989130178,565.8197021484375,1266000
2026-06-12,566.7152224291519,575.6606856124533,564.4366020386766,574.6158447265625,854100
2026-06-15,581.0139258332773,590.4071082254534,571.8794636233706,572.6157836914062,1541300
2026-06-16,575.2725836263116,587.5613063976708,574.1581434070075,582.3870849609375,747800
2026-06-17,582.3772710473305,595.5117556643261,580.3075700223865,585.5513916015625,1517200
2026-06-18,592.5564883447348,595.2431094353122,584.9245458679071,586.3175659179688,1436100
2026-06-22,586.5762725292662,600.8949174047913,584.4966115244029,595.6212158203125,934200
2026-06-23,587.1335306322709,598.3973951452889,580.4866681088719,589.0042114257812,1384000
2026-06-24,589.7504245690626,609.9397699381974,589.0638443482105,597.7704467773438,1239400
2026-06-25,603.4521260999095,628.7957718731442,601.0142653642674,627.631591796875,1262300
2026-06-26,619.6812492663237,626.9251108613898,609.1238258299092,610.198486328125,2319500
2026-06-29,611.0641710023349,625.0643950121245,605.6014095892326,623.5220947265625,1207600
2026-06-30,624.6793376907225,634.775241390637,616.1098209366933,632.8199462890625,1758400
2026-07-01,627.8218434669252,632.2911588610842,617.8256776681743,626.1358642578125,1636900
2026-07-02,636.5210513285178,637.4688019234948,613.6556320431779,619.791015625,1288800
2026-07-06,617.676060519109,636.1818877513405,616.2095283748215,633.7277221679688,1081700
2026-07-07,628.8394427788834,633.4284676876898,591.0894976877604,602.1730346679688,1433100
2026-07-08,598.5516741186337,600.0680751065665,589.3636383221711,595.3193969726562,1001100
2026-07-09,601.414851076342,604.5573766475322,589.9621994655295,591.4885864257812,840800
2026-07-10,594.8005933427115,598.0129593864946,585.2833264446425,585.462890625,782100
2026-07-13,584.3954559879145,586.4306385667929,580.6244862568075,584.245849609375,996000
2026-07-14,593.4139518718869,599.5692463871345,578.2401392068664,583.0087890625,951000
2026-07-15,582.5298987681284,588.7750059091494,575.077711131382,588.07666015625,1013700
2026-07-16,583.607353484844,598.3222397479234,582.5099964923535,597.5440673828125,807800
2026-07-17,594.6310067966419,613.4560792311343,594.321747230924,595.8181762695312,938800
2026-07-20,596.0576319324279,598.3322334385163,581.113312496667,584.60498046875,1105900
2026-07-21,590.590655322969,594.5811327237999,578.6391949922335,585.4828491210938,950700
2026-07-22,588.4957172134337,607.9193379946689,588.4957172134337,605.8842163085938,990100
2026-07-23,608.5478381857024,614.4836858345014,605.2955891769559,608.5678100585938,1695300
2026-07-24,610.7525706910984,627.8417952098634,609.8347170386251,626.66455078125,960300
2026-07-27,626.2157031465748,626.5349486652586,610.9221805085314,623.5321044921875,876500
2026-07-28,628.7196787019537,642.4569175357979,626.5049928270531,638.3168334960938,1360000
2026-07-29,629.9268319952814,632.5007071845353,606.7621379615705,609.49560546875,1346500
2026-07-30,599.2400020859902,603.3302779833698,588.6552753223863,598.0428466796875,1368800
2026-07-31,598.631516485799,601.554534127254,589.2239725086624,591.2590942382812,1123900
2026-08-03,601.4746618899261,614.7629590795054,599.1202948125449,603.6195678710938,1053200
2026-08-04,609.206220629371,620.5192511312418,595.8081997324678,615.9002685546875,966300
2026-08-05,617.5264268264272,623.2427666723923,610.1639905659348,610.5430908203125,814700
2026-08-06,613.1069660488891,616.6684746373962,609.7350075832389,613.3763427734375,817900
2026-08-07,610.8921971150662,626.3852551646747,609.7549573090871,619.35205078125,942000
2026-08-10,619.6413696859839,622.0655775713925,601.674234177612,607.82958984375,1022900
2026-08-11,607.0214692093823,619.8209436269265,604.8766239551426,616.4789428710938,674700
2026-08-12,617.5064583760793,621.7962706583584,609.5354888330063,618.2946166992188,859000
2026-08-13,618.0750943081327,620.5292599811336,609.655184038235,610.9221801757812,517500
2026-08-14,607.38060171355,614.5335153544751,605.5549412665039,607.4005126953125,802300
2026-08-17,604.9264786818651,609.1863330607788,598.0528663116813,598.4918212890625,1245700
2026-08-18,602.4922948919011,602.6020184156058,586.6002246830365,587.3184814453125,1218300
2026-08-19,588.1764472699025,594.6410013253479,577.9308768194328,579.2477416992188,1596700
2026-08-20,609.6651621881495,637.4787959008328,585.0838055855442,619.4617919921875,3200600
2026-08-21,621.776262716977,652.7224352795345,606.4528436982059,645.9285888671875,2392500
2026-08-24,651.4853752193621,659.1271742051172,644.232723317462,647.0958862304688,1228900
2026-08-25,650.5176960392798,651.6250389709057,625.6470514527058,629.1586303710938,1206900
2026-08-26,630.6450939494302,638.1272390446626,628.90918513986,633.0293579101562,830700
2026-08-27,627.3230429869528,627.8517496100811,616.3392435705218,621.1776733398438,807500
2026-08-28,625.0085683352527,630.5154470334318,615.7407058185152,628.8294677734375,630600
2026-08-31,646.4573678861551,655.6055206881006,639.6037275144765,653.3508911132812,1786500
2026-09-01,653.779904049558,676.2762086417652,652.4929360940856,674.4705200195312,2309600
2026-09-02,676.4458108307537,698.9720740285642,676.046738713099,696.7074584960938,2027900
2026-09-03,701.5758179090082,704.1995617081747,683.8481023215274,692.7568359375,1692900
2026-09-04,690.3825991843851,700.777776532801,689.1854436976715,691.8790283203125,1053800
2026-09-08,685.5740511651845,688.9360236787185,678.6405841433497,679.1094360351562,883500
2026-09-09,679.6980403761359,686.9507527224142,671.0187396293524,675.5978393554688,1035800
2026-09-10,673.4230651242912,680.3764432423196,669.8017017648774,676.3261108398438,1175900
2026-09-11,684.2871062036684,691.0410092672976,673.8220880668147,674.13134765625,1322300
2026-09-14,671.47765245417,686.3321583725399,666.4097290820517,679.8377075195312,1029700
2026-09-15,679.7778910895419,687.7288885689953,678.9698218021331,682.4115600585938,1526500
2026-09-16,680.1070441102589,682.9004271012066,663.8658321789994,667.876220703125,871600
2026-09-17,674.0515055279949,686.2823292688881,670.4900578080751,683.997802734375,1232200
2026-09-18,683.129880770706,686.3621579348827,678.012088297474,682.3616943359375,2243000
2026-09-21,684.486620134962,693.3953540998299,681.9925716266612,683.0999145507812,953100
2026-09-22,687.0904088169053,703.241869783715,682.3816743462398,701.4461669921875,1548200
2026-09-23,700.3787105468455,719.5030580224836,700.0494790848952,707.791015625,1819000
2026-09-24,705.516468404477,706.5140878278742,689.3550215674708,693.28564453125,1175500
2026-09-25,693.3354682108994,696.6275999159282,679.43863785399,688.8162841796875,1112600
2026-09-28,685.4941987011493,689.2951260437517,680.2367251662398,687.9483642578125,798800
2026-09-29,683.957914444156,688.3474032908218,675.8272919400946,678.8800048828125,1159000
2026-09-30,675.1099853515625,685.5599975585938,668.5700073242188,671.5499877929688,1736800
2026-10-01,664.4400024414062,667.489990234375,644.0599975585938,667.260009765625,1596500
2026-10-02,671.4500122070312,689.6900024414062,668.6099853515625,687.0,1071300
2026-10-05,688.8800048828125,690.3499755859375,676.3099975585938,682.2000122070312,752900
2026-10-06,684.0999755859375,692.8300170898438,680.1199951171875,682.7899780273438,761000
2026-10-07,677.6599731445312,680.989990234375,644.0800170898438,656.8699951171875,1210200
2026-10-08,648.760009765625,657.2100219726562,638.1500244140625,652.5800170898438,1396300
2026-10-09,651.8699951171875,658.0,619.9500122070312,620.9299926757812,1918400
