Date,Open,High,Low,Close,Volume
2015-01-02,45.462649602437786,45.764067444513415,44.83775984344322,45.4258918762207,3395500
2015-01-05,45.45528976453236,45.697892950866304,44.44076046534291,44.49222183227539,7148400
2015-01-06,44.6539682325888,44.74218733605034,43.91144926551951,44.4187126159668,5451800
2015-01-07,44.84510614652815,44.859809796550955,44.16140184485747,44.32313919067383,5283500
2015-01-08,44.646607089185956,45.52880638069789,44.521630281809166,45.48469543457031,4894900
2015-01-09,45.44794226830242,45.558218242452455,44.38195146777862,44.77159118652344,3638600
2015-01-12,44.55839137423105,44.66866454124582,43.815872482599815,44.23491668701172,5807400
2015-01-13,44.49957304065648,44.962728155668216,43.77911108643501,44.16875076293945,4378500
2015-01-14,43.56592533536432,43.85999278565212,43.11012331140978,43.83058547973633,6714900
2015-01-15,44.13198107354367,44.18344243069768,43.5364988537805,43.65412521362305,6030500
2015-01-16,43.54386374267197,44.404009063423814,43.47034829500598,44.36724853515625,7268000
2015-01-20,44.66865979783755,44.79363940583725,43.97025473427165,44.46281433105469,5774800
2015-01-21,44.43341979987117,45.05095918206764,44.154058815960475,44.83041000366211,4490200
2015-01-22,44.330501773055786,44.462831855123866,43.735019208184674,43.970272064208984,9337600
2015-01-23,43.749704930651,43.84527724675125,42.67636379561039,42.72782516479492,9666000
2015-01-26,42.7939958208547,43.727656620318946,42.29408290768589,43.69089889526367,7435800
2015-01-27,42.17646138191505,42.88222268498635,41.992669930951315,42.125,9315300
2015-01-28,42.24262484543562,42.49258132162781,41.30896397273054,41.33837127685547,7567400
2015-01-29,41.23544536708105,42.04412653770144,41.02959986279978,41.816226959228516,7405500
2015-01-30,41.55891088747016,42.308780143524416,41.52215316798828,41.860328674316406,8147000
2015-02-02,41.948555795039304,43.499753064222844,41.92649891705352,43.35272216796875,10199100
2015-02-03,42.7498881601395,44.10994363373925,42.33084391997375,43.69824981689453,20572900
2015-02-04,43.47769700994231,43.63208112663653,42.0000152562051,42.14704895019531,10933900
2015-02-05,42.14704331380456,42.38964649267541,41.76475688232756,42.014713287353516,8895100
2015-02-06,42.0220822082288,42.26468829833491,41.77212569316584,41.926509857177734,6160000
2015-02-09,41.73537126014399,42.42642624258868,41.720667604632126,42.161766052246094,6025600
2015-02-10,42.30876645326097,42.73516371369315,41.91912970484995,42.66899871826172,6050000
2015-02-11,42.85432915378731,42.95809221080892,42.38739256985882,42.75797653198242,4182700
2015-02-12,42.75054976523948,43.484304146630535,42.75054976523948,43.43242263793945,4897000
2015-02-13,43.49171829223633,43.958654707297306,43.39536570527734,43.49171829223633,3795900
2015-02-17,43.42500318415354,43.447237304022025,43.11371136934674,43.21006393432617,3499800
2015-02-18,43.11371594262819,43.90676783912546,43.10630551099583,43.61771011352539,3309300
2015-02-19,43.48430655610029,43.699245862490386,43.24713312399066,43.49913024902344,3185300
2015-02-20,43.38053189606037,43.55841333609073,42.82465628354363,43.48429489135742,5883500
2015-02-23,43.48429426463687,43.55099945027067,43.16559485253043,43.53617858886719,4148800
2015-02-24,43.29159223017407,43.52135516594479,42.95806629996804,43.395355224609375,5259400
2015-02-25,43.52135574913297,43.57323724704584,42.839480190760206,43.21006393432617,5087000
2015-02-26,43.15819186023708,43.284191830773665,42.92101843875313,42.94325256347656,3878400
2015-02-27,42.99513003043413,43.18042192525597,42.89878028080434,42.92842483520508,4779000
2015-03-02,42.92842600406337,43.36571500084264,42.913605140124425,43.23230743408203,3693200
2015-03-03,42.958086703620644,43.328670618235726,42.92843931189203,43.269378662109375,3097400
2015-03-04,43.0470022840538,43.18040980975066,42.61712385156351,42.824649810791016,3451700
2015-03-05,42.81725316687132,43.04701614379883,42.5800797578694,43.04701614379883,4852700
2015-03-06,42.58008713804905,42.58008713804905,41.75739049602313,41.920448303222656,7698400
2015-03-09,42.18724546956821,42.491126806413845,41.98713276711882,42.320655822753906,6179800
2015-03-10,41.90561997449359,41.90561997449359,41.43127312673558,41.57209396362305,6115200
2015-03-11,41.75738624616313,41.77220993870264,41.13480529615514,41.142215728759766,4172100
2015-03-12,41.268211108643285,41.623971208005564,41.23115329508408,41.542442321777344,4695600
2015-03-13,41.446091130171276,41.46091482155649,40.727160475633546,40.9569206237793,4879100
2015-03-16,41.119978030308054,41.690677420499384,41.105154339056725,41.67585372924805,4967100
2015-03-17,41.290458461264365,41.416458460533484,41.11999020240801,41.275634765625,4235700
2015-03-18,41.164453569801566,42.31326290677385,40.77904603744584,42.083499908447266,5922100
2015-03-19,41.85373564316022,41.950085396326116,41.34974144456153,41.705501556396484,3907800
2015-03-20,41.88338189660047,42.09091075741494,41.6832691227864,42.01679229736328,8023300
2015-03-23,42.0464413469117,42.365143669432726,41.964912451290466,42.19467544555664,4194600
2015-03-24,42.1502002101874,42.2169054066315,41.90561637477904,42.10573196411133,6166700
2015-03-25,42.2465490131324,42.34290158323573,41.861141560048814,41.95008087158203,5732000
2015-03-26,41.6462042231377,42.0983168875944,41.431267779278336,41.85373306274414,5074600
2015-03-27,41.98713800434552,41.98713800434552,41.50537802137985,41.905609130859375,3677100
2015-03-30,42.03903677523593,42.42444435451305,41.92045004525302,41.942684173583984,4314400
2015-03-31,41.7722024712518,42.00937585482485,41.3571476363341,41.96490478515625,6237000
2015-04-01,41.69807835585571,41.7499626770839,41.29785009254044,41.42384719848633,4704700
2015-04-02,41.43867131523688,41.69807878741575,41.134792778971885,41.1644401550293,5912800
2015-04-06,41.416450611851666,42.802433377174346,40.94951418335728,42.2391471862793,7784700
2015-04-07,42.00937757195157,42.15019839066355,41.623970101059456,41.85373306274414,4364200
2015-04-08,41.7722038043715,42.194669084051675,41.6536171088004,42.05384826660156,4925800
2015-04-09,41.972334394991925,42.35774200027439,41.93527656949629,42.039039611816406,5385400
2015-04-10,42.15760910993375,42.26137210982119,41.898198782885466,42.135372161865234,3712300
2015-04-13,42.18725310473838,43.32865174308772,42.15019529488645,43.284183502197266,9402700
2015-04-14,43.106307471960875,43.42500976591848,42.95807338660129,43.23230743408203,4561700
2015-04-15,43.46947892943895,43.95864941049775,43.39536047635132,43.84747314453125,4734800
2015-04-16,43.62512404085871,43.84006331677877,43.4398321465821,43.66218185424805,3919900
2015-04-17,43.395358685263005,43.410182375268704,42.891364534388394,43.306419372558594,5091300
2015-04-20,43.48430144067932,43.88453262053067,43.45465688565069,43.50653839111328,3552800
2015-04-21,43.521355839058245,43.706647711224086,42.81724615936213,43.15077209472656,3641800
2015-04-22,43.14336427204262,43.20265903572427,42.62454639914799,43.09889602661133,3622600
2015-04-23,42.80243511508511,43.41760566952875,42.661614268476164,43.14337158203125,3775400
2015-04-24,42.89136456687428,43.12853795248552,42.476312555719495,42.728309631347656,3953600
2015-04-27,42.8468942489891,43.48429592486752,42.81724687039114,43.328651428222656,3909100
2015-04-28,43.14336836960094,43.59548108995828,43.00254753347743,43.47689437866211,3464800
2015-04-29,43.321250227104535,43.936417913764664,42.99513464770521,43.795597076416016,4709600
2015-04-30,43.73629375131015,43.995704077573535,43.395357373474525,43.60288619995117,3988000
2015-05-01,43.75853712077965,44.01794465778082,43.60289259857894,43.97347640991211,3016100
2015-05-04,44.166179536466686,44.32923732111068,43.96606393549365,44.092063903808594,3808600
2015-05-05,42.69866049361589,43.632530307601016,42.61713161554384,43.284183502197266,8422500
2015-05-06,43.27676921068113,43.343474397754015,42.6393647180579,43.15077209472656,6647000
2015-05-07,43.32124659795094,43.328657029893655,42.713489394768004,43.06183624267578,5785600
2015-05-08,43.536188185860574,43.780772035546846,43.41018821751965,43.573246002197266,4051600
2015-05-11,43.52878276648734,44.1291296776632,43.28419887274725,43.95124816894531,5284300
2015-05-12,43.86970887183671,44.83322900591861,43.758535429132635,44.60346603393555,7415800
2015-05-13,44.8499814871351,45.46252263589467,44.8499814871351,45.07408142089844,7257200
2015-05-14,45.40275380756827,45.46251530004082,45.07407414772364,45.21600341796875,4121700
2015-05-15,45.26082262458915,45.33552163743824,44.86491272723656,44.96202087402344,3653600
2015-05-18,45.059148543260235,45.15625957556499,44.74540915370205,44.96950912475586,3998400
2015-05-19,44.81262209597246,44.96949173007268,44.46153047238987,44.745391845703125,5030700
2015-05-20,44.708047227329,45.02925816202731,44.37189876739437,44.91720962524414,4926200
2015-05-21,45.00683782308112,46.874341467192366,44.96948832011578,46.10493087768555,10752700
2015-05-22,45.99289533848793,46.53820624817829,45.98542657515975,46.14976501464844,5323500
2015-05-26,46.13482200084724,46.14229361333366,45.305652538723606,45.44011306762695,4579800
2015-05-27,45.48492588849058,45.679147895648335,45.26082598372654,45.529747009277344,2667700
2015-05-28,45.342994795920696,45.619384572396456,45.044193035157605,45.582035064697266,3710000
2015-05-29,45.73890634471238,45.77625585374908,44.82756350637571,45.051666259765625,4545300
2015-06-01,45.298173298329395,45.432633804590495,44.820092764772056,44.99937438964844,2836700
2015-06-02,44.87237945170367,45.39528106666419,44.82755833627807,45.044189453125,3004600
2015-06-03,45.044200669840585,45.34300248124854,44.91721175222263,45.07408142089844,2639400
2015-06-04,44.72297669579026,44.83502805483317,43.93862573124318,44.01332473754883,6019300
2015-06-05,43.92369087164434,44.27478251442191,43.79670197507318,44.22996139526367,3299100
2015-06-08,44.102964908917556,44.42417575031177,44.05814379747268,44.162723541259766,2805800
2015-06-09,43.886331594266274,44.3644120271895,43.83404172501431,44.207542419433594,2467600
2015-06-10,44.48395125346289,44.75287232495351,44.37937147001329,44.648292541503906,3149100
2015-06-11,44.737924591036546,44.984436482555786,44.62587606273363,44.92467498779297,2967600
2015-06-12,44.75286451697968,44.954555285408915,44.424184847827334,44.543704986572266,2878300
2015-06-15,44.14777878112093,44.200068647815236,43.72198823827641,43.84897994995117,2791800
2015-06-16,43.834054869062435,43.97598414965028,43.624895329336134,43.78176498413086,2343000
2015-06-17,43.878872673477034,44.05815145123216,43.27380038698769,43.58753967285156,4112400
2015-06-18,43.699590707332526,44.349481258429634,43.602479707876945,43.8863410949707,5450500
2015-06-19,43.65477321050754,43.923694246952586,43.39332378595542,43.40826416015625,6871100
2015-06-22,43.21404271176888,43.80417467730743,43.21404271176888,43.52031326293945,4133100
2015-06-23,43.58753129217747,43.64729277299523,43.04222060284449,43.23644256591797,3397800
2015-06-24,43.22151922827135,43.258868743708874,42.82560923537996,42.94512939453125,2373700
2015-06-25,42.88535509248223,42.96752571167496,42.295223236083984,42.295223236083984,3129200
2015-06-26,42.295224421619835,42.38486665393432,42.08606491205524,42.26534652709961,3582400
2015-06-29,42.01137552181756,42.20559470380517,41.45859302763163,41.503414154052734,2681400
2015-06-30,41.98894833156655,42.78077084747904,41.256887295912,41.406288146972656,7572800
2015-07-01,41.585568694841044,41.59304030498992,41.10001946978444,41.42123031616211,5230500
2015-07-02,41.58557642156514,41.92172770111414,41.48846826826145,41.727508544921875,4948200
2015-07-06,41.48099526535877,41.77232541466775,41.197136727336314,41.27930450439453,3064800
2015-07-07,41.22702011339328,41.301721988281614,40.45014056165068,41.122440338134766,4512400
2015-07-08,40.853513417739705,40.987973923633824,40.19615411068484,40.323143005371094,4231500
2015-07-09,40.89832705012843,41.02531592157041,40.15879440307617,40.15879440307617,3743500
2015-07-10,40.704114800548766,40.77134505252455,40.106511294281894,40.21109390258789,3979200
2015-07-13,40.48748436535672,40.614473260383065,40.32314311336051,40.56218338012695,3399100
2015-07-14,40.56966224836262,40.64436127649484,40.32315032627282,40.487491607666016,2925200
2015-07-15,40.42026167068363,40.52484145075192,39.78530852806353,39.949649810791016,4180300
2015-07-16,40.248453706885485,40.375442632227205,39.69567117703484,39.86748123168945,4587500
2015-07-17,39.71059588476987,39.86746550109044,39.18022555363785,39.28480529785156,6374700
2015-07-20,39.30722740657203,39.57614846595691,39.217588003305494,39.39686965942383,3986600
2015-07-21,39.269884249039166,39.27735586277882,38.80674393268037,38.948673248291016,5266600
2015-07-22,38.83661159965101,39.02336198600335,38.6423896020771,38.664798736572266,4665400
2015-07-23,38.66480584667273,39.00095717383902,38.44070591175696,38.48552703857422,4148500
2015-07-24,38.43323528038015,38.50046554254512,37.82069415824823,37.8580436706543,3527600
2015-07-27,37.64140900064517,37.79827864787958,37.42477785946344,37.69369888305664,3435900
2015-07-28,37.85804579651469,38.814207045810406,37.81322466935947,38.69468688964844,5544900
2015-07-29,38.57515543520565,39.112997405198556,38.41081420002238,39.000946044921875,3945800
2015-07-30,38.784322401513485,39.00095355330875,38.61998398427657,38.82914352416992,3039300
2015-07-31,39.06818754544705,39.142889423678845,38.60504729875109,38.6573371887207,4019900
2015-08-03,38.530336331353915,38.73949582642361,38.216594239164976,38.34358596801758,3838900
2015-08-04,38.34360005749399,38.978550386318275,37.006466280771534,37.0811653137207,7360500
2015-08-05,37.447185784409186,37.69369479625285,37.133443674371854,37.28284454345703,7088100
2015-08-06,37.20814696493512,37.39489734607889,36.939225960154545,37.15585708618164,5833200
2015-08-07,37.021403039970544,37.1110424406681,36.6777801130571,36.74501037597656,5430000
2015-08-10,37.06621896909631,37.5218904056397,37.06621896909631,37.365020751953125,6008600
2015-08-11,36.97657570852563,37.05127472163827,36.431264933966226,36.550785064697266,6288300
2015-08-12,36.38485022169263,37.08629677715295,36.075609290516105,37.01841735839844,6200000
2015-08-13,37.0033449696325,37.4483506477251,36.882665610008544,37.267330169677734,4545300
2015-08-14,37.154189108340745,37.50114475772154,37.154189108340745,37.4106330871582,3163900
2015-08-17,37.22960784586403,38.066821924491734,37.12401379580686,37.96876907348633,4120900
2015-08-18,37.712324326760374,37.87825947450916,37.55393325512126,37.795291900634766,2858700
2015-08-19,37.52377134414422,37.787756524319484,37.12402153495806,37.50868606567383,4644500
2015-08-20,37.19190379545806,37.38800666084312,36.875118702485075,37.01088333129883,5604100
2015-08-21,36.71672253341504,37.093845810975,36.166122893444175,36.17366409301758,6704600
2015-08-24,34.318209394621704,36.241537037996856,33.20946632423842,34.966861724853516,9120500
2015-08-25,36.50551902265226,36.58094249546583,34.01650413870969,34.06175994873047,7418300
2015-08-26,34.831101298449155,35.064918733797846,34.24278998803734,35.00457763671875,6266800
2015-08-27,35.419408989061075,36.04543485977954,35.1705091821016,35.93229675292969,4215700
2015-08-28,35.89459768198682,36.347144514710706,35.83425656977159,36.24155044555664,4098600
2015-08-31,35.92476296101244,36.211374570265896,35.59289264702314,35.992645263671875,3650100
2015-09-01,35.200683697992915,35.517468732464366,34.710425186456284,34.89898681640625,4252400
2015-09-02,35.34398812092293,35.494837982157165,34.831100319059615,35.29119110107422,3230100
2015-09-03,34.52185843557149,35.27610484348726,34.51431436024818,35.01966094970703,5766900
2015-09-04,34.49923590382872,34.82355924922598,34.40872425294284,34.559574127197266,4683400
2015-09-08,35.0498370605272,35.336448669433594,34.92161365467147,35.336448669433594,4440000
2015-09-09,35.728655672282315,35.79653797193973,35.01966500258868,35.087547302246094,6041300
2015-09-10,35.03475593586759,35.253488145335815,34.6727179049663,34.97441482543945,3933700
2015-09-11,34.899001328769316,34.9970542227397,34.544504396338674,34.72552490234375,3368700
2015-09-14,34.634994574198004,34.71796214158918,34.25033016210101,34.33329772949219,3404600
2015-09-15,34.438896320656276,35.00458121611858,34.39364049321931,34.93669891357422,2357800
2015-09-16,35.06491847140473,35.56272100969469,34.951780353838984,35.49483871459961,3014300
2015-09-17,35.43450152365008,36.0605275226648,35.245939891738004,35.336448669433594,5107000
2015-09-18,34.62745978873101,34.74059792471192,33.85812794483884,34.02406311035156,10416600
2015-09-21,34.15982818116001,34.32576047167768,33.95618125999425,34.0316047668457,3515700
2015-09-22,33.56397063409408,33.95617917553443,33.367867801985,33.67710876464844,4113400
2015-09-23,33.76761145105889,33.82794966650656,32.75692116662087,32.93793869018555,4987200
2015-09-24,32.59854476530935,33.0586357334208,32.281759640862546,32.93041229248047,5727100
2015-09-25,33.179306128436046,33.186847327760056,32.862521089606446,33.020912170410156,3899200
2015-09-28,32.68906112524983,32.74939938176574,32.334564157589135,32.46278762817383,4703100
2015-09-29,32.59855008404988,32.937958867960695,32.432614854779054,32.77956771850586,5049800
2015-09-30,33.111419472145485,33.36786337377712,32.79463447496674,33.3150634765625,4332600
2015-10-01,33.141588375071024,33.37540581317792,32.16106855374407,32.26666259765625,5478800
2015-10-02,32.00267807781828,33.34523587897386,31.836742933056325,33.33015060424805,5258600
2015-10-05,33.64693511986393,34.921610604453406,33.57905282321586,34.71042251586914,5722500
2015-10-06,34.79339818651067,35.12526567114391,34.71043059604672,34.846195220947266,3857100
2015-10-07,35.15543341904475,35.532556707595376,34.469069148971506,34.959327697753906,6390700
2015-10-08,34.93670042759258,35.917220380108,34.816021093086405,35.841796875,3323700
2015-10-09,35.909681632580075,36.12841384044061,35.389249629241384,35.56272888183594,4048700
2015-10-12,35.59289807638698,35.76637445915169,35.26103058899656,35.41188049316406,2182500
2015-10-13,35.313826032481614,35.55518471738393,34.98195856004655,35.06492614746094,4132900
2015-10-14,35.125260196901785,35.24593952498088,34.657628160248066,34.89898681640625,4092200
2015-10-15,35.072465030990955,35.32890897641398,34.47660955821066,35.31382369995117,3852900
2015-10-16,35.71357634834649,35.71357634834649,33.8505891512546,34.144744873046875,6386800
2015-10-19,33.96371959684974,34.37855748123144,33.96371959684974,34.303131103515625,3443500
2015-10-20,34.16737232304971,35.004586556414786,34.02406649680319,34.78585433959961,4197200
2015-10-21,34.96687479356649,35.55518625378503,34.76322785490101,34.91407775878906,3639400
2015-10-22,35.019663625050825,36.25662736817565,34.883899031076446,36.03789520263672,6691000
2015-10-23,36.24154294622899,36.339595794677734,35.78145213107179,36.339595794677734,5557900
2015-10-26,36.33205169765486,36.399933996199934,36.02281075477663,36.21137237548828,4439200
2015-10-27,35.902133452524176,35.924762804793694,35.3062808842404,35.36661911010742,3819400
2015-10-28,35.57780298426357,35.99264082559861,35.306276684328566,35.75882339477539,3976000
2015-10-29,35.623061786109325,35.85687923649166,35.47975598716521,35.585350036621094,2254100
2015-10-30,35.78900878322259,35.83426174669906,35.3968001288295,35.62307357788086,6658500
2015-11-02,35.60797861495031,36.59604262237039,35.487299283123775,36.46781921386719,5238100
2015-11-03,36.36222317041376,37.893345525964854,36.203832095529116,37.4407958984375,5704900
2015-11-04,37.65199922031587,37.91598732907137,37.395558068097806,37.47098159790039,4676200
2015-11-05,37.282400845869084,37.54638594251208,36.61112199107253,37.07121276855469,4962800
2015-11-06,36.814786639816155,37.27487476215071,36.53571325755198,37.131568908691406,4223700
2015-11-09,37.05612724815318,37.259774125874166,36.11331922753108,36.445186614990234,4048100
2015-11-10,36.31188717966539,36.57849603455048,35.92340381015277,36.403297424316406,3762700
2015-11-11,36.563260195905414,36.77654495052974,36.15954179442742,36.540409088134766,2898800
2015-11-12,36.18239609652726,36.6622897425858,35.88532004613434,35.99196243286133,5182900
2015-11-13,35.801522151441326,36.50993548179447,35.801522151441326,36.327117919921875,4351700
2015-11-16,36.32713071926471,37.248832014181865,36.31951464998878,37.21074295043945,4773800
2015-11-17,37.22597396925605,37.3707054219361,36.87557670470264,37.08124542236328,3294700
2015-11-18,37.195504685783845,38.1400540329614,37.05077324129019,38.0943489074707,3947900
2015-11-19,38.16290836225539,38.33049093073819,38.010563742675416,38.19337844848633,3124500
2015-11-20,38.322864244087775,38.5209139381412,38.079109433351306,38.20860290527344,3296300
2015-11-23,38.23907166806306,38.35333009716163,37.98769789363061,38.101959228515625,3682900
2015-11-24,37.99532046117791,39.206478521266966,37.865824075668314,38.14004898071289,3017800
2015-11-25,38.07149389110531,38.43712614015207,37.98008655529033,38.26954650878906,2787200
2015-11-27,38.162916218580015,38.40667114703288,37.90392624387536,38.307647705078125,2039300
2015-11-30,38.3685604237151,38.39903049671411,38.05624943994044,38.08671951293945,4882500
2015-12-01,38.25432197407354,38.42190165145794,37.28691844485013,37.797279357910156,5528000
2015-12-02,37.62970585358175,38.124831803415034,37.17266316244169,37.25645446777344,4373700
2015-12-03,37.31738081483993,37.32499688259622,36.70799078600467,37.005069732666016,6122000
2015-12-04,36.92128250138004,37.55352080271576,36.85272626091835,37.45449447631836,4635500
2015-12-07,37.3173792438129,37.393551541317024,36.84510170076932,36.951744079589844,4775300
2015-12-08,36.64705360879165,36.82986829322267,35.92340512726691,36.01481246948242,6179600
2015-12-09,35.87008264365538,36.51755589519303,35.65679788423816,35.90816879272461,6712700
2015-12-10,36.09860991407151,36.25857351673715,35.71012646391389,35.778682708740234,4422100
2015-12-11,35.42065781888391,35.45874396656406,34.58275094677342,34.6436882019043,7010100
2015-12-14,34.61323278687971,34.75034530125151,33.9962293779947,34.27045440673828,7332900
2015-12-15,34.62844757626257,34.62844757626257,34.20187814178975,34.44563293457031,5750600
2015-12-16,34.636072288855516,35.222608264258376,34.2552049987851,35.115962982177734,5596600
2015-12-17,35.06265061281156,35.314024482259995,34.25521361448337,34.2780647277832,5047000
2015-12-18,34.156173821751715,34.5370410575403,33.96574020385742,33.96574020385742,7207800
2015-12-21,34.34661981395416,35.00932822936492,34.308533657811005,34.94839096069336,6236100
2015-12-22,35.039790265739065,35.839610984125756,35.039790265739065,35.68726348876953,4724800
2015-12-23,35.8700914400648,36.86796506279352,35.77868407872547,36.81464385986328,5859900
2015-12-24,36.700373320302404,36.96697926842234,36.59373094105443,36.76131057739258,1691800
2015-12-28,36.63943315742533,36.8451018484551,36.311887046428325,36.76131057739258,3105900
2015-12-29,36.94413187633773,37.27167802028164,36.55564846917415,36.93651580810547,2988100
2015-12-30,36.82985991604451,37.21834611722413,36.73845259462016,36.96697235107422,5110800
2015-12-31,36.776551340032405,37.1726537430007,36.42615406633299,36.433773040771484,3326300
2016-01-04,36.43377742575247,36.43377742575247,35.435903776688,36.03005599975586,4949300
2016-01-05,36.243342246287604,36.31189558696767,35.519693623748545,35.79391860961914,3656300
2016-01-06,35.26070616096347,35.54254723590463,34.978862180234536,35.38258361816406,5420400
2016-01-07,34.73509942221203,34.88744693575774,33.92004356639773,33.98098373413086,6162000
2016-01-08,34.27044509653083,34.361852446016826,33.52394254073557,33.592498779296875,5405300
2016-01-11,33.653439339747166,33.79055181845983,32.945025834994134,33.36397933959961,4296700
2016-01-12,33.729612593534156,34.09524491175985,33.23448676721884,33.68391036987305,4136900
2016-01-13,33.95049827600455,34.072375650492326,32.87645300527303,32.9526252746582,4621900
2016-01-14,33.15829909124542,33.61534149662065,32.64793841356395,33.38682174682617,4280600
2016-01-15,32.52606698557281,33.01357664942505,32.1223456842434,32.823143005371094,6386900
2016-01-19,33.219264402542684,33.287820669986914,32.419443219552306,32.86124801635742,4097000
2016-01-20,32.228983468415805,32.73172805553438,31.421543959376695,32.48035430908203,5907300
2016-01-21,32.259461628083876,33.05166637038459,31.832892078988973,32.708885192871094,4323700
2016-01-22,33.43253653949472,33.49347671213444,32.32802060959243,32.88408660888672,4686500
2016-01-25,32.746959722791566,32.830748057201696,32.12995387699154,32.2137451171875,4471400
2016-01-26,32.510845142798175,33.12785144608362,32.404202723763454,32.830772399902344,6502300
2016-01-27,32.83837961522278,33.75246173153109,32.510833499330744,33.04404830932617,7135300
2016-01-28,33.600102324188725,34.02667169643286,33.18876508170825,33.973350524902344,4906100
2016-01-29,34.10286078760367,35.024559020996094,33.98859942725809,35.024559020996094,7578000
2016-02-01,34.582751805531394,34.84935775169959,34.30852688616589,34.6589241027832,4526400
2016-02-02,34.27805065308799,35.94624807212185,34.15617325588624,34.91790771484375,6788700
2016-02-03,35.19214011978677,35.39780881643424,34.08762433665941,35.10834884643555,6057500
2016-02-04,35.28354217672477,36.7841600872781,35.192134849388566,35.70249557495117,7855600
2016-02-05,35.52730249368043,35.95387493034736,35.33686883716989,35.73297119140625,3920000
2016-02-08,35.38257799352988,36.05290535446761,35.024561748633474,35.84723663330078,5171800
2016-02-09,35.42066011096045,36.03766620413791,35.1921403043052,35.73297119140625,4920200
2016-02-10,35.729109205080086,35.929184767478084,35.159658405853286,35.221221923828125,4447400
2016-02-11,34.513275408054966,35.25202335853039,34.39784815069225,34.95960235595703,4030500
2016-02-12,34.99039219367737,35.621404072945396,34.90574375746857,35.413631439208984,4250600
2016-02-16,35.952278659804335,36.02923013483049,35.25970364252653,35.87532424926758,4602700
2016-02-17,36.206223224293325,37.09887389584672,36.152356601178866,36.752586364746094,3753600
2016-02-18,36.96036307697761,37.53750804912535,36.88341158822903,37.198917388916016,5215700
2016-02-19,37.0834920191754,37.17583734023726,36.637168042755796,36.983455657958984,4399700
2016-02-22,36.983458668127255,38.06849132706953,36.983458668127255,37.922279357910156,3814100
2016-02-23,37.86841248529309,38.14544259830628,37.19892500251905,37.29126739501953,2764900
2016-02-24,36.783373706634485,37.260479413187504,36.30626800008147,37.21430969238281,3140900
2016-02-25,37.22970692552938,37.437479511109686,36.87572237110826,37.422088623046875,2258600
2016-02-26,37.691421359422115,38.33012999633007,37.57599410364558,37.99923324584961,4070300
2016-02-29,38.014611018888374,38.106953378754326,37.55289334853721,37.57598114013672,4165400
2016-03-01,38.08387085799059,38.722576378202724,37.822231709400945,38.453243255615234,2843600
2016-03-02,38.39168537603567,38.807230485382746,38.1531339853267,38.791839599609375,3561400
2016-03-03,38.79183429978561,39.13042493400686,38.668710165931444,39.08425521850586,2496700
2016-03-04,39.09196030651917,39.63062964609268,38.961142161393234,39.44594192504883,3612000
2016-03-07,39.32280743800198,39.96151591452536,39.24585595347407,39.94612503051758,3122800
2016-03-08,39.58444914517386,39.93843362913475,38.96882842275887,39.0380859375,5065600
2016-03-09,39.19967643442266,39.34588833912755,38.47632262584062,38.52249526977539,4737200
2016-03-10,38.87648941804086,38.961137825118485,38.32242925208653,38.899574279785156,4765400
2016-03-11,39.15352385870436,39.599847870000076,39.04579057789201,39.44594192504883,3484900
2016-03-14,39.168891477763516,39.56904258720334,39.13810971995738,39.4305305480957,2748800
2016-03-15,39.007300800152684,39.122730959927,38.530195148406634,39.08425521850586,3040800
2016-03-16,39.24586780061167,39.707582718178834,38.961143699295654,39.59215545654297,3033700
2016-03-17,39.753750042773824,42.47017841168515,39.67679854535589,42.12389373779297,12089200
2016-03-18,42.28549802809951,42.323973780797886,41.72374381927033,42.04694366455078,12733200
2016-03-21,42.077729791473814,42.362453913494484,41.96999649857476,42.3162841796875,4917400
2016-03-22,42.016156964995474,42.739513947218164,41.99307210318374,42.57021713256836,3535700
2016-03-23,42.30858772483903,42.385542174536795,41.89304250300739,42.01616668701172,3780500
2016-03-24,41.68525642353327,41.90841985228426,41.43131416035995,41.85455322265625,3722700
2016-03-28,41.877642342476385,42.03154827228916,41.523660758765025,41.808387756347656,3011000
2016-03-29,41.62369625706597,41.96228692336281,41.269714705640475,41.900726318359375,3343600
2016-03-30,42.323968960278975,42.393226481452615,41.78529967731859,41.98537826538086,2225900
2016-03-31,41.969986947621926,42.100805077654684,41.66217509323328,41.84686279296875,2941400
2016-04-01,40.86956462919708,42.15467284444813,40.80800108246071,42.131587982177734,3539400
2016-04-04,42.154665263702185,42.200837915451146,41.21584482889417,41.63908386230469,4260700
2016-04-05,41.5852308264456,41.71604897921941,40.92343727932377,41.1773796081543,3198800
2016-04-06,41.35435487176312,41.362048845039865,40.47709220717431,40.954200744628906,4489600
2016-04-07,40.77720933505865,41.26970581098553,40.62330345245387,40.68486404418945,4587100
2016-04-08,41.161990792988874,41.86226008005972,41.06964546124566,41.43132400512695,3714400
2016-04-11,41.500573454473844,41.95459430617176,41.3851432800293,41.3851432800293,4324900
2016-04-12,41.45440796082896,42.24702256225367,41.392847343195925,41.96229553222656,3385200
2016-04-13,42.31627360144854,42.71642489346877,42.00076777875211,42.685646057128906,4259000
2016-04-14,42.8934071423049,42.8934071423049,42.30087140244005,42.37782287597656,2440300
2016-04-15,42.4240081152417,42.77798969540819,42.33166279697194,42.57021713256836,3483900
2016-04-18,42.570203271862034,42.600985034596185,41.900716077701716,42.49325180053711,3458800
2016-04-19,42.77799268187994,43.170450037635185,42.493268602782535,42.82416534423828,3705500
2016-04-20,43.03191920756851,43.085788761656715,42.347041112357736,42.37782287597656,3682500
2016-04-21,42.40862610411651,42.72413200212187,42.3701503478743,42.454795837402344,2719300
2016-04-22,42.59330074157532,43.01654276575094,42.40091907077234,42.685646057128906,3579100
2016-04-25,42.63177276688352,42.80876352412251,42.323960967461275,42.56251525878906,3416400
2016-04-26,42.80877387499276,43.20892813679191,42.74721032601831,43.17814636230469,3170800
2016-04-27,43.270485361904306,43.724506225747625,43.062712803652815,43.31665802001953,4200600
2016-04-28,43.178143501830874,43.178143501830874,42.17775938136242,42.339359283447266,3572400
2016-04-29,42.27778166496324,42.562508562059065,41.83145785508695,42.03923034667969,4192900
2016-05-02,41.939217037000695,42.53175311620694,41.70835954867011,42.48558044433594,4255700
2016-05-03,42.69333251403268,42.88571415095723,41.69294858912724,42.07001495361328,4960200
2016-05-04,41.785296710663864,41.91611776826451,40.300110034115995,40.61561584472656,5742400
2016-05-05,40.88494997263294,41.0927225114308,40.423232241245096,40.7695198059082,3993100
2016-05-06,40.74643794545989,41.08502862498701,40.52327450564117,41.023468017578125,2409600
2016-05-09,41.05425066193563,41.06194757327031,40.31550569143133,40.492496490478516,2938100
2016-05-10,40.607931130693544,41.185076252615545,40.51558873312935,41.16968536376953,2745000
2016-05-11,41.37544118784586,41.515197087876714,40.94841058744427,41.04158020019531,3624500
2016-05-12,41.31331255165952,41.49188881812522,40.824170024221694,41.080387115478516,2790300
2016-05-13,40.94063881583141,41.08815759487798,40.102106498491125,40.22633361816406,3276800
2016-05-16,40.37384523424704,41.13473657747555,40.34278771938686,41.00274658203125,4127300
2016-05-17,40.956168653491254,41.258972080547174,40.48255182171322,40.645599365234375,2802400
2016-05-18,40.311740010938564,40.3738550557693,39.240282143883626,39.4421501159668,6519100
2016-05-19,39.240287359393506,39.2713448859368,38.41728067684887,38.929718017578125,6088600
2016-05-20,39.17039136496681,39.48095760193674,39.092747584368794,39.32567596435547,2439000
2016-05-23,39.26356944908748,39.566372854524914,38.991823562620034,39.35673904418945,3818500
2016-05-24,39.47319121535472,39.907987462845526,39.317906629693205,39.729408264160156,2461100
2016-05-25,39.81482420045753,40.56795269101663,39.737183370461004,40.4437255859375,2853300
2016-05-26,40.52135994688366,40.730993708576584,40.26514287935277,40.38936996459961,1857500
2016-05-27,40.52137079679092,40.544665417754565,40.30397407985115,40.529136657714844,1663500
2016-05-31,40.55241745864721,40.730993708576584,40.06327201469707,40.38936996459961,3519400
2016-06-01,40.21078759819206,40.51359088730875,39.861398048516314,40.49806213378906,2483100
2016-06-02,40.41266657538575,40.61453746480718,40.03222237593474,40.56018829345703,3189700
2016-06-03,40.51360378748692,40.63783089339343,40.03998702065342,40.606773376464844,2543700
2016-06-06,40.80864785231494,41.56953931292428,40.74653281301226,41.522953033447266,3596800
2016-06-07,41.701515779946874,41.93444117803852,41.499647891416025,41.56175994873047,3272200
2016-06-08,41.73258853294341,41.95775111679233,41.52295470954699,41.78693771362305,3013600
2016-06-09,41.328837166312624,41.70928427799267,41.235667593540754,41.60834884643555,2946800
2016-06-10,41.35213357518321,41.39871984783094,40.59900808579471,40.94063186645508,3241100
2016-06-13,40.55242161673646,40.70770622966913,40.086570739746094,40.086570739746094,3720200
2016-06-14,40.06327201469707,40.435956232244926,39.98563119709555,40.38936996459961,2805100
2016-06-15,40.59900875737844,40.738764615825794,40.27291076706538,40.34278869628906,2456900
2016-06-16,40.03221718363967,40.56794592966597,39.68282758327152,40.467010498046875,2233800
2016-06-17,40.46701516296145,40.839696459046614,40.36608268151449,40.71546936035156,3628100
2016-06-20,41.37542226061311,41.82574431774998,41.359893505290145,41.429771423339844,3798100
2016-06-21,41.414257677924546,41.56954232562724,40.95616959619618,41.26673889160156,3120100
2016-06-22,40.987220505217415,41.18132554307678,40.75429505214775,40.83193588256836,3684000
2016-06-23,41.297786065958206,41.6859961348829,41.14250440783455,41.670467376708984,2650500
2016-06-24,40.32724325748334,40.4747649147166,39.271314819711954,39.46541976928711,9501100
2016-06-27,39.116044057583004,39.13157281444027,37.61755308164328,38.22315979003906,5770400
2016-06-28,38.828759088173086,38.83652494602341,38.12998293379893,38.61136245727539,5219000
2016-06-29,39.12380510832466,39.43437430719498,38.64242551570232,39.333438873291016,3314000
2016-06-30,39.51977435650385,40.49806213378906,39.37225267897027,40.49806213378906,4271700
2016-07-01,40.3505603599703,40.754299235578536,40.210804481420986,40.529136657714844,2732100
2016-07-05,40.40489904522707,40.41266194232668,39.37225898434464,39.6362419128418,3098600
2016-07-06,40.16421246364962,40.265147908584595,39.24803648484344,40.11762619018555,2744000
2016-07-07,40.17973794770157,40.723232579935356,40.171975050327255,40.66111755371094,4177900
2016-07-08,40.98722242334321,41.53848004582776,40.97169366417081,41.49189376831055,3703800
2016-07-11,41.693759325675316,42.050911855387575,41.554003472864856,41.841278076171875,3091700
2016-07-12,41.99656836737997,42.81180897785352,41.98880546864372,42.726402282714844,4558500
2016-07-13,42.85840313140434,42.912752317969314,42.53230505020597,42.88169479370117,3179300
2016-07-14,43.254361933553845,43.673629487467345,43.16895525088914,43.51834487915039,6207400
2016-07-15,43.61151385777915,43.68915764177027,43.308710504732545,43.65810012817383,4355400
2016-07-18,43.43295104446331,43.69693406814914,43.207791405696796,43.62705612182617,2976800
2016-07-19,43.50282747554819,43.759047590410866,43.40189497133713,43.7435188293457,2440500
2016-07-20,43.774566382277676,43.86773596564192,43.57269549621288,43.61928176879883,3671700
2016-07-21,43.61928212519014,43.79009549759327,42.99814662800742,43.083553314208984,3486600
2016-07-22,43.02144291359472,43.37083259392654,42.757459928656004,43.33201217651367,3575900
2016-07-25,43.24659376797032,43.31647168511055,43.02919415808558,43.17671585083008,2043200
2016-07-26,43.068024204666195,43.63481052632748,43.068024204666195,43.61928176879883,2072100
2016-07-27,43.79010135115675,44.03855558324152,43.35530496410438,43.510589599609375,3046800
2016-07-28,43.36306760691355,43.518352241501255,43.00591502062747,43.34754180908203,2354700
2016-07-29,43.300958152855884,43.51059197797537,42.86616174203677,43.401893615722656,4482400
2016-08-01,43.19225457274298,43.479529204250575,42.788515731858,43.3087158203125,4359100
2016-08-02,41.833520024650376,41.99656755121481,41.11144902208454,41.173561096191406,7589200
2016-08-03,40.808641266901944,41.19685131447283,40.62229914087257,41.080387115478516,6769200
2016-08-04,41.119211920669926,41.507422009713586,41.03380522719105,41.173561096191406,3551900
2016-08-05,41.43755091802921,41.80246940976982,41.35991007212238,41.763648986816406,3000800
2016-08-08,42.01208905606016,42.74192283119261,41.94997403087063,42.16737365722656,4469000
2016-08-09,42.27607286770722,42.54781870403787,41.92668324827675,42.18290328979492,3106500
2016-08-10,42.14766433081842,42.272987127503114,41.75603021768738,41.857852935791016,2529100
2016-08-11,42.037996007835055,42.38263587193657,41.91267323577921,42.31997299194336,2261200
2016-08-12,42.28081110253177,42.33563962974919,42.06932835986574,42.272979736328125,2252000
2016-08-15,42.34348512776613,42.95443344208028,42.34348512776613,42.85260772705078,2945200
2016-08-16,42.75861234774366,42.94659803566608,42.55496392476457,42.74294662475586,2073400
2016-08-17,42.829102931932724,43.07974850236657,42.758608678502526,43.00142288208008,2160500
2016-08-18,42.87610533012103,42.96226232777974,42.60195964979558,42.82127380371094,2410700
2016-08-19,40.9492550706051,41.66986327208351,40.78476948767755,41.49754333496094,8071600
2016-08-22,41.395717736885466,41.52887486711745,41.1842379800458,41.45054626464844,4288000
2016-08-23,41.63070785830665,42.343481832175144,41.55237924209895,42.280818939208984,4983300
2016-08-24,42.210323333740234,42.50013173464726,42.053669094247134,42.210323333740234,3320900
2016-08-25,42.01449883286659,42.382635782221,41.912673147058456,42.36697006225586,2795500
2016-08-26,42.50796462009895,42.766441566583254,41.9126791281958,42.084999084472656,2614500
2016-08-29,42.084999084472656,42.335644663822094,41.9675106498638,42.084999084472656,2659700
2016-08-30,42.084999887580786,42.2259884021467,41.69336578888236,41.881351470947266,2228400
2016-08-31,41.795180456035126,41.82651189276205,41.199895109944585,41.26255798339844,4561500
2016-09-01,41.52104513515357,41.52104513515357,40.870934095907124,41.24690246582031,4259200
2016-09-02,41.50537757282402,41.63853171445959,41.317391915768944,41.44271469116211,2162300
2016-09-06,41.6150378960117,41.6150378960117,41.00408670355005,41.168575286865234,2362600
2016-09-07,41.168569259880776,41.395714720663705,41.066743578055735,41.34872055053711,2283200
2016-09-08,41.270397205607836,41.47404859517342,41.0510830826272,41.372222900390625,3442500
2016-09-09,41.06674776863174,41.18423918179831,39.797854250914234,39.83701705932617,5163800
2016-09-12,39.63336707265411,40.94925779963223,39.484547200267976,40.800437927246094,4169100
2016-09-13,40.440142139088515,40.62029348496378,40.03284227487564,40.111167907714844,3572300
2016-09-14,40.111172850056995,40.51847276445577,39.94668720806856,40.17383575439453,4055300
2016-09-15,40.10332774121962,40.526293236791005,39.978004963413,40.400970458984375,3244100
2016-09-16,40.228641207133684,40.228641207133684,39.82917289113931,40.01715850830078,3873800
2016-09-19,40.21298090198251,40.573283479774695,40.00933252825271,40.095489501953125,2305000
2016-09-20,40.361814556705596,40.51846881434561,40.11116893965414,40.11900329589844,2125700
2016-09-21,40.25998485910174,40.596790408943406,40.056333463046776,40.5497932434082,2908500
2016-09-22,40.917935254391395,41.43489218694541,40.917935254391395,41.356563568115234,3515600
2016-09-23,41.15290666277067,41.19990083646268,40.56545558817511,40.66727828979492,2997400
2016-09-26,40.549800570922784,40.6437919310469,40.25215777794306,40.28348922729492,2365700
2016-09-27,40.13465718438375,40.588951110839844,39.98583433894578,40.588951110839844,2803200
2016-09-28,40.61246309136128,41.30174008173624,40.51847172519749,41.270408630371094,2824100
2016-09-29,41.08240710890442,41.85000938869582,41.05890703716255,41.52886962890625,5379200
2016-09-30,41.66986264774348,43.00141898753388,41.66986264774348,42.69594192504883,7460100
2016-10-03,42.28082006797537,42.45314004030152,41.85785449295551,42.13983154296875,3814300
2016-10-04,42.06149147427429,42.2103113160602,41.70902028274951,41.78734588623047,3447200
2016-10-05,41.944008100122765,42.22598510725193,41.889179569617745,42.05366516113281,2385600
2016-10-06,41.991007393824376,42.05366729418086,41.41138762888929,41.818687438964844,3119000
2016-10-07,41.615045813493396,41.615045813493396,41.02759458570016,41.27824020385742,4069400
2016-10-10,41.3722242187233,41.442718473060644,40.44796754538072,40.5497932434082,3952100
2016-10-11,40.36180514939055,40.47929656221915,39.57853703168187,39.782188415527344,4656800
2016-10-12,39.257401653981425,39.6490357570401,38.66995049939341,39.320064544677734,6426700
2016-10-13,38.86576755092275,39.36705872476888,38.55246206123445,39.320064544677734,4296100
2016-10-14,39.602038625643665,39.67253287845796,39.06941604614258,39.06941604614258,3790200
2016-10-17,39.09291321069668,39.194738906722804,38.85793336350096,38.92059326171875,3871700
2016-10-18,39.24956736157223,39.28873017137331,38.88926473071293,39.06941604614258,3944100
2016-10-19,39.163405015146054,39.26523070480602,38.998919431185804,39.09291076660156,5540000
2016-10-20,38.99109146663361,39.359228490242515,38.89710011581496,39.28090286254883,2829700
2016-10-21,38.95976054951512,39.367057373334674,38.81877203821951,39.249568939208984,3616200
2016-10-24,39.57854792805729,39.64121082893248,39.25740803090089,39.40623092651367,2442500
2016-10-25,39.32789456195945,39.46888307325505,39.03025480516292,39.249568939208984,3040200
2016-10-26,39.10857597064675,39.672529951554445,39.02241600268244,39.50804138183594,3066300
2016-10-27,39.47672490600356,39.53155344990075,38.95976792930756,39.03809356689453,3861800
2016-10-28,39.10857919233912,39.539376079718245,38.86576498879447,39.23390197753906,4267300
2016-10-31,39.46106498661112,39.75870484357711,39.30441070045787,39.696044921875,6160400
2016-11-01,40.64377861834752,41.09807552135202,39.69602499537252,39.94667053222656,6969700
2016-11-02,39.82135036376,39.97800458150445,39.139907952691935,39.19473648071289,5540100
2016-11-03,39.21824492368979,39.38273055538135,38.92843647910016,39.03809356689453,3232500
2016-11-04,39.04592328987997,39.26524044415708,38.677789223218475,38.70128631591797,4672500
2016-11-07,39.335736960309674,39.49238823784242,39.10075406814737,39.46889114379883,5731600
2016-11-08,39.42142783773733,40.82114594113338,39.32653256434316,40.59181594848633,4499700
2016-11-09,40.41784539803743,42.57673207612667,40.1885123510975,42.22087097167969,7518100
2016-11-10,42.49764207768778,44.41928550673465,42.44228323885436,44.08715057373047,8678900
2016-11-11,43.842012364828705,44.071345410270666,43.462428194786916,43.889461517333984,4494600
2016-11-14,44.03181097186888,44.419301869783155,43.889466514811794,43.89737319946289,3046700
2016-11-15,43.79457076865735,44.11879913605199,43.407076858031004,44.11088943481445,3238800
2016-11-16,43.85782775910928,43.96063274555029,43.359625244049134,43.4703369140625,2898200
2016-11-17,43.57313546542641,43.78665210512994,43.16982826820855,43.25681686401367,2865500
2016-11-18,43.15401523634311,43.32008274122915,42.711165539980264,42.861419677734375,4428800
2016-11-21,43.16192241651181,43.39125242653609,43.04330105328092,43.106563568115234,3004200
2016-11-22,43.34379693939913,43.414969138642775,42.63998162836042,42.98002624511719,6647200
2016-11-23,43.035396275749434,43.6284971264075,43.035396275749434,43.54151153564453,2575000
2016-11-25,43.541504910882956,43.6838493347168,43.422883552132596,43.6838493347168,802100
2016-11-28,43.45452523164398,43.77875359319035,42.980042715966086,43.04330825805664,3271300
2016-11-29,42.932603658764556,43.169843447408,42.64000500332564,43.01959228515625,3408200
2016-11-30,43.33591030469356,45.41571855242819,43.33591030469356,44.6328239440918,8784900
2016-12-01,44.86214698597233,45.455247823465356,44.616997553808474,44.89377975463867,5500700
2016-12-02,44.74353626505124,44.996592424238465,44.30859316332254,44.561649322509766,2932700
2016-12-05,44.92541796211896,45.06776242168331,44.61700295528473,45.02031326293945,3132700
2016-12-06,44.88586971634268,44.98867470540118,44.65653968690472,44.735618591308594,3040100
2016-12-07,44.854239665732905,46.08788745954822,44.735618293250596,46.07207107543945,4372800
2016-12-08,45.913922700857036,45.92182938620247,45.265465902504204,45.55015182495117,3727200
2016-12-09,45.407802610203206,45.62922899341245,45.305000628118435,45.46316146850586,3028900
2016-12-12,45.47897034414613,45.61340810102626,44.877962830055004,45.14683532714844,3162300
2016-12-13,45.29708699680051,45.5738691976307,44.79097476480649,44.89377975463867,3784300
2016-12-14,44.838419627927365,45.24963653124638,44.41929302486509,44.498374938964844,3015200
2016-12-15,44.26904711665348,44.77515935971629,44.023897679128154,44.427207946777344,3962100
2016-12-16,44.530020091721624,44.78307625390148,44.01599806541839,44.071353912353516,6332500
2016-12-19,44.221595265954385,44.7593402455833,44.1425163640482,44.53001022338867,2779700
2016-12-20,44.806794073991234,45.57387217255481,44.688172692082645,45.32081604003906,3471300
2016-12-21,45.194284676213094,45.27336358060418,44.74352828451684,45.01239776611328,2716700
2016-12-22,45.02030275982087,45.03611914237891,44.64071862842767,44.830509185791016,2013700
2016-12-23,44.90168697241235,45.1310200229701,44.83051475040018,44.917503356933594,1157800
2016-12-27,44.90959601510076,45.23382435136931,44.87796324652167,45.21009826660156,1251200
2016-12-28,45.194285116497056,45.31290347423928,44.51419567210763,44.52210235595703,1680800
2016-12-29,44.57746607691931,44.68027108514492,44.284870456072845,44.443031311035156,1173200
2016-12-30,44.43510188687762,44.56953960975983,43.93689948737135,44.08715057373047,1957000
2017-01-03,44.48256378599087,45.233825466598766,44.41929824727289,45.03612518310547,3383000
2017-01-04,45.115201453651665,45.42361339521327,44.55373340533863,44.767250061035156,4155400
2017-01-05,44.696074080379915,45.00448599598235,43.810377781299444,44.39556884765625,2657100
2017-01-06,44.43511051485932,44.783064912234956,44.28485939932588,44.60118103027344,1785800
2017-01-09,44.91751656976321,44.92542627268398,44.419310869127024,44.43512725830078,2130900
2017-01-10,44.66444169393146,45.170553869122394,44.59326948075358,44.830509185791016,2535000
2017-01-11,44.838420701096126,45.53432647849702,44.69607626897625,45.52641677856445,2685800
2017-01-12,45.38408780868868,45.47107643758393,44.89379182915908,45.44735336303711,2550700
2017-01-13,45.51060749428329,45.62922887844175,45.02031160531807,45.170562744140625,2964500
2017-01-17,44.917501066062414,45.138927421399856,44.28486080081272,44.53001022338867,3152600
2017-01-18,44.62491909068421,45.352454862981496,44.49048129652722,45.24965286254883,2575400
2017-01-19,46.261860653020285,46.91031726186605,46.08788345959016,46.206504821777344,5955100
2017-01-20,46.26186135433615,46.578182980519614,46.17487275630236,46.5228271484375,4193900
2017-01-23,46.412113292875816,46.601906875294,45.866461645506845,46.095794677734375,3174500
2017-01-24,46.269780132011654,47.00522554096068,46.10371259235668,46.7442626953125,3202100
2017-01-25,47.12383976676709,47.74857338756895,46.98940200511762,47.6536750793457,4133100
2017-01-26,47.598322877790174,48.18351708987542,47.29782059545857,47.51133728027344,3469500
2017-01-27,47.89091103909959,47.89091103909959,47.4559680631144,47.558773040771484,3260600
2017-01-30,47.52714315763085,47.535052857673726,46.44374653509141,46.767974853515625,5213900
2017-01-31,46.72053143990313,46.73634480757614,46.05625838096295,46.38839340209961,5894500
2017-02-01,46.26185687499578,46.73633625166254,46.15905190394033,46.483280181884766,2954500
2017-02-02,46.34885363813977,46.752160877762364,46.19859949625409,46.56237030029297,6198800
2017-02-03,46.75215536904203,47.10010974784849,46.53073204919536,47.084293365478516,3523000
2017-02-06,46.89451062344923,47.41643929552583,46.87869423742664,47.33736038208008,6248100
2017-02-07,48.47610846162907,50.21587154363973,48.25468511149446,49.456703186035156,10588300
2017-02-08,49.02966118141193,49.43296835734519,48.76869540776908,49.35388946533203,5735500
2017-02-09,49.49625687333794,50.20006959581374,49.3934518526389,49.59115219116211,3457300
2017-02-10,49.57531709539882,50.136788137607546,49.57531709539882,50.02607345581055,4619000
2017-02-13,50.18423425706448,50.82478118134052,50.176327573842954,50.729888916015625,4056800
2017-02-14,50.36612374535982,50.895962080191055,50.25541206793248,50.72198486328125,3949000
2017-02-15,50.682148741496555,50.88930600416039,50.29970246006211,50.77775955200195,5215600
2017-02-16,50.658250966555514,50.66621726833102,49.70213366459984,50.116451263427734,6228500
2017-02-17,49.8136878093028,49.83758975772912,49.16034154406577,49.31172561645508,5091100
2017-02-21,49.439190683022865,49.56667276300229,49.16032458288431,49.5348014831543,4569100
2017-02-22,49.20016625897166,49.53480560699714,49.17626431680207,49.25593948364258,3411200
2017-02-23,49.216096865806875,49.3754502226001,48.11656204728738,48.29185104370117,4824700
2017-02-24,47.98111713235226,48.2121763249945,47.63850845431568,48.18827438354492,7139500
2017-02-27,48.20420690468408,48.41136414247015,47.901435828462134,48.148433685302734,3501200
2017-02-28,48.01299159423349,48.21218257055101,47.71022349860828,47.8855094909668,4204900
2017-03-01,48.40340075117203,48.91332909582485,48.32372558709978,48.506980895996094,6216400
2017-03-02,48.50697334960515,48.66632669237119,47.87752931735597,48.052818298339844,3559000
2017-03-03,48.53883966547829,48.53883966547829,47.869561123292684,48.10062026977539,2335500
2017-03-06,47.9651721636592,48.212166949038284,47.646465489051984,48.06875228881836,3278700
2017-03-07,47.99705288934436,48.25201706346626,47.84566582136325,47.981117248535156,3749900
2017-03-08,48.1723419820703,48.196246964540045,47.558833448503876,47.638511657714844,2809200
2017-03-09,47.64646851906665,47.78191992818281,46.89751173734651,47.23215103149414,3580100
2017-03-10,47.479162666710224,47.750062524238174,47.23216475444812,47.42338943481445,3478300
2017-03-13,47.487110341575026,47.9173634240702,47.343692647409966,47.90939712524414,4333400
2017-03-14,47.447282237067796,47.447282237067796,46.53897201903723,46.98516082763672,3162600
2017-03-15,47.17637592274582,48.24403935649853,47.17637592274582,48.02094650268555,4197900
2017-03-16,48.06875289639622,48.27591010992086,47.93330149418185,47.98907470703125,3108400
2017-03-17,48.1564000624076,48.42729985958375,47.734116246584854,48.28388214111328,4896100
2017-03-20,48.25202319734499,48.28389144360184,47.76599672882414,47.8855094909668,2270100
2017-03-21,47.9173812144045,48.21218301101204,46.88955503775684,46.97719955444336,4011700
2017-03-22,46.985166350904365,47.15248603401845,46.69036153085045,47.104679107666016,3264300
2017-03-23,47.104668093844175,47.35166592979362,46.86563959679658,47.00109100341797,2569500
2017-03-24,46.99312350175442,47.295894564205,46.51506648896917,46.66645050048828,3160200
2017-03-27,46.23619444173421,46.658481250385314,45.77407309718424,46.554901123046875,2587700
2017-03-28,46.546931291446235,47.550855199361926,46.403516629727555,47.3596305847168,2799000
2017-03-29,47.14450980661023,47.59866794208474,47.06483464707436,47.44728088378906,2447400
2017-03-30,47.36761981189149,47.67039097911771,47.287941589245946,47.49510192871094,2392600
2017-03-31,47.367613277189264,48.02892571714067,47.367613277189264,47.69428634643555,3420100
2017-04-03,47.64646365493405,48.04484546315158,47.13653542672153,47.66239929199219,4280500
2017-04-04,47.526956559593046,47.726147487270445,47.28792501485029,47.57476043701172,1967400
2017-04-05,47.90940102705206,48.522909426631564,47.31182826583449,47.45524597167969,3237000
2017-04-06,47.43134056550551,47.76598288925551,47.22418334749814,47.55882263183594,3005200
2017-04-07,47.511028854743365,47.58273772225873,47.128582574465696,47.295902252197266,2162100
2017-04-10,47.39150151846543,47.98907425572831,47.30385703069427,47.503047943115234,1968100
2017-04-11,47.38354860149965,47.646479099658556,47.07281117666958,47.59070587158203,2685900
2017-04-12,47.518988766459955,47.59069762433339,46.379616379922396,46.54693603515625,3550900
2017-04-13,46.45928919137685,46.74612155020668,46.10074494357443,46.10871124267578,3469500
2017-04-17,46.38758433321645,46.57880592222325,46.00513811579049,46.531002044677734,3621800
2017-04-18,46.204327840814436,46.84970448617194,46.124649647959494,46.53896713256836,2904700
2017-04-19,46.84971035719985,46.96922614175339,46.180428650407876,46.37961959838867,2528400
2017-04-20,46.69831884043519,47.359631101161256,46.59473871306406,47.14450454711914,3484400
2017-04-21,47.16841325933243,47.24808841628951,46.93735104897952,47.00905990600586,3316700
2017-04-24,47.73412393255573,47.79786650187842,47.35167763485859,47.69428634643555,3541200
2017-04-25,48.41136795824671,49.008940818215294,48.23608198612325,48.77788162231445,4565600
2017-04-26,48.77788162231445,49.10455466418744,48.61852825177362,48.77788162231445,3140800
2017-04-27,48.91332980074632,49.0009743061365,48.188274855353974,48.46714401245117,3712700
2017-04-28,48.45120223783825,48.538843692720725,47.82972447802607,48.02891540527344,3384600
2017-05-01,47.853625485705585,48.22013603197259,47.68630281074709,48.10062026977539,3797100
2017-05-02,45.98123522987901,47.16841455334793,45.23227839993343,47.13654327392578,13249400
2017-05-03,46.96127142496263,47.718197870870355,46.84972494566512,47.224205017089844,5053900
2017-05-04,47.27996690085447,47.287933201999365,46.005145958769184,46.34775161743164,4693900
2017-05-05,46.57084158619768,47.07280359747849,46.46726144812744,46.96125411987305,3669600
2017-05-08,46.89751584026756,47.0249979214881,46.56287347743079,46.70629119873047,2168000
2017-05-09,46.61068692814381,46.953295639315684,46.48320482906216,46.88955307006836,4542300
2017-05-10,47.04219041444779,47.387616571551256,46.8815265867054,47.33941650390625,3713700
2017-05-11,47.11447418460283,47.29120158164082,46.60034948443715,46.720848083496094,3219400
2017-05-12,46.51198363246337,46.62444734832307,45.98179535454874,46.1424560546875,2983800
2017-05-15,46.36739301647175,47.0984103359023,46.35935814170054,46.865447998046875,3497500
2017-05-16,46.99398755523337,47.13054980883727,46.640529606722566,47.074317932128906,3104500
2017-05-17,47.07430195721048,47.07430195721048,46.383452982892805,46.58428192138672,3736000
2017-05-18,46.391486173403145,47.12250340871081,46.078193510329356,46.95380783081055,3054500
2017-05-19,47.186776360968,47.9177936926221,47.05021106723557,47.71696472167969,3190100
2017-05-22,47.83745815586061,48.126652351568666,47.74909292223795,47.765159606933594,3282500
2017-05-23,47.85352494907408,47.925823498165045,47.443835213829786,47.58843231201172,3334400
2017-05-24,47.789263207295825,48.56044571918392,47.668764599135294,48.014190673828125,3523900
2017-05-25,48.030253527236546,48.04632021133657,47.36349992691549,47.59646224975586,3885400
2017-05-26,47.48399180843703,47.516125172091535,47.05823546543664,47.33135986328125,2489000
2017-05-30,47.2269269268579,47.516121045822565,47.066263186943544,47.3554573059082,2593300
2017-05-31,47.39563024871736,47.57236069805146,46.92167382365393,47.492027282714844,4073100
2017-06-01,47.636627427802594,47.885656434742984,47.38760148526885,47.59646224975586,2573300
2017-06-02,47.56433790217335,48.14272638183947,47.45990903232815,47.66876983642578,2681300
2017-06-05,47.59645941909916,47.73302162921776,47.36349711011353,47.45186233520508,3179700
2017-06-06,47.283170841216894,47.29120265127938,46.88954473120707,47.11447525024414,2631100
2017-06-07,47.122509028029924,47.16267420883301,46.10229750071586,46.28705978393555,3386700
2017-06-08,46.28706733007751,48.00616308972997,46.28706733007751,47.91780090332031,7352800
2017-06-09,48.18288219124381,48.83356910424627,48.094516961334094,48.76930236816406,5542200
2017-06-12,48.76930763271124,49.30753088007658,48.680942393262676,48.96210479736328,6077500
2017-06-13,48.97013055872235,49.03439729380311,48.53633929014703,48.87373352050781,4531600
2017-06-14,48.88177474691019,48.97817486810211,47.965995046437236,48.19092559814453,6740500
2017-06-15,47.74106719499057,48.40781784057617,47.70893382150503,48.40781784057617,3255300
2017-06-16,48.584537344149425,48.84963301884958,48.488140309897766,48.745201110839844,4138100
2017-06-19,48.93800560274385,49.39589850788129,48.88177373208624,49.307533264160156,4072400
2017-06-20,48.99423066136463,49.17899292262415,48.35157558727146,48.38370895385742,3763100
2017-06-21,48.43994570162924,48.43994570162924,47.06627631772016,47.106441497802734,3969100
2017-06-22,47.39562944681303,47.59645838514698,46.91364122057411,47.178733825683594,4478000
2017-06-23,47.21890270590597,47.54826206804341,46.92167671188112,47.45989990234375,3868500
2017-06-26,47.700896453736796,47.94189059799101,47.36350220025544,47.387603759765625,2913600
2017-06-27,47.395635697448185,47.48400093227394,47.018076262976976,47.106441497802734,3046000
2017-06-28,47.427773340493474,47.757132749896606,47.36350659504551,47.44384002685547,2148900
2017-06-29,47.55630566764273,47.58843904165098,46.60035770954431,46.897586822509766,2721900
2017-06-30,47.13053005424416,48.21500807422355,47.11446643712402,47.893680572509766,3209000
2017-07-03,47.84548589454228,48.576503084929996,47.74908580074591,48.39977264404297,2343400
2017-07-05,48.335519669336925,48.34355454497621,47.411708157286704,47.65270233154297,3445100
2017-07-06,47.516131303715774,48.06238629870783,47.48399793591468,47.54022979736328,3230400
2017-07-07,47.636620467288076,48.062379872711446,47.38759456114123,47.77318572998047,2344200
2017-07-10,47.77319757039612,48.231087388404454,47.72499751319268,47.99009323120117,2574400
2017-07-11,47.98204183384265,48.18287073975915,47.636615870513786,48.05434036254883,1927600
2017-07-12,48.40780731010913,48.640769620590746,48.166813190206916,48.24714660644531,2860100
2017-07-13,48.247150830465245,48.41584642272538,48.00615362505732,48.046321868896484,2320500
2017-07-14,48.2069825338362,48.488144918368626,48.054353626397514,48.34354782104492,2499200
2017-07-17,48.20698154214992,48.72110624672835,48.01418745928887,48.48814392089844,2826600
2017-07-18,48.464051150348205,48.50421633365396,47.90172939084649,48.06239318847656,3407600
2017-07-19,48.174851947434504,48.713072089788774,48.07845184017756,48.680938720703125,1786600
2017-07-20,48.50422341924212,48.745217618688585,48.23912765476576,48.43995666503906,2370400
2017-07-21,48.15074568669261,48.263212467510456,47.917786444586035,48.2310791015625,2280800
2017-07-24,48.295351532814735,48.31945309385244,47.9338587613192,48.223052978515625,1795000
2017-07-25,48.70504780854244,48.74521299390486,48.32748832443982,48.54438400268555,1785200
2017-07-26,48.50420123400466,48.54436640480675,47.94187964955703,48.03827667236328,1756100
2017-07-27,48.13468738929628,48.198954132388145,47.73302943819304,48.12665557861328,2311900
2017-07-28,47.91779216868567,47.965989158958614,47.34743558039911,47.82139205932617,2887500
2017-07-31,48.07042820059091,48.215025321646614,47.805332457186374,47.88566589355469,3306800
2017-08-01,47.75713454858407,48.23912289996873,46.961850397951444,48.16682434082031,4827900
2017-08-02,47.99811549644571,49.01832685464286,47.9097502746828,48.99422836303711,5345600
2017-08-03,48.978163419320616,49.06652864422067,48.49617211924937,48.745201110839844,3115000
2017-08-04,48.777338532838435,49.17096157633246,48.68093842616475,49.122764587402344,2304400
2017-08-07,48.994225069342605,49.307517696781375,48.87372649060178,48.92995834350586,2703800
2017-08-08,48.80144486629369,49.11473760229067,48.399786883855064,48.54438400268555,2154500
2017-08-09,48.447210479684415,48.73062096312705,48.36623384945609,48.60915756225586,1775400
2017-08-10,48.390516167703204,48.64963824662136,47.87227818775092,47.88847351074219,2039000
2017-08-11,47.90467504094262,48.04233375973434,47.572678598958646,47.68604278564453,2802800
2017-08-14,47.95326279254406,48.46340165152759,47.95326279254406,48.28525924682617,2070800
2017-08-15,48.26096001548457,48.317642105409035,48.05042697989976,48.10710906982422,2262000
2017-08-16,48.28525599111233,48.52008047542293,47.99374632623867,48.03423309326172,2200200
2017-08-17,47.864184327034835,48.034230593046,47.192092291454294,47.200191497802734,1775100
2017-08-18,47.086837402616666,47.45122145382127,46.81152301772115,46.96537399291992,2063500
2017-08-21,46.973470112059715,47.15971483064615,46.81961913686095,46.96537399291992,2080400
2017-08-22,47.151605148640066,47.70223379611836,47.04633708954924,47.629356384277344,2894500
2017-08-23,47.42692849854449,47.63746465679482,47.24068687482626,47.31356430053711,1946400
2017-08-24,47.3783343782733,47.443115673971754,46.95726831200215,46.98155975341797,1523500
2017-08-25,47.28117214342056,47.556486510800866,47.20019860140273,47.41883087158203,1239500
2017-08-28,47.51600453473054,47.56459051820973,47.01396172788402,47.289276123046875,1526400
2017-08-29,47.07063309460522,47.297361454575096,46.89248761809048,47.248775482177734,2015900
2017-08-30,47.25687359155862,47.51599259377746,47.21638682663858,47.47550582885742,1890500
2017-08-31,47.69413856803614,47.95325757298166,47.41072503272922,47.80750274658203,2415200
2017-09-01,47.98565326488986,48.066629898248785,47.62126922607422,47.62126922607422,1833200
2017-09-05,47.56458293672205,47.8237019627566,47.321656146990016,47.49980163574219,3369400
2017-09-06,47.961360853524425,48.520085712207354,47.67795036483221,48.51198959350586,3776700
2017-09-07,48.58487463958048,48.835897603904506,48.188096804222255,48.754920959472656,3151900
2017-09-08,48.70633455181594,49.08691394191884,48.455311605581464,48.90877151489258,2254800
2017-09-11,49.208371191188746,49.33793070777063,49.10310311867143,49.32173538208008,2380400
2017-09-12,49.39461145040635,49.69421724511968,49.27314805552509,49.60514450073242,2004500
2017-09-13,49.49177265010708,49.68611343403871,49.45938509357011,49.63752746582031,1451400
2017-09-14,49.6375440411051,50.188172842348564,49.44320628122094,50.11529541015625,2401200
2017-09-15,50.04242078690346,50.60114882805424,50.01003012879031,50.4877815246582,4441700
2017-09-18,50.5849541132281,51.01411952713743,50.34202726337288,51.00602340698242,2355600
2017-09-19,51.00601590748877,51.273231078519956,50.89264861938474,51.18415832519531,2131500
2017-09-20,51.35418938233486,51.74287093401921,51.305606505080696,51.734771728515625,3070000
2017-09-21,51.702403629244195,51.96962192643013,51.35421177536487,51.37040710449219,2407900
2017-09-22,51.297529667890856,51.46757907925608,51.08699656712212,51.37040710449219,2271500
2017-09-25,51.37849711973335,51.7104935850771,51.24893759884171,51.508056640625,2806300
2017-09-26,51.532345851754634,51.54044505898952,51.01410779065183,51.0950813293457,3698600
2017-09-27,51.24083129488655,51.48375806574013,50.98981149545308,51.2894172668457,3419200
2017-09-28,51.11937382966034,51.38658896787996,50.72259609237377,50.90074157714844,2621700
2017-09-29,50.811678385448204,51.07079745440198,50.64163207562409,50.88455581665039,2903700
2017-10-02,50.90883768111463,51.27322476853423,50.73069528533134,51.176055908203125,3332600
2017-10-03,51.25703938683747,51.32991681845864,51.046506300455746,51.281333923339844,2825300
2017-10-04,51.26513162754536,51.82385646807244,51.0384001550166,51.75907516479492,2759600
2017-10-05,51.74287712739951,51.91292339602651,51.51614568028797,51.807655334472656,1725900
2017-10-06,51.62141556946213,51.888633791572836,51.467564619391986,51.580928802490234,1934100
2017-10-09,51.589024032070284,51.85624224958014,51.49185517522227,51.678096771240234,1474300
2017-10-10,51.9129224982858,51.9129224982858,51.28941643516036,51.35419464111328,1991400
2017-10-11,51.33801324125869,51.435182115166725,51.15176852359933,51.3623046875,1862900
2017-10-12,51.305618397622524,51.848147912330234,51.305618397622524,51.75907516479492,1574400
2017-10-13,52.02629274225981,52.147756139881004,51.71858773351063,51.799564361572266,1986200
2017-10-16,51.92103762660679,52.56883224055589,51.540455124745016,52.18015670776367,2489900
2017-10-17,53.09514451388062,53.52430971000565,52.876515402265646,53.02227020263672,3794400
2017-10-18,52.98179615016212,53.28949807472744,52.836041306339574,53.04657745361328,2330200
2017-10-19,52.88462555970975,53.05467185224336,52.665996377276606,52.76316833496094,2103100
2017-10-20,53.05467684019495,53.313795907162365,52.819855398346924,53.26521301269531,2648100
2017-10-23,53.23282042715464,53.79964761289232,53.22472739696079,53.524330139160156,2488200
2017-10-24,53.84013505058502,54.50412806801947,53.783452945848644,54.042572021484375,2980200
2017-10-25,54.04255088203835,54.212597129731684,53.33807445272078,53.84821319580078,2745100
2017-10-26,54.08304590683535,54.29358202417143,53.791536260642104,54.11543655395508,2006100
2017-10-27,54.18831164995563,54.89279433462465,54.01826538356331,54.560794830322266,3545200
2017-10-30,54.47173357918292,54.77134249907513,54.30978648501102,54.52841567993164,3841100
2017-10-31,54.269282961608184,54.350262666195185,52.09106605724454,52.19633102416992,9603600
2017-11-01,52.27731361458465,52.54453185912959,51.85624749599563,51.88053894042969,5364900
2017-11-02,51.9696151323738,52.01010499437039,51.459473142856034,51.51615524291992,4037100
2017-11-03,51.6619072188853,52.43926742734699,51.47566560205943,51.90483093261719,4439500
2017-11-06,52.02628966277294,52.47974639730748,51.80765741336136,52.24491882324219,3690400
2017-11-07,51.85625663181205,52.13156795441476,50.754998985628724,51.07889938354492,4358100
2017-11-08,51.04650027277669,51.192255118807985,50.374408139527645,50.625431060791016,2553300
2017-11-09,50.29343280597024,50.46347909063379,48.714424089519824,49.78329086303711,5954100
2017-11-10,49.67800990165509,49.91283742751287,49.35411274190042,49.888545989990234,3613400
2017-11-13,49.90475570955086,49.90475570955086,49.5484647154015,49.71041488647461,2557300
2017-11-14,49.572756754203,49.77519368562142,49.17597900948824,49.184078216552734,2850100
2017-11-15,48.98164673683754,49.151693036809135,48.17189892103819,48.252872467041016,4276700
2017-11-16,47.39157769293446,48.77128282740104,46.9180717254029,48.18347930908203,10266700
2017-11-17,48.05286100248424,49.17948347652069,47.914072663962095,48.861087799072266,5091800
2017-11-20,48.87740826859874,49.34275165082591,48.67331018466439,49.19580078125,5449400
2017-11-21,49.26111692636978,49.546853017091195,48.99987161077025,49.26927947998047,3276900
2017-11-22,49.59583964364268,50.68164305991822,49.571348867551926,50.51836395263672,5881500
2017-11-24,50.59999463616863,50.714289060460295,50.25711136329362,50.31425857543945,2182600
2017-11-27,50.30610017888378,50.84491905290978,50.30610017888378,50.51836395263672,3663500
2017-11-28,51.122495619250415,52.38790332538377,51.089842287298225,52.371578216552734,6466900
2017-11-29,52.29807678982161,52.714438511645874,52.093981875765984,52.14296340942383,3928800
2017-11-30,52.39606178782563,53.11448482060779,52.281767355987085,52.91855239868164,5307000
2017-12-01,52.992027193968184,53.31041969274946,51.87356750044231,52.81241989135742,4002800
2017-12-04,53.35123476017539,54.412547225710355,53.13081158305168,53.14713668823242,4531100
2017-12-05,52.926716535087316,53.32674703494927,52.7307778902503,52.804256439208984,2806000
2017-12-06,52.771610395305025,53.37573909779473,52.698138060450255,52.845088958740234,3011700
2017-12-07,52.951217611744745,53.718628548563785,52.80426671381302,53.70229721069336,3412600
2017-12-08,53.7431062799737,54.51051080191522,53.54716764457769,54.330909729003906,3973900
2017-12-11,54.17578785267754,54.62480606208527,54.12680631295243,54.216609954833984,2291900
2017-12-12,54.45336574273022,54.72277670561431,54.10231679282709,54.42887496948242,2756000
2017-12-13,54.6166506629868,55.147306947883955,54.543172111008076,54.86156463623047,3306800
2017-12-14,55.04933537341305,55.37589355298189,54.29009025306165,54.298255920410156,2887700
2017-12-15,54.698285416706604,55.13097234954969,54.49418733679352,54.91054916381836,4387000
2017-12-18,55.335061894593004,56.233092061982745,55.1146387428597,55.808570861816406,3989400
2017-12-19,55.890207760781365,56.14328734282695,55.63712817873577,55.95552062988281,3494400
2017-12-20,56.33107639628377,56.93520503682128,56.0779967418518,56.29841995239258,5109800
2017-12-21,56.535162127370754,56.98418034688955,56.17594755175572,56.80457305908203,2668700
2017-12-22,56.9107118167347,57.01684058338798,56.486190521542,56.869895935058594,1790200
2017-12-26,56.90254099491099,56.95968820694494,56.624970601768695,56.763755798339844,1002000
2017-12-27,56.943363189697266,56.96785396223848,56.65762712908483,56.943363189697266,1043400
2017-12-28,57.03316852626237,57.14746295388381,56.7719232304735,57.13113784790039,1452900
2017-12-29,57.1801108738875,57.318896054092946,56.89437484741211,56.89437484741211,1848900
2018-01-02,57.19643237027895,57.76791061576703,56.902530696274304,57.75157928466797,3086500
2018-01-03,57.735264291372474,58.33939284768361,57.32706814251218,58.28224563598633,3308800
2018-01-04,58.37204963919655,58.625129259871564,58.1352951239997,58.36388397216797,2806400
2018-01-05,58.58430534818766,59.16394305615087,58.12712148596602,59.13128662109375,3118800
2018-01-08,59.13130403611274,59.13130403611274,58.51900971276292,58.94353103637695,2334700
2018-01-09,59.12314190853642,59.261927135281354,58.69045489069613,59.04150390625,3367600
2018-01-10,58.56798109926603,59.35171694968348,58.53532466025961,59.26191329956055,2411300
2018-01-11,59.4986824306307,60.33140625845979,59.15579907968009,60.3150749206543,2917300
2018-01-12,60.41302614535879,60.78040016427078,60.290566062861956,60.33955383300781,3500400
2018-01-16,59.915036782875305,60.31506730849788,58.87005552410144,59.45785903930664,3899900
2018-01-17,59.637472040938626,60.233435052196405,59.50684625686118,59.6537971496582,3276100
2018-01-18,59.98850914708511,60.372208297374094,59.59663810118749,59.964012145996094,2356200
2018-01-19,60.11094881640795,60.24974020882546,59.4986547339141,59.71091842651367,3538100
2018-01-22,59.5476612468582,59.82523166194212,59.0659865114286,59.80890655517578,3521500
2018-01-23,59.87421550603273,60.29057737319884,59.604810748294376,59.69461441040039,3205600
2018-01-24,60.03747932330505,60.16809882815061,58.9108604011287,59.294559478759766,3284300
2018-01-25,59.66194632493108,59.75990940732734,58.6087995891219,59.33538818359375,3293700
2018-01-26,59.51499368535175,60.4538459777832,59.33538640158142,60.4538459777832,3587500
2018-01-29,60.1436174556002,60.30689964788648,59.523163810648626,59.588470458984375,2136400
2018-01-30,59.13128399608009,59.523154970791154,58.85370742470604,59.1639404296875,2311600
2018-01-31,59.55583020312555,59.80075044381569,58.80475060026049,58.96803283691406,5458100
2018-02-01,58.31489377820157,59.678267226553366,56.92702956097537,59.253746032714844,3022200
2018-02-02,58.665958997061104,59.057823865296506,57.56383049085185,57.61281204223633,4853000
2018-02-05,57.16378109563298,58.30673146118143,55.69427882156646,55.87388610839844,4426300
2018-02-06,54.45336480381636,58.27408107907288,53.88189267595752,56.5351676940918,7320400
2018-02-07,56.66580027473361,57.57199012124998,56.11065318574299,56.29841995239258,4045300
2018-02-08,56.29840074048642,56.42902647147497,54.175782440543884,54.208438873291016,4350200
2018-02-09,55.106493402346565,56.95970162507972,54.20846290372812,56.38822937011719,5979300
2018-02-12,56.910724185054875,58.012852887105936,56.771938945751,57.40055847167969,5187900
2018-02-13,57.057656898091096,57.57198180074071,56.65762641825251,57.45768737792969,3542100
2018-02-14,57.727100059011775,58.706774577770446,56.92703907536689,58.21693420410156,5000200
2018-02-15,59.12523868436709,59.66774421473607,58.02377818016029,58.771785736083984,4089400
2018-02-16,58.67313568764634,60.308886133321586,58.63204030640574,59.99652862548828,4783800
2018-02-20,59.52800693415034,60.13627886513845,58.27037395643672,58.418331146240234,3897200
2018-02-21,58.45941696268801,59.6512894727884,58.39365683587714,59.026580810546875,4368200
2018-02-22,59.23208971421683,59.64308119160381,58.804661337076574,59.25674819946289,2534700
2018-02-23,59.5773230886393,59.63486164053631,58.57450295166408,59.33894729614258,1901600
2018-02-26,59.88144301101813,60.51437325021353,59.41291308710826,60.440391540527344,3880800
2018-02-27,60.39931449585488,61.180195848952536,60.0787353515625,60.0787353515625,3454800
2018-02-28,60.341767675464205,60.349982989174045,58.393665945586754,58.41010284423828,4858800
2018-03-01,58.32789938769365,58.779992441241525,56.98806966635443,57.193565368652344,4605600
2018-03-02,56.80724153897503,57.22645459471761,56.256514473748425,57.01273727416992,3893700
2018-03-05,56.83189725984911,57.966231405314346,56.69216167180817,57.66210174560547,3935500
2018-03-06,58.04019838255211,58.04019838255211,57.300412705522206,57.92512130737305,2480600
2018-03-07,57.267553815417706,58.01556135182819,56.93875936283324,57.2017936706543,3511700
2018-03-08,57.497712245491144,57.76896815900472,56.89766812663956,57.711429595947266,3190700
2018-03-09,58.68958389457025,59.437585118161074,58.08131826740828,59.40470504760742,3389700
2018-03-12,59.43757308698185,59.577314926356784,58.377214543382124,58.70600891113281,2250800
2018-03-13,58.86218256359282,59.14987525881836,58.27857559006946,58.54983139038086,3549300
2018-03-14,58.96904317842948,58.96904317842948,58.01554640986442,58.14706039428711,3885300
2018-03-15,58.212834544094456,58.533407405429294,57.785406152725486,58.303253173828125,3015200
2018-03-16,58.45942329851922,59.4951171875,58.179945864898706,59.4951171875,9730900
2018-03-19,59.07591113605556,59.07591113605556,57.55523780927393,58.138851165771484,3945200
2018-03-20,58.442984980401526,58.8786349292458,57.94157489216098,57.99089813232422,2285300
2018-03-21,58.11419280271613,59.04303756173149,57.87582326283973,58.48408889770508,2068500
2018-03-22,57.76895934760163,57.81827631663349,56.47844639766736,56.52776336669922,3153800
2018-03-23,56.72503587018858,56.77435283233901,55.26190746156769,55.3687629699707,2836200
2018-03-26,56.25651818015542,57.267553752035404,55.73044956509553,57.13603973388672,3321800
2018-03-27,57.24290204042195,57.44839781347666,55.418098572298774,55.8290901184082,2840800
2018-03-28,56.01813843562853,56.22363416996962,55.03175514805201,55.319454193115234,2668700
2018-03-29,55.598925777799984,56.568865901650575,55.434531697648566,56.14143753051758,1890800
2018-04-02,55.935942859587804,55.98525983032567,53.543969439084975,54.48102951049805,3740000
2018-04-03,54.900245435163406,55.804425482771606,54.51391242097371,55.77154541015625,5067100
2018-04-04,54.801595689620854,56.21540721011573,54.48924446092864,56.00168991088867,3791900
2018-04-05,56.32225055171094,56.527746221993525,55.78796682596034,56.23183822631836,2930400
2018-04-06,55.73044293086965,56.02635727551887,53.54396541443173,54.50568389892578,4475600
2018-04-09,54.785154791915296,55.41807878762247,54.32484016016993,54.40704345703125,2321400
2018-04-10,55.09750745714562,55.84551483402457,55.09750745714562,55.53315734863281,2430300
2018-04-11,54.99886004093644,55.82084265983865,54.81802286138121,55.13859558105469,2736700
2018-04-12,55.36055036666436,56.39625063845716,55.30301181107767,56.059234619140625,3195100
2018-04-13,56.560650855633504,56.87300842376002,56.05102538550354,56.24007797241211,3226300
2018-04-16,56.79078879425796,56.84833361079427,56.33870201578303,56.56063461303711,2517300
2018-04-17,57.09493021347055,57.27576745085155,56.75792049299552,57.037391662597656,3914800
2018-04-18,57.40727195752048,58.623809180668,57.02916064699332,58.048423767089844,3057600
2018-04-19,57.99088558421254,58.295015188456446,57.61276800011731,58.08951950073242,2292000
2018-04-20,58.13884215666711,58.14705746880892,57.127800623697595,57.70318603515625,3962600
2018-04-23,57.86758775591562,58.45941634853417,57.34151928941709,57.45659637451172,2809200
2018-04-24,58.59916477480469,58.59916477480469,54.908463115685414,56.14143753051758,4130000
2018-04-25,55.91949831133421,56.74970283529154,55.18793399765558,56.47844696044922,2380300
2018-04-26,56.47021875639078,56.60996060571486,55.11395208360796,55.47562026977539,3411400
2018-04-27,55.3605579791376,55.82908807369331,54.99066810967949,55.746891021728516,4801000
2018-04-30,55.88661110670132,56.01813137028291,54.50567969525131,54.58788299560547,4419100
2018-05-01,54.61254494978705,56.766136097406466,54.13579337083629,56.700382232666016,7483800
2018-05-02,56.61816932180079,56.65927096761844,55.492056972673005,55.56603240966797,4454600
2018-05-03,55.492076369094605,55.75511068906751,54.68653023660911,55.418094635009766,3486500
2018-05-04,55.03176190277783,56.51133388013264,54.875589389947464,56.24007797241211,2476300
2018-05-07,56.42912691796512,57.45660553529431,56.38802526477924,56.963417053222656,3219100
2018-05-08,56.97985156654005,57.42372306319329,56.72503888690323,57.34152603149414,3768800
2018-05-09,57.62922772560134,59.133458097046336,57.37441500640216,59.12523651123047,3831400
2018-05-10,59.54315666019687,59.63418909734335,59.10454927056642,59.55971145629883,2353600
2018-05-11,59.55970781257686,60.064521728122294,59.2452298439263,59.58453369140625,2687300
2018-05-14,59.832800134273185,60.188652433461066,59.48521891813805,59.716941833496094,3086900
2018-05-15,59.32797412039194,59.67554895159892,59.104528647614195,59.44383239746094,2036700
2018-05-16,59.52660337450691,59.97348812612777,59.3114352391774,59.54315185546875,1598400
2018-05-17,59.62591545203913,60.561059349880956,59.261785719093346,60.387271881103516,2717500
2018-05-18,60.28796388621879,60.71830018622491,60.238312126142965,60.527957916259766,1848200
2018-05-21,60.90862944839392,61.529301636347256,60.825874419427606,61.30586242675781,2234500
2018-05-22,61.30587889617958,61.537595565056016,60.54452232306966,60.62727737426758,2002700
2018-05-23,60.27140281696,60.63552617114647,59.92382794140789,60.42036437988281,1922200
2018-05-24,60.35415674304731,60.71828640443265,59.63417481634537,60.61897659301758,2419400
2018-05-25,60.28795534188598,60.2962327386604,59.56797966760658,59.99003219604492,2888500
2018-05-29,59.394171113807815,59.43555177357134,58.15282708652871,58.56660842895508,2756600
2018-05-30,58.90592436068233,59.50177062739347,58.59972383089923,59.29487991333008,2145300
2018-05-31,59.4852237376237,59.526604411455544,58.35973759848475,58.62455749511719,2782800
2018-06-01,59.212106203504376,59.46037119374749,58.77349272451861,59.06314468383789,3483100
2018-06-04,59.33625639762113,59.725211964229686,58.88110059862683,59.17902374267578,1921800
2018-06-05,59.4686684045966,60.453470241328766,59.443842528679596,60.13899230957031,4009300
2018-06-06,60.271406182703466,60.71001349974624,60.047960668939666,60.65208435058594,2854400
2018-06-07,60.77620229508312,61.14860295751988,60.25483379110939,60.7182731628418,1879500
2018-06-08,60.5610655058288,60.6603753468554,60.1141806919168,60.53623962402344,2270100
2018-06-11,60.57759507844435,60.974828004740466,60.35415589814246,60.5610466003418,1782100
2018-06-12,60.75966008284168,60.75966008284168,60.41208521745129,60.585872650146484,1582600
2018-06-13,60.552771432623224,60.7182877887553,60.11416413802917,60.23002243041992,2260200
2018-06-14,60.55277728384548,60.75139693039661,59.874175942639134,60.32933807373047,2461900
2018-06-15,60.27140047058811,60.486562253475505,59.03005626582478,59.81623840332031,4378100
2018-06-18,59.245220149260376,59.8493437950712,59.04660683732126,59.700382232666016,2014100
2018-06-19,58.6824857633893,58.93902823101554,57.59837411730337,58.3928337097168,3445600
2018-06-20,58.74866872585565,58.74866872585565,58.003861103828534,58.252132415771484,1630400
2018-06-21,57.987323502362614,58.21076267396575,57.0604509196247,57.26734161376953,3272800
2018-06-22,58.533535455128856,58.533535455128856,57.689417635069084,57.82183074951172,4015000
2018-06-25,57.465972862780816,57.747341233168676,56.58048076508343,57.22597885131836,4148900
2018-06-26,57.39976295484933,57.788718526064,56.96942671332525,57.06045913696289,3007300
2018-06-27,57.35838203382616,58.02871226984638,56.72116138495181,56.72943878173828,2782800
2018-06-28,56.67149756107525,57.019072386429436,56.001167467832225,56.76252365112305,1978000
2018-06-29,57.18459768311593,57.95423146706702,57.00253282676989,57.21770095825195,4025700
2018-07-02,56.688042896664776,57.573534701038696,56.5887331032931,57.4659538269043,2514800
2018-07-03,58.04525860199358,58.30180106864802,56.75426255843763,56.911495208740234,1839500
2018-07-05,57.308722599164206,57.39147761452515,56.803908797518595,57.25079345703125,2559100
2018-07-06,57.283893940772565,57.565262242080145,56.787357558945715,57.33354568481445,2298700
2018-07-09,57.573555306114685,58.76524799786283,57.49080027225537,58.62455749511719,2234600
2018-07-10,58.62455585462043,58.99696296727281,58.38456815728532,58.74869155883789,2671800
2018-07-11,58.177672258563334,58.21904661376127,56.94459903691729,57.159767150878906,3253900
2018-07-12,58.202494551575924,58.21904302987567,57.46596414807398,58.1197395324707,2226000
2018-07-13,58.10319654715019,58.63283635361222,57.96251235470345,58.40939712524414,1552600
2018-07-16,58.46730909414552,58.59971584993517,57.25079085092738,57.35837173461914,2727500
2018-07-17,57.24251664100925,57.63147216232763,56.787360895013535,57.49906539916992,2646500
2018-07-18,57.548723496995436,57.97078233413087,57.05218703120278,57.67285919189453,2902200
2018-07-19,57.39149740329733,58.19423458807106,57.292193876145205,57.7639045715332,2490500
2018-07-20,57.32526828953992,57.8300820666413,57.25079067347709,57.33354568481445,2232900
2018-07-23,57.26734424996099,57.30044752020436,56.11703244266756,56.1832389831543,2832100
2018-07-24,56.621836630307115,57.31699255952808,56.56390749568888,56.99424362182617,3076300
2018-07-25,56.93632298792777,58.16111239237772,56.85356165714343,58.094905853271484,2767300
2018-07-26,58.252140340837805,59.336245501955055,58.252140340837805,58.97212219238281,2755500
2018-07-27,59.13763221366087,59.29487115353684,58.69902497485168,58.97212219238281,1752700
2018-07-30,59.14591877078599,59.56797759836688,58.29353003294091,58.36800765991211,1812000
2018-07-31,58.624545946330514,59.9900258343308,58.51696505488682,59.81623840332031,3021500
2018-08-01,59.567976755526054,59.617628506137656,58.4259359810313,59.00523376464844,2611100
2018-08-02,58.61626206513404,59.030043376370955,58.10317096623163,58.98866271972656,2852200
2018-08-03,59.14592792449769,59.60108378086109,59.03834069492824,59.154205322265625,3682600
2018-08-06,59.01352027819676,59.410753328369395,58.889390869210125,59.27006912231445,2640300
2018-08-07,60.668624296741896,62.067207390354795,59.67555150401735,61.78583908081055,4945400
2018-08-08,61.71137734105806,62.274120476319865,61.24794404630308,61.272769927978516,3590200
2018-08-09,61.4796573627956,61.612064162492636,61.165185688935956,61.281044006347656,2071000
2018-08-10,61.10724357607018,61.62861226157189,60.834152608307086,61.12379837036133,3101100
2018-08-13,61.23965077003394,61.50447062891978,60.701733655914836,60.784488677978516,2882500
2018-08-14,61.07413579431707,61.9265244489712,60.95000011434348,61.43825912475586,2933800
2018-08-15,61.01620162918329,61.01620162918329,59.92381910018832,60.875511169433594,2851400
2018-08-16,61.09628106477988,61.87102285469725,60.888017211100035,61.61277770996094,2056400
2018-08-17,61.68775689280139,62.537470631570244,61.29621982531756,62.36252975463867,2862500
2018-08-20,62.58746029190606,63.04564338016318,62.495823674254645,62.92901611328125,2697900
2018-08-21,63.25390420751973,63.96200010956767,62.995659037006845,63.812049865722656,2526100
2018-08-22,63.38718510031133,63.54546766704253,62.4874900594035,62.612449645996094,2501400
2018-08-23,62.53748600867163,63.02065980035991,62.479172368689255,62.95401382446289,1608700
2018-08-24,63.18724268740024,63.31220225246108,62.829028657269866,63.03729248046875,2499200
2018-08-27,63.278888461196054,63.97865831366391,63.237239503936614,63.85369873046875,2093000
2018-08-28,63.995325268603985,64.14527551754871,63.51215153803664,63.75373840332031,2423000
2018-08-29,63.92034695669729,64.06196485667886,63.52880988145878,63.978660583496094,1576500
2018-08-30,63.83703995327222,64.05363616041537,63.37886324689167,63.612117767333984,1543200
2018-08-31,63.50378727681323,64.03694198372337,63.4954549469756,63.92031478881836,1967700
2018-09-04,63.895328997344144,63.895328997344144,63.070606158633886,63.645416259765625,2021100
2018-09-05,63.48713414134745,64.64508032645614,63.403829894966094,64.37017059326172,4056400
2018-09-06,64.31189836228101,64.34522135341426,63.237262087859676,63.48717498779297,3288600
2018-09-07,63.303876600264225,63.50381446774359,62.89568124331648,63.13726806640625,2038700
2018-09-10,63.553804561697596,63.845372714197865,63.31221770513764,63.537139892578125,2269000
2018-09-11,63.38720117008993,63.84538431851748,63.14562062533017,63.49550247192383,1479400
2018-09-12,63.47880181059808,64.3618446182273,63.337183956177775,64.23688507080078,2113100
2018-09-13,64.45351409688637,64.97833683713073,64.24525019676736,64.77007293701172,2482500
2018-09-14,64.7700488806663,64.90334077797704,64.42849316058813,64.59510803222656,1829400
2018-09-17,64.57013043256242,64.96999349384575,64.47016148938721,64.7867202758789,1518800
2018-09-18,64.96999711116673,65.48649381276574,64.62844765879206,65.31988525390625,2335300
2018-09-19,65.0782926296225,65.26155948584965,64.30355082370883,64.48682403564453,2744100
2018-09-20,64.92000373310775,65.31987309794802,64.51180839087034,65.29487609863281,2596400
2018-09-21,65.45317288236224,65.60312313232163,64.74507695144095,64.98666381835938,3093200
2018-09-24,64.87836024385983,64.9033572477294,64.09529239342562,64.5451431274414,1962300
2018-09-25,64.78672235625135,65.00331856223173,64.1869277450663,64.3202133178711,2673500
2018-09-26,64.36186304127624,64.49514860249823,63.66209318880838,63.85369873046875,1874700
2018-09-27,64.19524763336223,64.37018850615749,63.71208032761222,63.9703254699707,1541000
2018-09-28,64.00365112854792,64.42017884951095,63.645437034291376,63.795387268066406,2034200
2018-10-01,64.24524258548767,64.92001550810423,63.962000409913045,64.67842864990234,3218000
2018-10-02,64.52014615839697,65.22824842044105,64.25356865169289,64.86170196533203,4086500
2018-10-03,64.99499411801352,65.46983554849777,64.89503151520194,65.4115219116211,2593600
2018-10-04,65.45317514628553,66.3945256417681,64.69509789106017,65.11162567138672,3271600
2018-10-05,65.1949199537042,65.51981106405535,64.53680539907509,65.02830505371094,4116300
2018-10-08,64.54513018634088,65.0532880937076,64.08694720956619,64.89501190185547,2712100
2018-10-09,64.78671485445032,64.89501612275455,63.09561343042944,63.29555130004883,3638500
2018-10-10,63.2622192690606,63.303868219156904,61.054621531322205,61.1046028137207,4197300
2018-10-11,60.896347929475645,61.3128756257863,59.163591187453356,59.313541412353516,4347100
2018-10-12,60.596454397315185,60.663100361703115,59.3135481835379,59.91334915161133,3600900
2018-10-15,59.763392199696135,60.16326158541967,59.4968147277832,59.4968147277832,2559100
2018-10-16,60.121604960994674,61.3628620473537,59.93833176136001,61.28788375854492,3476200
2018-10-17,61.20458453651391,61.904348059293085,60.57146061896944,61.64610290527344,3635300
2018-10-18,61.35452711387157,61.86269138015665,59.921670910950226,60.34653091430664,3092500
2018-10-19,60.446504764273264,61.12128403800852,59.93001442433579,60.204917907714844,3182100
2018-10-22,60.521491856094855,60.57147315929584,59.538485973645614,59.74674987792969,2686800
2018-10-23,58.11395183908941,58.14727482084528,56.68942773649739,57.45583724975586,5546200
2018-10-24,57.422502576506815,57.63076640329587,54.831700062794354,54.98998260498047,5158200
2018-10-25,55.698090161462524,56.356204756422116,55.38985734436733,55.89802169799805,3657700
2018-10-26,55.17325258000912,56.09793806991206,54.61510072634468,55.189910888671875,3507500
2018-10-29,56.14794185227323,56.92268371986142,54.52347981728687,55.25657272338867,3496900
2018-10-30,55.20658056899982,56.58112330012484,55.123276297112234,56.48948669433594,2895200
2018-10-31,57.15594296126225,57.914020222275674,56.50616063590515,56.54780960083008,3606500
2018-11-01,56.97265999732366,58.530475929856124,56.847700412453825,58.27222442626953,3935400
2018-11-02,58.872022609794584,59.113609434446424,57.54746759664727,57.997318267822266,4625500
2018-11-05,58.23889064595072,59.130259433731844,58.08060812802947,58.605430603027344,4503900
2018-11-06,56.23957687434663,59.14693870133489,55.964667042336494,58.755401611328125,4589900
2018-11-07,59.21358955402411,59.29689383722754,57.13095069539109,58.20559310913086,6514300
2018-11-08,57.4641779169219,58.530488064898506,57.4641779169219,58.11396026611328,5343400
2018-11-09,57.34753739123431,57.92234771827682,56.556137210974704,57.05596923828125,4236000
2018-11-12,57.02265875405249,57.3059009902236,55.70643560998466,55.823062896728516,4731200
2018-11-13,56.05630261722441,57.297553471944035,55.37319739484818,55.614784240722656,4877800
2018-11-14,56.256236515563835,57.4724967746086,55.67310021181259,56.14794158935547,4789700
2018-11-15,55.912979188611764,58.09479058210804,55.661236152461235,57.742340087890625,4314800
2018-11-16,57.45702342422694,59.00106768889546,57.38988939474046,58.422054290771484,4732700
2018-11-19,58.145128591277334,58.187082556118995,56.81086702515115,57.44862747192383,6012200
2018-11-20,57.0122664680036,57.154921465923884,55.980101666383,56.315765380859375,3350700
2018-11-21,56.5758934930586,56.961904467796614,56.33253749550057,56.458412170410156,3089200
2018-11-23,55.795487551721166,55.93814895508631,55.09059949757662,55.22486114501953,1888800
2018-11-26,55.61926277230877,56.30737048714909,55.25003205625939,55.904579162597656,3213700
2018-11-27,55.80387524094028,56.282193915486815,55.333949919211,56.01366424560547,2156900
2018-11-28,56.2234676791969,57.12136459350586,55.568926841023604,57.12136459350586,2258200
2018-11-29,56.8528254934404,57.012267200371724,56.2066781166317,56.50038146972656,3108900
2018-11-30,56.34934067168787,56.76891877586685,55.73675382259489,56.65982437133789,3467100
2018-12-03,58.220640987426926,58.69895965143738,57.398271692515294,57.78428268432617,5009600
2018-12-04,57.616464694787545,58.0612164327268,55.03186219997621,55.09060287475586,6547400
2018-12-06,53.85704411153327,53.99130577171744,52.06125039107647,53.5297737121582,8001900
2018-12-07,53.61368816913736,54.436064047761306,52.69061764571503,52.82488250732422,5232300
2018-12-10,52.430482798050484,52.90041145657057,51.30601328037465,52.48922348022461,4061000
2018-12-11,53.462623702461975,53.705979691207965,51.78431183711173,52.262630462646484,3220500
2018-12-12,50.911600114770955,52.145160631919126,50.82768578346731,51.25565719604492,7496900
2018-12-13,51.57453194952717,51.75075395819692,50.76894288035713,50.96194839477539,6478100
2018-12-14,50.45845345966385,51.12977764981743,50.3157952686227,50.718589782714844,6152200
2018-12-17,50.43328655196451,50.525594246533586,48.8976323640826,49.27525329589844,7234700
2018-12-18,49.67804497432393,50.324195597264136,48.780148145321405,49.082244873046875,6674400
2018-12-19,49.08224448751195,50.29901834077669,47.924208107369466,48.40252685546875,5091700
2018-12-20,48.01651600175661,48.36056989574461,47.14379283613402,47.58015441894531,7058300
2018-12-21,47.58015763376897,48.645886402062935,47.496240092292936,47.72281265258789,10205400
2018-12-24,47.269668686512475,47.70602707878749,46.5312103591305,46.56477737426758,3719800
2018-12-26,46.90882919565698,49.10741737157481,46.48085777446158,49.065460205078125,5450900
2018-12-27,48.25986153952403,49.78712844848633,48.04168238174439,49.78712844848633,5717000
2018-12-28,49.9297838628567,50.37453553508983,49.44307182815718,49.61929702758789,4261700
2018-12-31,49.820699540839264,50.24867096835227,49.58573684408807,50.13957977294922,4149400
2019-01-02,49.342380793237666,50.198320447137014,49.12420160355822,50.13957977294922,3341800
2019-01-03,49.795526181070535,50.4752438165053,48.864062340294744,49.05706787109375,5843100
2019-01-04,49.67802987516501,50.26543964485735,49.300409080282385,50.1143913269043,5663500
2019-01-07,50.34936465666709,51.0374723842181,49.913003112174145,50.49201965332031,6251100
2019-01-08,51.003917352055815,51.44867235441459,50.36615999177788,50.9116096496582,3952900
2019-01-09,51.38992033437631,51.9269797195273,51.29761265234228,51.52418518066406,3662600
2019-01-10,51.01230539140587,52.43047819545849,51.01230539140587,52.119991302490234,2836400
2019-01-11,51.935361496867486,52.16193398865234,51.5325670229586,52.04445266723633,2250700
2019-01-14,51.582924006987504,52.04445919953343,51.33956798143783,51.76753616333008,2693600
2019-01-15,51.91858508805788,52.01089276781982,51.25565422646338,51.624881744384766,2649600
2019-01-16,51.6080983448577,51.70040602480921,51.347958810551305,51.50740051269531,2644300
2019-01-17,51.17173981676892,52.32977615875913,51.062648624846446,52.027679443359375,5191200
2019-01-18,52.396903117743136,53.7982953994196,52.396903117743136,53.43745803833008,4507800
2019-01-22,52.9927134346238,53.08501792440986,52.09481658849755,52.87522888183594,5795200
2019-01-23,53.04306441059909,53.32837765620176,51.97733561676342,52.36334991455078,2989300
2019-01-24,52.36334644555799,52.96753671300457,52.25425524681519,52.90040588378906,2974400
2019-01-25,53.6556396484375,53.898998885776834,53.42067696581899,53.6556396484375,2060600
2019-01-28,53.00110172473891,53.051452245592365,52.04446423640977,52.371734619140625,4324400
2019-01-29,52.90040599580692,53.34515774382253,52.606699414127725,53.22767639160156,3200200
2019-01-30,53.93256182206123,55.30039041556142,53.77312651040873,55.124168395996094,5843000
2019-01-31,55.17450733479978,55.30877536869557,54.61227434792867,54.939544677734375,6009000
2019-02-01,55.35072884793973,55.95492219073051,55.006678218004645,55.92974853515625,3806800
2019-02-04,56.01367900222633,56.87800890479143,55.61927454519084,56.7689208984375,6672900
2019-02-05,55.47661888006697,56.4584301326718,54.71298363764947,56.13955307006836,7144500
2019-02-06,56.282200803668154,56.41646885616759,55.594093040241326,56.23185348510742,5068300
2019-02-07,55.80389240598041,56.07242215846038,55.30039992036228,55.66962432861328,4039900
2019-02-08,55.40108986346485,56.06402403400068,55.17452050499871,56.00528335571289,4531900
2019-02-11,56.114364705393264,56.30736700247286,55.795481324084285,56.15631866455078,2706200
2019-02-12,56.68500616880832,57.33115365201032,56.40808307504147,57.12136459350586,2708500
2019-02-13,57.43184709071892,57.549328435725684,57.07100970184008,57.406673431396484,3173700
2019-02-14,57.102389528924896,57.15310651741045,56.17265975360912,56.18956756591797,4359800
2019-02-15,56.73894197292236,57.7954544169556,56.52763948411572,57.736289978027344,3901300
2019-02-19,57.46583686482466,57.65178413142584,57.00097514676347,57.381317138671875,2479300
2019-02-20,57.49118224970104,58.074379222199994,57.37285336375062,57.96450424194336,3851400
2019-02-21,57.62643021701894,57.77856830705745,57.11085149235744,57.25453567504883,2549900
2019-02-22,57.56726864740057,57.95606457510712,57.42358445750858,57.93916320800781,2354900
2019-02-25,58.319502618963064,58.56461434581232,57.95606198238547,58.10820007324219,2785800
2019-02-26,57.778565528724954,58.175815325192396,57.71940107702395,57.76165771484375,2099800
2019-02-27,57.643316029099864,58.03211828085183,57.432013541532136,57.93069076538086,1439100
2019-02-28,57.80391902530422,57.888438746788886,57.440478419322886,57.601070404052734,2626500
2019-03-01,58.01522274039258,58.24343308635656,57.499644045812076,57.812374114990234,2778000
2019-03-04,58.14201549229002,58.353318060681055,57.07704874203527,57.52500915527344,2941100
2019-03-05,57.448942406846314,57.62643578764216,57.22918593367133,57.24609375,2415200
2019-03-06,57.3813180092195,57.47429164393062,57.136206285748536,57.220726013183594,2943000
2019-03-07,57.13620382470385,57.13620382470385,56.13040814919846,56.88264465332031,3593800
2019-03-08,56.15576247072308,56.476939995081025,55.70780213859913,56.290992736816406,3876300
2019-03-11,56.11348076292174,57.02630893776665,56.105026858958546,57.000953674316406,3830700
2019-03-12,57.11930402354135,57.4573893764195,56.83192921664032,56.8995475769043,3048500
2019-03-13,57.21227109907689,57.744751116128484,57.10238966413218,57.40666580200195,3967900
2019-03-14,57.322154592533316,57.48274659147546,56.95026004695864,57.034786224365234,3077200
2019-03-15,57.08548665053829,57.144651095167596,56.56145410636389,56.90799331665039,11044500
2019-03-18,57.00098100830276,58.243441100683114,57.00098100830276,58.14201354980469,4139300
2019-03-19,58.48853992522805,58.6068688306048,57.59261922782071,57.82927703857422,2446800
2019-03-20,57.77011339761149,58.23498156701037,57.20382413557416,57.7109489440918,3903700
2019-03-21,57.48274061160852,58.67448349745041,57.31369472282297,58.53925323486328,3603800
2019-03-22,58.11665035384483,58.26878843520731,56.46003927258755,56.51074981689453,3482300
2019-03-25,56.46003452689058,56.781212027907735,55.927548062658786,56.18956756591797,3626100
2019-03-26,56.72204232185092,57.161548674510435,56.49383201593047,56.865726470947266,2068100
2019-03-27,56.91645255967418,57.02633401419632,56.43468299695092,56.75586700439453,1723800
2019-03-28,56.80657564424257,57.33905573826806,56.629082279567406,57.10239791870117,1782300
2019-03-29,57.66869524023392,57.913800525546904,57.41512959884805,57.871543884277344,3034900
2019-04-01,58.81814875538056,59.35908897712994,58.454714720335865,59.27456283569336,2822400
2019-04-02,59.30839749872688,59.4182789504558,58.74210821891878,59.10554885864258,2726200
2019-04-03,59.50280139727835,60.00147233701863,59.15626210821764,59.81552505493164,2916100
2019-04-04,59.90848832112846,60.14515256089917,59.41827137413494,60.11134338378906,2190000
2019-04-05,60.356452817498365,60.39870945097003,59.79015718269774,60.12824249267578,1981000
2019-04-08,60.44101066400353,60.626958024224265,59.83245801180657,60.610050201416016,2351900
2019-04-09,60.49168087882819,60.50013478459234,59.7901550145402,59.84931945800781,2300700
2019-04-10,60.03526940739603,60.40716389653737,59.68028273054712,60.119789123535156,1750200
2019-04-11,60.238101155093666,60.50856804009941,60.06060786634981,60.3986930847168,1489900
2019-04-12,60.94809013554936,61.19320179536559,60.601550960086364,60.93963623046875,1784900
2019-04-15,60.91430011279987,60.948109295310445,60.424076639059855,60.68609619140625,1395700
2019-04-16,60.89738438797402,61.1002329867696,60.73679242102215,61.007259368896484,1676600
2019-04-17,61.522837738573536,61.734140242230495,61.08332491984029,61.11713409423828,2530600
2019-04-18,61.35378284989158,61.658058926315746,61.11712511232605,61.286170959472656,3219600
2019-04-22,60.948101051107784,61.67498225565734,60.68608798264504,61.47213363647461,2458200
2019-04-23,61.42141371541722,61.90318319327062,61.14249284707025,61.8355712890625,2145300
2019-04-24,61.63273207931203,61.82713328105626,61.193225570960216,61.3031005859375,2740700
2019-04-25,61.04108554784723,61.04108554784723,59.840888535339715,60.246585845947266,2809600
2019-04-26,60.39870900644947,60.626919329592475,60.1282420501458,60.618465423583984,2175100
2019-04-29,60.61846434694414,60.67762879107097,59.536596540944416,60.06907653808594,3209900
2019-04-30,59.92539902790967,60.05218183608504,58.86043246705467,60.00146484375,4805200
2019-05-01,60.09443538025686,60.28038262955158,59.37600810216094,59.401363372802734,2251700
2019-05-02,59.367546867743734,59.67182297476917,58.76744855901034,59.24921798706055,3067100
2019-05-03,59.587327006694444,60.17052418558085,59.587327006694444,60.094451904296875,2516300
2019-05-06,58.944960795177565,59.51125656124327,58.44628984491176,59.291500091552734,3327000
2019-05-07,57.05167110067095,57.82081524335347,56.06277701588495,57.0770263671875,5980700
2019-05-08,56.90799568902436,57.04322594733987,55.95290418076882,56.02897644042969,4312100
2019-05-09,55.454250136404454,56.5276644156582,55.16687527169174,56.460052490234375,2902300
2019-05-10,55.995168833837994,56.755859209570836,54.98936675656671,56.56991195678711,2799700
2019-05-13,55.403532363523084,55.428887638309696,54.21178286101459,54.6343879699707,2737300
2019-05-14,55.1499684958125,55.66554726122729,54.837238383669,55.06544876098633,2151100
2019-05-15,54.532946950680916,55.74159752165066,54.33009835405708,55.40351867675781,2037200
2019-05-16,55.812275428997836,56.076261832428784,55.48867898295321,55.914466857910156,2373900
2019-05-17,55.25875632029996,55.81228192153606,55.07992617165595,55.19914627075195,2689000
2019-05-20,54.86701394180805,54.952170198951826,54.143176010576944,54.415679931640625,3454800
2019-05-21,54.781888764649075,55.88042264696275,54.764853605352,55.63346481323242,3715500
2019-05-22,55.40351369635648,55.514222696906444,55.011789648811906,55.0713996887207,2579300
2019-05-23,54.37311600631205,54.37311600631205,52.79770200398194,53.376773834228516,2950300
2019-05-24,53.955844370100046,54.066550136066,53.12130045794242,53.2490348815918,2630600
2019-05-28,53.44489599363709,53.649275615800896,52.09940791344696,52.11643981933594,3908000
2019-05-29,51.62253660895663,52.19309422258388,51.41816018654139,51.9376220703125,4191700
2019-05-30,52.193081771584374,52.635901579186054,51.9290921030611,52.11643981933594,2125500
2019-05-31,51.46073319213433,51.98870935384217,51.20526106540501,51.29893493652344,3938000
2019-06-03,51.32447696085484,52.150506576349315,51.188224954552005,51.58846664428711,3198000
2019-06-04,52.286750606850035,53.27457831398873,51.963150923053554,53.18941879272461,3262600
2019-06-05,53.7088772885201,54.100601317381965,53.08722743876016,53.89622497558594,5091500
2019-06-06,53.89622325460657,54.02395765202451,52.806204221987805,53.35121536254883,3169800
2019-06-07,53.63224783506933,54.63711086878517,53.50451340383308,54.22835159301758,3463300
2019-06-10,54.637110686656875,55.5227438700193,54.5178840881572,55.03734588623047,2995200
2019-06-11,55.64196448500179,55.897439845988615,54.015457944211185,54.0410041809082,3892500
2019-06-12,53.81107440611005,54.015454030389854,53.08723626510593,53.4278678894043,3710900
2019-06-13,53.79404585197214,53.95584734542254,53.43638554782644,53.81959533691406,2762600
2019-06-14,53.68334461063381,53.74295466274855,52.814736817456506,53.45341873168945,2822300
2019-06-17,53.50451150944621,53.69185598499374,53.240521829964855,53.376773834228516,2968700
2019-06-18,53.78552923207617,54.89257716012428,53.61521341656785,54.46678924560547,3877700
2019-06-19,54.620069049789755,54.75632429075946,53.93880908745994,54.05802917480469,2695200
2019-06-20,55.07140467923578,55.88891665649879,54.49233613171903,55.7867317199707,3797500
2019-06-21,55.77821731046104,56.29767909067025,55.522741960617545,55.888919830322266,4356400
2019-06-24,55.89744268493475,56.11033666423356,55.633456229646995,55.70158386230469,2717200
2019-06-25,55.769700694050684,55.846345899127826,55.4801680231125,55.599388122558594,2093800
2019-06-26,55.803767032209095,56.29768260769139,55.650483112128676,56.076271057128906,2602600
2019-06-27,56.29766781386124,56.58720042181434,55.94851867214597,56.28915023803711,3291100
2019-06-28,56.39986456047271,57.09815641285977,56.255091745813644,56.817134857177734,7115000
2019-07-01,57.82198607881045,57.9667523753831,56.57868644935051,56.80860900878906,2895700
2019-07-02,56.595717568672455,56.70642006552015,55.94000716933251,56.459468841552734,3214500
2019-07-03,56.595740687056036,56.68089698841658,55.84635613927019,56.36581802368164,1596700
2019-07-05,55.75266424060737,56.025168215099285,54.67115942211868,55.69305419921875,2277200
2019-07-08,55.429065857046794,55.91447030151944,55.06289449915947,55.22468948364258,2143400
2019-07-09,54.78188419877008,55.07141691259224,54.32203239122096,54.7137565612793,2254800
2019-07-10,55.105466675572195,55.22468676226702,54.08357511339648,54.24537658691406,2723400
2019-07-11,54.33053678498679,54.73077521227844,54.03248654673727,54.637107849121094,2078000
2019-07-12,55.01180042926181,56.22103661695662,54.92664414084821,55.94002151489258,2595300
2019-07-15,56.093305432840395,56.178461721253996,55.599389864229835,55.94002151489258,1617900
2019-07-16,55.87189196985129,56.91081554510053,55.71860805715864,56.408382415771484,1892800
2019-07-17,56.263606983903834,56.35728083190439,54.994760993269566,55.0713996887207,2174900
2019-07-18,54.90108502284166,55.04585132887978,54.475297183665916,54.69670867919922,3047500
2019-07-19,55.22469266886621,55.87189213515083,55.003281128319976,55.599388122558594,2929200
2019-07-22,55.701571775704906,55.99110440616189,55.3439050303659,55.69305419921875,2216000
2019-07-23,56.03369800026997,56.94488397260192,55.77822262607989,56.92784881591797,2112900
2019-07-24,56.433924280147465,57.379173919028375,56.28064037932873,57.2769889831543,1924400
2019-07-25,57.02151028275317,57.217375559960104,56.45095610111788,56.99596405029297,2204800
2019-07-26,56.97041332788624,57.055569595044666,56.4339165004754,56.76603698730469,2052200
2019-07-29,56.30618496291387,56.74048387155175,55.20765158216979,56.459468841552734,3196500
2019-07-30,56.37432627469573,57.36215751249358,56.033701086360345,57.302547454833984,2298100
2019-07-31,57.31105887723202,57.31105887723202,54.441245845020696,55.250240325927734,6588300
2019-08-01,55.29281395841235,55.60789932626551,53.249030849732,53.44489288330078,4532400
2019-08-02,53.22348725073852,53.22348725073852,52.21011322294585,52.50816345214844,4570400
2019-08-05,51.38407676371014,51.605485011610604,50.277029027201,50.62617492675781,5653500
2019-08-06,50.975315811829454,52.1675196998291,50.472886079110836,51.79282760620117,4068500
2019-08-07,50.796502752162304,50.99236481555446,49.715000990254524,50.73689270019531,3930600
2019-08-08,51.324479085423796,51.80987708100213,50.898691142039006,51.750267028808594,3217600
2019-08-09,51.409635418548206,51.486277378363006,50.44735700460083,50.6517333984375,2948400
2019-08-12,50.42179569929352,50.54101577583513,49.56170568388375,49.63834762573242,2396900
2019-08-13,49.161477463505754,51.5458893894036,49.09335307913947,50.40477752685547,3425700
2019-08-14,49.40843774453291,49.82570814708375,48.548344203063266,48.65904998779297,3880600
2019-08-15,48.76211946124843,49.04556851120163,48.08355474913257,48.45289993286133,4393400
2019-08-16,48.848005212938745,49.89591495635331,48.762112368259714,49.74989318847656,3332600
2019-08-19,50.67755910972848,50.71191756330611,50.11924570720065,50.29103469848633,4095200
2019-08-20,50.153603329759,50.34257154470239,49.758490949970486,49.80143737792969,2531000
2019-08-21,50.5143575750154,50.54871274940947,50.076295516318226,50.21372604370117,2645500
2019-08-22,50.43704840207954,50.64319253729239,49.77566302145122,49.99039840698242,2178200
2019-08-23,49.51797665270523,50.28243403052074,48.69339035800607,48.95966339111328,3765700
2019-08-26,49.35477834343834,49.67258906106772,48.73634268476336,49.20016860961914,3167100
2019-08-27,49.51798426433289,49.57810991385708,48.82224039277882,49.191585540771484,2600300
2019-08-28,48.916726426815416,49.75848883004219,48.65045334224889,49.6725959777832,1730300
2019-08-29,50.41127762448409,50.986770158078905,50.22231271444266,50.79780197143555,2319300
2019-08-30,51.36470310773539,51.51072487243326,51.09843332906585,51.184326171875,2678000
2019-09-03,50.67756082776315,50.67756082776315,49.844386321573545,50.16219711303711,3123600
2019-09-04,50.78063610691076,51.381895996281585,50.78063610691076,51.20151901245117,3244000
2019-09-05,52.07763239388268,53.36604485000426,51.965969063570164,53.11695098876953,3233400
2019-09-06,53.297323428000176,53.58936369102766,52.953748768122104,53.469112396240234,2653500
2019-09-09,53.718205178800915,54.86918698376711,53.60654186015291,54.78329086303711,3505800
2019-09-10,54.86918288763817,55.66799545288086,54.62008907101964,55.66799545288086,3056800
2019-09-11,55.79684276912884,56.149011953117515,55.13546065349696,56.002986907958984,3047300
2019-09-12,55.831201382652395,56.27784811030384,55.3244290079478,55.58210754394531,2408500
2019-09-13,56.32939803124052,56.87052894090092,55.96864409146693,56.30363082885742,2247700
2019-09-16,56.28644283233209,56.61284483921249,56.02017302941761,56.398109436035156,2279400
2019-09-17,56.08890008973274,56.17479295591925,55.27290147794676,55.788265228271484,2217800
2019-09-18,55.461855088744045,55.76248331771617,54.98943461949935,55.75389862060547,3519900
2019-09-19,55.91710822461552,56.29504470252479,55.65083837147345,55.97723388671875,2067500
2019-09-20,56.131843246223184,56.46683001159454,55.410335306409685,55.788265228271484,4119400
2019-09-23,55.31583822043642,56.05452849224592,55.10110282870585,55.77107620239258,2431500
2019-09-24,55.831221558553274,56.071724233677095,54.78331142847971,54.96369171142578,3633000
2019-09-25,54.877781754172496,55.47903829073846,54.7575304468593,55.36737823486328,2329000
2019-09-26,55.38456523026382,55.38456523026382,54.826251799190764,55.13547134399414,1916600
2019-09-27,55.89993052288537,57.377311377701254,54.972271862437424,57.03373336791992,6472400
2019-09-30,57.50614224204508,57.729468911363135,57.22269647110069,57.42884063720703,4904400
2019-10-01,58.382274562482266,58.63995316776918,55.98582618004086,56.04595184326172,7704200
2019-10-02,55.21277055552955,55.48763163306055,54.09614701848454,54.54279708862305,4156500
2019-10-03,54.1992186844852,55.34161269138304,53.941536835866906,55.31584548950195,3202600
2019-10-04,55.281488285392584,56.00299616719028,55.281488285392584,55.99441146850586,3190200
2019-10-07,55.856971424701555,56.252083775910116,55.35019902419634,55.35878372192383,1997800
2019-10-08,54.766118997275036,54.98944238797485,54.19921763069598,54.250755310058594,2502300
2019-10-09,54.697400253889576,55.07533664734041,54.09614049061951,54.6458625793457,2752000
2019-10-10,54.78330486708829,56.200560093702165,54.78330486708829,55.87416458129883,2786400
2019-10-11,56.90488184225749,58.433796864374486,56.66437923921047,57.58344650268555,3737400
2019-10-14,57.214105603984756,57.8754878115728,57.15397994874948,57.729469299316406,2137300
2019-10-15,57.7294712162846,58.76878989312316,57.23987470648123,58.176124572753906,4775600
2019-10-16,57.91844728991127,58.485345484473655,57.78960470603608,57.8239631652832,2580700
2019-10-17,58.23624573044217,58.81173505565444,58.150346324000644,58.45098114013672,2715500
2019-10-18,58.38226614512825,59.11236525132004,58.3393164405032,58.966346740722656,3637300
2019-10-21,59.318511235844,59.91118310118239,59.2154424267104,59.636322021484375,2121900
2019-10-22,59.74798277715453,60.49526441808723,59.22402781394973,60.32347869873047,2188300
2019-10-23,60.34066752068457,60.66706307836808,60.0572151253979,60.606937408447266,2228500
2019-10-24,60.77012789226177,60.81307760039358,59.644916313826535,60.02284622192383,1733300
2019-10-25,60.220405753699005,61.070756239114544,60.04862002744317,60.83025360107422,1945400
2019-10-28,61.216767563373296,61.362792622045845,60.58115258712117,60.97626495361328,2078100
2019-10-29,60.59833893739347,61.173828297746795,60.563980483359764,60.86460876464844,2401200
2019-10-30,60.77012511970943,61.02781025033299,60.00566753291931,61.01062774658203,1796500
2019-10-31,60.770116749854076,61.01061934360231,59.601955677473335,60.25475311279297,2916300
2019-11-01,60.64987397716262,61.66342544555664,60.521031411487805,61.66342544555664,2897400
2019-11-04,62.24750213946822,64.88445273078605,62.09289238104678,62.89170837402344,6537200
2019-11-05,61.92969219635045,63.50155700237611,61.84379934123969,63.38130569458008,6530800
2019-11-06,62.81440547490761,63.776422558171284,62.59108534654704,63.218109130859375,3962200
2019-11-07,63.45860729821833,63.81077652333869,63.192337481413524,63.38130569458008,2532100
2019-11-08,63.31258440637284,63.475785407028994,62.97759770738708,63.45860290527344,2206400
2019-11-11,62.95182512290309,63.46718872701075,62.84874978080005,63.39847183227539,1643100
2019-11-12,63.78499663378616,64.16292643173533,63.467185924571105,63.621795654296875,2310100
2019-11-13,63.13223750393757,63.38992272727743,62.92609325719014,63.20095443725586,2509600
2019-11-14,62.560950127474456,63.34793791573931,62.500413112841755,62.89823532104492,1990300
2019-11-15,63.469017665145074,63.73710924010309,63.12308900833582,63.590091705322266,1924800
2019-11-18,63.261478327378,63.391202429640735,62.91554958735803,63.192291259765625,1590600
2019-11-19,63.633334246375796,63.633334246375796,63.002013962919015,63.37388610839844,2045200
2019-11-20,63.10577693469726,63.31333142835879,62.53499382958008,62.9155158996582,2073800
2019-11-21,63.079856091851084,63.650632803824585,62.725277381440876,63.61603927612305,2015500
2019-11-22,63.72846195617064,63.7803489422424,63.330646334193986,63.702518463134766,2333100
2019-11-25,63.99655502302004,64.32518360595192,63.71981342738264,64.29924011230469,1900900
2019-11-26,64.35112237247822,64.38570929256085,63.90141323493674,64.36841583251953,1984500
2019-11-27,64.36844042175706,64.45492095107774,63.88414417912807,64.37709045410156,1505100
2019-11-29,64.13491729247038,64.26463473678484,63.728451705514686,63.87546920776367,1086900
2019-12-02,63.95329369391218,64.64515078974009,63.39981065646516,63.44305419921875,2017500
2019-12-03,62.84635492144043,63.010672537642876,62.18044762079667,62.79446792602539,2119800
2019-12-04,63.36525964456828,64.16089781786182,63.200948587576,63.564170837402344,2463600
2019-12-05,63.98791055363488,64.0916911352835,63.46037081015894,63.97926712036133,2970000
2019-12-06,64.77491319903046,65.03435481515612,64.54140848667099,64.93922424316406,2891700
2019-12-09,64.98244816864292,65.32837681695197,64.8959676560757,64.99974822998047,2913100
2019-12-10,64.81812815306003,65.06028281645209,64.44625602468642,64.47220611572266,4268900
2019-12-11,64.76627043523435,65.52730849854898,64.47223525101379,65.49272155761719,2237400
2019-12-12,65.44079708332373,66.69478753701925,65.26783606807459,66.5650634765625,2496500
2019-12-13,66.18453889575987,66.79855905480562,65.37160763824376,65.70889282226562,3425600
2019-12-16,66.21915806143431,66.55643677803249,65.86458587646484,65.86458587646484,2276100
2019-12-17,66.25372685931275,66.25372685931275,65.7434806592998,65.85591125488281,10667300
2019-12-18,66.1240331010471,66.14133316892845,65.40623203895247,65.76081085205078,2664200
2019-12-19,65.77807262200463,65.96833368875252,65.48403759015025,65.80401611328125,2226900
2019-12-20,66.52183486093001,66.5477783592389,65.78674048399913,65.95970153808594,5460200
2019-12-23,66.10670824675103,66.46993032330604,65.91644717863949,66.40939331054688,1458300
2019-12-24,66.58235556532792,66.58235556532792,65.79537438472744,65.81266784667969,489700
2019-12-26,66.02887669067927,66.30561828613281,65.78672861941244,66.30561828613281,877400
2019-12-27,66.4699213510638,66.47857137973024,66.01156880232237,66.167236328125,992700
2019-12-30,66.27103097845293,66.42669855287534,65.82997834929004,66.10671997070312,1254000
2019-12-31,66.03753796024696,66.37481663091909,65.75214628566557,65.95105743408203,1655600
2020-01-02,66.21913856476156,67.02341986708824,65.96834045994571,67.0061264038086,2532300
2020-01-03,65.72620955657064,66.16726886288882,65.34568728460656,66.08943176269531,2672600
2020-01-06,65.62241200270246,66.6688413822262,65.50998799595766,66.6342544555664,3787200
2020-01-07,66.19317582799779,66.98015684022371,66.0461583397193,66.79854583740234,2497000
2020-01-08,66.6861377155939,67.25691434613461,66.45263308643285,67.03206634521484,2554300
2020-01-09,67.24827390733472,67.30016089477353,66.61695363532213,67.28286743164062,2309100
2020-01-10,67.41257755668535,67.43852764561801,66.4439853737935,66.53911590576172,2628900
2020-01-13,66.7207291593171,66.97152724302632,66.54776155087646,66.92828369140625,1964500
2020-01-14,66.78993473186543,67.07531981839601,66.40076245343772,66.47859954833984,2280200
2020-01-15,66.47857758344543,66.83314961539388,66.00292493298367,66.29696655273438,2368000
2020-01-16,66.6688654869457,67.3607230350122,66.59968501057311,67.34342956542969,2438800
2020-01-17,67.31746622021485,67.78446898357704,67.16180523046873,67.26557922363281,5008300
2020-01-21,66.96290332705692,67.14451443821396,66.31428938804942,66.80723571777344,3146300
2020-01-22,67.26557068286361,67.28287074488854,66.47858940978087,66.60830688476562,3024300
2020-01-23,66.2537540426355,67.205053191194,65.75215766679912,67.10127258300781,1819600
2020-01-24,67.30879934707222,67.30879934707222,65.92509160305843,66.33155059814453,2037700
2020-01-27,64.89595275327127,65.06027030804297,63.76304312331137,63.77168655395508,3566000
2020-01-28,64.10032431462604,64.76623139385919,63.65061517708455,64.36841583251953,4289700
2020-01-29,64.84408325198206,64.86137671596853,63.88413434874249,63.91872787475586,3087500
2020-01-30,63.13175497977378,63.87549947039256,62.82906980290382,63.84955596923828,2659400
2020-01-31,63.399836592910034,63.73711525064404,61.57506918925122,61.94694137573242,4309900
2020-02-03,62.3533918274092,63.42576456390133,62.0420567429374,62.78580093383789,3933500
2020-02-04,64.4635454039838,64.65380645181769,63.1057811784878,63.33927917480469,3781100
2020-02-05,64.51545840685567,65.86457974571269,64.46357140852939,65.73485565185547,3944300
2020-02-06,66.27101476747384,66.27101476747384,64.78353304001642,65.07756805419922,2241700
2020-02-07,64.80949190890601,64.80949190890601,63.65928187287133,63.79764938354492,2283700
2020-02-10,63.52955404829025,63.78900218780607,62.93282728622804,63.469017028808594,2753100
2020-02-11,63.88414950345799,64.5760003937262,63.73712533351372,63.84955596923828,2729800
2020-02-12,64.47221161905385,65.36297347750866,64.25600702824286,65.20730590820312,3358000
2020-02-13,64.72847516524492,64.85035744099456,63.022116662664054,63.6750602722168,3549800
2020-02-14,63.60542216527404,63.9971923828125,63.213658589822586,63.9971923828125,2797100
2020-02-18,62.90893394001974,63.300697397718075,61.55080689302319,62.19504928588867,4292400
2020-02-19,62.56939579111891,63.18751478416173,62.31692353050973,62.56068801879883,2961400
2020-02-20,62.473625134840475,63.39644966310227,62.25597733914978,62.699974060058594,2338200
2020-02-21,62.221196960598235,62.76966740302213,61.81201775218066,62.76095962524414,2593400
2020-02-24,60.567047491193065,60.897869854212296,60.070810625621355,60.23622512817383,3592000
2020-02-25,60.39293405365448,60.67152306477659,57.73762735226718,57.98139190673828,4330300
2020-02-26,58.56468148297876,59.731277431338626,57.95527015016154,58.007503509521484,4798800
2020-02-27,56.63198071491764,58.94775069123271,56.039978218957536,56.04867935180664,4641700
2020-02-28,54.368436049866055,55.90938329599109,54.072434827654874,55.81361770629883,6472800
2020-03-02,56.1879720571339,57.920447154393116,55.29996839419467,57.72021484375,4778500
2020-03-03,57.650559340132666,59.113153050485806,55.03007755864897,55.491493225097656,5142200
2020-03-04,56.34468468945991,58.277398942109215,56.074803441560924,58.042335510253906,4313400
2020-03-05,56.16185474884679,57.89432982673508,55.944206892355304,56.35338592529297,4692900
2020-03-06,54.69055130492335,55.77008277763793,53.29760639785854,54.098548889160156,7721400
2020-03-09,47.88252679302131,49.623709585494815,43.81686656669614,43.84298324584961,12610600
2020-03-10,45.723456480212015,46.898753432645755,43.329330352553235,46.89004898071289,10773500
2020-03-11,44.97475564897808,46.228406182512586,44.347928721689364,45.39263916015625,11699200
2020-03-12,41.38792743558187,45.148883061325726,39.28109393612669,40.203922271728516,8994600
2020-03-13,42.484864394196514,43.816871643066406,39.437794154351884,43.816871643066406,12188100
2020-03-16,39.106969053687905,42.18886379760315,37.81849401680063,40.88297653198242,10564100
2020-03-17,41.492394520532436,41.78839579022157,39.31591557312506,41.283451080322266,8578000
2020-03-18,38.297331444817345,38.784860685359554,33.08248555069802,35.81614303588867,10350000
2020-03-19,35.27637446995689,41.76228300267909,34.21425158177509,40.06462860107422,7000900
2020-03-20,40.482505775905004,41.892863111754146,37.626966646273885,38.38438034057617,7373600
2020-03-23,37.29614473230055,37.43543925715987,32.86483330134384,33.152130126953125,7546200
2020-03-24,35.598479540800746,38.950258209333384,34.962948257920054,38.567195892333984,5697900
2020-03-25,38.95896804788458,43.477336554399,38.4801434064767,41.44886016845703,6407000
2020-03-26,42.389105299908024,42.97240341937425,40.24745068560316,42.48487091064453,6629700
2020-03-27,40.20391406624993,40.952623256527296,39.26367369119197,39.68156051635742,5209500
2020-03-30,40.01238223846862,40.900385915849924,39.402967559358764,40.595680236816406,4569000
2020-03-31,40.31709926139211,41.90157574975281,40.23003810645589,41.48369216918945,4995700
2020-04-01,39.01991589445067,39.97756534194019,37.9142641455602,39.78603744506836,4608100
2020-04-02,39.64674266911972,42.34557532848045,39.56838929147152,41.55333709716797,5714100
2020-04-03,41.596864235736994,42.38910243319264,39.49873868064832,39.80344772338867,4738900
2020-04-06,42.18886941920791,43.35546233145093,41.64039908571534,42.99851989746094,3850100
2020-04-07,45.531930755894976,46.49828776673246,43.68627786914029,43.78204345703125,4636800
2020-04-08,44.086755732607806,46.04558672774886,44.086755732607806,45.357818603515625,3722600
2020-04-09,46.585354307524,48.004419522654715,44.00840400990803,45.07923126220703,3978600
2020-04-13,44.79193028032213,44.92251700377842,43.54698425465731,44.565574645996094,3613000
2020-04-14,45.54934599616647,45.57546267784893,43.433808432770974,43.9561653137207,3872400
2020-04-15,42.432633627063545,42.789576029879996,40.552156011071915,41.71004104614258,4022100
2020-04-16,41.75357845125357,42.014755305278555,40.34322078268354,41.23992919921875,5423800
2020-04-17,42.641574597410276,44.147697611358915,42.641574597410276,43.999698638916016,5357600
2020-04-20,42.902747311375094,45.07052156994591,42.34556929242887,44.33051681518555,5376300
2020-04-21,43.529579982825226,44.8006429212733,42.76345844523535,44.19993591308594,7351700
2020-04-22,45.56675172672776,45.897577372050996,45.00086601665189,45.36651611328125,3726500
2020-04-23,45.79310376667324,47.17734414858705,45.79310376667324,46.06298828125,4729000
2020-04-24,46.60275991763356,47.17735014995237,45.81052181972366,46.85523223876953,5052900
2020-04-27,47.00323923176007,49.17101033083024,47.00323923176007,48.77924346923828,2852100
2020-04-28,49.94583427465211,50.851250247102925,48.9098315676059,50.08512878417969,3973300
2020-04-29,51.36490495288103,51.93949528222406,50.825139084963254,51.425846099853516,2902000
2020-04-30,50.61618691575715,50.79030587183749,49.37994863756814,49.64982986450195,4807900
2020-05-01,48.63994934713618,48.74442272510033,46.47217823055024,46.82912063598633,4095900
2020-05-04,46.30675931212709,47.29052860775898,45.48840452204282,47.26441192626953,4255100
2020-05-05,48.27430447325009,48.526776832151214,47.53429962692371,47.621360778808594,3124100
2020-05-06,47.447238747761716,48.004416799854766,46.81170732452789,47.51688766479492,3597600
2020-05-07,48.63123977578066,48.97076991583022,47.934767267852976,48.108882904052734,2763800
2020-05-08,49.049126685460955,49.14489228464447,48.49194864044027,48.84018325805664,2938200
2020-05-11,48.988174719293454,49.09264474938901,48.11758338606494,48.77052688598633,3662500
2020-05-12,48.97077364689422,49.25807044639004,46.50699801864755,46.524410247802734,2893900
2020-05-13,46.341581626945285,46.48958389764724,44.72228102856032,45.18369674682617,3649400
2020-05-14,44.12882806862825,46.96819245697151,43.979386072742315,46.92424011230469,4718500
2020-05-15,46.54624517893593,47.873624802753795,46.43196639701285,46.537452697753906,8300000
2020-05-18,48.32194946999282,49.95700228992461,48.32194946999282,49.59658432006836,4306100
2020-05-19,49.25374552255083,50.24708455988316,48.68235836291715,48.96365737915039,2672600
2020-05-20,49.67569800978739,50.72178195362076,49.62295653587919,49.93941879272461,3218900
2020-05-21,50.00095250143773,50.14160202008155,49.16584451739987,49.4471435546875,2602900
2020-05-22,49.552620597954636,49.693270090322436,48.66477130613574,49.11309051513672,4231700
2020-05-26,51.21404926765879,52.43594584576516,50.80089322577199,52.10190200805664,3461700
2020-05-27,53.64904083263269,54.5368934777495,53.095235342724465,54.405033111572266,4238800
2020-05-28,54.774251185703854,54.862155878674116,53.191939885446395,53.649051666259766,3073400
2020-05-29,53.03371217348696,53.84244608051737,52.330461215470315,53.640262603759766,4713000
2020-06-01,53.455663803683166,53.824867559813384,52.84910998525596,53.09524917602539,2294900
2020-06-02,53.49081491714314,54.229225661911855,53.13919282885011,53.75453567504883,2580100
2020-06-03,54.71270890904053,55.52144269208877,54.50173298330918,55.31046676635742,2987700
2020-06-04,54.90610310711298,55.521445960593205,54.42262063414594,55.49507522583008,2606600
2020-06-05,58.06193036579546,59.33656500545598,57.52570309365482,58.98493957519531,4348300
2020-06-08,59.77611089505682,61.00679687247133,59.58271652203038,60.94526290893555,3853700
2020-06-09,59.51238434131555,59.88159479365119,58.72123537400667,59.345367431640625,3094800
2020-06-10,59.10801340361254,59.10801340361254,57.587242822109154,57.91249084472656,3717700
2020-06-11,55.06433917569994,55.521450955023326,53.09524589145205,53.147987365722656,4186200
2020-06-12,55.117080845970506,55.21377801439282,52.53264144758824,53.93034744262695,3067700
2020-06-15,52.20739878458643,55.24894708992035,52.04916763775639,54.73909378051758,2756900
2020-06-16,57.27957819484896,57.47296584689806,54.958855949925194,55.78517150878906,2904600
2020-06-17,55.943402289216806,56.03131033960749,54.932484859843335,55.020389556884766,2165100
2020-06-18,54.32592975133921,55.204990114154896,53.67542696073114,53.96551513671875,2696400
2020-06-19,55.011591908163766,55.011591908163766,53.15677424906559,54.484153747558594,9674800
2020-06-22,54.01825674489545,54.36987885704703,52.9721728293733,54.009464263916016,2744500
2020-06-23,54.747884309775785,55.02039425925334,54.13254467119668,54.3435173034668,2080300
2020-06-24,53.622669319490136,53.78090041525814,52.30407909032235,52.418357849121094,3896700
2020-06-25,52.12827969409992,53.10403724926808,51.57447071756003,53.051292419433594,2337700
2020-06-26,52.646915102582774,53.06886359827373,52.10189871481719,52.62933349609375,4462100
2020-06-29,53.42928784387806,53.95672607421875,53.068873228819044,53.95672607421875,2001500
2020-06-30,53.83365163470309,54.75666423423567,53.55234926727485,54.528106689453125,2589900
2020-07-01,54.58085551628486,54.79183146899657,53.55235319600744,53.807281494140625,2486500
2020-07-02,54.71271076931327,55.767580373790615,54.1413202724308,54.19406509399414,2327700
2020-07-06,55.275320383989985,55.415969917655126,54.35230760972817,54.95006561279297,2543800
2020-07-07,54.5808501072705,54.72149961069014,53.29742296939776,53.46444320678711,2977800
2020-07-08,53.7105904287928,53.92156640549127,53.20073712790801,53.70180130004883,2624600
2020-07-09,53.60508935683928,53.798483669448885,52.17222032496037,52.2777099609375,2039700
2020-07-10,52.4623272974051,52.68209240727917,51.92609989277647,52.54144287109375,2331000
2020-07-13,52.79636306224086,54.448994019249305,52.63813193926255,53.47323989868164,3155700
2020-07-14,53.05128615738333,54.739083626021944,52.594177766170624,54.58085250854492,2889400
2020-07-15,55.8027480716443,56.22469661800648,55.002803323746406,55.934608459472656,2262600
2020-07-16,55.591772326352746,56.34776133325509,55.196194538622656,55.50386428833008,2493400
2020-07-17,55.91702901280415,56.18953557327358,55.565403533899556,55.846702575683594,2091300
2020-07-20,55.23135047129784,55.71483287995222,54.536892152556064,54.80939865112305,1936500
2020-07-21,55.47749508598593,56.48841575440308,55.380797918164426,56.07525634765625,2509100
2020-07-22,55.85549717887318,56.277442404229284,55.539034906506885,56.224700927734375,2143300
2020-07-23,56.171960504473475,56.55874251718573,55.934613795748454,56.26865768432617,1659300
2020-07-24,56.470832469138244,56.54995138456685,55.59177551197952,55.697261810302734,1427700
2020-07-27,55.521445872559006,55.91702366012255,55.16103130018973,55.7412109375,2496600
2020-07-28,55.45113394125274,55.75001127043232,54.668767335993365,54.73909378051758,2341100
2020-07-29,55.16981762924101,56.16315661133233,54.87093702194577,56.03129959106445,2749100
2020-07-30,55.19619564894061,55.319263551299194,54.19406746876491,55.07312774658203,2103400
2020-07-31,54.774245508028606,54.783034635074955,53.42928104222331,54.51052474975586,3472300
2020-08-03,54.82700526941039,55.95220504763099,54.69514819963015,55.17863082885742,2822800
2020-08-04,55.19619701452351,55.92581531942147,53.98309286218539,54.44020462036133,3501200
2020-08-05,55.4950778373112,57.11254892809029,55.1961972003189,56.86641311645508,3171200
2020-08-06,57.138906583152604,57.42020554729412,56.7521179924469,57.2443962097168,2060500
2020-08-07,57.43778599914231,58.37838678197938,56.840031545797494,58.343223571777344,3830900
2020-08-10,58.3783921438673,60.25958046893003,58.36080718380287,59.925533294677734,3431700
2020-08-11,61.48147287825994,62.88796786479279,61.45510214518387,61.78914260864258,5554800
2020-08-12,62.369316829856174,63.21322050105225,61.80671885352339,63.107730865478516,6259200
2020-08-13,62.532362000719814,63.036940533633434,61.94811637227476,62.142860412597656,3635500
2020-08-14,61.567442875085,62.240209465047315,61.434657684998776,61.726783752441406,2018400
2020-08-17,61.956952722374155,62.41727392694119,61.11599090204083,61.30188751220703,1435000
2020-08-18,61.000911146989104,61.47007972521802,60.45206873739371,60.514034271240234,2302500
2020-08-19,60.77073321985146,60.95662976836195,60.10681408071339,60.478607177734375,3145700
2020-08-20,59.91208020581267,60.168796488798634,59.67307222026665,59.894378662109375,2830600
2020-08-21,60.009445609542,60.23075201461315,59.673062305178625,60.0714111328125,2730400
2020-08-24,60.398956387427454,61.655975341796875,60.14224010738245,61.655975341796875,2539100
2020-08-25,62.22252034915539,62.39956280213136,61.17795366762914,61.771053314208984,2094900
2020-08-26,61.85071481672872,62.59430107548997,61.11597595123701,62.20479965209961,2901700
2020-08-27,62.603153455807295,63.019210554735636,61.19564128610791,61.60284423828125,2122700
2020-08-28,61.620563167367735,62.7890608525082,61.31958290936534,62.54119873046875,2049600
2020-08-31,62.4084169012117,62.488083978866456,61.31073883541396,61.49663543701172,2387300
2020-09-01,61.48777958177845,62.116289051757384,61.1159863889013,62.08087921142578,2255600
2020-09-02,61.779901174544186,62.824467749746404,61.70908149906771,62.585453033447266,2880900
2020-09-03,62.71823322739256,62.92183808969207,60.354682465457266,60.850406646728516,2243200
2020-09-04,61.75334065075039,62.45266969543268,60.77073968007208,61.558589935302734,2236400
2020-09-08,60.81499472178383,61.11597493130859,59.84124793329353,59.982887268066406,2716700
2020-09-09,60.70876444844105,61.558580090521986,60.46090239705091,60.81498718261719,1671800
2020-09-10,60.956634615630584,61.23105238710089,59.487156895692856,59.76158142089844,2226900
2020-09-11,60.115683397504135,60.62026180043309,59.743883452922454,60.12453079223633,2253600
2020-09-14,60.57598909122395,60.92122654069889,59.95633386235496,60.3635368347168,2684300
2020-09-15,60.65566482171794,61.558598859928686,60.496323918135836,60.55829620361328,2233600
2020-09-16,61.018597188620525,61.36383461144669,59.77042592629903,60.79729080200195,3143600
2020-09-17,60.133393128554374,61.4169679280853,59.513737726105795,61.16025161743164,2398200
2020-09-18,60.841567820093424,61.62941818500504,59.97404362698163,60.062564849853516,3503600
2020-09-21,58.86749721940402,59.2127346327228,56.787218593224665,57.52195739746094,2767600
2020-09-22,57.39802666454303,58.141619706425736,57.08819904448173,57.74327087402344,2114200
2020-09-23,58.053101423982056,58.70816653284883,56.42428604588085,56.55706787109375,1918600
2020-09-24,56.39772962238798,57.62819282877943,55.91085615338772,56.99968338012695,1646100
2020-09-25,56.380027837815234,57.22099299114169,56.30921153248547,56.94657516479492,1847500
2020-09-28,58.02653955239147,58.62849321779046,57.70785780284287,57.999977111816406,1949300
2020-09-29,58.19472681233654,58.380623370730895,57.282945560039664,57.68130111694336,1379200
2020-09-30,58.08852592882199,58.99145337423665,57.566239136422595,58.04426193237305,2687100
2020-10-01,58.62849794749303,58.72586655584903,56.79608111663072,57.21213150024414,2314800
2020-10-02,56.1055978315566,58.69930565693181,55.99936833132075,58.01768493652344,2090100
2020-10-05,58.86750851322632,60.05370769861682,58.69931347056442,59.832401275634766,2295300
2020-10-06,60.000573185572364,61.1956260581855,59.46058518138517,59.557960510253906,2160900
2020-10-07,60.38123898448849,61.14253356119909,60.08026551421179,60.97433853149414,1883300
2020-10-08,61.284172946804055,61.59400056458657,60.814997692749905,61.32843017578125,1627100
2020-10-09,61.965780391658996,63.02804821116523,61.88611334437637,61.92151641845703,3006300
2020-10-12,62.231365312637486,62.38185205082903,61.266465851247624,61.59400177001953,1999800
2020-10-13,61.65596966312156,61.94809575699856,60.59369480004225,60.98319625854492,1879000
2020-10-14,61.151390393985885,62.089727435156874,61.151390393985885,61.416954040527344,1914100
2020-10-15,60.56713678386046,61.61170331120973,60.46976142297518,61.59400177001953,2020600
2020-10-16,61.96581807562958,62.67400155513205,61.85074113054915,62.213680267333984,2848200
2020-10-19,62.25792918079805,62.612020834744,61.73564247163704,61.93039321899414,3219500
2020-10-20,62.31103106228818,62.93068629689016,61.73563305659461,61.96579360961914,1882800
2020-10-21,61.42580129022677,62.24906133415322,61.16023091977241,61.26646041870117,2525600
2020-10-22,61.58514284005149,61.85071321343084,61.266461093490314,61.75333786010742,1556800
2020-10-23,62.39069200668146,62.76248507072733,61.69136309836617,61.983482360839844,2044800
2020-10-26,61.239907585344994,61.239907585344994,59.35437947923142,59.95633316040039,2515000
2020-10-27,59.81469010263067,60.239601337984794,59.16847247992721,59.23929214477539,3109900
2020-10-28,57.734416174613926,58.55767627361086,57.08819849860611,57.53081130981445,3326000
2020-10-29,57.12361620239539,57.98228625501404,56.787232850886994,57.043949127197266,4505500
2020-10-30,57.017387890919345,57.37147275123843,56.34461449958865,57.3537712097168,3902900
2020-11-02,58.33637599960256,60.505176300986605,58.19473664333547,60.15993881225586,5200400
2020-11-03,60.372384829691214,62.735942377607415,60.257307929964824,62.31988525390625,4692000
2020-11-04,60.78845470801321,61.8949869697161,58.86751632259386,60.32814025878906,4053500
2020-11-05,61.84187814865977,63.05463998915853,61.23107015365668,62.381866455078125,2700700
2020-11-06,62.46151615571593,62.585447199379225,61.57629055598646,62.072021484375,2348900
2020-11-09,66.39192496252056,68.65810050671246,66.39192496252056,67.53386688232422,6659400
2020-11-10,67.7728694072521,68.96792936375923,67.25058954787755,68.55187225341797,3291200
2020-11-11,68.32171926132145,68.5164699943947,66.19717624720532,66.30340576171875,3441200
2020-11-12,66.3256944349487,66.61980356082934,65.47902406604861,66.15636444091797,2387300
2020-11-13,66.49502751404313,67.6625429005788,66.49502751404313,67.56450653076172,1788800
2020-11-16,68.83004429169802,69.64106416110748,68.18835435570213,69.50737762451172,2742300
2020-11-17,69.29350068264056,69.40935875040209,67.57341737120397,68.0814208984375,2269800
2020-11-18,68.42898697195056,69.61433054341272,68.09923454350255,68.52702331542969,2559500
2020-11-19,68.3398543909229,68.94589405780536,67.63577839560512,68.83894348144531,1563300
2020-11-20,68.62508144398848,68.66964590501871,67.26149325128132,67.69819641113281,1810700
2020-11-23,68.2863974259599,69.50738447490728,68.19726852639204,69.34696197509766,2205800
2020-11-24,70.39863446894914,71.46812030141884,69.97084557562675,71.25421905517578,4222500
2020-11-25,70.69273825065756,70.81751056843045,69.70346716004289,69.74803161621094,1658700
2020-11-27,70.16690083387589,70.48773902412954,69.37369580931212,69.65889739990234,664100
2020-11-30,69.51630254234031,69.51630254234031,67.70709729487642,68.46464538574219,2724600
2020-12-01,69.47173855839591,69.81931952948409,67.42190293397601,67.52884674072266,3076700
2020-12-02,66.44154138975426,67.86751537352534,66.39697694043193,67.64470672607422,3035300
2020-12-03,67.68034513674344,68.06357621558963,67.16342753279666,67.27037811279297,2582700
2020-12-04,67.4753669194451,71.69090932994233,67.35950887587134,71.38788604736328,5503000
2020-12-07,71.14725430970397,71.27202660019695,69.73910211747746,70.55903625488281,4038900
2020-12-08,69.71235683008872,72.61778291857105,69.61432050075247,72.49300384521484,3918000
2020-12-09,72.51977414849846,73.08124959387031,71.94938445173233,72.7247543334961,3746700
2020-12-10,72.50194237742554,72.93864548191767,71.86916654858717,72.51085662841797,2990200
2020-12-11,71.82460518311271,73.66055339040722,71.74439731947392,73.45556640625,3870800
2020-12-14,73.81204877588434,74.09724357387597,71.58396229170576,71.66417694091797,3428200
2020-12-15,73.74966924484174,73.9368277103593,72.06523625560277,73.473388671875,3103900
2020-12-16,73.05451409451153,73.41991680897551,71.82460577853536,72.43955993652344,1852800
2020-12-17,73.00994455624237,73.25058173157124,71.69092101588218,72.33261108398438,2528200
2020-12-18,72.28803429248401,72.64452946943129,71.35223530294493,72.10087585449219,5390200
2020-12-21,70.43428321340159,72.32370338513851,69.88172200437434,71.8067855834961,3195300
2020-12-22,71.56614357732116,71.74438778365949,70.45210028875502,70.70164489746094,2860600
2020-12-23,71.28985340553083,71.69091305334051,70.70164210815582,71.31658935546875,2551100
2020-12-24,71.73547724315526,71.73547724315526,70.88880701989302,71.28095245361328,456600
2020-12-28,71.78896226895043,72.44847408407873,71.16509386040717,71.18292236328125,1736300
2020-12-29,71.76220866997052,71.79785887074969,69.90844582651768,70.62142944335938,1318300
2020-12-30,71.00464964923609,71.50374558357441,70.79966952585134,71.13833618164062,1169900
2020-12-31,71.4057313492802,71.72657640653324,70.50558233867687,71.6285400390625,1239800
2021-01-04,71.81568786809447,72.15435457847026,69.30240649219894,69.52521514892578,2227700
2021-01-05,69.6767136815092,71.07595157853287,69.52520544797446,70.7283706665039,2687600
2021-01-06,71.53050391302808,74.07943587670749,71.48593945508857,73.10798645019531,3791000
2021-01-07,73.69619893894634,74.1239877838146,72.5465053690436,73.14363098144531,2435600
2021-01-08,73.58923276312741,73.67835485365973,71.83349970136437,72.92080688476562,2156900
2021-01-11,72.00284338863457,74.07942161657738,71.75329879120598,73.63380432128906,1749700
2021-01-12,73.63380967285016,75.11325566494882,73.54468076765055,74.83697509765625,2646300
2021-01-13,75.02413645446093,75.25585937767653,73.46447574741251,73.6516342163086,2189200
2021-01-14,73.86553787332844,74.78351543018493,73.63382172072257,74.27550506591797,1883200
2021-01-15,74.83697936550244,74.83697936550244,72.88517318311179,73.74967193603516,2926900
2021-01-19,75.75495112770645,76.10253212420824,74.34679863955074,74.355712890625,2981000
2021-01-20,74.50720473390815,75.50538984712868,74.16853806314859,75.2112808227539,2377900
2021-01-21,75.32714456452841,75.64798956093549,74.6319826721732,75.09542846679688,1796500
2021-01-22,74.45374063966537,75.09543065114475,73.33969736961934,74.62307739257812,2432200
2021-01-25,74.19528085707475,74.4180895082972,72.66235624873146,73.509033203125,2137500
2021-01-26,73.95466477457694,74.0081366853216,72.78714259319185,72.98321533203125,2010900
2021-01-27,71.42352419615983,72.08303574757714,69.8103921097387,70.87095642089844,4835500
2021-01-28,71.6998397239521,73.51795960249142,71.138364226002,72.26132202148438,2530300
2021-01-29,71.8691529085919,72.65343685754684,70.36296435704647,70.7194595336914,3545400
2021-02-01,71.56614016844439,72.61779725474096,70.65707708051025,72.02957916259766,3674900
2021-02-02,74.30221522545438,75.58558815241544,73.97245604583537,74.66761779785156,4023200
2021-02-03,74.50721369683252,74.6230785504466,73.1347115508901,74.5785140991211,3728700
2021-02-04,75.31824793008886,75.87080910357572,74.62308593790779,75.00631713867188,4457100
2021-02-05,75.79059610718419,77.18983424779782,75.38953643146843,76.74421691894531,3833100
2021-02-08,77.13636189184722,77.5998009193205,76.45010740167352,77.109619140625,3248500
2021-02-09,77.02049160711614,77.10961370616678,76.15599296720639,76.55705261230469,1565700
2021-02-10,76.89572565093403,77.02941221032667,75.7192961675243,75.80841827392578,2540300
2021-02-11,76.46740299865853,76.8529230628216,74.98808150407037,76.3508529663086,1622400
2021-02-12,75.83083202339085,76.7273894882968,75.81289704358599,76.50325012207031,1400800
2021-02-16,77.10396343773864,77.2832722445401,76.13567946454874,76.2701644897461,2751300
2021-02-17,76.14463446586137,76.57498510785787,75.49911192296234,76.0908432006836,1835400
2021-02-18,75.71427852710475,75.87565915153976,74.99703662754204,75.65151977539062,1334800
2021-02-19,75.98323716159014,77.21152322183288,75.87564781464519,76.61082458496094,2461800
2021-02-22,76.60187216527602,77.90187775628077,75.60669282974358,77.25635528564453,2044000
2021-02-23,77.06807050522394,78.1439434505577,76.65565493691247,77.82118225097656,2665000
2021-02-24,78.04532737165403,79.88326600737821,77.94670550669136,79.76671600341797,2827300
2021-02-25,79.31843877740097,79.46188441264924,77.90187636330026,78.2963638305664,2783000
2021-02-26,78.32326297218141,78.78946985788416,76.98739422565372,77.01428985595703,3235700
2021-03-01,78.0632558999561,79.94602515284926,77.92877091613721,79.29154205322266,1844700
2021-03-02,79.19292485343729,79.67706671959436,78.40394988331873,78.5653305053711,2024900
2021-03-03,78.74465061537899,80.26879570186138,78.35016310773786,79.37223815917969,3487400
2021-03-04,79.30946911773246,80.6184421394406,77.78532422894375,79.33636474609375,3805000
2021-03-05,80.50190737498738,81.82880878671376,78.95085972404341,81.62260437011719,3299000
2021-03-08,82.48329586541128,83.72054284092356,81.6584645484031,82.59984588623047,3993900
2021-03-09,83.06604889238434,83.32605137302437,80.67224214881685,80.69017028808594,3371300
2021-03-10,81.00396780528219,82.60880653225055,80.76190029281013,82.23225402832031,3057500
2021-03-11,82.51915214737335,83.15570714404123,81.6046596776544,81.86466217041016,2660000
2021-03-12,81.99017197292706,82.70742063319342,81.70327387685855,82.66259002685547,2440200
2021-03-15,82.25912829550495,82.82395690471176,80.36739193680738,81.51498413085938,2675000
2021-03-16,81.18328776532962,81.3625965367722,79.38120519950957,79.847412109375,3362200
2021-03-17,79.89223721572858,81.30879966913791,79.79361534617536,81.15637969970703,2364900
2021-03-18,81.03983824280671,82.31294835115337,79.99086752706438,80.20603942871094,2301500
2021-03-19,79.76671532044521,80.17016342624507,78.2336029421393,79.33636474609375,10934600
2021-03-22,79.5067147676558,80.58258096925277,78.70877918609675,80.10740661621094,2199000
2021-03-23,79.3005004348199,80.43913217970785,77.86600994221992,78.19773864746094,2643100
2021-03-24,78.89706017916862,80.61844894143194,78.89706017916862,78.95085144042969,2166900
2021-03-25,78.55637135493286,80.18810574674733,77.77636386009202,79.9639663696289,2156800
2021-03-26,80.77086257008949,82.21432070442813,80.30465567585789,82.09777069091797,4093300
2021-03-29,81.61363025303854,82.70743152591481,81.37156273142725,81.7929458618164,3267300
2021-03-30,82.0529468035655,82.40261055313225,81.27294608581684,81.7122573852539,2598500
2021-03-31,81.71224422493293,82.16949043285462,80.69913678403822,80.88741302490234,3555500
2021-04-01,80.84261387013319,81.24606897769031,80.28675242089321,81.05779266357422,3358500
2021-04-05,81.73018072730024,82.97639504019,81.72121323751375,82.13362884521484,3658800
2021-04-06,82.33087127166803,83.04811311881173,81.70327696020307,82.00811004638672,2843700
2021-04-07,81.87362301972466,82.42949108054911,81.21017244661759,81.66741180419922,2847400
2021-04-08,81.6136368789025,81.77501751980886,80.72604677401334,81.62260437011719,2422300
2021-04-09,82.00812124618868,83.04812446064633,81.52397934214773,82.42950439453125,3256300
2021-04-12,82.39362667364706,82.81500974733359,82.10672857839944,82.49224853515625,2258600
2021-04-13,82.02602948707646,82.1694819454071,80.65429784519065,81.25498962402344,2728300
2021-04-14,81.17431954565225,82.33087957958574,81.12052828274082,82.07087707519531,2889500
2021-04-15,82.63570216250403,82.75225901385681,81.44327905986746,82.23225402832031,3053000
2021-04-16,83.10190808035894,83.62190617685238,82.3129331860279,82.66259002685547,2468700
2021-04-19,82.66259844441431,83.0750209121882,81.6853540564832,82.29501342773438,2532700
2021-04-20,81.95433120697612,82.21432688433522,80.60949484459206,81.434326171875,2726300
2021-04-21,81.2280979792516,82.70741903738924,81.07568486494755,82.58190155029297,2373700
2021-04-22,82.9046741079223,82.9046741079223,81.96328598562155,82.05294036865234,2526100
2021-04-23,82.40260365261507,83.27225868759938,81.90052679796872,82.89570617675781,2374100
2021-04-26,83.17364217981802,83.89089096689816,82.56398276285732,82.59984588623047,2246700
2021-04-27,82.7432818701228,82.85087121877514,81.93637885570523,82.6267318725586,1925700
2021-04-28,82.58191882619363,83.10192386162753,82.28605318463386,82.55502319335938,1449000
2021-04-29,83.24535009100663,83.29914818431251,82.3756883512852,83.19155883789062,1611700
2021-04-30,82.59088695036407,82.8867457540005,80.8067324365105,81.1294937133789,2537900
2021-05-03,82.18740679156654,82.42051360692469,81.30878446013799,81.52395629882812,2396400
2021-05-04,81.14741541738069,81.82879414354973,80.3136167286037,81.68534851074219,3092500
2021-05-05,80.48397404203014,81.93639983995398,79.82052332256991,81.48812103271484,4966300
2021-05-06,82.05292973539723,84.15087759543734,81.59569038913662,84.02536010742188,4282700
2021-05-07,83.97158190088885,85.40607258696289,83.03019375430121,85.2177963256836,3415600
2021-05-10,85.71089272455623,86.87642017109664,85.5046883370578,85.5136489868164,2357600
2021-05-11,84.7246812989897,85.75572376220072,84.07019133323952,85.40606689453125,3358400
2021-05-12,85.3432954679402,85.57639545163437,83.55018078616523,83.6936264038086,4069900
2021-05-13,83.76124165638545,85.74440048875583,83.64405771780625,85.37480926513672,2292600
2021-05-14,85.94272319969278,86.69091514810405,85.60018071991962,86.39344024658203,1942200
2021-05-17,86.29429532420774,86.58275398085122,85.57314524390058,86.10498809814453,2305100
2021-05-18,86.19512982407561,86.438514001368,84.80692050562504,84.93312072753906,1993500
2021-05-19,83.51785185324404,84.14885282958709,82.70655997123525,84.12181091308594,2750600
2021-05-20,84.32916165677405,84.52747137905864,83.65308609098717,84.2300033569336,2146000
2021-05-21,84.71677113800425,85.31171400732018,83.7792789439529,84.41929626464844,2421900
2021-05-24,84.87000513052716,85.21254754501989,84.1127970598129,84.74380493164062,1872800
2021-05-25,84.75283327088046,85.30270863644263,84.06774828870181,84.20296478271484,1991100
2021-05-26,84.13985014840584,84.50944140664093,83.48180714932785,84.11280822753906,1982400
2021-05-27,85.21253739948529,86.23116201158408,84.83393684790244,86.04185485839844,3795300
2021-05-28,86.3032920623441,86.53766683569495,85.60017461968742,86.25822448730469,2555500
2021-06-01,87.35797567912707,87.65544368401325,86.79006783524382,87.52924346923828,2408800
2021-06-02,87.59233881247484,87.96193004806793,86.96133777292017,87.87178802490234,2303400
2021-06-03,87.71854162091056,88.31349137075341,87.13261501426594,87.88981628417969,1911400
2021-06-04,88.34053062085995,89.00758984477528,88.11517212437816,88.52983093261719,1770100
2021-06-07,88.66506660677712,88.71014106679276,87.6824997730919,88.2233657836914,1916600
2021-06-08,88.16024515674451,89.32308892778036,87.6193792719706,88.80026245117188,2793100
2021-06-09,88.5929315398571,88.66504790971591,87.86277220787444,88.2503890991211,1843900
2021-06-10,88.77322991216985,89.13379803692278,87.84474704648224,87.970947265625,2099000
2021-06-11,88.28645669692797,88.41265691893825,87.06951517734892,87.46614837646484,2144300
2021-06-14,87.11457987501275,87.80868789571898,86.70893733218638,87.7816390991211,2497200
2021-06-15,87.99798604879574,88.92646193140901,87.60135290383653,88.8904037475586,3647800
2021-06-16,88.80926991297856,89.21491931776087,87.96192667484192,88.55686950683594,3527700
2021-06-17,88.61996763951046,88.61996763951046,84.60858939373132,84.75281524658203,3278200
2021-06-18,83.19334838907795,84.05872424231725,82.99503179986554,83.1753158569336,5239900
2021-06-21,84.0316839625355,85.70835186011618,83.84238363569845,85.57313537597656,2580100
2021-06-22,85.41087769512109,86.10497889941237,84.6987439581803,85.43791961669922,2058300
2021-06-23,85.73539934792832,86.56471708431475,85.14044953004468,85.1855239868164,2234900
2021-06-24,85.60918638345302,86.01482892445419,84.8609945277086,85.95172882080078,2585100
2021-06-25,86.32131647034839,86.97935939863964,86.05989980109734,86.53765869140625,2076200
2021-06-28,86.74500165881663,86.78105296870866,85.32975047539188,85.66327667236328,1726300
2021-06-29,86.48355795778824,86.96131675474962,85.14943295424492,85.35676574707031,3409300
2021-06-30,85.14946900392064,86.92529538022558,85.14946900392064,86.75402069091797,2283100
2021-07-01,87.4481294154381,87.97095599919341,87.18671268486203,87.36699676513672,1904800
2021-07-02,87.35797258485127,88.07911566125115,86.85316486623611,87.83573150634766,1347500
2021-07-06,87.70952700996213,87.70952700996213,85.42889331542406,86.26722717285156,2286500
2021-07-07,86.04186422170187,87.65543175082438,85.93369655370381,87.50218963623047,2143600
2021-07-08,85.99680395760375,87.0604963401095,85.37481230419917,86.56470489501953,1659100
2021-07-09,87.80869908504418,88.4667421274733,87.62840813839507,87.98898315429688,2143700
2021-07-12,87.9889697834843,89.05266213618778,87.21373602418876,88.8904037475586,2339500
2021-07-13,88.89040714074017,88.89040714074017,88.03404759313821,88.16024780273438,2210600
2021-07-14,88.5208153821975,89.15182330388137,88.23235677946634,88.39461517333984,2815100
2021-07-15,87.98898653764505,89.10676294026455,87.79968619443183,88.80928802490234,2003200
2021-07-16,89.24197825191168,89.32310402189943,87.47516819463617,87.6734848022461,4560900
2021-07-19,86.25823046272548,86.57373101944064,84.1308454554513,84.56352996826172,3795100
2021-07-20,84.68071225682417,87.7545986240653,84.62662154013377,87.55628204345703,3335200
2021-07-21,88.00700608323606,88.8273143909291,87.79066383135724,88.58392333984375,1799700
2021-07-22,88.7822330836342,88.79124934934045,87.66445684490719,87.83573150634766,1150500
2021-07-23,88.31350578830074,88.92648129242372,87.66447209247681,88.77323913574219,1657000
2021-07-26,88.77322552291596,89.42225224181881,88.17827576717694,88.64701843261719,1258500
2021-07-27,88.1332013151134,89.35915213536732,87.57431662294185,88.64701843261719,1515900
2021-07-28,88.53884648507277,89.1698475191816,87.49317976866902,88.66504669189453,1742400
2021-07-29,89.63861642195843,90.33271770956344,88.84534994767047,90.14341735839844,2445600
2021-07-30,89.93607012175886,91.07187892491035,89.66564403927241,90.9456787109375,2807100
2021-08-02,91.63075894404945,92.32486003336997,89.80985858224577,89.8909912109375,1970300
2021-08-03,90.22453062099511,91.30625560572598,89.4042292130353,91.18907165527344,2193100
2021-08-04,88.07010711537175,91.78401801139081,88.07010711537175,90.32369232177734,1928500
2021-08-05,91.40541388219059,92.00937304403662,90.77440592188023,91.09892272949219,2086300
2021-08-06,91.91021760824376,92.25276008142724,91.00878353180661,91.44147491455078,1708000
2021-08-09,91.3873813689479,91.45949774340916,90.70229644375395,91.18907165527344,1314500
2021-08-10,91.49556862972388,93.06406216627657,91.17105177700304,92.91082000732422,2247000
2021-08-11,92.91079922736932,94.07364987664222,92.66741508096123,94.00153350830078,2185200
2021-08-12,93.93359527597552,94.4317993799752,93.3629307748273,94.30498504638672,1920400
2021-08-13,94.1510092967233,94.36840433782595,93.56222443749253,93.96984100341797,1183600
2021-08-16,93.67998315474556,94.04231284793502,92.91003687600802,93.87926483154297,1339400
2021-08-17,93.2723653096082,93.61657471251459,92.1129158357509,93.03684997558594,2006500
2021-08-18,92.62921939246006,93.31763809420218,91.95890715164275,92.05854797363281,1336500
2021-08-19,91.27051399529591,92.35749628923008,90.38280649025327,91.69625091552734,2820000
2021-08-20,91.54222363631332,92.60203894439613,91.54222363631332,92.1219482421875,1389600
2021-08-23,92.73792840687638,93.68904298446216,92.73792840687638,92.93721008300781,1786000
2021-08-24,93.22705946345239,94.24158107744849,93.22705946345239,93.67996978759766,1542200
2021-08-25,93.41727734730617,94.75789489556298,93.2089424763625,94.38650512695312,1777100
2021-08-26,94.3321762084961,94.70356604839343,94.04231383308087,94.3321762084961,1242600
2021-08-27,94.66732362424527,95.13834734911823,94.64920334009813,94.90283203125,2003600
2021-08-30,95.11117485649498,95.9445282537732,94.57674395308729,95.35574340820312,1707000
2021-08-31,95.48256636566319,95.67278788945862,94.65826618501924,95.5640869140625,3392000
2021-09-01,95.72714153028905,95.95359672818329,93.92456009009284,94.25065612792969,2963800
2021-09-02,94.73073210855388,95.74524688720703,94.62203113475664,95.74524688720703,1723300
2021-09-03,95.84490180099273,96.00794983021291,95.02060842222623,95.45539855957031,2008600
2021-09-07,95.1655078996981,95.19268141135335,93.87924433502445,93.90641784667969,1722900
2021-09-08,93.48069451940508,93.9154915010397,92.84662278667079,93.3901138305664,2060900
2021-09-09,93.58939039201111,93.58939039201111,90.50054553251054,90.65453338623047,4196200
2021-09-10,91.51507083802942,91.92269432904642,90.50960923539704,90.6635971069336,2428000
2021-09-13,91.32483323411785,91.75963016584237,89.13274902587769,89.82117462158203,3633700
2021-09-14,90.1925583208695,90.39183996182304,88.12728842528333,88.45338439941406,3967300
2021-09-15,88.4624550034774,90.17445561471885,87.99142435808291,89.97517395019531,3600200
2021-09-16,90.15633237697004,90.1653925189326,88.96064933985917,89.47696685791016,1871700
2021-09-17,87.97332574574034,88.96972732468365,86.9588038792379,87.37548065185547,4932800
2021-09-20,85.73594546153863,86.03486800283174,84.4677948800935,85.75405883789062,2992300
2021-09-21,86.18884452219417,86.44247322285855,84.78481961526292,84.88446044921875,2204400
2021-09-22,85.66348379322984,87.13996939914891,85.61818998306076,86.50589752197266,2729400
2021-09-23,87.22147854216284,88.56208934665631,87.06749067733898,87.82837677001953,2367500
2021-09-24,87.42074651041592,88.21786613654879,87.11276391815969,87.23957824707031,1712200
2021-09-27,87.38450274570667,88.42619767909666,87.38450274570667,87.6200180053711,2440000
2021-09-28,87.25771132341632,87.81026251363133,86.54211212771385,86.65986633300781,2093700
2021-09-29,86.841039877369,87.13995547979597,86.3066020283762,86.63269805908203,2622800
2021-09-30,87.20335669846642,87.23959035616488,85.3011345899108,85.32830810546875,2659900
2021-10-01,85.5456993004725,86.6236211103606,84.75763289401655,86.19789123535156,2748300
2021-10-04,85.88086114609925,86.54211331936563,84.47684316199579,84.82105255126953,3906200
2021-10-05,85.08374512401647,86.95879383975156,84.81199612892165,86.4877700805664,2265100
2021-10-06,85.7268772873134,86.886326769439,85.0022179055529,86.63269805908203,2855600
2021-10-07,87.92801598293917,89.83023809046136,87.92801598293917,88.1725845336914,3956200
2021-10-08,87.51133966793195,88.34469306559068,86.94972833775483,87.53851318359375,3192400
2021-10-11,83.90616353477772,86.74138656564342,83.86992987981391,85.31018829345703,4300200
2021-10-12,85.72687776613857,86.14355449417579,83.43515230650183,83.62537384033203,3533500
2021-10-13,84.05108082084935,84.05108082084935,81.84993683949564,83.21772766113281,4837600
2021-10-14,84.75764644708875,86.19790501872663,84.20509524228687,85.8265151977539,4219200
2021-10-15,86.56023860099283,87.46605945503708,86.20696902078474,86.7142333984375,5417300
2021-10-18,86.24317755649436,86.81384204036253,85.79932740237466,86.75043487548828,2371200
2021-10-19,87.3573536831773,87.49322126440703,86.62363419021801,87.3392333984375,1906300
2021-10-20,87.86462330343618,88.48964190748372,87.33019231396023,88.10919189453125,1912600
2021-10-21,87.67439125647792,87.87367292729495,86.76857050611967,87.54757690429688,2002300
2021-10-22,87.86460919326257,88.38998686560275,87.20335703174979,87.53851318359375,1728100
2021-10-25,87.34828450902492,88.12729081155722,86.94066798575564,87.45698547363281,2047300
2021-10-26,87.94613242346641,89.10558877703234,87.42981487754864,87.95519256591797,2841000
2021-10-27,87.98236598240061,88.77043251405883,87.07654524246124,87.09466552734375,1925800
2021-10-28,87.4751101400947,88.6617331191086,87.32112227016513,88.32658386230469,1587700
2021-10-29,88.0457813720034,88.79761431490273,87.41170955923555,87.8736801147461,2635800
2021-11-01,88.59833550557626,89.15994692288712,88.08201789530479,88.67986297607422,1842800
2021-11-02,88.9062999481436,91.00780362151093,88.4352693306908,90.71794128417969,3695400
2021-11-03,85.84462838785795,89.67625315432271,85.14714945965996,86.29753875732422,4225200
2021-11-04,87.29394517526688,88.30845995756307,86.86820833161174,88.0095443725586,2789500
2021-11-05,88.91538072216302,89.46792509987455,88.13637421403452,88.70703887939453,1793400
2021-11-08,89.81212622669699,90.0838682975601,88.3356340226391,88.54397583007812,2977300
2021-11-09,88.77043816982172,89.2595822298571,87.71968272733145,88.3175277709961,3974700
2021-11-10,88.26744355870413,88.77739458254155,87.81212815954596,88.35850524902344,1930200
2021-11-11,88.81381768850734,88.88666981735967,88.09441854810365,88.59526824951172,1635000
2021-11-12,88.91397051827957,89.00503218804049,88.16725371014398,88.71363067626953,1824400
2021-11-15,88.93219946141139,88.93219946141139,87.42965738370687,87.76658630371094,1544100
2021-11-16,88.03979879717666,88.58617596694799,87.39325166906494,87.61180114746094,2395700
2021-11-17,87.91230161517231,88.04889762988897,85.73589447605598,85.881591796875,4046800
2021-11-18,85.8997825197719,86.9834281634404,85.25323565491898,86.11833190917969,5096200
2021-11-19,85.93620817845714,86.42794951302011,84.98004331443585,84.99825286865234,4019900
2021-11-22,85.6630336068197,87.41144296373442,85.47180198474102,85.99996948242188,5223200
2021-11-23,86.03638333689224,86.55544250818099,85.5810680305842,86.02727508544922,3099500
2021-11-24,85.58108102078631,86.64651733185336,85.58108102078631,85.8087387084961,2738400
2021-11-26,83.5321526226315,83.5594704305353,81.86569686489496,82.23905181884766,2767500
2021-11-29,83.14969501594041,83.95105455569336,82.16621904520237,82.73991394042969,3420200
2021-11-30,81.95675738211699,82.6124125527836,79.78035071410783,79.98979187011719,5950100
2021-12-01,81.86569998720326,82.36654269551585,78.9698941304281,79.03363800048828,4779500
2021-12-02,79.84410284269764,82.90382265737242,79.71661509604962,82.30280303955078,4290600
2021-12-03,82.69437174641504,83.24985702990935,81.31021613762393,82.21173858642578,2907500
2021-12-06,83.10416095015009,83.90551347778391,82.16621242582978,82.81275939941406,2592900
2021-12-07,83.63231257222233,84.61579530648801,83.35001930403062,83.98746490478516,3456700
2021-12-08,84.16959935108943,84.54295434075952,83.80534566655096,84.21513366699219,2265800
2021-12-09,83.86907555988792,84.45187857897581,83.60499185630748,83.76890563964844,2044100
2021-12-10,84.10584357962593,84.67043705817039,83.67784608190547,84.3152847290039,2883100
2021-12-13,84.4427830064518,84.73418453577303,83.68695790155098,84.07852935791016,2612900
2021-12-14,83.40466851809953,84.5156391641626,82.72169544364056,83.18611907958984,3204800
2021-12-15,83.35914948611519,84.5976080074792,83.01311226156663,84.44280242919922,2550800
2021-12-16,85.46268892890069,86.37331961956039,84.89810234713059,85.49911499023438,2943900
2021-12-17,84.84348196753834,85.07113969973474,82.33014560633521,82.58512115478516,6637400
2021-12-20,81.3102212938743,81.95676829896993,80.62724822471623,81.46502685546875,3041300
2021-12-21,82.11157137077572,83.05862816499895,82.08425356044755,82.89471435546875,2816500
2021-12-22,82.58510345934783,83.1861161308353,81.546984978774,81.83838653564453,3615200
2021-12-23,82.17531111228158,83.51393933154499,82.1115672422005,83.12236785888672,2367800
2021-12-27,83.17701321508814,84.03300838287673,83.14969540293515,83.9328384399414,1626500
2021-12-28,84.10584496937797,84.77970968566832,84.08762846626833,84.5884780883789,1271500
2021-12-29,84.26978003352306,84.91632710593048,84.02390581239393,84.64313507080078,1434200
2021-12-30,84.7979405325902,85.28968198632543,84.2424552023094,84.3790512084961,1202200
2021-12-31,84.18779935632001,85.08022043480025,83.96014169776039,84.66133117675781,1283500
2022-01-03,84.96185093495347,85.07112217746084,82.92203307237413,83.55947875976562,2435900
2022-01-04,84.91630320294443,87.66640455001684,84.22422200364115,87.26573181152344,4466700
2022-01-05,88.38580410864387,89.23269084738114,87.01985820407148,87.13824462890625,4180000
2022-01-06,87.33858809686018,88.23100223424,86.75577809497321,87.62998962402344,2477000
2022-01-07,87.92138750333255,88.30385068919838,87.06539251324796,87.13824462890625,2863600
2022-01-10,86.70112832705472,87.06538191343985,85.77228828195395,86.78308868408203,2840000
2022-01-11,87.19289145115948,87.95781792122808,86.18209079602524,87.76658630371094,2144300
2022-01-12,88.59525186299065,88.99593155000765,87.65730345707368,88.25831604003906,2191200
2022-01-13,88.5224072535765,89.51499830397023,88.26743177569502,88.58615112304688,2131900
2022-01-14,87.78480356065299,88.85934809749679,87.13825657753968,88.7591781616211,2624400
2022-01-18,88.12173882475845,88.45867471945533,87.10183678253934,87.75749206542969,2777100
2022-01-19,87.93051445205516,88.27655862857578,86.36422824639517,86.43708038330078,2145000
2022-01-20,86.69203671981292,87.69373601156647,85.09843305255488,85.28056335449219,2417700
2022-01-21,85.45359173586097,86.24584304038792,84.38815535731769,84.87078857421875,3253500
2022-01-24,83.78712632945691,85.07111190683136,81.64714573545928,84.7250747680664,4210100
2022-01-25,83.24075457382162,83.8235576586792,81.78373991411684,83.05862426757812,3723000
2022-01-26,84.11495398144154,84.5611610458178,81.89301301607672,82.48492431640625,4230000
2022-01-27,83.25894847706468,84.45187223154336,81.90211095156485,82.53044128417969,2470700
2022-01-28,82.07516490189153,82.65796815323095,80.72743498850515,82.60333251953125,2937100
2022-01-31,82.59420215838473,83.85997828243651,81.820167448704,83.73249053955078,3710300
2022-02-01,83.73249354013105,84.28797884585094,82.95845880271253,84.21513366699219,4371700
2022-02-02,85.83607057514826,89.02327872499345,85.82696232083123,88.84114837646484,4920800
2022-02-03,87.80301152411627,89.67891551390633,87.67552378032757,87.95781707763672,3306500
2022-02-04,87.9396098294698,88.44956081801506,85.69035080168305,86.85595703125,4979300
2022-02-07,87.13826418057978,87.74838515410374,86.10924692181072,87.17469024658203,4505600
2022-02-08,87.52982191181866,88.94129527227294,87.16556825676057,88.4404525756836,4809400
2022-02-09,89.3328736504293,89.81550682802613,88.91398434633467,89.62427520751953,3700500
2022-02-10,88.78666487808609,90.48019202691096,88.32895446034387,88.67681884765625,4274400
2022-02-11,88.8415780784298,89.6288404068122,86.24177976551213,86.7269515991211,3620200
2022-02-14,87.0290562218346,87.0290562218346,85.08836158824897,86.0220947265625,2698400
2022-02-15,86.82764866596783,87.5233703268175,86.33332066884613,86.85511016845703,3251900
2022-02-16,86.6811939109718,88.10009189706203,86.635420079376,87.76139068603516,3059800
2022-02-17,87.0382120899527,87.27621647144628,84.93274143817311,85.30806732177734,2689800
2022-02-18,85.22566686603959,86.01292923686322,84.47502216177818,84.92357635498047,2413300
2022-02-22,84.62150373500253,85.56438607216566,84.07224564988019,84.89612579345703,2891700
2022-02-23,85.1982300561679,85.22569156802264,82.94629529067849,83.2209243774414,2687100
2022-02-24,81.82946355005649,82.7448843365962,80.51125538252528,82.38787078857422,4244300
2022-02-25,82.45196049640754,85.36299924881452,82.45196049640754,84.96936798095703,2864900
2022-02-28,84.00815499061173,85.6009920452188,83.71522064449533,85.0608901977539,3874100
2022-03-01,85.02427934798948,85.43622288856113,81.51822307610313,81.93931579589844,3558100
2022-03-02,82.49772903007738,85.83900952560005,82.47026053808953,85.34468841552734,3281400
2022-03-03,86.03125494680005,86.30587701258341,84.4109561238401,85.33553314208984,2510000
2022-03-04,83.88916679092914,84.33772105538503,83.12021662329049,83.83424377441406,3063600
2022-03-07,83.97157456927643,85.59186672736436,83.19346110265016,83.8891830444336,3546900
2022-03-08,84.39263736110338,88.70426806053486,84.34686353203088,85.77491760253906,4872400
2022-03-09,89.13452754465773,89.15283288800708,86.15025372303994,86.40657043457031,4150400
2022-03-10,86.15939525826778,86.96496292689157,85.69252876490022,86.7269515991211,3302200
2022-03-11,87.32199531221032,88.30149535344468,85.00598165292483,85.13414001464844,3239600
2022-03-14,85.6467622183551,86.16855176090581,83.55960404815222,84.51164245605469,3629000
2022-03-15,85.00595819265598,85.17989034303851,83.35819830509766,84.813720703125,3984100
2022-03-16,85.23483952732494,86.53473551342478,83.806785175503,85.82986450195312,4378800
2022-03-17,85.56438153734138,87.52338145040652,85.23482949737655,87.41352844238281,3643300
2022-03-18,87.28537634944605,89.05213886321302,85.93055740722153,88.79582214355469,16105100
2022-03-21,89.56476558806766,90.55342170472407,89.06128835051383,89.89431762695312,3708100
2022-03-22,90.30626517898209,90.6083557253969,88.98805696488591,89.72954559326172,3266600
2022-03-23,89.40001043989,89.87602624549743,88.9514491603304,89.0613021850586,2299600
2022-03-24,90.12316537321712,90.35202054885669,89.18028316703904,89.50067901611328,2122800
2022-03-25,89.49154259057478,90.24218739427845,89.22606971090917,90.17810821533203,2136000
2022-03-28,89.36339228017071,89.93094877791889,88.64020891887506,89.91264343261719,2184300
2022-03-29,90.38864522168203,90.94705245225691,88.38387847686843,90.68157958984375,2913400
2022-03-30,90.34288740158505,91.49631266292576,90.25133972779967,90.60836029052734,1596100
2022-03-31,90.43442853080994,91.54208694474856,89.71124520585359,89.75701904296875,2786700
2022-04-01,90.69989949718028,90.97452156172525,89.44577041836042,90.09571838378906,2413900
2022-04-04,89.78446904899927,90.35202544551666,88.93312747011711,89.9858627319336,2633400
2022-04-05,89.90346618294788,90.25132353495631,88.00854561175154,88.39302062988281,2741900
2022-04-06,87.33115409933492,88.57612706556263,86.81851365293656,88.04518127441406,2839200
2022-04-07,87.4776258945973,88.05434557708419,86.81852167695955,87.77971649169922,2853100
2022-04-08,87.99939664326944,88.08178814480786,86.09532673796123,86.57134246826172,3660300
2022-04-11,86.64456626792172,86.8917267714098,85.09750312828366,85.29889678955078,2798200
2022-04-12,85.6742390036237,86.45235235886115,84.5848928776843,84.96936798095703,2193300
2022-04-13,85.0059939499116,85.78410039696796,84.63982415597098,85.41793060302734,2020200
2022-04-14,85.67423476065251,86.01294299244161,84.8229000673279,85.0059814453125,5320000
2022-04-18,84.79542720809516,86.53472814580505,84.79542720809516,86.0220947265625,2051900
2022-04-19,86.63541647230576,87.7705362107384,86.20516761600071,87.59661102294922,2314800
2022-04-20,88.35640969153431,89.317604294157,88.34726051238621,88.9239730834961,2055400
2022-04-21,89.69293039464115,90.65411801564623,88.30148690884391,88.53034210205078,2217600
2022-04-22,87.91700897423895,88.18248182773652,85.5643779446705,85.68338012695312,2565500
2022-04-25,85.05175613400593,85.13414065969235,82.02170831402199,84.41095733642578,2635500
2022-04-26,83.85255520338343,84.61235624614312,82.0674871960395,82.0857925415039,2508900
2022-04-27,82.24138835830622,83.76098999918662,81.957610189944,82.9462661743164,1992000
2022-04-28,83.55960492774118,84.73134237007665,82.5251819947026,84.50248718261719,2320500
2022-04-29,84.20957547853162,84.70390365453525,82.37873348626981,82.55266571044922,2975000
2022-05-02,82.1773131265443,83.71522018117027,80.92319123797398,82.781494140625,3409900
2022-05-03,82.23225321262566,83.34906772064774,81.38091157815855,82.82727813720703,3330500
2022-05-04,78.50648255430092,83.98069452450453,76.36439444727348,83.6145248413086,5737200
2022-05-05,83.54129390620946,84.063083418779,80.74010185295214,81.68299102783203,2973100
2022-05-06,81.37176047730175,81.37176047730175,79.35783735937669,80.56619262695312,3262300
2022-05-09,79.23884050502222,79.41277273208777,76.83128575952718,77.27069091796875,4179300
2022-05-10,77.95723504561106,78.32339776125355,76.08977586258867,76.538330078125,3286500
2022-05-11,76.85872361116695,78.11285252486725,75.94330288166172,76.09892272949219,3788900
2022-05-12,75.91931577251796,76.50883672418483,74.62052984162953,76.2232894897461,3683000
2022-05-13,76.63779655355448,77.69709446472402,76.0114296430264,77.07994079589844,3580400
2022-05-16,76.97861786248946,78.32346304633077,76.31540499864563,77.7892074584961,3454800
2022-05-17,79.4840605679029,80.38676121615362,79.00507052677038,79.576171875,4136200
2022-05-18,79.25378954450859,79.47485811707865,76.64699773671695,76.96939086914062,3346400
2022-05-19,76.22328894576792,77.715517797075,75.78114472135115,76.72991180419922,2834100
2022-05-20,77.19047456925357,77.61419230599321,75.20083612441283,77.0430908203125,3120900
2022-05-23,77.49443788355302,78.47083760872316,77.08914664687534,78.2681884765625,2822300
2022-05-24,77.64181349616196,78.02868523833529,75.91930308080512,77.27336120605469,3318300
2022-05-25,77.14441887122464,77.81684495772835,76.41672739019668,77.58656311035156,2781600
2022-05-26,78.54451429444347,80.27623795112193,78.39713759486146,79.76961517333984,3062100
2022-05-27,79.96306195932596,81.46450401789029,79.96306195932596,81.42765808105469,2004800
2022-05-31,80.56179539282532,82.477741924774,79.99990715963226,81.66715240478516,4198500
2022-06-01,82.06323454712168,82.40405420616264,80.71838942160106,81.5842514038086,2797300
2022-06-02,82.47773654454711,83.2238473839076,81.04998646593442,82.7909164428711,3016900
2022-06-03,82.24744882940372,83.2422678956435,82.19218344604913,83.15936279296875,2541900
2022-06-06,83.91469353535005,84.18182128901694,82.95672032388231,83.1317367553711,1675700
2022-06-07,82.35800539710526,84.44896153315003,82.17377569785705,84.310791015625,2007600
2022-06-08,84.43975284189001,84.94637575756983,83.73048778758309,83.96076965332031,1704100
2022-06-09,83.10409827204393,84.07127762900065,82.75406543345137,82.84618377685547,2195100
2022-06-10,81.8053169641187,81.8053169641187,79.92621634381182,80.19334411621094,2982400
2022-06-13,78.2958269143715,79.55777394870798,77.68787947329659,78.55374145507812,3161400
2022-06-14,78.6734843976939,79.37353607094322,77.34705886497993,78.01947784423828,2091200
2022-06-15,78.65506482284303,79.80647402452142,77.57734749670662,78.71954345703125,2630800
2022-06-16,76.72989281967719,77.1812431461057,74.38101582468292,74.61129760742188,4639300
2022-06-17,74.13232753339611,74.97054971452746,72.34533833852642,72.44666290283203,6444800
2022-06-21,73.55201787319575,74.80475163790025,72.90723153591136,73.89283752441406,3034100
2022-06-22,72.29006651132163,73.22961317307748,71.59922110402844,72.28085327148438,3985100
2022-06-23,72.39138517259663,72.7874701600864,70.71493390575128,71.65448760986328,4619100
2022-06-24,72.51113731362817,75.61533160858929,72.2808555040842,75.56006622314453,5699700
2022-06-27,76.05747940582734,76.26934177288442,75.1455653642413,75.9837875366211,2643800
2022-06-28,76.53647123049498,77.47602510093591,74.97055748328575,75.09030151367188,2934900
2022-06-29,75.1455637756992,75.20082916261387,73.54279727874071,74.15995788574219,2032600
2022-06-30,73.02697677882098,73.97573684562322,72.7414295429294,73.26647186279297,2861100
2022-07-01,73.35858433891678,74.65737732432302,72.97171252406378,74.02179718017578,2286300
2022-07-05,72.54798137367695,73.0177511931167,71.82029003098587,72.8887939453125,3048300
2022-07-06,73.09143999708616,74.21521627602932,72.07820150919468,73.45989227294922,3111100
2022-07-07,74.12313236575974,74.6113288250063,73.43228672849116,74.49158477783203,3097400
2022-07-08,74.88764188649584,75.0626512703598,73.41383278934237,74.30732727050781,2295400
2022-07-11,73.64411802577312,74.30733074497421,73.45068215394663,73.92967224121094,1755600
2022-07-12,73.38619594005966,74.27969037059378,72.56639336573586,72.81510162353516,2809200
2022-07-13,71.63607089938185,73.18356512809974,71.49790741903165,72.43745422363281,2632000
2022-07-14,70.71494453936484,71.61765244693656,70.15306331357382,71.54396057128906,2513200
2022-07-15,72.72301255191667,73.39543871203452,72.01374747651252,73.32174682617188,2675400
2022-07-18,74.02179724615522,74.33497718389322,72.8059093786447,73.10066986083984,1726800
2022-07-19,74.01256452486388,75.8824515004871,73.69938466955308,75.75349426269531,1826200
2022-07-20,76.07590888231977,76.32461721674733,75.35743063200792,76.11275482177734,1909300
2022-07-21,76.05749428124132,77.19048415203756,75.80879295858327,77.0983657836914,2042100
2022-07-22,77.47601772531976,77.6786668556384,75.98378897013642,76.5456771850586,1932400
2022-07-25,76.91414058710903,77.7707893801431,76.28777365212021,77.54972076416016,2033800
2022-07-26,77.88131502789882,78.56294725342254,77.2733676444216,77.43917083740234,2490300
2022-07-27,77.78919696652754,80.11965491755497,77.57734162493456,79.54855346679688,2595700
2022-07-28,80.33151880105743,81.64873124924789,80.073604256401,81.41844940185547,2960200
2022-07-29,81.72242183212629,83.36202743515713,81.52898592669902,82.9659423828125,3568200
2022-08-01,82.1645455584863,82.68958779498864,81.47370014058093,82.29350280761719,1823700
2022-08-02,81.83295669993721,82.76329736279179,81.43687865548675,82.0816650390625,2173200
2022-08-03,82.34879253891869,82.9935789201805,81.77769101005502,82.73566436767578,1524200
2022-08-04,82.94750551059738,83.04883006278047,82.31192550647485,82.5237808227539,2082100
2022-08-05,82.2290463708582,83.31597706942077,82.04482368743196,83.26071166992188,2425600
2022-08-08,83.94232334222987,84.0252284486892,82.37640983612805,82.92908477783203,3600400
2022-08-09,80.77365210764171,80.97630123034192,79.29063664894647,79.76040649414062,4884300
2022-08-10,81.38160133467356,81.38160133467356,80.17492673474021,80.63549041748047,3428600
2022-08-11,81.51109830239331,82.30795624621231,80.98294892746507,81.06633758544922,2929400
2022-08-12,81.12193504921974,82.69711537145967,81.12193504921974,82.66931915283203,2425600
2022-08-15,81.81686130842945,82.44693479354184,81.22385180117436,82.31720733642578,2014300
2022-08-16,82.0299863540012,83.54957439656752,82.0299863540012,83.3457260131836,2817600
2022-08-17,82.2987056634018,82.80832668823982,81.87248038318874,82.33576965332031,1966600
2022-08-18,82.87317635641831,83.87387567993103,82.4654795884335,83.6607666015625,2159000
2022-08-19,83.0399618204065,83.16968223565978,81.94659898524857,82.16897583007812,1880700
2022-08-22,80.71423921919144,81.02001176594716,79.61160873986537,79.9173812866211,2500100
2022-08-23,80.01931552809756,81.13120684069021,79.84326336039791,80.36215209960938,2562000
2022-08-24,80.55672454833984,80.84396157660109,79.94517944003054,80.55672454833984,1423700
2022-08-25,81.15899646228108,81.59448942955058,80.65865036077142,81.51110076904297,1964100
2022-08-26,81.68714636624,81.68714636624,78.38852280934513,78.44412231445312,2038300
2022-08-29,77.76773762759431,79.00008879005823,77.54536075599955,78.59239196777344,2001800
2022-08-30,78.7591589132746,78.8054906579751,76.8411420319206,77.20250701904297,2147400
2022-08-31,77.34149374085928,77.48974259651771,75.59952196955943,75.73851013183594,3576400
2022-09-01,75.0899337150337,76.04430858164538,74.50619171768206,75.98871612548828,2387800
2022-09-02,76.92453898401043,77.20251534372392,75.23816650585536,75.74778747558594,4156300
2022-09-06,76.20180414376793,76.24813589055313,74.7100123834546,75.52540588378906,3096300
2022-09-07,75.32155846846734,76.57243788605425,75.07137834341069,76.2018051147461,4764800
2022-09-08,75.78484492033107,77.57314143808023,75.58099655003346,77.52680969238281,2588000
2022-09-09,78.0549626471894,78.73136799147635,77.81405735238665,78.4904556274414,2512800
2022-09-12,79.04640866136249,79.41704147093533,78.64797962818746,79.2780532836914,2038100
2022-09-13,77.5638832914392,78.11056826767259,76.0813591453336,76.43345642089844,1993700
2022-09-14,76.3315290443839,76.68363337451855,75.54393878730404,76.25740814208984,2180500
2022-09-15,76.09062442872286,76.46125015124137,74.3579201920955,74.60809326171875,2220200
2022-09-16,73.44061504089714,73.60739945628156,72.22679237978662,72.46770477294922,5214600
2022-09-19,71.66158381606856,73.8761131207749,71.64305535497473,73.75565338134766,2484700
2022-09-20,72.98657501206728,73.04217452128225,71.48552257866977,72.29164123535156,3269800
2022-09-21,73.06997640213235,73.2738247901719,70.90177917480469,70.90177917480469,2235300
2022-09-22,70.86472028850943,71.3280094960019,69.95667033136199,69.98446655273438,2459500
2022-09-23,69.02082598354579,69.14128570499757,67.51977343576507,68.41854858398438,3258200
2022-09-26,68.13131591585258,69.08569063896186,67.5661024657957,67.76995086669922,2668300
2022-09-27,68.67799395689421,68.93743477934312,67.09354573188219,67.69581604003906,2658800
2022-09-28,68.58532354347287,69.97519101146669,67.94598931527314,69.51190185546875,3851100
2022-09-29,68.7799166319913,68.89110151388759,67.6680183284039,68.75211334228516,2304400
2022-09-30,68.73358483525665,69.33586219894286,67.74214624675118,67.84407043457031,2768000
2022-10-03,68.83549820978355,70.61452673169059,68.51119724004492,69.99372100830078,2950600
2022-10-04,71.51332212407321,72.75493380297631,71.39286947543152,72.5047607421875,2947400
2022-10-05,73.1904245934042,74.44130399831036,72.12485803765746,73.91315460205078,4965800
2022-10-06,73.32013731866734,74.87678912387855,73.32013731866734,73.63517761230469,3696900
2022-10-07,73.15337163784233,73.26456360563978,71.31875011919983,72.11560821533203,4655300
2022-10-10,72.86612459488363,73.10703695755589,71.68010537746967,72.61595153808594,4016800
2022-10-11,72.27313232421875,73.10705449565266,71.63379081458045,72.27313232421875,4205900
2022-10-12,72.42136718638902,72.96804501933435,71.74496188082718,71.80982208251953,2565100
2022-10-13,70.91105005669169,75.16404896269222,70.4940925677182,74.8582763671875,4100000
2022-10-14,75.10843833332486,75.20110182314829,72.19898289750878,72.47695922851562,3237200
2022-10-17,73.99654336832863,74.65441311092971,73.56105043763588,74.19112396240234,2649400
2022-10-18,75.77558720511165,76.05356357769175,74.45984745592918,75.60880279541016,2610700
2022-10-19,75.40496650434983,75.79413490228951,74.58031208765884,75.2381820678711,3058100
2022-10-20,75.28449359621095,75.7199865671677,73.79270183448901,74.2652587890625,2547500
2022-10-21,74.59883355821468,77.23958074702205,74.4135136252608,77.05426788330078,3168200
2022-10-24,77.5082750461893,78.29586517552883,77.08204988289062,77.73065185546875,2274600
2022-10-25,77.31369871314581,78.53678183540183,77.21177453052184,78.34220123291016,2385500
2022-10-26,78.73134898545287,79.63939164192786,77.82329925974739,78.9444580078125,2014700
2022-10-27,80.07490961533622,80.77911123134582,79.47263219648194,79.58382415771484,2412300
2022-10-28,79.82471785832496,81.09412553980856,79.26877232072964,80.98294067382812,2499400
2022-10-31,81.23311479129048,81.73346790266962,80.04709574323526,80.2416763305664,6653600
2022-11-01,80.0563661908018,80.82542787312188,77.99936124253911,79.54674530029297,4960400
2022-11-02,79.43556665555218,81.95585388014837,78.46265654076802,78.71282958984375,6772100
2022-11-03,77.97158221365719,81.84468062765893,77.97158221365719,80.62159729003906,5364900
2022-11-04,82.23384820972555,83.05850257271257,81.68717024584508,82.54888153076172,5107000
2022-11-07,83.1048082724179,84.80970891596786,82.8083035053122,84.54100036621094,3754800
2022-11-08,84.43908008854024,86.10692389878784,83.88313450820156,84.55953979492188,3714600
2022-11-09,83.97246776014063,85.96670844970657,83.86063858801509,83.9817886352539,3517100
2022-11-10,86.46059122324198,87.79319171323577,85.53802384085955,87.59749603271484,4138200
2022-11-11,87.70001697149772,89.79676584947154,87.61614331931179,88.9394302368164,4345200
2022-11-14,88.05412511889513,89.66629503625683,87.63477821996975,88.33369445800781,3046900
2022-11-15,88.99534391173447,90.41181117869128,88.67850526231764,89.6290283203125,3685700
2022-11-16,89.5358399923423,89.67562467556199,88.57599606917509,88.74373626708984,2820600
2022-11-17,87.38317226504849,88.20323860846106,87.2527084576409,88.16596221923828,2742800
2022-11-18,89.29353791298539,89.60106276277129,87.12223643624529,87.31793212890625,4213500
2022-11-21,87.00109893083302,88.37097597447838,86.80540322598998,88.22187042236328,3054200
2022-11-22,88.76235337033403,89.74083884980968,88.6971214790185,89.47990417480469,2571500
2022-11-23,89.36810841233304,90.02974839298193,88.71578219765112,89.3587875366211,2901000
2022-11-25,89.3587826460132,90.06701985671502,88.77169548370127,89.5731201171875,1324800
2022-11-28,88.38028697396209,88.8182756324165,87.25270293291125,87.80252075195312,3934600
2022-11-29,87.9702643371526,88.19391555722561,86.93586766841675,87.88639068603516,3414700
2022-11-30,88.02617672284681,89.2469482421875,86.91722726039585,89.2469482421875,4132900
2022-12-01,89.22830937354566,89.52651336069151,88.13800171208212,89.12580108642578,2893200
2022-12-02,88.33369660832926,90.49567727290007,88.26846470891417,90.27202606201172,3736500
2022-12-05,89.27491069981654,90.17883646688237,88.61326368564559,88.66918182373047,3202400
2022-12-06,88.71577161486208,89.1351256549359,87.05701142325526,87.92366790771484,3281200
2022-12-07,87.60682104873196,88.61325500903973,87.3645281000729,88.25914001464844,4378700
2022-12-08,88.70645005459282,89.1257969480708,88.13799761959336,88.46415710449219,2718800
2022-12-09,88.72509735857645,89.35878178101882,87.64411046720096,87.77457427978516,2579600
2022-12-12,88.14730841801048,89.64764910781126,87.93297809646369,89.60105895996094,2869500
2022-12-13,91.32506503111699,92.14512428005169,90.68205974710622,91.39029693603516,4060700
2022-12-14,91.74439953295723,92.34080747124924,90.72864470702798,91.06412506103516,4101200
2022-12-15,89.60106050205756,90.3186113570433,88.27778083664607,88.76235961914062,4251500
2022-12-16,87.89570326895902,88.93009984011569,87.49499101968442,88.49211120605469,5704700
2022-12-19,88.51075724447378,89.39604831940527,87.90502840437888,88.13800048828125,3527500
2022-12-20,88.14733442475975,89.32151598706231,88.14733442475975,88.56668853759766,3678300
2022-12-21,89.20965495655065,90.64475643857062,89.06987031331064,90.1881332397461,3541900
2022-12-22,89.47991305429382,90.1322391419251,87.4390824750489,88.60394287109375,4534200
2022-12-23,88.29641543035048,89.49855217697775,88.14730989135325,89.03260803222656,2977700
2022-12-27,89.32149012225777,90.14155635803239,89.03260703087899,90.07632446289062,3330000
2022-12-28,90.15087346185162,90.60750385450525,88.65053270826074,88.77168273925781,2222800
2022-12-29,89.31218223148792,90.09497219672173,89.28422671661251,89.79676818847656,1830000
2022-12-30,89.41468074272184,89.69425008037629,88.65985348469584,89.5171890258789,1422900
2023-01-03,90.02039732921541,90.38383315290965,88.48278040064763,89.56377410888672,2519100
2023-01-04,89.2562490525364,89.2562490525364,87.46702544706649,88.92076873779297,3965500
2023-01-05,88.34302346574675,88.98602162931765,87.5788752595256,88.5387191772461,2480000
2023-01-06,89.75016137325784,91.74440179926107,89.36809086104371,91.27845764160156,2610900
2023-01-09,91.71644665291421,92.86267241361232,90.57954176613467,90.63545989990234,3147700
2023-01-10,90.6913891210158,91.2691625542535,90.24407950984065,91.15733337402344,2929300
2023-01-11,91.6418849868364,91.6418849868364,90.64476486663511,91.51142120361328,2718800
2023-01-12,92.25694944057592,92.51787704890941,91.34369570166464,91.37165832519531,2524600
2023-01-13,90.84047750958712,91.3716535731389,90.43976524341691,91.25050354003906,2229200
2023-01-17,88.94874683092897,88.94874683092897,84.27067009156193,85.02549743652344,8797700
2023-01-18,84.77388402562482,85.09072265078379,83.04989200640703,83.13375854492188,6030300
2023-01-19,82.54666469221071,82.75168124924232,80.90653934570098,80.97177124023438,4789600
2023-01-20,81.40045166015625,81.68934190354548,80.72017709839689,81.40045166015625,6212400
2023-01-23,82.2298274262968,83.7767655265562,82.07140811041306,82.93806457519531,5340500
2023-01-24,83.32015932073048,83.86997015685874,81.80117642209696,83.38539123535156,2805700
2023-01-25,82.17391049803163,83.26421810162697,82.04344670493869,83.01261138916016,3455900
2023-01-26,83.81405418143565,84.46637328922122,82.54668524938506,84.44773864746094,3293900
2023-01-27,84.3731722746501,84.41976242642112,83.24558822147972,83.33877563476562,3657400
2023-01-30,82.54665821976033,84.13086531120777,82.32299993340283,83.5810546875,2965300
2023-01-31,83.86994986011368,84.2706621271684,82.95669616668297,84.07496643066406,3698400
2023-02-01,83.42262213779918,86.00395623528539,83.29215836858424,85.37959289550781,3742500
2023-02-02,84.95094913647596,85.42620709687148,84.38249664918483,85.24915313720703,4925300
2023-02-03,84.79253400450288,85.59395869632787,84.40114253447072,85.16529083251953,3266300
2023-02-06,84.65274623949445,84.80185180919916,83.67426759985062,84.27067565917969,3252800
2023-02-07,84.0004093065923,85.36096534734413,83.35740411585421,84.96957397460938,3241500
2023-02-08,82.11799850321424,82.15527488790579,79.21050448496439,80.13307189941406,6672100
2023-02-09,80.33808769188872,80.79471095794145,78.82842612016682,79.35028839111328,6777200
2023-02-10,79.42484305629978,80.07716202337984,78.65137405980235,80.00260925292969,4813600
2023-02-13,80.02124523428829,81.22338190963595,79.83486332159312,80.99040985107422,3210000
2023-02-14,79.95601795930848,80.87858537375814,79.48075294167054,80.13307189941406,2910400
2023-02-15,79.62052720766697,81.30724251363452,79.47142168837532,80.99971771240234,3136600
2023-02-16,80.0341068243157,81.12159942606333,79.8372333486338,80.34347534179688,2096000
2023-02-17,79.99661384138015,80.44660835723028,79.15286518349386,80.09973907470703,2528900
2023-02-21,79.26537333342623,79.64974337985274,76.60287816358614,76.921630859375,4196700
2023-02-22,77.1372442864403,77.96224614139716,76.53724683876283,77.15599822998047,3932200
2023-02-23,77.82161155010287,78.17785776001222,76.42473616505907,77.16535949707031,3054000
2023-02-24,75.96537231761201,77.11849664649014,75.7497520370101,77.04349517822266,2863200
2023-02-27,77.88725610934154,77.88725610934154,76.8560107917502,76.968505859375,2910100
2023-02-28,76.9872549680342,77.85912745001481,76.94037725777963,77.54037475585938,3177400
2023-03-01,77.52163803343508,78.39351062867303,77.24038604044144,77.8685073852539,2960200
2023-03-02,77.54974979501326,78.79662247034135,77.39037702817608,78.56224822998047,2186500
2023-03-03,78.9841096499353,80.31535346095826,78.14036105402873,80.1934814453125,3807100
2023-03-06,81.46849895631588,82.88412157195982,81.21537073533842,81.70287322998047,5398500
2023-03-07,81.63724824454052,81.85286856963788,79.99662833843256,80.47474670410156,3938500
2023-03-08,80.44661321404337,80.8216134349143,79.46224568085823,80.26849365234375,3129300
2023-03-09,80.61535173913187,80.71847696433608,78.11223687833882,78.22473907470703,2802500
2023-03-10,78.29037597303848,78.66537620115201,76.64037926085956,77.03412628173828,3784800
2023-03-13,76.10599174919093,77.48411321203355,75.65599013074991,76.78099060058594,3225900
2023-03-14,78.42162488383049,78.70286969016992,77.127874456052,77.89662170410156,3453900
2023-03-15,76.42474005691655,76.58411995732527,74.09037490336928,75.49662017822266,4213600
2023-03-16,75.11225353878443,77.090372552497,74.67162885527496,76.79974365234375,3420600
2023-03-17,76.75286680207232,76.75286680207232,74.89661996166623,75.78723907470703,9040100
2023-03-20,76.28411959834811,77.53098494577264,76.23724189585552,77.12786102294922,2469000
2023-03-21,79.124725910708,79.64972179380415,78.3559788736604,78.74034881591797,4290800
2023-03-22,78.74973729360498,79.60286288083512,78.12161610560928,78.18724060058594,3252200
2023-03-23,78.30910688295735,79.28410441728737,77.40911080954494,77.9059829711914,3184600
2023-03-24,77.24037322855382,77.73724546822898,76.21850498507612,77.70912170410156,2269200
2023-03-27,78.2809886991089,78.5153629167709,77.1747421056429,77.56848907470703,2233800
2023-03-28,77.79349881549643,78.74974254210706,77.79349881549643,78.46849060058594,2306700
2023-03-29,79.49974008074507,79.79973880302008,78.74036272706951,79.63098907470703,2435600
2023-03-30,80.5778482409035,80.62472594258102,80.11847680510272,80.24034881591797,1920000
2023-03-31,80.72786829650163,81.74973660663058,80.38099182705903,81.69348907470703,2674000
2023-04-03,81.7028525319896,82.96847185864875,81.45910134641869,81.78722381591797,2838700
2023-04-04,81.70286542262207,81.88098498986247,79.45287117993986,79.85599517822266,1763700
2023-04-05,79.33099811131697,79.59349612491422,77.46537394568688,77.89662170410156,2647700
2023-04-06,77.64350413555847,78.54350043065678,76.94038135946279,78.093505859375,2966600
2023-04-10,77.96226583922736,79.1903848076535,77.76538514498087,79.171630859375,1997100
2023-04-11,79.6872273602874,80.00597283651275,78.97472779529797,79.1622314453125,2071100
2023-04-12,77.99975333403798,78.72163008308968,77.24038299643101,78.4122543334961,8052400
2023-04-13,78.80598302587839,80.184104541597,77.2497419721481,80.07160949707031,6979200
2023-04-14,80.34348309731385,82.36847987557078,80.31535933414925,80.96223449707031,6120600
2023-04-17,80.97161404787181,82.19035578986816,80.84036504723426,81.16848754882812,3005300
2023-04-18,82.28410185545837,82.92160004974875,81.45910713742009,81.81535339355469,3310700
2023-04-19,81.59973223861138,81.7497280255076,80.28723512873387,80.97161102294922,3244500
2023-04-20,80.56848551955851,80.99035626168485,80.15598459656657,80.50286102294922,2932300
2023-04-21,80.80285217788577,80.80285217788577,79.78097693775304,80.24972534179688,7833600
2023-04-24,80.35285100842417,80.63410291342315,79.87472563093914,80.24034881591797,2114900
2023-04-25,79.79972452625668,80.15597071005637,78.96535300568793,79.23722076416016,2100400
2023-04-26,78.65599678109037,78.91849478684179,76.8934979095579,77.32475280761719,3383700
2023-04-27,77.19348396174986,77.69036327956103,75.29036658038662,77.65286254882812,4838100
2023-04-28,77.28725252625593,78.31849776315798,77.16537334248568,78.05599975585938,3020300
2023-05-01,78.25287544447606,78.61849870091866,77.94349971901403,78.14037322998047,2340200
2023-05-02,77.65287500018005,78.05599897953188,76.03100211045268,77.08100128173828,3762700
2023-05-03,80.11848807010821,81.56223422386931,78.53411594407503,78.58099365234375,6211900
2023-05-04,78.50598594535505,78.61848814474486,77.24036660048694,77.56848907470703,4498500
2023-05-05,78.67474652286829,79.75286950336802,78.44974924557944,79.12474822998047,3885300
2023-05-08,79.81848978714076,79.81848978714076,78.32787306917841,78.57161712646484,1855300
2023-05-09,78.23411954384072,78.77786950484457,77.61537526091523,78.42162322998047,1941700
2023-05-10,78.94661855138169,79.1809927925932,76.59349916690853,77.32475280761719,2368600
2023-05-11,76.48508948403266,77.44740026252065,76.48508948403266,77.3436279296875,1953600
2023-05-12,77.99457601388029,78.28704878193138,76.99452687889284,77.85305786132812,2625200
2023-05-15,78.10780512829831,79.07955223599302,77.5606053518386,78.41914367675781,2208800
2023-05-16,77.8247749613564,78.22102732630668,76.53225993584562,76.56056213378906,2743300
2023-05-17,77.0417062857678,77.86249866003403,76.890751661863,77.59833526611328,2853600
2023-05-18,77.37192316919534,77.90025004335489,76.76811897075191,77.64552307128906,3074400
2023-05-19,78.42857222875195,78.63613125916703,77.42852293447565,77.82476806640625,2489500
2023-05-22,77.99460413084094,78.2115996693692,76.66435029228502,77.08889770507812,2229300
2023-05-23,76.56055818032347,77.3624849382716,76.31526048095704,76.52281951904297,2817500
2023-05-24,76.05109983198886,76.20204728471914,74.362332466955,74.48497772216797,2537000
2023-05-25,74.40006269621587,74.66422610698582,73.63587465821519,74.55101013183594,3456400
2023-05-26,74.7963101709941,75.30577127836425,74.56988541146738,75.0133056640625,2533500
2023-05-30,74.86234835458237,75.13594822829171,73.52265837814056,73.9566421508789,2660800
2023-05-31,73.20189041057732,73.57926983116575,72.5886569497741,73.28680419921875,6147100
2023-06-01,73.55094765317222,75.13593503072988,72.6075029569572,74.86233520507812,3927800
2023-06-02,76.23034430310258,78.52291550265484,76.12656479711322,78.12666320800781,3723600
2023-06-05,78.38139039793654,78.66441950000213,77.41907273634209,77.5417251586914,2592300
2023-06-06,77.54173634711553,78.30592439024232,77.18322268902591,77.87194061279297,2876100
2023-06-07,78.21159430667844,79.50410938913173,77.6926966618082,79.4758071899414,3029700
2023-06-08,79.33429542251697,79.65507050112492,78.86257287002847,79.3154296875,3019300
2023-06-09,79.46637397089236,79.60788495980766,78.86256256055982,79.43806457519531,2039500
2023-06-12,79.42864569134662,79.58902963169312,78.95692313885812,79.3154296875,2021900
2023-06-13,79.65505011460534,81.4475967948691,79.54183413973466,81.25890350341797,2374700
2023-06-14,81.8155418948033,82.62690507486951,80.64567224830148,80.98530578613281,2273800
2023-06-15,81.51364005501436,83.60808886554923,81.49476712635528,83.05145263671875,4426100
2023-06-16,83.54204109875548,83.82507022400421,82.43820519675604,82.46651458740234,5522900
2023-06-20,81.74006489734941,82.1268807582112,81.00417903298273,81.87214660644531,2254900
2023-06-21,81.27778309773245,82.63633891804072,81.10796272045471,82.50425720214844,2111100
2023-06-22,82.50425434401772,82.86276801580307,82.1080092100677,82.4759521484375,3012400
2023-06-23,81.78725323832514,82.24953929486833,81.28722851623962,81.77781677246094,5603800
2023-06-26,82.28727642707094,83.43828051196348,81.96650137489571,83.31562805175781,2423500
2023-06-27,83.4948838451673,84.90061490239876,83.36280211887248,84.56097412109375,2571700
2023-06-28,84.58927916970899,84.85344260871999,83.93829983935056,84.29680633544922,3453900
2023-06-29,84.43831195928527,84.70247535900022,83.71186261006913,84.17414855957031,2661900
2023-06-30,84.52323337579176,85.59876728872102,84.40058811808444,85.27799224853516,2491100
2023-07-03,84.94777846639987,85.9100890837994,84.54209687718236,85.62705993652344,1217200
2023-07-05,84.91003782868857,85.38176026107017,84.35340881347656,84.35340881347656,1801400
2023-07-06,83.64584806418426,83.85339994500555,82.52314606442768,83.24959564208984,2197700
2023-07-07,82.86277156392454,84.49492729418832,82.84389863412063,83.90999603271484,1816500
2023-07-10,83.98546804293747,84.92891301271976,83.9477365783104,84.37228393554688,3332600
2023-07-11,84.81569907621575,86.74975682815843,84.81569907621575,86.60824584960938,3559100
2023-07-12,87.4007291394569,87.77810851390687,86.4572843022884,86.91014099121094,2871500
2023-07-13,87.07995781846664,87.41016205850228,86.70257845932052,87.09882354736328,1888800
2023-07-14,87.07054452503078,87.08941025894771,86.16483814081401,86.88185119628906,1738400
2023-07-17,86.63655446426895,86.8346770468301,85.8346276687842,86.1553955078125,1886800
2023-07-18,85.93839362754777,86.77806622178169,85.72140532849693,86.60824584960938,1841100
2023-07-19,86.15537621401396,86.72144163712484,85.39118825270987,86.48558044433594,1958400
2023-07-20,87.05165986076729,87.50451659079893,86.60824679329309,86.69315338134766,1844300
2023-07-21,86.62712473337723,86.84412026328796,86.01388400754033,86.07049560546875,1643600
2023-07-24,86.41954943025851,87.3346921140616,86.39124723556988,87.02335357666016,2205400
2023-07-25,86.57993685742046,87.4856503118145,86.57993685742046,87.35356140136719,1844900
2023-07-26,86.57993280347812,87.40073243400316,86.5044626840736,87.16487121582031,1789500
2023-07-27,87.40073967484037,87.6837760392736,86.39125386530203,86.64598083496094,1869800
2023-07-28,87.2969594919974,87.41017547649435,85.4572447308825,85.82518768310547,2807600
2023-07-31,86.25917025404236,86.5705088085002,85.65536607456187,86.1836929321289,3971700
2023-08-01,85.61761661637716,86.6648409326419,85.29684883556733,86.44784545898438,3125900
2023-08-02,92.96707586902231,92.96707586902231,89.07065041306456,89.75936126708984,7346300
2023-08-03,90.67448559448364,91.79718727532277,90.06124499911994,90.46692657470703,4753700
2023-08-04,91.29716068324304,92.16513546999803,90.0235114955865,90.14616394042969,3560600
2023-08-07,90.86317948766838,91.89153821087825,90.71223204081542,91.72171783447266,2459400
2023-08-08,90.9009165149363,91.25943019085592,89.92916939993765,91.04243469238281,2099600
2023-08-09,91.26885272938216,91.89152978507882,90.5424033623157,90.60844421386719,2246800
2023-08-10,90.5515289381486,91.49062197260908,90.22901491631079,90.59896087646484,1614600
2023-08-11,90.71280180840938,91.2629805458358,90.37131205670325,90.81714630126953,1338800
2023-08-14,90.57998097573568,91.05427138835545,90.40923613770867,90.96890258789062,2232700
2023-08-15,90.46617849746022,90.87406864364551,90.35234616465299,90.56103515625,2026500
2023-08-16,90.47565440580833,91.70881261742824,90.47565440580833,91.0732650756836,2493900
2023-08-17,91.87006134106858,92.30640769907735,90.77919182749757,90.80765533447266,2561000
2023-08-18,90.16263030728017,91.31041249163263,90.1151983606718,90.86457824707031,1978800
2023-08-21,90.8645634800515,90.97839579115252,89.29940357862694,90.1720962524414,1842900
2023-08-22,91.44320167026653,92.26846243472582,90.58947739918963,91.13965606689453,2339300
2023-08-23,91.24400624560593,91.93646630415945,90.8835408435822,91.661376953125,1975800
2023-08-24,91.47164963310895,92.28742972504489,90.78867027826982,90.82661437988281,2030500
2023-08-25,91.26298223498641,93.32140138296425,91.26298223498641,92.61945343017578,4124800
2023-08-28,93.33088174586688,93.73877185545123,92.90402320106632,93.07476806640625,2228800
2023-08-29,93.07477547793597,93.71032304621593,92.86608648844724,93.57752227783203,2235300
2023-08-30,93.71031342678904,94.00437120701115,92.6194438809577,93.23602294921875,3229700
2023-08-31,93.47316367297526,94.0517986066291,92.97041694897064,93.19807434082031,2604500
2023-09-01,93.29293494169242,94.27945999768542,93.29293494169242,93.83362579345703,1762300
2023-09-05,93.69134345607318,93.90952027335496,92.63842518992706,92.84710693359375,2897800
2023-09-06,92.70481258786317,93.86207518231528,92.49612363632497,93.59647369384766,2406300
2023-09-07,93.45419975158104,94.48815683602693,93.14117351234414,94.28895568847656,3304200
2023-09-08,93.93797928459836,94.52610213507538,93.52060131089858,93.86209106445312,1952200
2023-09-11,93.91899843336337,95.38929450955533,93.82414178927002,94.971923828125,3921500
2023-09-12,94.99089263439849,95.44621465976834,94.65889076022157,94.7822036743164,2447900
2023-09-13,94.53558023080369,94.80118173684508,92.41075370827605,92.65738677978516,2497000
2023-09-14,93.34036178852627,93.96642141776717,92.99887208635926,93.53007507324219,2637000
2023-09-15,93.15065120650414,94.56404210571826,92.86608124906473,93.77671813964844,7287100
2023-09-18,93.78621122751353,95.21856340548894,93.70083516953207,94.4881591796875,2163200
2023-09-19,94.84860750989243,94.86758318173666,93.09373419341452,93.73876953125,1891700
2023-09-20,93.94745034735888,94.54505369082955,92.85658089811439,92.97041320800781,1646300
2023-09-21,92.76172245650757,92.80914715688532,91.48113975274725,91.528564453125,2181300
2023-09-22,91.55702956730869,92.61944283037053,91.37680410910318,92.10720825195312,2448700
2023-09-25,91.82263528797344,93.09373023779035,91.44320147529295,93.0557861328125,1869200
2023-09-26,92.9419688244348,92.9419688244348,90.67485359435196,90.68434143066406,2496700
2023-09-27,91.47166463566784,92.24950075356615,90.6558844099332,91.87955474853516,2323600
2023-09-28,92.0313311858188,92.6194540479204,91.6329288778302,92.0218505859375,1861400
2023-09-29,92.76173158203048,92.89453233550869,91.49062935104129,91.60446166992188,2041500
2023-10-02,91.40526008958496,91.89851899477523,90.16262137225893,90.78868103027344,2600600
2023-10-03,90.35234953582956,90.92149674690309,89.19507943895704,89.97291564941406,2743200
2023-10-04,89.87804764720315,90.3523381361066,89.06226742732133,89.79267883300781,3361400
2023-10-05,89.45118591162219,89.80215622914982,88.54054183676033,88.7776870727539,2758400
2023-10-06,88.58797714262231,90.98788586407002,88.46466422057864,90.15313720703125,2154700
2023-10-09,90.15312869968162,91.05427765079858,89.89700780647719,90.9404525756836,2581100
2023-10-10,91.06377158716023,92.23052934494399,90.83611418457987,91.41474914550781,2688300
2023-10-11,91.43370596711425,92.22102979586583,91.1301603898615,92.09770965576172,2231300
2023-10-12,92.48663783674382,92.48663783674382,90.47564372150245,91.11119842529297,1853200
2023-10-13,91.43371171637764,91.82263335639577,89.63140657188207,89.88752746582031,2136200
2023-10-16,91.23451781361354,92.19258661791096,91.08274138488986,91.3957748413086,2670700
2023-10-17,91.21554152220197,91.97440188916454,90.86456398883192,91.03530883789062,2196500
2023-10-18,90.304898010152,90.304898010152,88.82511413472305,88.88202667236328,2503400
2023-10-19,88.98636990045227,90.21952793740012,88.31287834513692,88.35082244873047,2678600
2023-10-20,88.09470777726219,88.43619746855784,86.63389237274136,86.76669311523438,5700800
2023-10-23,86.82362988875668,87.20306378912842,85.37230191415206,85.52407836914062,2790800
2023-10-24,86.15962533213131,86.52957139196262,85.58099026683625,86.07424926757812,2566000
2023-10-25,86.00783672159966,86.00783672159966,83.85456105623955,84.262451171875,3484300
2023-10-26,84.51857921134123,84.77470017520432,83.41822883811056,84.0442886352539,4452200
2023-10-27,83.90198810588953,84.44267899639897,83.02929530666356,83.50358581542969,2429300
2023-10-30,83.90198516845703,84.04427376352507,82.77317871834067,83.90198516845703,2772900
2023-10-31,83.80713319402696,84.49011269878613,83.52256322510996,84.39525604248047,4904100
2023-11-01,84.641876459919,85.03079086364586,84.2150107148359,85.00233459472656,2771600
2023-11-02,85.33434706272358,86.70979387386018,84.79365617478679,86.47264862060547,4912200
2023-11-03,87.3548071260824,87.93344202436754,87.24098205566406,87.24098205566406,2686600
2023-11-06,87.42122904200977,87.44019747781832,86.09321418535083,87.02281951904297,3004000
2023-11-07,79.49108986885675,80.72424081378401,78.8270788334972,80.57247161865234,9919900
2023-11-08,81.09419036866784,81.74871359637233,80.25944166617869,80.39224243164062,5833500
2023-11-09,81.10365365628,82.72572586095399,80.62936328402105,80.81907653808594,4765100
2023-11-10,81.34081043397761,82.35579168576898,80.79063178685014,82.05224609375,2922700
2023-11-13,82.09020506752623,82.4506632617505,81.49260161042042,82.1471176147461,3123200
2023-11-14,83.18106127924214,84.88850255374776,83.0103164280818,83.99684143066406,3645800
2023-11-15,83.87353555056292,84.80314817326833,83.56050206399995,83.82611083984375,3273000
2023-11-16,83.72589755169449,84.20302257785241,83.18197531308846,83.49687957763672,2719600
2023-11-17,83.9262880661583,85.32903678915073,83.71635917295164,85.18589782714844,3494200
2023-11-20,85.21453671523822,85.27178939144082,84.53701273853876,84.72786712646484,2607000
2023-11-21,84.36525961618891,84.60382215470723,83.91676087891831,84.54656219482422,2467100
2023-11-22,84.4988476135924,85.0618516670068,83.99308895499512,84.77557373046875,2778800
2023-11-24,84.65152520779291,84.89963227144236,84.26982371302849,84.46067810058594,1248100
2023-11-27,84.07895963089959,84.44157197352428,83.8213080798026,83.96444702148438,2657800
2023-11-28,83.73543922701302,84.65151837226485,83.54459213521676,83.87857818603516,3418000
2023-11-29,84.45112336379677,84.6706040628983,83.65909413185805,84.26981353759766,2128400
2023-11-30,84.71832732665811,85.02368708407309,83.9644688329631,84.83283996582031,4201200
2023-12-01,85.1763612834115,86.178319465136,84.97596964706659,85.99701690673828,2651200
2023-12-04,84.68014866499198,85.0904764838429,84.13622641957099,84.84237670898438,4068900
2023-12-05,84.46068217463737,84.64198475112418,83.76407636706449,84.30799865722656,3327700
2023-12-06,84.36523746122471,84.64196352652677,83.58274555123617,83.68771362304688,3336300
2023-12-07,84.07897862194886,85.07139961999341,83.69727711803164,84.66107177734375,3577200
2023-12-08,84.85191987008265,85.74891732260556,84.47976290155735,85.4531021118164,2365900
2023-12-11,85.50081328706275,86.39781077144633,85.36721884645469,85.61532592773438,3068200
2023-12-12,85.69166392677884,86.66499584853516,85.09048169008024,86.30238342285156,2905700
2023-12-13,86.91310134028659,88.73571525567509,86.51231804333422,88.01049041748047,4146100
2023-12-14,88.72618556864224,92.24736380716145,88.68801468752955,92.1233139038086,4417700
2023-12-15,91.2072277465374,92.1423887823185,90.94003887917137,91.2740249633789,5091600
2023-12-18,91.3980719718441,91.76069166355009,90.93049146871574,91.65572357177734,1889700
2023-12-19,91.79885559526049,92.09467807331346,91.18813612109042,91.35990142822266,1856100
2023-12-20,91.19768666682575,91.94200061996972,90.31023373491927,90.3293228149414,1782600
2023-12-21,90.82551696607656,91.52212268227616,90.66329621036907,91.33126831054688,2113000
2023-12-22,91.5602672660423,92.50497982916878,91.36942021428757,92.0278549194336,1634000
2023-12-26,92.35233617675188,93.22070738139357,92.24736806893031,93.05847930908203,1536400
2023-12-27,93.08709563750445,93.60238425972196,92.84853312411293,93.13480377197266,1844400
2023-12-28,93.20159909132865,93.27794084134725,92.47637430720188,92.64813232421875,1527700
2023-12-29,92.49546524060197,93.1157292801561,92.46683890160499,92.87716674804688,1448100
2024-01-02,92.10421925604649,92.48592076375111,91.01637469131627,91.49349975585938,2159900
2024-01-03,90.84460313092377,91.02591297269657,89.93806848276017,90.34839630126953,2199000
2024-01-04,90.66330463978478,91.56029478908546,90.357944896977,90.74918365478516,2221200
2024-01-05,90.68239959627712,91.21677740363958,90.42475523354211,91.1022720336914,1638300
2024-01-08,90.73009931224288,91.43624233262226,90.16708797951786,91.3885269165039,2045500
2024-01-09,90.95911746955956,91.24539540612513,90.09075368125127,90.29114532470703,2378500
2024-01-10,90.22434387355324,90.67283527526561,90.00486316177908,90.43427276611328,1665200
2024-01-11,90.66330516302484,90.75872871813726,89.38460622739657,90.4629135131836,2066900
2024-01-12,91.07363879884441,91.25494138099211,90.15755950682889,90.52971649169922,1572100
2024-01-16,90.04302059547625,90.06210239000595,88.71661382502013,88.99334716796875,2401700
2024-01-17,88.05820853106263,88.64984628431974,87.78147509552389,88.19180297851562,2894200
2024-01-18,88.65938040563262,89.51819967251525,88.36355792359367,89.39414978027344,2426300
2024-01-19,89.2414644120337,90.6537577359051,88.82159932684247,90.56787872314453,5133600
2024-01-22,90.74917910219469,91.96108075341787,90.74917910219469,91.7416000366211,2862900
2024-01-23,92.13284792598265,92.18055606166362,90.74918094492863,91.3980712890625,1768200
2024-01-24,92.31414127643404,92.31414127643404,89.99531352754707,90.0716552734375,2467300
2024-01-25,90.87324113463721,91.87519938144155,90.18617989091392,91.83702850341797,2344500
2024-01-26,92.06604674981385,92.06604674981385,90.37702010775531,90.71100616455078,2344500
2024-01-29,90.37702163254939,90.78734944649237,89.41322704066467,90.66329956054688,2856400
2024-01-30,90.02395323424362,90.68238814974002,89.4514046157188,90.41519927978516,2896500
2024-01-31,90.28159309226413,90.37701663620459,87.45701396559836,87.53335571289062,4273000
2024-02-01,88.42081587046133,89.60408393066933,88.2108796880929,89.47048950195312,2724600
2024-02-02,88.99335874385308,90.16708218934896,88.50668919602924,89.680419921875,2128600
2024-02-05,89.02197742019735,89.20328723778397,87.94367761323576,89.12694549560547,2412800
2024-02-06,89.45138727291982,90.06210665165368,88.77387068964786,89.94760131835938,2776000
2024-02-07,97.21900412847504,100.87378400542364,95.71129440178467,99.32789611816406,9072200
2024-02-08,99.84317611295968,100.43481374119719,97.35258299975237,97.69611358642578,5305900
2024-02-09,97.77245656919484,98.59311217212684,97.37167330646524,98.47859954833984,3497200
2024-02-12,98.45951982811239,99.67141418060116,98.19233098065659,99.50919342041016,3904300
2024-02-13,98.67899771108166,99.9386074417785,97.93467658264048,99.8908920288086,5069100
2024-02-14,100.8260647297961,101.72305483462944,100.47298958703553,101.37952423095703,5078100
2024-02-15,101.71996196381316,102.21863301977817,101.12538615556169,101.37472534179688,3104800
2024-02-16,101.3843338976238,102.68855972422976,101.16376317432,101.79669952392578,3167400
2024-02-20,101.65283620549454,101.73914170544444,100.21435267428471,100.5020523071289,2517500
2024-02-21,100.27188998772392,101.0870365111623,99.60060059766298,100.65548706054688,2138700
2024-02-22,101.38433523623878,101.81587743193577,100.89524871567731,100.97196960449219,2362600
2024-02-23,101.52818313542645,101.80629086469116,101.25007540616173,101.56654357910156,1819800
2024-02-26,101.43225631866625,102.16108995704678,101.05825121976812,101.83503723144531,2393700
2024-02-27,102.41044024427725,102.41044024427725,101.04867756630155,101.77750396728516,2235600
2024-02-28,101.84463313768237,101.87340895475178,100.93359647613899,101.23088073730469,2190000
2024-02-29,101.64324068758432,103.16803698155823,101.19251469303539,102.46797180175781,5067700
2024-03-01,104.04071518431402,104.70241993955767,103.17762361584525,103.70507049560547,3356800
2024-03-04,103.74344075589985,105.3257742284851,103.65712793262843,105.0188980102539,3703200
2024-03-05,104.59694072383239,105.17233271986824,104.45309089569687,104.54898834228516,3465000
2024-03-06,105.48878430395952,106.10253664549852,105.04765026575993,105.29698944091797,2561600
2024-03-07,105.77650046856485,106.49574229228625,105.49839275207849,105.75731658935547,2033800
2024-03-08,106.15049961502874,106.63957875955413,105.46961827181185,105.63264465332031,1655800
2024-03-11,105.13397621527503,105.26823410882791,104.03114456344873,105.15316009521484,1892200
2024-03-12,105.22986274665509,106.15049127855598,104.77913676075978,106.06417846679688,1755400
2024-03-13,106.16967664510366,106.57245028937437,105.38330591826315,105.8244400024414,1801900
2024-03-14,106.10255191798598,106.44778857435844,105.1915152126457,105.88198852539062,2883300
2024-03-15,105.19151165205481,106.5149139123498,105.09560689347063,106.05459594726562,6537600
2024-03-18,106.61080706498187,107.48349058074602,106.40942024976835,106.50531768798828,3071500
2024-03-19,106.13132286157645,107.14785629161764,105.67101218682738,106.72589874267578,2544000
2024-03-20,106.60122525304163,107.59856741662853,105.7093651527236,107.42594909667969,2195300
2024-03-21,107.86708847544378,108.70140424249682,107.42594708654684,107.98216247558594,2410900
2024-03-22,107.95339919330378,108.23150690126522,107.38759915457621,107.83831787109375,1479300
2024-03-25,107.72324200472076,108.07806327152088,107.06153721732794,107.1478500366211,1435900
2024-03-26,107.04234963067267,107.48348367133116,106.74505807984461,107.35881042480469,1812800
2024-03-27,107.4067786146687,108.80690181505774,107.07113389479909,108.79730987548828,1937300
2024-03-28,109.02747822447097,109.21927312684748,108.40413381698747,108.76854705810547,2322600
2024-04-01,108.62469767776548,109.43025236743325,108.53839216628674,108.88362884521484,2057200
2024-04-02,108.67263957424464,108.91238683833507,107.68488201683306,108.62468719482422,1964400
2024-04-03,108.78773139362517,109.50697325530763,108.44249471469706,108.88362884521484,1981800
2024-04-04,109.75629985830872,110.22620978643441,108.02053192400584,108.40412902832031,1888400
2024-04-05,108.95074549038166,110.06316897292015,108.65346122907069,109.84260559082031,1693800
2024-04-08,110.00563033649627,110.25496953197307,109.30557244449203,109.96726989746094,1775600
2024-04-09,110.28374068846588,110.53307988994838,108.46166003118137,109.56449890136719,1877500
2024-04-10,108.0301118133156,109.55490080433596,107.90543856132913,109.4014663696289,2012900
2024-04-11,109.35351975068242,109.52613807163203,108.32740176406688,108.86443328857422,1673000
2024-04-12,108.12601065771881,108.76853153715147,107.23415058757142,108.03011322021484,1981100
2024-04-15,109.5740853577034,109.67957473318661,106.86973666619059,107.1766128540039,1708500
2024-04-16,107.2821146370693,107.42595715072285,105.96829691915202,106.91769409179688,2326200
2024-04-17,107.4547202144868,107.72323596344081,105.10519277812823,105.30657958984375,2317300
2024-04-18,106.28477028050325,106.28477028050325,104.47228135475832,104.82710266113281,1677900
2024-04-19,105.08601073810107,105.60386564829882,103.91604305022892,104.12702178955078,2107900
2024-04-22,104.36678236770503,105.1723296755365,103.67630906584607,104.17498016357422,2448900
2024-04-23,104.62571328768901,105.91076253467683,104.24211616993861,105.26823425292969,2081900
2024-04-24,105.91074505885358,105.96828205624496,104.19415391045956,105.12437438964844,1876700
2024-04-25,104.0023477170342,105.78606773248059,103.37901075863502,105.10518646240234,1640100
2024-04-26,104.87504537373374,106.1888630347436,104.54898528506084,105.38330841064453,1364500
2024-04-29,104.91340744780207,106.21763318978545,104.87504700639008,105.2586441040039,2057900
2024-04-30,105.00931050885754,105.39290762698572,103.1776377451361,103.35984802246094,3962900
2024-05-01,103.12009873680284,104.15580874069555,101.8638253329091,102.08438873291016,3875200
2024-05-02,102.80363073284241,103.4365670639374,100.95278143866416,102.04603576660156,3587700
2024-05-03,102.77485290063676,102.97623971956645,101.60488510984982,102.17069244384766,5925900
2024-05-06,102.64059015412555,103.00501065191283,100.62671474382098,101.88298797607422,7467900
2024-05-07,102.23782773165775,103.14886444288496,101.6624357394876,102.99542999267578,6898500
2024-05-08,99.92665171228295,108.3657579097315,99.63895939977103,108.03011322021484,6172800
2024-05-09,109.69874922755842,111.02215139072966,109.44941004324896,110.84953308105469,4983100
2024-05-10,111.54001415484863,111.97156361760278,110.4467672222808,110.81118774414062,2422500
2024-05-13,110.73446647546753,111.20436906007848,110.00563275081171,110.11112213134766,1857200
2024-05-14,109.9385004544723,110.30291364742423,109.29597956827853,109.66039276123047,1514900
2024-05-15,110.2837404525423,110.65774559571307,109.69875654829966,110.11112213134766,1948900
2024-05-16,109.8269221600911,110.443493766665,108.66121623672127,108.69011688232422,1927700
2024-05-17,109.22961419788923,109.22961419788923,108.15061757134607,108.74791717529297,1619700
2024-05-20,108.96951144852298,110.35680135815065,108.87317350482417,109.53791046142578,1852500
2024-05-21,109.38377122153047,109.87510428954259,109.22962463152119,109.53791046142578,2357300
2024-05-22,109.51864626408693,110.48204040527344,109.21036043291181,110.48204040527344,1931100
2024-05-23,111.21421701101383,111.38762824263632,108.22768942750268,108.37220001220703,2642700
2024-05-24,108.90207844783994,109.5090141321816,108.54561995697082,109.2681655883789,1345000
2024-05-28,109.49936818777377,109.86545527049158,107.67854672210761,107.94830322265625,2257400
2024-05-29,107.21612335704643,107.45697186651502,106.47430583181982,106.85966491699219,1831600
2024-05-30,106.72479076475467,107.35099836188964,106.06968252238649,106.84040069580078,2051300
2024-05-31,106.69589396624836,108.14098508091539,105.53018801576391,108.05428314208984,4318100
2024-06-03,108.56489029097338,108.66122823699362,104.692041649978,105.03886413574219,2870300
2024-06-04,104.3163133960393,104.89434839390752,102.60147305064763,102.95793151855469,3012900
2024-06-05,103.55522488263739,104.36447971065188,103.12170049806369,104.3163070678711,2030200
2024-06-06,104.39338502395805,104.55716025655416,101.92709848566561,102.09087371826172,2385000
2024-06-07,102.26428500962926,104.17180120829403,101.99453583811011,104.02729797363281,3173700
2024-06-10,104.02729423492215,105.50128597640109,103.7479090744287,104.74983978271484,1871400
2024-06-11,104.23924405197644,104.56680188491642,102.7363515305605,103.67084503173828,1566500
2024-06-12,104.56679592314626,105.14483090995678,103.32401665894116,104.52825927734375,2109700
2024-06-13,104.27776664667387,104.7498350084643,103.36254526789546,104.5571517944336,1865700
2024-06-14,103.42999103442472,103.80571414494489,102.00416453416106,102.56293487548828,1829200
2024-06-17,102.62073015560333,103.47815761538672,101.83074733489215,103.43962097167969,2017300
2024-06-18,103.42035944498505,104.85581465535893,102.87122507926391,104.70167541503906,2078200
2024-06-20,104.75946193431612,104.76909793238751,103.76716728623894,104.18142700195312,1984600
2024-06-21,104.28741225246517,104.63423471955868,102.7845197951358,104.44155883789062,3029100
2024-06-24,105.02922375795504,106.11786381793475,104.69203728588276,105.31824493408203,2043900
2024-06-25,105.21225481946816,105.54944123970766,103.56485200905851,103.92131042480469,2004300
2024-06-26,103.44924560483153,103.8153400307825,101.83074338252132,102.2353744506836,2500500
2024-06-27,102.60147425771572,104.35485127027495,102.36062572659432,104.3259506225586,3472900
2024-06-28,104.77874163721832,106.98491495060686,104.47045582727527,106.12749481201172,4756200
2024-07-01,106.99454510590313,107.26429427463755,103.9887602541612,104.09473419189453,2422300
2024-07-02,104.04655054933109,105.33749496327789,103.9116759792206,105.27005767822266,2474900
2024-07-03,105.71323631609702,106.67663040232729,105.11592933659337,105.54945373535156,1074800
2024-07-05,105.41458072456749,105.87701312690965,104.30667603884484,105.45311737060547,1468600
2024-07-08,106.46468407455633,106.82113518756904,105.90591373239508,105.94445037841797,1510900
2024-07-09,105.44347167876353,106.54174026449081,105.01958331153863,105.5783462524414,1266700
2024-07-10,105.69396545750824,107.52441571109757,105.61689216575185,107.41844177246094,1877700
2024-07-11,107.67854546531397,110.10630249112403,107.37025967554112,109.97142791748047,2235900
2024-07-12,110.7999558089456,111.19494356186155,109.74022378513295,110.39532470703125,2082600
2024-07-15,110.62654673890646,113.05429664721204,110.53983744747748,112.6882095336914,2694400
2024-07-16,113.1988013693245,115.1544901233466,112.76527698497667,114.5186538696289,2423700
2024-07-17,114.01769414442704,114.4030532675616,112.85198812577755,113.92135620117188,3751200
2024-07-18,112.87125565414107,114.45122138131447,111.77297962416576,112.2739486694336,4304000
2024-07-19,113.06391380127214,113.13135108331508,110.75176686676573,111.4454116821289,2657800
2024-07-22,112.20652220842564,113.64197748995134,111.4358039182818,113.51673889160156,2424100
2024-07-23,113.21806968939033,114.32597435769382,112.83271793529657,113.31441497802734,1403300
2024-07-24,112.80381024155783,113.46855451434772,109.78838939200655,109.90399932861328,2151300
2024-07-25,110.14484753693374,112.16797364605127,109.35486468098829,110.39532470703125,2127200
2024-07-26,111.41652383726114,113.35294794421765,110.96372745577304,112.56295776367188,1488600
2024-07-29,112.62076736017934,113.74793664911606,112.10053368449007,113.48782348632812,1905000
2024-07-30,113.85390390118498,114.60535004970237,110.66507209397449,111.46468353271484,3039400
2024-07-31,113.27588602654943,113.71904645394856,112.3606571731284,112.82308959960938,2020000
2024-08-01,112.7749091499526,112.95795637799594,108.18915860101723,108.95023345947266,2533500
2024-08-02,106.878932231815,106.93673351951915,103.5455898888057,105.2122573852539,3194500
2024-08-05,102.45696201085715,103.83461588058016,101.28162002198823,102.49549865722656,2618600
2024-08-06,102.90976013677522,105.35678209624797,102.54367301532233,103.8346176147461,3020300
2024-08-07,99.8461621323966,102.1197727553358,95.65539934312015,95.89624786376953,8060500
2024-08-08,97.15829112239756,101.02150342629552,96.78256802065906,100.78065490722656,4877100
2024-08-09,100.6361430812511,100.74211701634002,98.50704308102448,99.89433288574219,3644600
2024-08-12,100.00994483363328,100.18335607546003,98.55522495231826,99.29703521728516,2542900
2024-08-13,99.85579750500945,100.49163377347712,99.19105324014977,100.28932189941406,2598600
2024-08-14,98.74788687736005,100.1833419066188,98.6226483010197,99.70164489746094,3921000
2024-08-15,101.15637522633419,101.60917160574638,99.93286801717028,100.47236633300781,3309700
2024-08-16,100.35132953024255,100.52561812582935,98.99575238537864,99.81877899169922,3416300
2024-08-19,100.36101694520593,101.05817134605284,99.66386254435903,100.54498291015625,1761800
2024-08-20,100.62244963756446,100.95166473261385,99.53799376517016,99.84783935546875,2500500
2024-08-21,99.96402068067702,101.36801419661278,99.81877895319386,100.71926879882812,2262000
2024-08-22,101.03880005037792,101.69722281869153,100.19641132037604,101.0484848022461,2419800
2024-08-23,101.6681725193932,102.41373586745632,100.72895107700779,101.31959533691406,2774400
2024-08-26,101.9780256236496,102.31691807964637,100.88388501220241,101.58103942871094,1773300
2024-08-27,101.2421388499409,101.55198443421587,100.47720594778987,100.5643539428711,1586600
2024-08-28,100.54498420271695,101.4648435884991,100.19641438511377,100.6127700805664,2414800
2024-08-29,100.91292795238505,102.11357863000977,100.44815589704257,100.78704833984375,2953600
2024-08-30,100.98070556411521,102.15230936322679,100.5933967525764,102.0457992553711,3476200
2024-09-03,101.26150200870666,101.4745222196657,98.32765020048228,98.78273010253906,3380600
2024-09-04,98.52129643805765,99.15067229079776,97.04953191858445,97.65953826904297,2767400
2024-09-05,97.18509935439042,97.39811219132972,95.20014623283966,96.79779052734375,4207700
2024-09-06,96.78811942780595,97.57241455741226,94.26093802429398,95.07428741455078,2780800
2024-09-09,96.1103204328518,96.97207869079294,95.76174322881926,96.420166015625,2843100
2024-09-10,96.59445157990517,96.66223006815211,94.98712259104727,95.95539093017578,3004700
2024-09-11,95.73269273527487,96.89461177985898,93.55408898620382,96.73969268798828,2335500
2024-09-12,97.05921741300044,98.37606296103526,95.99412370461083,98.25019073486328,3728800
2024-09-13,98.76336493765626,99.47020403517142,98.30827766234796,98.79241180419922,2156700
2024-09-16,99.43148996101044,100.21578504525402,98.78274448211673,99.14100646972656,2361900
2024-09-17,99.54766443067015,101.26150350799698,99.54766443067015,100.60308074951172,3125700
2024-09-18,100.87420225442446,102.05549088494233,100.1286388364903,100.39006805419922,2129800
2024-09-19,102.69454312557944,102.87851648369856,101.68754311305105,102.54930877685547,2748300
2024-09-20,101.8908909829621,102.52994431065645,100.97103153446461,101.82311248779297,8125400
2024-09-23,102.38469100476287,103.081845383371,101.24213408144423,101.71659088134766,2428200
2024-09-24,102.87851186050189,104.57298146761605,102.6848611460379,102.96565246582031,2909100
2024-09-25,102.99469356116333,103.54660615289505,101.00005599800808,101.08720397949219,2817200
2024-09-26,102.28787052003015,105.69617933611974,102.13295142146323,105.44442749023438,4063100
2024-09-27,105.99633955322594,106.95492317024373,105.41538000919398,105.7542724609375,3174200
2024-09-30,105.2023664222873,106.08348685240246,104.68918533623204,105.89952087402344,2917100
2024-10-01,105.7252284048206,106.74190578710149,105.06680560078561,105.79300689697266,2823700
2024-10-02,105.79300340605741,107.46810353709901,105.49283519017318,106.96460723876953,3160400
2024-10-03,106.51919943426752,106.81936024807328,105.49282999668803,106.15125274658203,3236700
2024-10-04,108.32986454912776,108.32986454912776,106.44174414816095,107.9038314819336,2082200
2024-10-07,107.14858956316085,109.19162918376342,106.84842132214371,108.9495620727539,2776000
2024-10-08,107.91350533387083,108.07811656875903,105.12489512769392,105.94792175292969,2299500
2024-10-09,106.42238859460325,107.62303940087787,106.12222035255809,107.36160278320312,1531900
2024-10-10,107.2744621688462,107.7489116396052,106.36428746439664,107.36160278320312,1916100
2024-10-11,107.43906422332007,109.13353397766527,107.43906422332007,108.50415802001953,2113300
2024-10-14,108.50415268671053,109.17226023523514,107.91350838181515,109.06575012207031,1201900
2024-10-15,108.65907575631434,109.16257204946496,105.68649220807761,105.78331756591797,2585800
2024-10-16,106.16095085711761,107.65208513679046,105.7058635096932,107.08080291748047,1656900
2024-10-17,107.73921595684602,107.73921595684602,106.3836461779105,106.94523620605469,2099100
2024-10-18,107.46809764243457,107.46809764243457,106.30617862552816,106.93555450439453,2124100
2024-10-21,107.0033347545356,107.2938108199002,106.12220703213717,106.90650939941406,2077600
2024-10-22,105.44443736814378,106.51921595580986,105.10554488268649,106.00603485107422,1536600
2024-10-23,105.27013844989693,106.10284983972596,104.48584343352597,105.06680297851562,3743800
2024-10-24,105.20236162842731,105.22172374573687,104.04043513271313,104.82473754882812,1845200
2024-10-25,105.22171832711253,105.61871189087874,104.54393344665942,104.6988525390625,1524100
2024-10-28,104.9215526903524,105.82204249721774,104.71821723555065,105.2120361328125,2150900
2024-10-29,104.82472570517771,106.18998013394386,104.35995368194412,105.4541015625,1979300
2024-10-30,104.96997862405492,106.47079018070764,104.93124700237787,105.56061553955078,2345400
2024-10-31,105.09584821402115,105.97696857631036,104.39869381594983,104.83441162109375,3097500
2024-11-01,104.86346774254928,105.8995146060855,104.62140064931837,105.01838684082031,1853600
2024-11-04,104.33093077920569,107.24542102997434,104.05013202798723,106.3255615234375,3434100
2024-11-05,112.0770533847553,115.8145695356975,111.71879146180774,113.93612670898438,7193800
2024-11-06,122.45689438259356,123.68659188623187,119.2228743848747,122.83451843261719,7129100
2024-11-07,122.19546175731598,123.33801869591768,120.51067691134438,123.154052734375,3582400
2024-11-08,122.31165766255802,124.4805766978663,122.31165766255802,123.22183227539062,2748200
2024-11-11,122.11801210310752,125.87489079985937,122.11801210310752,125.10027313232422,3139100
2024-11-12,125.08089354875126,126.16536410575638,123.42516300773227,124.32564544677734,3086000
2024-11-13,124.90662837042093,127.38539320515314,124.7129776379457,126.02982330322266,3125300
2024-11-14,125.65218697172091,126.60108581069828,124.82915297056758,124.9066162109375,3694200
2024-11-15,124.89496552571521,125.53663783282995,123.01851945803418,123.26158142089844,2672000
2024-11-18,123.40741512050859,125.8769254540414,123.31019182280427,125.57553100585938,3399100
2024-11-19,123.66991870385502,126.06165484861832,123.66991870385502,125.96442413330078,2729100
2024-11-20,126.48945214175967,126.94640982141877,124.92413249842905,125.51720428466797,2277300
2024-11-21,125.44913861934089,126.4894509374804,124.51578899320107,124.71023559570312,2810300
2024-11-22,125.11855953304642,126.97555621011757,124.65188478852579,126.46026611328125,2212800
2024-11-25,127.17000732573342,129.83395663802835,127.05332750894424,129.06588745117188,5740100
2024-11-26,129.26034460290987,130.4464881292271,128.62838945452376,129.3089599609375,3254600
2024-11-27,129.18255227665378,129.9311871892441,128.1908702647438,128.9103240966797,1869300
2024-11-29,129.11450578948026,129.83395963891377,128.61864993614253,128.92005920410156,1531700
2024-12-02,129.79510607749665,130.32984543664162,128.92980596372644,130.0576171875,2922000
2024-12-03,129.97010422703016,130.19373194624265,127.40337012595874,129.6978759765625,3092000
2024-12-04,129.83395153049688,131.1076084811302,129.35755965136934,130.60203552246094,2632700
2024-12-05,130.43676797736967,130.71871331089523,129.0658950234228,129.4547882080078,2377900
2024-12-06,129.82423585447415,130.05758064617447,127.20888713437529,127.34500122070312,2628200
2024-12-09,127.63670413123016,129.02702635355826,126.70335444765567,126.81028747558594,2859400
2024-12-10,126.11027478391989,126.76167906128458,124.50605693489506,125.56580352783203,2838400
2024-12-11,126.93667317600031,127.64640993166252,126.28526891596452,127.23806762695312,2305500
2024-12-12,127.28668234398967,128.33671176595,126.63527808723475,127.52002716064453,2310600
2024-12-13,127.71447331610018,128.27837882791002,126.05192302823627,126.58666229248047,3097700
2024-12-16,126.37275626284946,126.95611083715444,125.1282803506337,126.57693481445312,3205800
2024-12-17,126.09083240625573,126.81028635697179,124.00049793968594,124.5255126953125,3603800
2024-12-18,124.08798953017829,124.17549569323164,118.49756443299827,118.98368835449219,4162600
2024-12-19,120.77262730177922,121.90043093367343,118.76007457918163,118.95452117919922,3272200
2024-12-20,117.88505226095444,121.29764430438199,117.72948904388468,120.64623260498047,10502000
2024-12-23,120.36427970779091,120.95735145477288,119.17813621382697,120.49066925048828,2258900
2024-12-24,120.65595219710487,122.79490183785043,120.3739994410113,122.72684478759766,1243300
2024-12-26,122.61017231183465,123.31019192414044,121.74487235152947,122.88240051269531,1530200
2024-12-27,121.70598516014785,123.06713362250137,121.43375695120963,122.22127532958984,1653500
2024-12-30,120.74345113253052,121.50180319501558,119.57674937530129,120.81150817871094,2621000
2024-12-31,120.8309544944135,121.4434753511409,120.07260240290529,120.49066925048828,2171600
2025-01-02,121.91986928731889,122.01709257874971,117.87531508837436,118.78923034667969,1837700
2025-01-03,119.20730711743519,120.14066414480256,118.40033963770242,120.01427459716797,1621100
2025-01-06,120.68512295438454,121.15180518617241,118.37117574166166,118.70173645019531,2311000
2025-01-07,119.16842718570265,120.24762296966374,116.45585460042179,117.33087921142578,2622200
2025-01-08,117.15585711076676,117.15585711076676,115.29886029650014,116.96141052246094,2562500
2025-01-10,115.15304748915787,115.7947272673685,113.96690382478268,114.66692352294922,3736100
2025-01-13,113.49049600016552,115.30859475167979,113.26687572851797,115.18220520019531,2254900
2025-01-14,116.09611703713227,117.24336235652864,115.34748205352005,116.46556854248047,2074200
2025-01-15,118.6822916860083,119.10035854741183,116.66973898521975,117.36975860595703,2405500
2025-01-16,117.23365539013577,120.07261752216154,117.16559833278114,119.86844635009766,2872000
2025-01-17,121.14206980306061,121.92959553520978,120.26704533270696,121.07401275634766,4240200
2025-01-21,122.72685192481511,126.00332991789976,122.14349726853797,125.88665008544922,4432800
2025-01-22,127.55891211590843,127.976986396479,126.19777109031139,126.3338851928711,2860500
2025-01-23,126.13944726943188,128.39505467202434,125.34219687437707,127.52975463867188,4078000
2025-01-24,127.6950168951783,128.15197452797767,126.60610415420454,126.9755630493164,2725900
2025-01-27,124.44771403859511,126.39220957044816,123.86436686257156,125.4005126953125,4261800
2025-01-28,126.01303587173327,127.13111488915119,123.76714586445058,126.3922119140625,3647900
2025-01-29,126.39220308482133,126.90749318749516,125.16717630333082,125.27412414550781,2188900
2025-01-30,126.10053101450592,128.05475849911258,125.49774215295379,126.81999969482422,2441400
2025-01-31,127.30613575296717,127.91865664529149,125.64358540322606,126.3436050415039,4718900
2025-02-03,123.34908119165814,125.50746507918952,122.73656032968256,124.3018798828125,3850900
2025-02-04,125.46858176127995,126.3435988485745,123.87409596009769,124.14632415771484,3209600
2025-02-05,123.50463718776817,123.52408629771254,118.973966284458,121.29763793945312,4814900
2025-02-06,122.58102060601502,124.44773484850344,121.55043275778999,123.94216918945312,3931500
2025-02-07,124.68105854680121,124.68105854680121,120.35455154811403,120.91845703125,3012400
2025-02-10,122.13377685207806,123.28102960487776,121.38514185819409,123.23241424560547,2444500
2025-02-11,122.64906716076851,123.55325795354976,122.01710457782896,123.38797760009766,1920600
2025-02-12,121.24900907736287,122.13375803973594,120.46149081855789,121.04483795166016,2078000
2025-02-13,121.06429519423853,121.87126266448828,120.4906725413352,121.8226547241211,1951800
2025-02-14,122.30887868886373,122.53344525256675,120.1706507255088,120.42449951171875,2151800
2025-02-18,121.36181461078232,122.71895736294599,120.65883269186696,122.0550308227539,2296100
2025-02-19,121.36181461960086,121.60590514985023,120.03396153912023,121.48873901367188,1781200
2025-02-20,121.50826635445749,121.84999906554265,120.05348883948675,121.80117797851562,1438900
2025-02-21,121.99643991609811,122.26006185132724,118.03241222251076,118.96971893310547,2334300
2025-02-24,119.14547236576905,119.38956290407442,117.05605795379924,117.82738494873047,2758800
2025-02-25,116.64596992356648,118.11051293099577,115.4352831231592,116.89006042480469,2529100
2025-02-26,117.72973815673812,118.53035474236002,116.81195544307963,117.0267562866211,2173300
2025-02-27,117.52470115463512,119.24309297759756,117.05604409897643,117.16344451904297,2575400
2025-02-28,117.30013630154916,118.95019055270627,116.30425028634478,118.73538970947266,2590400
2025-03-03,119.93631613782908,120.12182731951926,113.64854931329386,114.40034484863281,2585400
2025-03-04,112.39880272501415,113.91215944449233,109.96765583886922,111.33456420898438,4194500
2025-03-05,112.02778691645078,113.84382104509294,111.00261116579911,113.1017837524414,2853700
2025-03-06,111.81298705432012,114.10744400273354,110.90496998191979,113.5899658203125,3488600
2025-03-07,112.60383855565182,116.08945082390262,112.22305794686359,115.80630493164062,3986800
2025-03-10,110.42655344871991,112.42809875923352,108.1809250591004,109.18657684326172,5156100
2025-03-11,109.47948041859874,109.58688084633442,106.44299366873007,108.10281372070312,5095000
2025-03-12,109.80167223294052,110.32890861934386,107.79036884888599,108.21996307373047,2263700
2025-03-13,107.94658929319277,108.94248278729573,106.11103126254531,106.61873626708984,2256900
2025-03-14,108.2785584334284,109.49901105903275,107.42912072434918,109.28421020507812,2058300
2025-03-17,109.45019833598762,111.61772355650031,108.77651350054207,110.90497589111328,2616800
2025-03-18,110.18246257342176,110.63158824993064,108.41524953882455,109.20610046386719,2724800
2025-03-19,109.24515634531792,110.28009780251612,108.27855993814126,109.73333740234375,4095400
2025-03-20,108.24927053140462,109.55759219188988,107.12645260768781,109.15728759765625,3573700
2025-03-21,108.04422582046033,110.45583377747155,107.33147826094407,110.43630981445312,9228700
2025-03-24,111.88132228384352,112.96508474122079,111.59818384817845,112.64289093017578,2781900
2025-03-25,112.8772166643417,113.50208777747207,111.87156494943036,112.57454681396484,1656200
2025-03-26,112.28165013351274,113.36541274376908,110.35821545676855,110.90497589111328,1986300
2025-03-27,110.91473888410344,110.9245045913498,108.68863437126406,109.43067169189453,2719200
2025-03-28,108.93271689855567,109.20609708893406,105.544739291256,106.07197570800781,3085400
2025-03-31,105.41781692763462,107.64392131953734,103.98256345152586,107.04833984375,3372400
2025-04-01,106.76518922424559,107.79037236161425,105.62284740766998,107.39982604980469,2490600
2025-04-02,105.77907141407012,109.3427947398792,105.70096810360174,108.90343475341797,2036500
2025-04-03,103.48461217345358,104.68554077926336,99.05192754773694,99.48152923583984,3730000
2025-04-04,94.75594551318474,95.00979429781934,90.04988045296258,92.33456420898438,5816500
2025-04-07,91.77803694272848,97.54834050052354,87.93116790419845,94.6778335571289,6936700
2025-04-08,97.52880007543021,98.07556041448852,89.76672511594491,91.92448425292969,4819900
2025-04-09,91.08482124294177,102.58636559415145,90.1768041915804,101.96149444580078,4978100
2025-04-10,99.13003630639899,99.90136320859416,93.74052114617668,97.37258911132812,3565900
2025-04-11,96.84535777994255,98.95429601406646,95.30270389492176,98.1146240234375,3621100
2025-04-14,99.74515481069646,99.74515481069646,97.38235288875684,98.65162658691406,3388000
2025-04-15,98.47588144915233,99.23744269102922,97.51904331894059,98.06581115722656,2972500
2025-04-16,97.16754508328458,97.98769305469234,95.41009791435548,96.33763885498047,2460400
2025-04-17,96.85511298648709,98.66138874953157,96.85511298648709,97.21636962890625,2879200
2025-04-21,95.57608445877061,96.21072130750984,93.05706847709577,94.14083099365234,2721600
2025-04-22,95.3417534599471,97.74360315332709,95.3026980849672,97.43116760253906,2797700
2025-04-23,100.86796482160729,104.26570816186016,98.40753564001501,98.68091583251953,3838100
2025-04-24,98.66139274297072,102.75234485830276,98.30990179262001,102.56684112548828,2762700
2025-04-25,102.14700958637678,103.46509698321684,102.04936741330926,102.7914047241211,2636100
2025-04-28,102.63519341506189,103.78730106714703,100.97537326596178,102.02984619140625,2676500
2025-04-29,101.84432712905894,102.90856567967154,101.34638782694127,102.60588836669922,1635300
2025-04-30,101.43426421889951,102.8402281131684,100.4090809711531,102.62542724609375,3842100
2025-05-01,103.14288864381005,104.4902656209061,102.0493604420029,103.30886840820312,2687200
2025-05-02,105.44710118576089,106.80424383657946,103.99232381995095,105.75953674316406,2569800
2025-05-05,104.56837301477715,106.66755289100067,104.21688208438384,105.818115234375,2551500
2025-05-06,104.5293169785582,105.99386002958923,104.01184629237542,104.7343521118164,4424700
2025-05-07,112.2425908779514,112.28164625749241,105.80836794187135,107.26314544677734,5066000
2025-05-08,107.90753764792838,110.758520684366,106.94094124003044,109.72357177734375,3481500
2025-05-09,110.58278075656463,110.85616097057743,109.35256234445491,109.88956451416016,2581400
2025-05-12,115.92347581546903,117.30014250777046,114.24413180575532,116.58740234375,4028400
2025-05-13,117.01699943464693,119.72152669798704,116.2066170814402,118.61823272705078,3944200
2025-05-14,118.48153534734564,119.3504969911007,118.23744483058182,118.59870147705078,3305100
2025-05-15,118.07146587578353,118.38390144141945,116.76313682346026,117.40753936767578,2496500
2025-05-16,117.87629622777652,118.37643902655702,117.0035022647125,118.27837371826172,2712200
2025-05-19,116.62104315192697,117.797849305525,116.47394144748928,117.2682876586914,2651900
2025-05-20,116.38567820484272,117.07214281010894,115.18926205117613,115.70901489257812,2770600
2025-05-21,114.80680722315569,116.22877288938064,113.85555802659135,113.90459442138672,2243600
2025-05-22,113.55155066745448,115.96399309317113,112.61011026828967,115.08139038085938,3058500
2025-05-23,112.72778677728122,116.15032358049733,112.68856664025301,115.95418548583984,4430900
2025-05-27,117.65074069525595,118.68043760207193,116.57200739587122,118.63140869140625,2592000
2025-05-28,118.9060046821316,119.1413629263632,117.07215267932185,117.4251937866211,2372400
2025-05-29,118.1508866387714,118.28817956336441,116.57201052404848,117.6017074584961,1988700
2025-05-30,117.14079764951882,117.3369357521265,115.8757424267414,117.07215118408203,4057200
2025-06-02,116.70929651523039,116.85639820624203,114.89506227782765,116.56219482421875,2102100
2025-06-03,116.65045773040063,118.69024900318374,116.18955004681021,118.0626220703125,2626500
2025-06-04,118.66082513899602,119.80820487567507,118.14107230863215,119.259033203125,2481100
2025-06-05,120.01415307819843,121.27921575855235,119.21000557772966,120.1318359375,2823500
2025-06-06,121.67147850974273,122.04412965640775,119.74937012679672,121.12230682373047,2668600
2025-06-09,121.7793586829816,124.03489818953362,121.60283813480011,123.17190551757812,3303700
2025-06-10,123.31901028832307,124.62330062221827,122.75022100982542,124.48600769042969,3314500
2025-06-11,124.00547300239086,125.52551148580064,123.27978073404655,124.0447006225586,3488600
2025-06-12,123.01500969246679,124.40755660825378,122.33834630466859,124.270263671875,3605600
2025-06-13,123.47591749814886,124.48600439034651,122.82867299524351,123.11306762695312,3368300
2025-06-16,124.79982054402903,126.43752694154314,124.00547432051998,126.1923599243164,2853600
2025-06-17,125.65300176690968,126.37868654552543,124.88807440474231,124.9076919555664,2788000
2025-06-18,124.71155162813027,127.5554978945245,124.56444992719219,126.1727523803711,2429500
2025-06-20,126.94746442045623,127.32992432627755,125.37839718094534,125.84912109375,5780000
2025-06-23,126.1237190943595,127.06516701080356,124.34871230983127,126.90825653076172,1901100
2025-06-24,127.77124714848004,128.7911504079569,127.13381883416338,128.20274353027344,2723100
2025-06-25,128.40867755906865,128.45771395459653,126.5355979820754,126.93767547607422,2589400
2025-06-26,127.74181128613989,130.4386483493293,127.50646053746135,130.1640625,3019100
2025-06-27,130.830931520948,131.55661631985475,129.77180820393588,130.59556579589844,4287000
2025-06-30,130.7622732172843,130.97802138377457,129.90909680858624,130.75247192382812,2277900
2025-07-01,130.36999579006138,133.33161710084957,130.03657228829056,132.8903045654297,2724800
2025-07-02,133.24335521392976,135.4498581947591,132.0567553239707,135.12623596191406,2874600
2025-07-03,135.44005506662302,137.1954441635118,135.1948880720751,137.0581512451172,1476000
2025-07-07,136.3815175712835,136.96010814930392,134.84186149737678,135.72445678710938,5800800
2025-07-08,136.21479222460215,136.9502932948512,135.6460178984269,136.04808044433594,3312500
2025-07-09,136.99930881185486,137.205255664211,135.3517938482269,137.09738159179688,1939700
2025-07-10,137.29353096540615,139.5686880897461,136.8914534619794,137.95057678222656,2237600
2025-07-11,136.94048766960682,137.9015381811358,136.38151465507718,137.3916015625,2107700
2025-07-14,136.90126139453994,137.3621765604284,136.2343993606519,137.19544982910156,1636100
2025-07-15,138.1172794420144,138.3722627023826,136.58743973503064,136.98951721191406,2311500
2025-07-16,137.3425557794152,138.13689446165884,135.7538634511218,137.5877227783203,3253700
2025-07-17,138.27421404131974,141.76539038460746,137.78387994897463,141.5986785888672,3394400
2025-07-18,142.16745698993802,142.4714617095853,140.725873672288,141.44175720214844,1918400
2025-07-21,142.138032822098,142.138032822098,140.0982414356449,140.14727783203125,1986200
2025-07-22,140.27476525611064,142.13804371493507,139.15680416633933,141.5496368408203,2684500
2025-07-23,142.7264359095727,144.17783554493155,142.36359348263719,144.04054260253906,2996600
2025-07-24,143.94245435161943,144.71719048638255,143.36386379677046,143.981689453125,3024500
2025-07-25,144.63873668544517,146.94329763428428,143.75612645847548,146.73736572265625,2594100
2025-07-28,146.61967458166265,146.93349553989,145.88417354510003,146.5902557373047,2528600
2025-07-29,147.10020468754215,147.36498924584558,143.3148254883638,144.75640869140625,3428100
2025-07-30,144.79564794438267,144.79564794438267,142.4224327911039,143.23638916015625,3814900
2025-07-31,143.3344647796583,144.4033895045408,142.14784969778617,142.697021484375,4561600
2025-08-01,139.36273051303286,139.7255728857461,137.11700737010625,139.0391082763672,4078700
2025-08-04,139.73539259453696,140.37282082674835,138.87239994210975,139.8628692626953,4189900
2025-08-05,139.84326339651525,140.37281753475423,136.6756949687353,137.85250854492188,5765000
2025-08-06,128.26156897912043,131.79197998052751,121.3184448007947,131.3408660888672,12875800
2025-08-07,133.1256794687097,133.3610451729726,128.46750652229076,130.2621307373047,5119500
2025-08-08,130.63478905207845,131.57622193928867,129.25204359994464,130.1738739013672,2443700
2025-08-11,130.40923672935685,130.7426752481321,129.18340163273308,129.40896606445312,2259000
2025-08-12,129.6443206974071,130.78189929235634,128.6048148986392,130.37982177734375,3713000
2025-08-13,130.91918046739366,132.52747541915247,130.45826530160244,132.3901824951172,3274200
2025-08-14,131.66446480132777,132.44900210177997,130.2915357483897,131.7723388671875,3193400
2025-08-15,131.84916582134016,131.91809060797272,129.40751877543738,129.7127227783203,3316400
2025-08-18,129.00384103366252,130.293581691357,128.6494072250502,129.79147338867188,2781700
2025-08-19,129.95885472458923,130.77602205324968,128.531279400743,129.55519104003906,1714700
2025-08-20,129.21060643944037,129.98838384961903,128.13744998151608,128.8660125732422,2062200
2025-08-21,128.39342807945792,129.2893600360723,127.8913047735476,128.078369140625,3035800
2025-08-22,128.91523641908347,132.4595594846198,128.20636880140867,131.70147705078125,3643200
2025-08-25,131.71132270958665,132.06575653376308,130.33297729492188,130.33297729492188,2123200
2025-08-26,130.30344239469167,131.44549358562503,130.1951427533368,131.28797912597656,3381400
2025-08-27,130.91385539023045,131.74086267080057,130.5003517499454,131.3864288330078,2520300
2025-08-28,131.92792317508912,133.00106461633064,131.701483931258,132.46942138671875,3487700
2025-08-29,131.6522668638182,132.56787891000172,129.5945884828089,129.9588623046875,2345700
2025-09-02,128.25559812726902,129.37796934695731,127.08399706877628,129.3484344482422,2771700
2025-09-03,129.3189041283805,129.3189041283805,126.65080300822017,127.49750518798828,2060000
2025-09-04,127.94054000882191,131.08121445720633,127.56642628171909,131.04183959960938,2958700
2025-09-05,131.5144072389444,132.39064425472668,128.777396559407,130.50033569335938,3207900
2025-09-08,131.1107498188148,131.75070768401565,129.61424983660916,130.67755126953125,2152400
2025-09-09,130.56924999643715,130.73661942968394,129.61424821280022,130.00807189941406,1590100
2025-09-10,130.60863547757236,133.36534109967224,130.3625013152927,131.60301208496094,2499300
2025-09-11,131.93776501931941,135.55101310441609,131.09106280981186,135.34426879882812,2678500
2025-09-12,135.22611754014824,135.41316688813552,132.9419852563654,133.0109100341797,1821900
2025-09-15,133.90683469978427,134.5074027035791,132.70569869219463,133.562255859375,1770900
2025-09-16,129.5453386999663,130.81538441243958,126.02069556805671,127.0347671508789,6082400
2025-09-17,127.51719412916404,130.47080414899347,127.21199016410232,128.97430419921875,5107000
2025-09-18,129.52566062315907,130.50035747556302,128.79711299667088,129.87025451660156,3261500
2025-09-19,130.08685004854706,130.60865334212488,128.80694922506143,130.29359436035156,3774200
2025-09-22,130.4215843644122,131.92792438881565,129.74225160383057,130.78585815429688,3109300
2025-09-23,131.3273489245795,131.484878400996,128.64940791684992,129.4272003173828,2634300
2025-09-24,130.82524302983504,131.17967684688423,128.8266347073414,129.8800811767578,3712600
2025-09-25,128.06854859395614,128.66911664215323,127.33998595460314,128.09808349609375,1746600
2025-09-26,128.442666194312,129.0727690897493,124.59312404081257,126.6114273071289,6874700
2025-09-29,127.51720241647092,128.10791544512463,126.53266567920967,127.25137329101562,3018200
2025-09-30,127.26122611035642,129.24015476684573,126.91664723119713,129.1515350341797,3589100
2025-10-01,127.94054599081107,129.5945755211344,127.56643224621618,129.161376953125,1926600
2025-10-02,130.19514239957397,131.27812378734174,129.20075068906164,130.99261474609375,2424900
2025-10-03,131.20921262440942,133.70008931931514,131.09105800271035,132.67616271972656,2711900
2025-10-06,131.14027493250606,133.39487220772622,130.73661131235409,132.68600463867188,2218300
2025-10-07,133.6705573778009,133.6705573778009,128.86601327995373,129.4567413330078,2625400
2025-10-08,130.17544025413386,131.967289189159,128.82662981789576,130.88430786132812,1699000
2025-10-09,131.38641764172394,132.15435505439004,128.79709637505232,129.49610900878906,1851000
2025-10-10,130.05730236149017,130.35265134931927,123.94332292518781,124.06147003173828,2712800
2025-10-13,126.59173783948364,127.72394909930333,125.68596582706016,126.19791412353516,2028800
2025-10-14,124.05161367244835,129.28935568291328,123.77594462166984,127.76332092285156,1981400
2025-10-15,129.1219820551118,130.40188276828417,126.47359095418253,128.25559997558594,2636000
2025-10-16,128.91522999567397,129.41733827365957,126.45388839662058,126.89692687988281,2430900
2025-10-17,126.41450955145407,127.8420998217718,126.0305408294032,127.2809066772461,1971800
2025-10-20,128.03900182787913,129.0826083342805,127.29074431548725,128.33436584472656,1813700
2025-10-21,127.9700678067326,131.012297430894,127.27105520760156,130.12620544433594,1779100
2025-10-22,131.12060365661145,131.4750375051022,127.881484198525,128.09808349609375,1913400
2025-10-23,128.45249137566643,131.1895019212395,128.41310149888673,131.13043212890625,1800600
2025-10-24,132.1346660025302,132.4890997856305,130.60863124132518,130.62831115722656,1251200
2025-10-27,131.62271612002922,132.81399713499675,131.1205927796641,132.3808135986328,2325500
2025-10-28,132.76479457929133,133.7690113070928,131.7605628286504,132.4398956298828,2525800
2025-10-29,132.66632847098046,135.68886353653238,131.92792590064104,134.32034301757812,3356600
2025-10-30,133.02076592806637,137.4216465689607,132.63679718194723,134.70433044433594,3160200
2025-10-31,134.4975687499833,138.1108168931257,134.3400392613027,137.41180419921875,4636900
2025-11-03,137.2050472141554,138.87875674720604,135.7282420339038,137.86468505859375,3373100
2025-11-04,135.6494822847495,137.3428868223069,135.00953935887102,135.610107421875,3866100
2025-11-05,127.48766569837721,133.2373565565188,126.52280889317511,130.40188598632812,4780300
2025-11-06,129.43704639181576,132.05591772533663,129.24998200758736,129.4567413330078,3634500
2025-11-07,127.99960387888842,129.2991994619676,126.49326401303384,127.48765563964844,4631000
2025-11-10,128.40326296523483,128.5410974898199,125.99115127357808,127.97991943359375,2509100
2025-11-11,128.21621126519065,128.97430873667875,127.26120945668745,127.52703857421875,1689900
2025-11-12,128.60018004708817,131.9672937871591,128.196531413991,130.3920440673828,2564900
2025-11-13,129.3878149670787,130.64802077685846,125.91240151970882,126.47359466552734,2346900
2025-11-14,125.34139880937805,127.92218269706078,124.38225311830217,126.1522216796875,1955500
2025-11-17,125.79624640050231,128.44624652437636,125.262288787121,125.50949096679688,2827200
2025-11-18,124.74811889402406,126.40931039668723,124.42181018713855,125.33151245117188,2235800
2025-11-19,125.24252277616253,127.53655128314271,125.09419995144933,126.7356185913086,2349100
2025-11-20,128.50559869380075,129.72182929700645,121.99922741461495,122.3354263305664,2930200
2025-11-21,122.71116975259787,127.90242346197975,122.28598166967379,126.78506469726562,3667900
2025-11-24,127.43767243283892,128.7527898386393,125.81601919446116,127.18057250976562,2982700
2025-11-25,127.49700190421413,130.90838905444667,127.19047360756477,129.43505859375,2357300
2025-11-26,130.04811590077733,130.8984919304043,129.35595287387684,129.96900939941406,1484500
2025-11-28,130.33487688727462,132.36193781071194,130.33487688727462,131.88731384277344,1136000
2025-12-01,130.69084646313777,132.28282910282925,130.39420083009756,130.4634246826172,2517800
2025-12-02,131.0171498192301,131.11603672222742,128.77254989579382,130.36453247070312,2049700
2025-12-03,130.51286248808924,133.5880580718769,129.5339364678273,133.38040161132812,2008800
2025-12-04,133.3902919589811,135.496459387057,133.03432021181365,135.11082458496094,2675300
2025-12-05,134.81419519804192,136.54461068823954,134.47800380964398,135.85244750976562,1578700
2025-12-08,136.16886117653968,136.16886117653968,134.02313288675495,134.4087677001953,2541100
2025-12-09,133.97370870199998,135.35803497602643,133.71660875966307,133.73638916015625,1646500
2025-12-10,132.5399063791525,136.04029749095875,132.5399063791525,135.47666931152344,2651300
2025-12-11,135.4668106869461,139.27373074511064,135.4668106869461,138.008056640625,2281600
2025-12-12,138.26512685524543,138.690307367905,134.7251897828649,135.11082458496094,2240100
2025-12-15,136.45560082401468,136.594033438721,134.99216817025874,135.723876953125,2074500
2025-12-16,135.82277978565716,136.0798646465377,132.17407283472048,132.58937072753906,3156200
2025-12-17,132.79701336597086,133.7957047358598,129.03953723352032,130.16677856445312,3510300
2025-12-18,131.95651478079805,132.86621695206017,130.07778433180368,130.12722778320312,2309800
2025-12-19,130.31510587849078,131.7785537744622,129.97891450564262,131.49179077148438,6229400
2025-12-22,132.6981264893699,134.23078301469306,132.15427867870383,133.4792938232422,2019100
2025-12-23,133.30129609766357,134.64607650962583,132.89588091664027,133.97369384765625,1816000
2025-12-24,133.94403200571082,135.7139929249822,133.94403200571082,134.77462768554688,916100
2025-12-26,134.616418911852,134.71530581933663,133.60782978999896,134.1912384033203,740100
2025-12-29,133.79569997543678,134.70540214978539,133.4891716989525,133.7067108154297,1006400
2025-12-30,133.49907467611152,134.42855739018324,132.99478760461588,133.77593994140625,2246400
2025-12-31,133.83526721435334,133.99346514375125,131.1654715814394,131.2346954345703,1895100
2026-01-02,131.7389920544646,134.86363148015405,131.19514419745775,134.30001831054688,1889400
2026-01-05,136.5347205842029,142.75432128242295,136.4556140698313,141.2513427734375,5453300
2026-01-06,140.85580398815162,144.5539541597598,140.5196126329211,143.99032592773438,2981000
2026-01-07,144.13865627400475,144.66272370650563,140.53939301349564,140.5591583251953,2780900
2026-01-08,140.5097275328854,142.49722766214208,139.82744709041734,142.24014282226562,2594500
2026-01-09,141.54796000096877,143.10039690914246,140.4306164248423,142.58621215820312,2509400
2026-01-12,141.93359154768257,144.27707838341814,141.44908494993248,143.7332305908203,2267200
2026-01-13,144.40563006093336,145.789971429412,143.8321342361917,144.71217346191406,3821100
2026-01-14,144.2968478506414,146.75898697095664,144.24741948554563,146.49200439453125,4139900
2026-01-15,148.33119942708385,149.64631691301622,146.06683396311092,146.3634796142578,3013800
2026-01-16,147.28306663387374,148.88494713767417,146.93699260929338,147.78736877441406,3438100
2026-01-20,146.34368987819659,147.0358529613671,142.3884550166237,143.5948028564453,2725200
2026-01-21,145.2065723895662,148.86516178266012,144.23752894173333,147.89613342285156,2396500
2026-01-22,149.1321452407709,150.04184749438141,147.64893209266205,148.57839965820312,2061200
2026-01-23,148.08399144546695,149.68587186385017,146.017384800345,146.0272674560547,3027400
2026-01-26,146.63043354759625,147.91588785822285,146.0371573882462,147.46104431152344,1912400
2026-01-27,146.3436884441873,147.0852949734653,145.49331235376096,146.0173797607422,2543200
2026-01-28,145.95806995853232,148.01479410673116,144.78138505320473,146.75900268554688,3351300
2026-01-29,148.22243369854684,150.79334262440236,146.8776531214574,149.03326416015625,3544800
2026-01-30,147.11496218422172,149.5078775090726,144.37595776738658,145.31533813476562,4716800
2026-02-02,145.75039870305352,147.52037475398507,145.41420736073948,146.96664428710938,4534100
2026-02-03,148.32130754875638,152.3160881266725,147.87634664371484,150.39781188964844,4908500
2026-02-04,157.68533527964865,158.33795268699083,152.67206758873502,155.5594024658203,9706700
2026-02-05,152.87971971807045,154.26404591725947,148.38063693867016,149.25079345703125,5617200
2026-02-06,151.08008492854407,155.75716126160688,150.58568054485642,155.6187286376953,3400800
2026-02-09,155.76704256053736,159.22787321619992,155.33196429259874,158.2192840576172,3058200
2026-02-10,158.40716265835877,161.7097803440851,158.1599604647321,159.8804931640625,3171200
2026-02-11,161.47248123064463,163.3017684711188,152.77096070982623,152.93905639648438,7595500
2026-02-12,153.9970907039892,156.26145625784557,143.22896328249834,143.3574981689453,9898100
2026-02-13,144.62306380291264,147.88875443894875,143.03489919846749,147.0351104736328,5181300
2026-02-17,145.36753181998543,149.06003716030347,143.92825232592733,147.7498016357422,4608200
2026-02-18,149.0997238072396,152.2859884899078,148.22622351357205,150.02284240722656,3699400
2026-02-19,149.88388555928603,151.12464620133312,149.31809143643068,150.18167114257812,2254000
2026-02-20,148.95084317354102,151.12465841748838,145.298050818163,147.521484375,3140300
2026-02-23,146.24103376723036,147.50165098969168,142.73712645530753,144.43447875976562,2446400
2026-02-24,144.9307717353471,150.31070836285403,144.39476977222483,149.76478576660156,2927800
2026-02-25,150.24123443372386,150.51916362288787,145.7149417576188,147.3428192138672,2418700
2026-02-26,148.375129208578,151.6705970289161,147.06489373319428,151.5911865234375,2676300
2026-02-27,148.95083984964918,150.43975270723624,146.75718338790026,149.6357421875,2904600
2026-03-02,146.90605761276407,151.67058142940581,146.88620120193536,150.95590209960938,2504600
2026-03-03,146.43954432586577,147.78949261645525,143.78928120347416,145.4866485595703,2915700
2026-03-04,146.20131607967465,147.2038604731749,142.94556103770552,144.13670349121094,2660000
2026-03-05,141.94302620129972,143.35252856004377,139.5607716800994,141.16879272460938,3889800
2026-03-06,137.91302553067686,138.96518810295294,136.8112295048776,137.33731079101562,2060900
2026-03-09,134.96499136893937,140.4044822083093,133.6547407583584,140.07691955566406,3149000
2026-03-10,140.3548474234662,141.79414198403757,138.98505787971578,139.06446838378906,3156500
2026-03-11,138.6078505736903,138.71703811471914,136.18588340614428,138.5383758544922,2043000
2026-03-12,136.5432263864537,137.11894114894145,130.63720868711138,131.20298767089844,3356800
2026-03-13,132.42390815061083,133.78377699541434,130.84566421665585,131.26255798339844,3531500
2026-03-16,132.66213586909166,133.6448238544499,130.93500656549935,132.1062774658203,2352700
2026-03-17,132.79117002960925,133.47607234949027,129.04903157150824,131.51071166992188,3407500
2026-03-18,131.03425950570303,131.9276163583427,128.681781904496,128.92001342773438,1997500
2026-03-19,126.71641630413598,129.85306308530238,125.01904895006018,128.93984985351562,3141600
2026-03-20,128.65199684787947,129.38653263929706,125.68409935591603,127.2027816772461,3353000
2026-03-23,128.48325983805918,132.4536942451883,127.78843684601264,128.87037658691406,4006500
2026-03-24,126.795820746289,130.03172691045557,126.29951644510405,129.18800354003906,2950600
2026-03-25,131.4809410394394,131.5404951317249,128.48325884435974,129.89276123046875,3087600
2026-03-26,128.2053290890358,129.55527737695584,125.03890526432595,125.37638854980469,2484400
2026-03-27,123.70880118727,126.68662684514251,122.50774574735502,124.47311401367188,3474600
2026-03-30,125.70395039080125,125.89254844500034,121.73351605736343,122.38864135742188,2986500
2026-03-31,125.22749661328473,130.289791062374,124.3738526659632,130.05157470703125,5004400
2026-04-01,131.17321121537356,133.40658040845713,130.46846764065174,131.39158630371094,2898100
2026-04-02,127.78841940393764,132.2650781343865,127.3715256656123,130.72653198242188,2562600
2026-04-06,130.00194768491724,131.8382796269223,129.44608930026848,131.67945861816406,2897800
2026-04-07,130.77616799038324,133.9128144402219,130.458526004879,133.64480590820312,3030400
2026-04-08,140.31515084811332,143.92824550883984,139.1835776616771,141.6055450439453,4869700
2026-04-09,141.38716465876965,144.33521327173594,141.38716465876965,143.60067749023438,2344400
2026-04-10,144.56350957993453,144.69255353901627,142.60806951171764,142.70733642578125,2029400
2026-04-13,142.35000039125475,143.43194011068167,140.83131047235145,143.39224243164062,2606900
2026-04-14,144.35505016359573,144.79180033687604,142.1812502218662,143.49148559570312,1986100
2026-04-15,142.3202126510053,143.33266242352494,139.09423500165445,139.3622283935547,2565900
2026-04-16,139.64016472583748,140.7121837864316,138.32992930466992,139.33245849609375,3274100
2026-04-17,141.50626995106944,146.29065034716686,141.50626995106944,145.2682647705078,3831100
2026-04-20,144.37489968913428,145.9928563504369,143.90837249410842,145.68515014648438,2222700
2026-04-21,145.97300368236745,147.39244171422024,143.24333030557733,143.75949096679688,1706400
2026-04-22,145.26826197469572,145.94322849363385,141.49634659508894,141.7147216796875,2261800
2026-04-23,140.95042629053745,142.1018559431635,138.4589840671189,141.38717651367188,2660900
2026-04-24,141.31767135153348,141.42685889550532,139.17364844100172,140.3052215576172,2455200
2026-04-27,140.46402934248184,141.64523593096231,138.5483021262772,140.42433166503906,2595300
2026-04-28,139.33246485148564,139.74935864750955,137.05939781330656,137.39688110351562,1779300
2026-04-29,137.66488983727317,138.0718630003244,135.3322535573504,135.55062866210938,2866400
2026-04-30,136.2454588735543,139.85855378095218,136.2454588735543,139.40196228027344,2736900
2026-05-01,139.98759218360058,139.98759218360058,136.2156764060334,136.43405151367188,2759800
2026-05-04,135.98738136731404,138.43912587809862,134.4289785589344,134.45877075195312,3316600
2026-05-05,137.2976236439819,139.6302446784053,135.8881061566564,137.357177734375,4138800
2026-05-06,140.95041785613353,148.3652051339077,140.95041785613353,146.89614868164062,5843800
2026-05-07,146.8564455478456,146.8564455478456,138.81632463562434,140.04714965820312,3937800
2026-05-08,141.516214712087,141.84376222007478,138.46889905421637,140.26551818847656,2534500
2026-05-11,140.2555870371398,140.45410571212574,138.06191554163445,138.39939880371094,2487500
2026-05-12,137.83361250396104,137.9626564515517,133.50583897664742,136.26528930664062,3433300
2026-05-13,135.69951816033756,137.43658307964242,134.1014178287369,136.7417449951172,2964600
2026-05-14,136.7715393305799,137.95274604840228,135.92783106499678,136.8608856201172,2088500
2026-05-15,134.962296120043,134.962296120043,130.72666056941634,132.60031127929688,3173400
2026-05-18,132.23155381705192,132.8095953272328,130.50740522059886,131.7731170654297,2107200
2026-05-19,129.6403542077249,132.56044402143553,127.6969479076356,130.2084197998047,4044400
2026-05-20,130.9160346140493,133.5172140344196,128.99254965368394,132.4109649658203,3295200
2026-05-21,131.0954167396743,134.67329487855514,130.39778562875662,134.44406127929688,3638000
2026-05-22,135.64997351672332,137.03527496076526,134.105209193904,135.95892333984375,2950700
2026-05-26,137.28442739221592,140.69286652329458,136.34760200625772,140.49354553222656,2689600
2026-05-27,141.33070473504688,141.8987855348698,138.92884646099094,139.24777221679688,2388300
2026-05-28,138.5401727333014,142.12801164511052,137.4737969946807,141.31077575683594,2757100
2026-05-29,141.76922233864536,145.07800867617155,140.9121283650756,143.33392333984375,3868300
2026-06-01,140.18460509531545,142.11805077320534,139.6364609277872,141.17124938964844,2037500
2026-06-02,141.55991800219323,143.00502937104574,139.58661438290557,141.54995727539062,2260100
2026-06-03,139.8955683509641,142.63627381757024,139.56668187010533,140.4038543701172,2241800
2026-06-04,141.3307094496247,142.2974322692364,140.24439707120493,141.57986450195312,1838700
2026-06-05,140.45366786154224,140.68290144102988,136.82597119042933,137.65316772460938,2232600
2026-06-08,138.3807179299913,139.5268250528961,137.39405847823338,138.5999755859375,1599000
2026-06-09,139.84575115258386,142.45689116152505,137.54354575950276,141.9386444091797,2890400
2026-06-10,141.91870515874868,143.74252188229582,136.16821776620156,136.64659118652344,2952200
2026-06-11,138.42057496347294,142.11804248963463,135.95892192414195,141.60975646972656,2057600
2026-06-12,143.39371621060585,144.17107873359305,140.90216576328348,142.58645629882812,2213400
2026-06-15,145.76566454837013,149.06449017472332,144.73914696196886,146.02479553222656,2517800
2026-06-16,146.6128012785229,151.06769488172222,146.0048623355945,148.3070526123047,4229600
2026-06-17,149.30365879551175,152.24368512877356,148.16751245899914,148.49639892578125,2962300
2026-06-18,151.76532246602278,152.3633006674385,149.5727610728608,150.1508026123047,4090300
2026-06-22,150.21058707542585,151.48625962410415,148.86514381824628,149.7023162841797,2806400
2026-06-23,146.34369564829345,146.4333878098992,142.60637017589087,142.6562042236328,2925400
2026-06-24,142.76583992059045,144.2807068430391,140.42377642888417,140.9619598388672,3726800
2026-06-25,142.516682621169,146.84201045798156,141.4802043478268,144.84877014160156,3135200
2026-06-26,143.11466422870745,144.35046352186018,141.3107689250912,143.00503540039062,5831700
2026-06-29,142.50671913096772,143.56313404501046,141.12141774623342,142.33729553222656,2329200
2026-06-30,142.37715506092394,143.68272502265205,141.43036896104007,142.66616821289062,2804700
2026-07-01,141.8489468248731,142.24758879931807,138.9986126066637,139.04844665527344,2160500
2026-07-02,140.10485993349383,141.5200586955837,136.80604973085704,138.5800323486328,2654900
2026-07-06,138.5700559867057,141.26094249964703,138.11161924359965,141.08154296875,1896200
2026-07-07,139.6165181375521,140.38391993841114,136.51702875234534,137.4438934326172,2159500
2026-07-08,135.7795434154645,136.5967640831041,133.74642966307965,136.0187225341797,2838200
2026-07-09,137.64320884502268,139.02851023839256,136.26786817850564,137.33425903320312,2341400
2026-07-10,138.5700616833153,139.91550499509708,137.75284105203556,138.41061401367188,1563400
2026-07-13,137.533579478699,138.80925204279367,134.49388500674823,134.9224395751953,1742000
2026-07-14,136.8259765639597,137.5834176264198,134.08527109413947,135.63003540039062,1831600
2026-07-15,136.4871361175928,136.64659900256015,134.14508772440803,135.7895050048828,2249900
2026-07-16,133.45741495363342,138.8391579637273,133.09863107247935,138.6099395751953,2499300
2026-07-17,137.83257533069823,141.8888115966059,137.0552127990065,139.06837463378906,3253900
2026-07-20,138.9886640752823,139.5268323087258,134.7928862125369,136.11839294433594,2251200
2026-07-21,138.15148558741433,139.86567352726686,135.60014033941533,138.78932189941406,1612500
2026-07-22,138.64979502860672,140.44371439991536,138.56010286184556,139.1580810546875,1696300
2026-07-23,138.2312207703559,145.3470884967193,138.13156787319275,144.41026306152344,4274500
2026-07-24,144.4102534155392,148.67578643397403,143.84218783872245,147.4399871826172,3744000
2026-07-27,148.0977638176772,150.28034922288268,146.4234340189792,148.79539489746094,2835200
2026-07-28,148.4964052740873,151.5759579484957,147.12106457369572,151.29690551757812,2740100
2026-07-29,150.27039231946725,150.27039231946725,144.60959689121748,145.23745727539062,3601400
2026-07-30,148.7854160354894,149.10434178409622,146.25400753659352,148.1376190185547,2910900
2026-07-31,149.22393703444803,150.4896489358365,147.44995430992748,149.3136444091797,3725500
2026-08-03,150.1109304791933,154.45619518326208,149.5328889351638,154.32664489746094,3431800
2026-08-04,155.47274868973648,158.94098267171748,151.76532038901922,158.3031463623047,5333600
2026-08-05,156.7384612419855,164.3127655472866,154.97443925101106,161.92088317871094,5250800
2026-08-06,163.76462804694324,164.2928355024458,155.4727412159614,156.37966918945312,3831300
2026-08-07,157.43608450723855,158.80144923077677,156.3796695935039,157.72509765625,2826800
2026-08-10,157.89453159544783,159.26987234306134,156.81819515764832,158.17359924316406,3570200
2026-08-11,158.46261086246037,163.86429048963538,158.46261086246037,163.82443237304688,2530900
2026-08-12,165.3592135194018,165.78776809180027,162.2697001776805,163.2463836669922,2457100
2026-08-13,163.70481762018844,163.81444644313936,159.30973438984864,163.65499877929688,2695400
2026-08-14,164.25999450683594,164.8000030517578,162.3000030517578,163.1699981689453,2144400
2026-08-17,162.99000549316406,164.35000610351562,161.5500030517578,162.0500030517578,2054100
2026-08-18,161.08999633789062,161.5,157.72999572753906,157.77999877929688,2120300
2026-08-19,159.11000061035156,159.6999969482422,157.17999267578125,157.60000610351562,1554700
2026-08-20,155.77000427246094,157.25,154.0800018310547,154.72000122070312,1821600
2026-08-21,156.4499969482422,157.47999572753906,155.0800018310547,157.25999450683594,2081300
2026-08-24,157.3699951171875,158.1999969482422,156.2100067138672,157.57000732421875,1722000
2026-08-25,159.8000030517578,159.82000732421875,154.60000610351562,154.9600067138672,3112000
2026-08-26,155.5800018310547,158.6999969482422,155.5,158.2899932861328,2066500
2026-08-27,158.60000610351562,158.97999572753906,156.5500030517578,157.7100067138672,1710300
2026-08-28,158.27000427246094,158.63999938964844,154.4199981689453,155.17999267578125,1533800
2026-08-31,153.77000427246094,154.49000549316406,152.1300048828125,152.44000244140625,2285400
2026-09-01,151.47999572753906,152.25999450683594,146.97000122070312,147.6300048828125,2700400
2026-09-02,148.00999450683594,150.60000610351562,146.35000610351562,148.97999572753906,2885700
2026-09-03,150.25,151.10000610351562,147.14999389648438,150.2100067138672,1596400
2026-09-04,150.1699981689453,153.61000061035156,150.1699981689453,152.82000732421875,2036700
2026-09-08,153.17999267578125,153.9499969482422,151.6999969482422,152.14999389648438,1930100
2026-09-09,151.1999969482422,152.8800048828125,150.3000030517578,150.33999633789062,2038100
2026-09-10,148.57000732421875,150.14999389648438,146.50999450683594,148.3699951171875,2529700
2026-09-11,150.92999267578125,152.27999877929688,149.9199981689453,152.19000244140625,1901900
2026-09-14,148.3800048828125,149.6199951171875,146.25,148.3000030517578,2068500
2026-09-15,148.6199951171875,149.02999877929688,145.8300018310547,147.0,2087300
2026-09-16,148.2899932861328,148.94000244140625,144.39999389648438,145.8300018310547,2516000
2026-09-17,149.2100067138672,149.36000061035156,146.8300018310547,147.39999389648438,2031000
2026-09-18,147.60000610351562,149.99000549316406,147.1199951171875,149.9199981689453,3925200
2026-09-21,151.0800018310547,152.25,149.69000244140625,151.72000122070312,2103700
2026-09-22,153.1999969482422,155.11000061035156,152.5,154.19000244140625,1866900
2026-09-23,152.99000549316406,156.00999450683594,152.99000549316406,154.58999633789062,2722800
2026-09-24,152.72999572753906,156.30999755859375,152.52000427246094,156.13999938964844,2071800
2026-09-25,157.67999267578125,159.8699951171875,156.67999267578125,158.22999572753906,1956200
2026-09-28,156.63999938964844,160.1300048828125,156.57000732421875,159.38999938964844,2140500
2026-09-29,160.07000732421875,160.2899932861328,156.24000549316406,157.24000549316406,2448000
2026-09-30,158.25,158.27999877929688,154.9600067138672,155.10000610351562,4646200
2026-10-01,153.35000610351562,159.17999267578125,153.10000610351562,158.57000732421875,3341400
2026-10-02,161.58999633789062,164.1300048828125,160.24000549316406,161.61000061035156,2900600
