Date,Open,High,Low,Close,Volume
2015-01-02,74.14888639934973,74.62989455901298,73.3348785817231,74.17108917236328,2258860
2015-01-05,73.92690872027018,73.92690872027018,72.52089036383309,72.75769805908203,3348656
2015-01-06,72.74288010038595,73.62349038597797,72.1730727401752,72.58747863769531,4490130
2015-01-07,73.31267789074896,73.88988410411663,72.88347419225008,73.11287689208984,2770013
2015-01-08,73.73448201635522,74.59289539687421,73.73448201635522,74.44489288330078,2717699
2015-01-09,74.51151240833464,74.57810876198424,73.12769098347945,73.20909118652344,2813733
2015-01-12,73.40886827533735,73.53466799317627,71.95845108849261,72.8538589477539,2928549
2015-01-13,73.36446539302281,74.17107411962483,72.52085005523047,73.37186431884766,3632088
2015-01-14,72.28405225507,73.23126458591031,72.28405225507,73.03146362304688,3288807
2015-01-15,73.45327212290753,73.54947015069959,71.85485235514408,71.86225128173828,3708490
2015-01-16,71.68463806281063,72.75765602384851,71.41083587606242,72.68365478515625,5125119
2015-01-20,73.46807461987716,73.81587811109208,72.47646262669967,73.2460708618164,4034474
2015-01-21,72.87606226163878,73.63827148259358,72.63185575926455,73.44586944580078,2658487
2015-01-22,73.81589525566551,73.96389779541461,72.61708307114743,73.54949188232422,4697159
2015-01-23,74.74090861117149,76.90173124022792,74.37090227426378,75.85092163085938,6242081
2015-01-26,75.791708688409,75.84350717264742,74.93330128398514,75.39950561523438,3501673
2015-01-27,74.61508853353098,75.33289829287553,73.97868494550175,74.6668930053711,2670054
2015-01-28,75.13309765653521,75.85090741923132,73.82328385674148,73.86768341064453,4046253
2015-01-29,73.66790184963544,74.23030433543165,72.56528767429532,74.12670135498047,4807412
2015-01-30,73.45331321581929,73.81591474109334,72.18049942543786,72.34329986572266,4349316
2015-02-02,72.94270351641606,73.90472028395101,71.73649207816617,73.83071899414062,3780542
2015-02-03,74.00090578015683,74.97032131358915,73.97130407105986,74.94071960449219,2933324
2015-02-04,74.65949754847087,75.11090405181143,74.30429508285765,74.55590057373047,2615192
2015-02-05,74.7409298352832,75.85094317018051,74.61512405038847,75.73253631591797,2711757
2015-02-06,75.66592770780129,76.11733429577768,75.06651856697782,75.2959213256836,2551736
2015-02-09,75.07387967197853,75.46608863583123,74.8370781031452,75.17748260498047,2391291
2015-02-10,75.48094055027273,75.95454402715662,75.08873729653843,75.8065414428711,1806706
2015-02-11,75.62152740253133,76.08033291546762,75.38471972566427,75.79912567138672,2042280
2015-02-12,75.96930614555157,76.74631329515508,75.96190721860944,76.59091186523438,2060850
2015-02-13,76.4059082930936,77.29391731477752,76.4059082930936,77.24211883544922,2090668
2015-02-17,77.01271308908234,77.27171745747935,76.70930917002399,76.9609146118164,2438936
2015-02-18,77.13111743163309,77.66392404611605,77.00531770047388,77.41972351074219,2405616
2015-02-19,77.16070300373846,77.69350950686403,76.97569991362087,77.4789047241211,2081649
2015-02-20,77.39750852351897,77.98951844219155,76.65010319043444,77.96731567382812,3581047
2015-02-23,77.922927948786,77.922927948786,77.04231785400127,77.24211883544922,3263870
2015-02-24,77.21834211012572,77.7463703680778,77.03242226409209,77.56788635253906,2496026
2015-02-25,77.41913461381303,77.95459862586688,77.3968211045964,77.63480377197266,2274353
2015-02-26,77.49349901364964,77.61249033822253,76.92084987737846,77.0770263671875,2021163
2015-02-27,76.86136276270484,77.24808613094899,76.40026905280492,76.43745422363281,3178236
2015-03-02,76.43743277602265,77.81327768969098,76.25150697405215,77.77609252929688,3385478
2015-03-03,77.25552037872069,77.64224373904464,77.04728703889812,77.37451171875,2637158
2015-03-04,77.61252571557185,77.61252571557185,76.169745463492,76.63827514648438,2659548
2015-03-05,77.13651110611035,77.22575910607023,76.60848903901997,76.6977310180664,2380043
2015-03-06,76.08789651712056,76.42999879683848,75.55986843093493,75.76066589355469,2618164
2015-03-09,75.96891582730181,76.9729093016946,75.85736032782326,76.7051773071289,2634717
2015-03-10,75.96147923081199,76.1548408904386,75.2400894165039,75.2400894165039,3186937
2015-03-11,75.31447969892054,75.46322040278953,74.80132306638934,74.85338592529297,2619861
2015-03-12,75.10621388079082,76.28126141539369,75.10621388079082,76.19945526123047,2763965
2015-03-13,76.1325273824026,76.1920260565558,74.59306993443025,75.2400894165039,2748897
2015-03-16,75.48551746298763,76.48951105442588,75.40371129134925,76.43745422363281,2373251
2015-03-17,75.87966394712377,76.23663788638426,75.73835912868353,76.0135269165039,1963013
2015-03-18,75.84250307066159,77.53813735124207,75.2549761243313,77.22578430175781,3139716
2015-03-19,76.80187740991697,77.03986011749447,76.20691462005766,76.61595153808594,2374949
2015-03-20,77.12907171176353,78.9436966675892,77.04726556460123,78.38592529296875,10572084
2015-03-23,78.37851831570441,78.37851831570441,77.28527662641044,77.56788635253906,4267077
2015-03-24,77.41911548120105,77.96201518852195,77.13650586523293,77.38936614990234,2545793
2015-03-25,77.64967233864098,77.64967233864098,75.79785600208733,75.8052978515625,2619755
2015-03-26,75.39626672237038,76.31101820616107,75.02441505719183,75.9837875366211,2947119
2015-03-27,75.93917170627662,76.63824806763125,75.86480136818233,76.57131958007812,3384417
2015-03-30,77.12908456135321,78.16282735656497,77.0324067425689,78.02152252197266,2743697
2015-03-31,77.53067350667047,77.95458192364539,77.18857123777154,77.5752944946289,2919210
2015-04-01,77.3819548351586,77.41914000583314,76.31846256641576,76.77955627441406,2811716
2015-04-02,76.87621778999211,77.35218301960158,76.45974520362722,76.98033142089844,2161128
2015-04-06,76.46717638672845,78.13306061008738,76.40767772618469,77.70915222167969,2332397
2015-04-07,77.612498583597,77.97690842489415,77.44144439697266,77.44144439697266,1940835
2015-04-08,77.3373366344574,77.89511425819374,76.96549090621546,77.23322296142578,2213124
2015-04-09,77.24064460282356,77.81329378296212,76.93572742871194,77.63480377197266,2076024
2015-04-10,77.91740402808999,78.0140818408614,77.32244141073816,77.86534118652344,2235727
2015-04-13,77.57532186926835,77.82817623056397,76.80931091308594,76.80931091308594,2973223
2015-04-14,76.57872353965534,77.01006770853937,76.2143078304706,76.78695678710938,2320618
2015-04-15,77.15884166352338,77.52325150925915,76.96547998558066,77.18859100341797,2358714
2015-04-16,76.77212015428088,77.47119654358791,76.63825113199256,77.28527069091797,3565766
2015-04-17,76.60849695186441,76.85391543004793,75.0095408664945,75.63424682617188,7126970
2015-04-20,75.96889990739236,76.48205028072744,75.92427892113449,76.28868865966797,3230444
2015-04-21,76.37050670274377,76.57874603227377,75.12853063793546,75.35907745361328,3351733
2015-04-22,75.28470330865558,76.11764854272805,75.1285268298812,75.9986572265625,3532977
2015-04-23,75.84250948041846,76.92830941485106,75.64914776578094,76.6085205078125,3428030
2015-04-24,76.57876337572905,76.63825603984435,76.12510547034552,76.2292251586914,2865092
2015-04-27,76.51181725081913,76.80186275973159,76.15484325754673,76.25895690917969,1980097
2015-04-28,76.56385236721727,76.8390261395617,75.81271942638062,76.54898071289062,2234666
2015-04-29,76.04328130527773,76.48206142514792,75.51525317897419,75.66399383544922,2881964
2015-04-30,75.53013404317974,75.82761539239196,74.88312053792362,75.05416870117188,3320111
2015-05-01,75.53014270370079,76.2440968194914,75.42602903627021,76.2292251586914,2227662
2015-05-04,76.21431834226718,76.85390186773141,76.10276286616599,76.28868865966797,2528497
2015-05-05,76.24406904132951,76.51180098459324,75.3218819057448,75.51524353027344,2349269
2015-05-06,75.96892646874757,76.0432968121508,74.60051696686023,75.10623168945312,4069174
2015-05-07,74.85336937580692,75.23265688263224,74.48151769834789,75.12110137939453,4761465
2015-05-08,76.02098747395064,76.20691334266516,75.80531828297417,75.94661712646484,4197042
2015-05-11,76.58619674557274,76.89111394949873,76.27384371148563,76.37052154541016,3587626
2015-05-12,75.76812466717465,76.19203319224583,75.44832980025095,76.0879135131836,2633338
2015-05-13,76.67544680956713,78.2595316788374,76.62338997205204,77.67200469970703,4894002
2015-05-14,77.98430797645459,79.26347479304353,77.716576087042,79.15935516357422,5248849
2015-05-15,79.33046192806682,79.51638179000452,78.89167564034919,79.46432495117188,5802554
2015-05-18,79.31556604950279,79.65023256186508,79.27094505203739,79.4048080444336,3224290
2015-05-19,79.52287712154533,79.6872931291403,78.93996414080063,79.0744857788086,2655091
2015-05-20,79.15670351494364,79.64993951668792,78.91756062023975,79.38837432861328,3583381
2015-05-21,79.42572909004512,79.81433774929032,79.27626329029434,79.48551177978516,2822328
2015-05-22,79.41825000197076,79.59013202635641,79.09689614075707,79.15668487548828,1547150
2015-05-26,78.85027917992713,78.9698505960246,78.07306195016027,78.34957122802734,2315631
2015-05-27,78.58125363572822,78.90260148600846,78.30474431685134,78.75313568115234,2219597
2015-05-28,78.73070762678428,79.04458334977711,78.33462693350917,78.98479461669922,2554389
2015-05-29,78.81292708573605,78.88018791024705,77.72183393374682,77.87129974365234,2521069
2015-06-01,77.8937137417047,78.25243409525413,77.36311134187451,77.76667022705078,2283372
2015-06-02,77.69940215815787,78.56630253974244,77.09407296224812,78.14032745361328,2073902
2015-06-03,78.4691677957648,78.76062737548183,77.94604343894513,78.4542236328125,1609545
2015-06-04,77.94602647669893,78.36452345097597,77.29585267519887,77.5125732421875,2620604
2015-06-05,77.48270357409672,77.76668502862933,77.25103274137395,77.52754211425781,1691359
2015-06-08,77.54995224953774,77.66205161624315,77.1613435317329,77.16881561279297,1563067
2015-06-09,77.22112332557245,77.7143532215557,77.14639042310213,77.39300537109375,1617398
2015-06-10,77.94603710465923,78.47663349983613,77.46774527556485,78.29727935791016,2231694
2015-06-11,78.64106075301052,78.64106075301052,78.12540239571494,78.39443969726562,1731577
2015-06-12,78.05066219938429,78.31969947585338,77.49017140273011,77.75920867919922,1326113
2015-06-15,77.10903273870737,77.46774708118815,76.47380299548783,77.30333709716797,3044850
2015-06-16,77.10903705434382,77.96845952829645,77.04177622065545,77.79657745361328,1927252
2015-06-17,78.00581534240678,78.24495821814858,77.13892090527582,77.87129974365234,2832409
2015-06-18,77.9534939021858,79.15668624449431,77.9534939021858,78.86522674560547,2363913
2015-06-19,78.63356060445957,79.13426860742432,78.54388354580732,78.7232437133789,2952955
2015-06-22,79.14174565371357,79.37341642728181,78.13285153149032,78.74565887451172,2322741
2015-06-23,78.67842498324076,78.73073560557387,78.11045601822562,78.28981018066406,1919612
2015-06-24,78.28233535181765,78.6634720090272,77.79657745361328,77.79657745361328,2439467
2015-06-25,78.52144603065273,78.52144603065273,77.13889382465727,77.24351501464844,1538236
2015-06-26,77.520054701735,77.53500491351124,77.10902975757527,77.37806701660156,2243792
2015-06-29,76.92220894317809,77.08661894532707,76.0852026681617,76.11509704589844,2270108
2015-06-30,76.72788033026694,77.06417836048738,75.9058245288838,76.20475006103516,2329744
2015-07-01,76.95954669150471,77.33321114813927,76.58588223487017,76.85491943359375,2303852
2015-07-02,77.07912048448388,77.20616398355072,76.36916404525158,76.60830688476562,1902739
2015-07-06,75.85353101121096,76.94463040982795,75.74890976566293,76.51117706298828,2400841
2015-07-07,76.54104371012731,76.95954669150471,75.5172115693217,76.85491943359375,2509078
2015-07-08,76.2271963031476,76.51864984737703,75.29304086481243,75.45745086669922,2489659
2015-07-09,76.46631478917298,76.76524637000209,75.58447025588717,75.61436462402344,2887058
2015-07-10,76.21971641619936,76.7278965837997,75.91331268936756,76.5335922241211,2731706
2015-07-13,77.22859417127633,77.62467491787729,77.06418420857666,77.54994201660156,1706958
2015-07-14,77.51259417061283,78.02825252323757,77.27345124923812,77.78163146972656,1531445
2015-07-15,77.78161089335262,78.06559833134409,77.3930022363542,77.60225677490234,2902550
2015-07-16,78.38695413047434,78.38695413047434,76.99692931996567,77.40048217773438,4911404
2015-07-17,78.40938478749698,79.67983829233846,77.92362083995496,78.87272644042969,5775283
2015-07-20,78.99227300436556,79.80685668105056,78.86522345872613,79.49298095703125,4799135
2015-07-21,79.23140786657619,79.51538919539145,78.61112856002764,78.76806640625,3952129
2015-07-22,78.73820585608172,78.85777731168268,78.10298212005986,78.27486419677734,3318944
2015-07-23,78.30476112064864,78.82041341784469,77.87878590550355,77.96099090576172,2514171
2015-07-24,77.84887451366235,78.11043967112427,76.45137771416869,76.80261993408203,2974708
2015-07-27,76.22715942191302,76.26452586337804,75.74887381137327,75.95812225341797,3492547
2015-07-28,76.7503122196285,78.11044261939415,76.45138059981745,77.87129974365234,4169027
2015-07-29,77.87131021955778,79.0969191351807,77.68447793204163,78.87272644042969,2730220
2015-07-30,78.48410449273216,79.04459521067525,78.1851728830199,78.75313568115234,2347678
2015-07-31,79.03711786476492,79.1566892906301,78.41683844609754,78.50651550292969,2100006
2015-08-03,78.48410589241001,78.48410589241001,77.64709979039559,78.24495697021484,2491675
2015-08-04,78.25990593724099,78.76808604457705,77.78908623092404,78.18517303466797,3051854
2015-08-05,78.8428274084526,79.41826839991339,78.65599513196949,79.01470947265625,2075600
2015-08-06,79.06704081576721,79.44069938781972,78.7681091179099,79.05956268310547,2254509
2015-08-07,78.96239305630338,79.17164156043631,78.46168501220814,78.81292724609375,1933194
2015-08-10,79.55278144982461,80.27021615838825,79.4631043801046,80.1880111694336,2351286
2015-08-11,79.29868352933934,79.56024262187097,78.10296321252693,78.74565887451172,3432168
2015-08-12,78.68589415291353,79.0520805962305,77.4453350241283,78.87272644042969,3879229
2015-08-13,78.45420476302573,79.14174499829568,78.18516754271431,78.85775756835938,2199011
2015-08-14,78.96238462814532,79.37341556234986,78.79797467457027,79.27626037597656,1673426
2015-08-17,78.88764581597336,79.47803081880436,78.2524222882809,79.42572021484375,2421639
2015-08-18,79.43174760608868,80.1076380354018,79.28154973290798,79.7621841430664,3636545
2015-08-19,79.22895290702763,79.59693269305387,78.70326054996309,78.88349914550781,2641721
2015-08-20,78.17009001211957,78.33531132244596,77.05112678796503,77.08116149902344,4242352
2015-08-21,76.50289331676962,76.63807382059429,74.2349202583586,74.2574462890625,7805890
2015-08-24,69.33851026245543,73.96457963655031,65.33575239023169,71.55391693115234,8159888
2015-08-25,73.85942137129312,74.00211054382203,70.44994722273883,70.54006958007812,6457493
2015-08-26,72.29740430881999,73.50649021313015,71.41874894933625,73.46894073486328,5586187
2015-08-27,74.45271711161655,75.47405536754744,73.87445772380097,75.01595306396484,5343078
2015-08-28,74.7380993173176,75.28631798664944,74.43019484825427,75.11359405517578,3667636
2015-08-31,74.80566868209395,75.38392798484354,74.42266537248709,74.55033111572266,4501166
2015-09-01,72.83058958001162,73.17604348769994,71.65904733311586,72.06458282470703,4537351
2015-09-02,72.86811448494817,73.60408020019531,72.47760256093125,73.60408020019531,4052620
2015-09-03,73.98710872990338,74.84323793533656,73.87446639014028,74.024658203125,3315336
2015-09-04,73.07842979050592,73.37131694176806,72.1396988983522,72.5377197265625,3877106
2015-09-08,74.20486715970065,74.96336499889775,73.88945414297294,74.95585632324219,3942154
2015-09-09,75.42901436516577,75.8645846544985,74.07723926042418,74.2424545288086,3494882
2015-09-10,74.13728138316593,75.21119230375609,73.79182756311523,74.76060485839844,3739476
2015-09-11,74.70056871327292,74.82823452443299,73.91954432515868,74.81321716308594,2713348
2015-09-14,75.10606356284579,75.10606356284579,74.29499874691977,74.51278686523438,2658275
2015-09-15,74.82820568913888,75.6542940027652,74.55785072975048,75.33887481689453,3181207
2015-09-16,75.61674670817807,75.94717717920865,75.38394121089699,75.81951141357422,3441931
2015-09-17,75.796954805037,76.81829883975718,75.33134396094228,75.4965591430664,2866578
2015-09-18,74.5653479272399,74.61792082340793,73.40883541004486,73.62661743164062,5200354
2015-09-21,73.73178089632033,74.03968537629366,72.9958148319819,73.4013442993164,2847477
2015-09-22,72.30487239954553,72.39498866483747,71.50882512313622,72.1246337890625,4861637
2015-09-23,72.25983750464076,72.4325614153124,70.69027455334545,71.03572845458984,6065400
2015-09-24,70.32978308360535,70.55507983443643,68.89540106586006,70.3072509765625,5916309
2015-09-25,71.16339196981514,71.18591800079639,69.87169281027644,70.23217010498047,4136875
2015-09-28,69.7139978990277,70.13455075971181,68.76775852241452,68.78277587890625,4629670
2015-09-29,69.06814026503474,69.91674841241124,68.87287819088773,69.4811782836914,3663073
2015-09-30,70.3297778822444,71.22345006386178,70.20211216484161,71.11080169677734,4667129
2015-10-01,71.14837289515438,72.15469375138416,70.29224990760378,71.12584686279297,3517484
2015-10-02,70.1194939040254,72.55268123892891,69.84913908015858,72.50011444091797,4050922
2015-10-05,72.90566295223843,74.2949806938753,72.77048247581484,73.88194274902344,3933135
2015-10-06,73.88194581677821,74.40763215384446,73.70921587638693,73.75428009033203,2765132
2015-10-07,74.3701069993099,75.36141059186745,74.16734228989174,74.71556091308594,3163698
2015-10-08,74.40011232152527,76.14990709062513,74.37007154336641,75.90208435058594,3273102
2015-10-09,75.93967051103094,76.68314517042776,75.85706289108701,75.96971130371094,3513982
2015-10-12,76.06733007227079,76.36021713717108,75.72938486197836,76.22503662109375,1869844
2015-10-13,75.60918393520856,75.91708817671898,74.88824186720664,74.96334075927734,3884004
2015-10-14,74.99343803687833,75.09857170107378,73.77683750062822,73.79185485839844,3768233
2015-10-15,74.21989924122946,74.21989924122946,73.1535029292148,73.97207641601562,6386184
2015-10-16,75.0985573005146,75.73689824167667,71.59145774249849,72.86813354492188,13418393
2015-10-19,72.68788689839711,73.24361408688485,72.47009879701402,72.98077392578125,6311692
2015-10-20,72.99580460588821,74.2274223532423,72.99580460588821,73.80686950683594,4933582
2015-10-21,74.24994176748913,75.03096580693996,73.76931346010421,74.17484283447266,3855141
2015-10-22,74.5503408752992,77.27641645949609,74.5503408752992,77.03610229492188,4686229
2015-10-23,77.58431688670242,77.95230287217242,76.66811842146609,77.44914245605469,4360033
2015-10-26,77.6669366066696,77.6669366066696,77.01357827472569,77.1863021850586,2018086
2015-10-27,77.03610153093345,77.34400595120964,76.62306346463676,76.9384765625,2602459
2015-10-28,76.98356055487032,77.83968384505391,76.75826367221087,77.78711700439453,2669735
2015-10-29,77.53173902630955,77.98233255744427,76.84834005340184,77.30644226074219,3320429
2015-10-30,77.56929151341262,78.10249266341029,77.30644527666307,77.56178283691406,3102046
2015-11-02,77.55427794541599,78.36533664484367,77.35150719065877,78.2376708984375,2600336
2015-11-03,78.07998246872866,78.26022115478168,77.64441223066073,77.83966827392578,2617209
2015-11-04,77.86970107198101,78.26772179624525,77.50922373689163,77.62938690185547,2059258
2015-11-05,77.63690115021494,78.04243058141128,77.24638907576603,77.80211639404297,2360093
2015-11-06,77.25385643773505,78.10247039794922,77.05860050493611,78.10247039794922,2605218
2015-11-09,77.61435632336216,77.81712100575113,76.61554418580461,77.13372802734375,3474720
2015-11-10,76.80329363734512,77.24637855989414,76.08235117338506,76.90092468261719,2926002
2015-11-11,77.26140349122285,78.2001341698381,76.93848169423393,77.5467758178711,2444454
2015-11-12,76.9459889481955,77.08116339097928,76.32267140001774,76.5780029296875,3690875
2015-11-13,76.41277494029191,76.98352556765578,75.6918264594165,75.90961456298828,2595773
2015-11-16,75.90963094696096,77.34401346170637,75.81951464736382,77.32148742675781,2438193
2015-11-17,77.93708449284641,77.93708449284641,77.00044985176243,77.26482391357422,2572004
2015-11-18,77.5140933910461,78.66978214130215,77.36302248654931,78.60179901123047,2690852
2015-11-19,78.75284545206797,79.44776895078701,78.60932691433027,79.3420181274414,3617126
2015-11-20,79.6064014215359,80.17291108831363,79.57618602344711,79.78768157958984,2718654
2015-11-23,79.73482769892574,80.01430643673119,78.43562643239517,79.00213623046875,3326266
2015-11-24,78.02772732652032,78.40540457096321,77.11375573325692,77.92953491210938,6100736
2015-11-25,78.16368201189374,78.48848072489815,77.73313246304906,78.27698516845703,3952872
2015-11-27,78.29965720223689,78.8586146566825,78.12592933120996,78.60179901123047,1214693
2015-11-30,78.78307368983899,78.96435385628233,78.42050112647284,78.5186996459961,3071485
2015-12-01,78.48095352058643,79.51578078704028,78.38275497404247,78.66979217529297,3464215
2015-12-02,78.48847610621435,78.77550708347387,77.74068020909257,77.87664031982422,2634717
2015-12-03,78.11083176649626,78.31478119116348,76.94003817411036,77.34793090820312,2868063
2015-12-04,77.6349322825105,79.09276252987442,77.35545361507889,78.9719009399414,3769188
2015-12-07,78.97193024820326,79.19853664056741,78.26190177765552,78.69245147705078,2438936
2015-12-08,77.82381323116921,78.22414759119104,77.34038495403172,77.5443344116211,2877720
2015-12-09,77.12134607613999,78.21660450974956,76.60015611405295,76.96272277832031,2615298
2015-12-10,77.16662849141741,77.30258863095985,76.51702485074031,76.86448669433594,2984259
2015-12-11,75.73903266701285,76.28288559406695,73.95640906410611,74.1981201171875,5893282
2015-12-14,74.28117315177863,74.82502582435278,73.76753587551173,74.76459503173828,6113470
2015-12-15,75.10449675905701,75.49727852495025,74.31138090777999,74.37936401367188,5397091
2015-12-16,76.84182682276294,78.85860856543603,76.51702195708738,78.61689758300781,7811302
2015-12-17,78.70752187411571,78.95678510873746,77.24213951387087,77.2799072265625,3976217
2015-12-18,77.11377227280575,77.79358534337057,76.6303440731839,76.9173812866211,5824626
2015-12-21,77.58963302140457,78.36764455231365,76.9929078087018,77.49899291992188,3249863
2015-12-22,77.74827029398769,78.91151163908161,77.43102376627881,78.67735290527344,2708255
2015-12-23,79.07766531527528,79.55353497498001,78.7302034728146,79.28160858154297,3873498
2015-12-24,79.21362121045915,79.30426129133794,78.91903177474379,79.04743957519531,842443
2015-12-28,78.73019728396486,79.02478673504795,78.42805551162115,78.80573272705078,1522849
2015-12-29,79.46289843558216,79.85568034197294,78.73775931557729,79.56864929199219,2136828
2015-12-30,79.61396662966196,79.64418203264185,78.69998890977314,78.90393829345703,2361154
2015-12-31,78.60936678862129,78.99459644777912,78.16371242492914,78.231689453125,2206545
2016-01-04,76.75873774591939,77.52919072486708,76.28286199553045,77.476318359375,3545286
2016-01-05,77.52918885879795,78.24677557022184,77.24971016465513,78.11080932617188,2709847
2016-01-06,77.15153820610554,77.42346465103822,76.6530053711887,77.2270736694336,2463555
2016-01-07,75.94296627192804,76.37351590650084,74.56067115576654,74.95345306396484,3629647
2016-01-08,75.4746478372675,75.79189428820365,74.16033587032577,74.34917449951172,4273444
2016-01-11,74.64376474762045,75.0969774994324,73.60138520283883,74.34162902832031,3322021
2016-01-12,74.96099919751762,75.22537326031262,73.89595673997452,74.90812683105469,3339106
2016-01-13,75.34625952361326,75.45956273965636,73.05755045917365,73.3445816040039,3165714
2016-01-14,73.52583810876439,75.14228566032396,72.90644989206916,74.58332824707031,5787486
2016-01-15,72.7478427967434,73.71469305936438,72.43814861977295,73.46542358398438,5108884
2016-01-19,74.34161762517971,74.43981003719936,72.67229158368366,73.51828002929688,3964332
2016-01-20,72.12844413898254,73.1859343605435,70.7839167513363,72.69495391845703,5269117
2016-01-21,73.1330456071256,73.75242761859495,72.43056972418617,72.9517593383789,3228216
2016-01-22,74.13013879339367,74.42472835080162,73.09531141095682,73.888427734375,3385372
2016-01-25,73.70713520971125,73.81288608239134,72.79316343332647,72.87625122070312,2580493
2016-01-26,73.08016770483651,74.50778255869447,72.8082413572083,74.40958404541016,3456999
2016-01-27,73.85065132250796,74.61355214510526,72.75539324637697,73.23881530761719,5369607
2016-01-28,73.96394126040599,74.4398109132714,73.34455303341025,74.001708984375,4774517
2016-01-29,76.2828606156751,78.12592055121554,75.44442452823232,77.95218658447266,7045898
2016-02-01,77.19684236063739,77.9521907230955,76.04870600063197,77.71047973632812,5724136
2016-02-02,76.89469904887027,76.89469904887027,75.60305025583831,76.03359985351562,4049648
2016-02-03,76.63033310363994,77.25727370499287,75.09697316620624,77.16663360595703,3988526
2016-02-04,76.81162369706257,78.34498371993841,76.75875132221896,77.46122741699219,5348066
2016-02-05,77.54429933960729,77.61983478264524,76.45659385205259,77.14395904541016,3894085
2016-02-08,76.29046149294827,76.77388370974708,75.444466498307,76.6907958984375,3660845
2016-02-09,75.71634577419462,78.21655533975935,75.71634577419462,77.58961486816406,3934196
2016-02-10,77.90687949183491,78.98703284800756,77.40079438061484,77.49899291992188,4287876
2016-02-11,75.84474131430873,77.27990830131178,75.48217493656978,76.69828796386719,5360163
2016-02-12,77.55942024742653,78.3903041798523,76.9702473373165,78.16370391845703,4715517
2016-02-16,78.91149659285023,80.06717927839853,78.67733790368962,79.27406311035156,5604757
2016-02-17,79.60642487451315,80.5203966004802,79.51577865354132,80.1653823852539,6407513
2016-02-18,80.01429518191541,80.86784203543803,79.86322429294788,80.42218780517578,4345814
2016-02-19,80.17291195524258,81.21529733628205,79.61395460313305,81.02645874023438,4695568
2016-02-22,81.5778825680514,84.49353770930179,79.04745702845179,79.44023895263672,16042499
2016-02-23,79.23893742576915,80.37081444481163,78.37293871456198,78.72997283935547,8316619
2016-02-24,77.73481194609136,78.79831878661304,76.91439132911175,78.47167205810547,7175464
2016-02-25,78.71475922114887,79.20093782406929,78.27416466696596,79.14775848388672,5136686
2016-02-26,79.07181807960743,79.40606635836886,78.02350763038923,78.26659393310547,8391961
2016-02-29,77.93232017287133,78.61600709450606,76.9371832558654,76.9903564453125,5912277
2016-03-01,78.70716655810267,80.4239730834961,78.47167561524017,80.4239730834961,8725160
2016-03-02,80.3707958156316,81.78374140115024,80.05173823016277,80.89495086669922,4459887
2016-03-03,80.97855392449222,82.20158711969519,80.67469291200848,82.02687072753906,5632240
2016-03-04,81.92806445988654,82.75608030386744,81.78373548526947,82.15596008300781,3130591
2016-03-07,81.90526722818622,82.2243185962937,80.98608957241738,81.63938903808594,4120321
2016-03-08,80.90255597248081,81.86731183717058,80.59109979057551,81.72297668457031,3299843
2016-03-09,81.87493333943,82.76372426622433,81.85974275009731,82.74852752685547,3780118
2016-03-10,82.83965191725669,83.05235082156456,81.48747482904932,82.31549072265625,3330935
2016-03-11,83.26506514268492,83.47777023640924,82.52821105737891,82.82447052001953,2969297
2016-03-14,82.58138143623258,83.17390649131787,82.42185569640324,82.42945098876953,2954971
2016-03-15,81.87489015186003,82.63453606848189,81.72295973852907,82.5585708618164,2144787
2016-03-16,82.49021457720019,83.30303375219243,82.11798380077371,82.97638702392578,2815218
2016-03-17,83.31065713754279,84.58686322136596,82.48264101172059,84.336181640625,4468907
2016-03-18,84.76914152447506,85.18695011445338,84.30575504559646,85.15656280517578,5733580
2016-03-21,84.88310750235622,85.67314081259296,84.74636765633565,85.59717559814453,3069893
2016-03-22,85.06541351812932,86.19729021915164,84.95147185396291,85.82506561279297,3309924
2016-03-23,85.437681741062,85.63519014228025,85.02746820004819,85.24017333984375,2336005
2016-03-24,84.63243544085644,85.06543478304394,84.3209792341922,84.56407165527344,2512261
2016-03-28,84.71599690195696,84.98187520450385,84.38175481306868,84.77677154541016,2263953
2016-03-29,84.47288982711855,85.22494049196263,83.84997756026928,85.00464630126953,2620604
2016-03-30,85.85543621040864,85.85543621040864,85.01981906897448,85.20973205566406,2355742
2016-03-31,85.16419210387839,85.47564831077605,84.4273318473131,85.11861419677734,2651696
2016-04-01,84.7008121516466,86.18212807500106,84.19184754029091,86.01500701904297,2507698
2016-04-04,86.1593310159695,86.1593310159695,85.24015911181193,85.4984359741211,2467163
2016-04-05,85.05025455083404,85.43767603311684,84.57167724332074,84.91352081298828,3524806
2016-04-06,84.93628232085229,85.9921939019024,84.52607507499319,85.8858413696289,2663474
2016-04-07,85.51367397305724,85.54406130976665,84.60209692203954,84.82998657226562,2919317
2016-04-08,85.1413885005899,85.83267075607635,84.84512906969131,85.1717758178711,2199011
2016-04-11,85.3920911961136,85.74153003120868,85.00466974524655,85.0350570678711,2286343
2016-04-12,85.14899185063427,86.10614624118807,85.08062192272787,85.8630599975586,2271169
2016-04-13,86.54673893162064,87.3215816975045,86.17451428234406,87.16205596923828,3669228
2016-04-14,87.35196814411756,87.35196814411756,86.74424640437316,86.99493408203125,1874513
2016-04-15,86.91897310587164,87.2836024774905,86.63790424753832,87.07849884033203,2221401
2016-04-18,87.05571515786532,87.75459279964466,86.69108575129837,87.70901489257812,2744334
2016-04-19,88.03565508674289,88.54461961923644,87.61025106928099,87.96728515625,2341629
2016-04-20,88.07362650386439,88.1116091104179,87.28359320757826,87.49629211425781,2719609
2016-04-21,87.59504790486464,88.26353807914757,87.13925663374901,87.29878234863281,3040818
2016-04-22,86.5999189001093,87.80775480855658,85.3388974984659,86.72905731201172,5199930
2016-04-25,86.59993639948856,87.35958259069858,85.5440245651859,86.03019714355469,3886338
2016-04-26,86.31127828997748,87.3216123570923,86.31127828997748,87.2076644897461,3146720
2016-04-27,87.25322398069196,88.08124005518663,86.91898189375654,87.6938247680664,3464957
2016-04-28,87.45074289160756,88.51425007379756,86.76706189949807,87.0709228515625,3171551
2016-04-29,86.91137721916917,87.36716857535285,86.36443620179705,86.8050308227539,2885360
2016-05-02,86.94937620284647,87.26083245820547,86.47079887876868,87.10890197753906,3240844
2016-05-03,86.44801227146341,87.31401108396841,86.35685029380696,86.98735809326172,2789539
2016-05-04,86.33405659125054,86.58473816951744,85.57440426310534,85.787109375,3436731
2016-05-05,86.05298716811053,86.6379169972219,85.87826467368247,86.31126403808594,3182799
2016-05-06,86.28086222438284,86.59991983670511,85.77189771310533,86.43279266357422,3556959
2016-05-09,86.34923628886297,86.59992398555232,85.82508116856857,85.9618148803711,2836229
2016-05-10,86.5543355381426,87.73939173044977,86.03018044445398,87.3139877319336,3046123
2016-05-11,87.35957252425126,87.59506349289461,86.56953910042,86.68348693847656,1823684
2016-05-12,87.01014100638375,87.20005408572035,86.22770280953792,86.7442626953125,2509821
2016-05-13,86.69107266568153,86.97973680022018,85.73391216162456,85.99219512939453,2666658
2016-05-16,86.31125618955058,87.45832371374689,85.83267895926016,87.23802947998047,2544202
2016-05-17,87.12730330216857,87.4251118958927,86.3178855956462,86.7684097290039,2648831
2016-05-18,86.40952992184434,86.89824074554816,85.60774693726098,86.0506362915039,2619331
2016-05-19,85.53134903879115,85.95133365856302,84.5462991489765,85.76806640625,3211132
2016-05-20,86.07353177964376,87.11966689973967,86.07353177964376,86.45532989501953,4229300
2016-05-23,86.35606840548067,86.5851509943398,85.97426409071547,86.1346206665039,1803735
2016-05-24,86.3636777465389,87.59307985848267,86.29495175376749,87.33345794677734,2215247
2016-05-25,87.50148073586826,88.0054612270162,87.37930458378165,87.60074615478516,1687539
2016-05-26,87.60074618277575,88.02836580624806,86.89823485356955,87.19603729248047,2146378
2016-05-27,87.40982389969236,87.50908928877891,86.97456955678726,87.30291748046875,1870375
2016-05-31,87.26474351726844,87.50146091745877,86.57750204467804,86.9211196899414,3162743
2016-06-01,86.9669465227918,87.1578486744578,85.87499610656555,87.005126953125,2364868
2016-06-02,87.08913713154581,87.4556655883789,86.69969794150717,87.4556655883789,2272336
2016-06-03,87.62364448426257,87.79927692819491,86.84476621565874,87.65419006347656,2280826
2016-06-06,87.79926958957282,88.40251536382257,87.63127200896986,88.22688293457031,1986358
2016-06-07,88.22689068082427,88.48651883214133,88.06653411685511,88.0818099975586,2124943
2016-06-08,88.20397229933515,88.87594402916542,88.04361576051562,88.631591796875,2599063
2016-06-09,88.24979272171932,89.57083171412896,88.15052732620939,89.50210571289062,2820099
2016-06-10,89.73118673663227,89.73118673663227,88.74613673653134,89.0973892211914,3443735
2016-06-13,89.0439399601811,89.06685068778019,87.86035297893952,87.91380310058594,2546324
2016-06-14,87.86036325976875,88.26507209888803,87.4785589688651,88.20398712158203,2179486
2016-06-15,88.55525567490628,88.97523425951276,88.15054679080731,88.21163177490234,3061298
2016-06-16,87.7916442888678,88.58579233195934,87.05095256002672,88.41780090332031,2275626
2016-06-17,88.51708221435547,88.70034336314167,87.94437566923494,88.51708221435547,3458272
2016-06-20,89.5708328911489,90.51006146480584,89.05921766354963,89.38756561279297,3074456
2016-06-21,89.70828475970568,89.81519119445744,89.31121078155813,89.57083892822266,2461220
2016-06-22,89.68539975026226,89.96029767412824,88.91416230240262,89.013427734375,2329744
2016-06-23,89.73119984584828,89.87628053355792,89.06686283959922,89.58611297607422,2130249
2016-06-24,86.66914584897702,88.0741807677486,86.01244367049647,86.2720718383789,3887399
2016-06-27,85.57719685404355,85.57719685404355,84.149257258617,85.11139678955078,4130826
2016-06-28,86.53170716583487,87.12731827356461,85.81391989616563,87.0967788696289,3866813
2016-06-29,87.3258455554573,87.7840107481041,86.42479723455578,87.40220642089844,4262302
2016-06-30,87.81453992619825,88.83777038630943,87.516731370198,88.82249450683594,3584124
2016-07-01,89.07449459362057,89.81519243379253,88.77668601486847,88.95995330810547,2369537
2016-07-05,88.47886104827315,88.92938504405785,87.56253099789727,87.99015045166016,2564470
2016-07-06,88.18108453705533,89.2348607680537,87.3640257518712,89.20431518554688,3287640
2016-07-07,89.17377048064806,89.4639442442212,88.23454172032297,88.66215515136719,2271381
2016-07-08,89.39521699980943,90.86133695170182,89.2883105524852,90.74679565429688,2679286
2016-07-11,90.83840452658038,90.8994894905461,90.19697222153115,90.54059600830078,3148842
2016-07-12,90.87661197616325,91.41113184360955,90.70097951564084,90.88424682617188,2438830
2016-07-13,91.33476220125777,91.47984906573666,90.6857010998686,90.90714263916016,2017555
2016-07-14,91.38058000776677,91.64784301423184,90.79261004843373,90.93769073486328,2563727
2016-07-15,91.3805919476286,91.42641341466117,90.82316131340575,91.04460906982422,2391821
2016-07-18,91.04460896452767,91.05987866547743,90.62462418569275,90.78498077392578,1324309
2016-07-19,90.55591808391172,91.19734453412858,90.36501588276,91.1362533569336,2316374
2016-07-20,91.20494888564305,91.63256843680813,91.0140467483315,91.54093170166016,2307354
2016-07-21,91.48747278885808,91.63255963569239,90.33443140872035,90.60932922363281,4358654
2016-07-22,86.78367679983374,88.57814448347648,86.05824869541588,88.28034210205078,9727943
2016-07-25,87.86802274047788,88.92179916952965,87.86802274047788,88.18873596191406,5731245
2016-07-26,88.03599614989477,88.54761142945722,87.50910498938066,88.53997039794922,3236281
2016-07-27,88.63922025668401,88.89120731893568,87.5090835362118,87.78398132324219,3657237
2016-07-28,87.81454096277103,88.51705832905992,87.23419972339363,88.39488220214844,3159560
2016-07-29,88.27267830700228,88.95991957744955,87.85269375269115,88.83010864257812,3119661
2016-08-01,88.53998425518778,88.8377928866152,88.05127962953438,88.48653411865234,2409330
2016-08-02,88.19634540414452,88.37960650385591,87.84508672027927,88.15816497802734,2220659
2016-08-03,88.1658139689129,88.66979443808691,87.91382064329349,88.5857925415039,2111255
2016-08-04,88.60869640707095,89.02868112918064,88.50178996866651,88.53997039794922,1369196
2016-08-05,88.80723712544886,89.26540229604612,88.50179367838405,88.86068725585938,3117326
2016-08-08,89.03631555339783,89.16612653951331,88.35670886106296,88.60869598388672,2132265
2016-08-09,88.75378307379115,89.02104607816489,88.51706564918729,88.77668762207031,1765427
2016-08-10,88.822492849194,88.9599448515716,88.2497926581236,88.6010513305664,1876211
2016-08-11,88.92177841809819,89.05923044210319,88.63924570238905,88.86068725585938,1662072
2016-08-12,88.69269092681806,88.82250191181436,88.44833865550822,88.65451049804688,1447614
2016-08-15,88.95994584613993,89.35701979646001,88.60105232112231,89.21957397460938,1961102
2016-08-16,88.90651354089813,89.68538571826939,88.70033549370744,88.75379180908203,2056287
2016-08-17,88.72692871109754,88.93416143205263,88.3278053258002,88.86508178710938,1795564
2016-08-18,88.73461393863181,89.01860047527373,88.6041349815532,88.92649841308594,1885337
2016-08-19,88.6271508091258,89.22582659664253,88.6271508091258,89.11837005615234,1690935
2016-08-22,88.96482495586662,89.75538481485306,88.8343398587642,89.47907257080078,2354893
2016-08-23,89.74005580292783,90.07009949139876,89.68633065079243,89.80913543701172,1922265
2016-08-24,89.64797418035437,89.86288105170586,89.4484155805726,89.61727142333984,1834402
2016-08-25,89.5251627792316,89.97800510984572,89.31792384503774,89.62493896484375,1935104
2016-08-26,89.90124159756931,90.37711249620301,89.31791417586136,89.60958099365234,1807979
2016-08-29,89.6095976443221,90.09314276719444,89.42538731537661,89.93196105957031,2550038
2016-08-30,89.95499280106382,90.11617451427868,89.68635454108063,89.81683349609375,2065944
2016-08-31,89.77077238933147,89.90125132969887,89.34862659959911,89.57888793945312,2178213
2016-09-01,89.34093782552301,89.63259841322359,88.37384781324721,89.13370513916016,3043471
2016-09-02,89.23345434135409,89.75538228732229,88.88806870641885,89.33323669433594,2625592
2016-09-06,89.3793439428541,89.48680049509998,88.27409430225572,88.81137084960938,2328365
2016-09-07,88.66552728387072,88.8267089869099,87.29163952636411,87.6830825805664,3625084
2016-09-08,87.49886178454908,87.9056530323698,87.1381153415302,87.36070251464844,2869443
2016-09-09,86.62388994445628,86.99998475286726,85.7796044803735,85.97148895263672,4815265
2016-09-12,85.40349684070645,87.50653900275351,85.19625792855157,87.107421875,4041902
2016-09-13,86.6008594743372,86.70831601157643,85.41885620633009,85.65679168701172,4113848
2016-09-14,85.77960173866265,87.71378845782938,85.77960173866265,87.52190399169922,4646224
2016-09-15,87.33000002813922,88.64248202679254,87.23789799050967,88.4813003540039,3466125
2016-09-16,88.08985441730158,88.1589340501426,87.10741614522313,87.69841766357422,4156612
2016-09-19,88.16662144754164,88.78832580889078,87.85193219934018,87.91333770751953,3136533
2016-09-20,88.53503129426413,88.87274290652785,88.05916041234795,88.16661071777344,3034026
2016-09-21,88.23569262875833,88.99554998982704,87.8749523909555,88.9802017211914,2587709
2016-09-22,89.3409372621385,90.00869254854011,89.18742972835665,89.67097473144531,3073395
2016-09-23,88.50431463134323,89.34092561024417,88.47361188581641,89.01856231689453,2491887
2016-09-26,88.83438458091666,89.68635035143207,88.56575254735783,88.9878921508789,2765875
2016-09-27,88.78064112394924,89.37931679512128,88.43524916270135,89.19510650634766,3914777
2016-09-28,89.39467594479106,90.00103203778623,88.92648535253628,89.92427825927734,3534887
2016-09-29,90.35406961744656,90.35406961744656,89.14136402863726,89.17974090576172,1991770
2016-09-30,89.52517041131381,89.80148279992011,89.07232182821936,89.4867935180664,4072357
2016-10-03,89.36170440940481,89.73208232204652,89.06848416040326,89.54689025878906,2619065
2016-10-04,89.48515506378736,89.49287269374598,88.41260334346802,88.64408874511719,2662235
2016-10-05,88.81386726986581,89.36943734088422,88.81386726986581,88.93732452392578,2240766
2016-10-06,88.98360678983451,89.42343093920047,88.73668611587745,89.2073745727539,3452926
2016-10-07,82.57913747922696,82.99580874705241,81.21335921792367,82.51740264892578,21581502
2016-10-10,82.7720445633426,83.30446167055952,81.95412482537257,82.40937805175781,8890760
2016-10-11,82.12388876700484,82.12388876700484,81.22108743894064,81.62232971191406,8810646
2016-10-12,81.66091800093066,83.1424361728622,81.5837541074018,82.89551544189453,7647356
2016-10-13,82.4325273859399,83.86002805033712,82.21647101448718,83.53594970703125,5402579
2016-10-14,84.87086526907711,84.93259389121776,83.75972521505018,84.1069564819336,5601756
2016-10-17,83.99890027730041,84.41557765862183,83.30443797509803,83.36617279052734,3822675
2016-10-18,84.23041777347154,84.23813540507841,83.11156624832175,83.23502349853516,3439732
2016-10-19,83.34304952100683,83.84460856810585,82.8800786309335,83.54367065429688,3299770
2016-10-20,83.39707363987422,83.78288067562414,83.11928859725464,83.44336700439453,4307265
2016-10-21,83.30446913137739,84.5699370059581,82.95723785041,84.07609558105469,3560695
2016-10-24,84.43876155953434,84.97118496392393,83.96035536572745,84.30758666992188,3647564
2016-10-25,84.49280547158763,84.50052310609186,83.80606027823842,84.16100311279297,3729156
2016-10-26,83.99894220651035,84.68568722284817,83.75202146315436,84.43876647949219,2252165
2016-10-27,84.6933935383918,84.79370410605844,83.6594173357904,83.97578430175781,3073783
2016-10-28,84.41560998502433,85.55761440665002,84.05294965159122,84.74740600585938,3038529
2016-10-31,84.84771828335629,85.00976369510104,84.51592225584182,84.63166809082031,2683557
2016-11-01,84.77825047820187,85.02517113507498,83.975766110705,84.22268676757812,3094260
2016-11-02,84.4078939920575,84.4078939920575,83.34305343819182,83.6902847290039,4897090
2016-11-03,83.91405705439135,83.9680680479157,83.34305173721013,83.60540771484375,3949549
2016-11-04,83.70571847663061,84.2612823179945,83.34305192885066,83.52824401855469,3314653
2016-11-07,84.74737417898156,85.91252484401494,84.45416021247918,85.84307861328125,4931923
2016-11-08,85.65020871020067,86.04373957638111,85.27211310750245,85.35699462890625,3464115
2016-11-09,85.68880720027013,87.30150049346204,84.6702660300043,86.69963073730469,4821093
2016-11-10,87.27834400067266,88.35089605529002,87.05456994536242,87.34007263183594,6917463
2016-11-11,87.27833817806513,87.58698752716525,86.99283551063837,87.38636016845703,3478681
2016-11-14,87.67187665422479,88.24288207907692,87.07001312486067,87.22433471679688,2825736
2016-11-15,87.2397631515365,87.53297726019252,86.49128950803646,87.28605651855469,2949126
2016-11-16,87.29768116682268,87.5771088339912,86.83196630466885,87.14244079589844,2609776
2016-11-17,87.39084695704395,88.01179611939855,87.2744228957404,87.78670501708984,2316869
2016-11-18,87.69353864684223,87.70906518520653,86.84749857147102,87.00273895263672,3038951
2016-11-21,87.11916978921361,87.30545701103186,86.76212188515353,87.09588623046875,2663396
2016-11-22,87.34425008468129,87.5227740019144,87.01048580442162,87.33648681640625,2272115
2016-11-23,87.53054544405923,88.45421200492088,87.53054544405923,88.35330200195312,2772643
2016-11-25,88.4231599002855,88.76468750886221,88.11268537026821,88.6172103881836,877455
2016-11-28,88.60944541970896,88.63272897756246,87.97296983259729,88.36882781982422,2762721
2016-11-29,88.06610814953315,88.86558106645975,87.9341575832734,87.97296142578125,3519741
2016-11-30,88.27570038463729,89.05964695484519,87.92641571211385,88.4386978149414,6224197
2016-12-01,87.89535264816337,88.52406494259853,87.56158832793396,88.22911071777344,4018686
2016-12-02,88.45421297242815,88.48525980036565,87.06483773178118,87.28216552734375,3732850
2016-12-05,87.63144130759979,88.33001049221501,87.48397045244027,87.61592102050781,3194324
2016-12-06,87.97297563254837,88.22135651829959,87.44517328227451,87.7634048461914,2686935
2016-12-07,87.99628626312018,90.66636422750074,87.5616180475549,90.43350982666016,7870810
2016-12-08,90.30154159468258,90.92249070955648,89.12950029662358,89.76597595214844,5501376
2016-12-09,89.3856272477038,90.37138112120023,89.28471725414794,90.21614074707031,3077161
2016-12-12,90.34813337974217,91.132080078125,89.78927781233202,91.132080078125,6016682
2016-12-13,91.30281841901895,91.9004839487951,91.04667426322347,91.65986633300781,4491454
2016-12-14,91.46583746269553,92.07126640562677,90.25498582745452,90.43350982666016,4385479
2016-12-15,90.27826062842789,91.19415778640565,90.15406705151233,90.30154418945312,4205618
2016-12-16,88.20583222070783,91.26400415768302,88.17478539272724,90.33258056640625,8058165
2016-12-19,90.81378216171609,91.63653842521138,90.65854807927235,91.03887939453125,3795654
2016-12-20,91.16310641992877,91.65986820163882,91.04667611935356,91.36491394042969,2871017
2016-12-21,91.26401081782556,91.51239171041598,90.75949201304826,90.96906280517578,2903633
2016-12-22,91.0777037562955,91.20189730086136,90.51109141438843,90.751708984375,3421261
2016-12-23,91.0544416881409,91.16310872129698,90.59648999506182,90.80606079101562,1505279
2016-12-27,90.8215706301073,91.24071214493692,90.65857323565771,90.83709716796875,1210577
2016-12-28,90.9535528652173,91.1010300237692,89.80479493395755,89.8436050415039,2743722
2016-12-29,90.1307762905036,90.48782420101045,89.88239540713448,90.03763580322266,1759554
2016-12-30,90.19287570254099,90.19287570254099,89.58745312066202,89.92121124267578,2412288
2017-01-03,90.52661598991384,90.73618674634295,89.69610248371063,90.17733764648438,3192740
2017-01-04,90.53437195995565,90.79051605848069,90.06090010424727,90.42570495605469,3104921
2017-01-05,90.4489937850425,91.1708464632198,90.20837622565007,90.62751770019531,2798292
2017-01-06,90.76723857606305,92.14108712671735,90.43347427376506,92.00137329101562,3814337
2017-01-09,91.79959342598879,91.89273392760678,91.24073791503906,91.24073791503906,4077584
2017-01-10,91.06994918117616,91.9315157452457,90.72066459430756,91.47356414794922,3960210
2017-01-11,91.23297333955864,91.68316180020726,90.91473548363757,91.5977783203125,3047395
2017-01-12,91.59776630252604,91.59776630252604,90.5499186225767,91.30281829833984,3337030
2017-01-13,91.33387357165351,91.8306353885061,91.28730019800467,91.64434814453125,3154214
2017-01-17,91.13983249287149,91.65211461843063,90.82159463815998,90.99235534667969,3547501
2017-01-18,91.21744742021195,91.82287630275813,90.97683602215155,91.63658905029297,2433610
2017-01-19,91.84615170994317,92.17215281015507,91.05444189585175,91.52015686035156,2547184
2017-01-20,91.93150671204047,91.93150671204047,90.90694285831238,91.45027160644531,3106504
2017-01-23,91.50464837285793,91.78407615656299,90.79832189230905,91.132080078125,2399305
2017-01-24,91.31057908223704,91.65210044646776,91.02338810524401,91.5589599609375,2695801
2017-01-25,91.7995741948818,92.10228544969092,91.37266937997849,91.49685668945312,4532619
2017-01-26,91.57449758521693,91.67540135963105,91.03116860750691,91.56673431396484,6522276
2017-01-27,92.09453195989776,92.45157988848234,90.90697037242334,91.91600799560547,4088878
2017-01-30,91.65986645569167,92.45933325230467,91.40372229955334,92.45157623291016,3335447
2017-01-31,92.35067624762534,92.54472050219552,91.10101474655596,91.83839416503906,4479421
2017-02-01,92.1410884196428,92.31184908227225,91.15532828711088,91.58999633789062,2532829
2017-02-02,91.26401466572418,91.69091953819512,90.91472999745166,91.5822525024414,2336713
2017-02-03,91.99363411868819,92.64563010587123,91.52016210728802,92.51367950439453,3019213
2017-02-06,92.38950165791937,92.82416361045445,92.2575447922761,92.63011932373047,3172897
2017-02-07,92.89398674478453,93.26655489002056,92.69217925989079,92.92503356933594,2690418
2017-02-08,92.847409211929,93.1423634078466,92.60679164449984,92.93279266357422,1925376
2017-02-09,92.93281781766089,93.89528834788908,92.86296088399529,93.65467071533203,2306103
2017-02-10,93.75556676903369,94.6947536609974,93.71675667012049,94.57832336425781,3789638
2017-02-13,94.87330701178797,96.09967901470299,94.77240322359705,95.95220184326172,4670681
2017-02-14,95.85906132738283,96.21610934751796,95.57963352912435,95.95220184326172,3284043
2017-02-15,95.75035887456072,96.61192551718851,95.6028817576316,96.4644546508789,3399306
2017-02-16,96.47997439276772,96.58864141248854,95.70379121716383,96.37130737304688,4548029
2017-02-17,96.18506044310064,96.68181610107422,95.71934537246484,96.68181610107422,2869223
2017-02-21,96.86807470082003,97.02330884465908,96.40235976806319,96.7982177734375,2500741
2017-02-22,96.77089342424867,97.5980606579653,96.38852307242416,97.57464599609375,3378723
2017-02-23,97.5434321942949,97.87118090153875,96.80210615659682,97.40296936035156,3158330
2017-02-24,96.95039222407068,97.5668716430664,96.46657706960252,97.5668716430664,2664241
2017-02-27,97.23130702653648,97.62148231874136,96.9503813188793,97.45761108398438,4313176
2017-02-28,97.54342821426354,98.10527952711186,96.95816852475588,97.15325927734375,3064072
2017-03-01,97.82435747357496,99.42407028307332,97.82435747357496,99.2992172241211,4190313
2017-03-02,98.91687540624989,99.37728219115444,98.18334776301568,98.5813217163086,3182607
2017-03-03,98.5500974389489,98.81541966231627,98.09749559404734,98.4876708984375,2061855
2017-03-06,97.62927178081661,98.76077303688167,97.55904036499949,98.3862075805664,3190840
2017-03-07,98.30040506872304,98.6437573738383,97.99606464380392,98.52670288085938,2166774
2017-03-08,98.64370924871018,99.26798700510541,98.339368972269,98.78417205810547,3293015
2017-03-09,98.74520491939705,99.28364177745573,98.12092684053259,98.47208404541016,2616954
2017-03-10,99.19778725650916,99.38506687271632,98.7061672667394,99.13536071777344,2834919
2017-03-13,99.19777294684785,99.37725393291906,98.70615302799614,98.8934326171875,3291220
2017-03-14,97.57466275636767,98.78420683379889,96.8567449690177,98.09749603271484,2087821
2017-03-15,98.58129418550196,99.50991238544349,98.32378317802284,99.08071899414062,3801248
2017-03-16,99.47871145071983,99.47871145071983,98.49547148614681,98.60472106933594,2894978
2017-03-17,98.98708112572123,99.35384170998658,98.55788772606469,99.22898864746094,4052990
2017-03-20,99.10412003682472,99.2367842585176,98.56568339985402,98.71395111083984,2143552
2017-03-21,99.1509548568895,99.33824073955799,97.86338090938104,98.0584716796875,2495463
2017-03-22,98.2223701761251,98.2769918365024,97.17670346610865,97.93363952636719,2218283
2017-03-23,98.01946543780882,98.30818975834502,97.6448936269506,97.94923400878906,1868589
2017-03-24,98.00384028609945,98.34719248874771,96.98158856551673,97.36395263671875,2345685
2017-03-27,96.58360307756632,97.41077027298057,96.02175176471802,97.15325927734375,3513091
2017-03-28,96.92696024774689,98.1677111047009,96.40412705851807,97.76193237304688,2083388
2017-03-29,97.51225797746446,97.91804315142109,97.36399019690087,97.77758026123047,1626875
2017-03-30,97.64489650882348,98.10530325533348,97.53565320190572,97.86339569091797,1879989
2017-03-31,97.62927959859773,97.97263181805842,97.30933575824118,97.4419937133789,2815919
2017-04-03,97.33273064518377,97.72290585289564,96.20903434202225,97.02059173583984,3066606
2017-04-04,97.12986222620115,97.34055650671814,96.6460471266723,96.903564453125,1867322
2017-04-05,97.17666554358547,97.63707216874047,96.37290674228608,96.42752838134766,2729155
2017-04-06,96.56020833427874,97.02060875030868,96.2480693701951,96.63043975830078,2192001
2017-04-07,96.73969037524543,97.12985937143533,96.44315489991672,96.97379302978516,1967175
2017-04-10,96.96599005424797,97.67610920411732,96.94258167357096,97.12206268310547,2394027
2017-04-11,97.09866805693092,97.37959381954694,96.4587864852958,97.18450927734375,2013090
2017-04-12,97.27813224642826,97.35616856343896,95.95934488229025,96.09980773925781,2871545
2017-04-13,95.92814537493116,96.35733261180616,95.5847930717791,95.59259796142578,1770848
2017-04-17,95.98275232303267,96.31830596923828,95.51454699381574,96.31830596923828,1960314
2017-04-18,96.1388210796565,96.5211914728909,95.74084091015054,96.04518127441406,1758604
2017-04-19,96.60702109879361,96.60702109879361,95.70181751197504,95.77985382080078,1941948
2017-04-20,96.33390573222138,97.23130448191661,96.00616327128468,96.5836181640625,4198758
2017-04-21,99.1666030883789,100.1186237937996,98.40186205412411,99.1666030883789,6630678
2017-04-24,100.15760824987612,102.02263714788623,100.15760824987612,101.28131103515625,5954195
2017-04-25,101.41398472726641,102.49086463550276,100.42293974837153,100.89895629882812,6826900
2017-04-26,100.93795648835443,102.09286623104563,100.77407897983944,101.5232162475586,4951344
2017-04-27,101.71050298245592,101.8431609488375,101.00039010424258,101.35154724121094,3626032
2017-04-28,105.1518491253133,105.34693993797508,102.17872672482078,102.33479309082031,6311489
2017-05-01,102.24894377913652,102.9200384847392,101.83536011224638,102.14749908447266,3339352
2017-05-02,102.01485403563453,102.67034533187916,101.99924425718902,102.37380981445312,4168042
2017-05-03,101.84316065666215,102.63912102092635,101.54663145525578,102.28015899658203,4746573
2017-05-04,102.45183848516284,102.55328318509113,101.9524135900317,102.38160705566406,2984275
2017-05-05,102.44403412035376,102.81080104700246,102.03045042988605,102.54547882080078,4679759
2017-05-08,102.59228886988146,102.59228886988146,102.08506543191366,102.32697296142578,2470131
2017-05-09,102.38939684955325,103.09170475687394,102.21772074543551,102.93563842773438,3078955
2017-05-10,102.7873763691807,103.05269856953926,102.38940249483603,102.80298614501953,2561011
2017-05-11,102.91225295099042,103.3960681051816,102.05386595525204,102.9278564453125,2194640
2017-05-12,102.77957099974321,102.83419264332599,102.4362125110503,102.60789489746094,2287737
2017-05-15,102.67812593556025,103.06049631501037,102.50644982340684,102.99026489257812,2438782
2017-05-16,102.99027246850348,103.2009667512988,102.53767691745706,103.01368713378906,1985857
2017-05-17,103.01759297953812,103.01759297953812,101.84898531057843,101.91172790527344,3310959
2017-05-18,101.80192186623096,102.88425369501269,101.17448330797906,102.28819274902344,2551617
2017-05-19,103.0332828894105,103.53523631500447,102.50780256809796,103.05681610107422,2637008
2017-05-22,103.76266667347393,103.82540926473985,103.11170123618729,103.40189361572266,2307475
2017-05-23,103.31565323171836,103.82544485543778,103.01762266307004,103.4097671508789,2418199
2017-05-24,103.73129039605087,104.05285405577581,103.32345725646452,103.63717651367188,2287420
2017-05-25,104.2254340232426,105.04110688985891,103.65289350399085,104.89993286132812,2641231
2017-05-26,104.86068643277869,105.19008819222176,104.186187792287,104.50775146484375,2841780
2017-05-30,104.07642329772852,104.48426291921533,104.02152508965452,104.2568130493164,2848429
2017-05-31,104.68031783230629,104.68816223671693,104.28032268276412,104.3038558959961,2298397
2017-06-01,104.7509105258989,104.98619845937078,104.17053193908266,104.66463470458984,2424426
2017-06-02,104.805802762638,105.56657735360784,104.61757495295221,105.11952209472656,2778659
2017-06-05,105.0410960921781,105.21364140754049,104.68031665280877,104.69599914550781,2622548
2017-06-06,104.65677870314971,104.83716208783886,104.06855581217442,104.1077651977539,2089615
2017-06-07,104.20190477226572,104.57836673453674,103.95092802543637,104.09210205078125,2190734
2017-06-08,104.09209928962945,104.77443618339936,103.6450503265444,104.7430648803711,2721239
2017-06-09,104.76659768652198,105.15874847040769,104.27249489900466,104.93130493164062,2451026
2017-06-12,104.57052320322788,105.28423774086671,103.99798900805945,104.515625,2354657
2017-06-13,104.90775407775642,105.42539630974548,104.59403476658328,105.40186309814453,2844313
2017-06-14,105.45676313249587,105.76263802681724,104.9626541330833,105.28421783447266,2205511
2017-06-15,104.58620707575994,105.57441889883087,104.58620707575994,105.4646224975586,2974564
2017-06-16,105.61364530858191,106.13912573398181,105.28424343949327,105.59011840820312,3673319
2017-06-19,106.07636920984994,106.58616707345003,105.88813508366835,106.53910064697266,2982481
2017-06-20,106.06852245392463,106.2253852749226,105.6763717173751,105.80970764160156,2037261
2017-06-21,105.91166906347375,106.02147177821227,105.02540925704147,105.29206848144531,2673213
2017-06-22,105.57440089359885,105.57440089359885,104.86069282731981,105.15087890625,1983746
2017-06-23,105.12737336237306,105.29991869048914,104.82149841470539,105.0881576538086,6667199
2017-06-26,105.40973712436629,105.8881574714666,105.14307784551305,105.29993438720703,1325207
2017-06-27,105.39404976691772,105.48816368759314,104.2019148412424,104.2568130493164,2052250
2017-06-28,105.26071472040651,105.39405067077348,104.70386296539473,105.0724868774414,2543806
2017-06-29,105.07247445785262,105.21364848136298,103.07251123010441,103.77838134765625,1935615
2017-06-30,104.6410894617128,104.99402445802163,104.06855538010223,104.53913116455078,1866161
2017-07-03,105.04110612285487,105.4410949901406,104.7273867635157,104.86856079101562,954191
2017-07-05,104.78227749337005,105.10384123484457,104.50777386302092,104.93914031982422,1975091
2017-07-06,104.56267485630357,105.18227545821655,104.46856094748404,104.60189056396484,1510029
2017-07-07,104.86069982203206,105.59794114741558,104.71168141299988,105.19010162353516,1826579
2017-07-10,105.15872711361443,106.29596352432587,104.95481051587244,105.63715362548828,2165296
2017-07-11,105.8018565144974,105.8018565144974,104.69599138137777,105.2685317993164,2050033
2017-07-12,105.81753855794304,106.0685152649622,105.48813676168571,105.69989776611328,1786364
2017-07-13,105.75480802975915,106.3038216127542,105.60579592203867,106.13911437988281,2581277
2017-07-14,106.28031004674209,106.6097119476879,105.98227313870376,106.53128051757812,1894238
2017-07-17,106.60185822445686,106.60185822445686,105.88031186791959,106.084228515625,1507706
2017-07-18,105.95874168514821,106.14697584613765,105.69208241336436,106.02933502197266,1795230
2017-07-19,106.27245153856546,106.7979382610025,106.11558869916107,106.7822494506836,2326896
2017-07-20,106.80575551192874,106.98613888905858,105.77047745652824,105.841064453125,3107243
2017-07-21,104.86070764305195,107.7783018628105,104.86070764305195,106.93910217285156,3745095
2017-07-24,107.2920582020742,108.1783118600266,107.24499176636253,108.0057601928711,4095316
2017-07-25,108.23318273629151,108.23318273629151,107.0724256907364,107.64496612548828,3244566
2017-07-26,107.69985408359634,108.77433521522336,107.33907469468251,108.61748504638672,2829008
2017-07-27,108.50769358571237,108.78219721544272,106.93910322038055,107.43321228027344,3874185
2017-07-28,107.43320572941437,107.66848732232738,106.81359886728747,107.28418731689453,1949336
2017-07-31,107.77830085742397,108.31161929769726,106.68027372760979,106.75870513916016,4073151
2017-08-01,106.9391268360034,107.49597862292917,106.52344909736568,107.45675659179688,3029346
2017-08-02,107.73123258591232,108.9312116878625,107.33908816676897,108.79788208007812,5095317
2017-08-03,108.68810564193565,109.45671844482422,108.24105031123685,109.45671844482422,2697173
2017-08-04,109.45668956109412,109.85667835234197,109.11159896301739,109.83314514160156,3688730
2017-08-07,109.96648052520572,109.96648052520572,108.18612924796746,108.9861068725586,3738761
2017-08-08,108.89202714797595,109.51946594092198,108.62535523966157,108.75869750976562,2182607
2017-08-09,108.93120313522836,109.26060492672171,108.39004034237,109.0174789428711,2066288
2017-08-10,108.49197586720692,108.61747367378115,107.48023743542473,107.63710021972656,3234222
2017-08-11,107.3155700559711,107.89595499404103,107.11165341349377,107.1273422241211,2477203
2017-08-14,107.5665448059099,108.76651135196916,107.44889136720263,108.44495391845703,2449970
2017-08-15,108.56259393596842,108.73514557447565,107.66065161585908,107.77830505371094,1827635
2017-08-16,108.21569822931583,109.19295663227732,108.11323778213172,108.82254028320312,2112942
2017-08-17,108.4757861184832,108.66492924634345,107.0650634765625,107.0650634765625,3242983
2017-08-18,106.9704743027241,107.10445224161815,106.26904806735554,106.35574340820312,3142920
2017-08-21,106.34789298910016,107.0020241307312,106.00112421426013,106.84439849853516,1596581
2017-08-22,107.1911580845069,108.09749904527942,107.0965928679508,107.892578125,1768948
2017-08-23,107.53791856733633,107.98714773807474,107.30937540045366,107.50640106201172,1318557
2017-08-24,107.6797711908159,108.01078747904744,107.3330024977337,107.60884094238281,2027023
2017-08-25,108.22359284942806,108.49943133135334,107.81377640161435,107.82952880859375,2107348
2017-08-28,108.08173303618113,108.34180641950064,107.64038638490388,107.86894226074219,1600170
2017-08-29,107.36451143016082,108.53879522461948,107.19900331882448,108.46786499023438,1793753
2017-08-30,108.46791232640959,108.86197640791771,108.03444818341005,108.79104614257812,1883155
2017-08-31,109.08263562322776,109.20086119278068,108.43639338604953,108.97230529785156,3151047
2017-09-01,108.98802427349624,109.17716733408544,108.46786499023438,108.46786499023438,1856978
2017-09-05,108.27876549415109,108.45214352945254,107.31727201600377,107.5852279663086,3003696
2017-09-06,108.15266191926317,108.15266191926317,107.31726392853072,107.61673736572266,2575155
2017-09-07,107.51429990642772,108.30241536542262,107.43548709119638,108.0344467163086,2597110
2017-09-08,107.83742417493447,108.8304479052107,107.71132874420837,108.4206314086914,3092571
2017-09-11,109.0904577382826,110.17017620790241,109.0904577382826,109.54756927490234,2462847
2017-09-12,109.50030813033949,109.60275586816196,109.03531395617883,109.2953872680664,1691262
2017-09-13,109.20082338581747,109.37420136471383,108.5703337753218,108.6806640625,2157063
2017-09-14,108.57038895115248,108.57038895115248,107.86108619221055,108.13692474365234,3612521
2017-09-15,108.65706638111102,109.93379844296899,108.46002799692859,109.50821685791016,4849170
2017-09-18,109.7840268152574,109.81555701038934,108.19992645612878,108.4994125366211,3039056
2017-09-19,108.66490196550964,108.82252754581275,108.11322512776333,108.56245422363281,3611466
2017-09-20,108.80677195539222,109.40574413554945,108.61762885849211,109.30328369140625,3846741
2017-09-21,109.45300079514716,111.39176467880353,109.39783565829036,111.01346588134766,4131943
2017-09-22,110.81649710743609,111.95925124633557,110.73768428866386,111.7149429321289,3079166
2017-09-25,111.71489260532118,111.84098798122396,110.71398675913007,110.97406005859375,3107032
2017-09-26,111.17112665880089,111.44696512378745,110.45394157250914,110.52487182617188,2492930
2017-09-27,110.76917638666134,110.79282403486334,109.92589592058526,109.996826171875,3208995
2017-09-28,109.95744102039849,110.79283905029297,109.77618043956626,110.79283905029297,2198228
2017-09-29,110.15444831970308,111.73067889746059,109.70523187116277,111.70703125,3877562
2017-10-02,111.76218836921093,112.4399733078644,111.70702322241638,112.43209075927734,2662130
2017-10-03,112.46362976897815,112.81828105664862,112.09322607443586,112.43999481201172,2365317
2017-10-04,112.59759638294777,112.74733943301491,111.98287177739539,112.34540557861328,1886638
2017-10-05,112.6606406104919,113.29113029520504,112.24294167036878,112.75521850585938,2370173
2017-10-06,112.55034066777648,113.2202305851435,112.42424523548611,113.18871307373047,2285837
2017-10-09,114.41025197971199,114.51271242665422,112.99165967423426,113.17292022705078,2557844
2017-10-10,113.49603305956902,113.64576338779275,110.49331546764988,112.94434356689453,4324259
2017-10-11,112.78671577923943,113.28322737168263,112.20350886579236,112.4793472290039,3421155
2017-10-12,112.45574371339814,113.03106830583138,112.45574371339814,112.84980773925781,3170785
2017-10-13,113.75611337004254,113.92160880405565,112.9128330234663,112.99164581298828,2277392
2017-10-16,112.99166427816623,113.39359814642955,112.70794326684705,113.2911376953125,2113048
2017-10-17,113.09412847957813,113.40149718430342,112.31389558500642,113.0389633178711,2570827
2017-10-18,113.00744442263378,113.2596352692413,112.77888853457182,113.04684448242188,1830379
2017-10-19,113.0232048855249,113.35422126193603,112.40059758193699,113.18871307373047,2768737
2017-10-20,114.38661331570023,115.0328680934499,112.99953855889207,114.55210876464844,3556578
2017-10-23,115.0801555734135,115.45057192530592,114.544243765556,115.0013427734375,3052778
2017-10-24,115.52936710104873,115.85248810767311,114.96980773056548,115.15895080566406,3503486
2017-10-25,115.42687370914543,115.458403892649,114.55206343664801,115.05645751953125,2934771
2017-10-26,115.45846818008083,115.45846818008083,114.4260318018247,114.93830871582031,2265887
2017-10-27,114.95407470184801,115.37965625952553,114.69398862105547,115.22203063964844,1973297
2017-10-30,114.81219152717578,114.86735667525191,113.90586343170129,113.99254608154297,1905849
2017-10-31,113.76403140755147,114.33147351447428,113.55912316819806,113.61428833007812,2578849
2017-11-01,113.95314397342821,114.42600803789512,113.66942299608506,114.22109985351562,2281720
2017-11-02,114.05560905043116,114.59940338134766,113.37782408070711,114.59940338134766,2052144
2017-11-03,114.59153357579315,114.64669873125129,114.10290433986098,114.25264739990234,1502745
2017-11-06,114.66244253975783,115.1116716364666,114.39448666873069,114.74913787841797,2152102
2017-11-07,114.91463158005536,115.88400730746831,114.83581879094581,115.82884216308594,2759027
2017-11-08,115.70274167747206,116.25441848360568,115.48995096425077,115.74214172363281,2654319
2017-11-09,115.27717657368166,115.41903706924924,113.97679715985596,114.62303924560547,2484802
2017-11-10,114.15018551355865,115.56090804820045,113.8034167921928,114.86737060546875,3069667
2017-11-13,114.80430540339205,115.8446114089342,114.47330183192747,115.63182067871094,2125925
2017-11-14,115.14316702514046,116.32533326597652,114.86732865872244,116.10466003417969,2439732
2017-11-15,115.60032377547225,116.19140078031114,115.22990739538359,115.35600280761719,2661497
2017-11-16,115.90659726861605,116.5957601965943,115.66102628100613,116.35018920898438,2331541
2017-11-17,115.9540217431872,116.44515053640697,115.81143555295407,116.0411605834961,1728310
2017-11-20,115.98572878013869,117.47496126841827,115.98572878013869,117.18978881835938,3751639
2017-11-21,117.43533871627703,118.5681054400201,117.43533871627703,118.30670166015625,3196329
2017-11-22,118.4176355356993,118.67111652628871,117.85521342435678,118.02156829833984,1916193
2017-11-24,118.32258199134328,119.16225377872354,118.25921173930091,118.55230712890625,1262720
2017-11-27,118.75034131417543,119.6929977394225,118.59190930420442,119.1622543334961,2411444
2017-11-28,119.66921862508578,121.30103756499604,119.62961700519037,121.00794219970703,3859619
2017-11-29,121.23765160461446,121.64164165985254,120.71483118858409,121.3881607055664,3531985
2017-11-30,121.93474308885624,124.12898395786108,121.53867588840163,123.54279327392578,5996521
2017-12-01,123.33685805409065,123.79630833372057,121.10301518336973,122.30707550048828,3180813
2017-12-04,123.43190227076646,123.72499762159197,121.8080062866211,121.8080062866211,3430866
2017-12-05,121.85555214480672,122.6397765901685,121.21391396223801,121.24560546875,2725883
2017-12-06,121.42779949988848,121.78426517490595,121.04757795204057,121.19807434082031,3057211
2017-12-07,121.19805858663585,121.82386372451911,121.06339521116222,121.41986083984375,2158330
2017-12-08,121.91892750909629,122.07735953178509,121.25353342701291,121.72089385986328,1564705
2017-12-11,121.18223776766284,121.92684784557584,121.15054626048301,121.36442565917969,3824892
2017-12-12,121.52282925319594,122.48131850560564,121.1980424135964,121.78423309326172,3123604
2017-12-13,121.55450233255817,123.99431392036533,121.29309850466889,123.41604614257812,5345370
2017-12-14,123.49531280156549,123.91514877666715,121.33276266172649,121.38028717041016,3316131
2017-12-15,122.12486980123123,122.49718118367898,121.65750942285325,122.18824005126953,4532302
2017-12-18,122.78235469529889,123.0279255796847,121.99020742593942,122.45758056640625,3773277
2017-12-19,122.90116513974206,123.11504450722546,122.00604604986883,122.07733917236328,4487337
2017-12-20,122.73483633525679,122.93286997293723,122.06942953373486,122.5684814453125,3781616
2017-12-21,122.89323094585824,122.9962155614228,121.59412186757991,121.76838684082031,5128144
2017-12-22,122.15656481257192,122.21993506442962,121.30104727511052,121.58621978759766,2271481
2017-12-26,121.55452372427939,122.33082522824384,121.55452372427939,121.80009460449219,1485540
2017-12-27,122.01395465106316,122.06940201579341,121.45153261254404,121.9505844116211,1862045
2017-12-28,121.99812367500392,122.2991419174948,121.69710543251304,122.09318542480469,1745938
2017-12-29,122.28328536335175,122.56053495433606,121.48321533203125,121.48321533203125,1761981
2018-01-02,121.84761653477263,121.99020278266502,120.96834317827224,121.76049041748047,3022590
2018-01-03,121.11884403707218,121.67334323920386,120.24748085757768,120.75445556640625,6689471
2018-01-04,121.04759044293823,122.38631439208984,120.9683744227316,122.38631439208984,4746151
2018-01-05,122.76644671891151,123.77247285834596,122.39414828036337,123.24172973632812,2616637
2018-01-08,123.5744968594442,123.68539160377603,122.17240301247735,122.5763931274414,2892022
2018-01-09,122.79023520609692,124.18440575386748,122.63180325523658,123.58238220214844,3580117
2018-01-10,123.7091503158118,124.4616831132585,122.79818553208587,124.43792724609375,2704351
2018-01-11,124.46168276413256,125.15876819190207,124.37454389609812,125.09539794921875,2458731
2018-01-12,125.61822618914661,126.33908028696963,125.00035671597851,126.0063705444336,2473719
2018-01-16,126.06185153155144,126.62426096851578,124.58845158968711,125.07167053222656,3612416
2018-01-17,124.91319091179373,125.91129440770743,124.72306745469042,125.48353576660156,3338719
2018-01-18,125.8716778154179,126.46579128143486,124.97655893776313,124.98448181152344,2803253
2018-01-19,125.48353533073133,125.71324764003576,124.84189737130127,125.70533752441406,3974565
2018-01-22,125.71329599516855,125.92717539724646,125.16671955372144,125.58655548095703,3450815
2018-01-23,125.94299833386218,127.01239515050797,125.76081047247227,126.41828155517578,4119066
2018-01-24,126.92524051989078,127.23418159242719,126.05389018204156,126.71928405761719,2802198
2018-01-25,127.2183493727312,128.24022167652325,126.48166230655276,128.2006072998047,4309798
2018-01-26,128.88976525901637,130.78300068381492,127.53520878879009,130.69586181640625,5298505
2018-01-29,130.58494804876037,130.8067502650273,127.85205385619948,127.90750122070312,3873551
2018-01-30,127.02032000111419,127.53521760785833,125.16669882343834,125.92715454101562,4104077
2018-01-31,126.73516284083011,127.16292162587725,126.18858642379944,126.48168182373047,3472559
2018-02-01,125.95092270763722,127.38470802237246,125.49148523182787,126.4658203125,2906377
2018-02-02,125.70536682261692,126.35491504905916,123.88342436352899,124.08939361572266,4442372
2018-02-05,123.13880113255351,124.77854279011059,116.4372610294859,118.9562759399414,6092679
2018-02-06,116.98385938560052,120.75447234558801,116.59571499347587,119.93063354492188,5614528
2018-02-07,119.92271422510194,122.41003791420265,119.6216959795278,119.7642822265625,3348007
2018-02-08,120.00189796873836,120.00189796873836,115.43122868875206,115.66887664794922,3549295
2018-02-09,116.46102618728979,118.2750327631531,113.9499214681984,117.15811157226562,5706042
2018-02-12,118.06114412498385,119.32065144352636,116.50854150119855,118.40176391601562,3647459
2018-02-13,117.91857242973086,118.38593274591754,117.3165487553505,117.6333999633789,2971609
2018-02-14,117.08683346540303,119.43158363427246,116.48479698233,119.12264251708984,3124659
2018-02-15,120.07322285529135,121.87931975497757,119.44743043121436,121.53077697753906,3837136
2018-02-16,121.2693770221975,122.8061473633903,121.03174172564984,122.01399993896484,2956620
2018-02-20,121.12673697497696,123.03579220956338,120.84947468418528,122.25949096679688,3919994
2018-02-21,122.76647974709586,124.25571217668488,122.01394703720973,122.02979278564453,4280033
2018-02-22,122.59100745058097,123.21984101612344,121.61989868559198,122.0338134765625,2347901
2018-02-23,122.45566388528404,123.59393573111966,122.28055204298428,123.47454071044922,3341252
2018-02-26,123.84070232596311,124.74814561907253,123.46659446328297,124.5730209350586,3064072
2018-02-27,124.67648915850944,124.92324057410185,122.45566231691114,122.51934051513672,3270216
2018-02-28,122.90139572925389,123.3630657707973,120.17909245243582,120.28257751464844,3724934
2018-03-01,120.45769948853999,120.553223183245,116.71653212607485,117.17821502685547,4883157
2018-03-02,116.4698013003633,118.43590261319194,116.31856076549127,117.91850280761719,3592888
2018-03-05,117.46478428091466,118.58713331263783,116.62898071961291,118.2130126953125,3588772
2018-03-06,118.88961685823085,119.33537710566942,118.0617873874916,118.8657455444336,2937410
2018-03-07,117.46477457205573,120.46566217885774,117.20208761381444,119.72539520263672,4206146
2018-03-08,120.4815978761675,120.91939670002205,119.53436065401407,120.37811279296875,2307686
2018-03-09,120.99896298505045,122.95710224534652,120.67259789483482,122.7501449584961,3044756
2018-03-12,122.91736756157106,122.94920025632774,120.93534321921132,121.17413330078125,2549295
2018-03-13,121.500445256097,122.28051900893105,120.25868865962136,120.59300231933594,1990607
2018-03-14,121.46862761863301,121.50047312698227,119.47068093679928,119.73336791992188,2141019
2018-03-15,119.94032570377831,120.70447688418368,119.49456550676977,120.2507553100586,1950392
2018-03-16,120.42592541134373,121.34131746189968,120.42592541134373,120.81595611572266,4569562
2018-03-19,120.25073905204374,120.55322006056474,118.82590914588046,119.5582275390625,2294070
2018-03-20,120.06770917768624,120.91146149930732,119.5264251534488,119.7811508178711,2872179
2018-03-21,120.01195878828484,121.60393925969333,119.4468036055932,120.4815902709961,2733483
2018-03-22,119.08071476854256,119.62198614112444,116.53353425243513,116.91560363769531,2722611
2018-03-23,117.00310504080517,117.9105353832484,113.9066933843069,114.04997253417969,3815181
2018-03-26,115.78522398857845,117.26577082465802,114.88575508768793,116.96330261230469,2370173
2018-03-27,117.47273436349356,117.92645593637205,114.2807990599137,114.89372253417969,3251744
2018-03-28,114.54349605399895,115.45888783659983,113.42114690960813,114.0340576171875,5301038
2018-03-29,114.63105315515462,116.10363875381444,114.29672658423728,115.02904510498047,2716067
2018-04-02,114.49572404668861,115.13251886683534,111.57443694369617,113.37337493896484,4319298
2018-04-03,113.82710111123352,114.89373343936487,112.73658464955118,114.8300552368164,3383684
2018-04-04,112.8878249417816,115.47481120834095,112.6729062010544,115.2917251586914,2922738
2018-04-05,116.07179480774232,116.96331524852718,115.64195734241828,116.53347778320312,2363945
2018-04-06,115.55441138223415,116.15141221985542,112.617201106612,113.62015533447266,3027129
2018-04-09,114.08179536122914,115.66582725014324,113.54052431750071,113.69176483154297,2060799
2018-04-10,115.43496283623226,117.06674983973924,115.10064918865875,115.92051696777344,3040323
2018-04-11,115.01312581490855,115.99219578436735,114.58328834242606,114.84596252441406,2061538
2018-04-12,115.49870905917821,117.13845840367792,115.49870905917821,116.58922576904297,2456831
2018-04-13,117.1702444875446,117.30556223264765,115.7215305290287,116.3105697631836,1676695
2018-04-16,117.32152649109733,117.91055311339346,116.56532374180718,116.81208801269531,2708256
2018-04-17,117.7194940456182,118.63488571285883,117.56029215038006,118.36425018310547,2223244
2018-04-18,118.88965214501042,119.59013823614346,118.26081847729917,118.89761352539062,2904161
2018-04-19,118.43590654980956,119.35925972478177,117.42499103801357,117.9105453491211,3358985
2018-04-20,120.0119774917581,120.64877234361435,117.75930496635364,119.85277557373047,5562807
2018-04-23,119.96417215469812,120.69649049513197,117.45680041169697,118.30055236816406,4709524
2018-04-24,118.5075534243686,119.46273934953834,115.2996948381591,117.18619537353516,4424428
2018-04-25,117.37722644265068,117.96625298025266,115.45888066122646,117.05882263183594,3036840
2018-04-26,117.26579003853335,117.81503537727166,116.27079727477772,116.85187530517578,2538106
2018-04-27,116.64488751584197,117.1622872077209,116.11157789240991,116.95532989501953,2250477
2018-04-30,117.0349271091367,117.57619809124485,115.10065897326398,115.16433715820312,3415244
2018-05-01,114.91759864125684,115.19620839043914,113.17437749109517,115.02904510498047,2566500
2018-05-02,115.04496804419443,115.71359554659361,113.58829237780067,113.81117248535156,2477203
2018-05-03,113.22214978765018,114.67882566852464,111.04909085451179,114.1136703491211,4598061
2018-05-04,113.08680072976651,115.1086313711247,112.67288607790235,114.53551483154297,2786576
2018-05-07,114.79025183387793,115.37132987256649,114.36041433843059,114.75045776367188,1927593
2018-05-08,114.26488130040568,114.89371466554161,113.66788062121536,114.80615234375,2985119
2018-05-09,115.18026466670834,116.00013254938168,114.76635003738289,115.96829986572266,2610093
2018-05-10,116.21502536079421,117.32941262547591,115.97623541564718,117.24982452392578,2083282
2018-05-11,116.99514163168516,118.02994117179625,116.88370799272082,117.29762268066406,1629091
2018-05-14,117.68761036344479,118.15725452003082,116.83589716652416,117.24982452392578,1919043
2018-05-15,117.07475410932557,117.55234704087843,116.90759081416766,117.2896728515625,2825841
2018-05-16,117.12251782118364,117.72748002139359,116.78820402753112,117.44888305664062,2056894
2018-05-17,117.6288788269788,118.09289184621387,117.12485690977574,117.70088195800781,2078638
2018-05-18,117.88488359276573,119.00492656477518,117.41286879649945,118.67691802978516,3110093
2018-05-21,119.54095215160739,120.90899870898384,119.22093252007899,120.39698791503906,2583282
2018-05-22,120.90100747802671,121.97305260642415,120.40498736699583,120.70098876953125,3533990
2018-05-23,120.00494794088578,121.13299249811696,119.85293992624582,121.06098937988281,2986492
2018-05-24,121.14898344393859,121.86101277399243,119.84492567329309,120.86897277832031,2785731
2018-05-25,120.65302096620267,121.2290461267309,119.84498280816926,120.53302001953125,2041800
2018-05-29,119.67695731133081,120.14897209668052,117.98889111280737,118.56490325927734,2479419
2018-05-30,119.02093458550452,120.62100707862413,119.02093458550452,120.35698699951172,2313491
2018-05-31,120.62098197304371,120.62098197304371,118.21287195472878,118.3328857421875,5317504
2018-06-01,119.08492511517811,120.26098048123087,119.02892554663099,120.07696533203125,1829746
2018-06-04,120.00495423259336,120.4129805141865,119.37292969169323,120.1169662475586,2212795
2018-06-05,120.38097937169312,120.52498562285534,119.66894989487018,119.90096282958984,1782036
2018-06-06,120.08499177753171,120.80502319335939,118.98095219680613,120.80502319335938,2748683
2018-06-07,120.83700032252027,121.93303785042329,120.80499320739922,121.67703247070312,2094154
2018-06-08,121.42904825964077,121.91706669776505,121.34904333588533,121.49304962158203,2049400
2018-06-11,121.54105412955275,121.95706940368419,121.21303267029597,121.50104522705078,1820457
2018-06-12,121.55701579864159,121.99703630927411,121.25301263874368,121.81303405761719,2372178
2018-06-13,121.55700318415968,122.00502542689003,121.10899382673975,121.46900939941406,2042645
2018-06-14,121.88504871264367,121.99704785289127,120.24498030847954,120.96501159667969,2672685
2018-06-15,120.37298237063328,120.37298237063328,119.02892826820755,120.18898010253906,4143132
2018-06-18,119.23691002625372,120.09294560264738,118.84490023712715,119.9649429321289,1670151
2018-06-19,118.76490559886656,119.15691542183261,117.54085257508582,117.82886505126953,2735383
2018-06-20,117.75689534943054,118.23691198418607,116.96486081516075,117.23686981201172,2042645
2018-06-21,116.78085103042011,116.94884975488864,114.86876062391148,115.18077850341797,3378301
2018-06-22,116.32483899172267,116.32483899172267,115.10878735248632,115.20479583740234,3048345
2018-06-25,114.74075049792906,115.65278585212619,113.56470796140695,115.23677062988281,3773383
2018-06-26,115.60475543962475,116.11677898610284,115.13274077936893,115.2127456665039,3358035
2018-06-27,116.17278766089915,116.65280413608002,114.5007253329834,114.51671600341797,3283937
2018-06-28,115.08476068888709,115.24477050566465,113.86870927494105,114.50873565673828,3016468
2018-06-29,114.67673541183018,116.53281301592237,114.55673450429431,115.24475860595703,2985647
2018-07-02,114.69277687223618,115.97282992668559,114.41276607190761,115.85282897949219,2378617
2018-07-03,116.07685675155449,117.30091053345264,115.75684984943818,115.95685577392578,1316340
2018-07-05,116.7328456768488,116.88485373352842,115.4207985147395,115.94081115722656,2089932
2018-07-06,115.6287868636819,117.0848400592387,115.54078017944325,116.58081817626953,1995357
2018-07-09,116.77283153704737,118.4208887235438,116.60481995275057,117.94087219238281,2107876
2018-07-10,118.22888206004778,118.5888976717438,117.9168771201191,118.4368896484375,1821091
2018-07-11,117.56486015331915,117.56486015331915,115.52478010803232,115.62078857421875,2456514
2018-07-12,116.75686121449577,118.42092243228187,116.30883878571532,118.31692504882812,3287632
2018-07-13,118.27689701035841,118.83691845207444,117.66086311622095,118.00487518310547,2710051
2018-07-16,117.98888491439259,118.10888582793892,116.82083135345884,117.12484741210938,1877033
2018-07-17,117.11682620656939,118.93289470766531,116.6528004166185,118.79689025878906,2635425
2018-07-18,118.92488858519553,119.61292546736738,118.71688103067187,119.32491302490234,3212795
2018-07-19,118.33290241585625,119.18893817850068,117.84488407500588,118.0368881225586,3193479
2018-07-20,119.35691494616927,123.19707250314657,119.30091538659184,122.50904846191406,6807267
2018-07-23,122.50110003259422,123.03712918421431,120.90902902570183,122.96512603759766,4612205
2018-07-24,123.22109004992518,124.71715206298131,122.55705839108899,124.13312530517578,4029346
2018-07-25,122.81308876192094,126.5812439486991,122.81308876192094,126.42123413085938,4159070
2018-07-26,126.58121550986918,127.77326132580228,126.48520706367282,127.3012466430664,5055313
2018-07-27,127.40528415645589,127.78130339687625,126.69325457635898,127.47728729248047,2995991
2018-07-30,127.36527464890496,127.76528630208311,125.31719282189471,125.54119110107422,3292698
2018-07-31,126.03720181732322,127.88527767986542,126.03720181732322,127.72528076171875,2875028
2018-08-01,127.94128986763647,127.9972894331382,125.17317696886886,125.5171890258789,3562067
2018-08-02,124.54914532523236,124.99716763430014,123.86912296799763,124.72515869140625,2258815
2018-08-03,124.59714603267284,124.9411580732462,123.3890965588578,124.03712463378906,3130042
2018-08-06,123.8291373505431,124.16514766788636,123.04509180121985,123.98113250732422,3243194
2018-08-07,124.29317195084273,125.18920391443113,123.94115801314919,125.09320831298828,1719338
2018-08-08,125.06116998464624,125.17318200546868,124.06912978182575,124.1651382446289,1791536
2018-08-09,123.88512516833877,124.33313458718489,122.869079647781,123.173095703125,2643236
2018-08-10,122.74111668945132,122.90911544390976,122.02908699374501,122.47709655761719,1628036
2018-08-13,122.57308742381204,122.80510039649108,121.44504256692062,121.88506317138672,2148513
2018-08-14,122.16506422235065,123.90913005556615,121.94105304778894,123.30911254882812,2728522
2018-08-15,122.36506237153085,122.80508291335346,120.97301050426493,122.54906463623047,2395505
2018-08-16,123.17212486318402,124.20921794353515,123.05153746250595,123.88763427734375,2217228
2018-08-17,123.83940427784077,124.98100300776072,123.40527408914268,124.74785614013672,2144819
2018-08-20,124.90063025650863,125.2704463689888,124.46649998728712,124.98906707763672,2259554
2018-08-21,125.38297488956026,126.49242306758086,125.37493400258674,126.2030029296875,2603232
2018-08-22,126.04220505176278,126.04220505176278,124.53079028716425,125.51963806152344,2151469
2018-08-23,126.91043871179286,127.69830300047286,126.22708003019187,126.95063018798828,3687041
2018-08-24,126.85418005480321,127.39281581850643,126.30749045699284,126.62907409667969,2617904
2018-08-27,126.97476444221459,128.28519573085615,126.97476444221459,128.1083221435547,1958625
2018-08-28,128.63894867801818,128.88012348889066,127.97167160814254,128.7113037109375,3172791
2018-08-29,128.75952380459728,129.43484169687358,128.50226724465585,128.8720703125,2282881
2018-08-30,128.5504958225557,128.9122709419864,127.83498646949123,128.188720703125,1606398
2018-08-31,127.76261372830785,128.2449761712291,127.40083865904579,127.87516021728516,2543595
2018-09-04,127.88322362256993,128.37362703653451,127.19183690101814,128.3414764404297,2465697
2018-09-05,128.42993359334346,130.3272334093975,128.38972915648216,130.06997680664062,3381995
2018-09-06,130.60861884743812,132.42553577222318,130.60861884743812,131.854736328125,4314865
2018-09-07,131.34013486202113,131.9189748620637,130.4316833945241,130.88992309570312,2920627
2018-09-10,131.5170706463653,132.04767859922757,131.1392266122875,131.3402099609375,2455248
2018-09-11,131.01058992470402,131.5170622336573,130.3111492706061,131.09097290039062,2688096
2018-09-12,130.76937682601513,132.33706466918855,130.72114446028684,131.7582244873047,2373973
2018-09-13,132.35319024547002,133.34203823403865,132.35319024547002,133.22145080566406,2209100
2018-09-14,133.09273255355325,133.46254846137882,132.46566016112706,132.73899841308594,2072199
2018-09-17,132.65062060608665,133.82436990960784,132.2084495400413,133.25357055664062,2979842
2018-09-18,133.39026503259106,133.67968520720854,132.33710292975076,133.567138671875,2749316
2018-09-19,133.66358056052042,134.0092868919419,133.20534066131046,133.2937774658203,1556577
2018-09-20,133.9369324537104,134.1700663735128,132.59433745174474,133.88868713378906,2157169
2018-09-21,134.17008514298104,134.76500725226825,133.69576340208064,134.5318603515625,3315075
2018-09-24,133.95302144179072,134.19420923283877,132.8516269770708,133.02044677734375,2055205
2018-09-25,133.3098695806355,133.59928975629438,132.61848269357918,133.10084533691406,2426221
2018-09-26,133.3901944053246,134.05747122089264,132.41742874919115,133.26156616210938,2932132
2018-09-27,133.55909530599186,133.68772361492657,132.71495746178192,132.9400634765625,1842095
2018-09-28,132.9561254775902,134.01734134253962,132.78730568638971,133.77615356445312,2316341
2018-10-01,135.22330236353662,136.32056623433598,134.52430195286382,135.2801971435547,2288111
2018-10-02,134.8494209910169,135.44275042061776,134.58932871743394,134.94696044921875,2813157
2018-10-03,135.48336006563005,135.5402548311306,134.01221473748387,134.41860961914062,2398152
2018-10-04,134.10976455849124,134.81688342044424,132.36227679063649,133.87405395507812,3110812
2018-10-05,134.10169147073063,134.6706394177304,132.93940099475233,133.3539276123047,2545570
2018-10-08,133.31323669056462,134.10977648841398,132.63863091544633,133.99598693847656,1949739
2018-10-09,133.49204368919106,133.49204368919106,130.6960554283102,130.80984497070312,3831510
2018-10-10,130.6473264522554,130.6473264522554,127.2092447066942,127.29865264892578,4741388
2018-10-11,127.24990797303947,128.55850132638113,124.69776054298396,124.86031341552734,5073705
2018-10-12,126.08755800191918,127.82691417488219,125.39668926748993,126.95722961425781,4638760
2018-10-15,126.57519266511476,128.21702187477246,126.32321909734262,126.96532440185547,3467872
2018-10-16,127.65627024492197,129.81015351904753,127.45307273239769,129.688232421875,2962767
2018-10-17,129.63943177709208,130.45222159279808,127.71312820077195,128.4608917236328,3620197
2018-10-18,127.75378554851572,127.9163383484734,125.19350773360156,126.13633728027344,3794029
2018-10-19,126.87599301923238,128.2089676620469,123.86868796933358,124.73837280273438,7090680
2018-10-22,124.98215892604722,125.35604066532163,122.81202630258785,124.0393295288086,4700984
2018-10-23,121.41401129087755,123.79547259422782,119.35766844526633,122.4056167602539,5607104
2018-10-24,122.46255460770567,122.59259426758548,117.86218313709136,118.1303939819336,4828043
2018-10-25,119.62594690514295,120.70696088596867,118.8456828821866,119.86978912353516,2926853
2018-10-26,118.45550629641735,120.35742847824129,117.66711095712772,118.69934844970703,3633665
2018-10-29,121.72602952978967,122.45578210956145,116.84423998187866,118.32052612304688,4796600
2018-10-30,118.65600213215534,120.0232373280054,117.99336075418331,119.91419982910156,4253640
2018-10-31,121.54149146474367,122.95905697845471,120.8620689486863,121.47438049316406,4789114
2018-11-01,121.99443149783872,122.07831049835126,120.36716852926614,121.16403198242188,3836228
2018-11-02,122.1370274562399,122.91710990748506,120.53492305470266,122.0279769897461,4917190
2018-11-05,122.12024727874548,124.2759556715071,122.0363682801011,123.45393371582031,4230372
2018-11-06,123.8817050208486,125.34120978885612,123.80621652036523,124.5191879272461,3215471
2018-11-07,125.86130306011721,127.16144073485108,124.77086292190674,125.98712158203125,2210485
2018-11-08,125.85294552498597,127.06920450360136,125.7439079567566,126.28073120117188,2833669
2018-11-09,125.89481621887938,126.41487114065063,124.83793834616415,126.0877456665039,2406140
2018-11-12,125.96195080605872,126.34779682539262,124.06626972231224,124.25080871582031,2287574
2018-11-13,124.09983821245488,126.48202567647147,123.43719654714612,123.87335968017578,2501743
2018-11-14,124.68697048861507,124.9302299634339,123.47911539788612,123.74752044677734,2860276
2018-11-15,122.85346986089868,125.21522279756283,122.48234190680249,124.64166259765625,3064329
2018-11-16,124.39705609538646,125.67072444768232,123.8319202067074,125.2995834350586,3194024
2018-11-19,125.19835279039808,126.3370487463039,123.9584342079247,124.38861083984375,2283223
2018-11-20,122.89557415207742,123.94993475209789,120.87121377904117,121.50382232666016,3620238
2018-11-21,122.26300537444271,122.92092629036975,121.48700009534717,121.54603576660156,2900035
2018-11-23,120.31451702410843,121.56287238469609,119.78311802565935,120.83747863769531,1530950
2018-11-26,121.35203285566354,121.95934242664283,119.79158501413778,120.80377197265625,4076093
2018-11-27,120.09522939334188,121.19176408500027,119.89279722744253,120.52540588378906,3701778
2018-11-28,121.19174480657833,121.81591597741945,119.85904163681171,121.71470642089844,4345398
2018-11-29,121.71473803888446,123.86562070770898,121.30142325859208,122.9293441772461,2677772
2018-11-30,123.0642729772659,124.07645970053406,122.5834852602627,123.78124237060547,5456913
2018-12-03,126.52256910960114,127.79622372291936,125.51881969245821,125.66221618652344,4369678
2018-12-04,125.08870064570009,125.89001827834618,120.20493646810387,120.34832000732422,4161579
2018-12-06,118.29862058383232,119.53853883805495,115.67538756248887,119.40357971191406,6015452
2018-12-07,118.78785908650383,120.77004646334568,116.4935924957666,116.99967956542969,3687008
2018-12-10,116.99119776931674,117.44668637564844,114.41857645438284,116.35858917236328,3158211
2018-12-11,117.91060419423337,118.24799545981256,114.8150211036245,115.39701843261719,4172910
2018-12-12,117.0502401466564,118.79624498853568,116.59475156484037,116.6453628540039,4250100
2018-12-13,117.33706676982489,118.25646866352554,116.31645527818999,117.09246063232422,2389043
2018-12-14,115.92001498763628,116.72131948453237,114.76444434700595,115.0849609375,2628099
2018-12-17,114.57040204157288,115.70911058377851,112.67256315166819,113.34735870361328,3169744
2018-12-18,114.67163923909277,115.35485924319792,113.34737314446107,114.02215576171875,2668566
2018-12-19,114.33421642251498,116.19831851377504,111.46636504816797,112.40264129638672,3913823
2018-12-20,111.95561358645999,112.70631961513834,109.12150464591356,110.21803283691406,4571606
2018-12-21,109.66134621223469,111.71944369330244,109.08777966267391,109.1805648803711,6984221
2018-12-24,108.47204474053412,108.80099869221547,105.12341095877011,105.29210662841797,2871910
2018-12-26,105.45236970461829,109.31552130974025,104.15340265294155,109.29022216796875,3480325
2018-12-27,107.64540795952169,111.02777112643996,106.9874871588826,110.9771728515625,3287502
2018-12-28,111.44112216712125,112.24242670876585,109.86379920885237,110.29397583007812,2791382
2018-12-31,110.96873542503853,111.47482233888817,110.04933378168572,111.44108581542969,2225559
2019-01-02,109.8131877524394,111.41579664359843,109.23117726491144,111.19650268554688,2788145
2019-01-03,111.42422864696945,112.16649738361234,108.86847500552928,109.71195983886719,3221137
2019-01-04,111.862842649223,113.90407842103086,111.38205479656077,113.54981231689453,3625397
2019-01-07,113.31363592599473,114.71382563394049,112.30989927774557,114.18242645263672,2978944
2019-01-08,114.76445313991358,115.45611070375469,113.29679016399034,113.94627380371094,2666846
2019-01-09,114.8824850259899,115.33796059422237,113.92934696402043,114.47760772705078,2016144
2019-01-10,114.05589755931551,116.35017679293938,113.59198448851203,116.1899185180664,2174773
2019-01-11,115.34641470797484,116.18990594793189,115.05963471754471,115.8609390258789,1912449
2019-01-14,115.00060043916038,116.4345266122436,114.69694563804464,116.07182312011719,3136764
2019-01-15,115.9200070710454,116.52731669863991,115.16930091395605,116.206787109375,1863383
2019-01-16,115.99590156395527,116.99121370445879,115.76815722976882,116.41764068603516,2273511
2019-01-17,115.81879162866875,118.61915818673539,115.71758203157823,117.9865493774414,2607462
2019-01-18,119.58912718714276,120.20487401303446,118.39138307591155,119.64816284179688,5484835
2019-01-22,118.89748868890037,119.0577469491748,116.9912122559122,117.9359130859375,3233782
2019-01-23,118.77939249746898,119.17581941539511,117.43825182305164,118.71190643310547,3000897
2019-01-24,118.8384649507908,119.7747416115482,118.4757744424203,119.08308410644531,2738775
2019-01-25,120.19646385784449,120.36515951619816,119.2854994903393,119.53010559082031,3243697
2019-01-28,118.36608538613454,118.75408796399778,117.13460460450676,118.49260711669922,3518869
2019-01-29,118.80469106758349,119.95182394972854,118.50947371662409,119.5553970336914,2452778
2019-01-30,120.16273332522131,121.25081777175514,118.88062802884663,120.85437774658203,3149106
2019-01-31,120.44952515805568,121.5123105669856,119.9856120289773,121.14962005615234,3514114
2019-02-01,125.42601161510832,125.6790680351439,121.74843191931794,122.0605239868164,5601075
2019-02-04,121.86653766764603,124.8440363570652,121.83280114592618,124.77655029296875,4747534
2019-02-05,125.1730596184589,125.41767883300781,124.33801839487604,125.41767883300781,2997255
2019-02-06,125.67065225001919,126.09239132147185,125.08020452932874,125.59474182128906,3183907
2019-02-07,124.55725575626532,125.59474168329297,124.20298972837165,124.96212005615234,2996244
2019-02-08,124.81877251724697,125.3754708553465,124.15241417672725,125.35015869140625,3998195
2019-02-11,125.67066263758971,125.94900523949276,124.8777827011962,125.24048614501953,3012430
2019-02-12,125.84781072112185,126.9527699159744,125.64536550934783,126.82624816894531,2685865
2019-02-13,127.35764093919514,128.7831296341773,127.09616007096807,127.77094268798828,2791888
2019-02-14,127.30702558375319,127.90589774141485,126.48884647841366,126.96119689941406,2135318
2019-02-15,128.20954062408651,129.32293701171875,127.86371197181764,129.32293701171875,3074850
2019-02-19,128.7240642523775,129.6856397734491,128.53849384850054,129.28919982910156,2508521
2019-02-20,129.33137918197045,130.60503386416448,129.06146095054183,130.38572692871094,2652986
2019-02-21,130.19917893338697,130.37725660642866,128.9611176046393,129.41055297851562,2737865
2019-02-22,129.95328750500988,130.25009242705386,129.21554257242298,129.910888671875,2901957
2019-02-25,130.75880499047068,131.1658283239412,130.36025094679098,130.6400909423828,2339472
2019-02-26,130.49600453450074,131.27614830914985,130.26704559691245,130.5214385986328,2009467
2019-02-27,130.47053985315745,131.21676707868403,129.83455743429292,131.09805297851562,1771827
2019-02-28,130.66560063384512,131.0726372930403,130.08896863917695,130.6486358642578,2877070
2019-03-01,131.4287446050496,132.15802006128126,131.13195284709545,132.0477752685547,3424886
2019-03-04,132.95512126141497,133.1162341763571,130.57229161844637,131.01324462890625,4115852
2019-03-05,131.0217200608131,131.59833880688774,130.25852817086104,130.71644592285156,3421345
2019-03-06,130.67407914446136,131.45422290054768,130.36032254709846,130.36880493164062,3975231
2019-03-07,130.22462840099396,130.45358730629798,128.58802579996848,129.30032348632812,3621351
2019-03-08,128.27426605309168,128.73218385232514,127.5195695578368,128.54562377929688,2954766
2019-03-11,128.04528245898211,129.9362907042883,127.66369309327843,129.90237426757812,2825374
2019-03-12,130.22460317869113,130.90298428956615,129.5716561234357,130.16525268554688,1843251
2019-03-13,130.84363047747047,131.81033400802264,130.4620411122826,131.47113037109375,2563454
2019-03-14,131.73402860850985,131.97146988670835,130.90300376996123,131.64923095703125,2688597
2019-03-15,131.56444398991061,132.2937064698694,131.46269465393175,131.73403930664062,5348968
2019-03-18,131.90363697867065,133.20953141288894,131.35245218945602,133.0738525390625,2423845
2019-03-19,133.6589852216783,134.11689002989692,132.84492495701153,133.3367462158203,2726028
2019-03-20,133.29429139408103,133.70981028211204,131.98839732900365,132.53111267089844,2401386
2019-03-21,132.59896567116385,134.75284951237228,132.3700198735138,134.36277770996094,1974666
2019-03-22,133.64200663049604,133.8370491088948,131.96300505386404,132.14108276367188,2459253
2019-03-25,132.22586059570312,133.32824313630167,131.95450287954083,132.22586059570312,2072393
2019-03-26,133.02298434254672,133.87096094087522,132.77706065695244,133.54025268554688,2240228
2019-03-27,133.41306156001664,134.22712174516317,132.45484011131842,133.22650146484375,2796946
2019-03-28,133.65894334441606,134.5493186164685,133.14167509215676,134.4390869140625,2204617
2019-03-29,134.990280914696,135.2446738671101,133.9642267219397,134.76132202148438,2736246
2019-04-01,135.677131860311,137.17806846581627,135.4736201353647,136.92367553710938,2421518
2019-04-02,136.7964927916683,136.99152215386403,135.55843137301787,136.55905151367188,3371571
2019-04-03,137.0593664497632,137.33072419289442,135.81283563427075,135.92308044433594,3859699
2019-04-04,135.89762430885023,136.8219291971068,135.49907010436723,136.58448791503906,1990246
2019-04-05,137.05081949145628,137.52568872778573,136.6776995335674,137.11865234375,1765353
2019-04-08,136.69474871251845,137.45792767756194,136.14356390443146,137.42401123046875,1875624
2019-04-09,136.67777625414928,136.9745680571903,136.14355624471483,136.39794921875,1955040
2019-04-10,136.35554653530934,136.35554653530934,135.00725333895707,135.65171813964844,2408771
2019-04-11,135.8298049959093,136.5675498855559,135.40581668923863,136.4403533935547,1776683
2019-04-12,137.29681321491734,137.90736161622638,136.86434252149834,137.7716827392578,2143614
2019-04-15,138.00910336878744,138.11085269369462,137.1950302289473,137.37310791015625,2420708
2019-04-16,137.86492780016124,138.15323715924504,137.48333841870146,138.10235595703125,3042173
2019-04-17,138.4840241467596,139.62031044831673,137.93282613298194,138.12786865234375,3456247
2019-04-18,142.0539841372195,144.03825980276156,140.6717744603633,143.35987854003906,6451277
2019-04-22,142.6730026467475,143.6651403943554,142.0370202675366,142.66452026367188,3302778
2019-04-23,142.67302103883193,145.85295952500925,142.46950926926905,145.69183349609375,4218030
2019-04-24,145.6579675564978,145.94627708752495,145.0474189460021,145.2509307861328,3869815
2019-04-25,144.75056384352158,144.96255797822613,142.98676478872085,144.51312255859375,3379260
2019-04-26,144.29264488423385,146.09884258764544,144.15696603339924,146.06492614746094,2734830
2019-04-29,145.76813597689147,146.80267249942207,145.65789118246957,146.31932067871094,2977427
2019-04-30,146.7094329269113,147.55740962508693,146.259997422818,147.2351837158203,3694292
2019-05-01,147.34538313546662,147.83721736660198,144.8607910105602,144.95407104492188,3806080
2019-05-02,144.50469726111055,145.4629188957736,143.7839038935648,145.32723999023438,4473171
2019-05-03,145.49677700294112,147.24361112225648,145.34413338663398,147.1588134765625,4176754
2019-05-06,144.57252543964057,147.12495122321755,144.37749601875265,146.37025451660156,3036710
2019-05-07,144.74209817186792,145.6579207935902,143.2072578413764,144.02980041503906,4738531
2019-05-08,143.94496626177423,145.3780568866345,143.73295906623684,144.4622344970703,2933419
2019-05-09,143.495593848886,144.58101199892468,142.61368751132275,144.48773193359375,2994119
2019-05-10,143.95346526695874,145.93775406563418,142.4779755164584,145.53919982910156,2369619
2019-05-13,142.86801638825662,143.22417171771772,140.17991283319355,141.4603729248047,3748011
2019-05-14,141.553675934976,143.54643391901504,141.44343112933748,142.59669494628906,2651267
2019-05-15,141.61305062422895,144.15700689072307,141.21450943143645,143.63125610351562,1891204
2019-05-16,144.03823259748586,145.895324515607,143.97039972006496,144.8268585205078,3068173
2019-05-17,143.53797675485941,145.18306202416602,143.18182130498678,144.11460876464844,2119435
2019-05-20,143.63973315595373,144.1230720003457,142.46951750564205,142.98678588867188,2085747
2019-05-21,144.0297714889288,144.6403197807913,143.35985960837806,143.81776428222656,2565983
2019-05-22,143.70754776346865,144.57248908665767,143.3089935460957,143.57186889648438,2277760
2019-05-23,142.2681417803294,142.54082014597316,140.87920526392534,141.82504272460938,2747982
2019-05-24,142.94131221628015,143.03504622539415,141.91025126983027,142.02955627441406,2059241
2019-05-28,142.18291279745577,142.83051396561655,140.54686912566038,140.8195343017578,3922624
2019-05-29,139.5073052854522,140.7087736883023,138.62110724257042,140.06117248535156,2557384
2019-05-30,140.3082731478224,141.2285526514537,140.24863380603512,140.9814453125,1974362
2019-05-31,139.52435131007945,140.7854723184649,139.447664629726,140.0100555419922,1917608
2019-06-03,140.1549049567014,142.2766528838632,140.01856578591702,141.85060119628906,2412615
2019-06-04,143.1969399265738,143.83601749143048,142.25110249982512,143.2821502685547,2731694
2019-06-05,144.15130225161636,144.58587763019784,143.3417908420679,144.35580444335938,2738978
2019-06-06,144.40693639759212,145.4379841974042,143.93827950256886,145.08010864257812,2255200
2019-06-07,145.76177771918051,147.6193709483105,145.6510095431833,146.7843017578125,2051451
2019-06-10,147.8324312932516,148.2414488964495,145.88110360772018,145.94927978515625,3050975
2019-06-11,146.98030376764393,147.76424418061814,145.19087342030687,146.2645263671875,1746839
2019-06-12,146.44349840218442,147.5597698851728,146.08562278810447,147.32969665527344,1589121
2019-06-13,147.90060472610014,147.91763890478842,146.84398580280117,147.57679748535156,1417037
2019-06-14,147.3637436426486,147.8494478347282,145.79586288762826,147.2529754638672,1646584
2019-06-17,147.7387320493382,147.84097659974898,146.579855247551,146.86956787109375,1665603
2019-06-18,147.89207672990088,150.3376322580881,147.534187988448,149.75819396972656,2917334
2019-06-19,149.66448444035817,150.09905993928575,148.48006297945147,149.468505859375,2212508
2019-06-20,150.32906039736798,151.13004797584566,149.2298366812277,150.21829223632812,4283687
2019-06-21,150.72106749467267,150.7295911600284,147.89206559386477,148.53114318847656,3858282
2019-06-24,148.5141389295391,149.5537106210497,148.44596274676374,148.78680419921875,1816543
2019-06-25,149.13616322897306,149.46849415459218,147.95174186081766,148.2158966064453,1865204
2019-06-26,148.73565287233853,148.94015506405825,147.87501262650144,147.91761779785156,1836979
2019-06-27,148.33514792840882,148.7952811138849,147.59381274072845,148.13064575195312,1832730
2019-06-28,148.42891870203283,149.44291932493581,148.26700849983126,148.76976013183594,3592721
2019-07-01,150.50803411717376,150.8147939780364,149.68148854121117,150.66140747070312,1632420
2019-07-02,150.81481053795102,151.23233862734133,150.0990330660758,150.49952697753906,1423411
2019-07-03,150.62729913703149,152.075887841646,150.15011867776806,152.0162353515625,1254463
2019-07-05,151.0022779416951,151.20678015260384,148.8379113571737,150.47396850585938,1222899
2019-07-08,150.22685292456507,150.23537659067705,148.9486976219389,149.69003295898438,1592257
2019-07-09,149.119080577839,149.7666817313168,148.7697155861389,149.5621795654297,1614514
2019-07-10,150.0734428538061,150.77217284324388,148.58224887823002,148.658935546875,1887359
2019-07-11,148.9741885822989,149.14460921280286,147.6193340467526,148.72708129882812,2454700
2019-07-12,148.90607397505005,150.98521686580546,148.90607397505005,150.94261169433594,2222827
2019-07-15,151.1300807382092,151.1300807382092,148.7186069705471,149.12762451171875,1687455
2019-07-16,149.11907809608311,149.87744740693603,148.52260578245466,148.93161010742188,2012199
2019-07-17,148.75268948643995,148.82086565399985,143.59743736098144,143.68264770507812,5539363
2019-07-18,145.36979871263986,148.1647186279297,144.60290573023576,148.1647186279297,4176147
2019-07-19,148.3011399757989,149.1191622411296,147.34677847394482,147.4064178466797,3073333
2019-07-22,147.43193806579393,148.68453546126156,146.92918648218665,147.90911865234375,1784777
2019-07-23,149.29800724466233,149.62180120619726,147.81533712131593,148.99977111816406,2105575
2019-07-24,148.4800306878426,149.38326300502305,148.09657096904834,148.23291015625,1771726
2019-07-25,148.7356323604021,148.82935320140416,147.42338274074612,148.07098388671875,1779718
2019-07-26,147.85803619277303,148.03698061308688,147.12522432860766,147.93472290039062,1779415
2019-07-29,148.1477132861316,148.9998299952115,147.73870884112253,148.7186279296875,1537526
2019-07-30,148.45444704476054,149.0764904228137,147.70458815593253,148.19029235839844,1450220
2019-07-31,147.82389316649457,148.2499448691085,145.00340195682207,146.95474243164062,2930688
2019-08-01,146.469060974748,148.1051050283731,144.2194839587563,144.47512817382812,2783693
2019-08-02,143.91271813513566,144.04905732629754,141.99547210069358,143.16287231445312,2179831
2019-08-05,140.75137217300758,141.4415785124023,137.0958251504335,138.05018615722656,3333836
2019-08-06,139.2090784160189,141.04963780809192,139.08126288771984,140.1890106201172,3646845
2019-08-07,138.85967716625424,139.60953596254276,137.24919140619696,139.22608947753906,3115114
2019-08-08,140.24866469033137,142.67717290886873,139.91633379000777,142.31076049804688,2457128
2019-08-09,142.20850990056957,142.87314536525506,140.8110496454994,142.0210418701172,1823119
2019-08-12,140.9559232175318,142.19148664852295,140.1038195780947,140.33389282226562,1507581
2019-08-13,140.52127752615752,144.8840775495561,140.17191257776972,143.1372528076172,3259377
2019-08-14,141.47566449297383,142.12326568566488,139.72883942870044,139.77996826171875,2485961
2019-08-15,139.86561894851272,140.3537633027977,137.96444045485174,138.96641540527344,2246298
2019-08-16,140.28525347321198,141.78393921846504,139.77997616017882,141.33004760742188,1768590
2019-08-19,143.19696652882303,143.29973792793348,141.73254680087558,142.0408477783203,1666412
2019-08-20,141.82676588436865,142.03229548323887,139.925574130183,139.99407958984375,1746334
2019-08-21,141.3043529882951,141.3043529882951,139.40316144671243,140.2681121826172,1752404
2019-08-22,141.03030759572962,141.21870420248715,138.37548992896618,139.5059356689453,1962627
2019-08-23,138.28984532963656,138.9749659323593,133.16008000485277,134.01646423339844,4393553
2019-08-26,135.19824516857653,135.3352692513861,132.66333268630558,134.37611389160156,3130087
2019-08-27,135.40382039847339,135.48090555974886,133.8023765034724,134.8643035888672,2559711
2019-08-28,134.59882140924537,137.0223968514416,133.99078592700386,136.63702392578125,2390966
2019-08-29,138.28986958286418,140.44797672512806,137.82742466232332,140.1054229736328,3965013
2019-08-30,141.30436157880573,141.85244488778602,140.53360248757159,140.9789276123047,3193417
2019-09-03,140.02833617879045,140.84190125234366,139.29182982728827,140.0454559326172,2832152
2019-09-04,141.4585100355404,143.64230329480048,141.4585100355404,143.1370391845703,4021059
2019-09-05,144.3959286693074,146.40844505204305,144.3102902368458,145.90316772460938,4564221
2019-09-06,146.39986857418845,147.11924193368463,146.03162862768804,146.5797119140625,3366614
2019-09-09,147.20490919632772,147.92426947685286,144.78132009647663,145.29515075683594,5050022
2019-09-10,144.41303955861292,145.2780035372419,142.9314868360442,145.25230407714844,4270839
2019-09-11,145.40648700804837,146.75101584195465,144.90120962187532,146.68251037597656,4094708
2019-09-12,146.8965499577931,147.29905577022987,144.21604658974002,144.4130096435547,2809895
2019-09-13,144.6699752181104,144.88407129671455,143.42820474231888,143.6251678466797,2771553
2019-09-16,143.05138300885307,143.36823723941194,141.95520327154864,142.340576171875,2456015
2019-09-17,142.58038900302432,142.83730432493252,141.52702825126724,142.55470275878906,2313877
2019-09-18,142.06655193880664,143.86497233077725,141.74113116705186,143.84783935546875,1853064
2019-09-19,143.94204131338785,144.52439060332682,142.61464557087388,142.82017517089844,1972946
2019-09-20,143.53100246722897,144.48159187451807,142.7516767343402,144.1390380859375,5109305
2019-09-23,142.7944722330163,143.71082197306637,142.34059382651364,143.1370391845703,2352623
2019-09-24,143.69368350781136,144.25889978744058,141.24440855612227,141.95521545410156,2668971
2019-09-25,142.10080152806577,143.25693361873374,141.52701872646423,142.9571990966797,1664186
2019-09-26,142.90583777532282,143.87356018643513,142.5632839773837,143.04286193847656,2006129
2019-09-27,143.75367772480274,144.28462821189487,142.42626845734463,143.90782165527344,2544131
2019-09-30,144.58434505829158,145.19238060029033,143.92492381051053,144.9011993408203,2103754
2019-10-01,145.20096559111389,145.72336276334164,140.46512508625054,140.61070251464844,2825778
2019-10-02,138.85509681685576,139.4460126604824,136.54284559286404,137.94732666015625,4572820
2019-10-03,137.54481676853717,138.33269572435927,136.02901105436018,138.3241424560547,3124219
2019-10-04,138.7351588895658,140.25097735598993,138.58958151474013,140.13107299804688,2773577
2019-10-07,139.8313507034603,140.93609693847966,139.19762901585483,139.74571228027344,2240228
2019-10-08,138.152840124039,138.1956593372314,135.81488993191425,135.840576171875,3457967
2019-10-09,137.56194548336302,137.59619821518783,135.95193488870973,136.88539123535156,1699999
2019-10-10,136.9025143834363,138.9492835166192,136.89394789612288,137.8531036376953,1631914
2019-10-11,139.60013081492795,141.60409384452953,139.36891498911353,140.0454559326172,2271083
2019-10-14,140.12254416404102,140.6363747480677,139.17194171972673,139.57444763183594,1068215
2019-10-15,140.03690753929055,141.15022047735974,139.69435377985045,140.13967895507812,2847327
2019-10-16,140.11395324683008,140.73910839377268,139.31750804852388,140.13107299804688,3490037
2019-10-17,142.41769947966466,144.72138444626788,141.80966381806928,143.46249389648438,3341221
2019-10-18,143.14560628913958,143.4196545889186,139.1034533568998,141.79251098632812,4473475
2019-10-21,142.99146053315167,144.93547163097006,142.64890677280383,144.6785430908203,2563960
2019-10-22,144.4730134785894,145.68053134768218,143.77933946990723,144.6785430908203,3328474
2019-10-23,145.53494243641236,145.5863281450513,144.7299305141431,145.45787048339844,2406849
2019-10-24,145.55203455302774,147.05928669406802,144.69565030463204,146.8366241455078,2206438
2019-10-25,146.64823828217897,147.38474471999294,146.14297413705316,146.98223876953125,1972946
2019-10-28,147.2733732702318,148.77205882827988,147.2733732702318,147.88140869140625,2394810
2019-10-29,147.38474091418132,148.42096864125773,146.99080146175288,148.29251098632812,2745655
2019-10-30,148.36101248875516,149.86826479690842,148.19830210749717,149.5257110595703,1979218
2019-10-31,149.15745941427173,149.5257126176803,146.98223258359775,147.92425537109375,2168197
2019-11-01,149.26023178899092,150.9730137244849,148.95193077620422,150.82742309570312,2868268
2019-11-04,151.23847266434097,154.1501922607422,151.23847266434097,154.1501922607422,4434425
2019-11-05,153.95323164102618,155.71738582372504,153.4907735743842,154.7325439453125,5216339
2019-11-06,154.73254740430573,154.98946268267835,153.91041586953602,154.8438720703125,2774386
2019-11-07,155.69169686989704,155.85440722908146,153.6192285323132,153.85902404785156,2578528
2019-11-08,153.85902109930646,155.20354959814603,153.7648161921462,155.18641662597656,1655891
2019-11-11,154.74107282194774,155.38337412216973,153.97032712554255,154.86097717285156,1613199
2019-11-12,155.15219332310295,156.82215607063674,155.09224112902697,155.87156677246094,1838091
2019-11-13,154.8267515301401,156.5395200439193,154.58695600627902,155.82015991210938,1876838
2019-11-14,155.4931397865202,156.09558883028265,154.15052311769503,154.6152801513672,2234057
2019-11-15,155.69967328233747,156.5947509591983,155.4845129341697,156.42262268066406,3280521
2019-11-18,156.155801322123,156.155801322123,154.38286433608954,154.7443389892578,2433860
2019-11-19,155.34681381857595,155.51894210394045,154.0644474641272,155.019775390625,2704379
2019-11-20,155.71687316685595,156.37957227575365,151.93863398193616,152.52386474609375,4239578
2019-11-21,152.2743102928978,152.92840045574331,150.95752089553693,151.9300537109375,3171666
2019-11-22,152.23127892671874,152.7821000888954,151.18129103262459,152.15382385253906,1873803
2019-11-25,153.07475184522565,153.15220693778178,151.44812847350872,151.91287231445312,2688496
2019-11-26,152.7648863440881,154.6497018218227,152.38620674839157,153.6427459716797,4632306
2019-11-27,153.70297036608636,154.61525284263112,153.30707269298927,154.41729736328125,1056986
2019-11-29,153.86650408201302,154.2021515788047,152.91978523409193,153.66854858398438,1652148
2019-12-02,153.6685339971413,153.84066226485984,150.0107950225194,150.0279998779297,3089114
2019-12-03,148.53046785563106,149.15874398105012,147.39441601624466,148.50465393066406,3819536
2019-12-04,149.72678297861123,151.4652838846967,149.02105173104704,149.07269287109375,2967614
2019-12-05,149.4685997791267,150.0108118546412,148.57352205807496,149.76121520996094,2369417
2019-12-06,150.5358329163702,151.67188512976185,150.3895185317826,151.00918579101562,2142703
2019-12-09,150.76818691965963,151.26736697611355,149.96779561470484,150.17434692382812,1574654
2019-12-10,150.17435229920375,150.44115383894047,149.460011835676,149.7870635986328,2051451
2019-12-11,150.26038212324272,151.63742158514023,149.9161255791691,151.4824981689453,2199458
2019-12-12,151.76652307354473,153.33289571786065,150.78538126029002,152.67019653320312,2304165
2019-12-13,152.67018738327812,153.87509854287924,152.18822557655818,152.31732177734375,2074113
2019-12-16,152.56693971818532,153.1952160092276,151.59442009922603,151.81817626953125,3245012
2019-12-17,151.68902263364404,152.54106805814564,151.31034315919925,152.07632446289062,3075255
2019-12-18,151.95585782138332,152.36036459329037,150.10546552730932,150.3034210205078,3656860
2019-12-19,150.62186752030587,152.00750286586293,150.17432866694202,151.9042205810547,2711865
2019-12-20,152.46362160860474,152.9283652300808,151.60296706634347,151.8267364501953,4402658
2019-12-23,152.66160354741598,152.66160354741598,151.31039110826686,151.843994140625,2607765
2019-12-24,151.8526445681718,152.20551032853376,151.2415862932438,151.74075317382812,632796
2019-12-26,151.9558516561915,152.24848034855987,151.23291556724098,152.23126220703125,1284509
2019-12-27,152.40343942783073,152.5411447474779,151.72353518873157,151.88705444335938,1319108
2019-12-30,151.95584479446617,152.3345376061713,151.26733173406035,151.83535766601562,1689579
2019-12-31,151.86977675909392,152.40337968143663,151.00913545570384,152.33453369140625,1749065
2020-01-02,152.76485593869594,155.60498555514982,152.45502240911895,155.5963897705078,2890727
2020-01-03,153.48783816254908,154.7701913356865,152.68743359914555,153.93536376953125,2837918
2020-01-06,153.05747434201547,153.52223128833475,152.27428807520621,152.77346801757812,3316132
2020-01-07,152.6529782847048,153.25544054299368,151.12102863994255,152.8595428466797,3037823
2020-01-08,152.91120763980675,154.14193298859752,152.10219398000643,152.98866271972656,2575189
2020-01-09,153.79760054270199,154.42587657009219,153.24679284932978,154.1160430908203,1810372
2020-01-10,154.83041377737737,154.83041377737737,153.31566907200465,153.78042602539062,1691198
2020-01-13,154.27102039375652,156.06977170175867,153.78905851150145,156.009521484375,2288282
2020-01-14,155.338210232613,155.96648646774202,154.49478691878488,155.3037872314453,2216757
2020-01-15,156.02673114315473,157.0164687838034,154.7873968602941,155.54476928710938,2631134
2020-01-16,156.20748206743775,157.05951449670562,155.59642394432063,156.861572265625,2241239
2020-01-17,157.37793798428697,158.41072094569375,157.0939316376825,157.69638061523438,2638418
2020-01-21,157.53284223731035,157.75659834469,155.32097551760899,155.7168731689453,2214127
2020-01-22,156.25910497443942,156.5345155603978,154.7529823947398,154.95953369140625,1903647
2020-01-23,154.75299397737368,155.381256986258,154.08168560595715,154.55503845214844,2462389
2020-01-24,154.84765527195307,155.14027071538453,151.89563376529532,152.44644165039062,2768923
2020-01-27,149.9849962383174,150.90588795939337,149.29648303694623,149.35671997070312,2520560
2020-01-28,149.85591543157605,152.11942407094196,149.09854286077945,151.00918579101562,2203808
2020-01-29,152.3345720820138,152.97144414990342,151.15548788498157,151.18991088867188,2224648
2020-01-30,149.5804593943498,153.85787868475313,149.5804593943498,153.48780822753906,3111978
2020-01-31,153.1176993961017,153.1176993961017,147.4632416202449,149.08126831054688,5564149
2020-02-03,150.14848456841514,151.14684444768332,146.88664331966885,147.44606018066406,3584020
2020-02-04,149.82144318137006,151.5255209413567,149.75258390541785,150.79397583007812,3027403
2020-02-05,152.25706990590342,152.8767369771449,150.95749884174026,152.24847412109375,2850969
2020-02-06,153.19523372375895,153.19523372375895,151.6116424899536,151.77516174316406,2455813
2020-02-07,151.34481902110923,152.09358244797085,150.35508128603743,150.854248046875,3292459
2020-02-10,150.5444109447214,152.43783550555068,149.84728868172238,152.29153442382812,2427689
2020-02-11,153.41037637507284,154.86487119552376,152.50670276467952,154.18496704101562,2982890
2020-02-12,154.46896406689777,156.32796560971585,154.09889354408432,155.93206787109375,2985217
2020-02-13,155.20051274737853,155.73410246064608,153.7890501789064,155.019775390625,2008860
2020-02-14,155.355409279144,156.51728838916517,154.8992613915292,155.6136016845703,2518030
2020-02-18,155.00254144521688,155.33818891033732,154.0128039052755,154.41729736328125,1839811
2020-02-19,154.77019326317938,156.3623933377264,154.4861868799346,155.6566619873047,2493245
2020-02-20,155.71687637097722,156.8185052184618,154.06442645694923,155.5189208984375,2364055
2020-02-21,154.58080623202557,155.76849906988178,153.84063885076395,154.81317138671875,1963032
2020-02-24,150.13127134131423,152.65295825315695,149.2878349188706,150.84561157226562,3241673
2020-02-25,151.16407714517842,151.94727683754934,143.58178316489884,144.41661071777344,4139929
2020-02-26,145.09651803940937,148.1001807959998,143.53014519125554,143.8830108642578,3451492
2020-02-27,141.05343153297537,144.35890820453793,138.03352511365895,138.05947875976562,3997386
2020-02-28,133.04070096601038,140.32656860351562,130.33229199841568,140.32656860351562,9669581
2020-03-02,141.12268783867663,143.19076501363725,136.36351229970637,142.11778259277344,6823569
2020-03-03,142.15239519547373,145.52707747988202,138.9334481610186,140.0843048095703,6179746
2020-03-04,142.68890929523545,148.7720159948378,142.13512000201243,148.13168334960938,4585365
2020-03-05,144.07335826485965,145.29344684101468,141.23515394630155,142.7061767578125,5457621
2020-03-06,137.41915258421525,142.8792223978062,136.3548260712471,141.93603515625,5080169
2020-03-09,131.95907357191732,136.07792914733784,129.57083059303991,132.2705841064453,5917220
2020-03-10,134.85785066902127,140.12754926475031,132.69457495883879,139.91122436523438,5541488
2020-03-11,135.7058280769648,136.26828612822658,131.14566750190986,132.72918701171875,4883199
2020-03-12,124.07614161292976,125.88462855731201,116.33165635874992,116.68643188476562,7254133
2020-03-13,123.00320431538212,129.5189470463654,119.42948113352291,129.2853240966797,6398569
2020-03-16,110.7590984235033,123.9376937977057,107.30652871782907,117.04986572265625,5959710
2020-03-17,117.88055533230353,122.84741277753648,112.65412134680268,114.04725646972656,8624229
2020-03-18,105.49804191266824,107.41036352517736,87.48238398100918,103.49918365478516,7722938
2020-03-19,101.88971513263725,105.93068988185296,96.93151340315458,102.93673706054688,6893576
2020-03-20,104.60677895936912,104.84041522054449,95.85854292188807,97.34687042236328,6880526
2020-03-23,93.01169545755045,96.11813893144476,87.46508130417469,89.87063598632812,8296045
2020-03-24,95.18360938866728,103.42997098048694,94.53463455975768,103.41266632080078,5866738
2020-03-25,104.08760415471922,117.11045204455817,103.66360327554884,112.18685913085938,7242600
2020-03-26,114.07321636436126,120.61492412475276,113.49346028578022,118.8929672241211,5659650
2020-03-27,113.71843897243332,116.99793510839177,110.88022826312796,113.58863067626953,3970678
2020-03-30,113.13868295255409,115.7432507516554,112.60219186288697,114.00398254394531,5094434
2020-03-31,114.08187067934263,117.77673244097686,112.489708551967,115.76921844482422,5357770
2020-04-01,111.00138300359903,113.59729533973417,108.59583525681164,112.23876953125,4295624
2020-04-02,111.2783058283604,115.21544675819769,110.01495873005183,114.92123413085938,3545071
2020-04-03,114.65297832133196,114.94719092251766,109.4871134314899,110.28318786621094,4078521
2020-04-06,115.53557588823061,117.13639359684385,114.66162057099197,115.950927734375,4931151
2020-04-07,121.69656329887259,123.06374485459261,116.81624889304743,117.02391815185547,4098957
2020-04-08,118.26130833975924,121.47158638891018,116.99795469635025,120.49378967285156,3935978
2020-04-09,121.14274951859274,126.59416329558404,120.88315965849891,124.11074829101562,4415911
2020-04-13,123.53103734205416,123.92042227429756,118.1228732105718,119.36026000976562,3051481
2020-04-14,121.75716163943873,124.37038593559446,119.8880978996355,121.6533203125,3527266
2020-04-15,119.04009492566911,119.38621486893942,114.66164825676532,116.67781829833984,3290739
2020-04-16,116.45282000638751,117.07584115281385,112.12629465649292,114.5058822631836,4063549
2020-04-17,117.56906635504444,121.31583551346597,117.39599305358644,119.6890640258789,4806110
2020-04-20,117.49984086031294,119.57657365999776,116.72107106949896,117.42196655273438,2558497
2020-04-21,115.14618998504304,115.96823800176206,113.11272247054556,114.2203140258789,2446304
2020-04-22,116.14132024012767,116.56531447429465,114.00401101510747,115.11160278320312,2660372
2020-04-23,116.59992301799849,119.92269830014047,116.08939880648498,116.53936004638672,2818899
2020-04-24,117.42197444652143,117.88923368091888,114.53184898501743,117.2662124633789,2871000
2020-04-27,118.1401579699923,122.07729811410412,117.49116987142158,121.03892517089844,3174297
2020-04-28,124.01556866374077,126.84511697601326,122.97719581567661,123.53099822998047,3417298
2020-04-29,125.90192969926827,127.95270839275487,124.61262264637043,126.47303009033203,2682122
2020-04-30,124.1626872712934,124.59535050607035,121.62735097602395,122.78684997558594,4544999
2020-05-01,120.56301302867716,120.7101059587312,116.0980373248652,118.76316833496094,3724035
2020-05-04,115.86441577135044,117.99306926823454,114.92122832112149,116.98931884765625,4171089
2020-05-05,118.62474239972488,118.62474239972488,116.40955899403443,116.7037582397461,3158717
2020-05-06,117.7767513407339,117.7767513407339,115.06834148437808,115.1202621459961,2376903
2020-05-07,116.48740634903751,117.37867290654296,114.22895847805633,114.90390014648438,3132616
2020-05-08,116.53068175741072,118.82373914439164,116.2970455132902,118.46896362304688,2772363
2020-05-11,117.47390442162107,117.61235507621996,116.08075556270167,116.19325256347656,2383884
2020-05-12,117.0931435734332,117.70750907438601,110.32646071509447,110.40433502197266,4927206
2020-05-13,110.00627774298559,110.01493341077087,105.46342130070099,106.40660858154297,5853687
2020-05-14,104.837562065715,110.93064444555439,102.08303948058398,110.74758911132812,5287156
2020-05-15,109.28317445688174,110.40764487927062,107.85360952745913,109.31803894042969,4714655
2020-05-18,113.75493973283142,119.93518495547518,113.0401571730562,118.58406829833984,6477479
2020-05-19,117.89543651647521,118.043613945607,115.01014800719835,115.01886749267578,4479444
2020-05-20,117.28526174588504,119.14196068287477,117.03247737222821,118.57535552978516,2984104
2020-05-21,119.88285985423374,120.98117849777009,118.8019667236457,120.02233123779297,2401993
2020-05-22,119.83057137970648,121.46063076378319,118.94145297239055,121.32115936279297,2992501
2020-05-26,125.32217086645724,127.49266305796843,125.00836363163685,126.342041015625,4421172
2020-05-27,129.3232482957871,131.57220317538048,128.0244349373861,129.52374267578125,4341756
2020-05-28,130.75276263504188,131.80749722273734,126.11539671308502,128.6258544921875,3522410
2020-05-29,127.02196386501319,130.6656049592197,125.81031884308476,127.1352767944336,4183229
2020-06-01,126.82145081911894,128.82632641890424,126.31588226960295,127.42292022705078,2095256
2020-06-02,128.826355750971,129.64574514370537,127.6582946016673,129.3144989013672,3668090
2020-06-03,130.96197374944373,134.57075037609206,130.79635736887622,133.67291259765625,3027605
2020-06-04,132.50488609760225,136.13980830054794,131.73780009575384,135.90444946289062,3812150
2020-06-05,142.0062016223722,144.4556362963748,139.94031655721952,140.663818359375,4577676
2020-06-08,140.838201568367,143.21789463389854,140.4023483702577,142.0149688720703,3615078
2020-06-09,139.78341328978988,140.34129876502615,137.32525900851545,137.81341552734375,3722011
2020-06-10,137.48218881354737,137.59550174775507,133.7426601447677,134.3441162109375,3348404
2020-06-11,129.5846979894296,129.7241693571945,124.7294123920815,125.03450012207031,4233711
2020-06-12,129.1924569131804,129.88109434621896,123.03835780615618,125.96721649169922,3654533
2020-06-15,122.14051780234004,129.09656714586833,121.77442056530774,127.81519317626953,3352653
2020-06-16,132.59200837272473,132.85351212182616,127.4141964637391,129.97694396972656,3848874
2020-06-17,130.48256864755476,130.8138149117172,128.843803210111,129.30580139160156,3548511
2020-06-18,128.0069743202114,129.8810983873303,127.54497618898854,129.20989990234375,2611710
2020-06-19,131.1537766204873,131.48502290842836,126.1590180344116,126.71690368652344,5327319
2020-06-22,126.05437877704217,127.7018633958507,124.94734069909063,126.342041015625,2559407
2020-06-23,128.04184079820908,128.3469285768666,126.1502777321393,126.27232360839844,2336740
2020-06-24,124.49407196071736,124.93863107592131,120.36227457847504,120.5976333618164,3410520
2020-06-25,120.31873748645472,124.47668148394231,120.10953707309648,124.18031311035156,4065876
2020-06-26,124.04952094841522,124.04952094841522,119.88285881469545,120.4756088256836,10374913
2020-06-29,122.13180577612229,124.91248716887439,121.40831728619196,124.86018371582031,3005855
2020-06-30,124.00593747299769,126.84764197798344,123.79673710394206,126.03697204589844,3731015
2020-07-01,126.58614880268891,127.68446765263036,124.62485649179536,125.61856842041016,2639936
2020-07-02,126.89994556204435,128.26848763165458,126.00210768728232,126.41178894042969,2790674
2020-07-06,128.35565674741062,129.2709201453179,127.37937040724445,128.32949829101562,2363954
2020-07-07,127.26604774822577,127.35321569344526,125.74931473660956,126.36820983886719,2652582
2020-07-08,125.89747972338536,127.20501208865878,125.44420111910424,126.90863037109375,3629646
2020-07-09,126.16771904783738,126.84763704079924,123.19527620188221,123.23014068603516,3204141
2020-07-10,123.45678730490899,124.75560042823986,122.82045324357316,124.17156982421875,2352118
2020-07-13,125.15657165266909,127.16144774557019,123.99722996729594,125.07810974121094,2615858
2020-07-14,125.07811625443583,129.2796435110406,124.03210091114624,129.09658813476562,2680706
2020-07-15,131.7988143036137,133.09761392755848,131.5111520259911,132.4351348876953,3019411
2020-07-16,131.63321123528266,133.8124236500286,130.97073206062373,133.43760681152344,3740727
2020-07-17,133.80367186772773,135.4424369979647,132.8971146460676,135.11119079589844,4943494
2020-07-20,134.34408406894553,135.00657637010164,132.9493974290173,133.707763671875,4933074
2020-07-21,134.13492211178396,136.87201964593308,134.13492211178396,134.90200805664062,2421922
2020-07-22,134.33541579569865,135.6429348880949,134.16107991671245,134.77125549316406,1819578
2020-07-23,134.55333172582448,135.53833748700728,133.25451870040644,134.00416564941406,2656224
2020-07-24,134.23952751394458,134.4574473612859,129.91596813950292,130.25592041015625,4419250
2020-07-27,129.70676011763513,131.58960382999976,128.93968760311276,131.41526794433594,3417703
2020-07-28,131.18864581463046,132.5659075656786,130.2472238349271,132.50489807128906,3949737
2020-07-29,132.1213307075364,135.48604289729252,131.77265893690793,134.74510192871094,3350124
2020-07-30,133.30683262332286,133.42886505344418,129.90725590311422,130.02056884765625,2781164
2020-07-31,129.8113575671051,130.29950070257334,128.13772780435548,130.20361328125,4108568
2020-08-03,130.86606116362358,130.97066804491323,128.40792055724455,129.47137451171875,2129956
2020-08-04,128.3643750357905,129.1488865123949,127.44909819042273,128.42538452148438,3114204
2020-08-05,129.69802760391258,131.62444143832482,129.4888138190404,131.46754455566406,4144988
2020-08-06,131.55476573108862,133.28069941894285,131.04918348765707,133.00177001953125,2531890
2020-08-07,132.8796745161806,135.33782891804108,132.37410591743904,135.2070770263672,2549594
2020-08-10,135.25067512073923,139.36503403631556,135.25067512073923,138.9727783203125,2892144
2020-08-11,140.0972661556019,142.30263686851498,139.55681947136236,139.71372985839844,3817715
2020-08-12,141.6662828856172,141.92778670468596,138.5892330849816,139.53065490722656,2700535
2020-08-13,138.22449938735332,139.9514228306314,138.1280697858363,139.3640899658203,2604932
2020-08-14,138.50503452670034,141.02091934611215,138.4699729003713,140.50372314453125,2877879
2020-08-17,140.284562558436,141.0296795840981,138.5488700735269,139.1712646484375,2850058
2020-08-18,139.37284373050622,140.04783733628747,137.8212420819329,137.9615020751953,1891103
2020-08-19,138.12811170541028,138.61901511768534,136.89207761823064,137.4969482421875,2122571
2020-08-20,136.31348495046905,137.64594839067254,136.05927127291554,136.90081787109375,1618965
2020-08-21,136.7167239746169,138.2946322637753,136.7167239746169,138.06671142578125,2537050
2020-08-24,138.59268064295932,139.7761016319204,137.1988628747412,139.7059783935547,2111342
2020-08-25,144.06277318873978,146.39456762008302,143.34394893450366,144.22933959960938,7486816
2020-08-26,144.465967349428,145.89486012157965,143.18611689061606,144.9130401611328,3507033
2020-08-27,145.6844616224699,147.87599525231653,144.72019277945188,145.50914001464844,4331033
2020-08-28,145.79847794737745,147.88481390317412,145.044592073133,147.6042938232422,13163563
2020-08-31,147.77957423535906,147.78834302267455,144.3695579397293,145.12344360351562,4615108
2020-09-01,143.58059901375475,147.41140889424287,143.32638537073942,147.24484252929688,4020958
2020-09-02,147.91108059497955,151.59284814509095,147.20101179586388,151.18960571289062,4159859
2020-09-03,151.9785960414752,152.37306976285217,144.69392448530317,145.7809295654297,3568845
2020-09-04,147.9023237121962,148.7263326856642,144.2731415302811,146.12278747558594,3365299
2020-09-08,144.80787346936677,145.90363366872813,143.15107322226817,144.0013885498047,2829420
2020-09-09,144.86049346474465,146.87670605314213,144.51860540779063,145.29879760742188,2840245
2020-09-10,146.65753292438507,146.65753292438507,143.6069148780346,144.0013885498047,2847732
2020-09-11,144.21176867380473,146.78902096454817,144.00138542650646,145.9123992919922,2141388
2020-09-14,147.2799392704795,148.62115798162674,146.7188991776151,147.6831817626953,2158890
2020-09-15,148.3844798907958,149.0156432783312,147.332536400876,147.53416442871094,1872791
2020-09-16,148.40200426097064,150.2165886895648,147.69193536413167,149.02439880371094,3188763
2020-09-17,147.3062362131544,150.29548659932345,146.14033911548825,149.32244873046875,2692441
2020-09-18,148.56852802208323,149.43636728369023,147.0081575764922,147.884765625,4965244
2020-09-21,144.4835093947966,144.79909100883023,139.02220589344958,141.45919799804688,4511615
2020-09-22,141.0034035443012,142.88812507167023,140.3634713150239,142.60760498046875,2530170
2020-09-23,142.29198872932068,143.67703773688805,138.35599374590956,139.19754028320312,2536847
2020-09-24,138.78554618595868,141.0647412083011,137.4969266228632,139.1712646484375,2264406
2020-09-25,138.19819249775378,142.06406413902397,137.77742600629244,141.56439208984375,2624154
2020-09-28,144.15037897756395,145.64939491047502,143.08968058094646,144.32571411132812,2541906
2020-09-29,144.2556224062985,145.719563650438,143.30010855301344,144.2117919921875,2194602
2020-09-30,145.3162913229568,147.2010122751656,142.90560550931656,144.29942321777344,2917031
2020-10-01,145.69324810755214,146.5172705900749,142.11666522219892,143.4841766357422,2437401
2020-10-02,141.6783798467352,146.39455394375588,141.4416902033567,145.1760711669922,2367191
2020-10-05,146.38578818870553,148.36692542353822,146.16662260702105,147.90232849121094,1770411
2020-10-06,148.2441863569791,150.26916730671707,146.06142136205395,146.29811096191406,2373160
2020-10-07,148.13901481200244,150.95295709374517,147.72701704955477,150.38314819335938,2053879
2020-10-08,151.1107172771801,152.41687420214896,150.321769968875,152.33798217773438,2000969
2020-10-09,152.88149021259835,154.3366624519598,151.89091488116452,152.86395263671875,2667655
2020-10-12,153.4600248069765,155.14311754890795,152.63600247644237,153.72300720214844,3435913
2020-10-13,152.46949750094177,153.35487454887664,149.480247099495,150.38314819335938,2342305
2020-10-14,151.73314963275084,153.37242617197984,151.47893592079808,152.06626892089844,2412413
2020-10-15,149.95360639598363,152.1276029037661,149.31367427527135,151.31236267089844,2465019
2020-10-16,151.9172343257178,154.6347336062166,151.47893017274745,153.28475952148438,3671125
2020-10-19,153.04805101663865,153.54772310231823,149.9448336380524,150.418212890625,2128034
2020-10-20,151.18960986994634,154.0386133359174,151.18960986994634,151.88214111328125,1598732
2020-10-21,151.29477735631406,153.60027790191148,151.25971574494582,151.54022216796875,1848309
2020-10-22,152.18895535898483,155.3798333161615,151.68928331107685,155.02919006347656,1904052
2020-10-23,156.037285791058,156.5983258079879,152.23278223004039,153.8808135986328,2011086
2020-10-26,151.8295452022765,151.8295452022765,146.9205125396226,149.17340087890625,2350802
2020-10-27,148.18281255877764,148.8928813304773,146.0964772431994,146.1753692626953,2032735
2020-10-28,142.46732111574465,145.08840406127766,141.10856483748634,141.27513122558594,3271214
2020-10-29,140.61766697574905,145.29002417064365,139.74982750742484,144.29067993164062,3149915
2020-10-30,141.60820821203214,145.30752664110585,141.1786729761441,144.5974578857422,4440697
2020-11-02,148.32307810020436,152.96914161824844,147.36757797930537,152.18894958496094,4247267
2020-11-03,153.87205228554868,158.1323976842513,152.7499992613434,157.09799194335938,3763186
2020-11-04,154.66977919924034,159.92068630587139,151.89966771138845,156.8350067138672,4368970
2020-11-05,158.13242541148756,161.63011691672605,157.983410118438,160.6658477783203,4638578
2020-11-06,160.88495835596933,163.05019926224938,160.3151631029774,161.5336456298828,3116227
2020-11-09,179.61826562898023,184.08899553597337,169.5547254109505,172.6842498779297,7825420
2020-11-10,174.8055852084987,177.97017017521762,173.68351873715557,177.05848693847656,5950807
2020-11-11,177.33903113645707,177.90882647112667,173.8676328654301,174.70042419433594,3276272
2020-11-12,173.9870298466697,175.5370964215656,172.34006796615705,173.71400451660156,2690823
2020-11-13,175.12316296087383,177.81819040262448,175.12316296087383,177.50112915039062,2382670
2020-11-16,181.42034118706152,184.6085735577372,179.139270274657,183.71023559570312,4955937
2020-11-17,182.23059303486733,182.23059303486733,179.10403021448676,180.83905029296875,3488013
2020-11-18,180.10806489386482,180.52199425146077,176.99029828833457,177.12240600585938,4473879
2020-11-19,177.27211301586607,178.8662153420201,176.04790409867454,178.54034423828125,3301058
2020-11-20,177.70370716548186,179.0776439316661,176.58518956478974,177.90628051757812,2386514
2020-11-23,179.35940620811738,180.8126044153439,179.1568465186343,180.17848205566406,2839132
2020-11-24,183.4548166477617,183.88637942334083,182.08089359664172,183.09371948242188,4100879
2020-11-25,183.1906182350993,183.75428878732916,181.91357678209636,182.90878295898438,2462692
2020-11-27,182.89997357161062,184.44123038741498,182.838317860768,184.43243408203125,1450928
2020-11-30,182.45959180221496,183.41077554707292,179.5972442626953,179.5972442626953,6541113
2020-12-01,182.3891356447248,184.80231416062725,181.36749991036447,181.60528564453125,3839769
2020-12-02,181.42030752758322,184.1065246101177,181.402701324953,183.19056701660156,2488591
2020-12-03,181.9663811679909,184.45883516857043,181.7902375462425,183.3843536376953,2811818
2020-12-04,184.414791009663,187.49731784782634,184.414791009663,187.3123779296875,3236109
2020-12-07,186.28193622700428,186.52854546686052,184.37958229972676,185.9208526611328,2625368
2020-12-08,185.23387454128093,187.64705302626984,184.86396749883775,186.77513122558594,2329153
2020-12-09,187.4532813036563,188.31639316595977,185.5861535648584,186.9248504638672,2980765
2020-12-10,185.17220179636652,187.41804635379017,185.14578569384776,186.68704223632812,3022041
2020-12-11,184.55571544576176,189.5846457177615,184.55571544576176,189.02978515625,3157098
2020-12-14,190.23642900030737,190.8529318045411,186.44931315467312,186.5814208984375,3384318
2020-12-15,188.47498087030817,189.26762734151185,186.6078390377337,188.62469482421875,2531688
2020-12-16,187.9376852102103,188.76555745306646,184.27386823435796,185.2250518798828,2964275
2020-12-17,185.7887227248619,186.66064453125,184.952040519337,186.66064453125,2173357
2020-12-18,186.96887275278212,187.16263615147204,183.73661865103247,184.98724365234375,6764184
2020-12-21,181.10327625819204,185.97366897484275,180.41630800109922,185.53330993652344,2496280
2020-12-22,185.4540514256938,186.01770828596213,183.0584791796228,183.1377410888672,2043156
2020-12-23,184.60856984858955,186.83679490748284,184.28269869750036,184.9432373046875,2070572
2020-12-24,185.41883292020503,185.56854684471628,183.71902517957056,184.53810119628906,763705
2020-12-28,185.83273371354926,186.03530700925094,184.40596512669583,184.899169921875,1735711
2020-12-29,186.18508622516833,186.18508622516833,183.0849253994176,184.1858367919922,1545417
2020-12-30,184.9519990125162,186.35235137128535,184.56448584971199,185.78868103027344,1620786
2020-12-31,185.83278251306476,187.59423255712355,184.6614191174749,187.33001708984375,1422804
2021-01-04,187.45328122456414,187.60300873398427,181.74619280888652,183.14654541015625,2356063
2021-01-05,182.2922474601889,185.11936882872124,182.2922474601889,183.59571838378906,2197434
2021-01-06,184.4676402299575,188.45731491074434,184.27387681290693,186.94247436523438,2779950
2021-01-07,187.49732805650277,188.4837513815892,185.6566163149718,187.250732421875,2081295
2021-01-08,187.4181091445272,187.95535003843133,182.9000024134587,184.97850036621094,3317143
2021-01-11,183.28751085573728,184.6173982015022,183.0409015755963,183.5076904296875,2973178
2021-01-12,183.0672840799405,184.49405278947276,180.77740350575033,183.9656219482422,2527945
2021-01-13,183.43717459460126,183.73661599190564,181.78140302162026,182.32745361328125,2170119
2021-01-14,183.22579900767198,184.758259249336,182.46837878620477,183.72781372070312,3704206
2021-01-15,182.7766635698111,183.06730872893627,180.72458203608306,181.40274047851562,3932842
2021-01-19,183.4019511208758,183.8599299538524,181.82546850030243,182.09848022460938,2687282
2021-01-20,183.12011450622563,183.78065300229716,182.01920341724983,183.2610321044922,2481004
2021-01-21,182.1865551937143,183.0232509672785,180.6364886500307,180.7509765625,2736651
2021-01-22,179.89664962722472,180.0727932192174,177.368970048398,178.12640380859375,3543554
2021-01-25,177.32497452329258,178.399469712818,176.23288672339876,177.79176330566406,4792958
2021-01-26,179.52675630545565,180.345818570305,177.00787302891104,177.07833862304688,2227582
2021-01-27,174.48023744019815,176.81415403703932,173.08869466323048,175.5987548828125,4156521
2021-01-28,176.69085746450418,180.8566759245013,175.81893564937678,178.64605712890625,3775225
2021-01-29,173.07106130775844,176.9726639987332,171.3448376254666,172.06703186035156,4689161
2021-02-01,173.98703015709964,174.18077998210427,171.98778103306742,172.23439025878906,2922696
2021-02-02,174.23363287051134,176.9110404797181,173.95179762837896,176.25048828125,2800082
2021-02-03,175.81895460167547,176.05675395789368,173.86374113098717,175.3874053955078,1932378
2021-02-04,175.99504981516162,177.4306282676357,175.11433184267062,176.66439819335938,2299815
2021-02-05,178.10883104630943,179.5532197585029,177.2721487633925,178.71653747558594,1889889
2021-02-08,179.50919232470116,180.46037617487636,178.39948463059355,179.54441833496094,2099910
2021-02-09,179.31543215283295,179.49157580287857,177.09601672404727,177.92388916015625,1814924
2021-02-10,178.78697903186344,179.09523038121796,177.18406657700973,178.0471649169922,1916698
2021-02-11,178.06480407714844,178.8750702931823,176.919856773828,178.06480407714844,1728933
2021-02-12,178.23209571729888,179.48273435178967,177.5979732984236,179.28897094726562,2013514
2021-02-16,180.42513835606687,181.0504509804779,177.8005764372937,179.17449951171875,2310032
2021-02-17,177.3425928491959,178.07359707363022,176.02150202393724,177.8181915283203,2944143
2021-02-18,177.46589485456536,180.38989822569843,176.71728440673792,179.24496459960938,1785485
2021-02-19,179.77338675726665,182.16014920708108,179.06881225241528,179.28018188476562,2462794
2021-02-22,178.82225927241728,179.93198078128546,178.2762084211703,179.3330841064453,2231022
2021-02-23,180.55723257653239,181.28822317012686,178.7605567544725,180.58364868164062,2487984
2021-02-24,180.45154452135648,186.83679173567725,179.22733544706514,185.85919189453125,3380474
2021-02-25,185.72651741402296,186.1776746587142,180.6930101935363,181.161865234375,2766900
2021-02-26,181.90493651350658,182.05531314332686,178.7556713489111,179.0033721923828,3708455
2021-03-01,180.75491312813793,184.13416753388893,180.1887612560933,182.42684936523438,2565579
2021-03-02,182.91338996980895,183.9926276532194,181.50683869147915,182.7453155517578,2529361
2021-03-03,182.33836706502535,185.28416175034485,182.33836706502535,183.1256866455078,2737966
2021-03-04,183.42645729864992,184.0368399425604,177.37564230130232,179.5252685546875,2831444
2021-03-05,180.9318379179271,183.52378633091286,178.49912868180957,182.7453155517578,2891132
2021-03-08,183.59455785416665,187.93805545968303,183.29379093736324,183.73609924316406,3253409
2021-03-09,184.8772579487689,185.71764369502569,182.6657028555459,183.65647888183594,2674130
2021-03-10,183.71833105712727,188.663374257267,183.6917980312276,188.34490966796875,4383032
2021-03-11,187.35420402634836,189.981534456413,186.83228296148766,187.98228454589844,2994220
2021-03-12,188.68114112431687,190.5388496327448,188.60151470606442,189.64537048339844,1860652
2021-03-15,189.0526815927702,191.96309492483397,188.15921605332787,191.25540161132812,2590870
2021-03-16,191.39695092309825,191.49424783316547,187.01805739751143,187.37191772460938,2607765
2021-03-17,188.86690133485627,189.68958925505467,187.48688314514072,188.4511260986328,2762044
2021-03-18,188.8669553808249,193.73237505617465,188.58387254463997,190.21157836914062,4343982
2021-03-19,190.52108208555688,190.71570312782262,187.6902963573392,188.34490966796875,10228727
2021-03-22,186.7526538768557,188.14152104234518,185.35495147002283,187.65496826171875,3345065
2021-03-23,186.14229425537874,187.84961268080968,183.88650801334163,184.5234375,1936122
2021-03-24,185.7353539018599,190.23807714984122,185.67342527518855,187.73460388183594,2591983
2021-03-25,187.7257336328057,189.35343897903374,184.2226221175433,189.2030487060547,2243364
2021-03-26,190.299939740291,193.4580391462196,189.4330075462574,193.31649780273438,2569625
2021-03-29,192.538103478885,194.32504828528124,192.08694624225478,193.62619018554688,3099636
2021-03-30,193.73228023047906,194.00651403335928,192.00726467189745,192.92727661132812,2476653
2021-03-31,193.0158005197008,193.88273302606083,191.74194162510693,192.0250244140625,2478576
2021-04-01,192.81232132157328,192.82117021875192,190.62731284801993,191.78616333007812,2134205
2021-04-05,193.47578814199971,194.71425132780033,193.17500758659853,193.97117614746094,2285044
2021-04-06,194.23653781259196,195.54577835964412,193.29882798328322,193.90037536621094,1816948
2021-04-07,193.04230772380663,194.51078754625823,192.21077091912218,193.29000854492188,1737229
2021-04-08,193.00695410852973,194.58157995185778,191.64463353180034,194.4931182861328,2095863
2021-04-09,201.2516014917277,201.36659617206172,197.54503385331648,200.79159545898438,3906943
2021-04-12,199.60618935687847,202.7819869616367,199.53542550385066,202.22467041015625,2691126
2021-04-13,202.76432446225476,203.4189516673655,201.34008901262752,202.57855224609375,2781973
2021-04-14,201.69390917561307,204.33892337302797,201.69390917561307,202.91468811035156,2212002
2021-04-15,203.6666224691471,204.09124659417407,202.19815630787437,203.32162475585938,2032837
2021-04-16,204.94936272794226,205.54206135582305,203.5074293704511,205.32974243164062,4145898
2021-04-19,204.97587207026007,205.32971869538392,203.90548329811938,204.32125854492188,2938275
2021-04-20,203.46320298963704,203.63127742853743,199.73008780764508,201.10125732421875,2074517
2021-04-21,200.9242950351836,204.0558620712383,200.74737173259678,203.9054718017578,1742489
2021-04-22,203.81702178048576,205.25895497226935,202.40162162332257,202.8085479736328,2545548
2021-04-23,199.21696245478975,200.76504123961567,196.58078358921833,198.59771728515625,5372338
2021-04-26,199.56200245464296,199.69469495005052,195.7315905714154,195.9615936279297,3653522
2021-04-27,196.40388900535845,197.93428387831497,195.59888518845128,197.20889282226562,2819000
2021-04-28,197.04081280555687,198.27927597924221,196.8284939083613,197.1558074951172,2193185
2021-04-29,197.8988964112619,198.29697386012222,196.10310295949776,198.0669708251953,1810574
2021-04-30,197.28850032675135,197.7838883282421,195.53695135602024,197.3061981201172,2242757
2021-05-03,198.3677371287119,198.84544099047912,196.61618816554298,197.44773864746094,2244578
2021-05-04,196.51001262240322,199.57081567856756,195.2803984492298,199.42042541503906,2859973
2021-05-05,200.18118930494262,201.0481216077004,199.71234805503187,200.0927276611328,2745554
2021-05-06,201.03048928334707,202.4193429113872,199.43816562868292,202.27780151367188,2076844
2021-05-07,201.80889638586788,203.19776332481248,200.25196870893743,202.3927459716797,1979927
2021-05-10,202.57857148701922,205.80744967807456,202.57857148701922,204.29473876953125,2419494
2021-05-11,201.74701452269474,202.80855443259594,198.37659526620664,202.7200927734375,3419625
2021-05-12,200.49084058749966,201.03930833859621,194.51963760506533,194.65234375,4246053
2021-05-13,194.40359096010877,199.76939206746164,194.32364028499143,198.71221923828125,2938579
2021-05-14,200.54224802188045,202.75430319408562,199.76047316833217,201.98141479492188,2105575
2021-05-17,202.42561226020797,202.42561226020797,199.65387505081773,201.19076538085938,2082105
2021-05-18,200.2135590158589,200.7643546617235,197.42406239387603,197.50401306152344,2428397
2021-05-19,196.03819133815117,196.7489020493404,192.58240250309396,196.6156463623047,3085776
2021-05-20,195.87828059103555,198.01038519486622,195.8605076814849,197.33522033691406,2233551
2021-05-21,198.10810762053538,200.4445321023172,197.80605044191608,198.28578186035156,2301130
2021-05-24,199.44065787909537,200.34680195790955,198.25911599486398,199.88485717773438,1834652
2021-05-25,199.8848657556011,200.51561205606598,198.4545716542056,199.03201293945312,1825648
2021-05-26,199.8493473763681,199.8760067444696,198.3835346817862,199.2363739013672,1768185
2021-05-27,201.38622573186956,205.8725418161973,201.29738860427886,205.4550018310547,6724426
2021-05-28,206.10351323707746,206.31671959243772,204.60215486707136,205.1351776123047,2558800
2021-06-01,206.89420473707418,207.60491559497126,205.6682439350785,206.947509765625,2260056
2021-06-02,207.89805664417187,207.89805664417187,204.770970251654,204.9841766357422,2251356
2021-06-03,204.95753082000226,205.78372441399,202.96756800029027,203.61607360839844,2348374
2021-06-04,204.1135618989293,204.99306050691087,203.60719845731407,204.37120056152344,1315163
2021-06-07,203.8914513426581,204.6465806386731,202.13246799322172,202.7187957763672,2056105
2021-06-08,202.82538693956667,205.05521508456974,202.05249851820966,204.15794372558594,1740668
2021-06-09,204.16682384898553,204.68208735180002,202.19463438136904,202.38119506835938,1996417
2021-06-10,203.5449599377533,204.3800397852189,200.90647843723286,200.9953155517578,2249535
2021-06-11,202.3279179490307,202.84316780921407,198.9609660919963,200.04478454589844,2021911
2021-06-14,199.81381884251917,199.8404644974309,197.86827462395235,198.2591552734375,2616263
2021-06-15,198.12588371929812,198.8721265611231,196.9265824982212,197.66392517089844,2087062
2021-06-16,197.6638837929036,198.01924594212838,194.19922283251296,194.54568481445312,3087901
2021-06-17,194.73231778788616,195.6206892066335,190.7612646332821,192.1471405029297,2453689
2021-06-18,189.7573734511163,191.25873182727145,188.30043363724585,188.7801513671875,5489590
2021-06-21,190.77013152041386,193.1598750762995,190.41478298936767,191.88949584960938,2905902
2021-06-22,191.6051891569842,192.60017041315166,190.89449217791176,191.4364013671875,2135520
2021-06-23,191.59632394038198,192.2181838660033,190.61022902987776,190.69906616210938,2260259
2021-06-24,191.70293464991008,193.7017838457258,190.6901803680212,193.39085388183594,3403540
2021-06-25,193.55072000057137,195.5939873906965,193.0710023149177,194.3236083984375,5279973
2021-06-28,194.66122032915308,195.5407051408421,192.15599415681848,192.59129333496094,2387829
2021-06-29,192.80452839926355,193.98607058859378,191.3742477035837,191.8450927734375,3036913
2021-06-30,191.47194212327133,195.31861163814077,191.47194212327133,194.86553955078125,2899731
2021-07-01,195.9582423066224,196.56234298776639,195.1409352671722,195.9937744140625,1649214
2021-07-02,196.32247562262685,197.26415188707898,195.18535219838955,196.6156463623047,1560693
2021-07-06,195.52289695658172,196.28689879759875,191.8272432413342,194.16368103027344,1958176
2021-07-07,193.6929000507237,196.8555184689948,193.67512713850488,196.10040283203125,1581432
2021-07-08,194.16376320036113,196.07376175438378,192.893370127212,194.83892822265625,2432747
2021-07-09,196.35801284771176,199.52951748095646,196.10038792212765,199.2985382080078,2187014
2021-07-12,198.00153845524605,200.50676495282008,197.33525991842703,199.9026641845703,2090400
2021-07-13,200.64001925690926,200.64001925690926,198.73889354088143,199.06759643554688,1433831
2021-07-14,199.14753735494554,203.22518645648398,199.14753735494554,202.34568786621094,2662496
2021-07-15,204.3267801877989,207.37391583512857,203.47392724240615,206.8231201171875,5611495
2021-07-16,206.27230582829893,207.75589132250647,203.98917248397834,204.6199188232422,3634705
2021-07-19,200.48009802070732,201.31517805962056,195.45188601578369,196.02932739257812,6178330
2021-07-20,196.89993457333495,205.45501353033615,196.77556533035917,204.02471923828125,28566443
2021-07-21,203.61606292317836,206.16570779476112,203.19853663359032,205.9702606201172,4607824
2021-07-22,206.7342643817629,208.10235338369284,204.44224458195578,206.7609100341797,3723124
2021-07-23,203.43835672974245,205.32172281989077,200.93313081708808,203.72264099121094,3953986
2021-07-26,202.97645571819598,204.11357937245018,200.08034841106468,203.66050720214844,2809086
2021-07-27,203.1541039946601,206.34336776350983,202.62995398451565,204.64657592773438,2192376
2021-07-28,204.38893303944033,206.35224992388865,203.7670731753521,204.76205444335938,1733890
2021-07-29,206.8941708794104,207.21398728470993,205.5171816741393,206.88528442382812,1519417
2021-07-30,206.80531017108007,207.8269507459016,206.17456388798064,207.69369506835938,2263395
2021-08-02,208.89296623107396,210.4209699333885,206.2989035475275,206.47657775878906,2048922
2021-08-03,207.14291250956452,207.74699946704496,204.8420063143322,206.6809539794922,1803796
2021-08-04,205.92582762413494,206.97411392991816,203.35842373437416,203.9625244140625,2351106
2021-08-05,203.90919339240097,205.70370857844247,203.3939299036413,204.22012329101562,1484313
2021-08-06,204.32679532251632,205.11744313335052,203.44729665716386,204.04251098632812,1342882
2021-08-09,203.2340496730213,203.72265385011656,202.1502312856348,202.7543182373047,1385777
2021-08-10,202.91425009822828,206.1657055297658,202.65661144893727,205.99691772460938,2416662
2021-08-11,206.63649609552928,208.48431615052158,205.98797698581237,208.04013061523438,2122976
2021-08-12,208.2810118186395,208.48614639186394,205.765796772582,206.8717803955078,1939561
2021-08-13,206.79146633921297,207.51393260243216,206.1671270566879,206.71119689941406,1421084
2021-08-16,206.80039809787607,208.5307209210091,205.2930536005753,208.47720336914062,1815430
2021-08-17,207.98667852665304,208.44155712510747,203.66087089739582,206.4347381591797,2710348
2021-08-18,205.10572128185473,206.47037048052408,203.57162510050844,203.732177734375,2585104
2021-08-19,202.983003765021,204.46359649189606,201.60944615065458,203.11679077148438,1967787
2021-08-20,203.473528789686,204.0086905119966,202.02862380663615,203.0900115966797,2105272
2021-08-23,202.6886490753984,206.57740736639212,202.6886490753984,204.3476104736328,2168298
2021-08-24,204.1157365064542,205.9620164464211,203.63410604335326,205.5338897705078,1280159
2021-08-25,205.9084852000796,207.22852515261238,204.07112726959102,205.7301025390625,1825243
2021-08-26,205.21278466319382,206.19390306761966,204.63304101459983,205.9263153076172,1318299
2021-08-27,206.55062539483785,208.3166216331871,205.73005981722008,206.15817260742188,1683003
2021-08-30,206.22958250736653,207.6209700558557,205.64091695588908,206.809326171875,1333676
2021-08-31,206.41691878142242,207.50505871859573,205.64987044606636,206.84503173828125,1979117
2021-09-01,207.77261467558617,207.98667113538554,204.51710326739797,204.96307373046875,2513276
2021-09-02,205.9619961330539,206.4257965441307,204.93628209682524,206.006591796875,1613097
2021-09-03,206.0333270352469,206.0333270352469,203.15242535590235,203.6786651611328,1641323
2021-09-07,203.0899998024779,203.0899998024779,198.69283190504538,198.83554077148438,3259984
2021-09-08,198.67505606766474,200.5926699808272,197.84556830003342,200.14671325683594,2456926
2021-09-09,199.70962397320935,200.66397660969935,198.30039284859478,198.83554077148438,1960503
2021-09-10,198.8712533740527,200.85132035101574,198.1933964523779,198.3361053466797,2385401
2021-09-13,200.07533433436592,201.31510484745294,198.19338073203016,199.4331512451172,2803724
2021-09-14,199.83451023122575,199.89694966951222,195.9635817293667,196.39170837402344,2731188
2021-09-15,196.7841224917745,198.81769281697444,196.3470877842782,197.72955322265625,2045280
2021-09-16,197.35498512458335,197.4798640112139,194.90220958569873,195.9100799560547,2421417
2021-09-17,196.0973845898742,196.0973845898742,193.99245251127655,194.87545776367188,4442821
2021-09-20,192.73484888657714,194.2957110304955,191.04019973903812,192.41375732421875,4055253
2021-09-21,193.3591737896166,193.49296078324107,191.18289434531704,191.67344665527344,2598660
2021-09-22,193.047013061088,194.82193160655666,192.9399779539035,193.5643310546875,2307706
2021-09-23,193.81401510602564,197.4441345466828,193.81401510602564,195.95462036132812,2205426
2021-09-24,195.99033870427587,196.94470523493072,194.85760327748397,195.49978637695312,1971833
2021-09-27,195.27682887418584,196.07064283046805,194.1976108852998,194.34922790527344,2224952
2021-09-28,193.2075271704501,194.75055906633182,191.28991375250328,191.73587036132812,2685056
2021-09-29,192.50294332495002,193.02026131895286,191.36128599802055,191.69129943847656,2133598
2021-09-30,192.8061607287423,192.87752204512634,189.17605476066404,189.3365936279297,2968625
2021-10-01,189.9609929157136,193.02918605925765,188.7658179322342,192.3424072265625,2303052
2021-10-04,191.9856315761614,193.20755838911856,190.14828729725468,191.05804443359375,2662901
2021-10-05,190.522862160859,193.59106857842326,190.522862160859,192.40481567382812,1578296
2021-10-06,190.6655636737183,193.53754355454336,190.08582007330074,193.42160034179688,1756147
2021-10-07,194.43838867966429,196.09736389748832,194.17973658291064,194.76840209960938,1874208
2021-10-08,195.04489012237823,195.82086014976437,193.31456741931882,194.17080688476562,1360485
2021-10-11,193.88542644387564,194.63463090395751,191.99455086682258,192.0213165283203,1371006
2021-10-12,192.3869657047045,192.86860986742857,190.8082737676482,191.1650390625,1399839
2021-10-13,192.0213161444907,193.26107294443122,189.92529224018895,192.27996826171875,1618864
2021-10-14,193.68918586892144,195.13409089736479,193.1272722385964,194.96463012695312,1442126
2021-10-15,196.48981654950947,197.51553065757375,195.5622294307358,196.8644256591797,2206033
2021-10-18,194.95571312229455,197.53336736244964,194.2957000288073,196.78414916992188,1905266
2021-10-19,197.4352496513089,197.86336252157184,195.74060063829762,197.80984497070312,1618257
2021-10-20,198.21124093027854,199.5134372218403,196.96254842696794,199.46884155273438,1676225
2021-10-21,199.45095554962418,200.5569250792776,197.3281802668064,200.25367736816406,2680099
2021-10-22,198.8712654013944,199.7007531549953,193.7605656332003,193.9032745361328,3539406
2021-10-25,193.37703219445416,195.3303334638409,192.34239617679467,194.02813720703125,2742013
2021-10-26,194.6167793300823,196.64142791687016,193.3413351203477,194.7238006591797,2472404
2021-10-27,194.52759127591577,194.58109505719267,191.95885904089982,192.40481567382812,1666311
2021-10-28,191.20964412458613,195.13409009757456,191.20964412458613,194.86651611328125,1970619
2021-10-29,194.4384022650566,196.48981671456414,193.60000647946737,194.99139404296875,2645804
2021-11-01,195.06276303887932,196.2668460947196,194.50084935181366,196.00819396972656,1717602
2021-11-02,196.7038562731091,197.97930041100872,195.55327722962858,197.28359985351562,2324196
2021-11-03,197.03390772032407,198.94261335298862,195.84765467337093,198.71963500976562,2081295
2021-11-04,198.60366938597537,200.53914059678624,198.0774432724893,198.44313049316406,2347059
2021-11-05,200.00395693462048,203.00972381739973,199.62936163628427,201.62725830078125,2356367
2021-11-08,203.18811779886704,203.57163497864252,200.12883340487758,201.33291625976562,1735408
2021-11-09,201.30616191926237,203.58947627163022,200.99399229401823,203.1345977783203,2396631
2021-11-10,203.58249591624664,204.15579833490023,201.7103302682986,201.91635131835938,1340252
2021-11-11,201.99698240788166,201.99698240788166,197.6076927847084,197.97496032714844,1614413
2021-11-12,198.80801130601395,199.34548576267244,196.62232701989223,199.21112060546875,2210080
2021-11-15,199.4261167481483,200.68915208425793,198.5392955831525,199.2827911376953,1221988
2021-11-16,199.4171339163539,200.00834335069487,198.01973357005062,198.29742431640625,1667727
2021-11-17,197.95702385361454,198.2257541569942,196.71189571901425,197.50914001464844,1918721
2021-11-18,196.62234569621228,197.92122283373317,196.19238268345757,197.69728088378906,1707991
2021-11-19,197.9749751032062,198.14516822254848,194.53520180224515,195.71762084960938,2120548
2021-11-22,195.57426108278756,198.01076847399068,195.30553078511588,195.40406799316406,2480194
2021-11-23,194.7053837654257,195.69072830582286,192.72572041357807,193.4871368408203,4068304
2021-11-24,192.7167710824925,193.40651783167937,189.76072346300973,190.0921630859375,3304093
2021-11-26,183.58882903539694,187.21671603896,181.45687968913228,186.50904846191406,3902795
2021-11-29,188.3005942027838,188.3005942027838,185.4251632177533,186.01637268066406,2628403
2021-11-30,184.73547032319303,184.95045187379242,180.14910505808686,181.1613311767578,5746552
2021-12-01,184.21586170106147,184.42189657270225,178.42021138455692,178.63519287109375,3159526
2021-12-02,180.01472377231477,184.03674655131488,178.70688603908607,182.7378692626953,6074938
2021-12-03,182.74679181163094,183.16780817033586,180.05051438635041,182.28994750976562,3587258
2021-12-06,183.83965297655624,186.4015655091231,183.5171737990659,184.7533416748047,4427444
2021-12-07,185.72075719184278,187.75416924051038,184.31439636431418,185.5595245361328,4842530
2021-12-08,183.49027670922203,183.9292001002167,181.4120763640649,183.32008361816406,5055687
2021-12-09,183.25740783659035,185.56851096289725,181.79729797675932,184.52940368652344,5050224
2021-12-10,185.28184170405189,188.14831230951967,184.36815307504668,187.94229125976562,3449975
2021-12-13,187.93330731419653,188.78428656363175,186.8583723291728,187.42271423339844,2926034
2021-12-14,187.06440296053856,189.49194977914806,184.448742178098,185.13848876953125,3834812
2021-12-15,185.9178282699125,188.4707800101983,183.84858831588923,187.89749145507812,2986431
2021-12-16,189.2322079790213,189.25907548018907,187.4854470513246,187.7631378173828,3028111
2021-12-17,187.62880359164026,188.21105272092427,183.37387845271806,183.7859344482422,5644172
2021-12-20,181.05378404177065,181.52854924036086,177.45277837038762,179.0203857421875,3426909
2021-12-21,180.18489102648118,181.64500079694642,179.43244886078807,180.65069580078125,2658854
2021-12-22,180.24759697404755,180.94630412259767,179.22641066677,180.802978515625,3147386
2021-12-23,182.02121831561254,184.80707252987776,181.84206477086317,183.8306884765625,2403814
2021-12-27,184.25170208114997,185.10269529768692,183.5530087457826,184.91458129882812,2515400
2021-12-28,184.95041707343407,186.4194873531127,184.72647511956177,185.469970703125,1994191
2021-12-29,186.24033292634263,186.35677721067813,184.94145577206135,185.89993286132812,1734497
2021-12-30,186.41051949469465,187.1271475464266,185.3445447743866,185.52371215820312,1287949
2021-12-31,185.29972532047967,187.3868860221969,184.86976238936714,186.7777557373047,1554421
2022-01-03,186.19554938515788,187.5302545210853,184.1352695375826,185.24603271484375,2608676
2022-01-04,185.1653875160729,187.70939285012628,184.21587092283875,187.2167205810547,3294381
2022-01-05,187.70042399170543,193.11089974926847,187.32419601741688,189.06199645996094,4136186
2022-01-06,189.72486071709727,192.0090820558781,188.66784659180067,188.8470001220703,3308544
2022-01-07,190.03840718050438,194.66059935852428,189.518853570053,193.26319885253906,3092352
2022-01-10,193.1915471215879,193.89921479778695,189.77865495976292,191.21188354492188,3493982
2022-01-11,192.07177399600405,194.37390218343353,189.47402038574938,193.76478576660156,3570666
2022-01-12,194.82180922464073,196.3446281041829,194.69640451536355,195.5026092529297,3141013
2022-01-13,195.63696711872808,198.76320725894695,195.34135549946612,196.5596160888672,3118453
2022-01-14,194.92932098165866,195.25180013445026,192.9138297336722,194.96514892578125,3382092
2022-01-18,192.48390556468726,193.4334223285576,189.95782066305188,191.32835388183594,3090632
2022-01-19,192.06281956801314,192.38529866907302,188.64991459614257,188.76637268066406,2645298
2022-01-20,189.61741657519764,192.09871302859955,186.97488743019247,187.14508056640625,2598660
2022-01-21,187.44963001757705,187.7541883025297,183.59780084058397,183.72320556640625,4492595
2022-01-24,182.91700349918705,183.43654325813858,178.24106270155832,183.1409454345703,5501527
2022-01-25,179.79076025529574,182.5497471935541,177.28259659680853,181.2150421142578,5298891
2022-01-26,181.9764635806252,184.43087865983853,178.00818970606096,179.73703002929688,3427111
2022-01-27,181.90480768061235,183.4813619315129,178.49190160076378,179.73703002929688,2782075
2022-01-28,179.4950992858222,180.99105045434808,175.61640366705842,180.9373016357422,3431866
2022-01-31,179.6563572619262,183.6156694485652,178.53663392399926,183.16778564453125,3336264
2022-02-01,182.675181599022,184.36819407204771,180.50740381992483,183.93821716308594,3088912
2022-02-02,184.00985301738248,186.17761656952865,183.31114585440025,185.9178466796875,2868977
2022-02-03,179.2980866455245,180.05052882360192,171.61233539876437,171.7556610107422,8781138
2022-02-04,171.87211954592004,172.6962314459503,168.4323463334662,171.54067993164062,5543815
2022-02-07,172.1229216696216,174.30861987984986,170.92259564463907,172.4185333251953,3498130
2022-02-08,172.41853305880502,174.72962215762942,171.1375768756533,174.28173828125,2767709
2022-02-09,175.67914556043374,176.4853365057546,174.3981894283844,176.1270294189453,3247946
2022-02-10,173.8786155611875,176.4405275262671,171.11066874853412,171.76458740234375,3702284
2022-02-11,171.81839755967908,172.78583522320568,167.10662781483728,167.50076293945312,5385591
2022-02-14,167.85008542423614,168.7816810968948,165.3060801835729,167.23199462890625,3193619
2022-02-15,168.566700706596,170.13430807052472,167.08867011615786,169.7760009765625,2861490
2022-02-16,169.78498933243856,170.0178917663407,167.33057407311628,169.3550262451172,3121589
2022-02-17,167.9396231025982,168.29793011081412,165.0910602627366,165.350830078125,3111776
2022-02-18,164.75964289600375,165.77186862698156,162.4843820257194,163.14724731445312,5097165
2022-02-22,164.03410345500626,165.96897856705343,162.08132128301236,163.532470703125,4054747
2022-02-23,164.43719833651164,164.71488912913162,160.16435260441574,160.30767822265625,3624183
2022-02-24,157.5784996919544,164.54995564932563,157.1011204162456,164.23471069335938,5968511
2022-02-25,164.01857617624765,170.70181776605023,163.99154683257896,169.83714294433594,5059329
2022-02-28,167.57639206468954,171.08014073671615,167.57639206468954,170.90899658203125,4159050
2022-03-01,168.11677775354588,170.9990315980539,164.76615435710949,165.36962890625,5526718
2022-03-02,166.9368727551211,169.55792661752926,165.87403834070315,167.92764282226562,5402991
2022-03-03,170.6567848927965,172.80045936336964,168.5401258622457,168.90040588378906,5081485
2022-03-04,167.21606768758994,169.03550115718045,166.19828224693723,168.8193359375,5121041
2022-03-07,168.4680549141156,168.70223969973895,163.94652135534602,164.07261657714844,3575016
2022-03-08,164.0996307226508,168.45004792838202,164.03659006423797,165.04537963867188,4628361
2022-03-09,167.85559451610717,168.6392091407828,166.53154594394283,166.99090576171875,2933217
2022-03-10,164.41487521978345,166.729693707688,164.12665955939295,166.05416870117188,2484039
2022-03-11,167.87357611318595,168.36896108205997,163.9555035514006,164.1446533203125,2757289
2022-03-14,165.25253294044668,166.81976206329352,164.57700794059295,165.00933837890625,3037115
2022-03-15,166.7477517210716,169.4858915020781,166.44150252431106,169.1436309814453,3968554
2022-03-16,170.7738498658581,172.2600186805463,167.99967178616865,172.06185913085938,4180902
2022-03-17,170.81890965513443,173.48499856667087,170.41359462066143,172.87252807617188,3190281
2022-03-18,172.72840380393058,175.56562279352133,170.95400528481548,175.38548278808594,8850639
2022-03-21,174.34961767181773,175.10621661742803,172.50318310518105,173.85423278808594,3541429
2022-03-22,173.962384297835,176.4663528485497,173.962384297835,175.6647186279297,2397137
2022-03-23,175.13327606167957,175.6016456310495,172.94456668294842,173.24180603027344,1837282
2022-03-24,173.99838580792675,175.3854749106649,172.9805864805412,175.35845947265625,2223434
2022-03-25,175.95294592166138,178.66406990047795,175.92591657634026,178.15066528320312,2572761
2022-03-28,177.52015657377285,177.74533157454923,174.96214353778444,177.5381622314453,3308645
2022-03-29,179.31256523726148,179.59178502608108,175.4845623193024,177.92547607421875,3389376
2022-03-30,177.54719468433854,178.50193959034397,176.25918517303444,177.0247802734375,2455813
2022-03-31,177.14185829863496,178.5289474366872,175.2323548125941,175.25938415527344,3314210
2022-04-01,176.44829848158912,176.63744824806724,174.28660474124425,176.5653839111328,2313270
2022-04-04,175.93491129129293,177.10583522199295,174.23257712926414,176.6014404296875,2075124
2022-04-05,175.31344079709015,176.9617302686566,173.9173417836948,174.40371704101562,2320554
2022-04-06,172.86351039126043,175.7007294068372,172.1519462400869,174.39471435546875,2976820
2022-04-07,173.38593188250786,174.3767159456457,169.72907261030704,173.5660858154297,2227177
2022-04-08,173.83627236977736,174.18754259794306,170.96301426930066,171.27825927734375,2911365
2022-04-11,171.3773388156378,172.26003317928632,169.9902496590449,170.4766387939453,2732200
2022-04-12,171.94483392231507,173.73723856558783,171.13418978311472,172.02589416503906,3134943
2022-04-13,172.7824288842761,175.64666298648524,172.32306914199918,175.50254821777344,2419191
2022-04-14,175.79081832638417,177.1688978712652,175.55663351117713,175.808837890625,4325671
2022-04-18,174.9981710448223,176.43029519166797,172.16095209396707,172.9986114501953,1980837
2022-04-19,173.8993037756048,177.76333169575025,173.4489537880783,177.6192169189453,3379664
2022-04-20,178.50193430118924,179.69086398347415,176.54740954118645,176.84463500976562,2653492
2022-04-21,178.30376260844434,180.67261184568127,176.05199880441694,176.4843292236328,2446405
2022-04-22,175.2774133642447,175.2954329284521,171.44942390488745,171.7016143798828,3076266
2022-04-25,171.43141362698523,172.84551847034123,168.72929918460144,172.77346801757812,2425463
2022-04-26,170.6928063882591,171.90876533840944,168.94543719872865,169.03550720214844,2882229
2022-04-27,167.9276483621367,170.0352976976889,167.31516395803334,167.84658813476562,3089114
2022-04-28,169.13457890838828,171.73761300607885,166.85578568433576,171.0620880126953,3464442
2022-04-29,180.31233579377897,181.9336096611491,173.71916466912865,174.29562377929688,7333043
2022-05-02,175.17834683873778,180.96988480837288,172.87253782777518,177.322021484375,7182406
2022-05-03,176.82658817981712,178.65501728210324,175.8628337447812,177.47509765625,5422314
2022-05-04,177.88048649975428,185.90577027258095,177.7543912447256,185.41038513183594,5547659
2022-05-05,183.4737879257509,184.34747236532152,176.96169168490286,178.22267150878906,5826170
2022-05-06,177.6913183610267,177.81741360306614,173.98040031941656,176.02500915527344,3667078
2022-05-09,175.73674799481125,176.35824211898577,173.25980908688956,174.70094299316406,3825504
2022-05-10,176.79058662457214,177.65527537952616,173.13372764301647,175.43052673339844,4823106
2022-05-11,175.48452013641253,177.3129490918232,172.41311710168216,172.9535369873047,3322202
2022-05-12,172.89924584190464,176.31232334473845,170.8260509277983,174.65557861328125,4036841
2022-05-13,175.09917939528427,176.49336988970535,172.85396264653758,175.2078094482422,3275159
2022-05-16,175.2712040520453,176.80120671428148,174.12144154942075,175.5971221923828,2654807
2022-05-17,177.41684304755657,181.11057286423915,177.26293298009213,180.21429443359375,2755670
2022-05-18,179.03740836077094,179.87935093726682,174.9543816672854,175.51568603515625,3223059
2022-05-19,173.84987297612432,176.72880070076738,170.31003889167667,174.41116333007812,3162662
2022-05-20,175.20782374888117,175.8234500004478,168.19154878698427,171.7856903076172,3929402
2022-05-23,173.7412259017556,173.9856680353222,170.6540661197538,171.63182067871094,3769458
2022-05-24,171.38737175610962,172.7000864744516,167.38582162566433,171.975830078125,2875552
2022-05-25,171.21537169049174,173.07127879315806,169.02447642337452,172.410400390625,2541299
2022-05-26,173.17085490846978,175.79631223795099,173.08937886073912,174.8185577392578,2264710
2022-05-27,176.52959530299674,177.79704375817835,175.66952701881746,177.76083374023438,2272601
2022-05-31,175.2349998783273,176.89174465728166,173.43340103491073,175.28932189941406,3544262
2022-06-01,176.08601755650076,176.2851936638415,172.36513339630213,173.74122619628906,2388841
2022-06-02,175.44322435612736,178.53038391765398,173.8770115636987,178.3855438232422,2539882
2022-06-03,176.85553010708642,177.59789843388143,175.28026141243882,176.37570190429688,2281200
2022-06-06,177.978095953662,178.3221260394512,176.07692339768073,176.7106475830078,1604701
2022-06-07,175.2983903014652,179.24561873226716,173.95850747270632,178.91064453125,2154944
2022-06-08,178.0233956321193,178.2406837169945,175.2893223254147,176.10411071777344,1708497
2022-06-09,174.94529386517704,177.063754886028,173.68688726679378,173.8317413330078,1694334
2022-06-10,170.49109104078335,170.82606520979772,168.58084805025112,168.64422607421875,2912276
2022-06-13,165.09533509408516,168.49935657063432,165.06816709688346,166.96031188964844,4819868
2022-06-14,167.6121675074488,169.3141925593248,165.16778796473133,165.9282684326172,3492768
2022-06-15,166.96034090506237,169.5495744710628,165.47560400983863,167.45826721191406,3013948
2022-06-16,164.63362903828735,165.13155528928502,162.08966178554786,162.85012817382812,4479848
2022-06-17,162.4155681893907,165.1043893155946,161.32011374611432,162.68716430664062,5699307
2022-06-21,164.54311034622225,164.68796442605705,162.4246491261702,163.42050170898438,2969738
2022-06-22,161.56457888820307,162.7505655397383,159.49138371721813,160.9036865234375,2940602
2022-06-23,160.45100038600884,161.70035088726223,156.54905280385904,158.04283142089844,3372279
2022-06-24,159.78107938829487,163.0855130032932,159.0658650531566,162.9768829345703,4203765
2022-06-27,163.85505300799073,163.99085107839824,160.6049273673495,161.41065979003906,2631033
2022-06-28,162.47896913428187,164.28056830146988,159.1111569500455,159.29222106933594,3218203
2022-06-29,159.38271303690806,159.77200918064275,155.1820013704835,156.8025360107422,2456622
2022-06-30,155.04620122013742,157.9070303170121,154.06844684994482,157.3547821044922,2905700
2022-07-01,157.2099535758125,158.76712440721408,155.32687854340858,158.53173828125,1996113
2022-07-05,157.2823900270803,157.2823900270803,152.96397761818096,155.7976531982422,3384621
2022-07-06,156.4132780093994,157.75317484234196,154.88328900822194,156.81163024902344,2227582
2022-07-07,157.7169113478595,157.7169113478595,155.04620230226894,157.33668518066406,2788853
2022-07-08,157.42723098989913,157.8255691893231,155.28160197689837,156.92929077148438,1633634
2022-07-11,158.44117292131384,158.47738293877836,155.79761804151056,156.4766082763672,3261805
2022-07-12,155.4626697164302,160.07983202974668,155.4626697164302,157.17373657226562,2789763
2022-07-13,154.61167098159027,156.01493179914212,153.78782649205056,154.6931610107422,2020393
2022-07-14,152.74669841376416,153.70634092541954,151.5064037559678,153.46189880371094,1845477
2022-07-15,154.83802192368515,156.57624303378736,154.02321942338534,156.44044494628906,2214026
2022-07-18,156.74822691604422,157.7350373795508,154.38532378851022,154.76556396484375,1676326
2022-07-19,156.5490712453108,160.86746950325158,156.43137119764648,160.45101928710938,2484039
2022-07-20,160.07078567811757,161.72754458626207,159.50043934200096,161.38351440429688,1668031
2022-07-21,161.38349343916093,163.16699419304902,160.34237497889356,162.9859161376953,1875321
2022-07-22,163.41146049169188,165.57518793397776,163.13986430817255,164.2896270751953,2354242
2022-07-25,164.56121885817478,165.16778924193852,163.2847140347068,164.09950256347656,1963841
2022-07-26,164.45258636531452,166.15459743012482,163.32997767297394,164.24435424804688,2351207
2022-07-27,163.2756051118794,167.50348442598494,162.55134887661222,166.27223205566406,3546993
2022-07-28,171.206315690051,173.3519309549646,169.18742853007026,172.410400390625,3696517
2022-07-29,172.44659287434035,174.84570603098936,170.97996816203886,174.2391357421875,2941310
2022-08-01,173.28859452122038,174.87290571502828,172.82687817824834,173.8136749267578,2360514
2022-08-02,173.0350595278822,173.2342356257063,170.79891232857412,171.21536254882812,3374404
2022-08-03,171.43262869700385,173.74120981327644,170.02031202863245,173.37002563476562,2564668
2022-08-04,173.03506741143562,174.56507028872693,172.41039904024873,174.22105407714844,1721042
2022-08-05,173.43338391323158,174.5922023392205,172.26550948873762,174.06710815429688,1870262
2022-08-08,175.80536330153345,176.95513992992875,174.8095107273139,175.606201171875,2101933
2022-08-09,176.1493907201438,176.4571968977365,175.09016013588564,175.71482849121094,2308211
2022-08-10,178.2950312422129,179.54438200772617,177.77899292977986,178.5575714111328,2670387
2022-08-11,179.23992288573174,181.6237266611387,179.23992288573174,180.61380004882812,2420607
2022-08-12,181.3598805413743,182.86111866904986,180.36814229974252,182.76104736328125,2284134
2022-08-15,182.54266956551862,184.42606064991875,181.4599612676258,184.01663208007812,2334818
2022-08-16,182.35159685554234,185.84541253737115,182.0240652415566,185.30860900878906,1680575
2022-08-17,183.61630388104112,185.5815780116101,183.10678992627467,184.4988555908203,1680575
2022-08-18,184.2531999387519,185.60886066304153,184.13491214301655,185.35411071777344,1526803
2022-08-19,184.3532896612032,184.53527198398237,182.75196600858146,183.38885498046875,2064502
2022-08-22,181.58736194819812,181.66924486474161,179.54020476402758,180.0042266845703,2618185
2022-08-23,180.47731538496174,180.90494637710708,179.3673034766873,179.74034118652344,1626350
2022-08-24,179.00337751675966,180.6320047629096,178.62125257832557,179.95872497558594,1367567
2022-08-25,181.25977659946062,182.42438175762973,180.07696899933023,182.36068725585938,1650529
2022-08-26,181.27800610251995,182.3698157009229,175.54596357561587,175.65513610839844,2870089
2022-08-29,175.4004064442048,176.4194344719696,173.96284854628317,175.07286071777344,2120143
2022-08-30,174.6543222752165,175.63695940628074,172.22502609384352,173.50791931152344,2249940
2022-08-31,175.20932622155428,175.29120913688158,171.97027404883553,172.2796173095703,2659967
2022-09-01,172.09761399146498,173.9082092083204,171.5426080526593,173.53517150878906,2268757
2022-09-02,175.68245600970369,175.99179928215077,169.44089895109548,170.04139709472656,2780456
2022-09-06,170.24156843738174,171.442564728969,167.7394904890587,168.86769104003906,2578629
2022-09-07,169.14059497682612,172.65259841120576,169.0769004829812,172.04299926757812,2371643
2022-09-08,171.36066583661,171.36066583661,167.8122565417017,170.88754272460938,3547398
2022-09-09,172.0612616497667,174.6998157546918,171.78830922978452,174.40866088867188,2943840
2022-09-12,175.78253763030102,176.21016870478817,174.12660662517382,174.718017578125,2798969
2022-09-13,171.51530623440186,172.90738575197364,167.97601270637384,168.30355834960938,4915167
2022-09-14,168.5492237752276,168.5492237752276,162.1256992779764,163.7452392578125,5007633
2022-09-15,162.99006428781524,163.7634293980221,160.31510556663318,160.9156036376953,3492364
2022-09-16,157.91309621895684,161.62527081898102,156.9668501267568,161.36141967773438,6492755
2022-09-19,160.13314158176323,162.9263741292966,159.89658002683402,162.5260467529297,2444381
2022-09-20,161.07936786556706,161.5433896956726,159.28697504842987,161.0520782470703,2507711
2022-09-21,161.87095456288444,163.43588726137997,158.57730930018323,158.58641052246094,2534622
2022-09-22,157.8949089057859,158.99583372683904,156.51194451936226,157.6310577392578,2255908
2022-09-23,157.20340409456253,158.58638232710254,154.60124151116753,155.92962646484375,3239650
2022-09-26,156.0661323993659,156.7940054694303,153.63683636489117,154.7377471923828,3309758
2022-09-27,155.45653308514844,156.91229327037354,153.20010409579476,154.7377471923828,2723803
2022-09-28,156.36639093038002,159.00495917811057,155.06530925322653,158.15879821777344,3113698
2022-09-29,157.73115047419597,157.73115047419597,152.95445536170578,154.7377471923828,3153355
2022-09-30,154.76506239924723,155.7658879452099,151.60789305930146,151.917236328125,3854741
2022-10-03,154.73773889182434,158.65918574565092,153.83699882495708,157.4399871826172,3418411
2022-10-04,159.13231275440532,162.325872610797,159.06861824458366,162.12570190429688,3734353
2022-10-05,160.6972610190658,163.56328951757732,159.23241355690652,161.7799835205078,2974493
2022-10-06,160.3969896588229,161.670767385261,158.18605299006813,159.25967407226562,2629516
2022-10-07,157.94038670951892,158.45900181887404,155.01067834105007,155.95692443847656,2996143
2022-10-10,157.23073639929532,158.1314765068086,154.7832379408773,156.3936767578125,1954635
2022-10-11,155.94784496503183,159.9147841054203,155.38373771636728,157.96771240234375,2942221
2022-10-12,158.3680284508632,159.22329048507868,156.67572087105802,157.2125244140625,2759818
2022-10-13,154.12811904293113,162.30765855396356,153.96435325084346,161.5433807373047,3260591
2022-10-14,162.0893069124878,162.42595380705058,158.15877288560796,158.45901489257812,3004944
2022-10-17,161.64346811082146,162.86266652651847,160.25140268016696,161.07936096191406,3477998
2022-10-18,163.93629773090584,164.8279506450032,161.62528955903204,163.66334533691406,2001677
2022-10-19,163.31761761417278,164.52771503503868,161.89824825604157,163.11744689941406,1707688
2022-10-20,163.19025204901186,164.51862330380914,161.14309485117477,161.62530517578125,2718846
2022-10-21,161.0338980467127,166.78412904576567,160.60626699723645,166.32920837402344,2994322
2022-10-24,167.87592907449033,171.1240818766869,167.26632984211835,170.0504608154297,3309151
2022-10-25,169.83212961155292,172.7436360239433,169.4135997747351,172.5525665283203,2941007
2022-10-26,174.35407109775397,175.5550814329354,172.65266202765136,173.11668395996094,4251921
2022-10-27,175.92809770606337,181.58734434343046,175.4185837651605,178.77590942382812,4809448
2022-10-28,181.05963662305817,186.66430428630022,178.9578862493424,186.4550323486328,4949766
2022-10-31,184.16225807864245,186.50965759209265,184.05307147984053,185.62710571289062,4485109
2022-11-01,186.01830837523818,186.59150279030254,183.35245082849534,184.79000854492188,4427646
2022-11-02,185.00837433808346,188.23833923945023,182.0149850432002,182.39710998535156,4747433
2022-11-03,182.30614870232168,187.47408476526329,181.2143389391486,185.9637451171875,4707978
2022-11-04,187.7015177717136,189.27556575633295,185.79993814196465,189.11178588867188,4173112
2022-11-07,188.97528214018257,191.28629003455126,188.46576825689434,190.85867309570312,2702861
2022-11-08,190.45838753306816,193.23341806359062,190.04895887128427,192.3053741455078,2661990
2022-11-09,192.00362997409997,193.41165846635093,190.57732401249734,190.75103759765625,3075862
2022-11-10,196.4380183156973,196.6391692964101,193.0551053831889,196.39230346679688,4405390
2022-11-11,196.2002745617309,196.53857004825144,193.3293711067207,194.4996795654297,4276099
2022-11-14,194.54541465022288,197.56260874072922,193.67681842186158,194.74655151367188,3109854
2022-11-15,196.9043010648544,197.66317598048158,194.82884140078113,196.9683074951172,2395012
2022-11-16,197.27000821051152,197.6997333852365,195.02996676370398,195.6608428955078,2475439
2022-11-17,194.0607932776652,196.92256482913552,193.85051066029735,196.1271209716797,2720667
2022-11-18,197.84604078125375,198.72376867553712,194.89283905220606,196.1454315185547,3009395
2022-11-21,196.57509930619128,198.60485770054143,195.5236581214312,198.0014190673828,2373868
2022-11-22,198.52262802454732,200.2415289611721,198.4037750604842,200.01295471191406,2545750
2022-11-23,200.04034892117136,201.76838128567417,199.59234628047182,200.1500701904297,2718036
2022-11-25,199.08033895607082,202.02439464409653,199.08033895607082,201.19236755371094,1132962
2022-11-28,200.8723844671822,201.3386787431252,197.00488571458894,197.2791748046875,2673422
2022-11-29,197.41631444398428,198.78777397427382,196.73973752799606,198.14776611328125,2126213
2022-11-30,197.7820428943369,201.7409855527424,195.37743334496844,200.73524475097656,4729527
2022-12-01,201.40267368908067,201.71353181735336,197.80946423152972,198.7603302001953,4036942
2022-12-02,196.4196912741784,201.0186409394692,196.31912991585207,200.30548095703125,2219893
2022-12-05,199.08945524012097,199.85747584451647,196.75798428231263,197.1237030029297,3113698
2022-12-06,197.73630036862417,198.1660255388535,193.2470717304931,194.92025756835938,2547773
2022-12-07,195.63341428271133,195.74313555764576,193.84138951333304,195.15797424316406,3018298
2022-12-08,195.52370614646387,196.20028303484793,194.0242479279287,195.06654357910156,2194804
2022-12-09,195.06655392850897,196.10886374885868,193.2836748653215,193.49395751953125,2286360
2022-12-12,193.97856037892072,196.2003106438295,192.972819525849,196.11802673339844,3386038
2022-12-13,200.73523791915093,201.11010249465392,194.87456336866094,196.53858947753906,3490037
2022-12-14,197.69059821156716,199.19920224293315,194.79225721672086,196.31915283203125,2575594
2022-12-15,194.64596862382518,195.40484354226652,190.20246861782303,191.06190490722656,3258973
2022-12-16,189.58073401698923,192.26877821611185,188.55671583504952,191.7659149169922,7211643
2022-12-19,191.3270583445225,194.13395550043398,190.51332280448943,191.46420288085938,3125838
2022-12-20,191.6104514492518,194.52708357284223,191.29044757730327,193.3659210205078,1897780
2022-12-21,194.7099583921417,196.84942431132814,194.51795323094862,196.66656494140625,2655819
2022-12-22,195.97170806229832,196.2185738717918,191.08019140086097,194.1156768798828,2245893
2022-12-23,193.83223612559613,196.30999759540205,193.33850452161587,195.54197692871094,1315871
2022-12-27,195.56941252270323,197.28829910170023,195.39568482680076,196.4745635986328,1478040
2022-12-28,197.42544666931727,197.95574732888122,193.84138313462452,194.00595092773438,1626047
2022-12-29,194.82883719139036,196.80372132832926,194.53625653633412,196.34657287597656,1901826
2022-12-30,195.64255423918127,196.1179942645476,193.76823151256932,195.9351348876953,1618662
2023-01-03,196.71228723931756,196.71228723931756,194.03338890010588,195.9351348876953,2245185
2023-01-04,190.63219350604712,193.1373926746928,189.5533145847549,192.04022216796875,3905325
2023-01-05,190.61387089399625,190.91558318502751,186.5726452640677,186.947509765625,4104825
2023-01-06,188.77611704727082,192.97276465244366,188.22753898188532,192.25047302246094,4103611
2023-01-09,192.25049219077906,195.32254659988595,191.58304700968787,192.6162109375,2658045
2023-01-10,191.54645767652374,193.32935049188836,191.54645767652374,193.22877502441406,1796411
2023-01-11,193.81395620185825,194.6642608157395,192.01278560281958,194.10653686523438,2953552
2023-01-12,194.6093890765994,198.60490030917836,194.1796638981291,197.47116088867188,2998773
2023-01-13,196.1088661062232,198.24833229886767,194.65512263843212,198.0471954345703,2020393
2023-01-17,198.4220576625854,198.4220576625854,193.76824663953144,194.0516815185547,3319571
2023-01-18,192.81736010169806,192.81736010169806,186.49952364640936,186.73724365234375,5160900
2023-01-19,186.79210094382722,186.86523904563253,183.0617331326246,183.4640350341797,4602158
2023-01-20,182.4674569130851,185.29265981866484,181.77258842673135,184.71664428710938,4023892
2023-01-23,185.19207514543274,188.2092689646178,184.12234214981822,186.93838500976562,2832354
2023-01-24,186.4812348395808,189.88243896252985,184.89949278284277,189.19671630859375,3254724
2023-01-25,187.01153879391717,189.39787060837864,186.29837875291264,188.95899963378906,2179831
2023-01-26,189.99212773487406,191.4732940595753,188.24580407157168,191.4093017578125,1949779
2023-01-27,190.07445698093431,191.84820432348752,189.8458827474998,190.2938995361328,2147155
2023-01-30,188.83097097046516,191.44587659258647,187.98981232119715,188.14524841308594,2575392
2023-01-31,188.8675676301397,190.69617549770328,187.89841011791003,190.6138916015625,2325612
2023-02-01,189.63560642102436,190.5864724410399,186.34410912207048,189.00473022460938,5455092
2023-02-02,181.90055140094825,190.37614433699835,180.74853467826983,189.60812377929688,7267285
2023-02-03,189.44359381583004,189.44359381583004,184.34178025921275,185.32008361816406,4509692
2023-02-06,184.9177796739162,186.63666621782815,183.5554660782285,186.55438232421875,2887490
2023-02-07,185.60352888353395,188.36472552140674,184.48808092284983,187.8618621826172,2982182
2023-02-08,186.42639296832957,187.25842014216656,183.96692284423224,184.89036560058594,3603748
2023-02-09,185.93262905265766,186.45378383765996,181.61711458599694,182.1474151611328,3048446
2023-02-10,181.77260835237055,183.61949399041148,181.3703204837128,183.29034423828125,2924416
2023-02-13,183.0343313564614,186.28009964020396,182.6320435215633,185.9418182373047,3007878
2023-02-14,185.68577871278572,185.69492450367898,181.6445670450719,183.77488708496094,3034384
2023-02-15,182.6777471185272,184.45149438195008,181.8182967480538,184.42405700683594,2561734
2023-02-16,181.73601929695667,184.26864153968978,181.01371343480426,182.27545166015625,2787032
2023-02-17,182.18403708749827,184.67094469035663,181.63545888674176,184.158935546875,2883646
2023-02-21,184.29600648825584,184.36914457359387,179.614773838203,179.89820861816406,2863918
2023-02-22,180.1908497543596,180.5657143239315,177.94166233692803,178.7371063232422,2997862
2023-02-23,180.18935927246832,180.18935927246832,177.00911872017411,179.2518310546875,2475136
2023-02-24,178.21317891906563,178.21317891906563,175.42817721679836,176.51275634765625,3344054
2023-02-27,178.70034304417433,179.23345259841852,176.237025876755,176.88961791992188,3402326
2023-02-28,176.02561431880508,176.80688301887741,174.29762326899464,175.99803161621094,3146375
2023-03-01,175.2167725656193,178.63599210538314,175.16162134602678,177.28485107421875,3269393
2023-03-02,176.09913368890747,179.34371923226436,176.01641396126882,178.72789001464844,4303920
2023-03-03,179.63787441890017,181.56808206623126,178.51651825791788,180.9062957763672,3152849
2023-03-06,181.24636093466611,183.1949426247546,180.75001418380563,181.10848999023438,2753546
2023-03-07,181.4577645373215,182.17470198984842,179.0036417654704,179.8032989501953,2813436
2023-03-08,180.4099314689672,180.7500188160677,178.43378121480066,179.75733947753906,2088984
2023-03-09,180.9614382425364,181.0257695081995,176.79769852122433,177.28485107421875,3225790
2023-03-10,177.2848429654718,180.7776020344833,176.37488335540007,177.69845581054688,3709871
2023-03-13,177.3951313298037,179.44482111267675,176.63223696288193,177.48704528808594,3261198
2023-03-14,180.20775164902318,180.30885986115345,174.7939786914337,177.36758422851562,4909805
2023-03-15,174.7020503324387,175.56605299348234,169.8213873548639,172.9097137451172,3972094
2023-03-16,172.22037642698993,174.42632609906966,171.23689118183347,173.84725952148438,3897130
2023-03-17,172.62479838400708,172.8086263444637,169.33425519001648,169.7111053466797,7469820
2023-03-20,170.92435832951062,174.85831317713556,170.5107454601813,174.5274200439453,2873934
2023-03-21,175.62116928485818,176.6046543142205,173.85641560986681,175.7039031982422,3170452
2023-03-22,176.2186364975393,176.47598992330848,171.9537888062533,172.02732849121094,2375892
2023-03-23,171.7516267246562,174.1046417976585,170.5475364791142,171.80677795410156,2387627
2023-03-24,171.3195741637742,173.00160812215876,169.67430295116503,172.9464569091797,2359503
2023-03-27,173.37843808046105,174.26081481988194,172.27547070334256,172.79019165039062,2157979
2023-03-28,172.56963168544925,174.27924859077328,172.24793278349384,172.72589111328125,2093840
2023-03-29,174.32520279635656,174.3711597816172,172.58801740259733,173.7829132080078,2715507
2023-03-30,174.27920240996636,175.04209668848804,172.7809965503907,173.82882690429688,2022720
2023-03-31,174.7480050954409,175.90612392990425,174.0218733973738,175.66714477539062,2734122
2023-04-03,175.16161087943382,178.2223685919048,174.60093285957464,177.65249633789062,2907116
2023-04-04,177.50542660881283,177.606534804661,174.3435749675568,175.50169372558594,2528248
2023-04-05,174.90426300447822,175.56604924377442,173.97591490939413,174.11380004882812,3065138
2023-04-06,174.27926279066315,176.5771264662037,173.72777891380588,175.06053161621094,2814751
2023-04-10,175.31786584343735,177.02748256207843,174.9318215277916,176.18185424804688,2569828
2023-04-11,177.28485358713291,177.54220703070075,176.31056265596789,176.65065002441406,2464008
2023-04-12,177.8179322163508,179.11392182096608,176.77929601055874,177.6065216064453,3699451
2023-04-13,177.62494966247604,180.53864255259515,177.0275088211764,180.06068420410156,3399796
2023-04-14,179.81252775923127,181.74273561724985,179.4632602945117,180.65814208984375,1986806
2023-04-17,181.23715918184695,182.0551905804786,180.83272641071923,181.8621826171875,1702326
2023-04-18,182.6526411756694,183.3419958528957,180.35477806294992,181.0073699951172,2427992
2023-04-19,182.22064172148137,182.59749178651995,181.27391944212764,181.81622314453125,1885842
2023-04-20,181.53128782102812,181.7702669502768,180.15256425822895,180.8419189453125,1969810
2023-04-21,181.1544528184904,181.39343196761172,179.60109544351837,180.22610473632812,1993685
2023-04-24,181.26474648455164,182.06440368742906,180.4007580167858,180.86952209472656,1624327
2023-04-25,182.46884419124672,182.82730584643932,180.02391549523,180.11582946777344,2270476
2023-04-26,178.20397994889308,178.74628368854357,174.80314908508495,175.46493530273438,3621148
2023-04-27,180.09743657747853,182.7721501392054,177.91905561757736,182.5515594482422,3907449
2023-04-28,182.91002492994946,184.57368485339796,182.44126083392726,183.68211364746094,2896494
2023-05-01,183.8291434009079,185.81448765572588,183.79236646820473,184.27032470703125,2250850
2023-05-02,183.51663860071642,183.51663860071642,180.4926579163007,182.22984313964844,2618286
2023-05-03,183.69127138431176,184.38982027207442,181.7242872301992,181.95408630371094,2807670
2023-05-04,182.19309211358677,182.91002962845891,179.16911099913455,180.3548126220703,2331682
2023-05-05,181.38422805646508,182.533152569183,180.86950703704096,182.3769073486328,2112455
2023-05-08,183.59937618678023,183.81077262701382,180.12500567063861,181.0257568359375,1511931
2023-05-09,180.1158240228288,182.25742803153045,179.19667013654637,181.19122314453125,2263799
2023-05-10,181.52210251157763,182.6710270465344,178.60841002684145,181.3842315673828,2183473
2023-05-11,181.03311046747135,181.36573969364883,178.51068524344632,179.23138427734375,2904284
2023-05-12,180.11837833303753,180.49720564044864,178.04869185247216,178.89874267578125,2126517
2023-05-15,178.78787321009867,180.6173268155987,178.00249112353373,179.53628540039062,1584063
2023-05-16,179.21287469689372,179.21287469689372,176.75511860324792,177.0415496826172,2074618
2023-05-17,178.35362962545835,181.49512987408957,177.9008909651296,181.11630249023438,2449237
2023-05-18,180.5896339925186,183.30609441600086,180.07221228028013,183.17674255371094,2466436
2023-05-19,184.33167239711932,185.03390073480227,182.07719337921466,182.34515380859375,2700636
2023-05-22,182.06794392037136,183.32454949036446,180.3770847218113,181.9570770263672,1784271
2023-05-23,182.20653160962104,182.54840327895803,180.07217638650258,180.14608764648438,2183979
2023-05-24,180.10915156522725,180.3586270551266,176.37631874331737,177.27256774902344,1764847
2023-05-25,177.28179760641657,177.91008612896917,175.54474030117,177.65138244628906,2449844
2023-05-26,178.12265644375992,179.5455698909364,177.54055159816573,179.01890563964844,1995000
2023-05-30,178.88029248943053,179.97057651928796,175.9420696676636,179.758056640625,2282920
2023-05-31,179.11127793134986,179.28682790395064,175.88662404725233,177.0323486328125,3698439
2023-06-01,177.26334786985288,179.52706972680218,175.9882713611724,179.1205291748047,1931063
2023-06-02,181.51355593255306,184.38709500551636,180.99613433522003,183.7310791015625,2772666
2023-06-05,183.61100835041555,183.98059324578676,181.14400920550256,182.18809509277344,1682093
2023-06-06,182.5391964318295,183.0381474548531,180.50646522868928,181.41195678710938,2321262
2023-06-07,181.9848016078048,183.59250717101287,179.4623763620291,183.3060760498047,2585205
2023-06-08,182.82561735503626,183.63871264343138,182.0772051254387,183.08433532714844,1645572
2023-06-09,182.60383745343785,183.64792310830092,181.1809245125285,182.8440704345703,1780629
2023-06-12,183.13975343425872,183.8234825211432,181.679884789373,183.40769958496094,1700303
2023-06-13,183.4077315947002,185.97636944744687,182.724002388486,185.8192901611328,2011086
2023-06-14,186.6416119625461,187.39002416673338,183.55555266647607,185.27413940429688,2687788
2023-06-15,185.94863272147623,188.58193924157789,185.19097801597854,188.24008178710938,2496482
2023-06-16,189.4135241755489,190.35597134349638,187.0666487304794,187.53787231445312,5064185
2023-06-20,187.24222915303469,187.53790281622707,183.89746541029783,185.16329956054688,2109521
2023-06-21,184.13768466189478,187.36232449689948,183.04740059087842,186.4568328857422,2583080
2023-06-22,186.60463456979144,186.9003081551244,184.45179425995136,185.3942413330078,1635759
2023-06-23,183.98983969282094,185.4035105059818,183.5463292509536,184.87684631347656,3361657
2023-06-26,185.07086319166834,187.62101589177888,184.28548108556362,187.17750549316406,2156462
2023-06-27,187.1590757983292,188.55426183059512,187.05743708494387,187.8797607421875,2386312
2023-06-28,187.95365813661851,188.4156392527341,186.64162606161878,187.10360717773438,1995000
2023-06-29,187.0296684712265,190.91958057377653,186.40137990278296,190.77174377441406,2573773
2023-06-30,191.88052899407043,192.63818374096243,191.08590434687827,191.72344970703125,3045006
2023-07-03,191.06741500029455,192.77675925140568,189.4504669647528,192.4626007080078,1229272
2023-07-05,191.6310359892711,192.49957183162104,190.29127659189837,190.7347869873047,2363145
2023-07-06,189.38578582794597,189.45971135899714,186.715523760467,188.498779296875,2126820
2023-07-07,187.45470245303852,190.07878080077577,186.78944395716587,187.80581665039062,2279986
2023-07-10,188.68358100576543,192.1669527706655,188.13844615419748,191.9451904296875,3138383
2023-07-11,192.59197812813827,193.59909408436107,191.66800165511646,192.85992431640625,2834175
2023-07-12,194.39372402540374,194.83723448871345,192.50882951672693,192.66590881347656,3001606
2023-07-13,191.88052804445837,193.30342704352893,191.43701761076085,192.84144592285156,2351409
2023-07-14,192.10227678819098,192.10227678819098,189.87551066319938,190.46685791015625,2186407
2023-07-17,189.94018281841267,192.95231667827866,189.65375168644326,192.34249877929688,2175785
2023-07-18,190.98427547980455,191.40930095568712,188.44335083629133,189.64451599121094,3711591
2023-07-19,188.35095232715852,190.39292593419196,188.33248164073999,189.5706024169922,2535229
2023-07-20,190.4760944251874,193.33116355875634,189.94944448070015,192.1484832763672,2562240
2023-07-21,192.4718609316609,194.39371095058092,191.98215238613645,192.73980712890625,7617421
2023-07-24,192.80446916457498,194.18118416384092,192.3794437274965,193.40504455566406,1868239
2023-07-25,192.3240154346468,194.16271162146123,191.51092014152871,193.73768615722656,1991358
2023-07-26,192.90607935043286,193.47894149790744,191.43696835421665,192.4256134033203,3331509
2023-07-27,188.22160593597084,188.60043330703093,180.7744246388474,181.4766387939453,6672427
2023-07-28,182.63157269530058,183.13976613785073,180.1830587493084,180.34938049316406,3980390
2023-07-31,180.28473021270395,180.64508692503037,178.71398001842843,179.37001037597656,3486597
2023-08-01,178.64933028905244,179.9890757851777,178.28897353825022,178.76943969726562,4019440
2023-08-02,179.1574827805401,180.451044225438,177.77152510836945,178.2335205078125,3032563
2023-08-03,178.12263707922148,178.23351825577947,175.97902466526764,176.0252227783203,2538163
2023-08-04,176.71818757473042,177.2356092315734,174.45446604315782,174.8240509033203,2436389
2023-08-07,175.6556413396597,176.1730630686742,174.26045544532613,175.18441772460938,2875856
2023-08-08,174.26042291787263,174.26042291787263,172.38475702011254,173.3826446533203,3299743
2023-08-09,172.82828746362472,175.80346576145473,172.7820893529179,174.85177612304688,3262311
2023-08-10,174.86105131163217,177.09071033167376,174.71240546481164,175.34414672851562,2844494
2023-08-11,174.84249459760755,177.8525266461986,174.84249459760755,177.13717651367188,2731491
2023-08-14,177.3972922776755,178.19625114322454,175.73433750801647,176.0594940185547,2472708
2023-08-15,174.63811821335955,175.04688360297763,173.31890582658664,174.47088623046875,2278266
2023-08-16,174.33152506089846,175.12120531684621,173.17954471222208,173.2538604736328,2267441
2023-08-17,174.15500076340496,174.86105780617635,172.78004455566406,172.78004455566406,2509836
2023-08-18,172.04611592463937,174.24791030137982,171.934642286325,173.33746337890625,2077653
2023-08-21,172.80789393479375,174.00633936001952,172.25977584808334,173.68118286132812,1953320
2023-08-22,174.0528189216884,174.19217172976667,172.38057088361424,172.80792236328125,1732980
2023-08-23,173.26313112337127,174.25718676521862,172.93797461226106,173.8019561767578,1921452
2023-08-24,173.67191137222073,175.39061027698963,171.97179857756646,172.01824951171875,2419292
2023-08-25,172.4456054761135,173.885598813562,171.47941454761454,173.0773468017578,1966573
2023-08-28,175.06546515665843,176.18028764902817,173.83915467859762,174.5452117919922,1963740
2023-08-29,174.5451846455742,176.34749220084007,174.05279618334256,176.06878662109375,2205932
2023-08-30,176.06880171785483,177.1650523635332,174.38726069984455,175.17694091796875,2232539
2023-08-31,175.07473926585808,175.9573069768066,174.58235078033286,174.60093688964844,2628808
2023-09-01,175.60430285843367,176.04093305885246,174.2293321859199,175.01901245117188,1614413
2023-09-05,175.19550941048195,175.39989925245186,172.44559696326513,172.51991271972656,2255099
2023-09-06,171.90674178477815,172.6406779329777,170.59682272393937,171.41436767578125,2254796
2023-09-07,171.6373227562668,172.64067138531928,170.22520883736274,171.05203247070312,2110532
2023-09-08,170.75476116867787,171.86029040336155,170.4017255059261,171.4236602783203,1790341
2023-09-11,172.7335786569077,173.39318470999277,171.63732813936463,172.9936981201172,2140073
2023-09-12,172.97513592147382,176.45898443478475,172.77074608826587,175.78079223632812,3710276
2023-09-13,176.34748323330285,179.9149402866844,176.31960407206608,177.99185180664062,5116286
2023-09-14,178.74435802370516,181.44781919374634,178.31700662561138,179.82203674316406,3725147
2023-09-15,180.7139149220529,181.08552237533357,178.7350966286533,179.33895874023438,6084144
2023-09-18,179.0695629863315,181.48502600015433,178.7815643148225,180.65818786621094,2323589
2023-09-19,179.43186740260663,181.73584230492924,179.43186740260663,181.48501586914062,2905599
2023-09-20,182.21894883463685,183.10153096444864,180.59315172488667,180.6396026611328,2401790
2023-09-21,180.85329306749716,180.85329306749716,177.8153816335125,177.84324645996094,2951528
2023-09-22,177.37871998572908,178.22412984720643,176.1338234897935,176.3103485107422,2857241
2023-09-25,175.62285370279764,178.40064520128698,175.17693049994145,178.24270629882812,2754861
2023-09-26,177.45301640825258,177.75958677600718,174.4336776087975,174.55445861816406,3439150
2023-09-27,175.52997452847916,175.52997452847916,173.1238045095396,174.5452117919922,2261776
2023-09-28,174.40583125030452,175.56710449521643,173.4303473834455,173.829833984375,2946268
2023-09-29,174.86105964206422,174.87035269689574,171.2564442936243,171.6280517578125,3369750
2023-10-02,170.9405783493487,171.70237937638967,168.21853076765512,169.64923095703125,2732301
2023-10-03,168.9524685043404,169.75142741628443,167.44743820486693,168.2835693359375,2519346
2023-10-04,168.55298711795274,169.9743943097156,167.6146753785147,169.5470428466797,2325511
2023-10-05,169.22187552730435,169.47271629255815,166.41621920165363,167.24305725097656,2314888
2023-10-06,167.66112732992033,172.14831054845362,166.94577720216364,171.55374145507812,3814781
2023-10-09,172.1204193205202,173.70904390495468,171.64661699307382,173.2816925048828,2305480
2023-10-10,174.65667585116032,174.74029900640693,171.2936081061585,173.114501953125,3300755
2023-10-11,173.3188704267013,174.92608117146045,172.6220921520081,174.0992431640625,2235979
2023-10-12,174.0620903674754,174.0899551891777,169.8443200858958,170.88482666015625,2442055
2023-10-13,171.73024484854847,171.73024484854847,169.4169769357224,170.53179931640625,2271792
2023-10-16,172.43630128619847,174.192158002522,171.99037807194304,173.01229858398438,2461377
2023-10-17,172.18545380387206,173.99703994463383,171.84171120994137,173.09588623046875,1870465
2023-10-18,172.4548785368131,172.83577903087075,170.0487088909742,170.44818115234375,2288383
2023-10-19,170.16946016980845,172.6685314494061,168.95244304627843,169.33334350585938,2595625
2023-10-20,169.68637847632525,170.73617808809675,168.20922744476763,168.45077514648438,3078897
2023-10-23,168.70162096557593,170.08587017964436,167.58678428256735,167.7075653076172,2097684
2023-10-24,168.68303598136637,170.0301273279133,167.4660187151454,168.58084106445312,2582069
2023-10-25,168.5715460334226,168.87811641335293,165.34783164114253,165.45001220703125,4195773
2023-10-26,165.90526452323377,170.0022683482383,162.46786681246556,163.56411743164062,4873790
2023-10-27,163.1832189047591,166.40693375920782,162.90451330445413,164.43740844726562,3439959
2023-10-30,164.93909977008968,167.50320887707332,164.06582496304048,166.99224853515625,2664519
2023-10-31,166.7599551747247,170.86623741177206,166.46266349007524,170.25308227539062,3814275
2023-11-01,171.11710868239777,171.19142444624646,168.54370665682174,170.93130493164062,3397874
2023-11-02,172.42701076512023,173.8577109759077,171.07993370672648,173.19810485839844,3095286
2023-11-03,174.78673493587021,176.70980920102832,174.6380890895794,175.57640075683594,2994524
2023-11-06,175.2791114590623,175.49279434762897,173.74623072683238,174.19215393066406,2367191
2023-11-07,173.5140175879905,173.95994089852047,172.3898875726856,173.36537170410156,2511050
2023-11-08,173.61614055358785,173.61614055358785,170.73616874006248,171.5165557861328,3230747
2023-11-09,171.82494921568176,173.27341578638925,171.1988383246508,171.64739990234375,2750005
2023-11-10,172.51649399045775,174.6751724170416,171.62871849993147,174.4789276123047,2204010
2023-11-13,174.56302055394136,175.22650799462144,173.54442004792188,174.29202270507812,1695447
2023-11-14,176.40395070386114,178.17948706234947,176.2918211318282,177.7776641845703,2986026
2023-11-15,178.00195352941634,179.19810338241993,176.41331407571184,177.13287353515625,4124350
2023-11-16,178.693463545893,179.75878830337183,177.93652758550803,178.2168731689453,2158384
2023-11-17,179.22612349136227,179.42236828220834,177.4879780125448,178.6841278076172,2233450
2023-11-20,178.1794966133942,179.77748374934762,177.61880544661255,179.2354736328125,2023529
2023-11-21,178.57198541204838,179.05792352465588,177.61880466251878,178.712158203125,1899297
2023-11-22,178.58132139954597,180.23536599562536,177.67486497335187,179.71205139160156,1903546
2023-11-24,180.46900846816297,181.0203663485453,179.805521004457,180.74002075195312,1087032
2023-11-27,179.99242454995726,180.99232965068254,179.74945547239085,180.32884216308594,2509431
2023-11-28,180.3475208551143,182.29125886921548,179.80551074398554,181.54367065429688,3367929
2023-11-29,182.72111903942206,183.45937391807777,181.22592823265757,181.53431701660156,2269161
2023-11-30,181.5436562922535,183.2724683280066,181.3193683051045,183.0855712890625,3150320
2023-12-01,183.62756551463792,185.1134085031926,182.52486433806578,184.82371520996094,3148398
2023-12-04,183.6462583951009,185.45917117368117,183.59018639953823,185.36572265625,2749196
2023-12-05,184.58075806452044,184.8797991139917,182.53422383164812,184.048095703125,2614341
2023-12-06,185.16950169756515,186.08530594147592,184.35649372115236,184.8330841064453,2256920
2023-12-07,185.95446645983034,186.0105384626039,184.52469530395143,184.8330841064453,2465323
2023-12-08,183.19771172318036,184.3097607112732,180.36619833439855,181.86138916015625,4598314
2023-12-11,183.58085839909958,187.37490035083795,183.2070642891891,187.26275634765625,3749427
2023-12-12,188.76728124004055,189.0476268021112,187.70195656375574,188.3093719482422,3129986
2023-12-13,189.3279726456189,189.85128724736614,187.13191798061388,189.77651977539062,3099130
2023-12-14,190.63627387114528,191.23435601368118,189.19716936990253,190.08493041992188,3829855
2023-12-15,190.4960645761948,191.61746116583768,189.1784376482457,190.07554626464844,7611048
2023-12-18,190.6456145907403,191.9912849363829,190.15034316180345,191.66421508789062,3005349
2023-12-19,191.13157122055316,191.6362048618094,190.15969489333588,191.19699096679688,2627189
2023-12-20,190.36524274338174,191.91650540712894,189.55223489051266,189.60830688476562,3388668
2023-12-21,190.44003832472478,191.7670132073557,190.1036207350627,191.61749267578125,2183777
2023-12-22,191.61744941283618,193.58923024110263,191.53334864078914,192.16879272460938,1911741
2023-12-26,192.6360687495398,194.88818089895076,192.30898451385093,194.41159057617188,1881896
2023-12-27,193.58926241515363,195.92548992757798,193.58926241515363,195.32740783691406,2367394
2023-12-28,195.60777839393998,196.2152082996477,195.1498834555203,195.4676055908203,1666918
2023-12-29,195.51431966384072,196.40209512949656,195.22462633406104,195.97222900390625,2282718
2024-01-02,195.17787635437637,196.81323984889866,194.67325724104532,195.3087158203125,3169238
2024-01-03,194.7667507019394,194.7667507019394,190.87925971043805,191.13157653808594,3858485
2024-01-04,190.7483878350381,192.71082111466376,190.66428705496608,191.477294921875,2571649
2024-01-05,191.0007121638947,191.16891373069905,189.01023559508096,190.19705200195312,2713889
2024-01-08,189.8139604317708,190.21578340635554,188.06645243890787,189.38409423828125,4066887
2024-01-09,187.34683641640908,188.51495730620456,185.8703411902527,188.4215087890625,3118048
2024-01-10,187.83278899701972,189.2064880754159,187.29077890038138,189.14108276367188,2399868
2024-01-11,189.03827942184705,189.318624984447,186.477763984164,188.45889282226562,1963335
2024-01-12,190.06622177907505,190.62692735524752,187.04782576275548,187.92623901367188,2457533
2024-01-16,187.53376165833166,187.95429447424456,184.5714230236246,184.81439208984375,3541227
2024-01-17,183.86120819949,185.1134300368344,183.16034422732935,184.98260498046875,2539579
2024-01-18,184.76763363605667,187.40290192395807,184.3377675869811,187.01976013183594,2634979
2024-01-19,187.15993942102853,188.0570480708827,185.6273721991644,187.62718200683594,3125636
2024-01-22,188.1505238147086,190.56151898719395,187.30013930037873,187.87017822265625,3631063
2024-01-23,188.0477032286012,189.85126815453606,187.48699773449465,189.6456756591797,2057521
2024-01-24,189.64571504363172,190.43069424308916,186.59927562768388,186.77682495117188,3524534
2024-01-25,188.52433516328355,189.86065782722918,187.52443009990225,189.29061889648438,2684146
2024-01-26,189.72980884303618,190.53348348924737,188.19724145336292,188.58038330078125,1947149
2024-01-29,188.2346175850835,189.75783711699052,187.66457872775683,189.7484893798828,2222422
2024-01-30,187.98233288653051,192.85103334733125,187.98233288653051,192.4118194580078,5711852
2024-01-31,193.6266516607274,194.1032420468719,188.5430112581714,189.01025390625,5690101
2024-02-01,183.0388655529008,184.62749054469487,177.23566574473685,184.384521484375,7910298
2024-02-02,184.13218712317686,186.9450046659103,182.73044500723728,183.2631072998047,4368059
2024-02-05,181.253971078801,182.08566005408275,180.18864636890123,180.36619567871094,4686228
2024-02-06,179.9270069747308,181.35677812675877,179.45974990322387,180.95494079589844,3785139
2024-02-07,182.66504668675037,182.9921165195149,180.90820578687425,181.38479614257812,3065138
2024-02-08,180.9081899463805,181.31002721818982,179.65596829873974,180.78671264648438,2545548
2024-02-09,180.3568601090432,182.4407708154159,180.19799185063752,182.07632446289062,3729295
2024-02-12,181.27265501685932,184.68354033811718,181.0764102446033,184.42189025878906,2860883
2024-02-13,183.85184296850937,184.0574354843237,180.09519223943116,181.30068969726562,4483794
2024-02-14,181.70253277803718,182.77720531149572,181.17921811863323,182.1043701171875,2139871
2024-02-15,183.16034422732935,185.2162263045223,182.8052311594549,184.98260498046875,2019584
2024-02-16,184.5807318997058,185.87033001403566,183.58082705620126,184.253662109375,2358188
2024-02-20,184.98257742342096,186.57121661584557,184.01070131972222,185.90771484375,2793304
2024-02-21,186.5244964987122,187.25340364904008,185.22556488628922,186.45909118652344,1992471
2024-02-22,186.36562945219805,188.35609154897128,185.59934583128666,187.6552276611328,3677397
2024-02-23,187.65526130663932,189.35603041627343,187.39359675295267,187.48704528808594,2478778
2024-02-26,186.92635274386845,187.0852210226707,185.22558364636657,186.14138793945312,2052261
2024-02-27,186.51516656140805,186.6179628258744,184.04809949077983,185.19752502441406,2480397
2024-02-28,185.13213607055718,185.89841982736064,184.32847578487804,184.62750244140625,2695173
2024-02-29,186.3188089263534,188.12290267942464,184.75903419157893,186.7322540283203,3477391
2024-03-01,185.66107279187977,186.92956192684062,184.23284218614808,186.67587280273438,2817888
2024-03-04,186.45034543894172,187.72824815038786,186.19665632378891,187.21145629882812,2173964
2024-03-05,187.10808181574384,187.4839304085211,184.7590136060776,185.435546875,2561734
2024-03-06,187.45576485485688,190.19009574164954,186.67588469449475,188.39540100097656,2745048
2024-03-07,190.00214284792582,190.98876000309872,189.55113029539794,190.3780059814453,2476046
2024-03-08,190.86661831103592,191.6089310258717,188.3484235607506,188.63031005859375,2164353
2024-03-11,189.41019784125376,190.34042034929877,187.09871123734223,188.1980743408203,2471696
2024-03-12,187.6718814901375,188.16049053240738,185.73624355530316,187.1081085205078,2973077
2024-03-13,187.87859755030607,188.98735972178704,186.83560018678804,187.671875,2567197
2024-03-14,187.2208584116834,187.67188549990996,183.18985548404666,184.49594116210938,3882765
2024-03-15,184.53352799517845,186.56312818852928,184.07311628229206,185.7550506591797,6383698
2024-03-18,186.9953274580469,186.9953274580469,184.52411417806758,184.88116455078125,2510645
2024-03-19,184.88118308723148,187.21146787882677,184.27982816009057,187.02352905273438,4577575
2024-03-20,186.60067131273817,189.5323105913041,186.35636683079034,189.03431701660156,2746059
2024-03-21,189.80484599375043,190.82903067116334,189.13769722958662,189.22227478027344,2844595
2024-03-22,189.353808624128,189.7766383353561,188.01014106111722,188.6114959716797,2085342
2024-03-25,188.28264059392336,188.59272443842832,186.4503638886397,186.49734497070312,1984176
2024-03-26,186.09329059279528,189.30681651766943,185.81140413506355,188.8651885986328,2728558
2024-03-27,190.68805175857656,192.86799384272237,190.0021193929708,192.74583435058594,2792292
2024-03-28,192.99958583146233,194.3338544316469,192.79286325797634,192.858642578125,3636020
2024-04-01,192.99016845898944,193.45997925900855,189.70147835404555,189.81422424316406,2247815
2024-04-02,189.8800076172855,190.08673017563828,187.94436967404496,188.14169311523438,2645601
2024-04-03,187.38057789990432,188.80880842111534,185.97113110632483,186.0181121826172,2525112
2024-04-04,188.56452157252622,188.56452157252622,183.71604213477232,184.21405029296875,3454527
2024-04-05,184.073107865258,186.422176414943,183.36839165179563,185.2476348876953,2238609
2024-04-08,185.66107456774026,187.1644836172543,185.41677005326386,185.82081604003906,2412514
2024-04-09,186.37518413640302,187.47454716527744,184.185857195231,186.4315643310547,2065817
2024-04-10,183.7630326237317,184.58990838908989,182.6636694773849,183.8382110595703,2941209
2024-04-11,184.17646537083644,185.29461217232637,182.54151218525186,184.9845428466797,3061597
2024-04-12,184.08249268504628,184.58988541836885,182.8609701717745,184.31739807128906,3540316
2024-04-15,186.14967288248894,186.50672326438144,181.5173009957388,182.32537841796875,3216989
2024-04-16,181.47971492003205,181.9965067533104,179.02728535997696,179.205810546875,2834580
2024-04-17,180.79377700413923,180.89713826860824,178.29436644446417,178.86753845214844,2452576
2024-04-18,179.46893397244125,180.6904420828869,178.5199132318252,179.54409790039062,2168096
2024-04-19,180.98172955155167,182.78582339383772,180.0608916482277,182.53211975097656,3611639
2024-04-22,182.5508919535034,184.44893318362494,182.41933333978142,183.77239990234375,2394506
2024-04-23,184.19523856755725,185.6798493114972,183.86637102681735,184.31739807128906,2587127
2024-04-24,181.87437758265273,183.90396313271432,181.59249110361114,183.03012084960938,3620036
2024-04-25,187.41816192474957,188.0571132722502,178.98970742869577,181.36695861816406,3939721
2024-04-26,178.81115938331635,181.95892039221457,178.63263420073673,181.77099609375,3076772
2024-04-29,181.59247591576255,182.5320974339808,180.6152579329685,182.07168579101562,2623850
2024-04-30,182.27842388987537,184.01673849013164,180.70924989368427,181.09449768066406,3164382
2024-05-01,180.38037512402485,185.2758357570799,180.3145958075952,183.50933837890625,5143904
2024-05-02,184.52412843559185,184.6180905940723,181.05689867900625,181.9495391845703,3458574
2024-05-03,183.01132258505234,184.39257213404855,181.85557931828956,183.98854064941406,2277659
2024-05-06,184.51475028795426,185.29463049004733,182.24084548757622,183.2274627685547,2283932
2024-05-07,183.2556269124922,185.28522696493408,183.2556269124922,184.9657440185547,2076136
2024-05-08,184.81540469822772,186.38459309552508,184.09190476055494,186.0933074951172,1809158
2024-05-09,186.84498212202968,188.66785943034964,185.92414435193646,188.51751708984375,2723398
2024-05-10,188.86521761009624,190.96058263732172,188.60212934439073,190.6693115234375,2345441
2024-05-13,192.097524201328,194.2398701106178,191.43977458928893,191.49615478515625,3546184
2024-05-14,192.6237220145244,192.9807724263214,190.65990123520987,190.94178771972656,2406140
2024-05-15,192.031733770793,192.95257157048695,190.52832482221496,192.68008422851562,2707009
2024-05-16,193.61525962661085,195.78784645005263,193.24686985844792,195.17385864257812,2596738
2024-05-17,195.42891023844217,195.53281878620632,193.8136324699084,194.55987548828125,2293643
2024-05-20,194.3520403147581,194.7676744671537,191.99053432912038,193.28463745117188,2031724
2024-05-21,193.8514073572594,193.8702905392724,191.88662320501282,192.2361297607422,1763127
2024-05-22,191.8677369284882,192.64231191872176,190.69642556147986,191.56546020507812,2036782
2024-05-23,190.365808511104,190.38469169199274,188.18377311517045,188.3443603515625,2646916
2024-05-24,189.25119851678824,189.68571587165124,188.15546353805806,188.6277618408203,2388133
2024-05-28,187.18250181852707,189.71402922054492,187.12582311146562,188.14599609375,2445494
2024-05-29,186.87075874739705,187.41863342228646,185.98284102514862,186.15286254882812,2879397
2024-05-30,186.8424538227294,190.12967318626204,186.46461519825124,189.78016662597656,2339775
2024-05-31,189.23229072142536,191.07426858616932,188.09877485488002,190.9892578125,3200397
2024-06-03,192.52891664479054,192.52891664479054,189.85568564963887,191.2442626953125,2472000
2024-06-04,189.92186498439494,196.61909574470548,189.92186498439494,195.75006103515625,3399999
2024-06-05,196.4112760466836,197.8470685937432,194.46538971211123,197.67703247070312,2754557
2024-06-06,197.5825811780333,198.56497326843177,196.1184565059912,196.9024658203125,3308949
2024-06-07,196.96855912464554,199.28283488178045,196.15620330589368,197.2141571044922,2593096
2024-06-10,198.1493483194633,199.36787493583512,197.5447948705154,199.06561279296875,2679087
2024-06-11,198.15879096032398,198.23436743542734,195.6744932145566,197.8754119873047,2331581
2024-06-12,199.07501773120472,199.90627131010154,196.2317650763464,196.9496612548828,2500023
2024-06-13,195.6178041900793,197.39365440967035,194.824331442173,197.07249450683594,1982557
2024-06-14,195.72169010040227,197.11970154762204,194.59760869800618,196.97801208496094,2265317
2024-06-17,196.4773869990724,200.41638945314574,196.04286968688058,200.2085723876953,3136764
2024-06-18,199.3489858408249,201.41766386071612,198.7727790540426,201.07760620117188,2471899
2024-06-20,201.57826889404785,203.2690938780073,201.07762395114483,202.2772674560547,4089144
2024-06-21,203.83582312025078,204.10975315752373,201.69156889683669,203.17459106445312,8021480
2024-06-24,203.2879787194315,206.26347237774493,203.00459975974522,203.93031311035156,2967411
2024-06-25,204.81820127079823,204.81820127079823,201.88048898292027,202.57005310058594,3000290
2024-06-26,201.71994005502577,202.2111214894476,199.87796228572094,201.60658264160156,2199255
2024-06-27,202.42839013748028,203.42021648255917,201.2098489625261,202.5039520263672,1935515
2024-06-28,202.27725290976164,204.1759094217493,199.4434487549321,201.7104949951172,4860841
2024-07-01,201.33265440701012,203.59025174344598,199.18839990342502,199.2639617919922,2173559
2024-07-02,200.03853517518155,201.4648933995992,199.27340908769708,201.41766357421875,1930557
2024-07-03,201.200402085062,201.45544898040845,200.3219185645634,200.69032287597656,1099375
2024-07-05,200.794254325478,201.11541426550858,199.06563373202752,200.48252868652344,1371108
2024-07-08,200.1519090636716,201.41768015334128,199.3301042017647,199.90631103515625,1859539
2024-07-09,199.96298679630235,200.35027430690766,198.8955839216287,198.93336486816406,1391442
2024-07-10,199.50011508334848,203.03291753070076,199.0939298540935,202.60784912109375,1812699
2024-07-11,203.08959596382044,204.66709247383824,201.814390736702,202.94790649414062,2731593
2024-07-12,203.59026361380708,204.83713691911484,200.56752542594967,203.1935272216797,2113567
2024-07-15,202.52285633606695,204.34593642587038,201.5876940866199,203.7697296142578,1752404
2024-07-16,203.89252198184013,206.8774643727131,203.70358810321156,206.36737060546875,3013240
2024-07-17,206.8680368058472,208.4832998781311,205.78173615443976,208.01100158691406,2719453
2024-07-18,207.79372972421578,208.55885579689368,205.47000486253816,205.6116943359375,2190656
2024-07-19,205.6683525739105,206.0556400123147,202.37168490733774,202.72119140625,2691632
2024-07-22,203.3446414106942,205.08271055848562,201.79549155447958,204.95046997070312,2817078
2024-07-23,204.95991536946525,206.73578013702783,204.23257022486322,205.3377685546875,1812092
2024-07-24,205.3377602567429,205.70614996405916,201.32319609235103,201.81439208984375,3565709
2024-07-25,191.55602320629114,193.86085055665217,187.97597587479288,191.23486328125,6761655
2024-07-26,191.78271915175804,196.28847979111734,187.2580753299443,191.5087890625,7539321
2024-07-29,192.25502543240702,192.47227680364279,188.09877149933635,190.24301147460938,2907420
2024-07-30,190.7625532073283,192.65174627517547,190.30913812208047,191.41432189941406,2638924
2024-07-31,192.47227794151476,195.306082155686,190.94202570728734,193.40744018554688,3362668
2024-08-01,193.0107075488248,195.3060859446971,190.33747594633917,193.24685668945312,3786656
2024-08-02,196.71352044112368,197.38418682802626,190.14853145610755,192.40614318847656,3417096
2024-08-05,191.31041969089551,191.31041969089551,185.99230311685892,188.64663696289062,3960966
2024-08-06,188.63721514514233,190.97982353072265,187.49423572773415,187.7870635986328,3671428
2024-08-07,189.44010755635745,192.65175042244306,186.74799279511382,186.95579528808594,3330599
2024-08-08,186.9558012247171,189.4306646897118,186.9558012247171,188.75054931640625,2489805
2024-08-09,188.0042725873076,188.12706427904226,186.57791461393256,187.2485809326172,1910122
2024-08-12,187.46589391725712,187.5036748640782,185.6428137716557,185.88839721679688,3109752
2024-08-13,186.33234110942695,186.47403057923069,184.77375694158593,185.8317108154297,3782812
2024-08-14,185.14213459021025,186.83297381837832,184.73594938759334,186.65350341796875,3511686
2024-08-15,187.92871542733621,189.13780761738454,187.12580845474093,187.4658660888672,2934026
2024-08-16,187.6653130204389,189.58384406970907,186.9434887315357,188.52960205078125,2843887
2024-08-19,188.49163785660406,189.41291583051927,187.90277765410664,189.04249572753906,2068043
2024-08-20,189.00449752969644,190.43866028588712,187.9882431062679,190.020751953125,3096095
2024-08-21,190.7520907152197,191.64488161690917,189.84981389187305,191.30296325683594,1805617
2024-08-22,190.6666093687597,191.2554695644407,189.3084365501385,190.08724975585938,1970316
2024-08-23,191.55939620006626,192.59463715064481,190.75208126305088,192.30970764160156,2982789
2024-08-26,193.36395902695213,194.53217886686807,192.7181246400508,193.61090087890625,1856200
2024-08-27,193.724861186261,195.93782241104017,193.52540760597043,195.7573699951172,2389650
2024-08-28,196.23226492270487,196.6976615266655,193.5539216151558,194.70314025878906,2366079
2024-08-29,195.9568193481344,197.9418398646421,194.17125240761453,197.08705139160156,2396833
2024-08-30,197.53346940053865,198.26477971433943,194.98807553126076,197.46697998046875,1945834
2024-09-03,197.2200313790485,197.46697322335194,193.85783672481836,194.57017517089844,2080891
2024-09-04,194.95957566035605,196.72614152327836,194.87408507975917,195.21600341796875,1759789
2024-09-05,194.8835900016238,195.11153067837478,191.55939770854923,192.7845916748047,1529838
2024-09-06,192.8035984526759,192.89857495920305,187.91227904374236,188.17820739746094,2570333
2024-09-09,189.9352834641907,191.56888520690865,189.14696967963772,191.05601501464844,2327231
2024-09-10,190.23922008399677,191.0750221469219,188.59611770723566,190.8565673828125,1411675
2024-09-11,190.75208903408458,194.09528260234006,187.44688313630385,193.79136657714844,2769631
2024-09-12,193.69638684849505,194.69364015418603,191.73035266275377,194.38970947265625,1967382
2024-09-13,194.19975893246638,195.29200341874895,193.33546979092762,193.8958282470703,1996316
2024-09-16,195.6528961120075,196.5551875291557,193.49692368369745,194.39920043945312,1580421
2024-09-17,194.70311700923156,195.40594013055127,193.32594318876295,193.98129272460938,1458414
2024-09-18,193.98132097221034,194.43720234394073,190.51464912348467,191.5119171142578,2419292
2024-09-19,193.90532441772257,195.2160089746012,192.02478083473835,193.4684295654297,2726635
2024-09-20,193.55392520487914,193.55392520487914,191.81583167162213,193.13601684570312,3874469
2024-09-23,193.762852779443,193.80084044755557,192.4331817657551,193.534912109375,2290204
2024-09-24,193.5349324011313,195.65291739183624,192.50917728618813,194.9595947265625,2611812
2024-09-25,195.84286524723703,197.32451637242153,194.9500890002713,196.39373779296875,2891435
2024-09-26,197.28652944933881,198.02734035334615,196.1847843536981,196.6311798095703,1616638
2024-09-27,197.07758620096672,200.25931408338673,196.7261672343852,197.2010498046875,2482926
2024-09-30,197.6474251301641,198.31226066079046,193.9718138848936,196.32723999023438,2655010
2024-10-01,196.06132449837878,197.5524615794012,194.54168566733907,195.7194061279297,2327130
2024-10-02,195.24450363244134,195.70038497221324,193.43043487154483,193.63938903808594,1863282
2024-10-03,192.32873134128508,193.34498590716765,191.473928052608,192.68963623046875,2071482
2024-10-04,194.29474510022592,194.7791282398021,191.51192452421046,193.54443359375,1662669
2024-10-07,192.05324713498422,194.0667693352446,191.587865246313,193.11700439453125,1822411
2024-10-08,198.20780636931804,199.1480708689413,193.55392814115726,196.60269165039062,4180598
2024-10-09,196.62167264985445,203.27957260982697,196.50770963995407,202.96615600585938,5141881
2024-10-10,200.87666396640833,202.93766006172925,200.51574443791768,202.87118530273438,5015423
2024-10-11,204.37181591669093,205.69198640488958,202.9946419317783,205.14112854003906,3853932
2024-10-14,205.3785741398471,206.78423524140797,204.44779557366624,206.67025756835938,1871577
2024-10-15,207.05016468174648,208.20889860009711,205.60651590206822,206.35684204101562,3994452
2024-10-16,206.1668769628507,208.57929184318587,205.68249387028763,207.96194458007812,2626683
2024-10-17,207.99995279570533,209.0257079156483,207.38260547161346,208.52232360839844,3171565
2024-10-18,206.7842364640325,210.91574386905316,206.7842364640325,210.86825561523438,4080747
2024-10-21,210.82075455419508,211.78002015533832,209.03518752224494,210.37435913085938,3733139
2024-10-22,209.4720788786071,211.64705246431367,208.72175279721887,211.18165588378906,4058288
2024-10-23,210.41234680663277,211.43810182367616,208.16139784773085,209.2726287841797,6255925
2024-10-24,203.60251093758973,205.34058984246835,198.4072607278448,198.5972137451172,8801675
2024-10-25,198.59720064548677,199.79390750764583,196.26076109347724,197.5524444580078,6158906
2024-10-28,197.60945149877912,198.226798821074,194.61767673703298,195.74789428710938,6165482
2024-10-29,194.73160452022162,197.17252094037448,192.83205998007156,195.63389587402344,6141607
2024-10-30,194.18077012088102,196.25126673508063,192.8890720539914,193.94332885742188,5416649
2024-10-31,194.37071699325534,195.7953645290186,193.17399546954292,195.34898376464844,4708889
2024-11-01,195.9283600167724,199.00561068472337,195.4439768811583,198.6826934814453,4536603
2024-11-04,198.34076345156544,198.34076345156544,196.05181209041902,197.1155548095703,4076903
2024-11-05,197.7423861878118,201.19955706751824,196.24174873907074,198.2932586669922,7463649
2024-11-06,201.40852617260668,205.99591477425804,198.5877034777196,205.53053283691406,6223956
2024-11-07,206.05291606163982,207.3826018594562,204.5997666657132,206.57528686523438,5435870
2024-11-08,206.52776926110857,208.67425566997318,205.63499312866006,208.46530151367188,5761221
2024-11-11,208.18990656958022,214.0025042754995,208.18990656958022,213.92652893066406,7383525
2024-11-12,227.33730510851302,230.576021736712,218.04853486326593,222.16104125976562,11218033
2024-11-13,223.1962601179367,224.6494092974256,220.51790241611653,221.3632049560547,5595612
2024-11-14,221.28726230336102,222.78790005168477,218.72288171221015,219.08380126953125,3881753
2024-11-15,218.5683699851596,220.66815417285974,217.98615823525495,218.55882263183594,3751147
2024-11-18,219.02652316656315,219.58964024279095,217.87164695245957,218.4252166748047,3486294
2024-11-19,216.9744555325231,218.48248066804175,215.96274545093624,217.80482482910156,3739614
2024-11-20,216.88855000594774,218.46337708587757,215.1419000344956,216.34451293945312,4686632
2024-11-21,217.6139387527733,218.44430805722118,214.57879374567824,215.7909393310547,5696475
2024-11-22,217.37529772610395,219.63732776299432,216.7739913288398,218.67333984375,3879021
2024-11-25,220.5917892452684,221.42215845513593,219.2364777089158,220.09547424316406,3882461
2024-11-26,221.24081897860805,221.90894217609144,219.37965968627785,219.90460205078125,4252123
2024-11-27,221.6035208677588,222.34799344363643,219.01696892613714,219.17922973632812,2903474
2024-11-29,218.95966929803083,222.64384225427375,218.95966929803083,222.31932067871094,1939865
2024-12-02,222.56751257825061,223.0638276370198,219.34147942982156,219.47511291503906,3263019
2024-12-03,217.74754089724286,218.75925091125671,212.99438825491146,216.6212921142578,4070226
2024-12-04,217.04124765152662,219.65642664127222,216.4590212143962,219.32237243652344,2685764
2024-12-05,219.47509664984528,219.65643742318204,215.23735372402572,215.9818115234375,5244160
2024-12-06,216.9362777297453,217.57575887846627,215.42825261592748,216.06773376464844,3216989
2024-12-09,216.31586982366372,217.36576927206139,214.6933207189297,214.83648681640625,2572458
2024-12-10,214.9032719413997,219.0837599666243,214.3497023014005,218.64471435546875,3589281
2024-12-11,221.32673153189552,223.3406042870478,217.48031206813306,218.62564086914062,4433615
2024-12-12,217.3753083239472,219.4655450541365,216.9839847257416,217.3180389404297,2747273
2024-12-13,215.64775164355873,218.65425428854934,215.58094964122415,217.251220703125,2460568
2024-12-16,221.8707497386595,227.10110772553404,219.6659743039226,225.24948120117188,8292909
2024-12-17,227.31111359071915,227.45427969318362,221.0881249763612,222.51023864746094,5445178
2024-12-18,223.0542635588116,224.00871892339646,216.09635010471496,216.52584838867188,6503883
2024-12-19,218.20569094870814,222.86338500176322,215.9913679626781,216.54495239257812,4927307
2024-12-20,214.9032923824726,219.28421629183708,214.3878973697315,217.9193572998047,6912899
2024-12-23,217.3943977983949,217.85253815299112,215.65730991266102,216.79310607910156,3508247
2024-12-24,216.32540952961224,218.8356119236749,215.3709689135089,218.47291564941406,1895453
2024-12-26,218.35839446819284,221.44124653862173,218.0147928951931,221.29808044433594,3107324
2024-12-27,220.47725832682548,221.0117480249815,218.3774742125905,219.0551300048828,3089317
2024-12-30,216.802637058489,217.0698892800406,215.1323659246781,216.27769470214844,2399261
2024-12-31,216.80265011536673,217.18444113108652,215.3232670220388,215.6000518798828,1959390
2025-01-02,216.72630028955973,217.6043916300559,214.4165331604909,215.2469024658203,2113871
2025-01-03,215.685945220778,217.06035160185948,215.57142117806814,216.20135498046875,2667858
2025-01-06,214.44515046783425,216.58310918337096,211.27638707154185,211.63906860351562,3873963
2025-01-07,211.4100354636543,212.91806065253064,209.8924629207933,210.5796661376953,3051177
2025-01-08,210.06422987387842,211.29545522346857,209.21476600662834,210.1405792236328,3156896
2025-01-10,209.94970658312593,209.97833390800085,206.42779421148393,208.25079345703125,3626915
2025-01-13,207.75446490685303,218.53971676578865,207.5158547698819,209.11932373046875,5455193
2025-01-14,210.30285917583265,210.46510524223987,204.82432872424673,208.5466766357422,4068607
2025-01-15,209.76839946944355,210.48423004185688,206.34193060906293,209.53932189941406,4702010
2025-01-16,209.97833510853042,214.30198940422008,209.90198575271467,212.54580688476562,4665489
2025-01-17,216.50677606157254,216.5354033880861,212.1640415699611,212.44082641601562,3388162
2025-01-21,213.19481904442216,217.3562125114848,213.0230256283136,214.8173828125,4710912
2025-01-22,213.79614100951613,214.3115360288768,212.49809874083618,212.92759704589844,3007170
2025-01-23,213.2711921671477,215.7718472944296,212.60308371287329,215.38052368164062,3072017
2025-01-24,214.75057989406457,216.80262719366118,211.20002548489444,211.4195556640625,6406764
2025-01-27,210.2169599026105,215.58096662966432,210.0737938003085,215.42825317382812,3146880
2025-01-28,214.48334121519733,214.48334121519733,210.14060672379188,210.64646911621094,3641179
2025-01-29,210.8850857157772,212.65081573286008,210.59875350764003,210.98052978515625,1938651
2025-01-30,211.93495026288065,214.4642325937326,211.48635728616134,213.8533935546875,1834551
2025-01-31,212.69851567691063,215.6572962539359,212.41216876494272,213.5288848876953,2510544
2025-02-03,212.36447643073114,213.12804374680252,209.65385297599803,212.27857971191406,3258163
2025-02-04,214.3401582194579,215.41868492566294,212.9466720121662,213.3666229248047,3483056
2025-02-05,213.36662641863225,213.9965601646894,209.2625023497117,212.22128295898438,4650516
2025-02-06,205.2061424005273,205.43520524601195,196.78792444306683,200.26211547851562,12327423
2025-02-07,202.342772685219,203.67900432480533,196.02432550691756,196.157958984375,6774706
2025-02-10,197.14103213357527,199.63212504859345,195.73798382328079,199.0212860107422,6705508
2025-02-11,197.1601109739677,199.80393205023734,196.40610585031118,197.5132598876953,3113091
2025-02-12,196.22475802805943,196.892881204554,194.94579579331872,195.6711883544922,3452808
2025-02-13,197.10286080677153,197.85688073750518,195.2894087651417,195.9193572998047,3421547
2025-02-14,195.48982758874615,195.795254476438,192.3592535573965,193.51412963867188,5413816
2025-02-18,195.10807533725446,198.89724037384292,193.54278076231964,198.56317138671875,4955027
2025-02-19,198.45818744747757,202.0564494742223,198.44864009386762,201.2069854736328,5123671
2025-02-20,200.04253327971088,201.8655324159352,199.355330188232,201.7223663330078,3678408
2025-02-21,201.54103464286362,202.81999692158035,199.86121612475043,202.28550720214844,6294671
2025-02-24,202.11372197990354,205.38746243582935,200.1666511562546,200.34799194335938,6820838
2025-02-25,201.53149888440228,204.07986131520775,201.407412759669,202.3427734375,3842703
2025-02-26,201.22607252005383,203.02042978830895,200.1952677744001,201.7032928466797,3163168
2025-02-27,202.14232354735995,205.101104087236,201.9800627548769,202.6004638671875,2787538
2025-02-28,204.3756632911431,205.12410539276993,202.07271666138672,204.27969360351562,4022981
2025-03-03,205.076118053625,207.3214738749403,202.49492018530879,203.44488525390625,5395707
2025-03-04,203.13782320550715,203.93425751659774,199.42433417439725,199.58746337890625,7042999
2025-03-05,199.58747757992828,201.91920479443166,198.4264206039877,201.14195251464844,5357568
2025-03-06,200.48944780865713,203.1761989470774,199.4915053233488,202.71560668945312,5101212
2025-03-07,202.7060504062689,206.64981382044883,202.26465498780732,205.8437957763672,5748980
2025-03-10,205.62306718188094,209.6340044802559,204.94178463687626,205.1720733642578,4225820
2025-03-11,204.85542852964042,205.10491415652874,198.55114314766084,200.1536102294922,5304658
2025-03-12,198.71427406789897,199.3859581701669,196.4497213196318,198.0041961669922,3856967
2025-03-13,197.34210032048662,199.4915011866524,196.81434855310908,198.3304443359375,3572184
2025-03-14,200.03846760430974,202.6100819625268,199.481920440051,200.99801635742188,3929706
2025-03-17,200.00967635791287,202.5716773165186,199.32837900477335,201.9095916748047,4466596
2025-03-18,201.89999891014853,202.95550251177838,200.38390303126303,201.25709533691406,3855450
2025-03-19,201.78483807626296,203.5408358709037,199.8849227911944,200.21116638183594,6483043
2025-03-20,199.1940552027284,203.1090378032861,198.91578902766454,202.360595703125,3624689
2025-03-21,200.6717847057835,202.89795868309662,200.33594262217488,201.6217498779297,6621439
2025-03-24,203.08023010817772,204.07817252483648,201.98633282933415,203.28173828125,4297749
2025-03-25,202.55247331742115,204.39481255041653,201.76563754214965,203.5408172607422,3854741
2025-03-26,204.12616045045053,208.37698476365435,204.01100868494024,204.50038146972656,5311942
2025-03-27,204.48119624975308,206.5058618364833,203.68477673215654,205.50791931152344,3626105
2025-03-28,205.60387491339455,206.20839950036128,201.4778005646119,201.83282470703125,3291346
2025-03-31,202.30301551804473,203.84789193547982,201.27629245220797,203.18580627441406,4014584
2025-04-01,202.57167606225272,204.98975951304791,201.1995125398121,204.81703186035156,2593703
2025-04-02,203.89586807950792,207.65733462622788,203.74233732123136,207.2543182373047,3463835
2025-04-03,204.95137527539262,207.5421715000676,197.98500452269545,198.3208465576172,6586638
2025-04-04,195.02958657252435,196.35377273254608,182.99675935757102,183.26544189453125,8543802
2025-04-07,183.09272215620325,188.2934969133716,175.9728203499184,179.87820434570312,9461279
2025-04-08,180.62665918233202,183.43814576449302,173.51635590620447,175.46424865722656,7033085
2025-04-09,173.19969959736716,191.6999263344709,172.10581701735632,191.04742431640625,9247920
2025-04-10,189.02276422678696,191.4792117950979,181.16400429828784,185.568359375,5889197
2025-04-11,184.98303702082052,191.34488342499716,183.850760665431,190.51966857910156,5162418
2025-04-14,190.97065567488167,193.21601140766026,190.1838198422507,192.15090942382812,4544494
2025-04-15,192.70745945143463,194.17557793578268,190.3661486365145,190.7691650390625,3054718
2025-04-16,189.51216105835135,190.55806628339585,184.7239710920326,185.46282958984375,4177057
2025-04-17,187.3531534921184,190.30857254532583,187.09406940326824,188.64854431152344,3253105
2025-04-21,187.094081779959,187.88091773617327,184.34975438387968,186.37442016601562,5006217
2025-04-22,187.93845428157442,191.57517020502647,187.50664259118727,190.34693908691406,4397398
2025-04-23,191.55600791704876,193.13927823473668,188.8596580392357,189.329833984375,4206193
2025-04-24,189.3490148742252,193.44630860302598,188.30309493046153,192.62109375,3277486
2025-04-25,191.14337471301545,192.46756080511582,189.79040808491328,191.10499572753906,3681443
2025-04-28,191.4984220632316,193.56146666911175,189.98232616477202,192.54434204101562,5756972
2025-04-29,199.05972145791398,203.83829793644801,198.4935758450424,202.9363250732422,8846593
2025-04-30,202.58128478912207,203.09945296107708,197.4668514687681,201.98635864257812,5090691
2025-05-01,201.89038589293614,202.97468476564433,201.28587616240836,202.21664428710938,3633491
2025-05-02,203.5983934805873,206.24676558290034,203.4448775434285,205.4695281982422,4429569
2025-05-05,204.4524099272258,206.82251595072353,203.87668070792859,205.58468627929688,6358406
2025-05-06,204.12615796122827,204.6635081730209,201.0171936421572,201.43939208984375,5189024
2025-05-07,205.24884745553913,208.00277300178382,204.5099890208778,205.9301300048828,4384550
2025-05-08,206.9760403138433,207.89722487710557,205.13370081216402,205.8629608154297,3947106
2025-05-09,205.86296885445998,206.1892272880144,204.06860671960365,204.41404724121094,2421922
2025-05-12,209.1830191235813,210.5839780685048,207.77247654113015,210.4688262939453,4079533
2025-05-13,210.8718515029061,211.45717922526393,209.24060375313132,209.39413452148438,3903200
2025-05-14,207.61894221172085,209.37494008767752,207.09119041016655,208.3961944580078,3272731
2025-05-15,208.8951447543622,213.9616004122807,208.8951447543622,213.2995147705078,4181104
2025-05-16,214.39899847735614,215.06448192522836,212.77871101867956,214.95838928222656,2929777
2025-05-19,213.73352787411284,217.09949038759785,212.77870898433144,216.94517517089844,3455033
2025-05-20,215.3248700214818,217.2537728513458,215.3248700214818,217.06088256835938,3372481
2025-05-21,216.4532816480926,216.96443493689853,213.63706270546479,213.98426818847656,3653522
2025-05-22,213.52134885674926,217.03197919740322,213.32845855224033,215.68173217773438,2949505
2025-05-23,212.97160662585233,215.07413477675232,212.97160662585233,214.13861083984375,2566793
2025-05-27,216.44362486381647,218.7004529624479,214.42790960579916,218.41111755371094,3126850
2025-05-28,218.41114219983197,219.79031673663707,216.2121839124321,216.62689208984375,2612823
2025-05-29,217.52382202375816,217.88067499242473,215.30556894409378,217.18626403808594,6818713
2025-05-30,218.5943982514672,218.95125127271595,215.81676891293347,218.6136932373047,8396402
2025-06-02,217.00304128413777,217.90962269458245,215.10305103175847,217.50454711914062,2560925
2025-06-03,217.0030285565732,219.14411666443524,216.99338106475128,218.71011352539062,2841864
2025-06-04,219.39489438652708,220.63904872747108,218.1507400455831,219.365966796875,1854076
2025-06-05,219.38525446110188,219.8192576494878,218.0832448959441,218.6136932373047,3287502
2025-06-06,220.61975442156705,222.27861695586262,220.04108352189732,220.64869689941406,2241543
2025-06-09,220.5618745201898,220.57152201237534,218.47865639663823,219.0573272705078,2590971
2025-06-10,219.04767768219133,219.5202559137082,217.70707826007117,218.21824645996094,2696184
2025-06-11,217.89031416022377,218.73904033977465,213.77208576760668,217.7938690185547,2522785
2025-06-12,217.0319700857967,218.65225750851138,215.81675824078712,218.01571655273438,1617448
2025-06-13,216.9065709138333,218.0928551064749,215.56598640276127,216.31825256347656,2526124
2025-06-16,217.55277864680264,218.35328233824492,215.5852856429439,216.12538146972656,2467447
2025-06-17,215.6527640265994,216.16393217026962,213.60810634002203,213.90708923339844,3141620
2025-06-18,214.2639561179761,215.64313055836368,213.0390968798276,213.98426818847656,3640269
2025-06-20,215.4502530391222,215.45990053135316,212.37362607997494,213.91676330566406,5943624
2025-06-23,215.38273166588013,217.00303391260627,213.85888945164942,216.7522735595703,2609788
2025-06-24,217.57206741957233,218.07358814900084,215.70101962077754,216.61724853515625,3625600
2025-06-25,216.6943804079007,216.6943804079007,213.28984335268476,213.90708923339844,3038835
2025-06-26,214.90051952271196,218.4400773888371,214.23505096199094,218.33399963378906,2660574
2025-06-27,218.13146280494925,220.82229442584983,217.76496229862397,220.71620178222656,5052753
2025-06-30,220.71618789173192,225.2587869675886,220.20503457931505,224.6029510498047,4108365
2025-07-01,225.27808522375116,230.38970775079204,224.9019372429228,230.2836151123047,3967137
2025-07-02,229.69529845180222,231.97142178577863,228.49936671901708,230.75619506835938,4151159
2025-07-03,231.36379391798798,232.72368827056636,230.88156821343017,231.8556671142578,1925398
2025-07-07,231.3445383192118,232.3379174205457,229.4831230815505,230.843017578125,2742215
2025-07-08,230.77548734309693,233.0612581425496,230.53437447852886,231.27700805664062,2800082
2025-07-09,232.1450048217844,233.12875122400624,228.30646435475785,230.23538208007812,2202391
2025-07-10,229.36737944548128,230.87192666002127,228.103930201317,228.3546905517578,2290507
2025-07-11,226.04000871045818,227.66029617050077,225.68315569863472,227.54457092285156,2445393
2025-07-14,228.0942843222629,230.29325742812333,226.2907541728328,229.59884643554688,2945155
2025-07-15,228.75976050071154,229.16483604826962,226.83084279205332,226.9369354248047,2382771
2025-07-16,227.0912730776759,228.57654030681522,224.72835200080135,228.46080017089844,2857646
2025-07-17,228.2003747633327,230.20645756174835,227.7760191111089,229.8978271484375,2535836
2025-07-18,231.1998529275317,231.1998529275317,226.87907177823692,228.13287353515625,3655950
2025-07-21,228.13288415818226,229.87854431905473,226.82121227631086,226.85980224609375,2927754
2025-07-22,226.78261061267978,228.64401068850864,226.00140202583472,228.1714324951172,3448862
2025-07-23,229.15519874105988,231.96177033542548,228.79834574815575,230.76583862304688,3873761
2025-07-24,218.08322287970734,222.39434162580113,215.84567471323462,216.5015106201172,11324865
2025-07-25,218.27613303172595,218.5461735021276,214.38936958452075,216.27005004882812,6038721
2025-07-28,217.12842277108916,219.65530658513404,216.73299467209944,217.0802001953125,4879354
2025-07-29,217.66850804251274,217.96749097545128,213.37666923029312,213.83961486816406,3808407
2025-07-30,214.48580982820476,216.41471282437865,213.3573807320948,214.26397705078125,4801456
2025-07-31,213.68530614279786,215.77817184879945,213.4345457756848,214.4472198486328,3090430
2025-08-01,213.5020471616488,213.76244011353117,209.44167390864249,209.9721221923828,4013269
2025-08-04,210.56045668378468,212.96196771471315,210.05893594909827,212.9426727294922,3492566
2025-08-05,212.20003776068563,213.50206216400724,211.70816452176072,213.2030792236328,2508723
2025-08-06,213.77210382040417,214.01321669493862,211.21629246223316,211.4381103515625,2825475
2025-08-07,212.45079393008228,212.6726118137917,207.9467698164382,208.88229370117188,2936353
2025-08-08,209.06553783378482,209.96247169091995,208.32290429195137,208.62188720703125,3095184
2025-08-11,208.62189200839666,208.89193245449397,206.58688161829275,208.7569122314453,2439424
2025-08-12,208.9401593361573,209.5574201767209,207.88889534163164,209.29701232910156,4400635
2025-08-13,209.64422147777668,212.1228825991038,209.48990626495066,211.9299774169922,3670416
2025-08-14,211.30307620643035,211.30307620643035,209.5574161321208,210.44471740722656,3007069
2025-08-15,211.36572504162717,211.36572504162717,209.19409551329443,210.1538848876953,2772970
2025-08-18,210.11508581751488,210.77433581485084,209.3298104353394,209.795166015625,4161174
2025-08-19,209.65944575597393,211.51114045700157,208.8935508257671,210.12478637695312,2404421
2025-08-20,210.43503289390492,212.8199523218539,209.62066432217253,210.37686157226562,4108871
2025-08-21,209.88242430198147,211.12335760245017,208.43789886196,210.78404235839844,2718744
2025-08-22,212.85872066170185,216.27128343216336,212.0055762276844,216.02891540527344,3321089
2025-08-25,214.97217565269514,215.6314256554399,213.77003325024168,213.8766632080078,2283426
2025-08-26,213.49857418599146,216.00951890459302,213.1301658075826,215.76715087890625,4104319
2025-08-27,214.85585728270448,215.92227663139963,213.9542392176242,214.4971466064453,2136330
2025-08-28,214.9334162107379,215.1273106442176,213.07202366308908,214.59410095214844,2630629
2025-08-29,214.32262958492004,214.8364587885983,212.49031530309006,212.80055236816406,2014323
2025-09-02,210.40592155196376,211.46265806778712,208.8256731178838,210.95852661132812,3289930
2025-09-03,210.55137491268846,210.59984851964262,206.0723777126628,207.4684295654297,3562674
2025-09-04,207.2066483001855,209.0486601718023,205.62639986987617,208.59300231933594,4709799
2025-09-05,208.41853913133315,209.68855073566922,206.85767089469672,207.7108154296875,4152778
2025-09-08,208.2633951565661,208.63178856982063,206.05297481460582,208.19552612304688,4617030
2025-09-09,208.39910950041244,208.73842472253293,205.4712829176934,207.6623077392578,2979450
2025-09-10,207.4393399818785,207.79805066573886,204.92839512607412,205.23863220214844,4335180
2025-09-11,205.45189646202485,209.56250009320547,205.01563401453316,208.73843383789062,5645588
2025-09-12,207.5168953526477,208.03070958075654,204.50181915498365,205.0059356689453,3205962
2025-09-15,205.29680021420154,206.43108860434822,204.25944407245487,205.27740478515625,3835924
2025-09-16,205.2192287523353,206.80917499806597,204.17218988571207,204.51150512695312,3378754
2025-09-17,205.2095405664997,207.1291193939114,203.8328841090133,205.21923828125,5475426
2025-09-18,204.6472354351826,206.88673390117626,203.63897249838686,203.78439331054688,4505545
2025-09-19,204.65693170270035,204.65693170270035,201.08923555900893,202.97972106933594,11134470
2025-09-22,202.37864972190945,204.11401677004986,201.0019933404548,202.62103271484375,4861448
2025-09-23,203.04761018569894,204.57938519384237,202.43683373916247,202.92156982421875,6308025
2025-09-24,202.91186072860293,203.8619523113174,201.86482194146498,202.23321533203125,6230633
2025-09-25,202.52408400279828,202.98942462557162,200.97291367380123,201.36070251464844,4121517
2025-09-26,202.0587419723456,202.66951841702732,201.02140076723154,201.83575439453125,3593024
2025-09-29,203.48386757436936,203.74563103999836,198.13234541169436,202.89248657226562,5703759
2025-09-30,202.5725744643325,204.66663737227975,202.08782340732824,204.07525634765625,4231080
2025-10-01,204.0752211621064,206.29532405040382,203.58078744100945,203.76498413085938,3932538
2025-10-02,204.07523786928425,206.51832850055294,203.6777513172098,204.56967163085938,4357842
2025-10-03,204.54058467128988,205.55853032733654,202.05871825591376,202.66949462890625,4376962
2025-10-06,203.5905048241475,204.07524087879938,201.4576512180709,202.62103271484375,5217452
2025-10-07,202.2623235531642,203.28026927550755,201.4673504313765,202.6016387939453,3918577
2025-10-08,202.46591379652065,203.47416179514414,201.5545980430336,203.44508361816406,2846922
2025-10-09,203.58080475824977,203.59050247235245,197.26950847524952,197.99661254882812,3798695
2025-10-10,198.7140289780568,199.2084627662671,194.59375738671014,194.7779541015625,5597231
2025-10-13,196.23216763674796,197.03682349313195,194.48710289194807,196.71690368652344,3766929
2025-10-14,195.27238851600376,202.35927782494863,195.20451947923627,202.24293518066406,4097440
2025-10-15,202.40775150721043,203.0185279415165,195.9316386299546,196.31942749023438,4481973
2025-10-16,197.48279313302243,198.6170815301965,196.06736080660275,196.96897888183594,3137978
2025-10-17,196.93016686835293,198.74310053864826,195.8540499086678,196.76536560058594,3918577
2025-10-20,198.10326408697404,199.8968024939584,198.0838686581211,199.74168395996094,3954795
2025-10-21,199.84831800005784,204.18187913904123,199.59625226674513,202.69857788085938,3844321
2025-10-22,203.39661334848495,203.77470448346838,199.71258934855095,200.30397033691406,4314441
2025-10-23,208.43787228296952,215.689576735907,207.71076828128972,213.934814453125,9578835
2025-10-24,214.18690443406126,214.18690443406126,208.19552787082324,209.54310607910156,8134584
2025-10-27,212.27704132861285,212.5194093599915,208.14705714958177,208.50576782226562,5457014
2025-10-28,208.2537098852543,208.90326221994832,206.66376356730638,207.8659210205078,4290971
2025-10-29,206.86734150718388,207.91438034945634,204.07523792779065,206.3922882080078,4235430
2025-10-30,207.57486185374967,211.09272245227112,205.51762958276208,205.83648681640625,6208429
2025-10-31,204.4890009863664,207.64686393487344,204.3347205366386,207.09141540527344,3878647
2025-11-03,207.09142502546595,207.21484639786001,202.74036893892077,203.42955017089844,4732602
2025-11-04,203.31639521645036,203.67640789190406,200.2511093745906,202.08206176757812,5460695
2025-11-05,201.732317440791,205.44561388624183,200.89913717863132,202.6889190673828,4010802
2025-11-06,201.59859255830682,202.89465910816722,200.80656768597837,201.5163116455078,2890345
2025-11-07,201.6603118655578,202.06147995594648,199.24306684729387,199.6236572265625,3534529
2025-11-10,200.56998087185613,202.10262378727865,199.16078925960727,201.68089294433594,3643037
2025-11-11,202.10263046441543,207.2765706809125,201.38260509230687,206.1450958251953,4001363
2025-11-12,206.73140836366076,208.06861547556036,205.29135758544172,207.35887145996094,4392679
2025-11-13,207.0297110824859,208.85035220836127,205.23991407613238,205.5896453857422,3968658
2025-11-14,205.36198067844632,206.50023243724084,202.474941831522,205.96214294433594,3552169
2025-11-17,204.77216354522537,206.28294240055206,201.75062088981775,202.8992156982422,2705556
2025-11-18,198.5014129819703,200.58132529403875,197.1975985887675,198.1082000732422,5790129
2025-11-19,197.31140371027521,198.00471278866303,195.58333260138488,197.1975860595703,3234844
2025-11-20,199.12226445233074,199.97079310821766,193.25508497564138,194.68307495117188,3502396
2025-11-21,194.8175886245266,197.72531337846746,194.37263087379668,196.62844848632812,4492415
2025-11-24,196.6595091623394,196.80438579235891,193.5448347522459,195.22117614746094,5057555
2025-11-25,196.42149682638117,198.29444449479718,195.81097655911213,197.66322326660156,3493052
2025-11-26,198.9774054696564,198.9774054696564,196.5560252407013,196.597412109375,2975778
2025-11-28,196.60778630461027,199.091239513415,196.19387241806072,198.8739471435547,1567649
2025-12-01,196.89750653124432,198.8428850595278,196.58706738088208,196.83541870117188,3070461
2025-12-02,197.43557147188116,200.46747182510208,196.12141426090568,199.8673095703125,4269010
2025-12-03,200.0535791802689,201.98861486695688,199.47410276964857,200.19845581054688,3986584
2025-12-04,200.18808411311966,200.66408578684846,198.11852994677065,198.91531372070312,3819912
2025-12-05,199.47410193888493,200.0846222637903,197.2803719728509,197.98402404785156,4094615
2025-12-08,198.82219651358503,199.04984688631842,197.15621311659206,198.66697692871094,3089149
2025-12-09,197.81845325389102,199.39131987555297,196.462894040048,196.78367614746094,2643102
2025-12-10,196.77331580210887,199.40164520466564,196.73191388173453,198.73939514160156,5308897
2025-12-11,199.3809619002357,201.191836892036,199.3395750314402,200.59165954589844,3560083
2025-12-12,200.87105172608645,201.4919149695459,199.2050533833047,200.39505004882812,3169911
2025-12-15,202.4646019981574,204.4099804986616,200.09496670171302,204.3168487548828,3302257
2025-12-16,204.36860349621819,205.6724178615693,203.53043281699374,205.155029296875,4514250
2025-12-17,205.31024065201368,209.5010938802382,205.0101595119818,206.84170532226562,5998564
2025-12-18,207.81441741233488,208.33180597566223,203.49938836324736,204.96876525878906,3974474
2025-12-19,205.74485346957522,208.05241615755315,205.0619023548013,206.0345916748047,7500708
2025-12-22,205.17573430591054,206.6968561139022,201.98861406022786,202.77505493164062,4180144
2025-12-23,202.60946584222387,203.03373769818205,201.4919150147949,202.29904174804688,2307184
2025-12-24,202.29904321196116,203.99607042709474,201.79199761598454,203.77877807617188,1411275
2025-12-26,203.57181989080746,204.34790273862706,202.69226234099435,204.2340850830078,1390108
2025-12-29,204.2133731592916,204.47206742801262,203.0647633796528,203.9443359375,1971743
2025-12-30,203.16826367774604,204.45137707964207,202.20591733488993,203.18894958496094,1815559
2025-12-31,203.18892829845396,203.90292323796808,201.83336919758074,201.87477111816406,1933031
2026-01-02,202.49565429337696,203.41659870567415,200.07427402064988,202.6922607421875,3009532
2026-01-05,202.60946859151596,208.79744531549673,201.69886714784866,208.0834503173828,3667352
2026-01-06,207.3694532414247,212.7089012437186,207.3177083645891,212.0673370361328,3818768
2026-01-07,212.24326558033968,213.16421000289577,205.42408246202797,206.44850158691406,4850550
2026-01-08,205.85867535254636,212.63647137440958,205.45510445513065,212.37777709960938,4951049
2026-01-09,211.76724247494948,215.99948233093022,210.58758883295596,214.59217834472656,5442292
2026-01-12,214.30246400377948,215.9684624325297,211.75692306871693,215.85464477539062,5264846
2026-01-13,216.5479280497613,218.5553944051666,215.5648958338007,217.59304809570312,3929564
2026-01-14,221.28722158245589,222.0322605133269,218.31740881258614,220.4490509033203,4215519
2026-01-15,220.82155300351937,223.0463267434043,219.21765755773794,222.49789428710938,5310423
2026-01-16,226.84397671483626,228.30301065752698,224.06042744714858,227.01988220214844,8132878
2026-01-20,224.22597810691587,225.93336328739267,221.64937837901013,222.5496368408203,7839677
2026-01-21,223.47058243332367,228.07534946379752,223.0359826848499,226.79222106933594,5392519
2026-01-22,227.6510894200355,231.21072131331846,227.3303073259974,230.2794189453125,4150872
2026-01-23,229.6896120061911,231.0865581058332,228.2616219907683,229.16188049316406,3642275
2026-01-26,229.0583898305765,229.5447344723863,227.36136258860014,228.8514404296875,3531669
2026-01-27,229.027342677744,230.52777850633962,227.76491521757634,228.59274291992188,3357083
2026-01-28,227.661441362107,228.9652556956492,223.7085964375382,224.1742401123047,4870001
2026-01-29,228.9342206392125,235.78446279780454,228.4582339926641,235.1428985595703,6622248
2026-01-30,234.62549047993278,237.57460208461296,233.34236211014792,235.4326171875,6406757
2026-02-02,234.1081121193982,236.30184198680163,232.90777248643587,235.47401428222656,4304576
2026-02-03,234.41852779454928,239.82007853167028,234.41852779454928,238.9405059814453,4320690
2026-02-04,241.64127873373127,244.55934641476406,241.1549341202258,243.53492736816406,5666746
2026-02-05,241.8585971660779,244.29032034455855,240.63755657254467,241.98277282714844,4784186
2026-02-06,242.92440798417985,247.39464126356674,242.29318675198803,246.67030334472656,3791593
2026-02-09,245.6562211395638,249.32968585307353,245.2423072900459,248.1810760498047,2866888
2026-02-10,248.31559440231104,253.292858077071,247.57055554123164,251.80279541015625,3707971
2026-02-11,252.47540696024677,253.55158599261793,247.4360400341613,251.1405487060547,3997263
2026-02-12,252.92037427616998,254.17242865487557,247.5084804824741,248.1707305908203,6232171
2026-02-13,247.9741259841716,251.67863460278957,247.27047394741254,249.77464294433594,5082346
2026-02-17,248.0051606896709,253.26181969791543,248.0051606896709,251.0887908935547,3527759
2026-02-18,251.3888956782873,251.59584507425987,247.42569279792914,249.5262908935547,2720526
2026-02-19,248.9364679654186,251.23367247057146,247.49812000190124,249.14341735839844,2250355
2026-02-20,249.1951761917602,253.00315965573515,248.6570866625315,252.45472717285156,2556524
2026-02-23,252.2063555226123,254.55530484594027,250.80940951619687,251.5130615234375,2380031
2026-02-24,251.5130654845885,253.94478857927544,251.5130654845885,252.08218383789062,2455739
2026-02-25,253.26182621137923,253.5205355370164,249.02960119637467,250.62315368652344,3211960
2026-02-26,251.17158248680136,252.33053521013295,248.16038302988335,249.2572479248047,2898640
2026-02-27,251.01471195493798,253.6664999931939,249.8500052891941,253.31292724609375,3707303
2026-03-02,252.38742130771757,258.08616305851723,250.84835313041708,257.9405822753906,3465686
2026-03-03,253.66649754623867,257.0254007863128,251.28508246050583,253.5832977294922,6071125
2026-03-04,254.38402137868042,257.1397976419184,248.7268729645294,255.78790283203125,4552772
2026-03-05,253.26091530799596,253.6560803830213,245.38875132661016,247.89495849609375,4107869
2026-03-06,244.71283866658388,246.4182912598592,243.46493213322017,244.681640625,3678508
2026-03-09,243.47531686833202,247.90536294918212,240.00200060512634,247.07342529296875,3246763
2026-03-10,246.25189850052655,255.04957950262104,246.0647102572927,250.21397399902344,4852457
2026-03-11,249.33003767314094,251.60744913274718,246.90703032137344,248.9972686767578,3090484
2026-03-12,247.26059982143826,249.34042871662888,242.49778499425634,242.71617126464844,4379235
2026-03-13,244.88959706072112,247.06302009651122,243.16334087367986,243.86007690429688,2972536
2026-03-16,244.38004647969166,245.7423357007539,242.9657706110259,243.87049865722656,3028983
2026-03-17,243.75608992920382,245.0455887081269,237.62059155625,240.6571502685547,4027584
2026-03-18,240.80274258203417,242.37302378878414,237.68299903563081,239.0972900390625,3103833
2026-03-19,237.27743433396788,239.81482448460068,236.0607259052686,238.1717529296875,2890917
2026-03-20,237.03825006412205,238.6605179217231,228.6045360653119,230.34120178222656,7721824
2026-03-23,233.9289014648894,235.54077502338848,231.80748007982507,231.91146850585938,3487331
2026-03-24,229.41566405874596,233.61692949409124,229.38446601883038,230.4139862060547,3171341
2026-03-25,232.75379821925767,236.69508510663718,231.526695465984,234.80242919921875,4361881
2026-03-26,233.64812126907793,237.77658108059475,233.38814265341568,234.1576690673828,4533320
2026-03-27,235.23920129322002,235.23920129322002,231.5683024742775,232.02586364746094,3161997
2026-03-30,234.8128359129107,235.38477980892026,231.49549474409773,232.4002227783203,3067886
2026-03-31,234.67764071995936,235.72796468017174,230.98595322869033,235.05201721191406,3317227
2026-04-01,236.27910411384522,238.86849595263297,235.66555276879154,237.30862426757812,3659247
2026-04-02,235.9463382528922,239.70042162386036,234.1056841932824,238.6085205078125,2848391
2026-04-06,237.14222157478113,237.94296114288846,235.4159654145664,237.3190155029297,2993513
2026-04-07,235.72795613187967,235.86314259463074,230.27879936874922,232.77459716796875,3546543
2026-04-08,238.69170660408153,241.76985769140785,237.42301154774955,241.74905395507812,3630737
2026-04-09,239.88760818943243,245.79432597203322,237.85978103804172,245.4823455810547,3043477
2026-04-10,245.75273725599624,246.2830887984952,243.412929679103,244.42164611816406,1818229
2026-04-13,242.75778255238706,244.2656676970782,241.04193568393183,242.9657745361328,2533736
2026-04-14,242.54978942871094,243.83928819946792,240.9067179262951,242.54978942871094,3008579
2026-04-15,242.20662358637642,242.2170330199004,238.0677692712753,241.4578857421875,3351076
2026-04-16,240.9483339545421,242.924159392814,238.11975200082586,238.5357208251953,2789846
2026-04-17,240.35556042503762,245.887916794318,239.9811990908699,242.87216186523438,3882557
2026-04-20,242.64339003814683,242.93456669965764,238.0885518766585,238.91009521484375,3068172
2026-04-21,236.06072720821183,238.96208442113985,229.96682098773525,231.08993530273438,4667478
2026-04-22,233.2425645185708,235.0208226214823,228.0429918094654,228.75013732910156,4262336
2026-04-23,216.16713986573754,226.70148593800613,216.12554752419555,222.8953857421875,7646307
2026-04-24,221.30433444250633,223.26978078124122,218.1950002712666,221.6787109375,4393347
2026-04-27,221.8762814871241,222.67702108255335,218.92292255189247,220.5139923095703,3447379
2026-04-28,223.31135402374383,223.51934599094523,218.75653117089513,221.42910766601562,3620344
2026-04-29,220.9819587468834,221.39792758503586,216.6143237712599,218.69415283203125,4293229
2026-04-30,217.87261042738703,223.15536742556452,217.81021434922047,222.88499450683594,3936620
2026-05-01,223.61296367226316,224.16411899194676,220.4724162674634,220.98196411132812,2849249
2026-05-04,220.36840834250378,221.76189553936905,217.58143394877325,217.95579528808594,2690777
2026-05-05,218.36137764085325,219.54687290958566,216.86390196982785,217.40464782714844,2531733
2026-05-06,221.3459388254592,226.7846863207084,221.3459388254592,225.5159912109375,4097476
2026-05-07,225.51598622441927,226.9718695468802,222.5522329326179,224.6944580078125,3406951
2026-05-08,225.12081358224702,225.30800181670884,221.25233238665217,221.62669372558594,3558176
2026-05-11,223.87294020555163,229.86284314804632,223.4465619273613,227.85580444335938,4246889
2026-05-12,227.88699193728073,228.59413742692615,225.0480308053091,227.26304626464844,3423637
2026-05-13,226.70150432549232,228.18858573862806,224.58006778493848,226.65989685058594,3198134
2026-05-14,226.27512238065518,227.68939816018317,224.37207228652272,226.41030883789062,3220637
2026-05-15,225.47969842960862,225.47969842960862,221.15078393888058,222.97018432617188,4256901
2026-05-18,223.879890785966,228.836180137989,222.74015265503854,227.1422576904297,5574828
2026-05-19,226.9122281563814,228.1669776829746,224.98826772596766,227.05860900878906,4868094
2026-05-20,226.84947923321403,228.2819942615009,224.5700029869348,227.30955505371094,3839745
2026-05-21,228.0310383488606,235.5909503181128,227.16317427440805,234.01205444335938,4512439
2026-05-22,235.83144177715508,239.4388731647679,232.70500428385225,238.32005310058594,4835294
2026-05-26,243.76777777142397,246.68509548408235,241.1432521860155,242.29344177246094,6280514
2026-05-27,244.46835888690794,245.9426948902255,242.0215836431654,242.11569213867188,4270059
2026-05-28,241.4360319213903,244.13376317670614,238.7278492375298,243.63185119628906,4232110
2026-05-29,243.63184048856093,250.88852411030675,242.41891194443173,248.71360778808594,5235382
2026-06-01,244.67747897481735,248.09669346233855,243.3181695357217,247.33338928222656,4782470
2026-06-02,246.67463959708843,249.91608845053437,242.66987136718862,245.96360778808594,4467910
2026-06-03,244.5729101143256,248.32672230694314,231.492073114326,233.44740295410156,5895872
2026-06-04,235.62232613107713,237.10711355325225,226.66126839038827,227.5709686279297,6447853
2026-06-05,228.85709341013774,228.9825561850213,222.71924513001204,223.73350524902344,4696846
2026-06-08,223.5453007178268,225.6574781365554,221.08807402595318,221.46449279785156,3583062
2026-06-09,222.58331130048464,226.0757162130094,221.82000712048762,225.54244995117188,4307341
2026-06-10,223.9949214043549,224.67456851080678,214.8979342617044,215.27435302734375,4433012
2026-06-11,217.40743898267056,229.5158365740082,216.62321677427963,229.11849975585938,6339535
2026-06-12,232.1299211335681,235.8105430086677,229.16033107748913,230.36280822753906,4443310
2026-06-15,237.35806735092956,241.90655328355254,235.31909561969422,237.78677368164062,7949520
2026-06-16,239.4493217946012,242.0111235117742,237.2744054739947,239.96168518066406,3973235
2026-06-17,240.95502813128294,245.4094207091303,238.28868169721386,239.04153442382812,5710321
2026-06-18,242.88945890047742,243.50636700547366,237.24305575644482,239.45977783203125,6344780
2026-06-22,240.2649173474936,241.95883980644402,237.56718616969445,238.5187225341797,3842605
2026-06-23,235.92554764870633,236.08239513566681,230.70785093238234,232.5167999267578,6104784
2026-06-24,234.03296228823046,239.2506591268376,233.91795093719153,237.7972412109375,3911066
2026-06-25,238.16320026132965,248.20124154199578,238.16320026132965,241.79153442382812,5579501
2026-06-26,240.00351028782893,244.3219582937692,236.61566536496528,242.80580139160156,17047627
2026-06-29,239.93007985896725,251.24613196735692,226.4804454674429,227.1185302734375,7773000
2026-06-30,230.65790372188192,231.85431078154005,218.67385827096732,223.2301788330078,6010600
2026-07-01,226.62998870238158,226.62998870238158,219.94007051140784,221.0866241455078,6204600
2026-07-02,221.61503739294244,229.44155982284752,219.5612024168571,229.17236328125,5659100
2026-07-06,228.46447740887555,231.16637696876774,222.1833364220113,230.4884033203125,7539100
2026-07-07,229.7306852701253,233.93806214703193,221.38572941013413,224.3767547607422,4462900
2026-07-08,222.33287675605735,222.39269482691157,218.04573752485942,219.70077514648438,4323100
2026-07-09,220.5582019693638,222.83137993012318,217.44754059424912,222.75161743164062,3026400
2026-07-10,223.37974016985288,228.09558574999377,221.44554139552793,225.74264526367188,2601700
2026-07-13,225.27405701939819,226.19130297101555,219.73069245219585,221.5851287841797,2585800
2026-07-14,222.63199532059,225.1045720768052,221.55522434292965,222.0138397216797,2123900
2026-07-15,221.83437588716876,225.23417828787436,219.88023266871758,222.17335510253906,2515100
2026-07-16,220.50835634747548,225.72270626442494,220.50835634747548,225.65292358398438,3149600
2026-07-17,225.28403791903355,229.78054058899167,223.85830791290815,224.3468475341797,3920200
2026-07-20,224.32689430134337,227.08861188197722,222.9211087792344,225.50335693359375,3114100
2026-07-21,227.21822002243445,232.1434442071821,224.83537043176142,229.17236328125,2405300
2026-07-22,231.76458601744565,237.39767755405396,230.62799701731186,232.29299926757812,3798800
2026-07-23,237.28801513747192,249.52131328680198,236.97894494681572,245.5332794189453,6306300
2026-07-24,246.15140914484988,247.0088369978484,238.40464943220047,242.42259216308594,3822500
2026-07-27,243.7685709552629,247.26806520880982,241.80446305198714,245.01483154296875,4053300
2026-07-28,249.0527168742804,251.2461324482639,245.3538087861208,246.31094360351562,2945300
2026-07-29,244.70575007681202,245.50335985882327,239.6010718129659,240.39866638183594,2775200
2026-07-30,241.15640077899354,241.69477863040672,236.64991847434644,241.18630981445312,2839500
2026-07-31,239.80047633603323,245.26407837511633,237.3079552143349,242.32290649414062,3888100
2026-08-03,244.7356700058008,248.8931934943114,241.475448053779,246.0317840576172,3279000
2026-08-04,248.87324944660844,249.51133425896845,244.26707518279545,248.0457305908203,3568900
2026-08-05,247.87623554739068,250.4086455254243,246.00187000952863,247.3777313232422,2230400
2026-08-06,248.21523189211842,249.25211399254505,239.2122315386173,240.0198211669922,5041000
2026-08-07,239.83037840040038,245.9918831318113,238.76357208901834,245.47344970703125,2837400
2026-08-10,245.02478271169858,245.5133223120147,241.15640040457112,242.2032470703125,2245100
2026-08-11,241.59509484739078,244.07763615087472,229.01283786652286,229.43157958984375,5436300
2026-08-12,230.30894295764796,234.96497041177759,227.87624000052955,234.63595581054688,3145900
2026-08-13,234.7954858009273,235.6429490536182,231.8044605041002,233.29000854492188,2477500
2026-08-14,232.38999938964844,234.8000030517578,232.38999938964844,233.9600067138672,2686400
2026-08-17,232.30999755859375,232.77000427246094,228.27999877929688,229.4499969482422,2599400
2026-08-18,229.2899932861328,229.75999450683594,227.42999267578125,227.7100067138672,2505800
2026-08-19,226.89999389648438,227.0,221.49000549316406,221.72999572753906,2306600
2026-08-20,221.08999633789062,222.17999267578125,218.0500030517578,218.32000732421875,2438300
2026-08-21,219.3800048828125,219.8300018310547,215.77999877929688,215.89999389648438,3470400
2026-08-24,216.00999450683594,216.99000549316406,213.10000610351562,214.77000427246094,2686700
2026-08-25,216.50999450683594,216.5399932861328,214.44000244140625,215.67999267578125,2265500
2026-08-26,216.52000427246094,221.27000427246094,216.41000366210938,220.6699981689453,3214100
2026-08-27,219.67999267578125,221.25,217.1999969482422,220.38999938964844,2246600
2026-08-28,221.4499969482422,221.4499969482422,215.08999633789062,217.42999267578125,2109000
2026-08-31,214.74000549316406,215.5399932861328,212.22000122070312,213.52999877929688,5081600
2026-09-01,213.1699981689453,214.0,208.80999755859375,209.97999572753906,2345400
2026-09-02,210.6300048828125,210.72999572753906,204.80999755859375,206.07000732421875,2911200
2026-09-03,208.36000061035156,209.2899932861328,204.91000366210938,207.6300048828125,2490100
2026-09-04,207.05999755859375,210.0,206.9199981689453,209.61000061035156,2698300
2026-09-08,209.0,209.7899932861328,207.0500030517578,208.24000549316406,2278300
2026-09-09,207.05999755859375,208.22999572753906,204.72000122070312,204.92999267578125,2126000
2026-09-10,202.52999877929688,204.2100067138672,201.0800018310547,202.17999267578125,2006000
2026-09-11,203.6199951171875,204.1999969482422,201.5399932861328,202.36000061035156,2746400
2026-09-14,199.3000030517578,201.5399932861328,196.97999572753906,201.3800048828125,3290700
2026-09-15,201.3800048828125,205.22000122070312,199.91000366210938,203.44000244140625,3686800
2026-09-16,204.85000610351562,210.58999633789062,204.32000732421875,207.66000366210938,5045800
2026-09-17,209.0399932861328,209.5800018310547,204.5,206.49000549316406,3381500
2026-09-18,206.49000549316406,207.47999572753906,204.25999450683594,206.4600067138672,7042200
2026-09-21,206.89999389648438,207.6300048828125,204.2899932861328,206.47999572753906,3436000
2026-09-22,207.9199981689453,212.27000427246094,206.49000549316406,211.85000610351562,4840000
2026-09-23,209.0,213.00999450683594,209.0,212.57000732421875,2480100
2026-09-24,212.1999969482422,212.97000122070312,209.17999267578125,211.7899932861328,2144100
2026-09-25,211.5399932861328,213.63999938964844,210.75,212.5500030517578,1827400
2026-09-28,211.14999389648438,212.80999755859375,209.72999572753906,211.52000427246094,2198700
2026-09-29,211.89999389648438,213.3699951171875,209.02000427246094,210.1300048828125,2026600
2026-09-30,210.80999755859375,211.9199981689453,209.5,210.94000244140625,1901000
2026-10-01,210.94000244140625,215.02999877929688,210.00999450683594,213.8000030517578,2413100
2026-10-02,216.0800018310547,216.1300048828125,212.5399932861328,213.99000549316406,1799200
2026-10-05,214.57000732421875,215.10000610351562,212.13999938964844,214.13999938964844,1744400
2026-10-06,213.74000549316406,215.3699951171875,210.74000549316406,212.8699951171875,3194700
2026-10-07,211.00999450683594,211.42999267578125,207.8699951171875,208.11000061035156,2041000
2026-10-08,206.49000549316406,207.57000732421875,204.22999572753906,206.60000610351562,2120300
2026-10-09,206.60000610351562,209.02999877929688,205.89999389648438,207.72999572753906,1563300
