Date,Open,High,Low,Close,Volume
2015-01-02,103.25636403373716,103.67774654332104,101.38163341262438,102.2760009765625,46133100
2015-01-05,101.67404627557669,102.08682734999272,100.43568993025484,100.9086685180664,51141900
2015-01-06,101.14946439933327,101.27845438350504,98.34596616501635,99.16293334960938,67446000
2015-01-07,99.80788019616293,100.40986170995934,99.3091037614612,100.38406372070312,32252100
2015-01-08,101.1838296039958,102.20718697727972,101.00323056532285,102.0867919921875,28361700
2015-01-09,102.17279616797258,102.1985941582543,100.8828441656053,101.10643768310547,26975200
2015-01-12,101.21826828445889,101.4848629242291,99.95412036976576,100.77108764648438,27316800
2015-01-13,101.55364628941443,102.67160762557727,99.60152127191067,100.84847259521484,49991400
2015-01-14,99.73910891126873,100.70226904008393,99.36932234437394,100.44428253173828,34224200
2015-01-15,100.81406984573805,100.94305982034864,98.4491574160108,98.7501449584961,46199400
2015-01-16,98.3889626377999,100.56468108375918,98.20836354626077,100.35828399658203,41895700
2015-01-20,100.48729170821281,100.6850872984898,99.03394978371463,99.9369125366211,36444400
2015-01-21,99.58432042453559,100.4614851037945,99.14573480438779,99.61871337890625,27333500
2015-01-22,100.23789932894638,101.68264628321907,98.98234644360804,101.64824676513672,37877000
2015-01-23,101.68260632032954,102.13838827397598,101.08923290946655,101.57941436767578,28173400
2015-01-26,101.37303145589682,102.56838652150293,100.67645943435188,102.5597915649414,23006800
2015-01-27,101.35584311110937,102.55119827259044,101.14945259947476,102.06961822509766,26919100
2015-01-28,102.49097335968911,102.72316180305936,100.03146467019714,100.34965515136719,38086100
2015-01-29,100.63344270885604,101.7514036247963,99.83367228401498,101.73420715332031,39299900
2015-01-30,101.02903175920159,101.44181267694202,99.41228790845408,99.49828338623047,49739800
2015-02-02,99.85947215826761,100.47864351793697,98.36312332955589,100.40985107421875,44819100
2015-02-03,100.90005810920104,102.33620325246517,100.84845556202313,102.20720672607422,43920000
2015-02-04,101.8373913412843,102.54256471666649,101.56220189140427,101.82879638671875,28597100
2015-02-05,102.13843201801082,103.411187987794,101.99223898178309,103.14459991455078,32337100
2015-02-06,103.28221330219992,103.90139165856374,102.63723694116074,103.03282165527344,31694900
2015-02-09,102.68018093354618,103.38535443399839,102.09540242870519,102.2157974243164,32367900
2015-02-10,102.79196135521707,103.05854930291727,101.56220700393503,102.8693618774414,28960800
2015-02-11,102.65440546802145,103.04138853010862,102.00942932385176,102.72319793701172,23794200
2015-02-12,103.33378712192312,103.98735826198444,103.05859098585057,103.89276123046875,27854600
2015-02-13,103.97874111697654,104.64951515293403,103.75514758464551,104.51191711425781,20446900
2015-02-17,104.6237301875805,104.96771220502882,104.27974160909578,104.8387222290039,16868500
2015-02-18,104.53772054122173,104.95910963579914,104.16793399434853,104.95050811767578,20450200
2015-02-19,104.70971491560344,105.24289092439764,104.52052088885618,104.9591064453125,16620500
2015-02-20,104.78713776514944,105.38051800143464,103.97017049113614,105.242919921875,30331600
2015-02-23,105.00210367199841,105.37189021734902,104.28832857452514,105.3460922241211,25778200
2015-02-24,105.32027708381409,105.81906007513388,105.07948710484175,105.48367309570312,20023600
2015-02-25,105.40629227500442,105.81047834143494,105.1139062633102,105.60408782958984,17059600
2015-02-26,105.50950873738371,106.03408990493593,105.19991963649922,105.9910888671875,24379000
2015-02-27,105.80187713498358,106.0856681902546,105.38909611007675,105.4148941040039,23821700
2015-03-02,105.38908307445384,106.44684006084975,105.37188003993951,106.18025207519531,29683500
2015-03-03,105.939472186045,105.939472186045,105.13970159175473,105.55248260498047,23068400
2015-03-04,105.09671908744772,105.4407076997935,104.5807394494476,105.22571563720703,22822500
2015-03-05,105.37188229410741,105.70726930292335,104.83870631139254,105.5352783203125,19725600
2015-03-06,104.89891015504891,105.50948670958735,103.95294001037657,104.20233154296875,37319900
2015-03-09,104.37433470404925,104.84731324075821,104.15934267071714,104.65811920166016,17556300
2015-03-10,103.720750602794,103.79814458065886,103.04997655048882,103.45416259765625,32440300
2015-03-11,103.60034129088191,104.17651824998924,103.09295678225446,104.09052276611328,20914500
2015-03-12,104.7613204492716,105.90507967083033,104.69252142217717,105.81908416748047,41063300
2015-03-13,105.72448778400985,105.93947982420116,104.23673997902998,105.4406967163086,26371000
2015-03-16,105.87065859463921,106.27484459520316,105.67286307228673,106.05985260009766,19906300
2015-03-17,105.75026318479662,106.44683514665743,105.5782656527702,106.34364318847656,23142600
2015-03-18,106.12005492913067,107.5992009725844,105.64706989394419,107.19501495361328,40292600
2015-03-19,106.94563852834565,107.4616181006839,106.9026374968857,107.40142059326172,34008200
2015-03-20,107.80560403821943,108.4935811585709,107.76260300780893,108.34738159179688,34165600
2015-03-23,108.3129898686804,108.631180457906,108.17539837133727,108.25279235839844,17132400
2015-03-24,108.15818309529408,108.62256664822512,108.06359264215675,108.22698211669922,30115600
2015-03-25,108.2813332544237,108.34171452070807,105.56416310949822,105.64179992675781,42514000
2015-03-26,105.31399843857187,106.02133116568073,104.8395761370781,105.51239776611328,26899200
2015-03-27,105.56417342471211,106.29738304832223,105.11562777149346,106.18524169921875,23066800
2015-03-30,106.7200514900142,107.81554216090754,106.70279593742782,107.62577056884766,20487000
2015-03-31,107.20309438193796,107.57400976456428,106.8753112967821,107.28073120117188,24507800
2015-04-01,107.15995667595895,107.32384490966797,106.01270613467648,107.32384490966797,31955200
2015-04-02,107.27207926501839,108.04841437718373,107.21169801079792,107.52223205566406,23586400
2015-04-06,106.88391896768658,108.2381899321075,106.85803564543419,107.99665832519531,22045600
2015-04-07,107.79828803558594,108.25546144129196,107.28073336084451,107.30661010742188,20214700
2015-04-08,107.28935360947216,108.39347857519859,107.28935360947216,108.22958374023438,19314400
2015-04-09,108.13469290998509,108.45385478923443,106.76316618781753,107.8414077758789,22325300
2015-04-10,108.20368835089297,108.50559464139052,108.01391680227637,108.35895538330078,14966300
2015-04-13,108.4193496919382,109.02316234561476,108.32446390620841,108.42797088623047,22819200
2015-04-14,108.46246561050009,108.75575071655722,107.63437693979294,108.40208435058594,22600800
2015-04-15,108.8247753532141,109.66148533739364,108.6177482200581,109.16118621826172,37282300
2015-04-16,109.09216415636753,109.33368920183132,108.82476236761316,109.10079193115234,24439900
2015-04-17,107.92768819288804,108.29860361680996,106.80631414445475,107.3324966430664,48283500
2015-04-20,107.86724932635887,108.64357770424864,107.67747782738606,108.38480377197266,24602300
2015-04-21,108.72986205754496,108.90237804380301,108.18642419681238,108.2726821899414,13844600
2015-04-22,108.27270490337422,108.58323900863292,107.36698591392337,108.43659973144531,21991300
2015-04-23,108.23819782005444,109.15254450770541,108.04842626275394,108.92826843261719,18025800
2015-04-24,108.97139885462306,109.08353359971045,108.41933974162342,108.56597900390625,14992500
2015-04-27,108.86789963548824,109.47171889430568,106.99607375338984,107.36698913574219,32924600
2015-04-28,107.42735569042482,108.14330961103619,106.31460969576784,107.96216583251953,35654900
2015-04-29,107.36697546997169,107.73789080511358,106.64239376782913,106.7890396118164,26437900
2015-04-30,106.15072571298626,106.47851536750676,104.08050712958955,104.529052734375,72393800
2015-05-01,104.82230129780349,105.37436688730381,104.29612560815767,105.2104721069336,47996200
2015-05-04,105.34849525405616,106.40085991220397,105.06384452639485,105.59002685546875,37675100
2015-05-05,105.53828226317715,105.77118612484148,103.7527145083622,104.24439239501953,56891600
2015-05-06,104.46863222753548,104.79641517786769,103.71817399525425,104.60664367675781,34348300
2015-05-07,104.49453038045895,105.4347603065624,104.00285256365395,105.00346374511719,29826100
2015-05-08,106.0385591350576,106.31458863541211,105.58138589207003,105.78840637207031,26357100
2015-05-11,105.75393013487985,106.66828344636693,105.61591863833685,105.84881591796875,28406700
2015-05-12,105.53829507465169,106.02997302099463,104.26166060182592,105.6590576171875,34961600
2015-05-13,105.89196150712442,106.28012588226596,105.23638871831214,105.6590576171875,27214700
2015-05-14,106.16797039724058,106.84079202608606,105.62453248081638,106.78041076660156,23293200
2015-05-15,106.58200827435522,106.720026338258,106.04720472939074,106.6596450805664,22055600
2015-05-18,106.44402911417527,107.96219537279268,106.2456297323352,107.8673095703125,30846000
2015-05-19,107.65163200733014,107.86728030335358,107.22895660875831,107.72063446044922,23256800
2015-05-20,107.97077508570857,108.2209278705859,107.25482124427306,107.91902160644531,20838500
2015-05-21,107.8068989537308,108.22956777088615,107.37560236204388,107.79827117919922,16229300
2015-05-22,107.61715404350852,108.03119518863765,106.9615812191445,107.3324966430664,22601400
2015-05-26,106.90981903327942,106.99607704974949,105.68493150757124,106.30599975585938,44037800
2015-05-27,106.40950873235002,107.71202644235399,105.91783082051687,107.60851287841797,32086300
2015-05-28,107.34973126917828,107.57400736510589,106.76316757441228,107.51362609863281,18631900
2015-05-29,107.48777521332539,107.59128880121088,106.37502882255401,106.86670684814453,33468900
2015-06-01,107.55672262220955,107.73786636138108,106.12481509200278,107.20305633544922,35649400
2015-06-02,106.78902609501972,108.0915369093888,106.5129965722523,107.41008758544922,29477600
2015-06-03,107.61714301955767,108.62637561112592,107.32385787249115,108.479736328125,30774800
2015-06-04,107.89315841578501,108.3589595308374,107.03056522073919,107.39285278320312,25820600
2015-06-05,107.15997209700781,108.27271169945429,106.37500900914863,108.16920471191406,36626500
2015-06-08,108.06568402197924,108.35896915650088,107.45324358882051,107.66889190673828,18798700
2015-06-09,107.57401516615366,107.70340548399749,106.53027800939266,107.34111785888672,23928300
2015-06-10,107.76377672034401,109.10079891179086,107.69476767977781,108.6781234741211,42563500
2015-06-11,108.83337719380621,109.15253903153237,108.60910771103343,108.95413970947266,17489400
2015-06-12,108.61774551541612,108.81614486781753,108.19507664594387,108.62637329101562,23578600
2015-06-15,107.91902351179125,108.51421485807882,106.90979116196169,108.28131103515625,30618300
2015-06-16,108.15192880670102,109.24742581314761,108.10017532267047,109.04902648925781,32800900
2015-06-17,109.32504958635863,109.51482112468769,108.66085578327014,108.8851318359375,32467000
2015-06-18,109.39405964706795,110.6189468839121,109.3250506177403,110.34291076660156,39642100
2015-06-19,110.25667132181574,110.54995645527356,110.06689974976618,110.29117584228516,23310900
2015-06-22,110.7742491179102,111.1365367869585,110.54134520133219,111.05028533935547,25230000
2015-06-23,110.99845431974272,111.35212058761577,110.75692934707914,111.28311157226562,23378500
2015-06-24,111.06748583135197,111.36077749652607,110.17902254827749,110.34291076660156,26436800
2015-06-25,110.71387318591859,110.77424788235416,109.76501513794823,110.2825698852539,24100900
2015-06-26,110.49819779845649,110.70521174946471,109.39407293825484,109.98063659667969,38219900
2015-06-29,109.23014855691608,109.60969158054915,107.05641710579545,107.20305633544922,49224900
2015-06-30,107.97939865438492,108.10016115533847,107.2116913635819,107.703369140625,39631300
2015-07-01,108.48833171593282,108.82474908082752,107.01329829888742,108.02253723144531,28627700
2015-07-02,108.11695506091132,108.24689423685678,106.86955615518562,107.22471618652344,31486400
2015-07-06,106.49706556493746,107.85708148421739,106.39311290415229,107.1900634765625,27852200
2015-07-07,107.31135559082031,107.40664389300275,105.27566357043374,107.31135559082031,39347100
2015-07-08,106.37580227126017,106.8522371478518,105.05909486148408,105.67413330078125,40724500
2015-07-09,106.85223322210547,107.00815891992967,105.9166790351602,106.05528259277344,29770400
2015-07-10,107.27669433543437,107.70982053661228,106.86089688333313,107.52790832519531,28735800
2015-07-13,108.08232311960629,108.83596518501425,108.06500097730157,108.74067687988281,21349900
2015-07-14,108.68001266821288,109.58091585248887,108.6280396451329,109.34703063964844,21009500
2015-07-15,109.41635965247643,109.56362761173301,108.51545618947496,108.76667022705078,22238300
2015-07-16,109.24312631364452,109.78886312435975,109.12185146681891,109.41637420654297,33568400
2015-07-17,109.41636876311544,109.47700618351155,108.59343139931347,108.93993377685547,24739900
2015-07-20,108.9572423535487,109.02654414222376,108.07366767937971,108.35086822509766,23271100
2015-07-21,108.34220313656488,108.97457038834594,107.51060150488152,107.83977508544922,28118700
2015-07-22,107.48461526279372,108.359525557626,107.31136079180048,108.23825073242188,20654200
2015-07-23,108.27290078558063,108.61940311589326,106.80893851870766,107.0428237915039,39712100
2015-07-24,106.96487387530168,107.16410827212106,105.2410264441338,105.3189926147461,39533000
2015-07-27,104.92916821819216,105.09375831633666,104.18419050204035,104.4440689086914,35627200
2015-07-28,104.74725932753319,105.51822358721338,103.37857867882668,105.33631134033203,53474800
2015-07-29,105.12842361536366,105.9686897551514,104.79058560581772,105.63085174560547,32411300
2015-07-30,105.3622683984517,106.06393727905805,104.82519618421219,105.93399810791016,29383900
2015-07-31,106.07263647419153,107.1294657858036,105.87340206173025,106.5144271850586,31812700
2015-08-03,106.5750290545084,106.6876460934456,105.21501308481291,105.98597717285156,34033200
2015-08-04,106.02063662262076,106.51440025381066,105.34496077035895,105.73477172851562,21728900
2015-08-05,106.19388091489424,107.00816030395032,105.60483561436351,105.9773178100586,25673500
2015-08-06,106.08994010509346,106.25453018778877,103.75971886685686,104.54801177978516,42225300
2015-08-07,104.07157148744064,104.3314498727085,103.14468160649203,103.84634399414062,42261400
2015-08-10,104.23616348610769,105.26699945290696,104.21883473531462,105.04177856445312,28798900
2015-08-11,104.3661119167809,104.89451990105366,103.6471207018292,104.14088439941406,33383800
2015-08-12,103.57783347778467,104.24484513854858,102.19183050094935,103.94165802001953,46500100
2015-08-13,104.03691387383495,104.46137570729898,103.42187545135154,103.59512329101562,35698300
2015-08-14,103.50852670386911,104.37477934889702,103.10138690326869,104.26216888427734,21091500
2015-08-17,103.97629427647567,105.40561232993056,103.60380540932054,105.36229705810547,22328200
2015-08-18,105.21503943164838,105.21503943164838,104.40075987719507,104.52204132080078,26360400
2015-08-19,103.86369381957383,104.38344408659009,102.85883757555696,103.4392318725586,45178900
2015-08-20,102.51231747464344,102.74620935021014,100.82312774658203,100.82312774658203,51879800
2015-08-21,99.73165109158047,101.05702300993136,99.07330392928148,99.64502716064453,79168300
2015-08-24,94.863315162497,99.549737851457,93.78049951424592,95.75555419921875,83809200
2015-08-25,98.79610286082442,98.8394115215715,94.90662427530441,95.01924133300781,59240200
2015-08-26,96.8730079188648,97.61798551497247,94.78533645305622,97.43607330322266,51605300
2015-08-27,98.14639502078158,99.72297405144867,97.33211568759735,99.17723083496094,49533700
2015-08-28,99.06463271134099,100.22540784547176,98.93469351942052,100.15611267089844,41601400
2015-08-31,99.70568104742708,100.46798762717573,99.41115831178485,99.79230499267578,29250900
2015-09-01,97.98182721505852,98.8567441478228,96.67378400395307,96.93366241455078,45129200
2015-09-02,98.24168612452958,98.72678534510433,97.08956886668331,98.67481231689453,26865800
2015-09-03,98.82208505815598,99.73164620186216,98.36297229862113,98.5188980102539,33334500
2015-09-04,97.47938887694012,98.49290267533279,97.26282576058364,97.77391815185547,31154600
2015-09-08,99.23786317717571,100.11277986659542,98.84805227868155,100.00882720947266,29916300
2015-09-09,100.63254107865178,100.84910418157165,98.7614393060944,98.85672760009766,40963000
2015-09-10,98.53623328524365,99.86159870628045,98.51891114118992,99.30719757080078,29877900
2015-09-11,98.89137361173901,99.79227025954452,98.45824742726359,99.77494812011719,27949400
2015-09-14,100.06948474078035,100.08681349161095,99.1252726989546,99.31584930419922,22365800
2015-09-15,99.49775722750316,100.64987457553742,99.38514678790632,100.43331146240234,26745300
2015-09-16,100.44195832410239,101.36884808333464,100.30336138341303,101.29955291748047,27127800
2015-09-17,101.28224789804403,102.98876650152874,101.07434913381225,101.64607238769531,50405400
2015-09-18,100.2773724441965,101.21291994591475,99.96552107396347,100.24272155761719,42736100
2015-09-21,100.95306049198257,101.6114141991232,99.68833271838453,100.06082153320312,33021700
2015-09-22,99.14259344361975,99.3851496889559,97.92984526184856,98.54488372802734,35786900
2015-09-23,98.77010876830427,99.11661109580587,97.9471715233474,98.25035858154297,25506800
2015-09-24,97.70463165282236,98.25036841217917,96.90768084611571,98.08578491210938,39810300
2015-09-25,98.87980379460745,98.95799369664361,96.3691503647958,96.79483032226562,43750300
2015-09-28,96.47340412751988,96.56027664387203,93.71949830072505,94.0843734741211,56765300
2015-09-29,94.04092079690811,94.78803626372903,92.94630868515583,93.4154281616211,49980700
2015-09-30,94.24073256589932,95.06603128978612,93.74555200597781,94.86621856689453,50834500
2015-10-01,95.01391056485437,95.28321731778367,93.32855613645162,94.70116424560547,44985900
2015-10-02,93.80636175439153,96.10851287841797,93.05924630842358,96.10851287841797,58019200
2015-10-05,97.00333011212768,98.55836597043435,96.8990791210899,98.40199279785156,45220500
2015-10-06,98.34984248701839,98.74946122977893,97.10754670124167,97.72434997558594,34140000
2015-10-07,98.25432266762243,99.47055788879571,97.8460145136333,99.45318603515625,36371000
2015-10-08,99.36629047396572,100.55646440416253,98.99273271689282,100.34796905517578,43072200
2015-10-09,100.53040341776605,100.89527193585626,100.25240740951432,100.54777526855469,26497200
2015-10-12,100.59124715600998,100.76499223150881,99.96575427949456,100.4001235961914,22984000
2015-10-13,100.00047040162303,101.03427114255538,98.97535889987725,99.02748107910156,37445300
2015-10-14,99.07092671938953,99.68773018049023,97.91550307081665,98.05450439453125,39987400
2015-10-15,98.33252803477633,100.4001235961914,97.87209761954963,100.4001235961914,42503400
2015-10-16,100.59990784891083,100.59990784891083,99.40973387285915,100.26978302001953,33685600
2015-10-19,99.81803484847893,100.95607993306217,99.6008502672716,100.46089935302734,24949500
2015-10-20,100.4087642804056,101.03425685443116,99.93095561192871,100.32189178466797,20531400
2015-10-21,100.70416018358414,100.75628899792565,98.73212680564713,98.79293823242188,34060300
2015-10-22,99.39234487879509,100.26976572606294,98.80160261250408,99.66165161132812,36882600
2015-10-23,100.46961127023732,100.81710800419597,99.67037342169668,100.64335632324219,40172500
2015-10-26,100.42614308361456,100.66070612909263,99.84409003111972,99.95702362060547,19783300
2015-10-27,99.54871653850483,99.79196882490506,98.25429835433805,98.86241912841797,38189200
2015-10-28,99.15779230135152,101.76400728728775,98.96666880857794,101.74663543701172,65529900
2015-10-29,101.41651130486349,101.73794687466157,100.39139980512496,100.66071319580078,27252000
2015-10-30,100.39140273546352,100.79971082503268,99.97441203441886,100.20027923583984,28018700
2015-11-02,100.29583625726941,102.57193303865428,100.26977516817621,102.28524780273438,33836900
2015-11-03,102.1549425248217,103.40592790809157,101.9811975006777,102.815185546875,28626300
2015-11-04,103.07580786364973,103.37986496442615,102.24181983239968,102.7630615234375,25696000
2015-11-05,102.7196170946425,103.03236342005901,101.72056670111462,102.84123992919922,27141300
2015-11-06,102.51982641558992,103.69262199836123,101.89433367065897,103.57099914550781,35141300
2015-11-09,103.44066680829441,103.63179029050232,101.87693525199975,102.35474395751953,32983100
2015-11-10,101.92037202506539,102.65879821777344,101.60762572237424,102.65879821777344,21892200
2015-11-11,102.78041441378012,102.8064754993322,101.71187013846615,101.76399230957031,22037600
2015-11-12,101.06032733663336,101.19932201714757,99.67034739175531,99.81803131103516,39916100
2015-11-13,99.41842044385025,100.20027966867328,98.74080558076484,99.09698486328125,43883000
2015-11-16,99.00143587298085,99.98310796423789,98.4801941132687,99.9483642578125,28979100
2015-11-17,100.03523590101233,100.90397436888401,99.42711499673305,99.56611633300781,34441000
2015-11-18,99.84409117974316,101.33832208771453,99.4879053021222,101.25144958496094,35554300
2015-11-19,101.15589232129268,101.33832657353496,100.54777151920437,100.82576751708984,25512500
2015-11-20,101.19063160297733,101.95511885671975,101.10375247791508,101.47731018066406,31697700
2015-11-23,101.39046637459248,102.41557803771005,101.36440528087782,101.98120880126953,22716400
2015-11-24,101.53812816775114,102.8759859194093,101.26013218220835,102.72830200195312,24994500
2015-11-25,102.77175917893084,103.6578694634646,102.60669675587182,103.52755737304688,20772600
2015-11-27,103.61441620596818,104.16172558784803,103.27560879239847,103.9184799194336,14129300
2015-11-30,104.2659735286678,104.30941309721268,103.42330289924647,103.46673583984375,30165400
2015-12-01,103.90976951784448,104.17039361117892,103.29296623342874,104.15301513671875,27899900
2015-12-02,104.01405014160656,104.28335692102108,102.90205943716884,103.0323715209961,22238300
2015-12-03,103.31908445247785,103.77082561906428,100.89530290472557,101.294921875,39485400
2015-12-04,101.29486553894856,102.45028885289604,101.06899176730224,102.31997680664062,32669900
2015-12-07,102.19836669913137,102.22442778603221,100.34795662175672,100.7823257446289,29621400
2015-12-08,99.87015535891311,100.78233323592693,99.43578620375364,100.2263412475586,30946000
2015-12-09,99.93094277145623,100.92130367709292,98.68864702098973,99.10564422607422,41980400
2015-12-10,98.94059523709667,99.97439583870624,98.7320999203503,99.43577575683594,31278800
2015-12-11,98.4019750097954,98.46278641992097,96.89037236671163,97.22049713134766,52609300
2015-12-14,97.18574797517765,97.62879969943978,95.80445074580193,96.52550506591797,53400400
2015-12-15,97.06412940747575,98.1326737633467,96.95118919097361,97.91548919677734,48273900
2015-12-16,98.59311283931659,99.6008525001249,98.01974897860822,99.40972900390625,44560600
2015-12-17,99.82674344861334,99.8528045429411,98.1413886506324,98.34988403320312,41318000
2015-12-18,97.87204273518351,98.07184879716559,96.81218113631698,96.84693145751953,49876600
2015-12-21,97.4463709772449,97.84598978946241,96.864317922142,97.5766830444336,26479300
2015-12-22,97.85467794849728,98.61916523805147,97.1162517465039,98.47148132324219,28108700
2015-12-23,98.9666677790613,99.87015642680753,98.80161200533995,99.71378326416016,29609700
2015-12-24,99.84990380224508,100.47811116934571,99.59687546512323,99.90225219726562,13370500
2015-12-28,99.44854628696916,99.52706887611444,98.55858366971006,99.4398193359375,22125500
2015-12-29,99.88482255536047,100.59155263954956,99.5270907084356,100.51302337646484,22841500
2015-12-30,100.38215907517404,100.6439077706169,99.46602199933622,99.50092315673828,21273200
2015-12-31,99.08207063985815,99.43980234719427,98.16594063944628,98.26191711425781,39517700
2016-01-04,96.50820705686567,96.70016007416268,95.17326954511852,95.98470306396484,66665900
2016-01-05,96.33369639515877,96.48202128830005,95.5833383211676,96.194091796875,28253300
2016-01-06,94.8416875830528,95.62694669931867,94.23093419079754,94.72826385498047,35569200
2016-01-07,93.11411948696832,93.79467513449814,92.04093097275504,92.19798278808594,52482000
2016-01-08,92.37251028459397,92.91346148751298,90.44426660967838,90.61003875732422,60299300
2016-01-11,90.92409874708342,91.42142826434015,89.2663314706574,90.21736907958984,47144800
2016-01-12,90.93285819500487,91.60468696812408,88.94353941497974,90.48787689208984,53702900
2016-01-13,90.66238952974376,91.10736420982502,86.9455003038674,87.58242797851562,70591600
2016-01-14,88.00122473666266,89.61536444019647,86.54413685954749,88.79520416259766,69373400
2016-01-15,86.44819589326022,87.50393101590907,85.07835698871568,87.35560607910156,85759200
2016-01-19,88.18446924670229,88.29789300084107,85.27901317715862,86.17769622802734,51391100
2016-01-20,85.00854036955234,87.5388174506594,82.94069192936233,86.53543090820312,94385800
2016-01-21,86.66629727625113,88.04486272337665,85.83740995498339,86.3347396850586,65798200
2016-01-22,87.81799026454358,88.65559770593556,87.36428207334446,88.44619750976562,46056700
2016-01-25,87.89653805339285,88.19319451837707,86.24749689004308,86.48307800292969,35019600
2016-01-26,86.83208193708104,88.47240291309527,86.53543210924884,88.21064758300781,33349600
2016-01-27,87.76565383062658,88.63816259915077,86.43071647985875,86.99784851074219,47973900
2016-01-28,87.73075814874724,88.07975632605593,86.57031990472663,86.98040008544922,41951100
2016-01-29,87.28578708105643,89.85096525748466,87.21598477470268,89.83351135253906,42245300
2016-02-01,89.11801660944522,89.94689701201305,88.34148458611408,89.42339324951172,33615700
2016-02-02,88.411315092084,88.53346578711255,87.05019688693018,87.49517822265625,39692700
2016-02-03,88.17572977805891,88.18445672920444,85.62800589405558,87.60860443115234,55262500
2016-02-04,87.25086583785811,88.96970895993796,87.2246916431808,87.9488754272461,51188400
2016-02-05,87.55626486915563,87.63479412993011,85.47096917628978,85.540771484375,53366600
2016-02-08,84.64208118046717,84.64208118046717,82.83598821732292,84.13602447509766,61107700
2016-02-09,83.00176894780593,84.74678674123014,82.90579243663042,83.56890106201172,55857200
2016-02-10,84.15346949595623,85.43605847262403,83.48164066169457,83.61251831054688,42756100
2016-02-11,82.08561305868552,83.23732417771271,81.70170713343894,82.70509338378906,57923200
2016-02-12,83.46417006751895,84.45010232054545,83.05408998896,84.27559661865234,40097300
2016-02-16,85.3226350001138,86.46561937987147,84.8253052582553,86.27366638183594,38882100
2016-02-17,86.87568724488443,88.2018974827175,86.8407860995845,87.62604522705078,40940400
2016-02-18,87.69583127183363,87.80925498051182,86.8494969610557,87.20722198486328,35043600
2016-02-19,86.86696146491687,87.73947013903363,86.47433522424949,87.64349365234375,32424800
2016-02-22,88.42004756575223,89.00463358015283,88.33279800824475,88.6207275390625,28867400
2016-02-23,88.33277664124118,88.5509038106039,87.73075018036492,87.80927276611328,29857100
2016-02-24,86.91931120976747,88.83882751304685,86.35217927484459,88.65560150146484,36909600
2016-02-25,88.8126519307929,89.5193817725175,88.46364715655038,89.46703338623047,22612600
2016-02-26,89.92074167036823,90.27847342136582,89.60663801568695,90.03417205810547,27474700
2016-02-29,89.98181827798672,90.76707742574513,89.62409317866583,89.63282012939453,32014400
2016-03-01,90.4093619824085,91.56107330322266,89.9294794917719,91.56107330322266,36422700
2016-03-02,91.43019772815057,92.56445517136007,91.25569197454722,92.50337982177734,24937100
2016-03-03,92.52955837382476,93.4893166962515,92.41612797262798,93.47186279296875,28216300
2016-03-04,93.41951651089165,94.51015250576837,93.07051166118833,93.98664855957031,38180900
2016-03-07,93.54166184728898,95.09472634988622,93.54166184728898,95.00747680664062,38739900
2016-03-08,94.48396000215197,94.48396000215197,92.60806512304703,92.7127685546875,46193900
2016-03-09,93.026862382029,93.3671401780832,92.54698002517725,93.18391418457031,25627200
2016-03-10,93.44569179875226,93.78596970058244,91.44764583404633,92.42485809326172,47051200
2016-03-11,93.17519238475356,94.51885640148542,93.06176866537098,94.40542602539062,33625000
2016-03-14,94.11751137360972,94.52758485139975,93.70743123910691,94.1611328125,24422700
2016-03-15,93.54167770967632,93.60275306597647,92.51211694867769,92.69534301757812,34258400
2016-03-16,92.25035233369498,93.64636499126352,92.25035233369498,93.3497085571289,37952200
2016-03-17,93.34969552453296,95.19068924792471,92.77384329599306,94.78060913085938,41724500
2016-03-18,94.90277793835378,95.93233857442488,94.84170258946455,95.63568878173828,36512600
2016-03-21,95.48735034723148,95.92360467936363,95.17324669555931,95.40882110595703,29903700
2016-03-22,94.91149656368047,95.70548268629909,94.64102099328711,95.29540252685547,23602100
2016-03-23,94.98648477451435,95.03023721034491,93.4637624675258,93.53376770019531,39243300
2016-03-24,92.97364397487378,93.83127278731558,92.53607975309126,93.81376647949219,30924300
2016-03-28,94.0150780644286,94.32137177915867,93.24496719929265,93.92756652832031,21096400
2016-03-29,93.67380042373928,96.5617218545104,93.43751187632023,96.53546905517578,46761100
2016-03-30,97.04300483251228,97.24428733770891,96.30790005186583,96.54418182373047,35683500
2016-03-31,96.68424199027845,97.2880763797566,96.56171780401684,96.81550598144531,28555900
2016-04-01,95.92286972400949,97.33182764703083,95.80910538193619,97.24431610107422,29981400
2016-04-04,97.06055964031852,97.41935905490377,96.35170061713048,96.43046569824219,21529400
2016-04-05,95.71284589934092,96.14165717161131,95.2490219947344,95.33654022216797,32515800
2016-04-06,95.32777556273224,96.50044488978126,95.03022831410475,96.41293334960938,28157800
2016-04-07,95.71284986451248,96.15916079473726,94.62768522505112,95.1090087890625,33298400
2016-04-08,95.92288552347924,96.3254440425475,95.06525620775703,95.48532104492188,26151700
2016-04-11,96.03664312574313,96.7455020712791,95.17026738864763,95.1877670288086,25842100
2016-04-12,95.20527793753205,96.42170662684914,94.89023098581069,96.21167755126953,25058700
2016-04-13,96.7717140662754,98.39070050501874,96.7104553364862,98.28568267822266,40534700
2016-04-14,98.24195781038577,98.62700992989302,97.90940460394896,98.16319274902344,25538600
2016-04-15,97.92694716344957,98.56578766448146,97.89194119841007,98.40826416015625,21176100
2016-04-18,97.99691473400465,99.23084272874502,97.9006500428977,99.15208435058594,19428300
2016-04-19,99.33587571270415,99.87845131612548,98.7932934325797,99.2308578491211,23228100
2016-04-20,99.23085312095924,99.94845846282647,98.8633006309864,99.37962341308594,21422500
2016-04-21,99.30087841287322,99.69468375140184,98.59202613284022,98.88081359863281,20535700
2016-04-22,98.87208374260545,99.93098909978178,98.87208374260545,99.86097717285156,29094500
2016-04-25,99.58964870045313,99.68591339156008,98.72326648049057,99.15208435058594,16369600
2016-04-26,99.47591199971866,100.22852347515729,99.03834749896153,100.1235122680664,30564100
2016-04-27,100.18474620572711,100.6835693459157,99.67716990821513,100.4735336303711,24360300
2016-04-28,100.00094878989567,100.63979564784381,99.0558149137571,99.32710266113281,26126500
2016-04-29,98.89829590082535,99.29210114372832,97.76937908068082,98.43447875976562,33284500
2016-05-02,98.74079622251608,99.33588414660517,98.17196109737591,99.30963134765625,21881000
2016-05-03,98.49573947831182,98.50448595823039,97.07802855734352,97.68186950683594,37929600
2016-05-04,97.1305811589442,98.00571029696043,96.58800536646564,96.87679290771484,30767200
2016-05-05,97.27057866516202,97.42810213438372,96.3516906485848,96.49171447753906,26249200
2016-05-06,96.08915328817324,97.07804651477643,95.86161791085885,97.060546875,25497400
2016-05-09,97.06929692886926,97.91817303839086,96.81550874419862,97.34059143066406,23427000
2016-05-10,97.716897706418,98.36449123306475,97.20056817546038,98.32073211669922,18635300
2016-05-11,98.10194015168587,98.2507104498373,97.02553543364546,97.10429382324219,23604600
2016-05-12,97.30557225940255,97.56810689028039,95.82660246832371,96.58796691894531,34803000
2016-05-13,96.3167103487038,97.08682825969296,95.70412262560372,95.94915771484375,24510300
2016-05-16,96.19416427655817,97.59436914032908,96.150411838858,97.16555786132812,27337000
2016-05-17,97.034286069619,97.50685645754369,95.18776363181642,95.62532806396484,46676300
2016-05-18,95.22274878399772,96.84174217060328,95.20524914828447,96.12413024902344,35734400
2016-05-19,95.42404633110102,96.06288662403314,94.5051584090773,95.35403442382812,36995600
2016-05-20,95.64282742884465,96.95552062988281,95.59032183734806,96.95552062988281,37404500
2016-05-23,96.93800148200486,97.48058367021854,96.70171967484688,96.84174346923828,23721700
2016-05-24,97.4105871372318,99.08208639373296,97.37558118311259,98.83705139160156,41124300
2016-05-25,99.15210766834463,99.6771836763278,98.95957824085328,99.41464233398438,26202900
2016-05-26,99.56340745468663,99.78218966966517,99.10834338528072,99.30087280273438,15157200
2016-05-27,99.37963716351842,100.2897720336914,99.33588472391719,100.2897720336914,21265100
2016-05-31,100.48230806131158,101.11240198794023,100.20226705799932,100.63983154296875,32764400
2016-06-01,100.29855681189335,101.4712267194748,100.13228012955938,101.32245635986328,26806100
2016-06-02,101.0686128091465,102.10126495361328,100.96360163707672,102.10126495361328,23303300
2016-06-03,101.92624233528998,101.92624233528998,100.63980205810103,101.48867797851562,28733200
2016-06-06,101.58496466864182,102.89765802321925,101.52370591249634,102.58261108398438,26946000
2016-06-07,102.64385275577267,103.24769373491833,102.35505866342453,102.88013458251953,21038500
2016-06-08,102.96767889235417,103.82530155297302,102.95892573308542,103.64152526855469,27999900
2016-06-09,103.2126602054509,103.2126602054509,102.64382532979542,102.97637176513672,23440700
2016-06-10,102.02251996254968,102.28505460387767,101.24365584288145,101.57620239257812,32686800
2016-06-13,101.20864528137167,101.6724624689695,100.28100422947327,100.4735336303711,36169500
2016-06-14,100.1059959731899,100.73608985976196,99.47590208661784,100.18476104736328,34267600
2016-06-15,100.5435319162315,101.12986652012252,100.16722632273242,100.2547378540039,24197700
2016-06-16,99.51965129767382,100.2810091042495,98.7932927686875,100.24600982666016,36306600
2016-06-17,100.12349250908304,100.56980340455041,99.48464552630165,99.81719207763672,30096400
2016-06-20,101.33993109597849,101.90875954974884,100.9023666381836,100.9023666381836,28219800
2016-06-21,100.93734464186784,100.99861006268009,100.05346943066843,100.7098159790039,34706800
2016-06-22,100.90235087764022,101.40992049510709,100.19349202657484,100.31600952148438,27226100
2016-06-23,101.3573924719192,102.31128610168243,101.27863410406692,102.2325210571289,30240300
2016-06-24,97.9619250821024,99.79969432194194,97.57686625361485,98.34697723388672,74945400
2016-06-27,97.20056402663624,97.20056402663624,94.68019526642605,95.11775970458984,58358800
2016-06-28,95.95787312211402,97.03427779444847,95.88786121653214,96.58796691894531,42040600
2016-06-29,97.7518859999042,98.93331524194065,97.60311570370953,98.78453826904297,34031600
2016-06-30,98.99456681118127,100.65730609830565,98.51324332699106,100.62230682373047,42973800
2016-07-01,100.68355382425389,101.47116426766621,100.46477166181674,100.98109436035156,24401900
2016-07-05,100.65730914521437,100.86734485923837,98.95081069816133,99.49339294433594,29347200
2016-07-06,99.0278789684136,100.3213844045516,98.82549097829936,100.21578979492188,24678300
2016-07-07,100.50620724748522,101.18375444903326,99.79346182966059,100.42700958251953,20780600
2016-07-08,101.412515476487,103.03159276145891,101.32452331332492,102.76761627197266,37964800
2016-07-11,103.44517949317844,104.2107255305104,103.3659885479576,103.9555435180664,26987300
2016-07-12,104.71230880311803,105.96181541460092,104.56272140175193,105.34586334228516,44153000
2016-07-13,105.88261320190094,105.9354071700965,104.66829822641608,104.93228149414062,28050200
2016-07-14,105.85619698084744,105.9089909394489,104.97626186617164,105.03785705566406,19345400
2016-07-15,105.49544455812163,105.62743619827137,104.9586834779867,105.32825469970703,23857300
2016-07-18,105.17864825961192,105.90019481993735,105.00266391353156,105.50422668457031,17422400
2016-07-19,105.38105728910035,105.56584290330149,104.6507093519908,104.97628784179688,19734100
2016-07-20,105.19624836633528,105.97939010158736,104.65948739542692,105.66261291503906,22390500
2016-07-21,105.60100112995534,106.12015955704655,104.93224865084332,105.1610336303711,19018700
2016-07-22,105.2226671733462,106.16419769718026,105.02027909586842,105.9442138671875,17796100
2016-07-25,105.7242248065086,105.9970025939244,105.38105058576828,105.78582000732422,13694600
2016-07-26,105.76820661369527,106.44576046603143,105.52182583589037,106.29617309570312,19551100
2016-07-27,106.47215415836014,106.8857247569165,105.90019496276882,106.59534454345703,21064700
2016-07-28,106.36656353233286,106.68334073834455,106.0585875579806,106.32257080078125,16540100
2016-07-29,106.21696763143821,107.14090219367297,105.63621394263491,106.53374481201172,30267900
2016-08-01,106.64816975445848,107.0881374625435,105.97942367179886,106.62177276611328,34771700
2016-08-02,106.61292698217707,106.65691970380759,104.80025633137068,105.13463592529297,28691000
2016-08-03,105.03787992743642,106.03220440671812,104.80029363525165,105.98820495605469,17830300
2016-08-04,105.98820566306631,106.63936262768603,105.82102251885198,106.08499908447266,17526700
2016-08-05,106.77133750982564,107.86246202787801,106.445765771516,107.61608123779297,28643400
2016-08-08,107.66007924467887,108.10004688091652,107.3785002260217,107.56328582763672,14625700
2016-08-09,107.58968969505659,107.90646695048439,107.47530051913081,107.67768859863281,12487700
2016-08-10,107.6864620649281,107.88004887355031,106.60414558162746,106.9033203125,19138100
2016-08-11,107.37849807326435,107.70407653436732,106.97372866164545,107.4136962890625,21144600
2016-08-12,107.20250228492382,107.7568590195867,107.02651122468541,107.51927947998047,12251200
2016-08-15,107.75685843855973,108.83918163472944,107.73046145800943,108.58399963378906,22048000
2016-08-16,108.30244259980721,108.33764081879802,107.58089589392999,107.70408630371094,20244300
2016-08-17,107.7392510630251,107.79204501842864,106.76252260782918,107.38727569580078,20632600
2016-08-18,107.42248496853014,108.20562671674881,107.38728675684507,108.17922973632812,16244600
2016-08-19,108.02963565832346,108.29361888927528,107.59846931358308,108.17922973632812,17379500
2016-08-22,107.95045519888713,108.53120896465005,107.64247920845429,108.42562103271484,16929700
2016-08-23,108.76880238396377,109.51674604225873,108.76880238396377,109.182373046875,21539400
2016-08-24,109.05917860265487,109.33195638580075,108.02964924317618,108.29363250732422,21533400
2016-08-25,107.897648213674,108.83917853560267,107.88884698261703,108.50479888916016,17023200
2016-08-26,108.62800239161429,109.47274612744161,107.61608223911706,108.28482818603516,26734400
2016-08-29,108.46961950271171,109.26156260097117,108.44322251833196,108.84799194335938,14013900
2016-08-30,108.96238470888412,109.26155947445825,108.56640981439845,109.05037689208984,14031300
2016-08-31,108.91838572036495,109.01517913631182,107.83606910695659,108.4344253540039,29236300
2016-09-01,108.5312142209553,108.78639625777934,107.36969991980276,108.51361846923828,22964700
2016-09-02,109.12076239513134,109.57832572999831,108.78638273371645,109.56072998046875,23083300
2016-09-06,109.9215104597686,109.96550990787443,109.08557465274333,109.66632843017578,13711000
2016-09-07,109.59591643018229,110.37905811096,109.53432124338084,110.3526611328125,17830500
2016-09-08,110.26468297462115,110.35268186947805,109.78951713856098,110.13269805908203,16265500
2016-09-09,109.27035678557945,109.29675376825658,106.65694808657568,106.69214630126953,54239000
2016-09-12,106.19937564430673,108.20562671674881,106.10258224051589,108.17922973632812,33408100
2016-09-13,107.40490058231983,107.492899483029,105.48664135955985,106.10260009765625,47536200
2016-09-14,106.26974266717005,106.88570117010146,105.8473776438632,106.12015533447266,30545500
2016-09-15,106.19056347526113,107.51926729768137,106.04097612603661,107.38727569580078,29499800
2016-09-16,107.38730861104015,107.38730861104015,106.56016725154201,107.22891998291016,31940500
2016-09-19,107.63368201802207,108.71600535461126,107.34330176755017,107.94165802001953,22807000
2016-09-20,108.40802070188323,108.43442439875973,107.48409271240234,107.48409271240234,16877900
2016-09-21,107.86246257982496,109.08557201784384,107.44009071367996,109.04157257080078,30784700
2016-09-22,109.7543100676722,110.6958403740732,109.69271487803371,110.60784149169922,36287700
2016-09-23,110.48465073718597,110.76622970505878,109.82469940185547,109.82469940185547,26118000
2016-09-26,109.2370723119386,109.56354389816609,108.61941117477352,108.73412322998047,20028000
2016-09-27,108.68116277555613,109.30764265878409,108.3635100556198,109.17529296875,16939500
2016-09-28,109.36941116069924,110.084133166577,108.59293045235728,110.01354217529297,19426400
2016-09-29,109.96059902276852,109.9782434041003,108.266448942047,108.40763092041016,26657700
2016-09-30,108.90174510600437,110.10176489218017,108.4076216876708,109.59881591796875,31764500
2016-10-03,109.26353289343831,109.50176907735644,108.64587180918413,109.25470733642578,18674300
2016-10-04,109.43115341602054,109.68704065627901,108.22231492298607,108.71643829345703,26057300
2016-10-05,109.13998942399135,110.01353097342066,109.10469393194322,109.36940002441406,24317300
2016-10-06,109.19294190119312,109.43117808511124,108.37234012914341,109.25470733642578,18937100
2016-10-07,109.44881264347354,109.69587434703267,107.85173039409028,108.38114929199219,28732700
2016-10-10,108.3811420671039,110.06645956513665,108.3811420671039,109.67822265625,21481700
2016-10-11,109.45764011190333,109.51057998304069,107.06641937599129,107.67525482177734,31931300
2016-10-12,107.72821902777243,108.18705378769832,107.23409550040131,107.58704376220703,20210400
2016-10-13,106.75760436220452,107.12820369802303,105.98112365901447,106.69583892822266,26302500
2016-10-14,107.08406752087485,107.5075999420929,106.23699594651232,106.26346588134766,24554600
2016-10-17,106.39582561912388,106.63406177202833,106.02523305597177,106.13993835449219,17119500
2016-10-18,107.22524396375984,107.27819056595597,106.46641447283177,106.74877166748047,19158900
2016-10-19,106.91642665392935,107.60467195835342,106.32524227519865,107.19878387451172,18477400
2016-10-20,106.8899595899381,107.6487959028897,106.24583531875913,106.88113403320312,20485600
2016-10-21,106.11346324993617,107.0928912133626,105.972281290702,106.82817840576172,21093700
2016-10-24,107.68408396923601,108.18703295759578,107.16348386862397,107.50760650634766,15421600
2016-10-25,107.48113916799848,107.63996552247382,106.4134757364415,106.70465850830078,16459800
2016-10-26,105.98111005372087,106.76641621293128,105.4075701078446,105.64581298828125,24975300
2016-10-27,105.98996482700359,106.00760921134263,104.19875351384937,104.43699645996094,29525700
2016-10-28,104.39285181659791,105.02815722012821,103.8987283835974,104.14579010009766,35473700
2016-10-31,104.27815911417261,104.68404723059794,103.9428619915415,104.56051635742188,20311800
2016-11-01,104.70168613166541,104.73697489251843,102.60164806878409,103.28107452392578,34147200
2016-11-02,103.12225229673332,103.23695760391055,101.81634593935385,101.96634674072266,29859900
2016-11-03,102.27517101564241,102.56634703447293,101.3663272724983,101.47221374511719,22717500
2016-11-04,101.73695369556475,103.14874004739652,101.51636186771829,102.12519073486328,35237200
2016-11-07,104.11932728262354,104.84286810124266,103.86343999248751,104.62227630615234,32370900
2016-11-08,104.38406789200776,105.40761059285106,103.863467616531,104.89583587646484,26196800
2016-11-09,104.1899105056005,108.38115429986884,104.1634405692713,108.1252670288086,77416800
2016-11-10,109.6429319732124,110.6488298758351,108.19585054375776,109.85469818115234,83440700
2016-11-11,110.32234858709901,112.69591804993506,109.89881618294889,112.37826538085938,95612800
2016-11-14,113.7812166788866,114.93711524104782,113.28709333602542,113.95768737792969,83119400
2016-11-15,113.69302979877993,114.61068584899259,113.20772510036429,114.31068420410156,38704500
2016-11-16,114.04597639528582,114.70775188694124,113.85185450729168,114.3018569946289,42325500
2016-11-17,114.6636391737378,115.44012678223024,114.48716838922347,114.97247314453125,42576900
2016-11-18,115.31655549456787,115.66949693997115,114.97243287295107,115.58126831054688,41380600
2016-11-21,115.86364330713994,116.47247887365097,115.2459889149751,116.11953735351562,32293100
2016-11-22,116.57835091363978,117.26659625700682,116.1812883638288,117.1783676147461,39681500
2016-11-23,116.89598301002474,117.92835084282623,116.5606926864563,117.91071319580078,37939200
2016-11-25,117.99897323290591,118.3254582837221,117.83132129456769,118.29898834228516,13373400
2016-11-28,118.21071515625536,118.23718509073461,116.60480065729905,116.76363372802734,32505700
2016-11-29,116.9224426341537,117.43421709366963,116.56068240809456,116.70185089111328,27993700
2016-11-30,117.28422508164175,117.43422586244756,116.03126550327627,116.12832641601562,32491200
2016-12-01,116.69306575306555,116.95777861389652,114.96362006431127,115.56363677978516,39815900
2016-12-02,115.53714853671767,116.00480201576279,115.16655597580566,115.50184631347656,24054100
2016-12-05,116.44601094885215,117.6460309874865,116.37541995083176,117.48719787597656,27547100
2016-12-06,117.81367134617048,119.04016120554202,117.12542601293205,118.75779724121094,27820000
2016-12-07,118.75780497489441,120.16076567140831,118.39603117098154,119.91370391845703,31825800
2016-12-08,120.22255501493436,121.95200099649428,119.82549238839051,121.80198669433594,49048900
2016-12-09,122.11961672691602,122.49022280406255,121.54608342479119,122.04020690917969,34313500
2016-12-12,121.72254124718779,122.26961801582162,120.4519304429274,120.75194549560547,34592900
2016-12-13,121.35197243307188,121.81080719419208,120.21372455197613,120.76078796386719,32624600
2016-12-14,120.37251732770451,121.19312572619114,118.95190576804774,119.25190734863281,45923700
2016-12-15,119.44604219220938,121.00783588826246,119.08428187686829,120.14311981201172,41352500
2016-12-16,120.31078250988891,121.3519694246251,119.6754769991205,119.92253875732422,39348200
2016-12-19,120.03722466598298,121.05195499641711,119.9225260885556,120.70783233642578,33393900
2016-12-20,121.13135999110419,121.95196843311132,120.87547944441194,121.73137664794922,31753600
2016-12-21,121.63434121573178,121.89904064231806,120.89314242971952,120.93726348876953,23215900
2016-12-22,120.99307941300458,121.1614228583233,119.44256760311744,119.89443969726562,34737900
2016-12-23,120.01848422746956,120.60323842685129,119.85014077636325,120.53235626220703,17081400
2016-12-27,120.70068612905261,121.64871976515884,120.68297572942768,121.07280731201172,13571700
2016-12-28,121.28545552440411,121.36519288202892,119.46028390202703,119.83240509033203,22712400
2016-12-29,119.86785379572184,120.72728147164021,119.33625782836637,119.93873596191406,21312900
2016-12-30,120.14247876852352,120.16905788019409,119.07926022415883,119.47797393798828,28399300
2017-01-03,120.93105228621003,121.23229130196076,119.16789418921867,120.07162475585938,29792400
2017-01-04,120.54121728267754,122.23349336706283,120.50576944292442,122.07400512695312,34499400
2017-01-05,121.8170486763637,122.05626071728682,120.06274592660303,120.66523742675781,30286900
2017-01-06,120.86019314061208,121.12599788956608,120.21339843029939,120.2222671508789,23436000
2017-01-09,120.08932149545393,120.24880970407965,119.16788063461618,119.43368530273438,24077900
2017-01-10,119.61087816357235,120.83357146655916,119.39823173541357,120.57662200927734,21684900
2017-01-11,120.70072342574838,121.19688515634186,119.98305995689758,120.7893295288086,27428800
2017-01-12,120.63863773190725,120.69179595415548,118.36159473678391,119.85894775390625,41844200
2017-01-13,120.18679979295416,121.35633509070124,120.18679979295416,120.72726440429688,27784500
2017-01-17,120.14251543251089,120.22225279185614,118.84008448564713,119.08816528320312,28197800
2017-01-18,119.39822308359116,119.55771127300002,118.68056002971477,119.47797393798828,21289700
2017-01-19,119.73492071588706,120.00072537608375,117.98948678783898,118.50337219238281,34105900
2017-01-20,118.50339170107574,119.50458356090422,118.50339170107574,119.11473846435547,29286100
2017-01-23,118.75145636525755,119.3273552128219,117.94518716315787,118.61856079101562,20537000
2017-01-24,119.02613572247705,120.74499086753728,118.91981924567389,120.43488311767578,34313800
2017-01-25,121.43608349006679,121.87023166632825,121.33862220639138,121.5689926147461,29127300
2017-01-26,121.68412770223858,121.82589198483724,120.86900335637546,121.08164978027344,22255600
2017-01-27,121.1791228617939,121.418334902717,120.18678630613674,120.66523742675781,19467800
2017-01-30,119.81469055984205,119.82355927986592,118.05154575704893,118.98184204101562,40464400
2017-01-31,118.60967459323122,120.10702759949294,118.2641326317389,119.81464385986328,32945000
2017-02-01,120.69180017923307,121.26769896626296,119.34506658446377,119.74376678466797,30010500
2017-02-02,119.87671408559243,120.20453225171015,119.15905079252933,119.44256591796875,19935700
2017-02-03,120.48804644252701,121.36518435354077,120.06275352630212,121.2677230834961,24534100
2017-02-06,120.85130224938457,121.18798910425254,119.99187471308697,120.35514068603516,23691500
2017-02-07,120.3373868834309,120.913285593305,119.40707752800185,119.82350158691406,30342200
2017-02-08,119.82355499040698,119.82355499040698,118.62744049756806,119.61090850830078,32956900
2017-02-09,119.610866587798,121.60438103092797,119.610866587798,121.29427337646484,28267600
2017-02-10,122.08284254731609,122.59672799377783,121.56010190190057,122.21575164794922,27287600
2017-02-13,122.95113792275917,123.34098298432934,122.34864641322683,122.53471374511719,23245100
2017-02-14,122.2157424205857,123.11060414531345,121.92335864453325,122.9422607421875,27145000
2017-02-15,122.43724669561497,123.83713865994424,122.33093023635024,123.67765045166016,20253500
2017-02-16,123.56247789652845,123.8991511882173,122.45496972260763,123.33210754394531,24613600
2017-02-17,122.6676659147341,123.29673683054234,122.4904672193805,123.25243377685547,26703200
2017-02-21,123.49164392121851,124.32449255597652,123.49164392121851,124.2181625366211,21353500
2017-02-22,124.04089853911144,124.05862245290199,123.37639372550906,123.66877746582031,14890800
2017-02-23,124.00547683860957,124.04976634851128,121.99423827952832,122.93340301513672,24596200
2017-02-24,121.79045885340071,122.84479522705078,121.6486945694291,122.84479522705078,24512300
2017-02-27,122.57014987075569,124.04092407226562,122.45497820587231,124.04092407226562,28269000
2017-02-28,123.4916169944979,123.58020955201943,122.05627696100161,122.12715911865234,40184100
2017-03-01,123.73082312948483,124.80289712334384,123.61565145829496,124.35989379882812,35719800
2017-03-02,124.33329492044628,124.35987403414188,122.83594175845738,122.93340301513672,25937000
2017-03-03,122.97770431304401,123.52702401420125,122.16257995928655,122.84479522705078,30989800
2017-03-06,122.07398731334733,122.24233072913503,121.3740480533428,122.00310516357422,23892100
2017-03-07,121.73729191275514,122.03854440793285,121.03735270201892,121.20569610595703,29711300
2017-03-08,121.63100355761492,121.9322426030059,120.30199345447718,120.40830993652344,34115100
2017-03-09,120.34629484696679,120.93106252899248,119.51344636397073,119.92987060546875,35223800
2017-03-10,120.75386480237057,120.77158872438403,119.46915760391697,120.46149444580078,39516600
2017-03-13,120.18676858492277,121.19681538916507,120.18676858492277,120.74495697021484,21295000
2017-03-14,120.27543729091309,120.34631946560314,119.22108691141112,120.16912078857422,30037800
2017-03-15,120.7538267496387,122.28662781508048,120.4703116837231,122.02967834472656,31230400
2017-03-16,122.46384600751432,122.72078199957436,121.87907834634278,122.1891860961914,25306600
2017-03-17,122.39292409815633,122.91566463182285,121.65753716056801,122.67645263671875,33324600
2017-03-20,122.51699573508878,122.72964219330369,121.71072645700241,122.1448745727539,19091200
2017-03-21,122.72073561652384,122.80048646336981,118.65396968336017,118.69827270507812,61869000
2017-03-22,118.4679556814111,118.99955156229701,117.6439624629244,118.72489166259766,46332600
2017-03-23,118.72490094466826,120.23110967068537,118.40593798344432,119.41598510742188,37764600
2017-03-24,119.91089582323616,120.37294976582807,118.94237088602819,119.50216674804688,33514400
2017-03-27,117.96497223138799,120.01755289673807,117.64509076286912,119.72432708740234,35596700
2017-03-28,119.31557741270036,120.75503715778626,119.19117982433887,120.65729522705078,26891900
2017-03-29,120.57729085308819,121.279259108355,120.22187315610584,121.04822540283203,22119500
2017-03-30,121.12822214450566,122.07009137023572,121.07489728032652,121.96345520019531,25792900
2017-03-31,122.1056318685976,122.77205033113358,121.67912784890369,122.15894317626953,29434300
2017-04-03,122.59432591941881,122.7098427769503,120.48844818329309,120.87052154541016,38834900
2017-04-04,120.78168197697201,121.33259715455347,120.26633027023436,120.7283706665039,25642600
2017-04-05,121.58140343465318,122.11453014643871,119.13786872025538,119.3600082397461,44968800
2017-04-06,119.54656486858052,120.51510321072865,118.91569639990055,120.47067260742188,41012100
2017-04-07,120.14191525817392,120.87052565936789,119.73317267336971,120.41736602783203,24300200
2017-04-10,120.37296683215753,121.59918134821393,120.097515990625,120.68396759033203,22779900
2017-04-11,120.19525241819004,121.66136779197943,120.02642421767563,121.64359283447266,32589200
2017-04-12,121.41257357279807,121.4658848874167,119.88425261490336,119.99087524414062,25700800
2017-04-13,119.84871614404919,120.28410091856774,118.76467422009998,118.81798553466797,30207000
2017-04-17,119.1289616654892,120.23965901722241,118.78241107576385,120.2129898071289,18278800
2017-04-18,119.70653719540205,120.36407500930932,119.20894687496168,120.23967742919922,24553300
2017-04-19,120.56844755440416,121.69692010774645,120.43515570795381,120.65729522705078,34627600
2017-04-20,121.14602095279702,122.32780497817498,120.97719272655416,122.19452667236328,31934400
2017-04-21,121.9457306731968,122.22118154230584,121.47479591794806,121.91907501220703,29386000
2017-04-24,123.58063382108833,123.81165399308844,123.05638791636643,123.43846130371094,33836900
2017-04-25,124.6113600957371,125.180036588041,124.4780682807539,124.63801574707031,32751700
2017-04-26,124.54913949607018,126.01526793392783,124.5136031513564,125.27776336669922,41669200
2017-04-27,125.58880091700578,125.9975436162078,124.82464039457487,125.24226379394531,23004300
2017-04-28,125.3132877676404,125.43768529975529,123.5450531141444,123.56282806396484,31113900
2017-05-01,124.07824356447001,124.65580086435486,123.31408311142503,124.27372741699219,20925200
2017-05-02,124.38031157538633,124.70019291164535,123.23407802947553,123.64280700683594,17993900
2017-05-03,123.05641509208175,123.29631601502848,122.34556590652878,122.87869262695312,27050300
2017-05-04,123.09195813602896,123.2696670524896,121.8302072033409,122.70988464355469,25799100
2017-05-05,123.23413936108871,123.5007095336914,122.20340859146346,123.5007095336914,23806500
2017-05-08,123.2074681971477,123.49179973604511,122.40775777996275,122.9853286743164,16680000
2017-05-09,123.145244439649,123.35850323107353,122.42551466127918,122.93199920654297,23988400
2017-05-10,122.6565800117074,123.93610611473528,122.49664602799065,123.69620513916016,19791500
2017-05-11,123.21635541286714,123.35852796899431,121.71468998978675,122.83428192138672,28617300
2017-05-12,122.36336856248622,122.52330254731952,121.87465878940074,122.1856460571289,24111200
2017-05-15,122.60328835177883,123.73176135399564,122.60328835177883,123.13642883300781,31132200
2017-05-16,123.48290786131554,123.54509987175346,122.2833491232546,123.18080139160156,18520900
2017-05-17,121.13712313940245,121.7679917755542,119.73319976378232,119.85759735107422,50791200
2017-05-18,119.57326937979299,120.75503971509417,119.27114932309952,120.29299926757812,44805100
2017-05-19,120.5239845311323,121.51916497042942,120.32850072222514,120.87052154541016,44450500
2017-05-22,121.0749267742237,121.91017359169766,120.98607909558422,121.68803405761719,20062700
2017-05-23,121.99008769488051,122.34551893034471,121.15485479774905,122.08782958984375,16681400
2017-05-24,122.18560044753984,122.64765438401038,121.58138754150173,122.16783905029297,21256000
2017-05-25,122.74539301031326,123.16301632582962,121.91014637928056,122.247802734375,22804200
2017-05-26,122.07011365523314,122.43441216456372,121.53697338265516,122.21227264404297,20047300
2017-05-30,121.83907012402352,122.12341519552362,121.03937333748821,121.25263214111328,25544100
2017-05-31,121.59025995114628,121.66134621024328,119.63543528009046,121.12821960449219,34345400
2017-06-01,121.48362305894727,123.50953375091571,121.08377476206434,123.46510314941406,44618600
2017-06-02,123.90945349010258,125.30449654335992,123.55403558979849,124.26488494873047,46680200
2017-06-05,124.36259508295349,124.49587337188309,123.46514274309298,123.4917984008789,20808900
2017-06-06,122.71874394786573,124.09601153737019,122.45217384049086,123.37628173828125,25460900
2017-06-07,123.38517576973523,123.98050805748804,123.05641361816197,123.4917984008789,20542200
2017-06-08,123.49176281894111,125.69539598865573,123.27851761809652,125.1800308227539,33956400
2017-06-09,125.6954494149907,126.97496183885906,125.02013650310003,125.82872772216797,56979400
2017-06-12,125.87311611269325,126.16634184842616,125.18892272931647,125.62432098388672,34665500
2017-06-13,125.99747571241244,126.45063522655624,125.70425006503226,126.26404571533203,22046800
2017-06-14,126.20186297859507,126.21074367558225,124.79794003060898,125.51766967773438,33021900
2017-06-15,124.12267872326807,125.26891266565057,124.12267872326807,124.87794494628906,27376800
2017-06-16,124.42481350673732,124.5936417474278,123.75839480400539,124.56698608398438,35608400
2017-06-19,124.89574882122551,125.8020820570151,124.85131819586188,125.49108123779297,25163300
2017-06-20,125.18004211453275,125.26000907206284,124.1315367353069,124.22039794921875,20111900
2017-06-21,124.44253346039457,125.10895186854557,123.70502879504272,123.90939331054688,23351400
2017-06-22,123.83832726945484,124.74466024882423,123.5184458389903,124.3803482055664,17917200
2017-06-23,124.52250977259108,125.35775640956885,123.99826383944742,125.20670318603516,20772500
2017-06-26,125.36665352675999,125.75762124278857,124.57583739509128,125.35777282714844,22988300
2017-06-27,125.37555041438824,125.83759085364036,124.17599158398761,124.2559585571289,24610100
2017-06-28,124.99340133132465,126.40620472198519,124.7534869726968,126.15740966796875,25085400
2017-06-29,126.38846790448495,126.48620980601743,124.08709286991406,125.41104888916016,38794900
2017-06-30,125.50880954969355,125.88200225905551,125.08230553303963,125.21558380126953,22798500
2017-07-03,125.58873323349394,126.61946334701578,125.55319689365099,126.26404571533203,12968200
2017-07-05,125.90870844707,126.04200032711579,125.02015014672607,125.81096649169922,21865500
2017-07-06,124.872993904529,125.35489547865875,123.89136625328743,124.16800689697266,30563400
2017-07-07,124.42684333214169,125.5423390097958,124.20374419661087,125.37279510498047,20511000
2017-07-10,124.86409715059371,125.72972270979238,124.37327642884892,124.82840728759766,17206000
2017-07-11,124.7392032869596,125.27464672646073,124.02528323992217,125.19432067871094,16192900
2017-07-12,125.87249082460824,126.9165927785184,125.83678734999195,126.15805053710938,19358600
2017-07-13,126.00630375363379,126.32756683606912,125.2745461650697,126.26510620117188,16559300
2017-07-14,125.91710873787467,126.9879814499997,125.91710873787467,126.47930908203125,15465300
2017-07-17,126.36334710228402,127.1308086202912,126.05992195003772,126.77384185791016,15374600
2017-07-18,126.30978166059154,126.60427410940669,125.86358345636651,126.44364929199219,16653300
2017-07-19,126.61318738545106,127.73760178570727,126.61318738545106,127.70191192626953,16985500
2017-07-20,127.71974436272826,128.07671102564942,127.43418464927721,127.7911376953125,17047800
2017-07-21,127.62160770569359,127.90718109750601,126.94339132547226,127.21111297607422,21662700
2017-07-24,126.99693080362735,127.45206168708889,126.6935192925787,127.38958740234375,16694000
2017-07-25,128.16594514866398,128.72815914392316,127.80007303476603,128.5496826171875,21066400
2017-07-26,128.63886713325152,128.63886713325152,127.65723978594696,127.8357162475586,13574900
2017-07-27,128.0409897709483,128.21946626918245,126.31867181850721,127.0236587524414,24355800
2017-07-28,126.73811190570075,127.04152334509517,126.24729127321837,126.6845703125,19933300
2017-07-31,126.9166505099519,127.05943723959574,125.80115471628187,126.28304290771484,16417700
2017-08-01,126.87195208668408,126.89872288037213,125.80107948851023,126.52391815185547,19835900
2017-08-02,126.35439905159191,126.55966002132455,124.69454125488913,125.14073944091797,19934300
2017-08-03,125.32812077316513,125.41735222037569,124.18585476054417,124.51603698730469,19624900
2017-08-04,124.85516505408732,125.22105079181539,124.48036025576336,125.12288665771484,16473500
2017-08-07,125.32810974121092,125.69399540815672,124.67666440468865,125.32810974121094,9176200
2017-08-08,125.30135629866605,126.53285382062563,124.6588299320412,124.93547058105469,27248700
2017-08-09,124.15018244760698,124.39113328763125,123.4005727418519,123.8556900024414,26534300
2017-08-10,123.40056136166712,123.40056136166712,121.59791699245147,121.60684967041016,40983500
2017-08-11,121.55330596086122,122.02627491030184,121.16064941033237,121.78532409667969,32779600
2017-08-14,122.49031738616182,123.67720615878194,122.4635465851686,123.63258361816406,21710900
2017-08-15,123.864604952049,123.8824566901704,122.56170040691681,122.61524200439453,16646000
2017-08-16,122.8561719771066,123.49869827165828,122.44567738812776,122.65092468261719,21858600
2017-08-17,122.24044888129092,122.87405628469958,120.4021145689017,120.4110336303711,32722900
2017-08-18,120.00052402294247,120.88400120660287,119.68817989078048,120.402099609375,42401900
2017-08-21,120.19685004598523,120.49134243505053,119.70602939754306,120.32178497314453,21504100
2017-08-22,120.705520084147,121.76747387259023,120.59843688426602,121.62468719482422,25170600
2017-08-23,120.94649639749599,121.87459638174076,120.66093659865217,121.42839813232422,18381900
2017-08-24,121.93703851699564,122.1958274708803,121.38375712924288,121.80318450927734,15726600
2017-08-25,122.15120697021484,122.53493083390114,121.74069869063533,122.15120697021484,17163000
2017-08-28,122.58847433884789,122.80265435111932,122.05304473349949,122.6688003540039,16333300
2017-08-29,121.80314530590489,122.98110104535445,121.5711136113574,122.69554138183594,20277600
2017-08-30,122.5795728839317,123.60582332091342,122.48140873298563,123.48088836669922,15915500
2017-08-31,123.96276122901175,124.88192823914825,123.74858123579025,124.69451904296875,29260600
2017-09-01,124.91764968919672,125.4977155445441,124.69455057949904,125.39955139160156,17412500
2017-09-05,125.49766747662301,125.72968555976135,123.6682527544238,124.19476318359375,21908400
2017-09-06,124.70344497107024,124.93546307183941,124.11446023425064,124.45357513427734,18399700
2017-09-07,124.56960468000891,124.65884976280391,123.67720831961014,124.1412582397461,18159800
2017-09-08,123.98060785538094,124.73023107464475,123.70396718904311,124.23941040039062,21870500
2017-09-11,125.28350844334616,125.75647736442089,125.14072177591974,125.54229736328125,22617700
2017-09-12,125.86355531351278,126.44362101943686,125.66724067508682,126.30975341796875,22679600
2017-09-13,126.19374968001763,126.91658842199833,126.11343729021652,126.6845703125,25052500
2017-09-14,126.52396571162114,126.86308071498676,126.20270244971925,126.56858825683594,18353800
2017-09-15,126.39897185664294,127.13966218802197,126.31865948281312,127.08612060546875,23184000
2017-09-18,127.27357510982989,128.3355290454106,127.2557369853029,127.9518051147461,24427400
2017-09-19,128.12136261597513,128.22844583069286,127.69300252332629,127.9518051147461,16346300
2017-09-20,128.08567918702968,128.52295841040518,127.84472829930108,128.36231994628906,20244700
2017-09-21,128.52290118582468,128.7370675534342,128.04099962493322,128.22840881347656,17395900
2017-09-22,128.2105673781548,129.10296362658647,128.11240324615184,128.7727813720703,25203000
2017-09-25,128.745985625518,129.34388936207884,128.22839426770034,128.95123291015625,30012800
2017-09-26,129.07561267353947,129.84493217486218,128.9772108658172,129.36187744140625,28238100
2017-09-27,130.27431743268065,132.26917537089687,129.8538746244222,131.89346313476562,66351700
2017-09-28,131.72352587744228,132.4481149054225,131.30308297110804,132.24237060546875,29291400
2017-09-29,132.3228705321182,132.77908969068707,132.16185682316097,132.55545043945312,21738700
2017-10-02,132.67172939561308,134.18353271484375,132.46598513407633,134.18353271484375,29772400
2017-10-03,134.28192565440077,134.47872924804688,133.5841724223297,134.47872924804688,28372800
2017-10-04,134.26404711113034,134.72922053933473,133.63785998654106,134.0493621826172,22024700
2017-10-05,134.44295805304364,134.74711779003243,134.06724577190485,134.41612243652344,22538500
2017-10-06,133.92409495252141,134.4876564143018,133.7988575554755,134.22824096679688,19350800
2017-10-09,134.35348639787367,134.7918104888189,133.44997530457997,133.67361450195312,13981300
2017-10-10,134.12091572100366,134.44295676601914,133.65575593920238,134.0583038330078,21951900
2017-10-11,134.12985262440796,134.35349183082457,133.70046917004714,133.9598846435547,15137100
2017-10-12,133.700451798332,134.19244706864043,133.30684466220356,133.86146545410156,17185600
2017-10-13,134.11197364230833,134.17459917949526,133.49472717509104,133.61996459960938,15464400
2017-10-16,133.83464375832287,134.4966207060722,133.31579917492803,133.503662109375,20653100
2017-10-17,133.53047484287092,133.97775316745359,132.84166240105523,133.1189727783203,18046800
2017-10-18,133.73625543081533,134.1030270327112,133.36054317394212,133.754150390625,20541700
2017-10-19,133.08322588779018,133.58417553789877,132.5464863199,133.5483856201172,17164900
2017-10-20,134.46088543439694,134.55034661093853,134.058337439678,134.16567993164062,25224500
2017-10-23,134.31776064555612,134.31776064555612,133.02065541113933,133.16378784179688,14676400
2017-10-24,133.63781307009967,133.98668960630843,133.32471279279784,133.44100952148438,17527700
2017-10-25,133.23531964851202,133.2889908836828,131.69668054095348,132.79698181152344,27235300
2017-10-26,133.23527657088346,133.59309378957008,132.85061009343602,133.07424926757812,15205900
2017-10-27,133.1815998002782,134.1029920673396,132.66275529991862,133.99563598632812,32744100
2017-10-30,133.18165749155833,133.6915479102933,131.84876257791754,132.58230590820312,30524800
2017-10-31,133.10113303623095,134.031479981205,132.96695494313704,133.52157592773438,22449400
2017-11-01,134.63081388198833,134.65764949708603,131.89347194318185,132.63595581054688,31585500
2017-11-02,132.60912866999675,133.49473132452664,132.14395522881725,133.02957153320312,28176600
2017-11-03,132.8237210085109,133.2531178778781,132.44800898519938,132.9400177001953,22312700
2017-11-06,133.06534272893774,133.62891796021404,132.74330168961635,133.09217834472656,15576800
2017-11-07,133.11006780092123,133.1547983753381,131.08836049606018,131.49986267089844,29549300
2017-11-08,131.1957324589911,131.90242648070043,130.46218916950318,131.6787872314453,30682500
2017-11-09,130.84684980992157,131.8487492329468,129.96123350930438,131.21360778808594,40144400
2017-11-10,131.24041072351,131.58928726728388,130.9183697869609,131.11517333984375,17823700
2017-11-13,130.54267993683405,131.33884866993475,130.15802702744617,131.15098571777344,14680000
2017-11-14,130.6589601495359,131.04362666005304,130.23851737401517,130.79315185546875,19682200
2017-11-15,130.02386290536796,130.79318245654326,129.2634840100721,130.2743377685547,23925200
2017-11-16,130.79316836793507,132.7522364832948,130.7752734082475,132.1886749267578,25889000
2017-11-17,131.72351615853887,133.3158265012682,131.6519499616924,132.79698181152344,25816700
2017-11-20,133.07430976712268,133.8078531437284,132.68965676465245,133.76312255859375,22793000
2017-11-21,134.3624447519803,135.33750850501193,134.2372073309474,135.15859985351562,29392300
2017-11-22,135.3285518997163,135.76688964659547,134.95283968089998,134.97967529296875,14136600
2017-11-24,135.265949233131,135.409067957293,134.87234202951296,135.03335571289062,6816300
2017-11-27,135.3464455077901,135.6326965836198,134.57712611983345,134.62185668945312,18416900
2017-11-28,135.09596223931305,136.8403451464359,134.77392126800942,136.741943359375,35898300
2017-11-29,137.17134553855124,137.9496192880969,136.8224689093944,137.19818115234375,38234200
2017-11-30,137.8512768900279,138.2538249202345,137.11773339732486,137.44871520996094,32230700
2017-12-01,136.88511657714844,137.50236309389953,133.06535434802186,136.88511657714844,62734800
2017-12-04,138.5668600664341,139.02309282699252,136.24102028753782,136.3751983642578,36366800
2017-12-05,135.43589995962301,136.83142009428857,135.0065164988781,135.0154571533203,29667200
2017-12-06,134.51448810514333,135.24803115921998,134.1387759249524,134.38031005859375,21273800
2017-12-07,135.35535633602532,135.87420079960782,134.2013843332965,135.319580078125,29675200
2017-12-08,136.10684873029322,136.22314551392108,135.3285884702784,135.44488525390625,20832400
2017-12-11,135.4627879144555,136.08898886357417,135.09602984265612,135.3912353515625,26654100
2017-12-12,135.70429380023194,135.91003808771146,134.91709292427956,134.97076416015625,25854800
2017-12-13,134.90812708324134,136.60779342319577,134.90812708324134,135.77584838867188,30082600
2017-12-14,135.83845411996356,136.1515408067786,133.8614776066942,134.27297973632812,32882600
2017-12-15,135.12276195873545,137.09078352736404,134.70231931204697,136.18728637695312,42851600
2017-12-18,137.46654568181572,138.40583307818716,137.27869639245378,138.03012084960938,22714300
2017-12-19,138.4326439549808,138.45053891024517,136.70615614288292,136.93873596191406,24313600
2017-12-20,137.53813503341453,137.70810304279865,136.7240849094464,137.2071533203125,19042800
2017-12-21,137.60133745326567,138.30173468242106,137.45766271354734,137.807861328125,16772600
2017-12-22,137.72700847436485,137.73598300483732,137.20619797392283,137.556396484375,13599400
2017-12-26,137.38587455021514,137.77198513722425,137.29607438033372,137.63729858398438,11949600
2017-12-27,137.57441611354525,138.2388878840739,137.21522922257677,137.50257873535156,15949900
2017-12-28,137.60133575549128,138.05928356841875,137.39479818160297,138.04132080078125,10167300
2017-12-29,138.41844270579475,138.41844270579475,136.83806185303533,136.9009246826172,21006500
2018-01-02,137.5654098765918,138.25683256234814,136.90093819301296,138.1939697265625,20489600
2018-01-03,138.1670344436963,138.69683333358734,137.85276136490998,138.337646484375,21836600
2018-01-04,139.15478384088274,139.31640764996828,138.30173732258356,138.705810546875,14207100
2018-01-05,139.07392860828313,139.16371501816545,138.22985688626414,138.99310302734375,19883900
2018-01-08,138.93926198381172,139.42416078021907,137.8347915944475,139.20864868164062,18457300
2018-01-09,139.3972164436979,139.63067759585678,138.9392549700341,139.02008056640625,16571300
2018-01-10,138.70578910065203,139.33434887476153,138.21191581328904,139.03802490234375,18516800
2018-01-11,139.24457127402226,141.5702494363818,139.1637456752774,141.42657470703125,26522400
2018-01-12,141.58821708837343,142.64780122946027,141.39965597022677,142.0192413330078,24089800
2018-01-16,142.64781470355604,143.14168813369642,139.90009996696696,140.2053985595703,27704700
2018-01-17,140.79802322167302,141.8216817510892,140.3310871744514,141.53433227539062,18571600
2018-01-18,141.17514012179177,141.42656402838287,140.42984293383412,140.5645294189453,17903600
2018-01-19,140.7351375305579,142.49511852945005,140.57351375290781,142.414306640625,31040900
2018-01-22,142.23475028064988,143.17759704589844,142.15393836689177,143.17759704589844,12702400
2018-01-23,142.9890211766529,143.94084237813777,142.47718503911233,143.6355438232422,16904600
2018-01-24,143.99471195183136,144.2371613612277,142.23473065279947,142.74656677246094,20340900
2018-01-25,143.34820884362898,143.59963282035204,142.06415165547767,142.8004608154297,20290900
2018-01-26,143.2494082845487,143.39308301717526,142.56697385693758,143.31227111816406,16120300
2018-01-29,142.8273811907433,143.54574119691065,142.4322825022724,142.50411987304688,18293300
2018-01-30,141.57024536706845,142.0730932037651,140.73514801560188,141.13922119140625,24533800
2018-01-31,141.64214039208812,142.25273767048606,140.00787055593807,140.40296936035156,27468900
2018-02-01,139.83721654248993,141.1661873410413,139.65762996747898,140.84292602539062,21413000
2018-02-02,140.19644503071376,140.21439410244133,137.8438149841625,138.13116455078125,33314100
2018-02-05,137.08947954253463,138.0951751575664,132.77035941535166,132.82423400878906,52622200
2018-02-06,130.67817392867474,135.02423239471108,129.5198287872875,134.41363525390625,69232400
2018-02-07,134.34183115981813,135.401401884856,133.44388429388835,134.54835510253906,37101000
2018-02-08,134.68301069993674,134.69198523305113,130.59735107421875,130.59735107421875,44704500
2018-02-09,131.78260722607922,132.84219109079444,127.95736053834194,131.79159545898438,53315300
2018-02-12,131.9263208785695,133.72221418816326,130.6332755034094,133.03977966308594,36213900
2018-02-13,132.33933936518616,133.60543332383648,131.9083152458071,133.3270721435547,25021200
2018-02-14,132.5638326245411,136.05684360430948,132.15974577959895,135.72459411621094,36286900
2018-02-15,136.68542714138067,137.26908692766224,135.19483255596415,137.20623779296875,23773600
2018-02-16,137.03561920868486,138.5441627882078,136.97275637541645,137.6911163330078,27973900
2018-02-20,136.9817129878737,138.0772085874543,136.19151584677988,136.55967712402344,24046200
2018-02-21,136.86500819774943,139.0110998522991,136.4968468327722,136.70338439941406,26735500
2018-02-22,137.21520374217192,138.31069957843283,136.40705736532598,136.4878692626953,16340000
2018-02-23,137.3678918607434,138.30176416642394,136.62259440384187,138.26583862304688,18065200
2018-02-26,138.75972893781415,139.41522631747665,137.80790744640726,139.17279052734375,15267700
2018-02-27,139.3433477459021,139.9719213313805,137.1613440700234,137.17031860351562,18125500
2018-02-28,137.51155178882004,137.92461328359127,134.9703610815943,135.00628662109375,29951800
2018-03-01,134.73689487039277,136.10177758745925,133.2373256391591,134.6470947265625,38943200
2018-03-02,133.53365962264786,137.1613582575235,133.25528463666114,136.80218505859375,31842300
2018-03-05,136.32628809907177,138.51726675516653,136.01200124225187,138.02340698242188,19603700
2018-03-06,138.6698897779858,139.5319245608118,137.2062461062728,139.5139617919922,17304000
2018-03-07,138.69680864564234,140.91472367494592,138.48129657447598,140.74412536621094,22684600
2018-03-08,140.8877975844138,141.39963365605283,139.630677989894,140.456787109375,23391300
2018-03-09,141.25599591086433,142.77352805540406,140.86089716298656,142.70169067382812,24927200
2018-03-12,142.99800981584883,143.3571830097939,142.31557526672157,142.95310974121094,15310100
2018-03-13,143.67146709601067,143.94085383713147,142.0012857429564,142.28863525390625,17757200
2018-03-14,142.9710524548027,143.12370172589405,141.34577137259706,141.6151580810547,18097500
2018-03-15,141.96533032938143,142.0012421564378,140.4118732030944,140.90574645996094,14172100
2018-03-16,140.95966105812298,142.11801990767907,140.75313716539088,141.69598388671875,36000300
2018-03-19,141.13031846622636,141.16624401659843,138.6879017010768,140.33114624023438,25663000
2018-03-20,140.68126113287343,140.9955478541491,139.8731148518428,140.29515075683594,11418500
2018-03-21,140.36699070004119,142.10899524240176,140.25922781276296,141.11227416992188,22213500
2018-03-22,140.0970018967575,140.9610126993969,137.98195113358088,138.01795959472656,29774800
2018-03-23,138.2069913372517,138.54900313968704,135.0029241350921,135.0479278564453,35744100
2018-03-26,136.8840162141414,138.04504951568194,135.38997996145525,138.0000457763672,28442400
2018-03-27,138.29703314772718,138.33302789383012,134.74195800868387,135.32696533203125,32820600
2018-03-28,135.66901340384993,136.218026127522,134.4539809673449,135.28199768066406,26510900
2018-03-29,135.97499429898375,137.7930381572235,135.67798611423078,136.65000915527344,22617700
2018-04-02,136.37101306588082,136.86602673564462,132.46491643528265,133.3199462890625,35040700
2018-04-03,134.1209761383858,135.54300930041714,133.47296067889775,135.22799682617188,29857800
2018-04-04,133.65290091474512,137.32498226463017,133.44590026704415,136.9469757080078,29619700
2018-04-05,137.73899705976956,138.25201483681442,137.09099556576962,138.0810089111328,17301600
2018-04-06,137.13600002104437,138.0630192318194,134.23793543076536,135.32696533203125,25762700
2018-04-09,136.263016126171,137.34305106217042,135.38100041277187,135.48899841308594,18997000
2018-04-10,136.92902956354948,138.55806341529734,136.50601910408616,138.04505920410156,23420000
2018-04-11,137.50503067815944,138.88205994092752,137.37003319483432,138.34205627441406,14884600
2018-04-12,138.9900554074898,139.87208472659793,138.5400454936148,139.2870635986328,14413200
2018-04-13,139.76405226905652,139.80006074742235,138.16201831204484,138.5580291748047,19813600
2018-04-16,139.3590654238738,140.24109473406435,138.70205480155843,139.83607482910156,18846900
2018-04-17,140.59209288364153,141.74411707886154,140.36708794343122,141.3571014404297,18624200
2018-04-18,141.77113116540258,142.54514878872354,141.44712346882142,141.73512268066406,16974200
2018-04-19,141.42910417373463,141.7891065835251,140.29508422300415,140.75408935546875,16174500
2018-04-20,140.4480872757216,141.05109887114844,139.6380612461363,139.99807739257812,21480600
2018-04-23,140.2050933659355,140.66409855278462,139.11607702070134,139.7910919189453,13268200
2018-04-24,140.3130506675206,140.97007486586995,137.87400523306468,138.99002075195312,24859700
2018-04-25,138.92704172658657,139.32305259271342,137.6670196372837,138.7830352783203,21981400
2018-04-26,138.9810739198085,139.87209858149717,138.54906820499613,139.42208862304688,14862900
2018-04-27,139.39511184435875,139.8361128862623,138.40508428111676,139.22410583496094,17734300
2018-04-30,139.52105858465958,140.08806166051176,137.9640146063137,137.99102783203125,15624600
2018-05-01,137.7120136946039,138.86403784826618,136.5419990342862,138.66604614257812,24977500
2018-05-02,138.40505169882718,140.20509140226696,138.31504422036997,139.1880645751953,16786800
2018-05-03,138.70207660577728,139.05308384090145,136.94704043015642,138.43206787109375,20985900
2018-05-04,137.93704496266096,140.85311438330749,137.52304349916278,140.16009521484375,17927900
2018-05-07,140.5740812519276,142.07711252551988,140.49308277368146,141.3480987548828,16303500
2018-05-08,141.2311341587157,142.05015563964844,141.07813240951097,142.05015563964844,17281200
2018-05-09,142.21211293913785,143.19314488446378,141.64510984644278,142.81512451171875,15758500
2018-05-10,143.0131071658012,144.15613588886586,142.88710497269864,143.5801239013672,15828700
2018-05-11,143.59816167785513,144.12017480926337,143.13914279110685,143.85916137695312,14413600
2018-05-14,144.02114281623545,144.62415431104827,143.14812268994586,143.31011962890625,15028500
2018-05-15,142.84214305976028,143.63415111500836,142.35612469567383,143.33714294433594,17544900
2018-05-16,143.54415510515864,145.19119289832554,143.5261508648301,144.8311767578125,21004400
2018-05-17,144.90317606694006,145.80319579406392,144.67817113515912,145.4971923828125,18639700
2018-05-18,145.75820623608726,146.09122290609264,145.39820380351188,145.6862030029297,17579800
2018-05-21,146.13619786476698,146.91922436148118,146.1272026115031,146.6492156982422,15667300
2018-05-22,146.9372337358298,147.00024171640106,145.47021073919433,145.5872039794922,13212000
2018-05-23,145.20017205428144,146.05518797673992,145.0201708705865,145.77618408203125,14235700
2018-05-24,145.73118222423835,146.11819782070194,144.56115391538108,145.83018493652344,12785000
2018-05-25,145.578193861899,145.94720525359386,145.32618943176868,145.56919860839844,11150200
2018-05-29,144.7951580476624,146.01017627113563,144.10213910842523,145.3711700439453,20986900
2018-05-30,146.1272271705214,147.95426641456586,146.1272271705214,147.67526245117188,25169000
2018-05-31,147.6752548551013,147.94526354983094,146.10921541223942,146.49623107910156,28573700
2018-06-01,147.45024852018514,147.94526216702732,146.95523487334296,147.45924377441406,21108200
2018-06-04,147.89128707489567,148.24229431152344,146.99126711090494,148.24229431152344,14836000
2018-06-05,148.0982918434816,149.19631732802847,147.90928160329577,149.16030883789062,13283600
2018-06-06,149.14228391218532,150.24029541015625,149.0252769460588,150.24029541015625,16661300
2018-06-07,150.40225204324568,150.5102499834843,148.71021106906963,149.42123413085938,17571900
2018-06-08,149.45729220466598,149.952305862552,149.18728350643605,149.87130737304688,17569800
2018-06-11,149.97927600823323,150.402286348261,149.66426363307718,150.09628295898438,15923000
2018-06-12,150.23127616836032,151.1493000434498,150.0602702400073,150.78028869628906,16166700
2018-06-13,150.99635127038965,151.0863450257074,149.9613200851259,150.1863250732422,19853700
2018-06-14,150.7443244829839,151.0593231798207,149.9523026473484,150.98731994628906,19248100
2018-06-15,150.5193291853638,151.08633236933358,149.88030903002922,151.03233337402344,24922600
2018-06-18,150.2762953552525,151.75232716251998,150.0602856761849,151.7433319091797,18616500
2018-06-19,150.7983309947688,151.89635632776017,149.88930214266176,151.75234985351562,24605900
2018-06-20,152.50833478958367,153.18334956180067,152.05832494143903,152.97634887695312,19216900
2018-06-21,152.98537266381425,153.07538014351508,150.9963364546305,151.54534912109375,26946200
2018-06-22,152.11231739872207,152.28332333099286,150.5822867273264,151.0413055419922,33638200
2018-06-25,150.51933314684453,150.63632639535777,147.72926596120698,148.57528686523438,37005100
2018-06-26,148.71022586638827,149.99726095952806,148.36822777719996,149.43923950195312,20464000
2018-06-27,149.59230004336368,149.86229500228563,146.9822343303468,147.0452423095703,27511800
2018-06-28,146.91024858392748,147.8012732540681,146.0372281575956,147.49526977539062,26759100
2018-06-29,147.8822601722322,148.54827980886412,147.25224902039827,147.39625549316406,24146500
2018-07-02,146.48727227910118,148.46732756335717,146.23526773987177,148.41331481933594,24283600
2018-07-03,148.8152339105853,149.67334631159898,148.77006719833292,149.0049285888672,13561300
2018-07-05,149.81785441045434,150.73016123201276,148.88747814980206,150.70306396484375,18640500
2018-07-06,150.82054917838695,152.148370881558,150.41407624093532,151.97674560546875,19597500
2018-07-09,152.6632175761936,152.95227354537303,152.10318886459248,152.9342041015625,16565200
2018-07-10,153.17805005348688,153.43999489143235,151.36246427774142,152.23863220214844,18790700
2018-07-11,151.407612490948,152.3018636091878,150.89275065895023,150.9469451904297,23912600
2018-07-12,151.81415005951965,151.97673370859366,150.52245356577004,151.67864990234375,19617600
2018-07-13,151.6153610437859,152.41023706231172,151.22694396972656,151.22694396972656,15409100
2018-07-16,151.53405351634848,151.77794266282237,149.90816262769928,150.6398162841797,15946900
2018-07-17,150.62178617836597,151.75088502528027,150.47725821805417,151.3082733154297,15134700
2018-07-18,151.1727899748457,151.80508258510937,150.45920555389353,151.73281860351562,13780000
2018-07-19,151.54310850464444,152.87995744911143,151.0824274336407,152.8076934814453,18398300
2018-07-20,152.4735194375126,152.93418683055307,152.06704658683626,152.18446350097656,17570700
2018-07-23,152.02188245231434,152.78966145373732,151.57927071059103,152.37416076660156,12335000
2018-07-24,153.06059100222058,153.34060522696026,150.14300431649886,150.74819946289062,25831300
2018-07-25,150.79339084435088,151.29922485351562,150.0707649242828,151.29922485351562,18401200
2018-07-26,151.44376495836397,152.98836437591837,151.30826483456212,152.1121826171875,20944200
2018-07-27,152.20250775612047,152.4012302338678,148.8513366840574,149.27587890625,28777100
2018-07-30,149.26685083306765,149.96237950404043,148.20098825685008,148.3184051513672,20093700
2018-07-31,148.61652871083297,150.50437896951019,148.49007017156623,149.82691955566406,23567300
2018-08-01,149.6732987618252,150.16107704647584,148.58936692684978,149.7274932861328,17942600
2018-08-02,149.00490977885931,151.03728752714568,148.9868403396503,150.82049560546875,18292200
2018-08-03,150.9831027853415,151.4618396270565,149.59205897379985,150.29661560058594,21734900
2018-08-06,150.1881967898781,151.3082538810698,149.85397420171722,151.1366424560547,16288800
2018-08-07,151.65151109865664,152.19348401304913,151.38956625256463,151.49795532226562,15045700
2018-08-08,151.49795887448272,151.74184806997226,150.38692953516562,151.3624725341797,14789500
2018-08-09,151.43471659248462,152.3922038959669,151.34439696358942,151.75086975097656,10437800
2018-08-10,150.8927544173129,152.35606193547727,150.81146261806893,151.32632446289062,20521900
2018-08-13,151.51600515278867,151.79601940190682,149.8359058751378,150.44110107421875,20517200
2018-08-14,150.76630990071064,152.29285370409954,150.74824046044338,151.93153381347656,17683100
2018-08-15,151.47989938100122,151.58830224330546,149.17653496400163,150.02561950683594,27479900
2018-08-16,150.72115821302657,151.90445168399182,150.56760241281196,151.41668701171875,15484700
2018-08-17,151.27211153674628,152.17539039525295,150.7843332347054,152.06700134277344,15106700
2018-08-20,152.48253553677526,152.81674437760765,151.59732591938578,152.4915771484375,12547300
2018-08-21,152.7806042243188,154.78588463759584,152.76253478571957,154.24391174316406,20661200
2018-08-22,154.09039013140162,154.9033496532673,153.9368343266256,154.62332153320312,14329200
2018-08-23,154.54205950758822,154.93047679226603,153.72007199743544,154.15365600585938,12945800
2018-08-24,154.59619212793953,155.1652622966696,154.47877523277842,154.99363708496094,11894300
2018-08-27,155.46335636348334,156.2130796217833,155.02074467134648,155.21946716308594,15880400
2018-08-28,155.50851109769565,155.79755320154987,154.55103759282963,155.36398315429688,13170300
2018-08-29,155.38204277311655,156.05950195917293,154.8762087861319,155.81561279296875,13157900
2018-08-30,155.51747703123846,156.47495015504026,155.20133778668495,155.68910217285156,14199600
2018-08-31,155.3278506375666,156.61953288974374,155.31880902719666,156.2853240966797,12240500
2018-09-04,156.0775778451137,156.37566157957033,154.56910351591375,155.58981323242188,17923500
2018-09-05,155.5266100107147,155.57177672845714,153.8826489918774,155.17433166503906,15166100
2018-09-06,155.51756970634742,155.79758403776475,153.93683119278217,154.12652587890625,16647700
2018-09-07,153.74712658844425,154.8671837414492,153.2503203756063,154.04519653320312,17248000
2018-09-10,154.68653331214827,155.0749366777904,153.90971279791987,154.23489379882812,11067100
2018-09-11,154.0994048684239,155.0026838798849,153.55743194836975,154.48780822753906,14078400
2018-09-12,154.27104848581,154.5420350023683,152.95226857241147,154.11749267578125,21572300
2018-09-13,154.71368478805408,154.9485324554053,153.79233599883943,154.15365600585938,14570500
2018-09-14,154.2529087388657,155.30070156453095,153.91868624469228,154.8039093017578,15734900
2018-09-17,154.84005707924717,154.94844612949225,152.9702770478133,153.1599578857422,20023200
2018-09-18,153.37680351903578,154.19879085929753,153.22324771639558,153.8013458251953,13018000
2018-09-19,153.81035745058833,154.5239556274414,152.71739750489942,153.2412872314453,17593500
2018-09-20,153.89166156902402,154.73171833033905,153.38582745951834,154.65945434570312,16918700
2018-09-21,155.13817919747004,155.20141534774535,153.7561633325823,153.9187469482422,32539000
2018-09-24,153.792268272291,154.00906018103285,152.43734985427608,153.34967041015625,15786700
2018-09-25,153.60263365255486,154.0271759873053,153.4219805656912,153.58456420898438,13758500
2018-09-26,153.9015038332908,153.9920769539107,151.95430611562443,152.18072509765625,17787200
2018-09-27,152.48866355642465,152.78753829448993,151.93620064415595,152.18978881835938,14471900
2018-09-28,151.65542336730874,153.05922374544556,151.65542336730874,152.65167236328125,22740300
2018-10-01,153.32190690349057,153.34908990151592,150.13393685647588,150.64111328125,27893100
2018-10-02,150.50517782520447,150.82216984091784,148.69382646573197,149.0108184814453,28440300
2018-10-03,149.59951087374185,151.00331102313956,148.99270979125689,150.31500244140625,26027200
2018-10-04,149.83505370114437,150.02523794004728,147.7429441560905,148.204833984375,29463000
2018-10-05,148.30446261229787,148.6757931330808,145.50592675663472,146.86444091796875,31240100
2018-10-08,146.51121673003476,147.08178323745423,145.40629085665535,146.55650329589844,21330700
2018-10-09,146.37535018295654,147.389716696662,145.79571809777585,145.9859161376953,20620400
2018-10-10,145.65085302835493,145.80481632391817,141.61153109823388,141.79266357421875,46921800
2018-10-11,141.11337643158103,142.4809560465661,139.0303188516948,139.0846710205078,68877400
2018-10-12,140.88694879088078,141.06808121726,137.56311970753262,139.11183166503906,53492600
2018-10-15,138.89448684763266,140.64243508221446,138.15182581440772,139.62808227539062,32747600
2018-10-16,140.6333505869244,143.8756719197841,139.51030751234455,143.67642211914062,35569100
2018-10-17,143.25979810514463,143.2960328777668,141.1858065068143,143.06056213378906,24140100
2018-10-18,142.5624429194437,142.7616927176714,139.8091805182157,140.3797607421875,31042700
2018-10-19,140.80541616680983,141.61146706707166,138.33292512975078,138.89443969726562,34214200
2018-10-22,139.40166274322047,139.88166996752386,138.13372173930966,138.59561157226562,28218300
2018-10-23,136.69367443923323,138.46880551089242,134.87327062239686,137.35482788085938,37228100
2018-10-24,137.14651130043913,137.64463586889684,132.06568216072793,132.18341064453125,40412400
2018-10-25,132.88982080028532,135.68836983122824,132.60001169873374,135.0453338623047,32311300
2018-10-26,133.62344541041756,135.3261208968033,131.05132860893482,133.56910705566406,36986100
2018-10-29,135.06349502712118,136.4220093160457,131.38645189622238,132.8355255126953,33031300
2018-10-30,132.99854986904785,135.75179931993517,132.7358960432315,135.6068878173828,29017200
2018-10-31,136.99250202685002,137.53591297711466,135.87852478027344,135.87852478027344,36785400
2018-11-01,136.65747402576332,139.26582576583246,136.58501827525905,139.01223754882812,28496400
2018-11-02,139.52839839035138,140.2801108918661,138.06120815483683,139.47406005859375,26671600
2018-11-05,139.51026930346194,140.0717975967199,137.97968908246455,139.36537170410156,16940900
2018-11-06,139.15711720568623,140.4794102969543,139.039388718447,140.05374145507812,15572900
2018-11-07,140.70581576721125,142.5624542236328,140.19863944769514,142.5624542236328,22127800
2018-11-08,141.83789137687285,143.00620710947177,141.59335503488094,142.1820526123047,14987700
2018-11-09,141.2854507626275,141.31261993605884,138.52313630112113,139.5465545654297,20654400
2018-11-12,139.49220128867543,139.62804714129246,136.6121448375409,136.7842254638672,21886800
2018-11-13,137.30048033915023,138.6499286679362,136.1140332294167,136.34951782226562,18468500
2018-11-14,137.4997639405132,138.0793961414971,134.47479500396662,135.35330200195312,24549100
2018-11-15,134.48387333067788,137.4816595514836,134.15782932306473,137.28240966796875,24482000
2018-11-16,136.4038629575514,137.92539200468167,135.9057383934841,137.60841369628906,29323500
2018-11-19,137.37295406679138,137.68994625233375,134.3751681719184,134.81895446777344,21540900
2018-11-20,133.36079710577397,134.42948820133364,131.85737156025675,132.2196502685547,25907000
2018-11-21,132.9350594647093,135.28075588148454,132.70864057151837,134.06715393066406,17902300
2018-11-23,132.97136350589653,135.21743622711256,132.9622979009576,133.9404296875,11134800
2018-11-26,135.23553367832739,136.21365150113624,134.71023999154917,135.67930603027344,15346400
2018-11-27,135.10873876496154,135.6068633278269,134.30268767942275,134.55628967285156,14461800
2018-11-28,135.1268640196759,137.9978554424592,133.7683499434335,137.880126953125,26125900
2018-11-29,137.30950876311053,138.33292684064008,136.24986973412254,137.50875854492188,15134500
2018-11-30,137.17371511420868,138.44165619043468,136.82955375658108,138.2242889404297,20304700
2018-12-03,139.82731190389913,139.90881942419313,137.68086428571283,139.5465545654297,23379800
2018-12-04,139.24765739530451,139.59181862932348,133.26113966930134,133.6053009033203,41077900
2018-12-06,131.73057296307329,133.3155059814453,129.90110355240137,133.3155059814453,37581200
2018-12-07,133.26112870988257,134.27548112312897,129.75616799520677,130.4354248046875,28525100
2018-12-10,130.66183952402469,131.06939083265624,128.10782736944142,130.05503845214844,30776600
2018-12-11,131.9388890855424,132.4007927461851,128.9592207639128,129.9192352294922,29229300
2018-12-12,131.21431148023012,132.91697255002882,131.10562098931672,131.15997314453125,27894800
2018-12-13,131.54036517734363,131.9479165451605,129.09502933140902,129.3033447265625,23205400
2018-12-14,128.3614212125513,129.7199348485001,126.88517912542403,127.3470687866211,24037200
2018-12-17,126.9190922361227,128.01863369625698,123.72953597921966,124.51102447509766,36468500
2018-12-18,125.63784151438908,126.4738504015279,123.84768737737575,124.35657501220703,42277200
2018-12-19,124.31112128338576,126.01948102717219,121.08520863661126,121.76673889160156,47676600
2018-12-20,121.43050749140846,122.13929776419008,118.34089571176096,119.75847625732422,57908100
2018-12-21,120.29463493826918,120.8125907087745,116.29632282344502,116.65071105957031,59404800
2018-12-24,116.06914444840218,116.74158566568892,114.35168189507576,114.38803100585938,28575700
2018-12-26,114.7515225028282,120.04020406671498,114.32442908997402,119.88571166992188,40182700
2018-12-27,118.37727086769526,120.38550567626953,116.19637256882332,120.38550567626953,39527900
2018-12-28,120.38549897714347,122.68452656832497,119.53131218217138,120.7308120727539,35994400
2018-12-31,121.51229694517303,121.81217190869016,119.767581229429,121.67585754394531,29173400
2019-01-02,120.10379272919998,122.82991350682936,119.53130292885227,122.3664779663086,27295100
2019-01-03,121.68495533153738,122.34830754622288,119.63126867738092,120.17649841308594,29294600
2019-01-04,121.69402894755838,125.0380776201986,121.50320825936826,124.6655044555664,35355300
2019-01-07,124.72911608499778,127.55519537012871,124.25659843495538,126.84640502929688,30477900
2019-01-08,127.94594008410758,128.845551081734,126.66465996933157,128.79103088378906,27320900
2019-01-09,129.2362579007038,130.29944299286618,128.69102837693515,129.8541717529297,25764600
2019-01-10,129.0909287365183,130.599385854148,128.44575445870498,130.5266876220703,22896800
2019-01-11,129.95420194312828,130.84474491575725,129.6543269257047,130.5630340576172,22428400
2019-01-14,129.7815193663268,130.34491317799095,129.1181533804625,129.2635498046875,29185000
2019-01-15,129.62706595002862,130.5357730758354,129.1181921781001,130.35403442382812,25678900
2019-01-16,130.56304564273447,131.98972262199877,130.55396356228684,131.3263702392578,20827300
2019-01-17,130.84470633093989,132.9710770647844,130.82652831124642,132.5167236328125,19273400
2019-01-18,133.21642391199288,134.41590969117206,132.67119427960608,133.87977600097656,28306700
2019-01-22,133.08923049984693,133.36183150145388,130.89924334848365,131.76251220703125,27741100
2019-01-23,132.05330271637413,132.8347773945866,130.36310720803368,131.39903259277344,20621300
2019-01-24,131.24451238786713,132.4530940581826,131.1536500301514,132.1895751953125,16976300
2019-01-25,133.2345849830445,134.1614697903564,133.06192847459016,133.88885498046875,22266900
2019-01-28,132.63490187523857,133.49817089562777,132.09875411810484,133.17103576660156,22784700
2019-01-29,133.31636983645072,133.41632813091434,132.56214159018236,132.85292053222656,12084800
2019-01-30,133.5617536141358,134.79759571316245,132.38043171766245,134.30690002441406,25516900
2019-01-31,134.13425129955368,135.66996846800512,134.06155306998426,135.45187377929688,27252900
2019-02-01,135.71537493626178,136.0152359978537,135.01566677242596,135.56088256835938,17057900
2019-02-04,135.76989212946458,137.18747257964304,135.28827861410306,137.1783905029297,21301700
2019-02-05,137.22380268820515,137.75995021400922,136.524108467109,137.32376098632812,18295900
2019-02-06,137.25108135852727,137.55095629348403,136.39690853667764,137.151123046875,13720600
2019-02-07,136.23333647266216,136.94212674378042,134.84301602810194,136.0243377685547,22850800
2019-02-08,135.45186770959725,136.21517828721738,134.9429939911838,136.1697540283203,13463000
2019-02-11,136.56952369510512,137.35101201089472,135.969787811731,137.3055877685547,16374800
2019-02-12,138.0507482668156,139.2048098928585,138.01440609236306,139.0230712890625,20779900
2019-02-13,139.413818359375,139.72277539404618,138.75954824726682,139.413818359375,15534500
2019-02-14,138.65058476554623,140.27716500457072,138.487010213894,139.73194885253906,18251000
2019-02-15,140.6496810191627,141.97639945959935,140.18624539909732,141.95822143554688,27240200
2019-02-19,141.34938381566863,142.7578825104933,141.34938381566863,142.3489532470703,15856900
2019-02-20,142.3580709769902,143.19407992357426,142.2399346058543,143.02142333984375,18317400
2019-02-21,142.78512140050057,143.0032021851077,141.81279834990343,142.4761505126953,17497000
2019-02-22,142.91232254113052,143.82102934254667,142.7578440487816,143.71197509765625,20411800
2019-02-25,144.5570546331772,144.9387097598759,143.6574300636826,143.74830627441406,17957100
2019-02-26,143.58474031573766,143.7483147315252,142.5669932513309,142.75782775878906,21497300
2019-02-27,142.20356570345865,143.0668345941569,141.867334679341,142.95779418945312,18194900
2019-02-28,142.74879904121076,143.10319426558502,142.0945288014782,142.46710205078125,18155300
2019-03-01,143.53025994434375,143.88465510012662,142.4398143777632,143.79379272460938,19247100
2019-03-04,144.0663673243847,144.28446194405356,141.38568508678526,142.4943084716797,23301800
2019-03-05,142.61243621727033,142.62151829288197,141.72190750557976,141.83094787597656,16798200
2019-03-06,141.7764751015698,141.83099530500002,138.92313557397938,139.05035400390625,29604600
2019-03-07,139.05033465249676,139.15937504418227,137.550959937986,137.83265686035156,26822500
2019-03-08,137.06938768412,137.90539662570976,136.86038891516532,137.79635620117188,20466800
2019-03-11,138.22343199525378,140.22258476196822,138.03259741096417,140.20440673828125,20854500
2019-03-12,140.30435971097953,140.8314114516155,139.7591438131198,140.277099609375,18966800
2019-03-13,140.77688543868933,141.5129358831737,140.62240691404912,140.83140563964844,24109100
2019-03-14,140.75871944573905,140.86777372274534,140.1226272705751,140.25894165039062,14217500
2019-03-15,140.42248626570714,141.64015027166036,140.24074764576557,140.63148498535156,22025900
2019-03-18,140.9041178249911,142.16722011352093,140.37706605388064,141.5311279296875,24510200
2019-03-19,142.19445697651824,142.2398950963163,140.45883727267784,140.813232421875,18633100
2019-03-20,140.8058926365592,141.60769073693524,138.86519700211633,139.6396484375,29463200
2019-03-21,139.15677780789227,142.19084012614582,139.15677780789227,141.47105407714844,31845000
2019-03-22,140.49613989290972,140.8059205284268,136.27762054924295,136.3231658935547,40663000
2019-03-25,136.19562370261522,137.8721124248026,135.22072243907982,136.92453002929688,26454700
2019-03-26,138.00879576937172,139.238826238283,137.38922043823453,138.3641357421875,21308600
2019-03-27,138.22745252003867,138.68301723694208,136.19562387268246,137.82655334472656,23477100
2019-03-28,138.30034043788237,139.33902750989608,137.516768513189,139.05657958984375,19473300
2019-03-29,140.02238059514238,140.28661594644515,138.58280816085858,139.4848175048828,28298900
2019-04-01,140.5781918893532,141.15220803531935,140.0588552023603,141.0064239501953,20075200
2019-04-02,141.10660825318797,141.11572844509914,139.8674716909135,140.64193725585938,18253500
2019-04-03,141.8992910459056,142.27284351615225,140.9790414977064,141.37083435058594,19554700
2019-04-04,141.48015600477078,142.1452764982468,141.07925688999737,142.0632781982422,15909500
2019-04-05,142.40951807695322,143.47553773234148,142.30929329382798,143.39353942871094,21379000
2019-04-08,142.91062133560308,143.50284975763853,142.19994166806924,143.1566162109375,14202400
2019-04-09,142.55531960027935,142.773981770126,141.14306617484755,141.40728759765625,18534200
2019-04-10,141.66240437117256,143.3753322027083,141.52574051343606,143.32977294921875,18938800
2019-04-11,143.52113421055446,143.66690437613516,142.87422609661695,143.14756774902344,12218700
2019-04-12,144.07685884471653,144.10419160735998,143.1475032066561,143.66683959960938,14120300
2019-04-15,143.91287397451327,144.04955171477914,142.59173923499068,143.2021942138672,10964000
2019-04-16,143.69421085908758,143.86731375121445,143.02907644698143,143.539306640625,16782900
2019-04-17,144.04041794959934,144.05864442712988,141.40725500695922,142.22727966308594,17108500
2019-04-18,142.2364290053393,142.39131935441168,140.91529399041232,141.80819702148438,23276300
2019-04-22,141.50749284420118,141.96305750542274,140.7877067966724,141.43460083007812,15596800
2019-04-23,141.56213976386567,144.00397325633477,141.55303347682155,143.56663513183594,23396100
2019-04-24,143.61220814894318,144.5871232569683,143.38442580438377,144.0131072998047,18053100
2019-04-25,143.34799102523723,143.4755485858887,141.653289775021,142.8195343017578,19365100
2019-04-26,143.01090550261907,144.4049326527582,142.50066125770778,144.20448303222656,16999100
2019-04-29,144.52333000002812,145.42535304248685,144.40489264088285,144.8968963623047,13698900
2019-04-30,145.0062433755203,145.04269633828835,143.01088160002186,144.22267150878906,24127500
2019-05-01,144.56886912478805,144.62353465258943,142.78306367054466,142.85594177246094,17734300
2019-05-02,142.7192894336237,144.09508963730104,141.8445992102548,143.52108764648438,22715700
2019-05-03,144.24090233004478,146.3638356363737,144.13157124391475,146.26361083984375,20178800
2019-05-06,144.12247216438774,146.79208909790907,143.96758180210256,146.42764282226562,21262100
2019-05-07,145.1519907499144,145.66222087790797,142.36393762000085,143.53018188476562,25434500
2019-05-08,143.28420851177725,144.04044760360063,142.72841900587005,142.82864379882812,16113700
2019-05-09,141.69884065703772,142.72840737051393,140.0770315233688,142.30929565429688,25259900
2019-05-10,141.76261816469562,142.8924236109776,140.01325140778656,142.70108032226562,26544700
2019-05-13,140.03149609234245,140.33217049784528,137.7263395528869,138.15457153320312,26936500
2019-05-14,138.45523364996578,140.46882189528233,138.21833110152969,139.89480590820312,15519200
2019-05-15,138.8561356906841,140.68751495533684,138.55547517828447,140.3503875732422,18410600
2019-05-16,140.77860869563696,142.3001932345451,140.71483686247902,141.22506713867188,13772100
2019-05-17,140.14990518299211,141.47103978925585,139.09299193688958,139.25698852539062,21534000
2019-05-20,138.4278778329963,139.2387963149474,137.9541005728823,138.2912139892578,18689800
2019-05-21,139.06567149560465,140.35035326089258,139.02011224940748,140.14991760253906,11659100
2019-05-22,139.6032757526173,139.94038924929092,138.49169654967093,138.97459411621094,13922600
2019-05-23,137.63524762125334,137.63524762125334,135.37564990130042,136.11366271972656,26379400
2019-05-24,137.01566863528404,137.66256284185542,136.47809162506493,137.38922119140625,16093100
2019-05-28,137.58968563399938,138.172808063182,136.28677688705048,136.29588317871094,14042200
2019-05-29,135.61248605141935,135.6944843544102,134.26401853667005,135.15692138671875,22622300
2019-05-30,135.53047309675142,136.28671202672797,133.97243599470747,134.78334045410156,17739100
2019-05-31,133.19798266000353,133.79021109086176,132.40530468888252,132.89730834960938,25411300
2019-06-03,133.1433373638249,134.1273587375392,132.4144310978072,133.36199951171875,26554500
2019-06-04,134.77425081259733,136.93362290766484,133.40755679744464,136.815185546875,21217600
2019-06-05,137.3618658348911,137.4803171079174,135.40294315038986,136.842529296875,18184100
2019-06-06,136.7787062038498,137.14316621256006,135.1295646347782,136.48715209960938,20772500
2019-06-07,136.98830145496478,138.04520092039547,136.6876271052605,137.45297241210938,17107500
2019-06-10,137.99049821351323,139.53030860354843,137.99049821351323,138.2638397216797,18912300
2019-06-11,139.2843477731858,139.61235491528276,137.19786755174354,137.8538818359375,15373000
2019-06-12,137.74456894659394,138.2912522783714,137.23433858506013,138.00880432128906,11957600
2019-06-13,138.7741008305507,139.56677886908997,138.3732017159282,139.46656799316406,14839400
2019-06-14,139.29345833063317,139.34812386674642,138.23654495667512,138.2456512451172,16154800
2019-06-17,138.86093368232636,139.80270359595846,138.67806831155252,139.19924926757812,12509300
2019-06-18,140.14109959181,141.86005180547008,139.21760591915674,140.8177032470703,22100800
2019-06-19,140.9822853463984,141.4485943803785,140.25994791632675,141.32058715820312,15625000
2019-06-20,142.68294534216895,142.83838167009935,141.21085546972301,141.988037109375,17595700
2019-06-21,141.84174719571814,141.87831470298704,140.45194473994124,140.7628173828125,19854400
2019-06-24,141.1377213055777,141.18344116017423,138.97987531498595,139.0530242919922,24002600
2019-06-25,139.2633217559925,139.43704883600117,138.06553688023723,138.2026824951172,17462200
2019-06-26,138.705576786107,139.181038183562,137.84609370477187,137.88267517089844,15726900
2019-06-27,138.2850004578033,140.5982831187797,138.2850004578033,140.47027587890625,22278400
2019-06-28,140.7628371960789,142.65553034157895,140.75369880591006,142.18006896972656,35089900
2019-07-01,144.04530783353414,144.4933400482794,141.92404348493656,142.72866821289062,22850500
2019-07-02,142.6555328008227,142.74695855930915,141.0462831919621,141.86004638671875,19024600
2019-07-03,142.27151481521327,142.94811846214986,141.87834079314297,142.87496948242188,9115100
2019-07-05,142.17094814789388,143.31387488856262,141.59490860603924,143.25900268554688,14156700
2019-07-08,142.82923833232192,143.07610039956123,141.6223013077522,141.8966064453125,9735700
2019-07-09,141.3023193714746,142.11608269139188,141.24746111759706,142.08865356445312,12381600
2019-07-10,142.82009472200969,143.14925811685552,141.58574245514262,142.3354949951172,17325400
2019-07-11,142.53667563626962,142.5823954951261,141.00972722231043,141.640625,14260800
2019-07-12,141.85086580119284,143.2498064507473,141.61314215775255,142.73777770996094,16678000
2019-07-15,143.14925432596016,143.1766834454926,141.58573870565243,141.988037109375,12194300
2019-07-16,141.84175894313995,142.82009680067048,141.42115584014988,141.9423370361328,15152700
2019-07-17,141.94237933883852,142.03380511769944,140.56171474612094,140.92745971679688,14155100
2019-07-18,140.88173932384694,141.73207021796364,140.5617142196721,141.45777893066406,15705500
2019-07-19,141.6680396993395,142.1160579959829,140.64398193359375,140.64398193359375,17182600
2019-07-22,141.02798821333357,141.44857734192942,140.25993102105826,140.5159454345703,14474600
2019-07-23,141.06460191121613,141.46691439324906,140.38798419582042,141.44862365722656,15493200
2019-07-24,141.07368194444666,143.9630031640346,140.918245631915,143.78927612304688,23823100
2019-07-25,143.71617231421618,143.7710445168243,141.8052021664319,142.0520782470703,17902500
2019-07-26,142.25322283473304,143.93560749849775,142.1800738556466,143.7344512939453,14260300
2019-07-29,143.72530627746522,143.88074261895508,142.27150700846553,142.77438354492188,13192200
2019-07-30,141.77775818461973,144.3196258544922,141.45774710418797,144.3196258544922,1200
2019-07-31,144.26478965248796,145.59058193511763,142.2258121708784,143.1492919921875,40445900
2019-08-01,143.44182327194125,144.62131704560394,140.43363351177146,141.07366943359375,38070200
2019-08-02,140.21420888500586,140.57993973288418,138.3215161703047,139.51016235351562,30148300
2019-08-05,136.95005157410884,137.07805880998117,133.6858600834935,135.32252502441406,39221500
2019-08-06,136.14536077275656,136.87683631718537,134.755572585251,136.5659637451172,24283300
2019-08-07,135.24934815752766,136.88602671278684,134.12471239194173,136.52943420410156,23952100
2019-08-08,137.28834237672734,139.55591887509064,137.14205837017263,139.47361755371094,19415600
2019-08-09,139.06217681369662,139.1170350640908,137.17863580753792,137.7180938720703,19313200
2019-08-12,136.9774835304097,137.26092713343184,135.62426215868672,135.9351348876953,15963000
2019-08-13,135.63340038499416,138.78787543528387,135.0207933191373,137.39808654785156,21912600
2019-08-14,135.27678284409876,135.30421196499256,133.23780579779913,133.55783081054688,28235800
2019-08-15,134.06072308462996,134.10644294207322,132.38747675474633,133.02752685546875,24202400
2019-08-16,133.62184458190916,136.15457403265404,133.59441545749698,135.8985595703125,22783400
2019-08-19,137.4438076668617,137.96497501648523,137.105491857438,137.27008056640625,17023400
2019-08-20,137.07800891926894,137.1602962655786,136.2276784372612,136.37396240234375,13324100
2019-08-21,137.7180902223239,137.74551934679408,136.95918522458473,137.4986572265625,13446100
2019-08-22,137.76379723848416,138.1386805069537,136.36485621394232,137.17861938476562,12979100
2019-08-23,136.43797082099368,137.25173378683067,132.51543995458422,132.9726104736328,36974600
2019-08-26,134.22532854053875,134.45391390455475,133.22869970184746,134.4356231689453,19167100
2019-08-27,135.28590773880399,135.34076596946196,132.28685626270743,132.4423065185547,24546200
2019-08-28,132.17721742963036,134.76480579201913,131.8937737702716,133.98760986328125,20115500
2019-08-29,135.45965906773586,136.50200759977227,135.28594593884742,136.33743286132812,18786300
2019-08-30,137.05063747133613,137.1237864605253,135.35910023172636,136.090576171875,18727100
2019-09-03,134.8195828002622,135.61506898777452,133.49379109005764,134.09725952148438,20688000
2019-09-04,135.33166011238077,135.65168517012137,134.57275510689644,135.1762237548828,13107500
2019-09-05,137.01402454155755,138.89756504574504,136.57513075188666,137.6906280517578,25666700
2019-09-06,137.79121389810592,138.27581361039995,136.9957415310835,137.0597381591797,14645900
2019-09-09,137.67238420214116,139.19933258726573,137.20606118305025,138.89759826660156,25780100
2019-09-10,138.68729934397746,140.76285826571234,137.96497576378172,140.6714324951172,29576200
2019-09-11,141.28405739116826,143.69791847689575,140.40628338192892,143.55162048339844,42970500
2019-09-12,143.71615724692802,144.37448409178282,142.2440811638881,143.58815002441406,38648300
2019-09-13,144.32878937924002,145.30712738036488,143.6704624833417,143.8350372314453,31042800
2019-09-16,143.52413534652308,145.15166152177775,143.27725932280225,144.3744659423828,23242600
2019-09-17,143.88076494111772,144.07278277612522,143.04871090898965,143.9996337890625,22986700
2019-09-18,143.99049193882593,144.00878267486019,141.78693958185647,143.11273193359375,19735700
2019-09-19,143.36867761991792,144.30130938562726,142.20746059459512,142.41775512695312,21531600
2019-09-20,142.30806087762912,143.2315404479743,141.21999263977077,142.1160430908203,22707200
2019-09-23,141.59488163952878,142.5915102191675,141.32057648366077,142.00633239746094,14944600
2019-09-24,142.35865046198208,142.48710759997687,139.32154569877952,139.86289978027344,27576700
2019-09-25,139.72530646681307,141.63382298654895,139.284883885576,141.395263671875,21917500
2019-09-26,141.2300911904331,141.2300911904331,139.42250637133907,139.8170623779297,20641600
2019-09-27,140.2207612309324,140.58777762907832,138.09202691950736,138.69761657714844,20181900
2019-09-30,138.89034902680064,139.70697272931324,138.3581652430263,138.86282348632812,16905400
2019-10-01,139.56931074694188,140.70708414322672,135.84403917627938,136.1376495361328,34093500
2019-10-02,135.4586760599185,135.4586760599185,133.8345994668284,135.11000061035156,24894600
2019-10-03,134.5961954378289,135.74313961600825,132.98128907445098,135.55963134765625,25362800
2019-10-04,135.78899440281586,136.9451088746423,134.99071188582974,136.84417724609375,18640400
2019-10-07,136.51389071554246,137.697545016984,135.90830079391117,136.60565185546875,15762800
2019-10-08,135.26600764666586,135.73395583360295,134.06401238158122,134.38516235351562,18110600
2019-10-09,135.37609545926748,135.51373714727188,134.55030133436915,134.99990844726562,10929500
2019-10-10,135.19255385872222,136.25692104661326,134.9723496134886,135.54122924804688,16349000
2019-10-11,137.44060323944333,139.43171057580446,135.51374549571415,137.8351593017578,29236300
2019-10-14,137.55070840861723,137.770912704148,136.80749090963732,137.3304901123047,10692600
2019-10-15,137.78928799550422,139.58770267795188,137.4406124752539,138.90870666503906,16801200
2019-10-16,138.74351557704466,139.71612176216755,138.67927999839918,139.05548095703125,13119100
2019-10-17,139.73448591919572,140.85390446874837,139.5142816148787,140.6979217529297,13175800
2019-10-18,140.3216865062776,140.84469960302752,138.96370895801047,140.028076171875,14490200
2019-10-21,141.4595118999217,142.20272952098722,141.2209525403155,141.34022521972656,17450300
2019-10-22,141.48703130636707,142.2669589494207,141.06496368838168,141.4962158203125,12471800
2019-10-23,141.61545064315993,141.991651594,140.89058827517175,141.67050170898438,8728000
2019-10-24,142.1751492236281,142.2760808370482,140.8171716982495,141.4686279296875,9091400
2019-10-25,141.22093743434357,142.7073725174752,141.21175292098235,142.2210693359375,10531500
2019-10-28,142.82664596584294,144.03781155090928,142.23022668464904,143.45057678222656,15392400
2019-10-29,143.14777634549515,144.36812639584127,143.01014867096694,143.9185333251953,11978300
2019-10-30,143.86344319464112,143.88179821497448,142.47794017620566,143.44137573242188,14451500
2019-10-31,143.23039152842114,143.23039152842114,141.52373806751677,142.63397216796875,17344200
2019-11-01,143.50562050126902,145.14805206754903,143.1844845978016,145.0654754638672,18421600
2019-11-04,146.25827969191423,146.53354902649724,145.40496015556482,145.8453826904297,16182000
2019-11-05,146.25828893967758,147.2309091834727,145.86374693576008,146.02890014648438,13760200
2019-11-06,145.88211965314503,145.88211965314503,144.7993971375461,145.1847686767578,16025500
2019-11-07,146.57027522040335,146.96481724284436,145.12970681114135,145.57012939453125,13448900
2019-11-08,145.23058343216948,146.13896779205155,144.9277886455421,145.96463012695312,11967400
2019-11-11,145.00124097785866,145.79950948770687,144.86361330401607,145.6894073486328,10508700
2019-11-12,145.8270376446283,146.69872626390747,145.4233251271706,145.73529052734375,14316900
2019-11-13,144.73514118843522,145.43247799849448,144.23048310184927,145.111328125,14514400
2019-11-14,144.90947876698291,145.80869289856506,144.78102160543983,145.0654754638672,13054000
2019-11-15,146.1022956778318,146.15734674409327,145.29485670469705,145.81785583496094,13119200
2019-11-18,145.63435967676128,145.6527147006287,144.9186677545214,145.4508514404297,10759500
2019-11-19,145.99220275878906,146.53355694556458,145.2581558271578,145.99220275878906,15203700
2019-11-20,145.47837569682622,146.44181143007293,144.29472168144915,145.44166564941406,21314300
2019-11-21,145.72614387264062,145.79036546517543,144.26722026093282,144.7259979248047,15388300
2019-11-22,145.25817475989774,145.46920855498408,144.3773295277567,145.17559814453125,13482400
2019-11-25,145.91877677163544,148.48793368168714,145.7903196261718,148.258544921875,24753000
2019-11-26,148.41453287571122,149.13939522214923,147.99245138230603,148.35948181152344,15496700
2019-11-27,148.99260531424932,149.49724943114404,148.71733597726487,149.40550231933594,13202500
2019-11-29,149.0201265472922,149.36878796334906,148.3411307357631,148.43289184570312,9988200
2019-12-02,148.78161624157656,148.83668133131764,146.72630091638192,146.98321533203125,17190900
2019-12-03,145.7261137757683,146.58860384505914,145.06547295617256,146.51519775390625,14884400
2019-12-04,147.2675760789866,147.9282167926742,147.08406788091293,147.5244903564453,10833200
2019-12-05,148.15761347609742,148.32276666297625,147.221703414781,147.6713104248047,11470700
2019-12-06,149.18531450280952,149.93771657743625,149.10273788509184,149.3963623046875,16486200
2019-12-09,149.33211099170865,149.70831198941755,149.00179055482937,149.1118927001953,13476700
2019-12-10,149.02010508857458,149.52476311901526,148.58885313535959,149.20361328125,13704400
2019-12-11,149.4513849839174,149.6348932109024,148.5980514273058,149.1577606201172,19612200
2019-12-12,149.33208922929254,151.4883492670165,148.8733116894176,150.4423370361328,24857000
2019-12-13,150.23125891108992,151.22221987694513,149.1485508562783,149.86424255371094,23279600
2019-12-16,151.08635235741255,151.8138880831205,150.79166483657545,150.92059326171875,20115300
2019-12-17,151.16000658647644,151.67572021484375,150.75479900643288,151.67572021484375,12980000
2019-12-18,152.0072896587935,152.20989349845996,151.32581679095713,151.970458984375,15379300
2019-12-19,152.20988628045404,152.62429809570312,151.8415233451538,152.62429809570312,11919800
2019-12-20,153.01103493164845,153.25048341068606,152.615045604226,152.84527587890625,25449500
2019-12-23,153.09391690848142,153.20442293526858,152.28350190633626,153.149169921875,13372100
2019-12-24,153.28732231952043,153.51755260658854,152.90974127621473,153.49913024902344,4334500
2019-12-26,153.63727685254923,153.77540940393348,153.20444278868987,153.49913024902344,9371200
2019-12-27,153.90435904410018,153.90435904410018,152.34799984037227,152.74400329589844,12261800
2019-12-30,152.8545301429306,153.06635218262153,151.5560416476646,152.35723876953125,14912700
2019-12-31,152.02567536037407,153.1952492341921,151.68493900862603,152.5690155029297,17362400
2020-01-02,153.55440915694084,153.563613310362,151.24288790324565,152.67031860351562,18297500
2020-01-03,150.7916061920213,152.32954254101887,150.75476148365573,152.07168579101562,19295600
2020-01-06,150.89303146399706,152.4493773878373,150.60753392316673,152.2744140625,17150900
2020-01-07,151.81394745487563,152.26519009327808,151.2245581305572,151.7678985595703,11817900
2020-01-08,151.7862605927253,152.90056753456508,151.69416283872374,152.2375030517578,13832400
2020-01-09,152.98342386596644,153.28732954547942,152.19143107903196,152.42166137695312,11895400
2020-01-10,152.45851941996628,152.58744783598587,151.21527008166478,151.8507080078125,15353000
2020-01-13,151.89676168475347,152.90976668489708,151.09556464930859,152.8361053466797,17271100
2020-01-14,152.08094811371484,154.33720256534068,151.93359732816808,153.3978729248047,18323000
2020-01-15,153.01105748928475,154.6687185217913,153.0018533357113,154.13458251953125,15437200
2020-01-16,155.25809589431162,156.43687386179187,155.11074513534115,156.12376403808594,19976200
2020-01-17,156.81445628677858,157.07231309116645,155.33177263547734,155.7001495361328,18306400
2020-01-21,155.0463266830089,155.62651165876517,154.04252573459362,154.410888671875,17935100
2020-01-22,154.88972459410914,155.28571392856702,153.9595852745053,154.30953979492188,14916300
2020-01-23,153.8860140992609,154.68721144204775,152.36648493793325,154.2083282470703,15954300
2020-01-24,154.72398178263305,154.72398178263305,151.24290041016442,152.31117248535156,20491400
2020-01-27,149.9720518141815,151.4823623098608,149.57604831509107,150.57984924316406,18539000
2020-01-28,151.4915390396227,152.32036250773626,150.561413676327,151.832275390625,16690400
2020-01-29,152.0441193656271,152.46773531424927,150.93900251219907,150.9666290283203,14944400
2020-01-30,149.96282813686287,151.16002869331356,149.12478634213292,150.9666290283203,21889700
2020-01-31,150.4048888123547,150.95743321746477,147.37504955690855,147.83551025390625,30439000
2020-02-03,148.82089850438916,150.04571155641688,148.71959659194948,149.4839630126953,17373200
2020-02-04,151.31661953252376,152.2375410940895,151.17848691914804,151.74024963378906,15994200
2020-02-05,153.3149641287385,154.28193424134457,152.58744253194786,154.07933044433594,17807000
2020-02-06,154.61346065757178,154.85289511227427,153.57281519848098,153.7293701171875,14768900
2020-02-07,153.13997990942303,153.20445113834373,151.3994394064142,151.84149169921875,18029600
2020-02-10,151.54684612377613,152.77167345621103,151.45476240121673,152.697998046875,11428800
2020-02-11,153.60046530685645,154.67795564889974,153.12159632388676,153.7570343017578,15005600
2020-02-12,154.73319101737388,154.98182963517405,154.0517042395139,154.81607055664062,12123000
2020-02-13,153.99645598291656,155.58964584634074,153.89515408107204,155.22128295898438,12649300
2020-02-14,155.35940518306884,155.43308056606264,154.1069517764594,154.62266540527344,16006200
2020-02-18,154.25433753910897,154.77005128492627,153.26894487666505,154.29116821289062,13412100
2020-02-19,154.87132193400487,155.76461665341716,154.28193290747805,155.0831298828125,11084600
2020-02-20,154.6226821135019,155.73700307999843,153.41627744741962,155.46072387695312,20383800
2020-02-21,154.85289658519306,155.29494888566109,153.1768272820484,153.8859405517578,18729900
2020-02-24,149.0603387259095,153.84912720704028,148.36044351899233,149.2537384033203,28239500
2020-02-25,149.66816257134326,149.889174732737,143.6269199227077,143.94923400878906,45047000
2020-02-26,144.6306698654287,145.95679857387452,142.02446131660787,142.28231811523438,39465000
2020-02-27,139.381439545775,142.75200070734326,137.0515098616872,137.27252197265625,50530300
2020-02-28,133.39543297904228,137.3369743408429,132.52976485761235,134.75839233398438,72036400
2020-03-02,136.26877406615495,139.27097350688035,133.8927945858151,139.0867919921875,33569300
2020-03-03,139.14198194810757,142.0060474671536,134.73997969791554,136.2502899169922,42941300
2020-03-04,138.3960439293677,140.39444134988574,136.77522759278233,140.12738037109375,36195800
2020-03-05,137.06995661822083,140.4221104122642,133.9848779360386,135.670166015625,32729400
2020-03-06,131.42467301403238,134.43607527500322,129.8406873971872,132.98101806640625,39688300
2020-03-09,123.52316940023027,125.40184253140978,119.95919467533517,120.0512924194336,56320000
2020-03-10,124.05733993897918,124.14021950045581,117.8963729305743,123.79946899414062,54432700
2020-03-11,120.56702756818014,121.81027707456754,114.35080814053384,115.92558288574219,51354800
2020-03-12,107.53598060709405,110.4184688665319,102.7748190174964,103.11556243896484,70114300
2020-03-13,108.95418137835226,110.47370271412215,100.88691698762753,110.02245330810547,57915100
2020-03-16,100.03047955207563,102.49854905076545,93.40905279817976,95.42587280273438,59095700
2020-03-17,96.65990208044934,101.7618070984696,92.65389569490954,99.80024719238281,59344800
2020-03-18,94.9009537793019,98.33598669199759,88.63868540275602,92.06451416015625,62296700
2020-03-19,91.77901960446043,98.35439708668628,88.12296094024452,95.65609741210938,62654700
2020-03-20,97.72817373721014,100.15940547807062,92.50654447402214,93.38142395019531,76203700
2020-03-23,93.84189628865556,94.09975316808901,88.32557882168896,92.00005340576172,63534700
2020-03-24,97.03747236497519,100.6843195862761,92.02765863418377,100.41725158691406,73386700
2020-03-25,101.21232699047214,105.39098395253278,98.01361197242974,101.66532135009766,56043700
2020-03-26,103.11675116969589,108.71911135626002,102.80242353652862,107.98876953125,51657600
2020-03-27,103.77312043463148,107.25841500638282,102.49733761789737,104.05970764160156,39931500
2020-03-30,104.68834646346484,106.55580417383564,102.43261503404324,106.3524169921875,41552100
2020-03-31,105.94564243900112,107.39707898797062,103.50501037007457,105.81621551513672,52948000
2020-04-01,100.49120778174552,102.04433808975465,97.56060103283347,98.60527038574219,54224200
2020-04-02,97.73624892887592,102.05357865141902,96.67309310117926,99.53898620605469,43774200
2020-04-03,98.5405616074845,99.84408499154036,94.85187933131535,96.7193374633789,42189200
2020-04-06,100.85176734595157,104.78081698944688,100.78705386924712,104.12443542480469,48708100
2020-04-07,108.05348905208119,109.68057988051854,103.90256548588046,104.39253997802734,57546100
2020-04-08,106.20450983125063,110.23525268254856,104.73458655708261,109.15361022949219,52822300
2020-04-09,112.71287461853233,115.19973413670279,112.16743347469381,114.37694549560547,69528600
2020-04-13,113.57264212727658,114.1828037931331,110.12432731114491,111.2799301147461,40198200
2020-04-14,114.54335678003721,115.44934547156255,112.13970424427352,113.5356674194336,35089700
2020-04-15,108.9594507336277,110.11505325112059,107.85007513812975,108.90398406982422,34809900
2020-04-16,109.17209710461627,109.47717791638563,105.90867614209972,108.08121490478516,49501300
2020-04-17,112.69437930432987,113.45245441082064,110.9933284231559,112.84229278564453,46250200
2020-04-20,110.5588247566761,113.61886568592345,110.05036377013813,111.51104736328125,36700500
2020-04-21,108.55268438743948,110.23524149473248,107.68367602646741,108.84851837158203,31608900
2020-04-22,111.23371118116869,111.85311263566837,109.80076078035037,110.1705551147461,24333800
2020-04-23,111.03956267034746,113.61886897236846,110.64203502408817,111.25218963623047,38571200
2020-04-24,112.35231423340835,114.00713812347225,111.02105768425325,113.16586303710938,27147500
2020-04-27,114.5895714008233,118.740501757553,114.50637138436153,117.64961242675781,39021300
2020-04-28,121.21809013816542,121.53242477749716,117.6680822099266,119.3598861694336,47292700
2020-04-29,123.40913843919616,126.51539930829092,121.92072147886994,125.2303695678711,50390500
2020-04-30,121.93920750223846,122.90067697632242,120.31212376226273,120.46928405761719,43727500
2020-05-01,117.54790063545393,117.83448782992907,113.97939915882557,115.68968963623047,43352000
2020-05-04,114.26600947289451,116.39232155820469,113.0179597937951,116.18893432617188,28498200
2020-05-05,118.39844825299222,120.10873194762308,116.57721004297366,117.08567810058594,31209400
2020-05-06,117.86224454252788,118.51862611850457,115.56028562773069,116.22591400146484,29836800
2020-05-07,117.76978259187716,118.79595836065243,116.99322095779813,117.81600952148438,27493000
2020-05-08,120.33060579991589,122.725011297683,119.43385694289474,122.36446380615234,32122900
2020-05-11,120.56174981077574,122.9099288345048,119.56330715381394,121.75432586669922,33983200
2020-05-12,122.2720284746585,122.29976181617322,117.26133591477316,117.38152313232422,44275300
2020-05-13,116.16118666741502,116.55871428468514,111.3169020466558,113.45245361328125,58719300
2020-05-14,110.91014491025531,113.96093233022184,108.33083839452375,113.822265625,55904300
2020-05-15,112.79608647063343,116.05026103645582,112.28761838851736,115.63424682617188,40236600
2020-05-18,121.5231995212064,123.31669749938791,120.9500249903784,122.66030883789062,46981100
2020-05-19,122.23505198137285,123.37216127122711,120.23816680908203,120.23816680908203,30270000
2020-05-20,122.70652644352991,124.78661152892903,122.3829661163557,123.88062286376953,35901300
2020-05-21,123.92683941438018,124.86056134059108,122.56784947726932,124.10249328613281,32716500
2020-05-22,124.50001245177737,124.85132019132705,122.97462251006255,124.70339965820312,24035200
2020-05-26,129.5107216521189,129.77882941798336,124.79587039945248,128.29965209960938,36971000
2020-05-27,130.87893134369955,132.66317493937112,126.95912235078303,132.2841339111328,42682000
2020-05-28,133.80955997496753,133.80955997496753,127.19026397465572,129.15016174316406,42105000
2020-05-29,127.85588739717494,128.76187597725513,126.10861665378107,128.4105682373047,41536400
2020-06-01,128.74337269079894,130.9713779464067,128.14246496594816,129.64012145996094,25567500
2020-06-02,130.41671269974148,131.13780769814122,129.0207355284586,130.71253967285156,24666200
2020-06-03,132.8203665277178,135.03913244778448,132.30265871164625,133.8650360107422,36111700
2020-06-04,132.97755186067536,134.60464999639774,132.36739005977947,133.67091369628906,28904700
2020-06-05,139.4673850890136,140.81713530624572,138.25631566550248,138.83872985839844,53513400
2020-06-08,140.8448838264404,141.80633921007936,140.1792554429671,141.52899169921875,33834300
2020-06-09,139.46738416724466,140.30866634823053,137.80331339894258,138.91268920898438,39646000
2020-06-10,138.75556841092288,138.91272873563713,134.88198466393132,135.14083862304688,51774500
2020-06-11,129.56618468082925,130.3797335936514,124.59247965361375,124.83283996582031,72041500
2020-06-12,129.73262527467455,130.37052042896477,124.0193163378204,127.82819366455078,63864900
2020-06-15,123.63167043715167,131.7760726390013,123.63167043715167,130.78353881835938,57354800
2020-06-16,136.07087364950485,136.07087364950485,130.82060689413922,133.9281005859375,48957000
2020-06-17,134.12292906727663,134.49398101359265,131.0896590234309,131.507080078125,34811400
2020-06-18,130.20843118746726,132.93560308245264,129.68897257017207,131.46070861816406,26974100
2020-06-19,133.9652294544483,134.0487108296625,129.71678045861546,130.78353881835938,50293800
2020-06-22,130.08788241140982,132.23992778492297,128.7799504133247,132.0915069580078,28983200
2020-06-23,133.87247561912827,134.18785913593064,132.3233568515153,132.6480255126953,20344200
2020-06-24,130.88555477460378,131.34935898832785,126.4423024807857,128.34390258789062,42998700
2020-06-25,127.74096985868671,130.40320166382327,126.42375336295271,130.28260803222656,37191200
2020-06-26,129.38283038233493,129.70749902092882,126.60929000960175,126.77625274658203,39100100
2020-06-29,128.66860150029777,131.71115672650714,127.17515101423524,130.9226837158203,33935200
2020-06-30,130.48666480369096,133.22310660341915,130.41245443724185,132.81495666503906,32865900
2020-07-01,133.2509318199028,134.04867555512084,131.01540648706495,131.5534210205078,26457500
2020-07-02,134.0951456587949,134.76302522572396,131.61843149567855,132.0915069580078,24022400
2020-07-06,134.80006858237192,135.15255017332498,132.58307076868851,133.046875,19858200
2020-07-07,131.88737415814109,133.05616996600725,130.31044248610345,130.69076538085938,22661000
2020-07-08,130.57014865340122,132.1841923076096,129.03032952124056,131.66473388671875,27358900
2020-07-09,131.73895987671673,132.04507237265184,127.30499248865453,129.0025177001953,34647800
2020-07-10,129.06745909322615,131.25661593937173,128.43669204385085,131.0803680419922,24008200
2020-07-13,132.46252300482138,134.16931958764977,129.29937399301798,129.4199676513672,34235500
2020-07-14,129.33644475812753,131.7018492346496,128.60364028004943,131.56271362304688,28114000
2020-07-15,134.8928259980841,137.08198261819132,134.30842811536345,136.3862762451172,40770100
2020-07-16,135.53288615072532,136.05234467537468,134.39193159450022,135.5792694091797,30530800
2020-07-17,136.06163079605398,136.90575806957153,134.9763303676106,135.9781494140625,20644100
2020-07-20,135.54215966571994,136.21932411256557,134.64237822083936,135.3937530517578,19663300
2020-07-21,136.7943996393789,138.3620599597668,136.54394143062032,137.31385803222656,24503800
2020-07-22,136.44191227796912,137.90753520678186,136.38625804022112,137.38807678222656,24424800
2020-07-23,137.26750767981218,139.32679976935336,136.08016988186557,137.52723693847656,21704900
2020-07-24,136.62741824152184,136.97991391960218,135.02265986962516,135.50502014160156,20015500
2020-07-27,135.60706216182285,136.9984746376812,134.86497267719582,136.9149932861328,13370700
2020-07-28,136.42340700719086,137.32317434983975,135.4865132390867,135.55145263671875,13268000
2020-07-29,136.35842950235406,138.6310671632239,136.33987337190433,138.53831481933594,19864400
2020-07-30,136.48829158077712,138.32495214425444,135.73693108454458,137.9910125732422,23618900
2020-07-31,137.41590093719006,137.67563014386565,134.197098817839,136.69236755371094,29881500
2020-08-03,137.5550545459749,139.1134441443316,136.56252083778367,138.91864013671875,20777100
2020-08-04,138.57546842228277,140.00397964702952,138.25079970320186,139.87411499023438,20285000
2020-08-05,141.26550847676467,142.74968790905598,140.79243318288653,142.65692138671875,18190200
2020-08-06,142.66619671622388,143.25986561745998,141.8406256792833,142.60125732421875,18237700
2020-08-07,142.34151266875006,144.93881913854915,142.06322730516771,144.86460876464844,20475200
2020-08-10,145.30985180755783,147.33204550212665,145.30985180755783,146.36732482910156,24000500
2020-08-11,147.74020759329986,148.25039509166044,144.8553446344051,145.52322387695312,30359400
2020-08-12,147.18362634585762,147.38770133065168,145.1614467836744,146.11688232421875,23378300
2020-08-13,145.62525689609882,147.05376769337454,145.30985926324576,145.81077575683594,15799900
2020-08-14,144.96667212908702,146.3395289057856,144.58634920279448,145.71803283691406,13360900
2020-08-17,146.09836831451932,146.58999978667146,145.39339080736548,146.4694061279297,9744200
2020-08-18,146.42304053033442,146.42304053033442,144.43795845716744,145.0687255859375,14670400
2020-08-19,145.56957319317374,146.59921903931144,144.88315206520213,145.07794189453125,14337300
2020-08-20,143.59375695448534,145.16141712916013,143.35256975581026,144.4842529296875,15413000
2020-08-21,143.91847445793314,144.4472181753589,142.48069239304104,143.41757202148438,20685100
2020-08-24,144.57709265481276,144.95741561909782,143.1578524751007,144.92030334472656,13707100
2020-08-25,145.45826471927137,145.4675498615501,143.58449186822665,145.07794189453125,16269700
2020-08-26,145.17068760274918,145.42114578734237,143.94623794845205,144.1688690185547,13772700
2020-08-27,144.81823544283145,145.63453545753694,143.4361078274208,144.5214080810547,17508400
2020-08-28,145.26348815019165,145.8200447246885,144.4564591781897,145.74583435058594,12371400
2020-08-31,145.81077683649428,145.97773956613943,144.05759740431085,144.1781768798828,17051500
2020-09-01,143.98341466724213,145.92211333368297,143.26915204911694,145.82936096191406,15638800
2020-09-02,146.525026375006,147.47117673445246,144.87387043177492,146.98883056640625,16763400
2020-09-03,146.67343044061602,146.83112216448276,141.88698202472858,142.64761352539062,32117600
2020-09-04,144.43793064910247,144.60489339074317,138.48267142195854,141.73858642578125,30618800
2020-09-08,140.23586485540392,141.44175889634948,138.21368485092236,139.0114288330078,26447800
2020-09-09,140.46778900362,141.72006650262406,139.67005905082178,141.11712646484375,20160800
2020-09-10,141.76640890951222,142.74040066642056,139.19692939851348,139.28041076660156,23005500
2020-09-11,139.99465398688346,140.11524760473898,136.98919776216667,138.352783203125,20851000
2020-09-14,139.68857109938764,142.3229760400538,139.48449608174047,141.99832153320312,21991300
2020-09-15,143.20418170082746,143.50100901285793,141.7942130446873,142.2672882080078,16175500
2020-09-16,142.95371184312333,145.4953636124248,142.70325364567395,143.61231994628906,22178400
2020-09-17,141.571600092797,143.22274203625463,140.7645852536301,142.56414794921875,20002900
2020-09-18,142.8331367743538,144.04830150777653,140.19873232816607,142.19308471679688,38352800
2020-09-21,138.974271374933,139.38240710533788,135.73691356692424,137.21180725097656,40652500
2020-09-22,137.8889795367084,138.49193347408016,135.95028142638168,138.26930236816406,19385800
2020-09-23,138.1910947114571,139.14085143212864,134.06611909692575,134.14993286132812,33403400
2020-09-24,134.12198546777336,136.44053931486647,132.3062573745708,134.14993286132812,31723700
2020-09-25,133.56329757135106,136.7385020198295,133.4794980213411,136.32879638671875,20689300
2020-09-28,138.15382005829207,140.081294809259,136.31946538338175,139.69021606445312,17600900
2020-09-29,139.53196049418565,139.93234567006914,137.8093380848717,139.05706787109375,18683800
2020-09-30,139.57851591227873,141.50599130925258,138.26561333187652,139.47608947753906,29073700
2020-10-01,140.42581440785145,141.72010390773661,139.19671180324562,141.70147705078125,25872000
2020-10-02,139.12228525320222,143.00515561359205,138.73120631850134,142.32542419433594,29452000
2020-10-05,143.85243809458223,146.47825672100066,143.84311756161108,146.25479125976562,18553600
2020-10-06,147.58632493096425,149.92349127078018,145.5750504683261,145.8357696533203,36348000
2020-10-07,147.67016833914806,149.50452371216758,147.54912924396461,149.02032470703125,27049700
2020-10-08,150.58460623087618,151.10604458862147,149.52310265742906,150.7149658203125,37278600
2020-10-09,152.10236817431505,152.43758056080233,150.66839855118042,151.4971160888672,25038100
2020-10-12,152.1489088875559,152.93108056847208,151.40400512764103,152.51205444335938,20336200
2020-10-13,151.32951699968802,151.98131491559968,150.361119346223,151.4971160888672,20106500
2020-10-14,151.78581152347056,152.62384983164313,149.85835041012626,149.99801635742188,19024900
2020-10-15,148.32192142335654,151.94407101295397,147.87497628188925,151.54368591308594,22865100
2020-10-16,151.97200319981883,152.42825462070667,151.13396515926613,151.1712188720703,17637900
2020-10-19,151.66476485111224,152.73557494849652,149.01099832019324,149.36483764648438,18360600
2020-10-20,150.43560705270914,151.26432456002246,149.29961035170055,149.69068908691406,18927700
2020-10-21,149.79315743283914,150.25872951582366,148.32194794563213,148.40576171875,17504100
2020-10-22,149.1134182398234,151.02226652017026,148.2195136364544,150.96640014648438,20673900
2020-10-23,151.8416748046875,152.08376715511892,150.14698572727352,151.8416748046875,20889800
2020-10-26,149.83970398354472,150.25871597885507,146.54346018455465,148.5640411376953,26509900
2020-10-27,148.47093291151802,149.0389314153053,147.06491035013804,147.2883758544922,20523000
2020-10-28,144.01072738978883,144.73701853753184,142.5022645222133,142.75367736816406,32338700
2020-10-29,142.2508654998963,145.0629100045808,141.22660146962767,144.45767211914062,27203200
2020-10-30,143.69414544733476,144.58803570930434,140.96588620465963,142.548828125,31764500
2020-11-02,144.11317719519604,145.1560540468168,143.08891299583172,145.09088134765625,25252100
2020-11-03,147.52117521723366,150.1283819325206,147.17665639481703,149.20655822753906,30257400
2020-11-04,146.8879472733784,151.17121481056014,146.85070776970318,149.3740997314453,45226300
2020-11-05,150.85465099374198,154.1788422609505,150.7615451083322,153.5549774169922,31911000
2020-11-06,154.21609389413246,154.2999076681595,152.0558467938787,152.3538055419922,24930400
2020-11-09,164.765965006112,165.83678937176552,157.67065067732736,157.87550354003906,55052700
2020-11-10,159.41189263487115,161.39523443243738,158.0617363150439,160.80860900878906,35492200
2020-11-11,161.40451254800308,161.53487215179112,159.09527919170196,160.743408203125,23972600
2020-11-12,159.59813266902836,160.75275675453355,156.74883328913285,158.27590942382812,33986800
2020-11-13,159.55157337212125,162.14015325779357,159.51431964546097,161.55352783203125,25440400
2020-11-16,164.33762048401402,165.5387900714422,163.32266265907782,165.3991241455078,31812300
2020-11-17,163.9186005935014,166.48856739456969,162.2797920976167,166.17198181152344,26154500
2020-11-18,166.6189370683425,167.34522837128134,163.7510113711417,163.84413146972656,24377800
2020-11-19,163.55546308368966,165.3618849949519,163.01541198374412,165.10116577148438,20187600
2020-11-20,164.50522487127864,165.68778184526403,163.72306724469848,165.278076171875,24898800
2020-11-23,166.9076035719168,169.45894388230957,166.42340459304032,168.3695068359375,24816000
2020-11-24,170.76250336316113,172.67135146930298,169.80342614739632,171.5353546142578,34945400
2020-11-25,170.86494616661875,171.61917063116488,169.36580356380708,170.94874572753906,21082700
2020-11-27,171.06979558618204,171.78678052312497,170.60422353510015,171.67503356933594,10384400
2020-11-30,171.16296265851582,171.6285348373827,167.90395740644783,168.55575561523438,25481600
2020-12-01,170.95806385657258,171.53536865674315,168.55571035373643,170.12002563476562,30265000
2020-12-02,169.42170388926866,170.8463535429354,168.3136398901646,170.29698181152344,20142800
2020-12-03,170.7159923409495,172.42929444087866,170.34354030466383,171.2560577392578,19603600
2020-12-04,172.28031631645186,175.4741343334297,171.25605193915442,175.24134826660156,24415700
2020-12-07,175.2692401560241,175.9396650071552,174.5336426097686,175.40892028808594,14671500
2020-12-08,174.23568985824454,177.82990686737097,174.19845034359682,177.6623077392578,20165600
2020-12-09,178.79829820020595,179.5338958046603,174.96197475784965,176.36801147460938,29507600
2020-12-10,174.83159948425256,178.45374922425077,174.4125875087204,178.07199096679688,21245300
2020-12-11,176.90803345730453,178.51890841493216,175.3343980038439,177.19668579101562,30865000
2020-12-14,179.3002021601065,180.38368907375687,177.35737690610762,177.40406799316406,32237700
2020-12-15,179.11339642546352,182.04631242235965,178.1513262076978,181.8408203125,26807000
2020-12-16,182.2611777507251,182.33590345966462,180.23429099783226,181.18701171875,25494600
2020-12-17,181.88754982920975,183.42874085798357,181.26173804872766,183.34466552734375,23834200
2020-12-18,183.64353792601165,184.78307986054423,181.95291001153262,182.45729064941406,37033400
2020-12-21,179.2441393797377,182.86825693121642,178.85184019928917,182.36387634277344,30873000
2020-12-22,183.06444550326685,184.68034784373597,182.50400986083562,184.4375,21919700
2020-12-23,185.4742519253508,186.48301303826818,184.84842609715275,186.00665283203125,18392000
2020-12-24,186.74459337983305,186.75394300060006,184.99792459288543,185.88526916503906,8904900
2020-12-28,187.89343371897303,187.91210445046582,185.0632643789353,185.19403076171875,27168400
2020-12-29,185.53964023188752,185.87589870919885,180.68258442264326,181.60728454589844,33901300
2020-12-30,182.1864177661793,184.45615195675586,182.1677327793418,183.45672607421875,20595700
2020-12-31,183.65287214047223,183.8583642422926,181.78477248935573,183.1298065185547,24747700
2021-01-04,184.5121714601351,184.83909455611004,178.347451991842,180.73861694335938,33664200
2021-01-05,180.35567052684115,184.58691493525762,180.336999792819,183.5314483642578,27442900
2021-01-06,186.32422964925067,193.1427952908589,186.02534115736154,191.0411834716797,52952200
2021-01-07,192.14342246088478,194.76810055331194,192.13407283975576,194.44117736816406,24031400
2021-01-08,195.5153444011228,195.93566403248394,191.16266816842716,194.02085876464844,29017000
2021-01-11,191.56430261952454,194.39447285434053,191.3214547611391,193.85272216796875,20945100
2021-01-12,194.76805958567087,197.44877783112307,194.74003923312014,197.3273468017578,24892200
2021-01-13,197.48615862184934,197.76637643539925,195.3938960192794,195.91696166992188,22782200
2021-01-14,197.30871075993755,200.82073333765072,197.20596469836366,199.8306427001953,33913700
2021-01-15,196.90703863314266,199.84930409310874,194.52520876149464,196.8509979248047,41043500
2021-01-19,199.27023976140123,199.5224372725734,197.75708319931445,199.37298583984375,19744300
2021-01-20,200.22294094637505,201.73609725239527,199.0180228235202,200.25096130371094,25474200
2021-01-21,200.79269472392446,200.97016647345902,197.97186022375328,198.51361083984375,21180500
2021-01-22,196.608119837238,201.1289168118131,195.7301108685257,200.8206787109375,24800200
2021-01-25,200.75532390172714,203.53880266773382,197.64495049789966,200.6245574951172,33985000
2021-01-26,202.03498338427107,202.39926225202794,198.73778858695485,199.2328338623047,23969800
2021-01-27,195.68340399179948,198.9432424397824,193.61914796977436,195.58065795898438,45830300
2021-01-28,196.9350454065089,198.36414038045234,193.93675369743855,194.95486450195312,32202500
2021-01-29,195.89828228604787,197.0751942861332,191.330778827666,192.0032958984375,40591900
2021-02-01,194.44117646078897,197.61695484357153,192.1901126597745,196.7202606201172,26375100
2021-02-02,199.0927611286995,199.93341471957652,196.98181316066822,199.52243041992188,22773100
2021-02-03,199.60643274053746,200.5778524814643,197.6355871582858,200.1201629638672,23923200
2021-02-04,200.90478564838511,204.39813733707797,200.8954502804567,204.2019805908203,25400800
2021-02-05,206.36896762500962,207.2096067543386,204.3420812444314,207.03213500976562,23338800
2021-02-08,209.03100354848243,212.3375479021842,208.66672468773248,212.31886291503906,20831500
2021-02-09,212.1507512626257,214.4765263143711,211.38482352901949,213.3183135986328,19510900
2021-02-10,214.7567261619044,215.130354629656,210.11449756204775,211.91722106933594,27955400
2021-02-11,213.09413723760196,213.89742069765703,208.6854207013653,211.67437744140625,25847600
2021-02-12,211.02988296733824,212.72052522557888,209.8249648908263,212.2721710205078,17440200
2021-02-16,214.33646503224642,214.4859164600858,209.96510340901668,210.9365234375,22999500
2021-02-17,208.86286832285487,209.91834911708963,206.38764214894928,209.28318786621094,25042300
2021-02-18,207.67664046199477,208.19970609818796,204.92119625188948,206.04205322265625,24501500
2021-02-19,207.78874710354916,211.37549530031063,207.51786465106343,210.3386993408203,31238200
2021-02-22,208.76945298464526,211.45952080601725,208.2744077609161,208.97494506835938,23272100
2021-02-23,206.38767442792147,208.27444498473793,201.34379636138254,207.13490295410156,38646800
2021-02-24,207.93819923236933,212.4496622863051,207.08822459370688,212.0293426513672,27584900
2021-02-25,211.83313163141526,212.58037426462408,203.63217615631234,204.19261169433594,49961400
2021-02-26,205.04266713763042,207.57393474447565,200.64328521319854,203.91246032714844,47734200
2021-03-01,208.7414296402271,211.7584205294778,208.23704905718415,211.16062927246094,26161000
2021-03-02,210.89910966336416,211.05791068026554,206.93874741525576,207.0975341796875,26895400
2021-03-03,207.75138115672496,209.47002958612444,204.7530888998065,204.8558349609375,33407600
2021-03-04,204.0992343918003,206.135470543918,195.6180597609693,199.13009643554688,59126500
2021-03-05,202.58606206319484,203.76295968908573,193.54446677292955,203.35198974609375,53204300
2021-03-08,204.89317800810255,207.611266523264,203.31463146316403,204.31407165527344,40619700
2021-03-09,207.74204294354908,210.15189341050768,206.35030345319203,208.61070251464844,32247300
2021-03-10,210.72161579131605,213.86935868621987,210.34798736378906,212.23477172851562,36812000
2021-03-11,214.41113331307386,216.96108526297436,213.70124634722652,216.90504455566406,25256700
2021-03-12,216.69022123359852,218.70775799766088,216.11110065790007,218.1846923828125,23732200
2021-03-15,217.95120059238664,219.06272225555145,216.61551607444602,218.95997619628906,21497400
2021-03-16,218.58635192497587,218.65172800380097,214.00949906583656,215.29849243164062,24675000
2021-03-17,213.86938233524228,217.46547974082392,212.3655615977678,216.98910522460938,29422600
2021-03-18,215.57870606888298,217.5682225377547,209.79693527496173,210.38539123535156,35637200
2021-03-19,209.75960330693488,213.52382345077766,208.24643270206704,211.97329711914062,40855600
2021-03-22,212.6644413882422,213.05675482753455,209.3205558073408,210.3760223388672,26128400
2021-03-23,208.44259893881423,209.09643108053513,201.78281795731652,202.74488830566406,43660700
2021-03-24,205.36016847003546,206.73322267496908,198.05589294433594,198.05589294433594,47270200
2021-03-25,195.90169142677829,203.5565945427613,194.6757874333568,202.75180053710938,59244600
2021-03-26,204.90415225652941,206.51372594401877,202.09673337672967,206.44822692871094,34452600
2021-03-29,204.95098584880432,206.74773269791197,200.33746644571053,200.6369171142578,38078800
2021-03-30,200.62752230948925,204.64212525818783,199.45776437488024,204.01513671875,36205400
2021-03-31,205.1006835210296,208.1233341439383,205.053890345963,206.75706481933594,34800100
2021-04-01,208.12331279862636,209.5270222310252,207.76771611898945,209.37730407714844,29799200
2021-04-05,211.86656238134054,211.99757470563355,209.21824284593714,210.5283660888672,27826600
2021-04-06,210.55646010511293,212.13797535680848,209.47092115043418,209.91075134277344,24907800
2021-04-07,209.83586544440053,209.966877769461,205.82126226419012,206.5231170654297,26233700
2021-04-08,207.5992895348718,208.51639009318683,205.30656669762925,208.2730712890625,23989400
2021-04-09,208.20759063849857,208.769065963688,207.03783252859498,208.30116271972656,23267400
2021-04-12,208.4228059268792,208.6193172776702,206.25172818965603,207.48699951171875,20533900
2021-04-13,207.26236931414485,208.28240900380445,204.78248840278235,206.94419860839844,24608400
2021-04-14,207.62733764032893,211.49222219944656,207.5618386250455,208.98426818847656,27362000
2021-04-15,210.64064622092192,210.66871926885713,207.99231255795047,209.89199829101562,20587300
2021-04-16,210.93075187818897,211.19277652167315,208.6941752060597,210.22889709472656,23943000
2021-04-19,209.34927553393217,210.23828884091546,205.82128107899928,207.49636840820312,25285900
2021-04-20,206.59800700920636,207.39343397436534,201.42299815630037,203.24781799316406,35570800
2021-04-21,203.08871887897905,208.32922640823747,201.66628908307365,208.21693420410156,31147800
2021-04-22,208.92812010052774,210.86524609481376,206.60732435583282,207.35597229003906,31943700
2021-04-23,208.51638045026183,212.1005062512268,207.76773250475227,211.26763916015625,27999500
2021-04-26,212.42803602307703,214.00955099885735,212.1940844415538,213.46678161621094,19069200
2021-04-27,214.0282766755718,214.6646181397717,212.9052976317127,213.7849578857422,19648100
2021-04-28,213.4386947225945,214.7581849838127,212.5216085807126,214.14990234375,16222700
2021-04-29,216.0308988859322,216.12447095218963,211.2957068200356,213.3544921875,25500300
2021-04-30,211.23019688623256,213.17667568262337,209.75162123476443,210.45347595214844,27006000
2021-05-03,212.62456451431032,212.81172292620957,210.48156000214001,211.48287963867188,18693400
2021-05-04,210.18211032034964,211.6232458054902,206.77577580347307,208.95619201660156,26892700
2021-05-05,209.88265738612085,210.12596190858173,207.15010442287632,208.1233367919922,25139500
2021-05-06,208.35730882431812,208.50704128941152,204.60472994828598,208.30116271972656,27647300
2021-05-07,208.36666960129128,211.42674644134016,207.89876637176135,210.92141723632812,26172700
2021-05-10,210.77168442089263,211.18344154686926,205.4937365718546,205.5592498779297,28109100
2021-05-11,201.1234939902144,206.24235573882535,200.65559082693568,204.90415954589844,39519500
2021-05-12,203.16354750667188,204.72634226850528,197.9604526360828,198.2505645751953,42113400
2021-05-13,199.61685296835708,203.48173781616887,198.20379050103742,201.9002227783203,37739900
2021-05-14,203.9496241073885,207.19687305979159,201.83469276383138,206.8319091796875,25070400
2021-05-17,205.6715059519057,207.17815465494357,203.912185551539,207.11265563964844,20048500
2021-05-18,207.1781886251701,208.90943626295203,205.38144196135337,205.54052734375,24564500
2021-05-19,202.1622682047283,204.15554053185744,200.30937541401957,203.95901489257812,31202800
2021-05-20,204.25843608872356,205.75571753511127,202.44296966212605,205.31588745117188,24932800
2021-05-21,207.12203199052385,208.09526436253978,205.26913931882234,205.84933471679688,24213700
2021-05-24,206.98163672433577,208.17011475881236,205.8773921116056,207.18751525878906,18324200
2021-05-25,207.96425215460818,209.34925590689053,205.1194069831186,205.18490600585938,20514900
2021-05-26,205.99906194856098,209.33053035969323,205.98969474607455,209.01235961914062,20388200
2021-05-27,210.5938456901603,211.8291168732382,209.78905169250166,211.16468811035156,21225700
2021-05-28,212.50289819030888,212.596470253571,210.60321252690855,211.02432250976562,20668400
2021-06-01,212.85852291526768,213.88790135331266,211.45481336216568,213.4199981689453,23081500
2021-06-02,214.21542256322905,214.22477548564802,212.268943754774,213.6726531982422,18927500
2021-06-03,212.25956969600657,213.00820323455895,209.65801531624012,211.88523864746094,24811500
2021-06-04,212.95210061404356,213.4200038107801,211.68877055041835,212.8023681640625,19395800
2021-06-07,213.2608782854311,215.96535768220792,212.66196287754082,215.6565399169922,24049900
2021-06-08,216.36780873289553,218.4920790260224,215.21675655478387,217.93995666503906,27770300
2021-06-09,218.54822746773613,218.64181382248316,216.1525652906506,216.4894561767578,18700600
2021-06-10,217.13332156551604,217.6019276783222,214.3498144121132,214.88401794433594,29069000
2021-06-11,215.8399625340029,217.2457807689607,215.62440774217833,217.1520538330078,16707200
2021-06-14,217.72372194418475,218.69843045278878,215.68997357812196,216.5147247314453,19182800
2021-06-15,216.6084399354242,216.93646986642153,214.13420074667607,215.8961639404297,17039900
2021-06-16,215.27762633540857,216.1960902311264,213.34697160940644,215.43695068359375,24527000
2021-06-17,214.84651122918527,215.74622685469163,210.42286888506658,213.01893615722656,48292500
2021-06-18,209.65433788159785,211.56625851902797,207.2457102902292,208.18292236328125,54023700
2021-06-21,209.98236225976788,213.21574096592008,209.2607049784506,212.63467407226562,26736400
2021-06-22,212.06303947815886,214.0686733071298,210.61035749579418,213.60006713867188,21188500
2021-06-23,213.67500231751652,215.52131138921777,213.67500231751652,214.3029327392578,22387500
2021-06-24,215.67122411458325,217.3488416282733,214.3591330150942,217.33009338378906,21732500
2021-06-25,217.70498464818718,218.75467188722135,217.1988964245638,217.69561767578125,27619000
2021-06-28,217.65813016862091,217.98614580347052,214.40600323305165,215.9711456298828,25006000
2021-06-29,216.71153094790014,217.18013695696493,214.40599739170486,214.94020080566406,18844300
2021-06-30,214.2935441465552,215.85870096157598,213.4594259371212,214.9683380126953,26039000
2021-07-01,216.3179264863971,217.29263509670557,215.28700173789326,216.86151123046875,18089100
2021-07-02,217.43323136395824,217.50821005637744,214.20921909354934,214.79966735839844,21029700
2021-07-06,214.95898405266365,215.05271099002667,209.81368408704782,211.67874145507812,27771300
2021-07-07,211.37883841901697,212.43789280691746,207.87367385852278,209.71060180664062,28521500
2021-07-08,205.5399861084597,210.01049188937816,204.171664432586,207.77992248535156,42297900
2021-07-09,210.0854949029435,212.2317045968317,209.31697401733445,212.16610717773438,23976400
2021-07-12,211.39758376169993,212.64407771686396,210.45100457802957,212.34417724609375,16831000
2021-07-13,211.0882637931024,211.5662510860274,208.26726070058632,208.3422393798828,25357500
2021-07-14,209.66374231491284,210.27292450940033,204.82772405158923,205.12762451171875,30594100
2021-07-15,204.15292418884763,205.30569112823204,201.44438164952234,203.96548461914062,45477000
2021-07-16,206.02739733571073,206.07426081442927,201.00393845261777,201.45379638671875,36620200
2021-07-19,197.40498836074943,200.98513113116738,195.9241915329525,198.4359130859375,58571000
2021-07-20,198.876429328868,205.50252655879643,197.99544755791683,204.5934295654297,40794600
2021-07-21,205.67121565924015,208.26729747296056,205.58686999290958,208.11734008789062,28278700
2021-07-22,207.5643967632011,207.99550638691204,203.9186417071158,204.80899047851562,32879000
2021-07-23,206.06482353669222,206.13980222211998,203.2906836794748,205.76492309570312,23660300
2021-07-26,206.55215511876003,208.1079304936105,205.39000707356078,206.36471557617188,22194200
2021-07-27,205.25884011715362,205.3244518359302,201.85676953337898,203.95611572265625,35063600
2021-07-28,205.24945203245514,208.61404007423857,203.74990693658683,206.95518493652344,33043700
2021-07-29,208.80146835592382,210.3478768338815,208.19228623779333,208.54843139648438,22634800
2021-07-30,207.73304925145703,209.98236679616764,206.44907329391253,207.1707305908203,28473000
2021-08-02,208.50159498373878,210.45099803567547,205.84928279627928,206.1398162841797,24192600
2021-08-03,206.76770923283536,207.23631523820447,203.4687332515555,206.99264526367188,27798600
2021-08-04,205.34315876634082,207.31129542277168,204.20912593278365,204.41531372070312,25588500
2021-08-05,205.33382711286666,208.47349385066448,204.94956666063965,208.0892333984375,23915200
2021-08-06,209.70121224347915,211.06954823356438,208.192300155419,209.3638153076172,24429200
2021-08-09,208.9233356727949,209.17638696344537,207.32071086702877,208.2110595703125,17225600
2021-08-10,208.66092579958604,209.20451059730928,207.30197095563963,208.62344360351562,22681600
2021-08-11,209.01702816041507,209.68244068447913,206.62713465549317,209.64495849609375,25691300
2021-08-12,209.71058837048793,209.78556705958815,207.78931487759525,209.1482696533203,23269500
2021-08-13,208.9795460516358,209.27946078223857,206.84270364861615,207.24571228027344,20813700
2021-08-16,205.9710784772868,206.43030318973862,203.98417937807406,205.31503295898438,24074400
2021-08-17,203.05638266950177,203.78740698378942,200.32909195042444,202.8126983642578,35161500
2021-08-18,202.53154471549067,204.34972421445607,200.91015745246597,201.04136657714844,29102300
2021-08-19,199.09196098593105,200.62900256979728,197.45183979900835,198.6327362060547,38119900
2021-08-20,198.78271208652185,202.45658217126314,198.14540035816543,201.98797607421875,31759500
2021-08-23,203.82490238094988,206.13045065279476,203.78742018579607,205.83053588867188,25778800
2021-08-24,206.48656732081358,207.98609803200378,205.89611914850633,207.85488891601562,18677900
2021-08-25,207.84557658999458,209.90744079793248,206.98334298670144,208.58596801757812,21548000
2021-08-26,208.19229347745215,209.14825381518475,205.94299017766897,206.3740997314453,22380300
2021-08-27,206.7958327973669,212.775250243494,206.7208684181155,212.19418334960938,33998500
2021-08-30,212.98147090452449,213.07519784413367,210.85399522175976,211.32260131835938,20733300
2021-08-31,211.0976878993111,212.38166407858003,210.24482133757135,211.7349853515625,20839800
2021-09-01,212.5878306642849,213.90930320908424,210.75088858420324,213.15953063964844,20451500
2021-09-02,213.99362597224388,215.40881099884882,213.3094651899218,214.6403045654297,22810100
2021-09-03,213.9186510477164,214.5934448697778,212.92520855988178,213.64686584472656,18213100
2021-09-07,213.42197005559785,214.62160056535504,212.04426693411168,212.17547607421875,19153400
2021-09-08,211.44445617526938,211.78185315710803,208.65156767604734,209.86056518554688,25241500
2021-09-09,209.5044254883965,212.0817592425209,208.96085495398228,209.75747680664062,27180500
2021-09-10,211.02266413210813,211.14449197153257,207.6112129145306,207.70492553710938,24366100
2021-09-13,209.1951612880112,209.35448566102988,206.4210066206767,208.88587951660156,34693100
2021-09-14,209.70121491974538,209.719963166622,205.31506899828463,206.22415161132812,30312600
2021-09-15,206.20544193619315,208.75466038401896,205.68060536765088,208.0892333984375,27572000
2021-09-16,208.30477893634003,209.31696983091763,206.4303545317274,208.2391815185547,22369000
2021-09-17,207.70492238726695,209.0263947618572,206.78645861588782,208.51092529296875,39957600
2021-09-20,203.79683169464997,205.24014678613037,200.76963967396486,203.55316162109375,44958500
2021-09-21,205.03389611210713,205.52123610994272,202.26912326388964,203.8623809814453,26711200
2021-09-22,205.1370083025811,208.5765753167379,205.12762702823755,207.03016662597656,32100300
2021-09-23,208.2297838972747,211.48191112803167,207.64871695369212,210.6946563720703,31057800
2021-09-24,209.65025114577506,210.90991648247723,208.54098312004925,209.67845153808594,28866000
2021-09-27,210.2142826282371,214.0308888928286,210.12968144756482,212.865234375,29743200
2021-09-28,211.89697760302542,212.07558965403064,207.61034575508134,208.02395629882812,39938200
2021-09-29,208.94520959813863,209.31182903687022,206.97109610094097,207.58213806152344,23628900
2021-09-30,208.80424537363223,209.26487579627866,205.49527425045412,205.6362762451172,33153600
2021-10-01,206.7642838178083,210.10146885409844,204.68677844480192,208.95460510253906,32647000
2021-10-04,208.8230263956947,208.99224311387016,205.80545496064462,207.05572509765625,32580200
2021-10-05,207.7137713281046,209.6878707345981,206.69851405731657,207.77017211914062,20407600
2021-10-06,205.64562933584526,206.99930558261846,203.76552662511475,206.6890869140625,32893300
2021-10-07,208.24956970978786,211.46454353281703,208.09915805461756,209.8758544921875,24289300
2021-10-08,209.99810654103578,210.67494477671332,208.22140975839423,208.29661560058594,17989600
2021-10-11,208.53160431595154,210.14849387560534,207.04632137887205,207.10272216796875,15929800
2021-10-12,207.6103710992315,209.13324987742178,207.14974071904135,208.24020385742188,18800600
2021-10-13,208.58799151582772,209.34943080711864,206.65148804808908,209.22723388671875,19676200
2021-10-14,211.27653856926372,212.45160274373126,210.87232337838853,212.3293914794922,18160000
2021-10-15,214.3129094771234,214.71713902920283,211.56796117033232,211.66197204589844,27555300
2021-10-18,210.4587110369755,212.15079207381834,210.31769472120794,211.53976440429688,19082600
2021-10-19,212.43279770060715,213.27885251265084,211.14493195548516,212.3293914794922,15498400
2021-10-20,212.42343560928856,214.31293393380673,211.62438610792887,213.739501953125,18130500
2021-10-21,213.57027984502736,215.28116593399508,213.03444366192545,214.2847137451172,17851600
2021-10-22,214.14373437907733,214.69836132101452,212.16022514207282,213.77711486816406,16887000
2021-10-25,214.1343124183055,216.19302737860613,213.65489134504858,215.8076171875,16387100
2021-10-26,216.24001976767954,216.88865752084752,214.14370918747755,214.18130493164062,25290200
2021-10-27,213.5608575148778,213.82408508780577,210.10147545296397,210.2424774169922,27088500
2021-10-28,211.3235518740981,214.5761215974748,211.2953514803844,214.43511962890625,22890600
2021-10-29,214.14371029616936,215.11196208389669,213.3540705682444,214.37872314453125,20777700
2021-11-01,215.50682941012155,220.14127691534614,215.16841026018668,219.93447875976562,35500800
2021-11-02,220.32926916331272,220.7710945038112,218.70296978486206,220.3950653076172,24949700
2021-11-03,220.11304138706438,225.43373603922652,219.89683356979222,224.33387756347656,47648500
2021-11-04,225.12350850761143,226.4959898828174,223.31861151482494,224.249267578125,26514000
2021-11-05,226.71219519035725,228.8085058031779,225.80034418172193,227.31382751464844,42041700
2021-11-08,229.12812794779032,229.80496608720875,227.42662290527872,228.01885986328125,31324500
2021-11-09,227.49243932203012,227.99066541764972,225.17990656134327,226.69338989257812,29895900
2021-11-10,225.687552244366,227.0788243642132,222.1435542865467,223.1212158203125,32471600
2021-11-11,224.0236258753082,225.96953897635595,223.41259826010523,224.9166717529297,17987500
2021-11-12,225.53710803598074,225.8097309478955,224.4278543779679,225.1422882080078,20526700
2021-11-15,226.1481754498879,226.3267731694691,223.3092161645458,224.249267578125,27390000
2021-11-16,223.5066140321581,225.02009734862511,222.74517469888792,224.6628875732422,21925200
2021-11-17,223.78863019566694,223.85444067769353,221.034286525496,221.72052001953125,26527800
2021-11-18,222.71699077828475,222.85800710409052,219.0789962084383,220.78048706054688,30637300
2021-11-19,219.28576887230957,220.36682212034952,218.45851914536425,218.76873779296875,33994000
2021-11-22,220.17883736934655,221.60771949624709,217.7346980215466,217.83810424804688,31042100
2021-11-23,217.51854374647988,219.03202742822225,214.91459674312384,217.46214294433594,33843800
2021-11-24,215.63838298493593,218.08252228222378,214.83933358357956,217.6970977783203,24099300
2021-11-26,211.47397231327918,212.6114264910609,206.47289190782183,209.49046325683594,62595400
2021-11-29,212.658431492226,213.1566575928797,207.97697947851464,209.35885620117188,45982400
2021-11-30,207.43170560152436,208.55976419646422,202.9382619184496,205.09097290039062,64908400
2021-12-01,209.79126990269657,210.76893139455913,200.3719508275641,200.47535705566406,69120100
2021-12-02,201.518834919204,206.7549286451678,201.0018180708421,206.06869506835938,64315700
2021-12-03,207.08397668797795,207.1685922400074,199.9583976309784,201.8385009765625,64425200
2021-12-06,203.558737724911,207.4599599073557,200.89840470426836,205.89007568359375,43878300
2021-12-07,208.823035388636,212.4892304264441,208.67262370912405,210.66554260253906,44679200
2021-12-08,211.13555373121932,212.95924142891496,209.68786651818766,212.1038055419922,36546400
2021-12-09,210.52454081542393,212.27303726439317,207.26256080393807,207.3001708984375,34830300
2021-12-10,208.87942656864226,209.49046860951822,205.23203674465825,206.72671508789062,32924600
2021-12-13,205.92151098049962,206.54383321015328,202.48932921219824,203.70567321777344,33478400
2021-12-14,202.32898417370552,205.10113303362715,201.1314882647177,201.95181274414062,36543500
2021-12-15,201.98012273299332,205.70460265174242,199.0288191030476,205.15771484375,51261000
2021-12-16,206.92091074733455,207.3452159633686,200.1319841279385,201.00888061523438,52743800
2021-12-17,200.08487607667377,204.94085608820012,198.29335841035993,202.85702514648438,62620900
2021-12-20,199.98114387241034,200.78262058425287,196.84126180927615,200.00942993164062,49993000
2021-12-21,201.9707137023136,205.92149706161374,199.95289292636724,205.72348022460938,38545300
2021-12-22,205.43118820476818,207.76960843288737,204.73344608095798,207.70359802246094,32442000
2021-12-23,208.42956850712065,210.0796555455816,207.7600982923935,209.363037109375,22125400
2021-12-27,209.6459521466991,211.43748419223988,208.0053030713202,211.32432556152344,24196700
2021-12-28,211.01317933606302,212.84242146199423,209.65540516061662,210.03256225585938,23120300
2021-12-29,210.0042306827701,210.73027304077263,208.6275802469903,210.25881958007812,19444400
2021-12-30,210.2116935273082,212.5595228011147,209.98539066276447,210.20225524902344,23607700
2021-12-31,209.7874039061461,211.32433268126064,209.69310744197546,209.7496795654297,23997400
2022-01-03,210.93772971279702,213.74758852311354,210.01367050066685,212.455810546875,30618800
2022-01-04,213.09700793303767,214.16249757674152,210.62659589643667,212.13523864746094,22013100
2022-01-05,212.0314981873107,213.0121295507457,204.9125616559837,204.9502716064453,40582100
2022-01-06,205.38402521241588,207.83557496565103,203.49821106948724,206.11949157714844,39105900
2022-01-07,206.11948617235922,207.7978595645464,203.6019116964587,203.7339324951172,31583900
2022-01-10,202.50814691307093,203.09274466778118,199.05710372936568,203.02674865722656,45778100
2022-01-11,203.1776080092002,205.39344534160418,200.8014925917175,205.18600463867188,35209900
2022-01-12,206.04403122123603,206.85493177562472,202.3855476426984,203.65847778320312,35284500
2022-01-13,204.43167706533248,205.73289341018975,201.1975127605141,201.79153442382812,34489600
2022-01-14,199.88686504303908,202.1592600345346,198.55736268719647,202.07440185546875,42020900
2022-01-18,200.08485428507285,200.31115713529888,195.68148050287203,195.96435546875,49434400
2022-01-19,196.88838790056224,197.50128601942018,192.71131723084434,192.77731323242188,46209100
2022-01-20,193.65425370439684,197.05814871583644,188.892570244748,189.28858947753906,50466000
2022-01-21,188.3550976532595,191.4289836897044,185.74325561523438,185.74325561523438,85821000
2022-01-24,182.9899696407823,190.83494845258315,180.3121028079766,190.0240478515625,85782000
2022-01-25,187.14814756298114,190.18430877104748,183.45195443742574,187.4875946044922,61088500
2022-01-26,190.2597817517031,191.92873124429548,182.65995329648234,184.781494140625,71471700
2022-01-27,186.3467184830267,188.21367034924813,179.71808330063905,180.58555603027344,59829000
2022-01-28,180.75527721835675,184.15917221820231,177.35138221851116,184.10260009765625,65870000
2022-01-31,183.29170636916237,189.75062561035156,182.78254287745014,189.75062561035156,53393800
2022-02-01,190.14663369248794,191.9475895592693,186.6673044759414,191.74957275390625,43429400
2022-02-02,191.994721246279,192.25873405872144,187.91193215638256,189.8448944091797,42777800
2022-02-03,187.4876320657678,189.7506175905399,185.79983479755435,186.25242614746094,39629400
2022-02-04,185.79040289234578,188.67571061447768,183.79144450636926,187.0539093017578,34291100
2022-02-07,187.10104000714136,189.67518662623385,186.6861729885652,187.9779510498047,33242600
2022-02-08,188.0816798707102,191.5232850211962,187.97795951449066,191.183837890625,28341900
2022-02-09,192.89048672226318,194.85172056855336,192.63589781055853,194.8140106201172,27329300
2022-02-10,191.31583434388523,197.11472132346762,190.58036799722518,191.82501220703125,44788100
2022-02-11,192.0230643658207,194.29547439381372,188.28915954452674,189.88267517089844,41516600
2022-02-14,190.11835316397296,191.90987080456992,187.86480588916655,189.2225799560547,32262700
2022-02-15,191.2026613944167,194.53112162414186,191.0612311134552,194.29539489746094,25847500
2022-02-16,193.5788050954979,195.43633298966088,192.42845743349997,194.70086669921875,30104800
2022-02-17,192.87160388930553,193.32419516014042,189.31684094698923,189.71286010742188,27140200
2022-02-18,189.55258231487986,191.14609735657618,187.4121795176676,188.08164978027344,36255400
2022-02-22,187.14816628704747,189.00569411843628,184.19687733479668,185.4320831298828,31847100
2022-02-23,186.92188874576024,187.54419643079098,181.55674561700704,181.96218872070312,31491500
2022-02-24,177.56823452491244,187.14815770569896,177.19106313189405,186.7332763671875,52221100
2022-02-25,187.3461864473459,191.05180389928964,185.75267138069057,190.93865966796875,33656200
2022-02-28,189.02457743894828,192.91878815896,189.0151535479927,191.7118682861328,34975900
2022-03-01,191.08953840226323,192.15501354166963,186.50700975090098,188.10052490234375,40638900
2022-03-02,189.3734530234506,193.57882489814355,189.2320227175971,192.579345703125,29978600
2022-03-03,193.38079618929487,193.399658358122,188.8548396412695,190.29750061035156,30142700
2022-03-04,188.29853386561794,189.39230949001393,185.73382555416097,187.3179168701172,31610400
2022-03-07,187.84593105415576,188.19480203522045,182.62221829041604,182.65994262695312,39279800
2022-03-08,183.24453325090542,188.17594695959215,182.41478491830048,183.66883850097656,45715800
2022-03-09,186.90302708592273,189.5243074004518,186.33727712967973,188.8454132080078,29048000
2022-03-10,186.1392747901273,188.6191104227693,185.33779808306846,188.50596618652344,25661000
2022-03-11,189.31688450471228,190.24092942499124,185.22467118442793,185.49810791015625,24990000
2022-03-14,185.97896294988897,186.16754145319118,180.92498136825438,181.7075958251953,34969500
2022-03-15,182.41478875056902,184.61174932961063,181.86790098144334,184.60232543945312,25464300
2022-03-16,186.2618450409553,190.41064453125,184.95120486822478,190.41064453125,31869700
2022-03-17,189.30744521568815,193.4939546595659,188.8642777681305,193.399658203125,25783100
2022-03-18,192.551047178419,195.60605668807,192.35303037542127,195.43634033203125,37092200
2022-03-21,195.3703111724757,196.29435592661162,192.29643978926234,193.71080017089844,26747500
2022-03-22,194.5311669771481,196.8695726224659,194.05028952214957,195.65322875976562,24699900
2022-03-23,194.38028416569466,195.37033945368083,192.11731298254333,192.2587432861328,19775000
2022-03-24,193.0901251237204,194.52615047759426,191.53126189524698,194.46946716308594,19781200
2022-03-25,194.70568238693855,195.20640428426952,193.1468333731196,194.73402404785156,19430400
2022-03-28,194.2427656601151,194.81907014499626,191.81472424181058,194.8001708984375,18999100
2022-03-29,196.5101458943725,200.52537724077195,196.396779269444,200.0152130126953,29550600
2022-03-30,199.6940177745098,200.04358895444975,195.19696308551448,196.00001525878906,26251500
2022-03-31,195.68820874278012,197.36988095092792,193.8175729388328,193.9309539794922,26771600
2022-04-01,194.79066647392895,196.2456053695404,193.68529868268786,196.10389709472656,25948500
2022-04-04,196.38737240324605,196.91643600870992,194.50730812067988,196.4251708984375,20333900
2022-04-05,196.47239242169508,197.870633871858,191.3234363605609,191.7769317626953,26509800
2022-04-06,190.15192525379373,190.65264710069664,187.70498491949732,189.05599975585938,34903900
2022-04-07,189.05602888135988,190.11415605429553,185.81549279039214,188.4419403076172,29291200
2022-04-08,188.21520612399618,189.24499170854304,186.59021675393026,186.9397735595703,25249600
2022-04-11,186.23115976671434,188.24350397055383,185.05966613254614,185.68319702148438,33702300
2022-04-12,187.7238606133492,190.53924214921625,185.5698083757197,186.26893615722656,33699800
2022-04-13,186.76022691631277,190.32197762193454,186.6941011853015,189.8118133544922,22303600
2022-04-14,190.00075721268664,191.19115008055047,187.88448880947405,187.9695281982422,27107000
2022-04-18,187.4971159953332,188.17733007801556,185.67372130956267,186.70350646972656,22246400
2022-04-19,186.93029273445407,191.06834788656573,186.76968519686568,190.4259033203125,22786700
2022-04-20,191.83361001699004,192.60830608068116,190.70934278806612,191.15338134765625,20516200
2022-04-21,192.94842970441724,193.4869501001908,186.13671468437917,186.87362670898438,31547700
2022-04-22,185.99501779202194,186.46739809985226,181.66801244238783,182.03646850585938,35686900
2022-04-25,180.43981481183707,183.38746298696265,178.75814225901271,183.14183044433594,35556500
2022-04-26,181.69634374889782,182.06479976212978,177.12369203650252,177.3693389892578,40513600
2022-04-27,177.30317228500212,179.29661719036113,175.97105673821977,176.6324005126953,37808000
2022-04-28,178.72030391858436,180.82711534756683,174.50668106061943,179.92959594726562,37405200
2022-04-29,179.1171478137335,181.1389347982842,174.31776252736327,174.73345947265625,41193400
2022-05-02,174.68619055283392,177.44490358091335,172.3054047466441,176.56626892089844,38002100
2022-05-03,176.5946153444409,179.0415413636671,175.42310723810988,178.07789611816406,30246300
2022-05-04,178.60695230658737,183.21737314744803,175.43255686053774,182.8300323486328,38834700
2022-05-05,180.9499781597972,180.9783198216423,173.2501858193258,175.41368103027344,41468700
2022-05-06,174.74287313831445,175.17745480765754,170.57647671479126,172.4943389892578,45457900
2022-05-09,169.9246199941568,172.5604953823674,164.4828048355829,165.2386016845703,53682200
2022-05-10,167.76115612756777,169.0271319431839,161.74302096318024,165.28587341308594,53650800
2022-05-11,165.4558800552212,168.3468443383704,160.89268596315097,161.17611694335938,64377800
2022-05-12,160.44863807248748,164.70950169219162,159.57000352682664,163.0656280517578,52967400
2022-05-13,165.37085273870397,169.4994654562039,165.34251108020462,168.23348999023438,36517000
2022-05-16,167.69498221587372,169.5278198210026,166.410107409302,167.43045043945312,28225500
2022-05-17,170.44421389977154,172.73997457267444,169.1026559665524,172.551025390625,31833700
2022-05-18,170.5009100814901,171.38898716163922,165.4275513602591,166.50457763671875,36093800
2022-05-19,165.22915786047258,168.93261716935154,165.22915786047258,166.778564453125,33627700
2022-05-20,168.63974266305556,169.08378123398384,162.30039361266935,166.35342407226562,42243700
2022-05-23,168.05399574995914,169.07433877977624,165.80546123521952,168.3657684326172,24644100
2022-05-24,166.81632703818303,167.1564268945813,162.81053832179816,165.87156677246094,26861800
2022-05-25,165.2196912636488,169.84901111821657,165.15355112086138,168.8570098876953,27950100
2022-05-26,169.9151447405898,173.6469450208698,169.77342204686894,172.62660217285156,25702700
2022-05-27,173.60915139136122,177.2842684632909,173.2690370991768,177.2748260498047,24952100
2022-05-31,176.58520055024678,177.31265580537874,173.92096883902948,175.07357788085938,29794500
2022-06-01,175.980535989853,176.61352377199077,171.72911389402273,174.08155822753906,28352100
2022-06-02,174.39332794959697,178.33297729492188,173.99653029063265,178.33297729492188,24876000
2022-06-03,176.94417379604118,177.57717596728688,175.52703315741363,176.7268829345703,18972100
2022-06-06,178.83368446310246,178.85258370699322,176.50958202101316,177.49212646484375,24678700
2022-06-07,176.1127866878084,180.39255007518773,175.6309496656654,180.35475158691406,21661600
2022-06-08,179.46671160302068,180.16582514949297,176.72689749309845,177.56773376464844,21521700
2022-06-09,176.70952017875183,177.2020943088738,173.84882064943426,173.88671875,21697200
2022-06-10,170.98810623113118,171.97325440559223,168.27897043219693,169.1693878173828,37153600
2022-06-13,164.47109177274632,165.73093654071113,160.36001404690018,161.22201538085938,39712700
2022-06-14,161.66716717378313,162.20710664975084,158.89173141579718,160.44522094726562,30282400
2022-06-15,162.17871149262618,164.87836586350647,159.7632206158137,162.79441833496094,32150500
2022-06-16,158.98648672829427,159.53589363622652,154.1934025275831,155.2543182373047,43810600
2022-06-17,155.803694170668,158.68334260155572,155.0648402405866,156.46676635742188,40327300
2022-06-21,159.11909688770388,161.10832824351402,158.0108158022298,159.27066040039062,34665400
2022-06-22,157.20564341549118,160.33155739036434,156.64675483434917,158.967529296875,29303500
2022-06-23,159.3180008515235,161.25038474699573,157.76451122453136,160.87149047851562,27089800
2022-06-24,162.1881360022128,165.8634703973556,161.8850090833244,165.85398864746094,37138500
2022-06-27,166.4034273748112,167.65380447505237,164.99201948812504,166.46974182128906,24745400
2022-06-28,167.59697042826224,168.7526168249888,163.25857724514358,163.3438262939453,25909200
2022-06-29,163.44801252574348,163.59009426342976,160.05685533202907,161.68612670898438,21292500
2022-06-30,159.32750146382358,162.27345054699006,157.96345868585811,160.4263153076172,31466300
2022-07-01,160.1326529598661,162.77547472019387,158.81597572911295,162.3681640625,24598600
2022-07-05,159.7821597607149,163.77955683514347,157.93502472724467,163.7132568359375,25151100
2022-07-06,163.35329761503436,164.54684214321296,160.79572491076655,162.5007781982422,25697600
2022-07-07,163.7416804386656,166.6970966231205,163.7322131394715,166.34661865234375,24822500
2022-07-08,165.83506187437428,167.65378011179385,164.48995417574568,166.32762145996094,20547000
2022-07-11,165.06781906493813,165.74037308464415,162.54814445048217,162.98387145996094,22031500
2022-07-12,162.49128778884025,164.21529003596717,161.5629866694053,162.42498779296875,23864200
2022-07-13,160.2273524636585,163.1922499727786,159.88634184135108,162.28289794921875,25535600
2022-07-14,159.78215313291543,161.0325303061009,158.20972882194215,160.61573791503906,25102200
2022-07-15,162.49126274595253,164.20579743053952,160.37889923966813,163.95950317382812,34935900
2022-07-18,165.8919337180262,166.99073297544675,162.98386863869302,163.49539184570312,23031500
2022-07-19,165.53196177865098,169.4535767756806,165.44671273508058,169.26412963867188,24234600
2022-07-20,169.2262563558388,172.21957070276997,168.98944378637702,171.9164581298828,26049300
2022-07-21,170.93126431477862,172.8731297590137,169.41567294538874,172.79734802246094,21709900
2022-07-22,173.23309020987455,173.583568095929,168.65787082791363,170.0408477783203,25116100
2022-07-25,170.55237177039157,171.3764746759735,169.01781688434681,170.9217987060547,19267200
2022-07-26,170.29663627731924,170.70396137091754,169.1220408502135,169.87037658691406,19391200
2022-07-27,170.95973277728163,174.53087051136117,170.50505667324293,173.7351837158203,21670700
2022-07-28,174.59717907946933,176.3211670782984,172.17220621401094,176.1222381591797,22838500
2022-07-29,176.22639491946845,177.82724983455148,175.27914485884074,177.37257385253906,21760600
2022-08-01,175.98958215105125,178.38613809856832,174.5024070740281,177.30625915527344,23905600
2022-08-02,176.63373129703803,179.04922199743066,175.69594847343433,177.13577270507812,17492600
2022-08-03,178.3672279205642,180.11963223975903,177.74203927627346,179.74073791503906,19157700
2022-08-04,179.82597501387758,180.01542216364174,178.49983051163744,179.36183166503906,14838900
2022-08-05,177.58100647857367,180.94374777493178,177.29682851126745,180.7353515625,18540300
2022-08-08,182.0140876943115,184.36327817823917,181.76780788962532,182.6487579345703,22188700
2022-08-09,181.90992066382051,182.0330678141284,179.181849937229,180.1575164794922,18247300
2022-08-10,183.41606770780467,185.61368073793372,182.92349353830153,185.30108642578125,20796400
2022-08-11,187.00613443563074,189.0048329538072,185.69892452259947,185.99258422851562,23727600
2022-08-12,186.93984334125324,189.85736140309962,186.21045659884575,189.7910614013672,21726600
2022-08-15,188.31333066506664,190.54884157293714,187.7639238495682,190.46359252929688,17414800
2022-08-16,189.92364437327709,191.33505222064827,188.53118557492743,190.38780212402344,18833100
2022-08-17,188.23754439939185,188.81536754889547,186.0209825946297,187.18609619140625,22428000
2022-08-18,187.44186813671027,188.7395962434782,186.51355256394368,188.427001953125,18368100
2022-08-19,186.44721461327683,186.71244345039196,183.83280988147584,184.3822021484375,27416400
2022-08-22,181.86259498905721,182.20360568400463,179.98702893990006,180.58380126953125,22937000
2022-08-23,180.86791307471523,182.7529312800592,180.34692269614496,180.87738037109375,20069800
2022-08-24,180.72583627817102,183.1034432278114,180.12907855682943,182.26039123535156,16038300
2022-08-25,183.17924690218135,185.14004728518205,182.80033815274072,185.09268188476562,14795000
2022-08-26,185.03584908100302,185.13057988178224,178.70822473478353,179.01133728027344,24177200
2022-08-29,177.08841801610927,179.02081647482427,176.68110737713826,177.36312866210938,19753300
2022-08-30,177.91251364241114,178.09247901298488,173.85827007811284,174.8813018798828,22548900
2022-08-31,175.18446197187686,175.94226505583893,173.52677404928738,173.82041931152344,22412500
2022-09-01,172.1911474900197,172.29534559458693,169.46306217327128,171.92591857910156,30706600
2022-09-02,173.91515928706238,174.24668821672546,169.69041662759724,170.59030151367188,27468200
2022-09-06,171.17758387566204,171.52806181187412,168.13690448276887,168.9041748046875,23837100
2022-09-07,168.58210170669625,172.84472716310313,168.54420360846117,172.57949829101562,24781200
2022-09-08,171.15863336149536,174.09510017895863,170.14506875456885,174.0193328857422,25273200
2022-09-09,175.5633307948006,177.73254162699507,175.33600002034495,177.51466369628906,23208800
2022-09-12,178.65139729029414,179.8449273642051,178.054625026393,179.66494750976562,23134600
2022-09-13,175.108645235997,176.103260681631,171.96376812468003,172.63632202148438,34144700
2022-09-14,172.93948716078188,173.64992485682825,171.04498663799157,173.3089141845703,25278300
2022-09-15,172.32375320281773,174.94764028187882,171.3196703118699,172.04905700683594,25378700
2022-09-16,169.64304093602485,170.20191510514397,167.57804236379835,169.54832458496094,41155900
2022-09-19,167.67276199213046,171.2154831398922,167.62541104261874,170.99761962890625,25412200
2022-09-20,169.3399276803028,169.50095848495116,167.38859451893975,168.66737365722656,22247500
2022-09-21,169.90825246751635,171.5470056115111,166.08136827331842,166.09083557128906,29357100
2022-09-22,165.7687864771107,166.31819333247321,161.7335057925544,162.34921264648438,33468600
2022-09-23,160.0852758474643,160.26525568914602,156.29627523569,158.4844207763672,40336900
2022-09-26,157.5522509465437,160.88477571988557,155.75268815008528,156.314453125,30597800
2022-09-27,158.3520857156565,159.60893086037692,155.46707198550772,156.84768676757812,42406600
2022-09-28,157.828355637796,162.80810986857776,157.1713844381551,161.808349609375,35186500
2022-09-29,159.75172096187643,159.89453764605508,155.9621681455622,158.18067932128906,31464000
2022-09-30,157.8474139727204,161.40845993536183,156.98095405097254,157.028564453125,40643800
2022-10-03,159.33279385784584,162.1511645395694,157.34280364058552,161.18948364257812,33611600
2022-10-04,164.35062671081687,167.65458866721153,164.27445296059756,167.5784149169922,37537300
2022-10-05,165.11235469424813,166.9404811690097,163.2175707377756,166.3406219482422,25281400
2022-10-06,165.5313159118297,167.7402967919737,164.63629241097541,165.40753173828125,22635900
2022-10-07,163.70313780012592,164.2173069213292,159.88502164067134,160.54200744628906,26536100
2022-10-10,161.1894970701716,161.45611248609504,158.61869449802802,159.6470184326172,23386400
2022-10-11,158.97101215350366,161.97027962993394,156.91436412635503,159.69464111328125,28009100
2022-10-12,159.8659671699163,160.3991833339005,157.5617660865834,159.256591796875,26796700
2022-10-13,156.15262671071596,163.96025514052005,154.72440146641063,163.1985321044922,45376500
2022-10-14,164.47439735220357,165.59792738611233,158.73293397533325,158.82814025878906,29608600
2022-10-17,162.0750053854304,164.3601600141944,161.97026828410694,163.89361572265625,28199200
2022-10-18,167.44511929035627,168.8066869768654,164.42680517852287,165.8359832763672,34523100
2022-10-19,164.23639023162593,165.1028358560357,161.22759216764692,163.01763916015625,27146900
2022-10-20,163.21753218418988,165.2456160963732,160.40869291814087,160.94189453125,26710700
2022-10-21,161.2942416956415,164.912415442737,160.14214806378286,164.43634033203125,45402700
2022-10-24,165.02664630645037,165.6741013379241,162.86526172097214,165.14089965820312,27284500
2022-10-25,165.26466567128543,170.33961187009803,165.25513487391459,169.64454650878906,33105700
2022-10-26,170.57767393821993,173.64359823081654,169.79691845993833,170.4824676513672,37084700
2022-10-27,171.94877870257324,173.29131379633466,170.31107940989773,170.5205535888672,28651800
2022-10-28,171.22510651889948,174.63380467059096,170.18726668594505,174.39576721191406,33221600
2022-10-31,173.5484014490689,175.42413829381422,172.8628522200931,174.55767822265625,25699400
2022-11-01,176.37627257214425,176.7190471558982,174.1291979739028,174.7957000732422,27446700
2022-11-02,174.09111009347865,176.1477576699076,168.9399748823081,168.9971160888672,38139600
2022-11-03,166.90237858377614,169.42558497446808,165.7788484802759,167.8640594482422,29093200
2022-11-04,170.35869398358759,171.3298911526712,167.07377904750018,170.1301727294922,25842400
2022-11-07,171.13946574980585,171.94878462491997,169.17802432202058,170.90142822265625,20689900
2022-11-08,171.60601747035668,173.2437168906864,168.87335118896553,170.96807861328125,20265200
2022-11-09,169.48272820115633,170.12066706386773,165.94072844949116,166.27398681640625,27277000
2022-11-10,173.14847900659893,176.57621020418415,172.48196240024524,176.5095672607422,38572800
2022-11-11,176.8713976100551,179.80402166587746,176.80475465785742,177.95684814453125,28765400
2022-11-14,176.89996094147764,178.80426114422363,175.79547786566474,175.96685791015625,26499600
2022-11-15,178.85187703294113,180.4895764197551,177.2046613751387,178.5757598876953,26128800
2022-11-16,177.67116695686195,177.709246558069,174.91945448489872,175.43360900878906,24802000
2022-11-17,172.92951974955332,174.19588129615457,171.87263241539193,173.8054962158203,20835700
2022-11-18,175.75736671333559,176.44291588225983,173.83403415536227,174.9290008544922,27269100
2022-11-21,174.03398542356499,174.424370431945,172.74857704130181,174.0149383544922,19038900
2022-11-22,174.94805635068627,176.0906335110507,173.60552128614603,175.87164306640625,16869700
2022-11-23,175.4717001643784,176.89040875770837,174.7671185307505,176.32864379882812,19758800
2022-11-25,176.23342300416633,177.4521737242476,175.82400551743564,176.69998168945312,13393400
2022-11-28,175.31939354489333,176.07158569259622,172.61527635819562,173.1389617919922,17465600
2022-11-29,173.25322998403456,174.82427175954618,173.25322998403456,173.6436004638672,14020600
2022-11-30,173.92921075985973,178.46143880000864,172.14869519563226,178.40431213378906,28030100
2022-12-01,179.14699267726866,180.18484707994244,177.22366039568732,178.01394653320312,21996400
2022-12-02,175.5478991275525,179.82305805943363,175.5098195183658,179.05181884765625,22574800
2022-12-05,177.9187274221971,178.10915449274907,173.46265842227862,174.11964416503906,25449300
2022-12-06,174.12922925155422,174.2244355521862,170.51105566838888,171.4536895751953,18502100
2022-12-07,171.1489630201695,172.81522552523373,170.5395875994637,170.94900512695312,17177800
2022-12-08,172.12015515231397,173.89115468802555,170.92043688475266,172.18679809570312,20971400
2022-12-09,171.16799442599236,172.15822394578507,170.01588663530262,170.07301330566406,22046500
2022-12-12,170.29203962514833,172.42484640588367,169.4827062836794,172.0725555419922,22765400
2022-12-13,177.6587723405736,178.529230194204,172.3116991180295,173.49781799316406,38445300
2022-12-14,173.4308206315762,174.96129537254336,171.05859791919707,172.3594970703125,32406900
2022-12-15,170.29338405841767,170.83862068620437,167.43331464722033,168.04550170898438,33546700
2022-12-16,166.2471974440704,167.5002665979871,165.16629904610116,166.79241943359375,38502400
2022-12-19,167.02199103929993,167.4428723380167,164.01844629336298,164.53497314453125,25614000
2022-12-20,164.20977748405096,166.45765995309307,163.74106603850618,165.40545654296875,18050800
2022-12-21,166.86895100885954,169.11683326863633,166.62981521933818,168.2559356689453,22997200
2022-12-22,166.75419598724721,166.9072464188988,163.25324399060295,166.05592346191406,21297600
2022-12-23,165.94109621373653,166.86894420691345,164.85063764179628,166.81155395507812,11647700
2022-12-27,166.7828566288432,166.98373710330637,165.0802110669725,165.69239807128906,13553800
2022-12-28,165.65415757424216,166.53419023259693,162.93757817267138,163.11932373046875,19648000
2022-12-29,164.25758699604987,167.63418306793716,163.95148618936705,167.25157165527344,22311300
2022-12-30,165.8072196520972,167.12725413669145,165.1089470981667,166.78289794921875,21275600
2023-01-03,168.2846777205463,169.61428709289606,164.42980888622543,165.8646240234375,22503800
2023-01-04,167.03154178281497,168.99245794344588,166.70632065060576,167.93069458007812,22973500
2023-01-05,167.0028735854097,167.16548417773242,164.89848146706333,166.13241577148438,17032600
2023-01-06,167.6819980723799,170.30291666450998,166.31413393345397,169.8629150390625,21986900
2023-01-09,171.23081690328806,172.2925805874738,169.92991738568836,170.14993286132812,18366500
2023-01-10,169.93946434047217,172.77082397100017,169.59510821290087,172.6656036376953,18751100
2023-01-11,173.38301055563107,174.8465204449626,172.82821376293757,174.8178253173828,18222700
2023-01-12,175.59262759269197,177.86919029384998,174.01432268684346,177.75440979003906,29650800
2023-01-13,176.48221398703546,179.1987930733553,176.31960340042727,178.92140197753906,22120000
2023-01-17,178.87355624679216,179.67704893231502,178.14658875927466,178.70138549804688,22422600
2023-01-18,179.30401405663804,180.74840358264078,175.7169771739538,175.81263732910156,23507800
2023-01-19,174.78913702457177,175.1430679380465,172.9238806804956,174.12911987304688,24624500
2023-01-20,174.7700159489521,177.1039691160004,173.39259139417538,176.99874877929688,36070300
2023-01-23,177.371813767606,179.94491753138473,176.5587607353567,179.1892547607422,20329900
2023-01-24,178.48138892832193,179.6675077291278,177.80225144230093,178.80661010742188,19263500
2023-01-25,177.35267444882265,179.361406368752,175.8795897785172,179.30401611328125,18174600
2023-01-26,180.7675453772226,181.59974795777902,178.19444161288123,180.3657989501953,18369100
2023-01-27,179.8110013569671,182.03018876841864,179.62925579879055,181.3414764404297,20019900
2023-01-30,179.67707569026257,181.3701612835085,178.7109722884872,178.81619262695312,18395100
2023-01-31,179.27534160833372,183.25456519654605,179.23708629884942,183.15890502929688,21567900
2023-02-01,182.88147556511547,187.6641910112634,181.86754222584236,186.03807067871094,27007300
2023-02-02,187.49204811822614,190.60081386212283,185.9041973233006,189.70167541503906,31020400
2023-02-03,187.587680703413,190.4764451489904,187.1954945027316,188.429443359375,24981500
2023-02-06,187.14763704271047,187.84592396000428,184.96672011290246,185.70326232910156,18160100
2023-02-07,185.0050522007226,187.57815613883048,183.32152656917313,187.08074951171875,27074100
2023-02-08,185.91373143848924,186.87983478747353,183.84759468461763,184.34500122070312,17933500
2023-02-09,185.78937760323748,186.64070044887043,181.1979674240873,181.67623901367188,20516600
2023-02-10,181.05448038308876,182.3458194319178,180.33707304389253,182.0397186279297,15248700
2023-02-13,182.2310382454579,184.47892058483538,181.08318933424655,184.230224609375,15754400
2023-02-14,182.9675904189663,185.52155912720875,181.8197414460932,184.14413452148438,21889600
2023-02-15,182.68060354192627,186.0954695343195,182.25016205100601,186.00938415527344,18721200
2023-02-16,183.4649871366705,186.40156714622216,182.93888546195546,184.230224609375,21366300
2023-02-17,183.5415036836546,184.96674363118416,182.67104591707704,184.7371826171875,23892200
2023-02-21,182.4606119618881,183.0249689362881,179.1031506476016,179.28488159179688,26004000
2023-02-22,179.66750000752845,180.930129364466,178.63443166329407,179.77272033691406,24651700
2023-02-23,181.12143889880278,182.03015190999238,178.58659096731802,181.05447387695312,21311700
2023-02-24,178.53879189833486,179.6196904422076,177.7066039408777,179.36141967773438,24280700
2023-02-27,180.91102473410044,181.934518394634,179.44751476815915,179.99273681640625,17562900
2023-02-28,179.94492907065052,181.7623701803331,179.89711358004007,180.0023193359375,19542600
2023-03-01,180.0118717038136,181.2553808144554,179.0553284795801,180.23187255859375,22532800
2023-03-02,178.73966118058712,181.07362890097787,178.0318139650895,180.6623077392578,18104400
2023-03-03,181.4275484702516,183.58933086541066,180.23186946051274,183.1780242919922,22774300
2023-03-06,183.2354243880127,183.40760976441996,179.73447255654716,180.4997100830078,23266700
2023-03-07,180.45183238321312,180.8535932902493,178.12743988276532,178.4048309326172,25865700
2023-03-08,178.6726977443303,179.45707017355267,177.0752723532577,178.490966796875,22505900
2023-03-09,178.61529101823191,179.13183247172333,173.4021339827702,173.5264892578125,33546900
2023-03-10,172.55079522207527,172.55079522207527,166.6871818243073,168.52374267578125,69274200
2023-03-13,165.02284069492785,168.73421847006392,163.63585594259732,165.77850341796875,74171500
2023-03-14,170.83862594310506,171.46993337932247,167.02201321822915,168.84901428222656,48946200
2023-03-15,164.45849031316638,166.352456645318,162.97585980485144,166.06549072265625,54405800
2023-03-16,164.01848390397134,169.67165841627815,163.0906357178624,168.33248901367188,52392300
2023-03-17,166.47677881838763,167.1654911178124,163.43497832567118,163.7888946533203,70239900
2023-03-20,165.52981833397297,167.7489911646835,165.03241173914267,165.9124298095703,46103200
2023-03-21,168.8777278374978,170.43688354038994,168.31337077574116,168.97337341308594,34465900
2023-03-22,168.84899589457294,169.6429284369035,164.07584046382266,164.18106079101562,56098200
2023-03-23,165.4013391708225,167.42709334470365,161.97388692659692,163.452392578125,47720900
2023-03-24,162.01224822308689,165.23809268479948,160.77376103802578,164.9308624267578,47519700
2023-03-27,166.89902750618515,167.75349158661868,165.47812407289544,166.76461791992188,33880600
2023-03-28,166.1886109883034,167.54230253073632,165.79497761624373,166.52462768554688,28555100
2023-03-29,168.33914701438684,168.5407687311546,166.6398288496244,168.41595458984375,25564800
2023-03-30,169.817636141831,170.2304603036567,167.4846522439166,168.1855010986328,26728600
2023-03-31,169.356816897537,171.50738500003862,169.32801588875967,171.27696228027344,39602900
2023-04-03,171.80501037493764,172.60187249076552,169.4432396866476,171.35377502441406,27609000
2023-04-04,171.77620682599527,171.94902753086626,167.35988116744414,168.3487548828125,33487200
2023-04-05,167.2926585655561,167.84950245818183,165.64133244247188,166.69741821289062,28247300
2023-04-06,166.78385663422696,167.49431581689535,165.78537266671736,166.9470672607422,26366300
2023-04-10,166.1597850869435,168.8575869628982,166.1213739761529,168.73277282714844,22237800
2023-04-11,169.52004218453868,170.8641380929358,169.08799775368914,170.06727600097656,21876200
2023-04-12,171.68022611655093,171.83382663177883,168.56958495279824,168.81919860839844,27018100
2023-04-13,169.49121402524835,171.555378949635,168.90556914059576,171.05613708496094,23259900
2023-04-14,171.20980309976164,172.06426740019367,168.3391798367349,169.46246337890625,29600400
2023-04-17,169.9040706452872,171.71860750240063,169.69285347465623,171.6417999267578,22177300
2023-04-18,172.4194617519358,172.45787286570368,169.8752748228482,170.9121551513672,22873100
2023-04-19,170.00968174539966,171.6513979192144,169.5296453776917,171.13296508789062,19306800
2023-04-20,170.07685887596153,171.30575065834054,169.47202308668705,170.2496795654297,20336300
2023-04-21,170.71050765334687,170.8545273339103,168.83836900238487,170.47048950195312,25972800
2023-04-24,170.29771413932667,171.3249843945636,169.45284540638565,170.35531616210938,17781000
2023-04-25,168.6175553559225,168.9151755178718,166.10215518327493,166.15016174316406,28857900
2023-04-26,165.35331729466355,166.4766005975897,164.17243197356888,164.54685974121094,30309800
2023-04-27,165.16129312711072,166.91822779540502,164.11481747782125,166.7454071044922,33424100
2023-04-28,166.3709999680291,168.80959295041922,166.2653913798225,168.20474243164062,31911900
2023-05-01,168.01274121921116,170.25930807162214,167.78231847170167,168.30076599121094,27420100
2023-05-02,167.43667582539493,167.4846823911086,163.13555415920757,164.844482421875,40851100
2023-05-03,165.3437017324206,168.6847502257773,165.31490072683914,165.44931030273438,43261400
2023-05-04,164.47966958687428,164.71007766979815,162.04107661258175,163.5963897705078,42382100
2023-05-05,166.37099232396224,168.1087362227103,166.18859081593826,167.48468017578125,35456800
2023-05-08,168.26234203548313,168.54077133200437,166.21739707438144,167.1006622314453,22109900
2023-05-09,166.0733670116115,167.3118689645562,165.2861150368617,166.60140991210938,21465500
2023-05-10,168.93442012459118,168.992022149956,165.82377890895282,167.44630432128906,27281900
2023-05-11,166.3038103569663,166.8414487770589,165.23812897087265,166.15980529785156,25884600
2023-05-12,166.7166369230261,167.25429000007435,164.79649131078486,165.8237762451172,20406400
2023-05-15,166.39018803876775,168.69437118034156,165.9197618176419,167.84950256347656,24310000
2023-05-16,166.67823521989055,167.83031962112946,165.35333010121442,165.40133666992188,24212900
2023-05-17,166.50538453135178,169.45281445478332,165.2861028730325,169.08798217773438,38231600
2023-05-18,168.55037211686073,170.48012774835956,168.03193927006194,170.11529541015625,30446600
2023-05-19,171.38259915563862,171.7474315264432,168.25276693891502,169.07843017578125,34316300
2023-05-22,169.56801390790727,171.87219688305962,169.01117005515076,171.1425323486328,28207200
2023-05-23,170.80654626746343,173.32193218164923,170.2977088825258,170.3361053466797,32708900
2023-05-24,169.50085661459792,169.68327279143472,167.69591505374774,168.5311737060547,28744200
2023-05-25,168.25276175148858,168.52158096919896,165.80457312990242,167.21588134765625,36202600
2023-05-26,167.3406500671729,169.33760274907414,167.07183092245012,169.1167755126953,29841300
2023-05-30,169.65444644128618,170.46090396096866,167.7822930319248,168.4927520751953,25572600
2023-05-31,167.71509798905666,168.98238630266565,165.47812689770248,166.8318328857422,34598800
2023-06-01,166.91824083273556,169.20321855514294,166.02536560062933,168.6367645263672,27800900
2023-06-02,170.90255532812435,174.81965414385346,170.3649168994152,174.75245666503906,50212400
2023-06-05,174.0227815224417,174.0227815224417,171.31538398316405,172.4098663330078,34465800
2023-06-06,171.7858080091066,177.57506009785973,171.7858080091066,176.9510040283203,58584500
2023-06-07,178.06679923073696,180.772072008322,178.06679923073696,180.26182556152344,60685600
2023-06-08,179.79010121402018,180.39662673823003,178.01867884281387,179.58792114257812,34185000
2023-06-09,179.37611749576155,179.65530313187966,177.5757998286644,178.13418579101562,30242200
2023-06-12,178.32673957089781,179.72269721346086,177.3543861101036,178.87550354003906,26580500
2023-06-13,179.49165646395056,181.93698791838762,179.3279938779161,180.92611694335938,35758200
2023-06-14,181.30160121097535,182.1873124187802,177.672099381185,178.98141479492188,37114100
2023-06-15,178.18234459256712,180.57955127308867,178.01868200331143,180.4543914794922,36488400
2023-06-16,180.94538473319687,181.5230295164144,178.19197202141186,179.0102996826172,50684500
2023-06-20,178.25934951678545,178.6540729163404,176.91151674296455,178.23046875,33269300
2023-06-21,177.56622338608517,178.9814400510064,176.74789562823156,177.8165283203125,30730200
2023-06-22,177.33508426129936,177.38322375936508,175.6888221342832,176.4975128173828,27063700
2023-06-23,174.03296693441743,175.61184591215408,173.33979912076563,173.84042358398438,50610100
2023-06-26,173.71527323845575,175.92955861408987,173.64787498257675,174.0137176513672,31507900
2023-06-27,174.44693997408365,177.13296901028826,173.67675185764045,176.5264434814453,28818800
2023-06-28,176.17022499397655,177.5469238511255,175.3326386828017,177.39288330078125,23187600
2023-06-29,177.83577625748802,180.1078233435454,177.5565758765511,179.4339141845703,32084100
2023-06-30,181.24382045744576,181.40748304381273,179.9441417927259,180.2907257080078,30287300
2023-07-03,179.94412808825373,181.80219262442483,179.78046551435125,180.6565399169922,14011900
2023-07-05,180.15590953767045,180.23292980305953,178.5288913203456,178.85621643066406,24092100
2023-07-06,176.786406339751,176.8634266296638,173.9848538909116,175.96807861328125,39080800
2023-07-07,176.1606052899513,179.53980224767142,176.1124657770555,177.82614135742188,31706700
2023-07-10,177.7009522683591,181.0416311890133,177.29660686889994,180.8683319091797,29725100
2023-07-11,181.4556581121717,182.99603463529417,180.69510656883102,182.72647094726562,26738800
2023-07-12,185.57609915621074,185.85529948834534,184.2379030993971,184.71926879882812,40127300
2023-07-13,185.33544336626846,186.47147422165108,184.6519121997425,186.21153259277344,23523000
2023-07-14,186.13450948294175,186.27892802573498,183.19817539421933,184.3919677734375,32198600
2023-07-17,184.20906124965677,187.1165148016971,184.01651786722965,186.36558532714844,23283700
2023-07-18,186.48106900027216,189.07081881333394,186.2789036329988,188.66647338867188,28489800
2023-07-19,189.36928188766166,190.29351058533774,188.62797452422166,189.46556091308594,23679000
2023-07-20,189.60032762981552,189.60032762981552,187.0298365090304,187.8096466064453,27278100
2023-07-21,189.0708332448473,189.292257370229,186.85654792068095,187.2127685546875,28982400
2023-07-24,187.30902308152247,188.9456635606164,186.76027380993747,187.67486572265625,16929800
2023-07-25,187.32826873714038,188.89752554594372,187.17422819477991,187.6555938720703,18961100
2023-07-26,187.51121084993412,189.8121384550733,187.45344931266877,189.1382293701172,20377900
2023-07-27,190.26462659768765,190.52455351972674,185.98045977075262,186.69288635253906,31159300
2023-07-28,188.7146204987318,189.60995368438319,188.21399603798145,189.1093292236328,21612200
2023-07-31,189.590721865933,191.34290038232592,189.58109983863298,191.3043975830078,24203900
2023-08-01,190.0720630657332,190.56306550676152,188.48356204975192,190.42828369140625,27444300
2023-08-02,188.30062317491488,188.7819888549101,186.8565261349291,187.83851623535156,28079700
2023-08-03,187.0587313560439,188.34878802640225,185.86493902056972,187.3090362548828,24279300
2023-08-04,187.55934748681136,188.99380794063947,186.49071499342978,186.93356323242188,24950400
2023-08-07,187.40533028948892,187.7904170401013,185.49911121063934,187.05874633789062,20185000
2023-08-08,184.97921589871547,186.08635116433285,183.41959568694796,185.88418579101562,25578200
2023-08-09,185.6820355203314,185.69167223782702,183.64104926732008,184.4304962158203,22293200
2023-08-10,185.07550808682012,186.88543331009242,182.8130831950837,183.61215209960938,29378800
2023-08-11,182.84194069160378,184.54597933592441,182.66865609562961,183.8720703125,21789000
2023-08-14,182.86122970413058,183.59290038067104,181.60967577337345,183.5543975830078,20354900
2023-08-15,182.45688538186485,182.5724084657056,181.03203212728096,181.12831115722656,25491300
2023-08-16,180.983882807591,182.01399777602649,178.88512069779236,178.91400146484375,27018400
2023-08-17,179.3953991045167,179.78050055061536,176.78640474899458,176.80564880371094,26715100
2023-08-18,175.41930392551075,178.34600106914823,175.1593623208414,177.7683563232422,33375200
2023-08-21,177.81650455051806,178.374890581569,176.24726219975244,177.50843811035156,22678100
2023-08-22,178.14379374424396,178.63479611017334,176.39163041261912,176.97889709472656,21299200
2023-08-23,177.14260746999838,179.17397165413408,176.59384342820977,178.8658905029297,21231100
2023-08-24,178.34599089519506,179.39536458994937,176.372388597738,176.3916473388672,26582300
2023-08-25,177.20033965875274,178.10530952785325,174.84165065978533,177.142578125,29340400
2023-08-28,177.95127796524886,179.79009856319647,177.93203391310297,178.72146606445312,23002000
2023-08-29,178.62518537207382,181.34971711707541,177.69134938778546,181.21493530273438,22986000
2023-08-30,180.73357175333,182.54351158775873,180.34848504776127,181.8984832763672,19869900
2023-08-31,182.1487880612248,183.16928105149967,181.50375975020418,181.58078002929688,17953400
2023-09-01,182.98639052168295,184.70967351145404,182.77458840806406,183.73731994628906,25094600
2023-09-05,182.58200614509934,182.82268899775048,179.80934967183688,179.8671112060547,27160100
2023-09-06,180.0885859759394,181.08019843259208,178.19200338833315,179.19325256347656,26406200
2023-09-07,178.24009145849607,178.47115228378036,176.74785484503033,177.4602813720703,23894800
2023-09-08,177.68171455872084,177.94165616418064,176.61308205862625,177.06556701660156,19399100
2023-09-11,178.35564933355272,178.79851232924685,177.33515619709203,177.48919677734375,17424700
2023-09-12,177.18110562358305,178.43265955983196,176.8922979145481,177.31588745117188,16826300
2023-09-13,177.62394836780078,177.98979101107557,175.59258446823918,176.15097045898438,24415700
2023-09-14,177.6528212755636,179.13543583473384,177.37363563760087,178.6348114013672,27952500
2023-09-15,177.90312105290496,178.17269934785614,175.97765833829317,176.76710510253906,39695500
2023-09-18,176.85378156209532,176.9115431042732,175.57334684672185,175.5926055908203,19287800
2023-09-19,175.68886717069515,176.46867729287575,174.32179027784136,174.90904235839844,24085900
2023-09-20,175.60222245349922,176.67085502271465,173.11838807219357,173.15689086914062,27642900
2023-09-21,171.8475545609188,172.0978594359834,170.47085571289062,170.47085571289062,31625600
2023-09-22,170.9425847515128,171.72239483380758,169.9798533531014,170.08575439453125,23164700
2023-09-25,169.14228996405015,171.23141543739982,168.99787143319503,170.84632873535156,22416200
2023-09-26,169.75238370446047,171.2226079123876,168.58200465045846,168.64971923828125,30476000
2023-09-27,169.70397992668077,171.13550554427286,168.7464120396232,170.22630310058594,37293000
2023-09-28,170.32301367667873,172.72180380631306,170.20694842362118,171.76422119140625,31372400
2023-09-29,173.10873029302428,173.29251015087794,170.38107826205325,170.95176696777344,36689000
2023-10-02,170.55519663599298,170.94209073773214,167.47933391863018,168.3692169189453,42139300
2023-10-03,167.2858763022525,167.8178667278421,164.79036965417453,165.53515625,42733600
2023-10-04,165.40940459081617,165.9897604502476,163.5522865033233,165.61253356933594,42491900
2023-10-05,165.2062604175761,166.2702262882077,164.37442504137906,165.73825073242188,33365100
2023-10-06,164.7903566193374,168.19508031473597,163.95852113577587,167.334228515625,42160900
2023-10-09,166.2122348906103,168.83348885988255,166.14453506596178,168.30149841308594,26658400
2023-10-10,168.60133179969813,171.24191995825083,168.57231548271886,170.20697021484375,31585000
2023-10-11,170.3520380430558,171.42568596177512,168.66903275791728,169.91677856445312,27427200
2023-10-12,170.11990956208655,170.11990956208655,165.1965965733584,166.07679748535156,38693800
2023-10-13,166.70553091232892,167.04405953152462,164.13264256294093,164.6936492919922,33955600
2023-10-16,166.11551315303643,167.711469680619,165.4190920023298,167.3535919189453,31140300
2023-10-17,166.3089355431284,170.64221058154587,166.2702372854565,169.22035217285156,39823200
2023-10-18,167.953246168158,167.97259529571417,165.39970741595823,165.73825073242188,38501400
2023-10-19,165.26431657272735,166.51206243515614,162.84619185099078,163.09767150878906,51397300
2023-10-20,163.1363706522791,163.49424839013307,160.9793927622922,160.98907470703125,54421900
2023-10-23,160.234616278858,161.97566898876542,159.25768446879408,159.625244140625,45590900
2023-10-24,160.99876304965852,162.13044380318317,159.9928295217691,161.0181121826172,32666300
2023-10-25,159.60591554887174,160.23463689785805,158.0486424744898,158.35816955566406,36832900
2023-10-26,158.77404096355994,160.34099559871456,157.8551566505299,158.76437377929688,50525600
2023-10-27,159.13197391974165,159.4318190578905,156.37530551980248,156.8976287841797,46017100
2023-10-30,158.4258502709718,159.4124492743819,156.63644686061014,157.76812744140625,35156300
2023-10-31,158.04861292651108,159.586551340092,157.4972882099548,159.13194274902344,31533200
2023-11-01,159.07394868673322,160.17661314622913,157.75848803689033,160.04119873046875,44367100
2023-11-02,162.25616715771696,164.43247938486965,161.8499239797359,164.30673217773438,50458100
2023-11-03,167.14079685830126,169.89745040236272,167.12144772646883,168.77545166015625,57060700
2023-11-06,168.7754367524076,169.0559327234175,165.77695622295127,166.6668243408203,35294400
2023-11-07,165.94138309574197,166.86026750802577,164.98381518316748,166.07679748535156,31168900
2023-11-08,166.07680122690599,166.492726349474,163.75540742156787,164.30673217773438,44938600
2023-11-09,165.4287490410995,165.4287490410995,161.51138399843524,161.76287841796875,38577400
2023-11-10,162.71077296902774,164.15198057669352,161.32759799163307,163.57162475585938,36121300
2023-11-13,162.73013383724057,164.21002505215088,162.03371270562835,163.62966918945312,27610300
2023-11-14,168.523954820244,172.62509992550457,168.51428763399724,172.6154327392578,77611000
2023-11-15,172.50902475932924,175.80733568596852,172.2768794711559,172.91526794433594,59641400
2023-11-16,172.30591376053337,172.77987157201085,169.4235129039297,170.11993408203125,46616700
2023-11-17,171.6384871589018,172.78951687020657,171.30962574397523,172.4509735107422,43418700
2023-11-20,172.67346957937485,173.76645201439106,171.91901577999386,173.45693969726562,26665100
2023-11-21,172.40264136856857,172.66378823606746,171.11619712691567,171.22259521484375,30457000
2023-11-22,172.34456955686338,173.51494835826907,171.6094649910856,172.2962188720703,28940900
2023-11-24,172.21886091063718,173.84383378343827,171.97704841701344,173.45693969726562,13846900
2023-11-27,172.65410830931708,173.2441313426414,171.42569679553128,172.87657165527344,30665800
2023-11-28,172.70248968286216,173.35054540888908,171.39669628505067,172.2091827392578,28350200
2023-11-29,173.66970188868422,175.79764846436373,172.8475336676201,173.1183624267578,31590200
2023-11-30,174.1533652147881,174.7240391718361,172.90560445141062,173.77613830566406,32216800
2023-12-01,173.3311686633913,179.11531858363827,172.37360076600388,178.8541717529297,64221300
2023-12-04,178.1964446143338,180.86606377918787,177.99333040078494,180.7693328857422,44862600
2023-12-05,179.95684995172965,179.95684995172965,177.95463553983424,178.35121154785156,36873500
2023-12-06,179.61830217356896,181.7655981166975,177.77085133581258,178.03201293945312,43637900
2023-12-07,178.2931836092848,179.48289690560296,177.38396630220512,179.31846618652344,32662300
2023-12-08,179.08632545224634,181.60118126959168,178.8058294558577,180.6822967529297,36087100
2023-12-11,180.5661871704099,181.47540435186968,179.80206631566483,181.0594940185547,29302100
2023-12-12,180.84668559273754,181.51409027672167,179.27006378906833,180.87570190429688,32024000
2023-12-13,180.97246549048614,187.29827345773901,179.58929043357585,186.99842834472656,69484800
2023-12-14,190.42250402051366,193.48868476944745,190.045277108413,192.20225524902344,83649300
2023-12-15,192.43436491619997,193.01472076061805,189.53261521223394,190.5869140625,74160700
2023-12-18,191.47681622963884,192.260286367107,190.23872265300952,190.65464782714844,44451100
2023-12-19,191.97975848859951,194.70741032603092,191.53483179395195,194.34951782226562,52156200
2023-12-20,194.02333434721064,196.2658712594669,190.43139127315825,190.54788208007812,62360300
2023-12-21,192.70304199660364,193.98450006630011,191.75166588657618,193.7903289794922,38613400
2023-12-22,195.01355469968726,196.8871843447484,194.34370291962287,195.5960235595703,39173800
2023-12-26,196.3047219933489,198.58608435991928,195.79990378083954,198.1395263671875,26879000
2023-12-27,198.46956318936506,199.48890208851032,197.4599269187775,198.83847045898438,35806400
2023-12-28,197.83852351799172,199.1782268275645,197.34342285771032,198.0812225341797,28930100
2023-12-29,197.53762100520473,198.07156191670012,194.84852600097656,194.84852600097656,41496800
2024-01-02,193.57676220178791,195.73193101593955,192.64480611701552,193.69326782226562,44341500
2024-01-03,191.63515496106345,191.89727407045072,188.1208776222085,188.5286102294922,57532500
2024-01-04,188.3927106144582,189.78095690108685,188.0335207560742,188.15972900390625,43114200
2024-01-05,187.06272550690124,189.75183517687424,186.67439813202398,187.6063690185547,40964900
2024-01-08,187.6451997566345,191.21773764257787,186.64528080892083,190.9847412109375,31545400
2024-01-09,188.67424939549898,190.0527782365325,187.67433048395228,189.27613830566406,28998700
2024-01-10,189.05286739987721,189.6741764084746,187.44134206679874,189.3829345703125,35075200
2024-01-11,188.81986698246433,189.05286341071266,185.71332200502792,187.89761352539062,48939200
2024-01-12,190.16925054465682,191.34392036265206,187.0141631680891,187.58692932128906,42992100
2024-01-16,186.12104426770676,187.6160638627168,184.55806182997287,185.26673889160156,42213000
2024-01-17,182.63590609795688,184.38332752463938,182.05342241361242,183.94647216796875,37787700
2024-01-18,185.14055587821676,185.58711384945195,182.71356529879748,185.0337677001953,41760000
2024-01-19,185.70359567620844,187.21805016759222,183.70375790558938,186.810302734375,63338300
2024-01-22,188.48010554215142,191.0721448338274,188.42186013122418,190.80030822753906,42379500
2024-01-23,192.43120900497883,192.79039883086858,189.28582422850445,190.24691772460938,42471200
2024-01-24,192.58656503814402,192.66423051581495,188.45096352792473,188.6839599609375,41120100
2024-01-25,191.3439220856326,191.8875655453057,188.73247814032763,190.24691772460938,37659500
2024-01-26,191.14009634103863,192.11089270923188,189.67419915781056,190.2566680908203,33478600
2024-01-29,190.43139895421757,193.58648681640625,189.39263984003432,193.58648681640625,29234400
2024-01-30,192.59626102666115,193.1204844663942,191.3439404236921,191.93612670898438,33121200
2024-01-31,191.4507264774126,193.13019976763323,187.08214354643408,187.24717712402344,68126700
2024-02-01,188.6354021993779,190.02364843104505,185.9365900207183,189.73240661621094,59479000
2024-02-02,187.59666836019778,189.79066250190135,186.7714856414413,188.7324981689453,52839300
2024-02-05,186.84916134668876,187.47047037386065,184.50953875484797,186.3346405029297,39751900
2024-02-06,186.10159920629292,188.1402768298129,185.44146500480088,188.01406860351562,34689100
2024-02-07,188.40242267248783,188.48007333166947,186.4316927894534,187.57723999023438,31713900
2024-02-08,187.71317668448148,190.6352682695948,187.08216500290584,190.42169189453125,35370800
2024-02-09,191.16918390950016,193.7223826287786,190.71290851526012,193.5185089111328,46107100
2024-02-12,194.03303483286882,197.60557260841168,194.00391213146065,197.03280639648438,43291000
2024-02-13,190.4896488764654,191.8584751981391,187.42192905025613,188.92666625976562,86247400
2024-02-14,191.90698515277387,193.95536572139926,190.49933362946433,193.3146514892578,43808000
2024-02-15,195.12033010670453,198.78993849250276,194.85821098966917,198.46957397460938,44931900
2024-02-16,196.21732517301803,197.75118496199275,195.21740626203683,195.77076721191406,48346200
2024-02-20,193.33404948834735,193.88741041029903,192.22734245761785,193.0719451904297,30547500
2024-02-21,191.88760204658192,192.55745387009026,190.65468658611255,192.159423828125,28669100
2024-02-22,192.84864807802043,194.24659689547144,192.03318287223186,193.61558532714844,38184700
2024-02-23,193.77092008849303,195.26593966193582,192.77100122551025,194.0524444580078,37667700
2024-02-26,193.85828071743404,195.75133019997583,193.33404251416198,195.275634765625,29118200
2024-02-27,197.14931911132618,198.2560263273498,196.62508080137079,198.04244995117188,32268600
2024-02-28,196.52795929434853,197.9064879397693,195.97459842268006,196.41146850585938,30143900
2024-02-29,199.18797083756823,200.02285621923252,196.6056640268546,197.7803192138672,40404100
2024-03-01,198.55694436688194,200.3043804786562,197.2075382497957,199.87722778320312,35156900
2024-03-04,200.98394029151763,201.70233482723913,199.45008048595528,199.69277954101562,24785400
2024-03-05,198.33368019606147,199.8966627775548,197.0813447169773,197.7803192138672,34163500
2024-03-06,200.01314026247096,200.0616830351936,198.12009063168415,199.25592041015625,34255200
2024-03-07,200.66359909794997,202.02272285225558,200.3723572353719,200.916015625,28020200
2024-03-08,202.6440039587657,204.2652318338889,199.78986076293916,200.78977966308594,41447800
2024-03-11,199.9452101611669,200.79950082236041,198.7705401339091,199.19769287109375,24435800
2024-03-12,199.15886971027624,199.9063870641046,197.45027342898848,198.92588806152344,34958900
2024-03-13,198.88700410032786,200.54707204789605,198.789933372456,199.70248413085938,25140700
2024-03-14,199.06175235112758,199.28503131662774,194.32426242673333,196.12994384765625,47509100
2024-03-15,195.37274365400685,197.1493025540069,195.2562528452118,196.49887084960938,53217000
2024-03-18,196.98426699957676,197.2463713167432,195.04267453548516,195.37274169921875,32405100
2024-03-19,193.94566741489592,196.82893336990608,193.82917660885096,196.1979217529297,29864100
2024-03-20,195.63483722127938,200.94509315480752,195.236807259011,200.08108520507812,49609600
2024-03-21,201.4650910992404,203.362947682916,201.30936572550573,202.3799591064453,43067300
2024-03-22,202.29235017968523,202.67192146082022,199.58668518066406,199.58668518066406,28437300
2024-03-25,200.21932318081622,201.47482376960056,200.01493176595906,200.04412841796875,20107800
2024-03-26,201.51374161075614,202.08796217502857,199.50882584344038,199.6840057373047,23434800
2024-03-27,201.27044157009038,204.10263554204477,200.64755492667535,204.0345001220703,35028400
2024-03-28,204.4627306963966,206.21460396380175,204.22914264381308,204.67684936523438,37675100
2024-04-01,205.13427341811953,205.16347006692988,202.39941174044137,202.74978637695312,25684200
2024-04-02,200.24849003358366,200.3750187406563,197.96132029458627,199.02218627929688,36632100
2024-04-03,197.9418981601638,200.88113674526213,197.84456608482586,200.32638549804688,27362800
2024-04-04,202.48704519432752,202.97367591344351,197.77646339747443,198.3214874267578,32265200
2024-04-05,197.70827607629096,200.19982232808678,197.45523351505102,198.98324584960938,27569400
2024-04-08,200.4723442997488,200.9005816177212,199.10978451600747,200.0733184814453,21331000
2024-04-09,200.70595369935307,201.4358997006307,199.00274636303868,200.86167907714844,23289100
2024-04-10,195.80070363368134,197.50391092980226,194.2045556759196,195.55738830566406,57130500
2024-04-11,196.5695913195811,197.48445934270262,194.74959739110912,196.8810272216797,37184000
2024-04-12,195.8493659699717,196.51119137208755,192.3942854072329,193.37728881835938,35388700
2024-04-15,194.0390785684684,194.8760837853409,189.76646254125313,190.54507446289062,41119300
2024-04-16,189.21176160966928,190.99283184103754,188.1898341194362,189.84437561035156,43267500
2024-04-17,191.21664967726906,191.36263293262397,187.82970449593464,187.8394317626953,38589500
2024-04-18,188.5207211782451,190.4283199652042,187.01216311035859,187.6837158203125,40238200
2024-04-19,186.80778212276593,189.19226941195612,186.2238193842425,187.97569274902344,42666500
2024-04-22,189.01707542883312,191.05118789363047,187.7420907063373,190.0779266357422,31553000
2024-04-23,190.0389907596014,193.99044400139417,189.91247689268758,193.260498046875,31838300
2024-04-24,192.87122108700828,193.59143991123196,191.2069523125387,192.39431762695312,28791700
2024-04-25,190.21419415925885,191.5670267957766,188.5888495420605,191.22637939453125,31915600
2024-04-26,191.73247064302382,193.57193385363854,191.16797732299543,193.0561065673828,24613600
2024-04-29,193.92233541039357,195.05132220708546,193.56223344193464,194.6133575439453,20494600
2024-04-30,192.81277904435225,193.3383335637798,190.5158819930861,190.661865234375,30606800
2024-05-01,190.6424178779667,194.96370019220885,189.81513987742656,191.0609130859375,38782100
2024-05-02,193.46486936982384,194.76903587580057,191.2847588316211,194.5743865966797,27201000
2024-05-03,197.97108364540023,198.70102961689085,195.74230696267378,196.50144958496094,30880600
2024-05-06,198.0294864913591,199.30445647355253,197.941896534748,199.0416717529297,23129800
2024-05-07,199.29474582708045,200.63783649282962,199.03196108454205,199.48939514160156,20116900
2024-05-08,197.29953738616712,198.50638677786193,197.14381200966665,198.33119201660156,18349400
2024-05-09,198.51609714543272,200.48208901671845,197.9710732248675,200.35556030273438,22914300
2024-05-10,200.83249217596355,201.0952620566131,198.2338712165526,198.84703063964844,21520200
2024-05-13,200.56970008750767,201.02713410846846,199.1292774527745,199.26553344726562,18585300
2024-05-14,201.59164216282633,202.18533222154414,200.4042620453907,201.328857421875,33169000
2024-05-15,203.61601305707168,204.16103703557815,202.16584830292518,203.83985900878906,33412300
2024-05-16,203.31425803021395,203.7522374493155,202.3701934814453,202.3701934814453,26731100
2024-05-17,202.4480694173821,202.9444421646608,201.80572827215568,202.51620483398438,35219800
2024-05-20,202.45782776049683,203.87878099803666,202.2242396930101,202.9639129638672,15695900
2024-05-21,202.2728834514064,203.10988870422443,202.03929540964745,202.7692413330078,13466800
2024-05-22,201.9809154509231,202.6524681208907,200.29717756806343,201.0563201904297,20853100
2024-05-23,201.961438933116,202.06849826586244,196.9394221127241,197.7569580078125,34039800
2024-05-24,199.3141638826466,200.18036579689735,198.50637011777349,199.94679260253906,19946100
2024-05-28,201.43588641275684,201.55267301300475,198.51610260025222,199.67428588867188,18475900
2024-05-29,197.1146251478829,197.58178644979722,196.38467911642107,196.72532653808594,25654800
2024-05-30,198.07813634188167,199.46016555281378,197.6498990101698,198.59396362304688,20428200
2024-05-31,199.46992388301868,200.7643633460832,197.6499297906001,200.26800537109375,25784900
2024-06-03,201.98092895895917,202.01012561171135,197.71803944766458,199.13900756835938,23902900
2024-06-04,197.71802124944588,199.03192990551895,196.25812934304844,196.569580078125,27098900
2024-06-05,197.86401561502535,199.5769500732422,196.39438161915965,199.5769500732422,20707600
2024-06-06,198.72046076685663,199.33362006301093,197.56229243636872,198.146240234375,17335500
2024-06-07,196.14132262187474,197.73747034843223,195.31404468613275,195.8201446533203,26036000
2024-06-10,194.18505989259302,196.72527197152178,193.68868722437446,196.49168395996094,25075300
2024-06-11,194.84425815181953,196.1911126321819,193.65356373427315,195.8202362060547,23768400
2024-06-12,200.92461042493133,202.29098872573485,198.2211617599787,198.82626342773438,43668700
2024-06-13,198.38708779394588,198.6505911787686,195.69337850001943,197.0890350341797,28021100
2024-06-14,194.7661946221631,195.23465995805904,193.18511480586147,193.9561309814453,33453700
2024-06-17,193.36078482049493,196.12280475075232,192.66784867899872,195.5860137939453,25538100
2024-06-18,195.6445547221704,196.84500348184764,195.22487644187336,195.92758178710938,25446900
2024-06-20,195.5079463811976,197.01094615058835,194.4343644800296,195.0980224609375,27999700
2024-06-21,195.12730751056304,195.59578775249244,193.6926333079197,195.5372314453125,37511300
2024-06-24,195.86907001858125,197.8210264452674,195.7129099303074,196.38633728027344,22289600
2024-06-25,196.29850222821995,196.32778038315303,195.01997315532302,195.7421875,15925400
2024-06-26,194.54170239105875,195.76167492783188,194.0341896459331,195.22488403320312,19313500
2024-06-27,195.81050460829383,197.29398070121422,195.15660102281345,197.20614624023438,17432600
2024-06-28,198.9824285567449,199.72416658420337,196.4839268934694,198.01620483398438,35026000
2024-07-01,198.6310712126343,198.9238676271722,195.66408938727523,196.35704040527344,21886200
2024-07-02,196.67910384385183,197.4110873926585,196.07398731677947,197.03045654296875,17219100
2024-07-03,197.3915832352458,198.39683955057723,196.78648154041386,196.98167419433594,15167200
2024-07-05,196.3765673952538,196.78647642550922,195.07851468665595,196.0447235107422,17282500
2024-07-08,197.64532345860755,198.80673980263066,196.99141990614166,197.4208526611328,20823800
2024-07-09,197.069509275553,197.65510213140885,195.7129002219904,196.56199645996094,17864200
2024-07-10,197.430606763413,198.69938129414226,196.64983618349737,198.4846649169922,19286100
2024-07-11,202.90584633355752,206.15585527852593,201.96891567273894,205.6190643310547,65443600
2024-07-12,207.80524213627953,209.77672194355432,207.5514932075186,208.01995849609375,50810700
2024-07-15,209.63031529270995,212.99745142255847,209.15209558726238,211.97267150878906,48925300
2024-07-16,213.87581967154156,219.45841505808644,213.75870707632143,219.2046661376953,67945700
2024-07-17,217.01850626557433,221.19569163772732,216.33532452568858,216.91114807128906,66092100
2024-07-18,216.091322665842,219.3803642186429,211.767731779396,212.7144317626953,53180000
2024-07-19,212.40213461215788,213.39762162646693,210.66489465513413,211.631103515625,37933500
2024-07-22,212.45092629634425,215.34958272628748,210.20618836209465,214.99822998046875,36185900
2024-07-23,213.94416956659404,218.37510366490568,213.77824018153964,217.28201293945312,44884600
2024-07-24,215.7594717591639,218.4824439294447,212.48993937875161,212.6168212890625,42443000
2024-07-25,213.20243101866038,218.63863664422763,212.95843647300106,215.27151489257812,45053100
2024-07-26,218.52149637982976,219.97570914828077,216.37434748181232,218.8338165283203,40822600
2024-07-29,219.31203555935772,220.0049716395974,215.46667963520468,216.4036102294922,33869700
2024-07-30,217.3698404630053,219.0680476935226,215.79851514916126,217.22344970703125,26876800
2024-07-31,218.3360616382742,223.13787197860913,216.64760884666998,218.48245239257812,52387700
2024-08-01,218.3946193806948,219.48771006602442,209.89384374160514,211.37733459472656,71508100
2024-08-02,203.83304120264125,206.11682648402106,202.01772126025728,203.90135192871094,66850200
2024-08-05,193.14606453131336,199.8217662088903,191.97489376248654,197.3427734375,65683100
2024-08-06,198.13335046764118,202.271503844782,196.36683211718452,199.48995971679688,37072500
2024-08-07,202.8570533108937,202.96441149719658,196.7181427443589,197.1280517578125,30594500
2024-08-08,199.50942284764815,202.0274478983782,198.2894503361845,201.9200897216797,26550300
2024-08-09,202.07625069999568,202.1445614169834,200.01693649555222,201.50042724609375,20954500
2024-08-12,201.64684560249358,202.00795275146402,198.92387312420672,199.6851348876953,20357900
2024-08-13,201.13933839544748,203.37433675456396,199.9388894107194,202.97418212890625,25458300
2024-08-14,203.6183489624095,203.73546158798314,200.79777238928847,201.71517944335938,25345600
2024-08-15,206.18513412495423,207.98094520001604,204.8675725864472,206.94639587402344,42561600
2024-08-16,206.2924714810844,208.83977473563598,206.2046370325033,207.49293518066406,30427400
2024-08-19,207.84432071716176,210.04027163221758,207.70768436702588,210.03050231933594,17246200
2024-08-20,209.72794424151775,209.78650054780988,206.9561698672286,207.58079528808594,21703900
2024-08-21,209.13257886042788,210.47943335747226,207.70765922325185,210.28424072265625,19623100
2024-08-22,210.39161142533962,211.17238201106474,208.01022241904278,208.4298858642578,18084300
2024-08-23,210.0109764086777,215.7692565726986,209.63034551637043,215.08607482910156,40003100
2024-08-26,216.59881661398717,217.10632940525645,214.7932660307459,215.1543731689453,24865500
2024-08-27,213.65137286661115,214.10031446014403,212.4802021063045,213.48545837402344,19577900
2024-08-28,212.63636291498048,213.85633564918263,211.07480675054887,212.041015625,19685000
2024-08-29,213.5244938201728,215.6716427250104,211.93364470476507,213.55377197265625,24599500
2024-08-30,214.43213630803638,215.20315238758656,212.17761458306353,214.79324340820312,23010500
2024-09-03,212.89008825079517,214.10029145309207,207.79548184329167,208.22491455078125,31338500
2024-09-04,207.64909524714494,210.19639868447692,206.61456084364315,207.8735809326172,23706300
2024-09-05,208.41036039707444,208.8885950352578,205.85330249794845,206.8390350341797,23910500
2024-09-06,206.83905961490774,208.06880171859467,202.16413043496323,202.90586853027344,34561300
2024-09-09,203.1498340117183,205.20914838273248,202.5349779401245,203.47190856933594,23584100
2024-09-10,203.70613907030008,203.84277540112936,200.84651564989997,203.3059844970703,23025700
2024-09-11,202.4861865992531,204.22342650309702,199.3045032130294,203.90135192871094,27175600
2024-09-12,204.86755841394924,207.66861068425746,203.40359132205407,206.52671813964844,27611700
2024-09-13,208.88858110998765,212.0312316262767,208.80074665951673,211.62132263183594,37388100
2024-09-16,212.40212260914365,213.04625684898863,210.9479098519563,212.38259887695312,23289000
2024-09-17,214.30528828106972,216.4719610090951,213.22195191705703,214.13937377929688,35563500
2024-09-18,213.9636741301152,219.53651561903732,213.00721976446047,214.1783905029297,54085200
2024-09-19,219.26322518909134,219.2827340270447,216.1791310767921,218.5897979736328,35369500
2024-09-20,218.08232645326586,218.09209576633174,215.97420996092376,216.24749755859375,34587500
2024-09-23,217.34056995429262,217.7504789776775,214.73471016061742,215.45692443847656,20157700
2024-09-24,216.3060279834698,216.59880949549884,214.227189894601,215.8180389404297,20939800
2024-09-25,215.76125507229938,216.04524796127237,213.03876370503397,213.1856689453125,23242300
2024-09-26,215.92772049634925,216.55447729204502,213.86137911720115,214.3216552734375,24974700
2024-09-27,216.29008947100917,217.99409174736732,214.9876072911647,215.77105712890625,23959600
2024-09-30,214.8798884477215,217.00498628914843,214.05727282066525,216.31947326660156,21938200
2024-10-01,215.61435297028282,215.78083362390552,211.8244338163105,213.38153076171875,30016000
2024-10-02,212.50014667214637,214.2237241705422,211.73628727397744,213.0877227783203,14455400
2024-10-03,211.75586560643578,212.73517407330203,210.6296668467641,211.65794372558594,21353000
2024-10-04,214.7525353193602,215.4282605152436,212.79391849329147,214.6154327392578,27901500
2024-10-07,214.11601542305917,214.1356057776271,211.40332662329754,212.93104553222656,14891800
2024-10-08,213.1269255696744,213.85160433668932,212.2161608432889,213.0779571533203,18118600
2024-10-09,213.02897185291215,215.0659352786846,212.43159308408914,213.54800415039062,18230700
2024-10-10,211.43269734674956,212.3924304274654,210.15960826219398,212.36305236816406,24571400
2024-10-11,212.2847076138368,217.02455716492932,212.22595149475856,216.68179321289062,19950900
2024-10-14,216.86786950736033,218.4935252424571,215.86897062948537,218.278076171875,19263300
2024-10-15,217.964691472322,220.83405809215824,217.3868881232479,218.454345703125,25998800
2024-10-16,220.23670455778165,222.46952691053596,219.74705027089584,222.04843139648438,27656700
2024-10-17,222.21490050448054,222.2638689192351,220.25628345879596,221.4412384033203,18003600
2024-10-18,221.97008350682302,222.33242289503576,220.72635744197913,220.98097229003906,20047400
2024-10-21,220.96138287779902,221.02013899723914,216.94621202802327,217.50442504882812,24243800
2024-10-22,216.8874545727262,217.24000623025734,215.7416654215155,216.68179321289062,15813900
2024-10-23,215.4772298383033,216.23130150359455,212.8722658622502,214.70358276367188,23263500
2024-10-24,215.8689762386402,216.4663550511288,214.008295973151,215.17367553710938,18381900
2024-10-25,216.7307646523842,217.3771118573923,213.9985004756676,214.36083984375,23807800
2024-10-28,216.22152099605668,218.35642133452177,215.9179377465326,217.8569793701172,19877700
2024-10-29,216.172562234042,217.30854872977167,215.41849050999198,217.15187072753906,20282200
2024-10-30,216.49575387071076,219.83518475508444,216.32925826304782,216.85809326171875,19754800
2024-10-31,216.642625376492,217.18124803466213,213.12691148334955,213.25421142578125,24078400
2024-11-01,214.95820392663322,216.39778853789653,213.82220254278195,214.44895935058594,21222200
2024-11-04,213.9788986175505,217.15186340904734,213.33255144729094,215.53599548339844,20463700
2024-11-05,214.80151425456737,219.6490881480216,214.52730908092568,219.59033203125,26404600
2024-11-06,231.6946000620864,232.6641208801616,227.93405891698748,232.3115692138672,75554600
2024-11-07,231.9883946021949,233.55529421072487,230.52921952853964,231.48895263671875,34970300
2024-11-08,231.04824415161286,233.53569607656067,230.77403897071397,233.19293212890625,26597800
2024-11-11,235.54327572529147,237.37457776948105,234.8871408481918,236.6988525390625,29207700
2024-11-12,234.99485614453462,236.78697741167883,231.66519853502177,232.5465850830078,35314300
2024-11-13,234.00576508480373,234.91652976797386,229.97101881212666,230.24522399902344,25947700
2024-11-14,231.06782967653777,231.53789355638938,226.42591710899802,227.14080810546875,29272100
2024-11-15,227.4150146968155,227.4835585195038,223.09626074642492,223.7523956298828,37930000
2024-11-18,224.47710782421032,225.82855840979323,223.40966508725177,224.19309997558594,29368500
2024-11-19,221.90151068453284,226.04399642198203,221.71543967758984,225.85792541503906,26009400
2024-11-20,225.46618992508394,226.15170288085938,223.32150193675227,226.15170288085938,24222700
2024-11-21,227.35627379785183,230.69571949919919,226.3279968442062,229.58909606933594,28679400
2024-11-22,230.76425785754262,234.28977448847203,230.46067460880798,233.82949829101562,22693100
2024-11-25,236.49322474046386,239.9110019820294,236.39528790922384,237.38438415527344,33534000
2024-11-26,236.1896304935456,236.6107409432502,234.47584051960132,235.64122009277344,22581400
2024-11-27,237.00245063139351,238.6476967229226,235.46494401834258,235.96438598632812,19472800
2024-11-29,237.35498014427532,238.44201310271862,236.54215235165006,236.86532592773438,16782700
2024-12-02,237.22768451358291,237.6389922697729,235.0438159091818,236.74781799316406,25274800
2024-12-03,236.5421659669117,237.12975703780666,234.41706833797167,235.06341552734375,21376700
2024-12-04,235.30823038570685,236.6694685173743,234.26037812699983,235.90560913085938,19903000
2024-12-05,235.5432778800598,235.87623917422,232.82080152322263,233.1537628173828,20227000
2024-12-06,234.82838145492732,234.92631828332603,233.44756781010258,233.98617553710938,20760900
2024-12-09,235.57266177087584,236.38548961596294,232.73265816580135,232.81100463867188,16684300
2024-12-10,232.66413397773175,233.87848199512,231.0384781503562,231.80233764648438,19946500
2024-12-11,233.7707262825418,234.33871203269587,231.9296216178488,232.8501739501953,23156900
2024-12-12,232.2528077809805,232.73265938311235,229.50095328290533,229.82411193847656,21454500
2024-12-13,229.52052560368162,230.00039214241443,227.08205703155903,228.2474365234375,23972900
2024-12-16,228.0907552014469,230.7544756205968,227.5423448109859,229.58909606933594,32293500
2024-12-17,228.5322302095828,229.28854084284558,226.44993676402865,226.960693359375,33064300
2024-12-18,228.10987007148742,228.93492798986745,215.0267445624836,216.91259765625,52267500
2024-12-19,219.27975486414672,220.43876272388604,215.42946936558354,215.95004272460938,51871700
2024-12-20,214.71243910970657,220.66466610181553,214.191865791085,217.973388671875,53882200
2024-12-23,217.7965909787337,218.44484217728927,215.47856051553816,217.4724578857422,29606800
2024-12-24,218.07163550577496,219.65300411900046,216.55901423011798,219.41726684570312,13399600
2024-12-26,218.4645151575071,222.11836044910243,217.53141280876417,221.66653442382812,20024800
2024-12-27,220.30124797659846,221.43080551226635,216.28398762424936,218.43504333496094,26956000
2024-12-30,216.74563062191436,217.86535640551986,213.9757889413865,216.7554473876953,25706100
2024-12-31,218.16986174279586,219.30923615368587,216.23489459259767,217.03050231933594,26208300
2025-01-02,218.96545105926594,220.3798447903398,215.69468429044502,217.20729064941406,29363000
2025-01-03,218.1207507205216,220.82184517136156,217.4430191694131,220.4387664794922,24525300
2025-01-06,221.74509900374233,223.13002728713053,220.15391373448753,220.52716064453125,23541900
2025-01-07,221.56830917183254,222.49159470188482,217.44300455796952,218.75917053222656,28835200
2025-01-08,216.97155840491348,218.35648688104493,215.11517033661627,217.7671661376953,26795900
2025-01-10,214.42759838809627,214.82049382787343,211.4809500331961,212.9739227294922,37379400
2025-01-13,210.68536492842662,213.65166190851446,210.16479156605934,213.38645935058594,28603800
2025-01-14,215.2821254113828,216.3134553512703,213.35699017852633,215.81253051757812,25447500
2025-01-15,221.43079079670434,221.5683004455031,219.0341812141308,220.05567932128906,30124700
2025-01-16,220.16374629675238,221.22454154817746,218.7493676156148,220.49771118164062,21029800
2025-01-17,222.89428327270284,222.93358030805717,220.67448037286692,221.450439453125,26754900
2025-01-21,223.473810428114,225.80165778038318,222.95323709606586,225.70343017578125,26086300
2025-01-22,225.27126417437148,225.76237221487594,223.77829153475804,224.2301025390625,21307300
2025-01-23,222.89430492528373,225.2712812100156,222.52107297772653,225.2516326904297,20850700
2025-01-24,224.75067871945964,226.13559192848595,223.98453642919162,224.62298583984375,19074500
2025-01-27,222.6782263283069,225.53646388773294,221.20490212734197,222.47195434570312,27461700
2025-01-28,222.70768201385462,223.5130914155365,221.17541232145706,222.71749877929688,16847400
2025-01-29,222.6487355750053,224.16135674308512,220.58609078320754,222.2067413330078,20280500
2025-01-30,224.4560188061377,225.95880818281643,222.88446711111652,224.46583557128906,25575100
2025-01-31,224.68196662133093,226.22405332391176,221.52904587230643,222.45233154296875,35330700
2025-02-03,217.57067777738055,221.53883912062838,216.7456198698479,219.84942626953125,34023300
2025-02-04,219.62352076263926,223.09074231467304,219.24045709219277,222.894287109375,17985500
2025-02-05,224.00422269163835,225.4186164082672,222.8550315437348,225.3203887939453,15197300
2025-02-06,226.4106169155523,226.59724036355632,223.2577117793009,224.5836944580078,18809400
2025-02-07,224.7801567950179,225.17303723360587,221.56830600419173,221.9808349609375,28914400
2025-02-10,223.32646316543963,223.47380456847915,221.84332229438007,222.98269653320312,14574700
2025-02-11,221.04773801039008,222.39336928180992,220.8120007490945,221.68617248535156,18215700
2025-02-12,218.30735863876325,220.4878797160803,217.84571584390778,219.64317321777344,25572800
2025-02-13,221.03790346828265,222.31478738952217,219.7708512999491,222.11834716796875,21419400
2025-02-14,223.22825414904304,223.92561917741617,221.59777184866232,221.9513702392578,13574500
2025-02-18,222.1281803138903,223.62115308516366,221.49956256610614,223.16934204101562,15166500
2025-02-19,221.4013485484619,223.11039507742274,221.07721541669332,222.4031982421875,16194800
2025-02-20,221.9906678222338,222.16747452361776,219.04401935688657,220.27178955078125,18507700
2025-02-21,221.9808509906408,222.33444940587526,213.5927316228969,213.9266815185547,45036900
2025-02-24,214.89905333059323,214.89905333059323,211.32378733597167,212.38458251953125,30246200
2025-02-25,212.52209693801797,213.40610043784952,209.6933247058714,211.5791778564453,33665100
2025-02-26,212.2176072639495,214.52582108408765,211.0193024280601,211.8443603515625,25464200
2025-02-27,211.80508696342227,212.63997667397757,208.4459095768591,208.61288452148438,29378500
2025-02-28,207.87622220712205,210.84251913123393,207.20832242930325,210.8326873779297,32015400
2025-03-03,211.56934346959702,212.11939707900046,203.73126313159574,205.06707763671875,36330000
2025-03-04,202.26774742811648,206.03946851481174,199.5764849972251,202.74903869628906,56427100
2025-03-05,202.77849270125913,205.12598837068913,201.1774907929809,204.7625732421875,35778500
2025-03-06,202.1204568753862,204.41883928235882,200.27388554631568,201.6293487548828,39206300
2025-03-07,201.32483172715283,203.42677354523028,198.14244622282752,202.2873992919922,43514000
2025-03-10,199.82205448733,201.09893847044373,195.21545837965297,197.1995391845703,39442800
2025-03-11,197.5433010322646,199.60596087687458,194.9993648813599,197.1798858642578,51509700
2025-03-12,199.43898480530692,200.126533087139,196.00122840871802,197.52366638183594,36881700
2025-03-13,197.69063427815325,198.4371131021956,193.49656742728507,194.57701110839844,31336900
2025-03-14,196.6789781463263,199.4586518030126,195.7949745699902,199.28184509277344,34089400
2025-03-17,199.10503263838837,202.3561655381423,198.99698826766718,201.79629516601562,26947600
2025-03-18,200.6740651968452,200.7429668003809,199.19743488640796,200.04403686523438,22888000
2025-03-19,200.18186210111543,204.4443885279291,199.73886097562792,203.15480041503906,31595600
2025-03-20,201.13674252272432,204.07031051353653,201.01860188437485,201.86520385742188,25665900
2025-03-21,199.5616684088247,201.23517978036307,198.61661838736956,200.614990234375,39470200
2025-03-24,203.73562556298276,205.9702487593423,203.46982788434931,205.60601806640625,25774700
2025-03-25,205.43866225557034,206.0096277972048,203.86358386340208,204.46408081054688,17836900
2025-03-26,204.72003374688867,205.5666357294312,201.49112163451738,202.38694763183594,19344600
2025-03-27,202.13100972679132,203.1351225777122,200.58546273953755,201.42222595214844,23960000
2025-03-28,201.35328581574424,201.39267103254855,196.2736893852983,197.32701110839844,26656200
2025-03-31,194.4033094409549,197.51408107884353,192.44432272995948,196.3820037841797,32250800
2025-04-01,195.8897694458627,198.09486095025878,193.59606871268986,196.4016571044922,26054100
2025-04-02,193.71421344051814,200.1621690105725,193.4779471755619,199.5026092529297,36603000
2025-04-03,190.10139796723894,192.0210144796984,186.25231112619124,186.69529724121094,60551500
2025-04-04,179.76498618756517,181.18255378038177,173.9175273777273,178.3671112060547,92612800
2025-04-07,171.60412662587404,187.28593230179786,169.0544670381914,176.7526397705078,96706200
2025-04-08,182.7969703934303,183.02338281006453,169.65495607725032,172.09632873535156,61090600
2025-04-09,170.02906422125838,189.11697198047577,169.06433659668306,186.72482299804688,123015100
2025-04-10,181.64523160433626,182.5902666474656,174.2226943903296,178.87901306152344,67503000
2025-04-11,178.31788228935895,181.97008800165457,175.79776886961443,181.4877166748047,44954400
2025-04-14,184.88397340327307,185.04148425570054,180.19813820151805,183.62391662597656,35214600
2025-04-15,183.43685659752077,186.10464195074442,182.94464649715965,183.85031127929688,30715500
2025-04-16,182.80683362123705,183.82078525597765,179.71575470132603,182.0882110595703,35063300
2025-04-17,182.10790001457994,184.50987270874975,181.58615850508195,183.57467651367188,42359200
2025-04-21,182.11774392372644,182.40321918331313,177.95365052531338,179.89295959472656,26019000
2025-04-22,182.2654083759081,185.16946021146518,181.67476522202804,184.5492706298828,34477100
2025-04-23,189.91433445899656,192.46397905484082,186.8823185797252,187.2859344482422,44866100
2025-04-24,187.78798576015384,191.34174316596335,186.93154502109755,191.0365753173828,29820100
2025-04-25,189.71745983505315,191.2334603153228,188.56569001760815,191.09564208984375,25029000
2025-04-28,191.46973051259948,193.09401784785553,189.5304215005814,191.9028778076172,22482300
2025-04-29,191.44018679880074,193.79295034449564,190.0029267778424,193.03494262695312,20118200
2025-04-30,190.13090807077143,192.4344476276286,187.74861309901408,191.82411193847656,29046100
2025-05-01,192.66089740904317,194.59035272402608,190.72158827789346,193.01528930664062,33169700
2025-05-02,195.2400547599946,198.07518966564717,195.09238272137367,197.35655212402344,30201800
2025-05-05,195.47633023853146,197.37625405246862,194.99395892329028,195.84056091308594,20834200
2025-05-06,193.52718801011002,195.4960286593309,192.59199170594252,193.7043914794922,24642100
2025-05-07,195.01365184266731,195.46647673265917,192.98573356915347,194.34423828125,23623300
2025-05-08,196.65763319113512,199.58136247054014,195.17114903309152,198.045654296875,32646300
2025-05-09,198.40001894641372,199.12849522286055,196.84464841790756,197.681396484375,17203000
2025-05-12,205.58631275419998,206.46244613899125,202.61337453946038,204.6314239501953,38207200
2025-05-13,205.67489166046474,206.34430516342715,204.72001794858733,205.37957763671875,28295800
2025-05-14,204.7987900583279,205.29100020221273,203.31232083137792,203.5584259033203,26316100
2025-05-15,203.36152060955425,204.94643768478582,202.19005820337532,204.8873748779297,21563700
2025-05-16,205.17286814547572,206.8562333940818,204.5428397818871,206.58059692382812,28906400
2025-05-19,203.57810436019028,205.83242005317314,203.04650902996204,205.71429443359375,25859600
2025-05-20,205.40913136033774,206.49198461421523,204.7200401949501,205.8225860595703,22053100
2025-05-21,203.41075217050405,204.37547976742619,199.67979117433887,200.04403686523438,36704400
2025-05-22,199.13836889962533,201.1859648544019,198.390214905424,200.03419494628906,31831300
2025-05-23,196.66747250598098,200.09325070324084,196.53949306923857,199.40415954589844,29114600
2025-05-27,202.4361775198463,204.51330482675104,200.97923977078017,204.46408081054688,31655900
2025-05-28,204.47393355462873,204.7889402187747,202.00302915210332,202.30819702148438,26046700
2025-05-29,203.7257773134891,203.83406414692374,201.28441918458134,202.90870666503906,32749500
2025-05-30,201.94397790336618,203.03668502726447,200.3688994292755,201.8750762939453,37768900
2025-06-02,202.12115790865207,202.63304558541984,199.5124354275224,202.5050811767578,30334300
2025-06-03,203.24339393344124,206.3443114456565,202.34756797798008,205.77334594726562,37702200
2025-06-04,205.92101199997714,206.73808257554373,204.89722159242328,205.1925506591797,27225300
2025-06-05,205.44849282001795,206.56089245321326,203.77498148354388,205.28114318847656,35728700
2025-06-06,208.20487074386705,208.82506027197098,207.31889857891292,208.5986328125,32144500
2025-06-09,210.5379681429516,210.94158407750277,209.23854113698889,210.03591918945312,33984400
2025-06-10,211.1187597575343,212.07363351884467,210.47887762382038,211.16796875,30182200
2025-06-11,212.22129780745726,212.56583584743188,209.97682106642355,210.3016815185547,31113400
2025-06-12,208.86442314664728,209.94729132900753,208.3328428705265,209.4649200439453,25367000
2025-06-13,206.57072472107717,208.14580300038273,204.97596885354858,205.63552856445312,60580000
2025-06-16,207.77368736613334,209.22478761441334,206.94449152785754,208.05996704101562,28974000
2025-06-17,206.37193683315343,207.74406382821977,205.69080633513596,205.86849975585938,32843200
2025-06-18,205.75992730751238,208.6719938519288,205.1084098255142,206.95436096191406,42850500
2025-06-20,208.39556822746937,208.53376751823217,205.77964770139027,206.52000427246094,36978100
2025-06-23,205.79939767138728,209.0569698811117,204.1508720366764,209.04710388183594,35516400
2025-06-24,210.54755146606246,212.16646405814592,209.62951645771383,211.71238708496094,31772500
2025-06-25,211.89995233247683,211.96904445525323,209.1655641684891,209.24453735351562,27725600
2025-06-26,210.0935060381934,212.77853440810952,209.96517271395726,212.6403350830078,26261200
2025-06-27,213.27207464456143,214.61458863479757,211.37676343409765,212.7093963623047,47717300
2025-06-30,213.89396734344697,213.92359546740488,212.6205605170483,213.01541137695312,25558000
2025-07-01,211.8604670034924,217.69448137462857,211.39650893632347,215.20687866210938,43864800
2025-07-02,215.56223225321494,218.25714124001453,214.56522407752576,218.1880340576172,35735200
2025-07-03,219.1554357899172,220.4584707322298,218.91853130047468,220.21168518066406,23515700
2025-07-07,218.72112314802646,219.9550510033204,215.6017499148204,216.90476989746094,41551200
2025-07-08,217.74382893387966,219.43183366586848,217.49704338314254,218.40521240234375,36339300
2025-07-09,219.70826786245112,220.81386241299276,218.27689948440113,220.7743682861328,32425200
2025-07-10,220.51771741915073,223.1435195477044,219.99453320604894,221.9095916748047,33865900
2025-07-11,220.3005265320247,220.66576433190576,218.72110802401878,218.84942626953125,31579600
2025-07-14,218.52366071653304,220.46833202637427,218.21764904913778,220.3202667236328,24632200
2025-07-15,221.18898205241743,221.3469133726026,215.97685685880847,216.00648498535156,44215400
2025-07-16,217.3884600942669,218.5236676180558,214.1210217680935,218.1781768798828,48199800
2025-07-17,218.2373980796703,221.31727690523954,217.87216028788265,221.04087829589844,43548000
2025-07-18,222.39324577168767,222.4623529514328,219.1258077030243,219.4713134765625,49009900
2025-07-21,220.66577174920343,221.5245957485356,218.40522262617392,218.58290100097656,28191400
2025-07-22,218.77045252606123,220.93229638354478,217.8228044361967,220.3992462158203,30873300
2025-07-23,221.92932600869634,223.79502424300264,221.18896932742248,223.76539611816406,37478100
2025-07-24,222.62031527839767,222.94607401500662,220.6065367361959,220.67564392089844,29446700
2025-07-25,221.5344589203188,221.7121523554483,219.67862669556362,221.49497985839844,24555500
2025-07-28,222.4228791531646,222.54133139256453,220.55716600705134,221.23829650878906,24934900
2025-07-29,222.7091594409529,222.78813262698068,219.20480150677042,219.8267059326172,28685900
2025-07-30,220.7842320998958,222.0378918717272,217.28974021301198,218.7112274169922,48924400
2025-07-31,217.62537167732643,219.1653110684438,216.06568522507837,216.56912231445312,42913900
2025-08-01,213.4398888315367,213.7755135663106,209.6097722550041,212.15660095214844,63854100
2025-08-04,213.7656646636392,216.91465096036467,213.30170658504102,216.90476989746094,34989600
2025-08-05,217.7240658062012,218.41506228475683,215.43390389690353,218.01034545898438,31337100
2025-08-06,218.10906016243837,218.1485542844203,216.55925478301776,217.7240753173828,23142100
2025-08-07,219.89580504031414,219.97477822885017,215.70045042338512,217.0133514404297,37088000
2025-08-08,218.22752397648242,218.7210950552051,216.91462309956887,217.48716735839844,28318100
2025-08-11,217.9313915432484,218.8296795134704,216.98372838704472,217.4378204345703,25212800
2025-08-12,218.99750560120134,224.06153490258876,218.30649400321786,223.8937225341797,43815500
2025-08-13,225.32507694734147,228.48394409066017,224.9006130242325,228.2470245361328,41705800
2025-08-14,225.50273851326224,225.85811026353855,223.2619217806147,225.30531311035156,55945500
2025-08-15,225.7002046269618,225.83840394018634,223.13362873839753,224.20962524414062,33571400
2025-08-18,224.28858926172032,225.5225170302724,224.0220566461865,225.02894592285156,20144100
2025-08-19,225.0881776802936,226.03582579521068,222.78813445462478,223.30145263671875,25000700
2025-08-20,223.0250524180696,223.4692785027663,220.81386330802366,222.51174926757812,29229700
2025-08-21,221.5245899605101,223.4100352221613,220.90268553975935,223.0645294189453,24539400
2025-08-22,224.44652036652317,232.39301820136592,224.2589609358569,231.81060791015625,58205500
2025-08-25,231.12947212543162,231.2874184911012,229.3723602294922,229.3723602294922,28453700
2025-08-26,229.83631652335905,231.85007995131008,229.59939697664947,231.26766967773438,25121500
2025-08-27,230.7346014132114,233.0839893842949,230.5569080014796,232.90631103515625,25395400
2025-08-28,233.91321462546713,233.9230806246077,232.32391513337583,233.18272399902344,25011200
2025-08-29,233.696060790975,233.97245941490698,231.35652342488564,232.146240234375,29254800
2025-09-02,229.00713264391456,231.3861339839776,228.49381446391058,230.89256286621094,33108600
2025-09-03,230.27067646948353,232.23507990346286,229.47109365840697,230.66552734375,33252400
2025-09-04,231.21831739691385,233.6269468177271,230.57668098055066,233.5479736328125,30323800
2025-09-05,234.66343895101676,236.5982291781808,231.92905090984723,234.71279907226562,47542500
2025-09-08,235.4432817996887,235.49264192243828,233.35054514593966,235.18663024902344,31487700
2025-09-09,234.84112900850943,234.90037019451506,232.39302051110036,233.8046417236328,35395800
2025-09-10,234.25870457295122,235.20636767811112,232.43250060676365,233.3900146484375,33910200
2025-09-11,233.80464853689844,237.8321756721391,233.20249116035097,237.703857421875,43629800
2025-09-12,237.11155200241402,237.23001930826635,235.1372676142797,235.2754669189453,46097600
2025-09-15,236.15403939972225,236.9536222228716,235.48278989081513,236.2725067138672,33014000
2025-09-16,236.05171121052987,236.5268792302801,234.37870649948132,235.8834228515625,37059300
2025-09-17,236.41800133009954,241.82307723455074,234.63610236504786,236.48728942871094,79955600
2025-09-18,238.37809662467475,242.68433634543504,237.71483713035957,242.37745666503906,49167700
2025-09-19,243.10010981250122,243.10010981250122,240.07087403554704,240.53614807128906,56092000
2025-09-22,239.8036066070458,242.32794716059283,238.68496707502325,241.93197631835938,53572900
2025-09-23,242.54574281534022,244.69391566377513,240.99154135310883,241.38751220703125,41854500
2025-09-24,241.44691434779455,242.1497800079807,239.13045305420133,239.17005920410156,36002200
2025-09-25,236.57639058832484,237.57624191095582,235.16078044583506,236.88327026367188,37209500
2025-09-26,237.20995681510672,239.24923543070918,236.92288020930596,238.91265869140625,28942800
2025-09-29,240.3975499768891,240.4866411458154,238.38796860496376,239.1898193359375,26391500
2025-09-30,238.68497128641422,239.69471658884075,236.99216342956151,239.52642822265625,33447700
2025-10-01,238.1504143768591,240.59555783791447,238.13061130236585,240.0511016845703,28520000
2025-10-02,240.55595905351987,241.63499244621988,239.04134866790474,241.56570434570312,28687400
2025-10-03,242.8823149030315,245.5947467529656,242.5655261614026,243.35748291015625,34579600
2025-10-06,245.238381747831,245.9808384122761,243.59508914390196,244.32763671875,31507400
2025-10-07,244.87211206036596,245.14929467797418,240.74405474957226,241.7042999267578,31766600
2025-10-08,242.8130366351275,244.47614748882245,241.3479263179421,244.23855590820312,25825000
2025-10-09,243.83267539631095,244.76322353661786,241.55580517955747,242.66455078125,26243100
2025-10-10,243.27830816992383,244.40684173178923,235.17067871782675,235.3983612060547,70569400
2025-10-13,239.3977294798735,242.1695707239381,238.97204646943223,241.9517822265625,36298600
2025-10-14,238.8037642643294,247.0895911520116,237.94251934224013,245.40667724609375,45320800
2025-10-15,247.84193765910257,250.22770206206854,244.57512527439772,247.81224060058594,45369000
2025-10-16,248.44580768394042,248.73288429009156,241.54590899320883,242.59524536132812,52740400
2025-10-17,240.8727465946329,242.6942366418579,239.0413474578703,240.9618377685547,55379500
2025-10-20,244.13954303736594,245.83235086308986,243.66437500597584,245.6640625,32545000
2025-10-21,244.94140602192985,245.87195416272777,243.04071869629414,244.50584411621094,26337900
2025-10-22,243.5554792948248,244.37713313696236,238.34838873856384,240.8925323486328,46578400
2025-10-23,241.83297708597712,244.63451536741263,241.2291117305395,243.94155883789062,28591000
2025-10-24,247.2875687990915,248.58439068636054,246.4659149464381,246.92127990722656,26627000
2025-10-27,249.2476572904912,249.67334031069777,246.9905901798385,247.7825469970703,31798100
2025-10-28,247.04007116525955,248.37648402951635,245.61455202579728,246.4560089111328,28075900
2025-10-29,246.33723011521715,248.61410035056804,242.22897574895813,244.3573455810547,56235300
2025-10-30,242.8031488255977,245.64427835398925,242.16958636648639,242.3873748779297,44538700
2025-10-31,242.52596026612326,244.30784425391406,241.23903230413646,243.75347900390625,37214700
2025-11-03,243.69407387739537,243.78316505169664,240.05109376742826,242.97142028808594,28887900
2025-11-04,239.3581254013996,241.6052984953929,238.5760776852037,238.77406311035156,34468700
2025-11-05,239.52644132303155,243.2585128522724,239.20965254207377,242.2190704345703,38229200
2025-11-06,241.80329527138502,242.3279634700499,237.58614660702565,237.93263244628906,40601200
2025-11-07,236.01213473011074,239.22944703282755,233.8936589257654,239.17994689941406,54978900
2025-11-10,242.54573116023116,242.77342874034878,239.81349614669145,241.57559204101562,31238000
2025-11-11,240.92224824415396,242.27847944159126,240.08080636796925,241.78350830078125,27357900
2025-11-12,242.3774570990297,243.90197662448261,240.88264973799986,241.1895294189453,34543200
2025-11-13,239.40761250510502,240.23916030866377,233.467959441996,234.4084014892578,65710000
2025-11-14,230.99311621436848,236.32890422734818,230.9238281130673,235.0914764404297,58344400
2025-11-17,234.08174360476613,235.44785359451498,229.42900309411877,230.4189453125,55765900
2025-11-18,228.9835320962983,232.71561848874902,228.63706138308774,231.12181091308594,63092500
2025-11-19,231.44848798007956,233.99263156391356,230.09225690267192,231.0821990966797,57280500
2025-11-20,234.85389919569107,236.6951923407463,226.5977695486449,226.8056640625,95483000
2025-11-21,227.64711895426345,234.72519976637832,227.2709360779581,233.2303924560547,99504100
2025-11-24,233.5867771117866,237.97221397532837,233.11159396174287,237.4871368408203,36135300
2025-11-25,238.3187048684729,243.0803247173897,237.62573320292003,242.66455078125,46160800
2025-11-26,242.58534363172274,246.32732400872175,242.30816101900572,244.81271362304688,34636600
2025-11-28,245.51556050029663,246.3075172843159,244.58502751729222,246.2481231689453,18911800
2025-12-01,243.10012739814434,245.19880015011154,242.87242980311385,243.1496124267578,36920000
2025-12-02,244.88200194135698,244.88200194135698,242.65463194805187,242.70413208007812,31918500
2025-12-03,243.4960858513957,247.3271573585818,243.01100873207628,247.11927795410156,32846300
2025-12-04,246.46590545252832,250.11879450897743,246.04022246089875,249.28724670410156,40245800
2025-12-05,248.96059291193268,250.11882358306931,247.7627560900635,248.24783325195312,36956600
2025-12-08,250.15839784661966,250.22770105309212,247.66373920404524,248.3468017578125,29100000
2025-12-09,247.7330387472728,250.40587970070493,247.58455345748408,248.861572265625,30170100
2025-12-10,248.37648435611126,253.98946975145424,248.02010457077708,252.24716186523438,51105200
2025-12-11,252.07887127759022,255.41498663183992,251.76209764082992,255.2070770263672,41345200
2025-12-12,255.35561372173402,255.60309928253793,250.89096453742667,251.29684448242188,57657700
2025-12-15,252.97973449047447,253.1183257954995,249.20805709163997,249.39613342285156,43120100
2025-12-16,248.65317840450373,250.46092232280134,246.79578351638534,248.2161407470703,43115300
2025-12-17,248.68296545809284,250.4609126635403,245.0376962737726,245.57406616210938,38132400
2025-12-18,248.4942607716976,249.66631772265367,246.53754872569937,247.0341796875,39068000
2025-12-19,247.600323430604,249.70603379347858,247.38180460170489,249.1001434326172,43610400
2025-12-22,250.58012483530013,253.40098515052074,250.50066206017036,251.87136840820312,40497300
2025-12-23,250.7191751461291,251.51378772320732,249.76565217841468,250.3814697265625,24973500
2025-12-24,250.27219815681957,251.1562006274567,249.4279194929193,251.00721740722656,12103000
2025-12-26,250.8780938194687,251.04694652462595,248.71277498515283,249.7259063720703,17429900
2025-12-29,248.57373356140485,249.80538385245455,247.6698766930442,248.19630432128906,25218800
2025-12-30,248.2856799126897,248.46445978094354,246.27928661843322,246.35874938964844,22123600
2025-12-31,246.50772081569778,246.6070530639564,244.35234440104955,244.5013427734375,35352000
2026-01-02,245.9614535872374,247.4116075000716,244.20337574882626,247.10369873046875,40007700
2026-01-05,248.10689183950208,251.84156641138046,247.88838815750591,251.02708435058594,37428100
2026-01-06,250.5404003422873,254.5233753154633,249.82525052404492,254.35450744628906,40677800
2026-01-07,254.67235936112664,255.06965808098875,252.25874008381373,253.75856018066406,33052000
2026-01-08,252.98378723869936,257.1852805719475,252.6460818510376,256.52972412109375,37957000
2026-01-09,257.8308875557319,259.79755685376335,256.35093715720103,258.4765319824219,36301500
2026-01-12,257.53293353522173,259.8969016090591,256.4999327147326,259.73797607421875,28423400
2026-01-13,260.64184438857575,261.11862098648487,258.7049716660125,259.5889892578125,33882400
2026-01-14,259.3704784202443,261.68476525309023,258.4368098322429,261.4165954589844,37164300
2026-01-15,262.2807358978843,265.2505792904843,261.95297280688055,263.7209777832031,33465200
2026-01-16,264.0785435785984,265.41945324191516,262.9263561062939,263.96929931640625,33844900
2026-01-20,259.3804301968924,263.2938542423878,259.3009522692576,260.8106994628906,47911500
2026-01-21,262.8568269803104,266.7801930476048,261.1484154089277,265.985595703125,59952800
2026-01-22,268.01184610271224,269.7699390716756,267.60463539676306,267.9721374511719,35110800
2026-01-23,267.22720478149006,267.2371167889116,262.67804805424424,263.02569580078125,42636700
2026-01-26,263.28394580642396,264.89302527545107,261.7145749898049,262.2012939453125,32119300
2026-01-27,262.27081735201966,263.07535714208433,260.89019894277874,262.9462585449219,26975500
2026-01-28,264.18784416879134,264.8831093987178,260.79087470800016,261.52587890625,37139100
2026-01-29,262.29069344704556,263.2740130891025,257.66208906904154,261.59539794921875,43922900
2026-01-30,259.31089692487745,261.20803083094233,256.2019822630205,257.90045166015625,59164200
2026-02-02,256.7383403629402,261.9926738571016,256.6092114692784,260.41339111328125,42896200
2026-02-03,261.2874810245594,263.27400488565206,256.80786001797196,261.0093688964844,54588000
2026-02-04,262.38010632559815,262.8667950294576,255.4074176585895,258.7646179199219,48826500
2026-02-05,256.75820870418386,259.8571810734483,253.33145807955887,254.106201171875,48279600
2026-02-06,257.9898314077088,263.92954837153445,257.83090586923095,263.2342529296875,43354900
2026-02-09,263.0554634228391,265.8664114192045,261.56557065516654,265.08172607421875,29064800
2026-02-10,265.42937460085477,266.710660560403,264.0884650434256,264.3665771484375,24661700
2026-02-11,266.66103553775446,267.14772419089155,260.3339617991759,263.1647644042969,41829400
2026-02-12,265.2208096453084,265.6578473524357,256.6489840047624,257.7912292480469,47628200
2026-02-13,258.8440875773787,263.3833022679166,256.7681736002068,261.18817138671875,45360300
2026-02-17,260.6120826172932,262.57872193393234,257.31444557572155,261.26763916015625,33734800
2026-02-18,261.2576891747216,265.11155038589385,260.08564735003074,262.2112121582031,36034700
2026-02-19,260.8007876840591,262.856847118149,259.3208068220594,262.8171081542969,31006000
2026-02-20,261.07890597174,265.52870004591404,260.37369848443996,262.8270263671875,47126600
2026-02-23,261.6251673731528,262.5886325880318,256.3608916497598,258.7347717285156,44001100
2026-02-24,258.6453835556536,262.36020354247574,258.10901366126654,261.5556335449219,34884200
2026-02-25,263.4627094796313,263.4925061230795,260.661703747714,262.7972106933594,26012100
2026-02-26,263.22434612518543,264.4460388639609,260.35380468110964,264.1977233886719,41206500
2026-02-27,260.33397380395274,260.98953035519617,258.0196563911154,259.64862060546875,40631500
2026-03-02,256.07283848963,262.49924395608315,256.05298416466957,262.03240966796875,53495700
2026-03-03,255.0696634499497,259.360562463458,251.60318885165918,257.49322509765625,59537000
2026-03-04,259.4400220952222,261.1881424384881,257.07605390790764,259.9962463378906,37979700
2026-03-05,257.2448924040781,259.00298538465034,252.44745071541973,255.02993774414062,60414600
2026-03-06,249.79544135339313,251.59324297223233,248.2558823730921,249.19947814941406,64192000
2026-03-09,245.9217187821931,252.93414561642604,242.7432836222542,251.9110870361328,65369500
2026-03-10,251.25554857395744,255.9139343705163,250.69930915307884,251.65284729003906,55879100
2026-03-11,250.63971272470678,252.6659755568997,248.89157717745988,251.1462860107422,50418100
2026-03-12,247.26262470526686,248.12675772545987,244.91852596862887,245.74293518066406,61802900
2026-03-13,247.580459027608,248.92136867281502,243.8855234980331,244.92845153808594,53933300
2026-03-16,248.0770884396533,249.77557296927566,246.63686170567786,247.2427520751953,48755700
2026-03-17,248.62783272790088,250.45869719508957,247.72236809050435,248.80694580078125,40642800
2026-03-18,247.17509996027923,247.9910156551033,244.65767839128839,244.79698181152344,43192600
2026-03-19,241.8218482592596,248.84674916408747,241.31438903667558,246.39898681640625,59219500
2026-03-20,245.7422713415646,246.2696354067908,239.13528051817053,241.01588439941406,76749900
2026-03-23,245.94127229465826,250.11044549120783,244.88654417182357,246.21987915039062,78746600
2026-03-24,244.28951030525963,248.9164032418936,243.38404565451444,247.5432586669922,45210800
2026-03-25,250.48855688437484,251.81194701722964,248.27959172221838,250.5681610107422,45671700
2026-03-26,247.6527038052008,250.60794039331444,245.93130832708937,246.2099151611328,46830200
2026-03-27,244.78701686909378,245.51339878696322,241.20492248547646,241.89149475097656,48114400
2026-03-30,244.13030897042023,244.1501986136333,237.50341387636058,238.41883850097656,51290500
2026-03-31,241.8317862272238,247.6825602690139,241.03577535544173,246.7671356201172,58660800
2026-04-01,248.67757740378977,251.18505404477133,247.87160656492193,248.31936645507812,51295900
2026-04-02,243.72234794123676,251.11540437170197,243.6526886399319,250.040771484375,30369200
2026-04-06,249.7422689756376,251.79202575123753,249.00594224201288,251.10545349121094,22151400
2026-04-07,249.96119453475842,252.21989900621082,248.2795934132644,251.65274047851562,34881900
2026-04-08,260.2199084246476,260.9661799890299,257.1253835799586,259.1751403808594,46680200
2026-04-09,257.4935308037183,261.593044269299,257.4935308037183,260.65771484375,26758400
2026-04-10,261.0955448070944,261.4438109519453,259.0457879573496,260.0010070800781,22365900
2026-04-13,258.9462827547617,264.0408253042146,258.7273752061898,263.7522888183594,23820000
2026-04-14,265.76222304791526,268.08065702158285,264.9562521961918,267.3841247558594,24270400
2026-04-15,267.4438284347785,268.2497992997126,266.2597417831607,268.0508117675781,21670600
2026-04-16,268.11051783485993,269.00603766675084,266.71745324539785,268.6080322265625,30847900
2026-04-17,272.3791902416676,276.2498670801611,271.7622772074093,274.4090576171875,46462700
2026-04-20,273.2846624504783,276.28966895523934,273.16526384925845,275.97125244140625,22993900
2026-04-21,276.79709377694394,278.39910587431393,272.39908365297026,273.1453552246094,32235200
2026-04-22,276.2100276419104,276.6279530787596,273.53339786958526,275.1055603027344,20274300
2026-04-23,275.3543363256244,276.48865339031755,270.5980997800492,274.15032958984375,32886600
2026-04-24,275.2946087292148,276.7473421548367,272.86673622838555,275.2746887207031,21568600
2026-04-27,275.44388207743185,276.85680598072094,274.87670836873565,275.7622985839844,23399400
2026-04-28,274.67768566668383,275.5931255155777,271.5632710575319,272.54833984375,24139400
2026-04-29,272.5582966686131,273.01600140478524,269.01596627664327,270.7274169921875,29428900
2026-04-30,271.77222938653887,276.83692249087716,271.08565706408905,276.5881652832031,29220700
2026-05-01,277.2747191047488,278.4189961105243,275.1951126312584,277.8916320800781,28936700
2026-05-04,277.3145270609511,279.3941335217169,274.7274462164177,276.49859619140625,28632300
2026-05-05,278.737421783569,281.54341027913324,278.60806318141005,281.15533447265625,24863200
2026-05-06,283.9413932126654,285.6229942512781,281.95133568681536,285.3742370605469,23330300
2026-05-07,286.1006018583576,286.1503411471784,279.75231387247334,280.8568115234375,28350400
2026-05-08,282.6279656268422,283.5533350469827,281.20505148172293,282.75732421875,22474300
2026-05-11,283.5035944903296,285.62298014334675,283.1752180098979,283.9115295410156,20150400
2026-05-12,282.6279766908089,282.64786633424006,276.89660133239556,281.165283203125,27404600
2026-05-13,281.51352767796396,282.1503302433016,278.53837127416415,281.2647705078125,20742300
2026-05-14,282.42896635864275,284.2399260330234,280.5583073865018,283.03594970703125,17428700
2026-05-15,278.90656076378366,278.93641041317784,275.86177506210424,276.2200012207031,35408000
2026-05-18,277.3543021832518,277.692608312061,272.5781763618812,274.59808349609375,27243300
2026-05-19,272.4488236534003,273.71249925295035,269.28463946922847,271.6428527832031,30276900
2026-05-20,273.5433645030678,278.6976062758627,272.0508213388004,278.47869873046875,31562000
2026-05-21,277.27471607710874,282.2697494876582,275.7722129423388,281.0856628417969,31680500
2026-05-22,282.687657349898,285.18515871696485,282.25980230032815,283.70257568359375,23849300
2026-05-26,286.95637021847483,289.1056057045913,286.3095772057551,289.0658264160156,24506500
2026-05-27,289.7125643416937,290.2697779928982,287.87175514552644,288.9264831542969,24519900
2026-05-28,288.2001743960594,291.2847395780324,286.54842283991235,290.5782775878906,23710600
2026-05-29,289.93149555762835,289.961345206886,286.89663950904446,288.9862060546875,26952800
2026-06-01,286.93644317028514,289.1652979106216,284.8468766682856,287.5434265136719,23826100
2026-06-02,287.0259789257717,290.4190305386496,286.9662796312468,290.2100830078125,18378800
2026-06-03,288.54840354715645,288.5683235581102,285.35436947372443,286.2399597167969,29167300
2026-06-04,286.1304596077468,291.4240197472621,285.23493982254865,290.558349609375,24307800
2026-06-05,287.66282390592824,287.96132039102275,278.75730425490036,280.2498474121094,35812800
2026-06-08,284.090696517836,285.4140715265948,282.17026776037443,282.6976318359375,27277400
2026-06-09,285.75235416059354,289.4240127419091,276.2398815726378,283.60308837890625,41761300
2026-06-10,283.17520849898744,287.5632886232671,280.35929069455705,280.6478271484375,39285000
2026-06-11,283.02598562521365,289.61307122074993,282.65782983903836,288.96630859375,41468800
2026-06-12,290.1802376307182,294.24990155201044,288.86679240010824,291.4936828613281,34415200
2026-06-15,295.78747904456293,297.1339684744961,293.15437189183484,293.87249755859375,23889000
2026-06-16,294.73022665530027,296.02682799834867,290.82042480742217,291.3191223144531,23807700
2026-06-17,291.7081274205715,295.049406879064,288.1773404701768,289.1248779296875,39920100
2026-06-18,293.7827079208904,295.19902232378575,290.6608868961079,294.82000732421875,32463200
2026-06-22,296.35600661284366,298.70984440424985,295.3885321624241,297.40325927734375,22796200
2026-06-23,292.4960887998497,296.9743829366937,291.63831320940875,294.55072021484375,26821700
2026-06-24,295.1092572064071,298.909329975502,293.9223546419831,295.9171447753906,28664900
2026-06-25,298.73974400526436,300.7145970931372,295.9570338281785,298.13134765625,27599900
2026-06-26,295.8273836022785,299.2484413843785,294.9596547621971,299.0489501953125,39832500
2026-06-29,297.33341707539256,298.3807001172486,293.91235943577374,298.1911926269531,24834100
2026-06-30,297.7822671219514,300.19597656350135,296.66518952318114,299.6673583984375,23230300
2026-07-01,299.1486795520131,301.9314201666019,298.1413312847301,298.540283203125,20607900
2026-07-02,299.7571208733605,301.44272096553317,294.2116067559685,296.8048095703125,21178900
2026-07-06,296.9743702112084,299.62744464383456,296.84470398720293,298.1213684082031,18581300
2026-07-07,298.39067456160745,299.1885783837519,294.4110478267987,295.4184265136719,18057100
2026-07-08,293.2640702481783,294.33129027470113,289.9227906870725,292.71551513671875,24078400
2026-07-09,294.50082875415796,297.10404569161597,294.1317974516179,296.4656982421875,16466800
2026-07-10,296.9145167622966,297.4331511989585,292.8551118512188,295.21893310546875,15888500
2026-07-13,294.2913859493697,295.0095116149265,291.837802607918,292.71551513671875,19375500
2026-07-14,294.7202560459324,295.2987622250899,292.9847983846232,293.7428283691406,18326900
2026-07-15,294.48087727025893,296.36596845307184,293.3837366695276,294.99951171875,18832700
2026-07-16,293.8824535162631,297.0342256139314,293.58324716822716,294.82000732421875,24081300
2026-07-17,291.2692740688956,295.3585998451545,290.88030582875376,293.2740478515625,28738500
2026-07-20,294.24153235864907,295.21896005690115,291.4188872362739,291.5485534667969,20539900
2026-07-21,292.6656330591981,295.9769920530187,291.9175867439841,295.7675476074219,18190200
2026-07-22,294.9297168437389,295.66777941148257,292.6456737465385,293.0246887207031,19116000
2026-07-23,290.11227844637574,292.24671835420014,289.4141202100263,291.3291015625,27795100
2026-07-24,292.64568470851964,293.20422350039564,289.72332452279676,290.4115295410156,19771000
2026-07-27,293.21419260975875,294.75015899199474,290.3516433961449,292.14697265625,19445500
2026-07-28,292.3963294929708,293.00472584859,289.623572538041,292.60577392578125,20531100
2026-07-29,291.7280699102995,292.90501920819605,287.50910830782595,287.81829833984375,33297400
2026-07-30,290.3915684886405,292.07716859167215,288.20727085070195,291.82781982421875,22198800
2026-07-31,292.7952743621004,293.18427302317207,287.0801900427359,290.4414367675781,28350700
2026-08-03,292.1370053717744,295.8872205168335,291.6383078445307,295.4483642578125,23175700
2026-08-04,296.81477915231056,301.60229349185295,296.44574786649156,300.9240417480469,20751800
2026-08-05,301.64217972831494,302.2705434842033,298.96916828118236,298.9891052246094,17791000
2026-08-06,298.81957294572106,300.5949349758861,297.1738771464354,297.47308349609375,16314100
2026-08-07,299.67730395301163,301.2432214644574,299.0190195767717,300.7744445800781,18416800
2026-08-10,299.72719603952544,300.6049085531026,298.3008979859219,299.1985778808594,16226900
2026-08-11,300.1460913479866,301.20332768797846,299.8169643673817,300.2059326171875,14942800
2026-08-12,302.2306377850674,302.61963646573685,300.2159107371652,301.92144775390625,15480600
2026-08-13,303.24798292369326,304.2553311711518,301.9314142246278,302.7093811035156,14719300
2026-08-14,302.489974930772,304.38501947188735,301.95137307152214,304.2952575683594,13163400
2026-08-17,303.16819874073343,303.53723004871455,302.44011981571623,303.2679443359375,14546800
2026-08-18,301.6621553156088,302.3603136115237,299.32822403365566,299.44793701171875,18263700
2026-08-19,302.0910028501188,302.6196209832606,300.4453071856645,300.93402099609375,14995700
2026-08-20,298.49039998437024,299.2584136386498,296.2662285455024,296.89459228515625,21638700
2026-08-21,299.06892053635124,299.5476506939155,297.3933041087117,299.1786193847656,22949600
2026-08-24,298.76965731377567,298.9591647970708,296.6252641712084,297.19378662109375,12868900
2026-08-25,298.81956230332247,298.9990861067238,297.1938035058877,298.4505310058594,14618000
2026-08-26,297.86208349243554,299.1686686217997,297.35340225770756,298.15130615234375,10555700
2026-08-27,297.9916923793861,299.53767288801663,297.36335909908723,299.02899169921875,13658700
2026-08-28,298.91930633228486,299.6075113464717,294.8998055296115,294.9795837402344,19052800
2026-08-31,294.3212884994923,294.5806209410895,291.9474835164783,293.164306640625,20883400
2026-09-01,291.2194104723601,292.17690117407614,289.21463673113163,289.8130798339844,22801600
2026-09-02,290.7805432699978,293.58322075070913,290.4314489366469,293.2441101074219,22395200
2026-09-03,295.01949415069186,295.40846239738454,292.6656259746621,294.4210510253906,16651200
2026-09-04,292.9349419603715,295.4084622343987,292.7952920413761,295.2389221191406,13951100
2026-09-08,294.57064240516155,295.328672362737,293.4934691732053,293.90240478515625,17332400
2026-09-09,292.6955348842431,293.39372357547353,289.55374664986726,289.8829040527344,19141700
2026-09-10,287.728528427192,289.07498736355427,286.43189662888074,286.9505615234375,27044700
2026-09-11,289.9527176173436,290.6808269895633,288.0177687108594,288.1374816894531,26353300
2026-09-14,286.7410843612438,289.0849687442384,286.3122118080798,287.1600036621094,26060900
2026-09-15,286.6199951171875,286.92999267578125,284.0799865722656,285.1400146484375,25300500
2026-09-16,285.6300048828125,287.0400085449219,281.0299987792969,283.9200134277344,27599400
2026-09-17,287.95001220703125,288.2900085449219,285.2099914550781,285.42999267578125,22159600
2026-09-18,284.9200134277344,285.2699890136719,282.5400085449219,284.1000061035156,31106300
2026-09-21,286.2699890136719,286.45001220703125,284.8999938964844,285.5799865722656,18968200
2026-09-22,287.67999267578125,288.94000244140625,286.04998779296875,287.2099914550781,25684300
2026-09-23,285.989990234375,286.17999267578125,281.8399963378906,281.9200134277344,24351400
2026-09-24,281.3299865722656,282.239990234375,279.04998779296875,281.6600036621094,27307900
2026-09-25,282.3399963378906,283.5199890136719,280.4599914550781,281.9700012207031,22604100
2026-09-28,280.3299865722656,281.92999267578125,278.79998779296875,280.0199890136719,24939000
2026-09-29,280.25,281.04998779296875,277.4100036621094,279.010009765625,21500600
2026-09-30,280.1700134277344,280.4800109863281,277.8599853515625,277.8900146484375,21123800
2026-10-01,277.3599853515625,280.6099853515625,275.45001220703125,279.0199890136719,34054300
2026-10-02,282.3299865722656,283.57000732421875,280.8900146484375,281.5199890136719,29774200
