Date,Open,High,Low,Close,Volume
2015-01-02,56.96361141059863,57.820884861911296,56.92279272135058,57.200382232666016,3146200
2015-01-05,56.930949662747366,57.22486535600926,56.457408095869006,56.637027740478516,4845500
2015-01-06,57.0860624334982,57.894350718284954,56.49821867329186,56.92277526855469,5127400
2015-01-07,57.17589455405422,57.584118854716046,55.885904269000804,56.52273941040039,9043000
2015-01-08,57.1514159701404,58.36792293738202,56.87382636821024,57.86172866821289,7472200
2015-01-09,57.17589715808813,57.24121454413089,56.34312228757362,57.09425354003906,8141700
2015-01-12,57.331017772297734,57.649432206225825,56.56355414744129,56.6778564453125,5797600
2015-01-13,57.20856187932862,57.80457218900667,56.1798347422861,56.64521026611328,3364800
2015-01-14,56.14716342484135,57.0534218036887,56.098178505663014,56.95545196533203,3376100
2015-01-15,57.51066595082588,58.18831384432937,56.930987944618195,56.93914794921875,4055000
2015-01-16,56.81664148622988,57.86986067564544,56.69417920874539,57.706573486328125,4263300
2015-01-20,57.861718723312634,58.86594708594204,57.861718723312634,58.80879592895508,6163300
2015-01-21,58.474053331717734,59.192525886238585,58.05766278480933,58.980247497558594,5195900
2015-01-22,59.34765991022244,59.34765991022244,58.49038625597199,59.159873962402344,4582800
2015-01-23,59.1598791220755,59.48645988689245,58.825138354170385,58.89044952392578,2903200
2015-01-26,58.66998761373235,58.92308464641402,58.0168263454479,58.87409973144531,3466600
2015-01-27,58.58835049241983,58.8985987032148,58.33524720273701,58.56385803222656,3661600
2015-01-28,58.8741064245659,59.094544795993194,57.77190210941301,57.943355560302734,3105200
2015-01-29,57.94334897299483,58.914924646590904,57.494299822423336,58.87409973144531,4416600
2015-01-30,59.617053412852535,59.98445889319151,58.441372071184254,58.784278869628906,6720100
2015-02-02,58.67814610468038,58.78428214945227,57.3391712873745,58.531185150146484,6274500
2015-02-03,58.44956339484869,58.49038832421256,57.028944304923264,57.8780517578125,6811500
2015-02-04,57.33918276991643,57.55145490196906,56.96361096611392,57.331016540527344,5376400
2015-02-05,57.72291306304428,58.433225581760915,57.70658683193964,58.30259704589844,3847000
2015-02-06,58.09848917319499,58.28626887525569,57.34735167792551,57.44532775878906,3246000
2015-02-09,57.151399365316806,57.363677735653134,56.64519901420962,56.832984924316406,3771200
2015-02-10,57.241201689674895,57.608601002894495,57.06158203289824,57.55961608886719,6888000
2015-02-11,57.559621621279675,58.06943767124276,57.31293501921669,57.51850509643555,3456400
2015-02-12,57.71587288025955,58.011894375360825,57.41985138515829,57.995445251464844,3383500
2015-02-13,58.12701156588955,58.291465159355646,57.71587130872185,58.020111083984375,2691900
2015-02-17,57.89678189593999,58.899958990055794,57.80633052518722,58.84239959716797,3971600
2015-02-18,58.7190501546202,58.75193585205543,57.72408528589979,58.39013671875,3800000
2015-02-19,58.2421097292195,58.620357879164494,58.1927686498352,58.48057174682617,2337000
2015-02-20,58.35725766953032,59.17131374159686,57.78165746093007,59.10552978515625,3461700
2015-02-23,59.04792949169666,59.13838080077494,58.143422674412925,58.45588684082031,3378600
2015-02-24,58.381909403901105,58.79304961097083,57.97899375755325,58.2996826171875,3158600
2015-02-25,58.275001264123134,58.275001264123134,57.60073173681221,57.85563659667969,3029500
2015-02-26,57.699408293191276,57.8145270356013,57.18137395234616,57.58428955078125,4544900
2015-02-27,57.5185068077682,57.97076350050591,57.48562111511552,57.69940948486328,3353200
2015-03-02,57.69940177049392,58.497014590954116,57.69118348518007,58.48057174682617,3815100
2015-03-03,58.48054811413254,58.50521550710618,57.63359455655218,57.86383819580078,4137300
2015-03-04,57.56784965399378,58.233894736844825,57.403389818196366,58.09410858154297,3005100
2015-03-05,58.16810877658893,58.45590563733415,57.888536475722454,58.04476547241211,3465900
2015-03-06,57.77341061916801,57.77341061916801,56.16996040926587,56.252193450927734,5880800
2015-03-09,56.52355651815439,57.34583697021629,56.26042702443466,57.21427536010742,5848000
2015-03-10,56.83600167810215,57.09090649668324,56.36730228105027,56.55642318725586,3664900
2015-03-11,56.64689287459955,57.00869823653496,56.25220181930747,56.293312072753906,3424500
2015-03-12,56.531773684576514,57.255378129278675,56.359095565051035,57.197818756103516,2724000
2015-03-13,57.07446722069702,57.60072600557727,56.85244807093529,57.46915817260742,3223800
2015-03-16,57.78162646053102,58.71080709460596,57.70762425436577,58.439453125,3922300
2015-03-17,58.14344912407985,58.59570587520448,57.83098481553131,58.250343322753906,2572500
2015-03-18,58.29967752934806,60.98853148858581,58.126999410268674,60.470497131347656,6436200
2015-03-19,60.24026321907222,61.32567308457345,59.68933058907798,61.0296516418457,7051200
2015-03-20,61.85194528853531,62.65777673149016,61.292794251718476,62.59199905395508,10713900
2015-03-23,62.509750940904866,63.693836680729866,62.452191565969,62.789329528808594,6284400
2015-03-24,62.71531082939309,63.0688915817568,61.96703907697242,62.131492614746094,5111600
2015-03-25,62.21374249598289,62.8880122209542,61.14477539062501,61.144775390625,5431600
2015-03-26,60.848742479686116,61.13653933130878,60.37181839785377,60.388267517089844,4023500
2015-03-27,60.53626796647871,60.840507612291425,60.19090552954297,60.50337600708008,4171600
2015-03-30,60.84874217243464,61.013195722959814,60.57738816791737,60.74184799194336,3370700
2015-03-31,60.31425639787648,60.832296981711984,59.73866271972656,59.73866271972656,4348000
2015-04-01,59.96069169733996,60.00180823115323,58.43947404878323,58.81772232055664,5875800
2015-04-02,58.7601453633693,59.02327478997169,57.99542448707165,58.57924270629883,3781800
2015-04-06,58.488799587401594,58.965723700529594,58.25033753083759,58.636810302734375,3936900
2015-04-07,58.587469216402624,59.269963345897,58.529909848463376,58.95749282836914,3128100
2015-04-08,59.13842547714246,59.43444702621134,58.82596107468255,59.327552795410156,3215400
2015-04-09,59.385079633126054,59.664651902017376,59.121950208610556,59.50019836425781,2595800
2015-04-10,59.61532245029902,60.83230006893517,59.40975237288419,60.782958984375,3956400
2015-04-13,60.25670263067308,60.55272405652146,60.11691647777278,60.45404815673828,4351500
2015-04-14,60.273143472799696,60.6431670675405,60.10868366241466,60.40470504760742,3950600
2015-04-15,60.470489134476495,60.86518013346202,60.27314363498373,60.61027526855469,4358700
2015-04-16,60.52805058471955,60.84873938500371,60.34714792332837,60.42937469482422,2880000
2015-04-17,60.03468840976173,60.19091740585615,59.1712915573146,59.59065628051758,4386700
2015-04-20,60.026459331040904,60.24025395647134,59.45086565507498,59.541316986083984,2540400
2015-04-21,60.010009370157505,60.12512809170002,59.25350684837832,59.37685012817383,4048400
2015-04-22,59.590671959384785,59.590671959384785,59.10552317675746,59.45088577270508,3506100
2015-04-23,59.92779503316759,59.97713612458098,58.43946947348389,59.533103942871094,5448700
2015-04-24,59.38506918121289,59.55774724751878,58.59568104660058,58.85881042480469,3816300
2015-04-27,59.146618902501295,59.343964406818905,58.07765206323833,58.291446685791016,5328400
2015-04-28,58.0694323036759,58.61213399514934,57.72406983801064,58.5299072265625,4557900
2015-04-29,59.089065304657915,59.87845367249833,59.07261618481688,59.43442153930664,6789600
2015-04-30,59.17129607753647,59.70577958542926,58.73548847484744,59.097293853759766,5479300
2015-05-01,59.41797954452553,60.29781926359795,58.58747463868109,60.12514114379883,6533400
2015-05-04,60.23203473489291,60.5116070384228,59.9031213451216,60.06758117675781,4040700
2015-05-05,59.88668060521691,60.001799354660996,59.05617567836917,59.130184173583984,3735900
2015-05-06,59.179523981843765,59.434428909479564,58.82594314342869,59.24530792236328,3567600
2015-05-07,58.998615857646676,59.4426480050749,58.973948450595316,59.056175231933594,3628100
2015-05-08,59.61530359542757,60.60203714553853,59.61530359542757,60.240238189697266,3713300
2015-05-11,60.24024383175022,60.84050481101303,60.18268447382776,60.41292190551758,2958600
2015-05-12,60.14158418250059,60.14158418250059,59.45908998766101,59.56599044799805,3152800
2015-05-13,59.82909230134971,60.21556489054157,59.60707319655944,59.86198425292969,2682100
2015-05-14,60.17663537629545,60.623738266500595,59.9696436484349,60.49126052856445,3364300
2015-05-15,60.632002798476485,60.7893121723057,60.10209831137006,60.35877227783203,3464400
2015-05-18,60.48297596027021,60.51608907269581,60.126949991285265,60.39189910888672,2162000
2015-05-19,60.29256527130967,60.92182204962667,60.13524949750847,60.81418228149414,3548000
2015-05-20,60.81417617142666,61.012892807911676,60.59062785148998,60.739662170410156,1980300
2015-05-21,60.72310103964058,61.55934953747272,60.59062959505904,61.49311065673828,3288200
2015-05-22,61.31094880524263,61.542778516458206,61.16191451704893,61.517940521240234,3023400
2015-05-26,61.236431262228365,61.575900723867306,61.120516401397055,61.52621841430664,4194600
2015-05-27,61.567629402644755,62.08924636209543,61.38547564372596,62.014732360839844,2901100
2015-05-28,61.9319600130277,63.322945407106175,61.88227767677842,63.26498794555664,4823600
2015-05-29,63.049667726367495,65.86475587056086,62.94202800870645,65.32657623291016,11917000
2015-06-01,65.34313919084276,66.1131485775452,65.22722434268415,65.40937805175781,4866500
2015-06-02,65.21068906415648,65.21068906415648,64.17573021297207,64.54003143310547,4467700
2015-06-03,64.58142670360563,64.72217957908626,63.98528944640889,64.440673828125,3270800
2015-06-04,64.03495526207685,65.07819529626482,64.02668014146126,64.31646728515625,3786500
2015-06-05,64.21711272958875,64.79669336765369,63.7451718346615,64.68077850341797,2788900
2015-06-08,64.56486629128564,65.28519350335529,64.440669983964,65.011962890625,6065900
2015-06-09,64.88776594608444,68.63017342309799,64.58969736721154,68.53081512451172,10109100
2015-06-10,67.88500242982367,69.12695274446969,67.32198470117537,68.87028503417969,13169400
2015-06-11,68.81233540239155,72.23183671542314,68.78749740398608,71.69365692138672,16740800
2015-06-12,71.11408353649414,71.20516040981111,68.79577346151302,69.72309875488281,12630500
2015-06-15,69.19316800759226,70.05425402337443,68.79574126304517,69.61543273925781,5462700
2015-06-16,69.47470307846834,70.64213308012995,69.24286704873536,70.19503021240234,5694500
2015-06-17,70.11224323441789,70.11224323441789,68.72953991131729,69.16007995605469,5968200
2015-06-18,69.45814994715282,69.85557687984563,68.51426808850502,68.75437927246094,7251500
2015-06-19,68.28242270137665,68.89511636190907,68.15822641855492,68.4148941040039,6907000
2015-06-22,68.96966083255464,69.08557571931422,68.59707185349521,68.655029296875,3537100
2015-06-23,69.34223441686673,69.34223441686673,68.26587481856664,68.44802856445312,3643500
2015-06-24,68.30726128950491,68.78748355159271,68.10855102539062,68.10855102539062,4212100
2015-06-25,69.68170290433123,71.95033062288788,69.61546403098544,70.21160125732422,9630100
2015-06-26,70.5344855069407,71.14717909892784,70.029425312352,71.08094024658203,14369800
2015-06-29,70.66698097410243,70.85741616026515,69.32567849992442,69.36707305908203,4441900
2015-06-30,69.96320144352644,70.02115887252019,69.04415770027835,69.126953125,4261200
2015-07-01,69.38360665639168,70.34404466982649,69.21800953898283,70.25296783447266,3629100
2015-07-02,70.55106589227256,71.40387087440965,70.12052584036657,71.32107543945312,5128100
2015-07-06,70.63386290093672,71.56946965576222,70.58418690223338,71.49494934082031,5062900
2015-07-07,71.73504591202817,73.50689442945192,71.25482363279372,73.46549987792969,6912300
2015-07-08,73.0846434851133,73.27507867239267,72.17388105877731,72.24011993408203,5330000
2015-07-09,72.86109731934239,73.11776507258622,71.950334866228,72.43055725097656,4767600
2015-07-10,73.10947772655612,73.24194914202421,72.61269254711438,73.1011962890625,4471200
2015-07-13,73.8049882872041,74.66607484671432,73.41584273160075,73.5400390625,5940500
2015-07-14,73.73044468264766,73.77183923173935,72.73688075116813,73.4903335571289,6028700
2015-07-15,72.68723496198646,73.00186019670629,71.28796849355315,71.5197982788086,6615900
2015-07-16,71.86754538203739,72.41400037242276,71.68539161294642,72.17388916015625,5578000
2015-07-17,72.03310469018695,72.3974120686439,71.71847961044627,72.3394546508789,4430100
2015-07-20,72.61268170809728,72.79483540445074,72.25665575164781,72.7534408569336,4320500
2015-07-21,72.5133596096263,72.60443649531864,70.80774310047795,70.8491439819336,8065300
2015-07-22,68.98622088724862,71.86754927357963,67.4793209662004,71.5197982788086,12677800
2015-07-23,73.73874740689702,74.40940504885404,70.89054489760454,71.83442687988281,5258500
2015-07-24,71.20517505641898,71.37904740027436,69.68171852917861,70.14537811279297,3460300
2015-07-27,69.96320329031346,70.05428015497718,69.00275865090913,69.67341613769531,5420600
2015-07-28,70.13707194089605,70.95675736343155,69.9631996583513,70.94020080566406,3027800
2015-07-29,71.13065261020728,71.19688517366401,70.13708835570844,70.45171356201172,2711800
2015-07-30,69.7644853059224,70.35234098406286,69.53265560940339,69.9963150024414,3867800
2015-07-31,70.27783268237751,70.5924641672614,69.86384920596105,69.97148895263672,4113600
2015-08-03,70.2198822718543,70.3771980300312,69.16008547692753,69.66514587402344,4815500
2015-08-04,69.95492309648891,70.36890655527229,69.42502477459708,69.59062194824219,2848200
2015-08-05,70.11222462403826,70.44341258732722,69.52436898972071,70.15362548828125,3776800
2015-08-06,70.49311927319542,70.49311927319542,67.26404627929954,68.4728775024414,3866500
2015-08-07,68.30729467334329,68.46461046429833,66.77555660162177,68.11685943603516,4545300
2015-08-10,68.57224006584597,69.35880634255119,68.25761481854153,69.14353942871094,3211600
2015-08-11,68.56394677562403,69.34223779436161,68.49771421498296,69.16836547851562,3205600
2015-08-12,68.89348445438185,69.55151753859509,68.00222574131769,69.4515609741211,2826900
2015-08-13,69.3016345572329,69.75976090214124,69.04342135642398,69.1600341796875,2253900
2015-08-14,69.06006844802701,69.92633312482673,68.96011189843281,69.89302062988281,2280200
2015-08-17,69.35162341004151,69.78475589189543,69.07674757380886,69.52654266357422,2814700
2015-08-18,69.82638565142919,69.95965470116106,69.32661559382282,69.45988464355469,2241400
2015-08-19,69.25167043472302,70.40947390288596,68.77688776328155,69.77642822265625,2651300
2015-08-20,72.35024111780879,74.09110846663658,71.47563861452421,72.74172973632812,10887700
2015-08-21,72.45019907008242,73.04991943115704,70.40946197509766,70.40946197509766,8320000
2015-08-24,67.96888879438798,69.10170413720445,66.21969068868962,67.24422454833984,8620700
2015-08-25,68.46034641893623,68.80185353167853,64.85366170615791,65.18684387207031,6439000
2015-08-26,66.53622639237399,67.71902346955817,64.77869655855326,67.55242919921875,7217800
2015-08-27,68.12716473508355,70.00130728231561,68.0605270304453,69.75141906738281,4703400
2015-08-28,69.75143207902808,69.96800148204126,68.94346723560263,69.2933120727539,4860800
2015-08-31,69.4765617829438,70.31783911987908,68.3437460260629,68.5936279296875,3445300
2015-09-01,66.84443820506168,67.67739070605933,66.13642985019833,66.46961212158203,4300500
2015-09-02,67.22758303671924,68.160491951368,66.88607587965417,68.14382934570312,3257900
2015-09-03,68.34375025770872,69.01843970066906,67.75234843285776,67.96891784667969,3227700
2015-09-04,67.16926968853339,67.56075826723246,66.36963628211292,66.90272521972656,3416400
2015-09-08,67.8522817916035,69.11837262610634,67.68569390255236,69.03507232666016,2643600
2015-09-09,69.50985010317108,69.55150025007931,67.37749476380897,67.54408264160156,2839600
2015-09-10,67.56907787767152,68.0271977281124,67.05264527843894,67.33584594726562,3667700
2015-09-11,67.17759414580146,68.17713421325386,65.58665244211151,68.13549041748047,3645900
2015-09-14,68.23542150141118,68.53528470865203,67.70233276740944,68.21043395996094,3197200
2015-09-15,68.66021352686028,69.43485891442563,68.39366921903766,69.10167694091797,3532600
2015-09-16,70.05127958199027,70.40944928644608,68.81018256861034,70.34281158447266,3845000
2015-09-17,70.35949626596779,77.33963568753762,70.20123326284886,74.94906616210938,16918100
2015-09-18,75.54876276607281,76.17347692242376,73.61631389662406,73.70793914794922,11578000
2015-09-21,74.21604211212933,74.80743743036943,72.5584689607284,72.95828247070312,6644100
2015-09-22,72.31692078122488,73.28314853097798,72.15033285778149,73.13321685791016,5059500
2015-09-23,73.29982208347502,73.64966061823726,72.11703102503694,72.20865631103516,4863300
2015-09-24,72.00872985667792,72.08369887455014,70.86758917673568,71.09248352050781,5693500
2015-09-25,71.83380346430151,71.99206643243463,69.32662165552834,70.0179672241211,5794900
2015-09-28,69.70145890376725,69.85139059387384,65.38676510505822,66.41962432861328,8295100
2015-09-29,66.94439193905154,68.46869012115332,65.96150777557865,66.86942291259766,7315200
2015-09-30,67.91058300518806,69.77639391082482,67.88559545922955,69.70976257324219,6780700
2015-10-01,69.63480073422637,71.0674794956185,69.46821284077552,70.95086669921875,5350400
2015-10-02,70.10127224098858,72.9249801755157,69.62648330472804,72.89998626708984,5616600
2015-10-05,73.36642495895838,73.69960708114036,71.30070088536641,72.1086654663086,5297400
2015-10-06,71.95873578484631,72.05869233069376,68.36871404918992,70.10958099365234,5521200
2015-10-07,70.21789058852694,70.67601060031372,68.63527974116687,69.95967102050781,5128000
2015-10-08,69.26000173911274,69.95967878969037,68.12718582919567,69.77642822265625,4595400
2015-10-09,71.07582939243524,72.10868858288461,70.80095357689648,71.75051879882812,5115100
2015-10-12,65.45340676472377,67.26091210350008,65.22018108938785,66.16974639892578,26477400
2015-10-13,66.46124142935072,67.67735059749694,66.25300342751227,66.31964111328125,10104700
2015-10-14,67.44416148206425,68.30210149626627,65.8448942892844,66.01148223876953,9495500
2015-10-15,66.08644581330046,66.7028352156551,65.64498202169715,66.51958465576172,6408600
2015-10-16,67.1193129777252,67.9106152989964,66.60288014762752,67.89395904541016,5519800
2015-10-19,67.57739397623094,67.71900064702584,66.1946969504767,66.84439849853516,5869900
2015-10-20,66.76113244370542,66.91938906961748,64.66208895288095,64.79536437988281,7458000
2015-10-21,65.16187100509111,65.28680878490522,63.237746581958994,64.14566802978516,8955200
2015-10-22,64.32056560979755,64.83699187219602,62.604686225842975,64.12065887451172,10075500
2015-10-23,64.59543089677763,65.8698464548823,64.36219899591994,65.22846984863281,5679200
2015-10-26,65.22850246044766,66.5195812629931,64.77870738772066,65.89486694335938,4755200
2015-10-27,66.21972938139956,67.4275080671411,66.21972938139956,67.39419555664062,4771600
2015-10-28,67.63572855691103,69.21833929942096,66.96103918420418,69.19335174560547,5710300
2015-10-29,68.55195878385481,69.60980513018326,67.7106754029668,68.30207061767578,5158600
2015-10-30,68.36869304893901,68.76018145627383,67.94388580322266,67.94388580322266,4044300
2015-11-02,67.58571496262165,68.45198567948665,67.3108393173348,68.33537292480469,3473900
2015-11-03,68.49367934981316,68.7518925628831,67.57742661648912,68.0272216796875,4826100
2015-11-04,68.42702651039471,68.42702651039471,67.4108237797658,67.51078033447266,3401900
2015-11-05,67.46913033988994,67.80231250144153,66.35297740685145,67.14427947998047,3787200
2015-11-06,66.88603338213083,67.12758381649844,65.33674249562152,67.01930236816406,6082600
2015-11-09,66.66118791993655,66.87775735049024,65.45340933035207,66.10311126708984,4160200
2015-11-10,65.97734921767012,67.3269054842866,65.97734921767012,67.10896301269531,3302600
2015-11-11,67.14251548529938,68.13163146872253,67.03354741080582,67.64545440673828,3323400
2015-11-12,67.5197208312787,67.6957491245279,66.89104561458231,66.94133758544922,3647800
2015-11-13,66.77367132848741,67.28498778531156,66.37131650901732,66.68146514892578,3638600
2015-11-16,67.05869899809139,68.11487529797176,67.04193713723686,68.08972930908203,3318900
2015-11-17,67.83823540612639,69.09558561897053,67.586762805472,68.14838409423828,3012100
2015-11-18,68.30764531870255,70.21043892258041,68.22382324873398,70.11823272705078,3916600
2015-11-19,69.74101781236128,70.31101679235134,69.34705347792098,70.1769027709961,3156100
2015-11-20,70.6630743742875,71.66895184205573,70.50380799039256,70.80557250976562,4251500
2015-11-23,70.83072426760647,71.18278077053505,70.51219786903492,71.03189849853516,4033100
2015-11-24,70.04280064826833,70.67986000293048,69.61530609803245,70.31103515625,3431100
2015-11-25,70.31100907539768,70.76365583881682,70.03439693820772,70.19365692138672,2529400
2015-11-27,70.21881665292746,70.62117154207618,70.0763184944595,70.11823272705078,1253800
2015-11-30,70.21041602567352,70.43673618030289,68.7686538696289,68.7686538696289,6563300
2015-12-01,70.58763912215363,72.53234049968819,69.85837370737299,72.50719451904297,7368900
2015-12-02,72.30602031666368,72.69999106754943,70.76366741906989,70.88101959228516,4444800
2015-12-03,70.95645152539501,71.11571150679578,69.20454056828517,69.6236572265625,3669800
2015-12-04,69.96732922556032,73.1609958079515,69.93379912869804,72.6077651977539,6987600
2015-12-07,73.30349501332456,73.89864624746576,71.99585319230934,72.40658569335938,4379000
2015-12-08,71.76954987681648,73.48792460226485,71.72763564647305,72.43175506591797,4761000
2015-12-09,72.10482340494919,72.35629594519703,70.0511544420371,70.29424285888672,5479500
2015-12-10,70.60440136766044,71.67733908535973,69.8751360149055,71.17440032958984,3667200
2015-12-11,70.24396815042346,70.73013870824172,69.67396912847182,69.81646728515625,3738200
2015-12-14,69.87514519306512,71.00675914098913,69.54823463911406,70.98161315917969,5208700
2015-12-15,71.40073364476845,72.0713230390971,71.26661320781696,71.68572998046875,3975500
2015-12-16,72.08807304342814,72.57424995461874,70.45352045692412,72.33116149902344,2983600
2015-12-17,72.7167388223443,73.10232537316985,72.25570794895911,72.27247619628906,3928200
2015-12-18,71.7276573885759,72.0713362749698,71.05706787109375,71.05706787109375,5821300
2015-12-21,71.85337807927583,72.46528496518535,71.37558523053536,72.12161254882812,3742400
2015-12-22,72.31440773969533,72.48205829191299,71.4761741642509,72.01264953613281,2446100
2015-12-23,72.38985775696669,72.81735870458766,72.19706120561915,72.2557373046875,2804200
2015-12-24,72.07130811045327,72.21380624878677,71.64380730023969,71.96233367919922,1486900
2015-12-28,71.73601256530132,71.83659647567949,71.15762949977484,71.66056823730469,2031100
2015-12-29,71.95395154844753,72.8173373171729,71.75277732433145,72.2976303100586,2097700
2015-12-30,72.46529571496237,73.01014886072005,72.20544533269039,72.2557373046875,1969400
2015-12-31,71.85338262234126,71.87852860619947,70.47868007956582,70.62956237792969,3178500
2016-01-04,69.90867926161634,70.0763234133209,68.55912273618692,69.46441650390625,6907300
2016-01-05,69.48954548916576,71.58512884894029,69.46439951208254,70.5038070678711,7475300
2016-01-06,69.31352777600303,71.14925472907984,69.15426137001577,70.05955505371094,6628400
2016-01-07,68.42498365630183,69.41409923038944,67.75440083696905,68.2405776977539,5833200
2016-01-08,68.45850171034152,69.14585265645614,67.93041711357924,68.1064453125,5880200
2016-01-11,68.14838185582187,68.66808250045703,66.077944216777,67.28499603271484,4889300
2016-01-12,67.56998727215053,67.89689774969874,66.65630964358847,67.39395904541016,4329300
2016-01-13,67.67897580508979,67.74603602470297,66.29588915283674,66.471923828125,4628400
2016-01-14,66.45513974389996,69.34704867243308,65.90190905192449,69.18778228759766,8253700
2016-01-15,67.63704378152977,68.38307087115464,67.12572098142118,68.09806823730469,6674300
2016-01-19,68.99499466591625,71.08220060461962,68.70161423132356,69.76617431640625,9162300
2016-01-20,68.60940893516664,69.96734947259355,67.40235707488998,69.25485229492188,8354400
2016-01-21,69.20455578748081,69.25485414628014,67.55323476748202,68.23220825195312,4930800
2016-01-22,69.0704291161935,69.70748825098217,68.65969656655938,69.13748931884766,3456300
2016-01-25,69.15424761946734,69.74100837451718,68.41660461380289,68.4920425415039,2632800
2016-01-26,68.52559372859294,68.87765028996175,67.82148060585534,68.70162200927734,4583400
2016-01-27,68.40822215728,69.78292429851051,67.86336921704786,68.5339584350586,4341900
2016-01-28,68.62616988872205,69.14587049718531,64.15838438861189,64.38470458984375,10128700
2016-01-29,64.84576578378945,66.57252532548823,64.73679769458096,66.30429077148438,7042500
2016-02-01,65.5582323893969,66.35455794368353,64.77867508415935,65.71749877929688,4056000
2016-02-02,65.09722788205319,65.6336969027551,63.78119492117624,63.95722961425781,4804200
2016-02-03,64.09134151977635,65.00501948683994,62.1801698982969,63.781192779541016,6966400
2016-02-04,63.663837020539034,64.15001402551039,61.55987536647145,62.26398849487305,6339500
2016-02-05,62.16337899056464,63.55484281754406,61.652056212068956,62.29749298095703,6312800
2016-02-08,61.652068736679155,62.51544810996375,61.04853966927661,62.18853759765625,4348800
2016-02-09,61.55148617872685,62.83398241086594,60.956341160979285,61.811336517333984,5160000
2016-02-10,62.23339029198665,63.19563122130224,61.600336710081436,61.676300048828125,4748700
2016-02-11,60.941936191957296,61.3048870543975,59.7855628049226,60.28356170654297,5425400
2016-02-12,60.41016051849939,60.54521496802839,59.44792010473237,60.15693664550781,6332600
2016-02-16,60.730925657539835,61.97171146209289,60.71404706553184,61.895748138427734,4811300
2016-02-17,62.469732893026205,63.23783460166784,61.69318222658337,63.03525924682617,4000300
2016-02-18,61.971687004449244,62.92549129017008,61.752233196190666,62.013893127441406,5620000
2016-02-19,61.35551778981843,61.67626242400608,60.94191839866184,61.28799057006836,6650800
2016-02-22,61.541242655003224,62.15741110856406,60.857540510962544,61.625648498535156,5672600
2016-02-23,61.70158456065003,62.883285167177924,61.667820950206355,62.013893127441406,4411200
2016-02-24,61.89573761790537,62.69760261692283,61.31332647645482,62.54566955566406,3636100
2016-02-25,62.68918145299421,63.21250805106353,62.26714574351201,63.15342330932617,4306800
2016-02-26,63.65985136677868,63.97216004384798,61.9632728112265,62.12364196777344,4807700
2016-02-29,61.929504524689236,61.929504524689236,60.756246104788765,60.77312469482422,5730200
2016-03-01,61.30488344214887,61.45681650211925,60.654951509901544,61.39773178100586,4541700
2016-03-02,61.38931819064319,62.50349222524937,61.14453670216291,62.47816467285156,6738800
2016-03-03,62.29245061061024,62.368413919571836,61.26268282412065,61.828208923339844,4526500
2016-03-04,61.9295091888607,62.51191396535141,61.53279467575315,62.12364196777344,3481600
2016-03-07,61.76065672671426,62.42747340812265,61.448354663095024,61.954795837402344,3443100
2016-03-08,61.566537673897685,62.925492430059556,61.524331550140964,61.61717987060547,3278900
2016-03-09,62.047669314452875,62.41062015060189,61.61719124372927,62.07299041748047,2372000
2016-03-10,62.461271626414174,62.63852581366478,61.13608004003846,61.63407897949219,4419200
2016-03-11,62.01389513814762,63.26311656631674,61.77755629712916,63.0098991394043,3527200
2016-03-14,62.68071178891391,62.96769282650549,62.28399740421344,62.38528823852539,3201800
2016-03-15,60.47772524372571,60.77314898556573,58.74737606476262,60.13165283203125,13748200
2016-03-16,60.17384440218938,61.532799725103736,60.0725535267801,61.17829132080078,5287400
2016-03-17,60.96726801583207,61.068552442388295,57.295552999109944,58.29155731201172,15421600
2016-03-18,58.40973130607471,59.97126836079117,58.2915618394128,59.88685607910156,10131700
2016-03-21,59.76023932280072,59.971257107923954,58.94992536094597,59.295997619628906,5900100
2016-03-22,59.26223972172736,60.97570327196562,59.22004002448029,60.70560073852539,7655400
2016-03-23,60.91662687945928,60.967275538739514,59.85310163087308,60.07255554199219,3884400
2016-03-24,59.63362384437448,60.300440778780526,59.25378798971841,60.030338287353516,2892900
2016-03-28,60.224490634041935,60.32578151620236,59.40574037923383,59.60832214355469,2661900
2016-03-29,59.709593712317506,60.72248299627813,59.642072911855124,60.519901275634766,3814800
2016-03-30,60.756250973972314,61.05167462140897,59.98814305088445,60.587432861328125,3081000
2016-03-31,60.579007714799936,61.05169212597787,60.013481364738986,60.78158950805664,3680000
2016-04-01,60.43550077339928,62.208049126912925,60.37641604294058,61.971710205078125,4083600
2016-04-04,62.089863941131874,62.28400311475862,61.52433788714465,61.76911926269531,2796300
2016-04-05,61.43151011096828,62.165854483318384,61.178292576875705,61.650970458984375,3591800
2016-04-06,61.44838165107238,63.3559777934331,61.44838165107238,63.102760314941406,5669100
2016-04-07,62.891761104364775,63.44040879609757,62.334670895596616,62.95928192138672,3724100
2016-04-08,63.54168542377713,63.54168542377713,62.34310574236676,62.790462493896484,3224900
2016-04-11,62.8664228779487,63.0858767430937,62.29245423112351,62.41905975341797,3351100
2016-04-12,62.27555076148368,63.55009963977882,62.064533033807336,62.94236755371094,2849800
2016-04-13,63.07744447664488,63.50791615794118,62.528796901151935,63.44039535522461,2341600
2016-04-14,63.558588974031615,64.00594585590206,63.136553207775776,63.837127685546875,3022100
2016-04-15,63.82865910949198,64.36042158592417,63.38129601563466,63.752689361572266,3007500
2016-04-18,63.79490760380542,65.21294758325163,63.4657203264119,65.17918395996094,4088400
2016-04-19,65.48306631036013,66.25961051866847,64.68963706635789,65.20452117919922,3819600
2016-04-20,65.22983158817075,65.64342473823706,64.63898423093318,65.06101989746094,4049400
2016-04-21,65.13696804170414,65.92195445604082,64.91751418289083,65.3057861328125,3286600
2016-04-22,65.0778864863348,65.78690962398639,64.93439593172447,65.69406127929688,2697200
2016-04-25,65.381761585987,65.8375608569981,65.120101545866,65.78691864013672,3767100
2016-04-26,64.67274179723337,66.09078176148739,64.22537862323887,64.37731170654297,5347300
2016-04-27,64.58834635643716,65.12855802436648,63.99749890054391,64.57991027832031,3690900
2016-04-28,64.25070046978405,64.70649967925681,63.8708645753474,64.53768157958984,4383000
2016-04-29,64.5798818757738,64.5798818757738,63.38973852979273,63.752689361572266,3386600
2016-05-02,64.10719600386905,65.06100044650988,63.989026567750045,64.78245544433594,3571900
2016-05-03,64.4363835336152,64.69804994897902,63.8033302199065,64.36042022705078,3270700
2016-05-04,63.4488428503802,63.828678827817,62.99304354130811,63.19562530517578,4176800
2016-05-05,63.06897185874471,63.63449775505471,62.92548136680024,63.533206939697266,3446400
2016-05-06,63.069003268145714,63.26313604457562,61.904180850556635,62.96771240234375,4196900
2016-05-09,63.11967169595031,64.06503418347141,63.102793097849535,63.803367614746094,2963200
2016-05-10,64.39418255739157,65.10319916350699,64.1916073041802,64.89218139648438,4366000
2016-05-11,64.55230423464826,65.47848264833233,64.44183806889262,64.84120178222656,3716300
2016-05-12,65.18958776932604,65.37652453494375,64.03398456619516,64.54380798339844,4081900
2016-05-13,64.4248472657494,65.46999074670111,64.21242030872929,64.85820007324219,3629700
2016-05-16,64.56079037080472,66.67656061302736,64.44182533517012,66.52361297607422,4580100
2016-05-17,66.45564765669008,66.88050156561873,64.1699315521719,64.9091796875,7153300
2016-05-18,64.91767936189757,65.30004529143127,64.24640939978326,64.85820007324219,4664900
2016-05-19,63.83004853932061,63.92351691047844,62.657447694888006,63.141780853271484,4848800
2016-05-20,63.54965908384421,64.18694005361871,63.4561906896567,63.566650390625,4689200
2016-05-23,63.72808737633903,63.84704595415437,62.81040136225825,62.94635772705078,4440500
2016-05-24,63.34576011447764,63.89806535602119,63.18431345342078,63.719627380371094,3711800
2016-05-25,64.14445449630944,64.15295339140093,63.26075740676189,63.33723449707031,4621700
2016-05-26,63.3882225021293,64.2379305959454,63.107817275308,64.16995239257812,2654600
2016-05-27,64.16997176883473,64.33991732856833,63.447720967557565,63.719627380371094,3247500
2016-05-31,63.736583067970535,64.26339774818597,63.481668138168516,63.75357437133789,4438800
2016-06-01,63.64313873580362,64.10198189313644,63.456201914361536,63.677127838134766,2450200
2016-06-02,63.915021833053764,64.30588664361112,63.643115596024465,64.11894989013672,3231000
2016-06-03,64.15293421404493,64.23790369128726,63.090799541626964,63.830047607421875,5319000
2016-06-06,63.821549661954805,64.15293516604638,63.048312497237355,63.592124938964844,3253800
2016-06-07,63.40518810393886,63.77056265809178,63.31171974245173,63.47315979003906,2902900
2016-06-08,63.439191992341996,63.80456014900111,63.21826613338554,63.65161895751953,3194900
2016-06-09,63.53262990422898,64.18690834027693,63.082285945334554,63.24373245239258,2760500
2016-06-10,62.954850301757986,63.0398262713528,62.17312065043361,62.83589172363281,4124200
2016-06-13,62.9463437621961,63.70258304600063,62.59796051677241,62.75940704345703,3767000
2016-06-14,62.487490114794184,63.192748893249544,62.0796276637737,63.15026092529297,3691900
2016-06-15,63.49867128550537,63.634621172190364,62.54699614768434,62.63196563720703,3408900
2016-06-16,62.42803777208213,63.277745635629714,61.98618605269373,63.0908088684082,4788700
2016-06-17,63.43067685949513,63.79605140537017,62.428021581239534,62.75940704345703,6604900
2016-06-20,63.260738994365724,63.473165930522434,62.21560209881786,62.26658248901367,3640100
2016-06-21,62.62344774460691,62.70842369110595,61.62929140501184,61.66328048706055,5999200
2016-06-22,61.60384710680766,62.801938831230075,61.60384710680766,62.08818054199219,4410800
2016-06-23,62.53002385169414,62.82742691040039,62.19863816953034,62.82742691040039,2989700
2016-06-24,61.56132813010831,63.830052905601605,61.06850252809387,63.158782958984375,10471300
2016-06-27,62.929357819413546,63.78756451566591,62.19860859016991,63.63461685180664,7657800
2016-06-28,63.838570139006805,64.79024558832681,62.66597524116855,63.855567932128906,8012300
2016-06-29,64.47584505371798,66.48115658755376,64.46735264073078,66.4046859741211,7123700
2016-06-30,66.4471554356361,66.96547777519694,65.81837340245423,66.91449737548828,4017200
2016-07-01,67.0334464873808,67.40731998641132,66.59160129259959,67.08442687988281,2909600
2016-07-05,66.96547154097544,67.89165644025191,66.91449114601285,67.67073059082031,3286600
2016-07-06,67.39882133956188,68.3165073044851,67.2118845893639,67.99361419677734,4669800
2016-07-07,67.8321717406068,68.01910848423182,66.82951632887267,67.39881896972656,3587300
2016-07-08,67.39881725163393,67.89164929358134,67.06743175374821,67.6877212524414,3134900
2016-07-11,67.58576457056319,67.7811937497783,67.08443355761813,67.24588012695312,3461400
2016-07-12,67.6622465583793,67.84068446269572,67.10144264235018,67.69623565673828,4430000
2016-07-13,67.90016514502628,68.00212594968447,67.40733297998779,67.43282318115234,2917200
2016-07-14,67.55176509870405,68.56291938032366,67.4667956215461,68.47794342041016,3823800
2016-07-15,68.80936949284398,68.8263608035915,67.92567223052113,68.16358947753906,4529100
2016-07-18,68.2910099673855,68.47794021528145,67.85765722658093,67.93412780761719,3087600
2016-07-19,67.8491816942398,68.18906618673766,67.6197633893893,67.9511489868164,3303700
2016-07-20,68.20606256669952,68.41848957996447,67.96814534908403,68.21456146240234,2811100
2016-07-21,68.14655998989939,68.48644439160267,67.9936123332707,68.3165054321289,2685900
2016-07-22,68.3165342391922,69.4296498034515,68.21456693085788,69.32768249511719,4315900
2016-07-25,69.3276731598087,69.67605655430388,68.82634854754407,69.65906524658203,4180100
2016-07-26,70.3133203295631,70.82314371213863,69.36164526140101,69.75251007080078,5134900
2016-07-27,69.88847337098937,71.02707882239231,69.8035038792477,70.86563873291016,4057200
2016-07-28,70.73818435130505,70.85714294150351,69.63356146202574,70.46627807617188,4862000
2016-07-29,70.58521387089188,70.90810044247483,70.21983932392084,70.43226623535156,3016200
2016-08-01,70.54274693252302,71.19702564518917,70.47477522748859,70.67870330810547,3131100
2016-08-02,70.64470553587914,71.12053982645038,70.16037235218884,70.79765319824219,3340100
2016-08-03,70.88264245541399,70.88264245541399,69.98195401620728,70.28784942626953,2940900
2016-08-04,70.54275963088504,70.54275963088504,69.99045458324241,70.0329360961914,2093800
2016-08-05,70.03292677534758,70.11789627269474,68.86033215333973,69.30217742919922,5886900
2016-08-08,69.20020125404139,69.54857806060691,68.36748480639353,69.33615112304688,4227300
2016-08-09,69.46361714930622,69.79500269415028,68.57142130841439,69.25119018554688,2242800
2016-08-10,68.0785950927347,68.96229203228928,67.69622267160902,68.4439697265625,4956700
2016-08-11,68.39267544681606,68.98270531999951,68.39267544681606,68.88864135742188,2408000
2016-08-12,68.57221726363223,69.02543076078807,68.32423116585497,68.59786987304688,2525000
2016-08-15,68.69196125356146,68.93994745048447,68.4696276763091,68.6321029663086,2780400
2016-08-16,68.62353709411026,68.75180669255667,68.27293395996094,68.27293395996094,2158700
2016-08-17,68.5465657669639,68.70903447058123,68.05059356335805,68.5038070678711,2519500
2016-08-18,68.49527269737001,68.73470581981965,67.97364774172046,68.22163391113281,3037200
2016-08-19,68.02497927078059,68.2302067890917,67.36653146860404,67.60596466064453,3745500
2016-08-22,67.82831071003727,68.32428328392187,67.57177137207866,67.80265808105469,3157000
2016-08-23,68.1361171589736,68.38410330707728,67.93088971794607,68.04205322265625,3406900
2016-08-24,68.15323972732637,68.401225959119,66.85345679675851,67.07579040527344,3423000
2016-08-25,67.07577923897007,67.70001471502552,66.52850161993632,66.70807647705078,2800500
2016-08-26,66.74226303526974,67.40070398950947,66.56268170550602,66.90473175048828,2602300
2016-08-29,66.9817053882086,67.33230200293703,66.74227228077203,67.21258544921875,2203300
2016-08-30,67.21258328243641,67.21258328243641,66.3831139555122,66.5028305053711,2025700
2016-08-31,66.60546487212252,66.77648669539971,66.2976203709721,66.48574829101562,2182600
2016-09-01,66.4857526027417,66.69953315773444,65.67338910339521,66.04109191894531,3544700
2016-09-02,66.28905567203597,66.38311961552564,65.3740753777791,65.71612548828125,3943400
2016-09-06,65.94700123491268,67.29808883679499,65.94700123491268,67.1356201171875,5528600
2016-09-07,67.11852200524368,67.46057210012879,66.9218476044272,67.20403289794922,2971400
2016-09-08,68.43539799000844,68.55511452249735,67.90522663871805,68.31568145751953,4405400
2016-09-09,68.08480407947398,68.08480407947398,66.87052609358386,66.90473175048828,4152500
2016-09-12,66.69095301203328,67.80261405594973,66.53703081401503,67.62303924560547,3288900
2016-09-13,67.44349778361628,67.44349778361628,66.69098598829866,67.11000061035156,3149000
2016-09-14,67.27245381386379,67.7598731482539,66.71662314592956,66.947509765625,2660900
2016-09-15,66.80214343438537,67.60595380371274,66.50284546833423,67.40072631835938,2652300
2016-09-16,67.29813426906428,67.47771572491278,66.844920413986,67.38365173339844,4255100
2016-09-19,67.37505457801954,67.87102684059836,67.11851540108229,67.69145202636719,3321500
2016-09-20,68.09336366142833,68.70905255567736,67.80262530806807,68.30714416503906,3629400
2016-09-21,68.23872925268293,69.26487290836718,68.1361122774896,69.1537094116211,3147600
2016-09-22,69.30765093442966,69.65824761363959,69.03401211502286,69.51287841796875,2639800
2016-09-23,69.23922761730452,69.65823555987643,69.06819930723022,69.40170288085938,2197700
2016-09-26,69.26488928886499,69.39315890717565,67.98220615388601,67.99930572509766,4332800
2016-09-27,68.9399501597541,69.20503593885383,68.0762749605378,69.16227722167969,6888900
2016-09-28,69.12806262549375,69.41025446464631,68.4268628132156,69.01689910888672,2467800
2016-09-29,68.70906400248077,68.81168100997249,67.75133136214865,68.18743896484375,3269200
2016-09-30,68.49528029597975,68.96560007015512,68.43542200872689,68.6321029663086,3623000
2016-10-03,68.40977044753086,69.32475086630403,68.1446846747472,69.264892578125,3983500
2016-10-04,69.31618904316394,69.6154869702335,68.99124502333761,69.35894775390625,3184100
2016-10-05,69.56417698933123,70.19696547528758,69.46156651943008,69.9062271118164,3560400
2016-10-06,69.47865832131222,69.93187191020428,69.03399777864342,69.66678619384766,2994200
2016-10-07,69.75231505080262,70.38510362900153,69.52143493580586,70.19697570800781,4241400
2016-10-10,70.23118716730269,71.18037337488138,70.20553454397326,71.02645111083984,4608400
2016-10-11,70.63307430835536,70.8468548035526,69.47866093910287,69.95752716064453,4218200
2016-10-12,69.95755661793446,70.30815990923799,68.80314276258859,68.84590148925781,3629800
2016-10-13,68.3499012428656,68.82876747181581,68.06770941906434,68.40975952148438,3565000
2016-10-14,68.55511046756247,68.68338003737412,67.73419435445378,67.7854995727539,3143900
2016-10-17,68.00783943719543,68.00783943719543,66.70805710055033,67.15271759033203,3884700
2016-10-18,67.63161002781371,67.68292179493444,67.12709107358864,67.35797119140625,3218300
2016-10-19,67.52043298161274,67.83683047329555,67.15273025714039,67.17838287353516,2988500
2016-10-20,67.32377464219614,67.64871873419347,67.03302969751245,67.33232116699219,2661900
2016-10-21,67.1612704194377,67.36649783528722,66.76791515403364,66.91328430175781,3215000
2016-10-24,67.11853607262618,67.28956441794605,66.22066172493795,66.33182525634766,4363200
2016-10-25,65.7417896592247,66.9389619943581,64.56172342085762,66.48574829101562,8496000
2016-10-26,66.20352953379722,66.40021042237588,65.30565554001221,65.63915252685547,2988700
2016-10-27,66.1522347363118,66.20353996573768,65.10043186464229,65.12609100341797,3789900
2016-10-28,64.66433671187423,64.7156419510951,63.15931996210997,63.73225021362305,5651500
2016-10-31,63.81776685821445,63.911830821286024,63.108020396944255,63.14221954345703,3562100
2016-11-01,63.116557111453716,63.26193281982814,61.440518658054366,62.40681076049805,8190500
2016-11-02,62.55216803443607,62.84290634769917,62.1160540404791,62.12460708618164,4433900
2016-11-03,62.26142452759761,62.663332871395276,61.4661608858876,61.662841796875,4843200
2016-11-04,61.671428565554336,62.449586541001324,61.28661957904594,61.98781967163086,3617200
2016-11-07,62.61204489242352,63.21918083628379,62.46667569263957,63.176422119140625,4969400
2016-11-08,62.91134019650632,63.68095148380834,62.731765316813295,63.296142578125,2690800
2016-11-09,65.97267796486075,67.81119196985645,65.48525857972835,67.03302764892578,7332700
2016-11-10,67.9626050564487,68.59953746705044,67.13631276428734,67.428955078125,6904800
2016-11-11,67.11049890331647,67.21378134597823,66.09484662748471,66.85227966308594,3072700
2016-11-14,67.14490489674809,67.34286721990378,66.00875246057805,66.29278564453125,3221700
2016-11-15,66.64572061733777,66.74040058526148,65.56981786074041,66.55104064941406,3097600
2016-11-16,66.72313627219447,66.72313627219447,66.1206337723203,66.22392272949219,1922300
2016-11-17,66.27560679998881,66.97278965326556,66.04321470449288,66.88671875,4519200
2016-11-18,66.7747989935577,67.06744125426081,65.86242941777209,65.99153900146484,4571600
2016-11-21,66.10342448584534,66.30999584045533,65.50091539862082,65.96570587158203,4060300
2016-11-22,66.97276346737769,66.97276346737769,64.98449814214851,65.40625,5208800
2016-11-23,55.378849094170356,58.89920541047083,55.24113699196802,58.52909469604492,53877200
2016-11-25,58.98526232015324,59.510303129404065,58.33972098747953,59.49309158325195,8620700
2016-11-28,58.8991983054138,58.8991983054138,57.75443663298211,57.84050750732422,12507700
2016-11-29,58.158963995064646,58.2192142503456,57.220780510434714,57.797462463378906,8930000
2016-11-30,57.926578590507994,58.37415102803405,57.50482018898579,57.77164840698242,9085300
2016-12-01,57.91797090708702,57.92657996381645,56.514996732356266,56.78181838989258,7168100
2016-12-02,57.065858026530925,58.86476343835917,56.77320919949535,58.27947235107422,12272200
2016-12-05,58.666805688337796,58.79590871513791,57.44457564474072,57.892154693603516,7286000
2016-12-06,57.84050288479136,58.46883269416838,57.780252620888334,58.35694122314453,4617200
2016-12-07,57.88354233493225,57.99543380737305,57.28964217837693,57.99543380737305,5835900
2016-12-08,57.71140863357693,57.900761944045506,57.14332900180944,57.8319091796875,4811400
2016-12-09,57.99542693586887,58.675397880412234,57.8577148758573,58.399967193603516,4350800
2016-12-12,58.51186693066503,58.99386900497933,58.029858289564984,58.193397521972656,5273700
2016-12-13,58.52047789838794,59.29512889204208,58.52047789838794,59.07994842529297,6010900
2016-12-14,58.890605366167506,59.32096642245366,58.13317227114777,58.24506378173828,6140300
2016-12-15,60.56899620654359,61.61907129990525,59.95788450872342,61.429718017578125,14320800
2016-12-16,62.71220698357212,63.443819388159845,61.76541407370637,63.09952926635742,17584700
2016-12-19,63.24583111515322,64.1151552725881,63.09090095209207,63.194183349609375,6102400
2016-12-20,63.39216572837518,63.779487935153526,62.83269521108356,63.159767150878906,6001500
2016-12-21,63.1167299546891,63.598732052036354,62.91876105511515,63.04787063598633,5054100
2016-12-22,62.97039811328235,63.24582877444354,62.55724883814809,63.05646896362305,4827500
2016-12-23,63.24583553093143,63.69340794058771,63.056475699881815,63.512657165527344,2570100
2016-12-27,63.74504185783509,64.0893318234157,63.4179700022652,63.52986145019531,2786700
2016-12-28,63.40077675974011,63.50405918247744,62.80687656185325,62.88433837890625,3256800
2016-12-29,63.16838373872949,63.581533166428436,63.03927413214935,63.31470489501953,3031600
2016-12-30,63.23724723043935,63.47824834295367,63.03067578639676,63.30610656738281,2933900
2017-01-03,63.64178863356782,64.27011203445308,63.297498510190245,64.2098617553711,3622700
2017-01-04,64.5110955741698,64.55413429041118,64.02048441623411,64.3131332397461,3021600
2017-01-05,64.49387020889117,67.02439383224127,64.06350940583351,65.06194305419922,3310800
2017-01-06,64.95005520994833,65.47509594412703,64.5799446361303,65.13080596923828,2296500
2017-01-09,65.13083069822187,65.94852051989265,64.99311859605065,65.64726257324219,3204100
2017-01-10,65.7935903007078,65.89687273563932,65.25133125016703,65.64726257324219,3559400
2017-01-11,65.8538258186589,66.20671833690338,63.69341229273233,64.77792358398438,7701700
2017-01-12,64.4250454791075,66.7059602727595,64.34758364504265,66.40470886230469,11900700
2017-01-13,66.20672366611824,67.23959383461684,65.74193307531185,66.619873046875,5602600
2017-01-17,66.32721990646867,66.32721990646867,65.30296542834151,66.14646911621094,4913300
2017-01-18,66.55100733306845,66.8866882997372,66.17228765096588,66.73175811767578,3360300
2017-01-19,66.6801528899424,66.80926253911919,66.06904088841446,66.13789367675781,4439200
2017-01-20,66.2927884440349,66.62847597885683,65.81939540626463,66.1120376586914,4371200
2017-01-23,65.62141779049679,66.17227912982719,65.55256504816936,65.69027709960938,5055100
2017-01-24,65.58701460001978,65.78498355190182,63.83974996868127,64.42504119873047,6594300
2017-01-25,64.65743981906101,65.07058270686763,63.92582085640866,64.42504119873047,4830800
2017-01-26,64.53691695179772,64.85537978297192,64.15819729657917,64.192626953125,3748000
2017-01-27,64.48526390069694,64.89841317861448,64.13237144188726,64.88119506835938,3132800
2017-01-30,64.63160233101583,64.70907071436228,63.90859910931156,64.2959213256836,5909600
2017-01-31,63.90857896854308,66.51656437273546,63.6933985679756,66.30138397216797,6964100
2017-02-01,67.0416252032962,67.62691633123247,66.19812145722689,66.7920150756836,4959200
2017-02-02,66.26696183773173,67.05883079241016,65.88824875518335,66.61125183105469,3830900
2017-02-03,66.68012793986985,67.03302051100044,66.02597744445357,66.47355651855469,3836300
2017-02-06,66.20672257593019,67.00719415245138,66.06901049580331,66.98998260498047,2835500
2017-02-07,66.8608783559394,67.14491816279707,66.5510179424196,66.87808990478516,3346800
2017-02-08,66.65430545687933,67.6957781587947,66.43912498375333,67.23098754882812,2820800
2017-02-09,67.23098904059988,67.64413188076826,66.8694874137558,66.87808990478516,2962600
2017-02-10,67.02441810631164,67.35149007104782,66.79201951109384,66.95555877685547,2598600
2017-02-13,67.21550139157219,67.64009146793731,67.18084003274957,67.38880157470703,2097500
2017-02-14,67.15486161182073,68.30732727514906,66.93823302597615,68.28999328613281,3311200
2017-02-15,67.88272763278938,69.78906307465577,67.63144430143736,69.53777313232422,4272800
2017-02-16,69.36445617662255,69.6504008045671,68.80988768288206,69.35578918457031,3629600
2017-02-17,69.44243673005181,70.187639355794,69.38178100986245,69.65906524658203,3111100
2017-02-21,69.46843210893351,70.07499593066422,69.41644337971977,69.63307189941406,3178800
2017-02-22,69.68507828767707,70.36962537670098,69.6070951740946,70.2483139038086,3468800
2017-02-23,70.5169048272057,71.81667578826169,70.3089433245103,71.53073120117188,6193500
2017-02-24,71.41810902107693,72.12865050255287,71.26213617826613,71.80804443359375,4016000
2017-02-27,71.77336171684689,72.26727447032667,71.6260559121724,71.97265625,3104200
2017-02-28,71.76469421335688,72.33659666645403,71.55673268994775,71.75602722167969,3672000
2017-03-01,72.30192875012524,72.90848589293756,71.8946661209611,72.65719604492188,3420600
2017-03-02,72.67452684812092,72.74384293928418,71.78201193276603,71.8426742553711,3371600
2017-03-03,71.66073576954628,72.70055698035104,71.57408565472421,72.59657287597656,2649100
2017-03-06,72.13728998688177,73.02979834277694,71.87733314434,72.6398696899414,3960100
2017-03-07,71.87734069967199,72.04198049131956,70.5082534698425,71.69537353515625,5570600
2017-03-08,71.69537050470687,72.77851306507338,71.63471478576544,72.27593994140625,4491800
2017-03-09,72.50123440501237,73.45439860917999,72.36259558434085,73.2637710571289,5861600
2017-03-10,73.22046309230682,73.26379145450487,72.7005558008296,73.09915161132812,3629400
2017-03-13,73.22910562661758,73.2637669826023,72.63987579683271,72.90849304199219,2248500
2017-03-14,72.78719526345215,73.26378073397346,72.71787253847106,73.185791015625,2839100
2017-03-15,73.15980893702134,74.64154772477818,73.10782019004111,74.41625213623047,4883900
2017-03-16,74.12163556820462,74.12163556820462,72.61390250569109,73.64505004882812,4742800
2017-03-17,73.16844734648235,73.43706458224385,72.63987325541927,72.75251770019531,5786900
2017-03-20,73.30709076567008,73.5323862803709,72.76118926837205,72.83917236328125,3121900
2017-03-21,73.08179781754033,73.61037196041424,72.46657358473162,72.55323028564453,4066200
2017-03-22,72.86518903302645,73.26379145450487,72.32795436325796,73.09915161132812,2850300
2017-03-23,72.71785838713153,73.69702350674582,72.71785838713153,73.15111541748047,3021100
2017-03-24,73.04713744785256,73.63636726942516,72.66586914831217,72.94315338134766,2479100
2017-03-27,72.70054367579701,73.1684621433808,72.5618982286705,72.99515533447266,2340300
2017-03-28,73.02112788896991,73.65368598330338,72.82183338198564,73.43705749511719,2755000
2017-03-29,73.26376647741176,73.44573363684353,73.06446533461833,73.16844940185547,2066600
2017-03-30,73.28109233305912,73.6103652893618,72.85650230317299,73.44573211669922,3204100
2017-03-31,73.13378957098692,73.60170796684392,72.85650533021735,72.88249969482422,3151900
2017-04-03,72.8998169330324,73.48904668912522,72.84782821104614,73.1771011352539,2429900
2017-04-04,73.24643801591142,74.85815481921323,73.0384764767371,74.59819793701172,4624600
2017-04-05,74.45089010277773,75.14410402919324,74.14761148908768,74.19960021972656,4056300
2017-04-06,74.06096955647301,74.43357092603031,73.75769090938654,73.96565246582031,2684600
2017-04-07,73.94831187065006,74.22560273575071,73.57571714537175,73.93098449707031,2808500
2017-04-10,74.05229949900435,74.39023949334168,73.85300494387127,74.06096649169922,1994900
2017-04-11,74.06096088850164,74.64152374654459,73.93098245182598,74.45955657958984,2699200
2017-04-12,74.29492284746543,74.81483002560942,74.23426712019828,74.73684692382812,2545100
2017-04-13,74.54623061466107,74.7975205766989,74.32960202093675,74.41625213623047,2172500
2017-04-17,70.44760026021925,71.91200462048293,70.28296046270125,71.38343048095703,12424500
2017-04-18,70.97616982612409,71.14080300205525,70.09232178279835,70.3609390258789,8210800
2017-04-19,70.29165505452318,70.80289541032047,69.21717236911826,70.09235382080078,5504500
2017-04-20,70.35231897746243,71.22749391986603,69.97105045698154,71.00220489501953,3267200
2017-04-21,70.89820656230842,71.26214101658292,70.76822808264463,70.9588623046875,3204000
2017-04-24,71.76471492829953,72.55324612409315,71.67806481944889,72.28462219238281,4813600
2017-04-25,71.66937710752046,71.66937710752046,69.75438182828486,70.3609390258789,9221100
2017-04-26,70.48228061099582,70.80289333026742,70.12701313216337,70.15300750732422,4421700
2017-04-27,70.16164905478016,70.70755056809871,69.9190261599719,70.47359466552734,3219200
2017-04-28,70.50824994349175,71.27077992013216,70.3609375320799,71.10614013671875,3161800
2017-05-01,71.13214929041756,71.24480037027189,70.83753762829146,70.898193359375,2397200
2017-05-02,71.03684188713814,71.03684188713814,70.62091213383808,70.7942123413086,3626500
2017-05-03,70.41296387030528,70.67291423064012,70.39562987969472,70.404296875,3373200
2017-05-04,70.49092646049593,72.00732625914019,70.4389377257698,71.95533752441406,3567100
2017-05-05,71.97265726795327,72.01598561628337,71.11481018103485,71.49607849121094,3135600
2017-05-08,71.36609849874233,71.40942684612627,69.63307037902733,69.90168762207031,4712900
2017-05-09,70.03167826749878,70.13566235276953,69.62441553057846,70.00568389892578,3988100
2017-05-10,70.04899089698303,70.28295338684644,69.48576206718919,70.23096466064453,4018500
2017-05-11,70.39668711890606,70.64087673934405,69.69028048068643,69.96063232421875,3920500
2017-05-12,70.05653537152988,70.3007248890037,69.54198747085404,69.93444061279297,2935200
2017-05-15,69.93448578735386,70.19611473064846,69.27168048773557,70.0304183959961,2559100
2017-05-16,69.96933696326168,70.03038435238732,68.37337523569202,68.8879165649414,7170100
2017-05-17,68.88791329505936,68.92279846628475,67.95475658919497,68.14662170410156,4486000
2017-05-18,68.52161461060703,68.84429738653468,68.05939783270033,68.28614807128906,2928200
2017-05-19,68.46060991809482,68.64375215255647,67.78908839173543,67.85013580322266,5091800
2017-05-22,67.93734911822439,68.03328172056443,67.02163124267628,67.135009765625,6936500
2017-05-23,67.31813215072931,68.33849863423809,67.16986848397119,68.01581573486328,5884800
2017-05-24,68.01581676093609,68.26872930961272,67.85012048355074,67.98965454101562,2253800
2017-05-25,68.2948827053349,68.4257004417019,67.81522654354448,68.321044921875,1736700
2017-05-26,68.129193147771,68.32977459674383,67.78034803438294,68.06814575195312,2238900
2017-05-30,67.98093543468589,68.60885536302166,67.80651618955604,68.32978057861328,3244900
2017-05-31,68.44317193476422,69.69028906737664,68.44317193476422,69.39376831054688,5163900
2017-06-01,69.41988772590702,69.96932075442442,69.22802264633998,69.760009765625,3093100
2017-06-02,70.17863885723595,70.69318016823155,69.68153680522913,69.88211822509766,4005700
2017-06-05,69.76873848079185,69.82978586081593,68.87918999277454,69.20186614990234,2814800
2017-06-06,69.25423254577662,69.29783403736329,68.67863696601471,68.97515106201172,2688000
2017-06-07,69.03619678414661,69.36759602556624,68.97514272669954,69.23677825927734,2899900
2017-06-08,69.23676019626913,70.16991692696794,69.19315206766032,69.85595703125,4610400
2017-06-09,69.85595817811975,70.80656083733525,69.5071131045208,70.67574310302734,4599300
2017-06-12,70.60595906566455,70.89375669459895,70.50130356777976,70.55363464355469,2842400
2017-06-13,70.82401679658689,70.89378715849124,69.97806945608356,70.85890197753906,4492900
2017-06-14,70.55367232711303,71.17286938290555,70.44029381376475,71.16414642333984,4025600
2017-06-15,70.9809917548121,71.64379683860567,70.60598440323162,71.55658721923828,3484800
2017-06-16,71.72226982933779,72.00134455032097,71.21645147195129,71.40830993652344,4903200
2017-06-19,71.5304192408838,72.17578507035262,71.39960813702832,71.80949401855469,2538000
2017-06-20,71.70482872232648,72.97810751985227,71.70482872232648,72.16704559326172,3694700
2017-06-21,72.47229841843077,72.74265688904067,71.84437851125193,72.07112884521484,3781400
2017-06-22,72.24554771532395,73.92000301046758,72.24554771532395,73.52754974365234,4891600
2017-06-23,73.3618659174654,73.55372445076696,73.00429776835404,73.1612777709961,3928000
2017-06-26,73.33567800128483,73.64963792506606,72.96067733786114,73.50138092041016,2952800
2017-06-27,73.41418733459876,73.54500510700822,72.41998291015625,72.41998291015625,2365800
2017-06-28,72.77752699929701,73.18741948318338,72.29787081997613,72.4722900390625,3035300
2017-06-29,72.46356573196405,72.57694421055791,71.7833214750672,72.12344360351562,2366800
2017-06-30,72.35892417790616,72.4984582339463,71.51297692289009,71.77461242675781,5713900
2017-07-03,71.8705377366522,72.30659242991085,71.79204443195901,72.12344360351562,1464700
2017-07-05,72.06239621260607,72.17577469119995,71.539131911429,72.12344360351562,2263600
2017-07-06,71.79206643869806,72.0100938521603,70.96356492900901,71.16414642333984,3391000
2017-07-07,71.18157268954171,71.81820883502448,71.01586977188633,71.76588439941406,1803700
2017-07-10,71.80076450110894,72.01006888242848,71.4170342573012,71.75715637207031,2269700
2017-07-11,71.8530843279767,72.24553084950733,71.40830672422034,71.81819915771484,2708900
2017-07-12,72.14960003162254,73.27461509098868,72.04494452796887,72.82112121582031,3527000
2017-07-13,72.87347334166806,73.45779180876524,72.52463483755197,73.27464294433594,2944100
2017-07-14,73.3531269288864,73.76301943808613,73.09149143043253,73.56243133544922,2005700
2017-07-17,73.52754906685536,73.71941421948776,72.7513721520551,72.9432373046875,1989100
2017-07-18,72.82987103029998,73.05661472467277,72.57695846011383,72.99556732177734,1704500
2017-07-19,72.83857539097609,73.50138040920068,72.83857539097609,73.45777893066406,2297400
2017-07-20,73.71938979375152,74.23393768293009,73.61474094783838,73.9112548828125,2980600
2017-07-21,73.79790138488042,74.09441539339464,73.52754294066631,73.8327865600586,3064400
2017-07-24,73.83281653621684,74.59154777997013,73.70199873960333,73.90258026123047,3952200
2017-07-25,73.03043057761484,73.60602590668404,70.44026490413523,71.67866516113281,13319900
2017-07-26,71.1379769485872,71.40832878455464,70.67575994373911,71.37344360351562,7030500
2017-07-27,71.3036661762704,72.42868809706955,71.04203069565044,72.40251922607422,5577400
2017-07-28,72.27170860247983,72.57694556271434,71.94902572813666,72.4722900390625,3820100
2017-07-31,72.68158998176277,73.04788096527965,72.06239314215831,72.08856201171875,4083000
2017-08-01,72.2629946393111,72.51590719603065,71.61763546396976,71.83566284179688,3439400
2017-08-02,71.56531488746239,71.66124748009989,70.70192820739342,71.35601043701172,4574400
2017-08-03,71.14670540326199,71.75717948443332,71.07693503579426,71.45194244384766,3688300
2017-08-04,71.42576378821603,71.79204815265639,71.30366900006925,71.7833251953125,2802600
2017-08-07,71.78333243683635,71.86182575351596,71.26879101397735,71.57402801513672,2769700
2017-08-08,71.39960678743894,72.14089852783408,71.19029571789149,71.48681640625,3292600
2017-08-09,71.6263405467509,72.15832779759607,71.48680650670946,72.01007080078125,2392100
2017-08-10,71.9839190117057,71.9839190117057,71.21646504613824,71.55658721923828,3367500
2017-08-11,71.79355624915348,71.94275884877571,71.19673915456012,71.22306823730469,2446400
2017-08-14,71.38982462968704,71.68823653884246,71.24940061651755,71.52147674560547,1879600
2017-08-15,71.53025879903748,72.26749997007504,71.53025879903748,71.71456909179688,1949500
2017-08-16,72.09195730172019,72.14461546418048,70.23129077357578,70.8193359375,3970500
2017-08-17,70.56483638249998,70.71403902863537,68.19511775517371,68.28289031982422,7318200
2017-08-18,68.19509696746995,68.19509696746995,67.52807121297802,67.64216613769531,4061300
2017-08-21,67.68604053726034,68.14242685220238,67.48417311004732,67.91423034667969,3638100
2017-08-22,68.04588878691999,69.02888354423858,68.04588878691999,68.68659210205078,2131900
2017-08-23,68.63394458277112,68.91479934208276,68.50229914567633,68.5900650024414,1801500
2017-08-24,68.74802325941404,69.54670099413423,68.68658651058941,69.21318817138672,4188400
2017-08-25,69.30095887338945,69.80123149075104,69.10787002175798,69.1517562866211,2171500
2017-08-28,69.42382179468402,69.71345502797107,69.01131507383936,69.19562530517578,1923200
2017-08-29,68.9323453693156,69.19564289697671,68.56372481292732,68.94112396240234,2154300
2017-08-30,69.42382810698231,70.88953819619003,69.11664436015786,70.64379119873047,5036900
2017-08-31,70.88952382008789,71.39857489507979,70.51212480878038,71.34591674804688,3939500
2017-09-01,71.56536621131745,71.71456882450393,69.71347800074032,70.28396606445312,4345000
2017-09-05,69.74858704787673,70.25763835755139,69.37996645650068,70.05577087402344,3384000
2017-09-06,70.39807266589524,70.80180099583635,70.09088879486464,70.661376953125,2689200
2017-09-07,70.75787438217193,72.62731215142468,70.53845652068728,71.5653305053711,6249300
2017-09-08,71.62680227907686,72.95208868569213,71.56536551564992,72.77655029296875,3961300
2017-09-11,72.79410890202071,73.15395089594789,71.76722769882187,72.52202606201172,4389200
2017-09-12,72.49567758405884,72.60977918506167,71.90763918048687,72.11827850341797,2566400
2017-09-13,71.93396695086831,72.47812577932453,71.86375161246688,72.34647369384766,2454900
2017-09-14,72.25871268298586,73.7156442233128,72.07440242948023,72.90818786621094,3370300
2017-09-15,73.11009184907101,73.34706038028776,72.12709664290101,72.35529327392578,5374500
2017-09-18,72.4517965893669,72.55711290070289,72.0305112557133,72.42546081542969,2200000
2017-09-19,72.5307945278425,72.70632620337838,71.57413551279477,71.73211669921875,2259200
2017-09-20,72.0217257077475,72.33768800344278,71.43368737257674,71.98661804199219,2849900
2017-09-21,71.97786420979868,73.46112495758135,71.86376259343552,73.13639068603516,4426700
2017-09-22,73.14515982632415,73.75075547157219,72.61855811989733,73.64543914794922,3148700
2017-09-25,73.61032098379214,74.29490377419093,73.54888423840002,74.28612518310547,4223800
2017-09-26,74.1018441834067,74.71621187972333,73.73322356561673,73.91753387451172,2347200
2017-09-27,74.02283905388637,74.4265739889447,73.6981047617414,74.294921875,3085200
2017-09-28,74.24224793656236,75.11114776472232,73.85607693126178,74.60209655761719,2841000
2017-09-29,74.75131641051584,75.1374942011237,74.06673337887858,75.07605743408203,3506100
2017-10-02,75.28668414085965,76.0765900812814,75.25157646616265,75.78695678710938,3071100
2017-10-03,75.69042267597999,75.97127741574576,75.41834653011148,75.8747329711914,2128800
2017-10-04,75.91859850056426,76.49786500961147,75.7255096642152,76.32232666015625,2317700
2017-10-05,76.15557728852538,78.19177554718533,75.82206442323,76.92793273925781,5221000
2017-10-06,76.62952648456002,76.7875076841751,76.04148795670018,76.42766571044922,2297200
2017-10-09,76.48032392172189,76.60319744414733,75.88350680018206,76.40133666992188,1701400
2017-10-10,74.93561908219209,76.09414563995675,74.82152415390408,75.62020874023438,4943700
2017-10-11,75.78695052520263,76.0590333075974,74.99704465004696,75.53242492675781,3433200
2017-10-12,75.56753681856509,75.87472059380681,75.40078373835048,75.85717010498047,1941100
2017-10-13,75.8308265602438,76.094124019044,75.22523102162857,75.96247863769531,3026500
2017-10-16,75.90102350455206,76.12921324100432,75.28664952400065,75.43585205078125,3800700
2017-10-17,75.42710860747287,75.91860262041253,74.97071557022572,75.53242492675781,3643700
2017-10-18,75.76942258116271,75.97128338392133,75.05850373394985,75.2428207397461,4002200
2017-10-19,75.20769971323833,75.8132887101689,75.04971851923372,75.79573822021484,3233400
2017-10-20,75.93616563542585,76.69096396330416,75.76941253701423,76.55931854248047,3223200
2017-10-23,76.76995991220241,77.40188473304067,76.46277609543519,76.51543426513672,4909800
2017-10-24,76.72605831982838,77.5247427800514,73.5050047915501,74.75129699707031,8696100
2017-10-25,75.4007648480119,75.80449295091177,74.3212259127887,74.47042846679688,3916000
2017-10-26,74.31245297193162,74.69863061976024,73.57521204000744,73.8648452758789,3820700
2017-10-27,73.78585748952874,74.43533265447294,73.36457213901413,73.60154724121094,2892900
2017-10-30,73.51378987707035,73.51378987707035,72.34648480722029,72.5395736694336,4667200
2017-10-31,72.636125907967,72.93453112993183,71.7233463587314,71.91643524169922,3853300
2017-11-01,72.11828886733807,73.56644864982003,71.96908627115802,72.75021362304688,3309300
2017-11-02,72.45178629841573,73.65419198940168,72.24114031345718,72.96083068847656,2716100
2017-11-03,72.59223245293435,73.36458121227624,72.54835288139583,73.29437255859375,1534800
2017-11-06,73.10126635391944,73.2241398388466,72.77652546026756,72.79408264160156,1861700
2017-11-07,72.88187465907761,73.21538756718289,72.64489949860126,73.09251403808594,2851900
2017-11-08,72.84674225951584,74.06670523877612,72.84674225951584,73.73319244384766,2328700
2017-11-09,73.56642702531406,73.95260463942196,73.39966729265795,73.71562957763672,2098600
2017-11-10,73.43479306384562,73.61033142995049,72.4693554866328,73.10128021240234,2692500
2017-11-13,73.13637604717523,73.13637604717523,72.43423608861781,72.72386932373047,2478700
2017-11-14,73.03300833018507,73.4039567987497,72.60906241011706,72.85636138916016,2684800
2017-11-15,72.87402085097868,73.43044348814985,71.91131366660075,72.59139251708984,1838100
2017-11-16,72.7856868579651,73.86320254246615,72.28224828541704,73.69539642333984,2599700
2017-11-17,73.30680226475849,73.7307481825073,73.13016206309167,73.20964813232422,4097800
2017-11-20,73.38628935679513,73.5894316560958,73.14782440738222,73.46578216552734,2205900
2017-11-21,73.88090506318721,74.6581315108822,73.63360604521122,73.75725555419922,3529900
2017-11-22,73.89856037685865,74.41966046952236,73.73075419311299,73.90739440917969,2230900
2017-11-24,74.07520376902312,74.34016408038116,73.81907075116929,74.21651458740234,817600
2017-11-27,74.32250033924167,75.29403492609354,74.21651217510824,74.9054183959961,2980900
2017-11-28,75.13505481818936,75.39118782352189,74.84359242539115,75.11739349365234,2659400
2017-11-29,74.887765598933,75.28520946750625,74.58746913555491,75.03791046142578,2316000
2017-11-30,75.29404095968121,75.49718327261753,74.47265115240354,74.75527954101562,5002100
2017-12-01,75.05559856155607,75.43538120466874,74.34902400838085,75.35588836669922,2736300
2017-12-04,75.50601743260958,76.64536512298038,75.39120195561765,75.58551025390625,4228300
2017-12-05,75.59434084418221,76.46872822460001,75.25872169330238,76.00945281982422,3876800
2017-12-06,75.99180411687804,76.30092795699433,74.65814784849712,75.35588836669922,3130900
2017-12-07,75.2587193847123,75.84164428710938,74.76412133787332,75.84164428710938,4344900
2017-12-08,75.65617863161204,76.36274638775562,75.48836567302081,76.35391235351562,3777100
2017-12-11,76.49521942268157,76.69835501349552,76.0182827152504,76.54821014404297,3336800
2017-12-12,76.3892335680172,76.75135481072954,75.947626240842,76.58354187011719,4252500
2017-12-13,76.31854105301211,78.68554860283439,76.25670959113309,77.62569427490234,5786800
2017-12-14,77.91720164601686,78.0143558017565,76.06245213003044,76.3980712890625,4388400
2017-12-15,76.74251150032288,77.37842705272463,76.19491605500087,76.43338775634766,7346400
2017-12-18,76.62769337985097,77.23710681445993,75.94761442827757,76.02710723876953,3796000
2017-12-19,75.99178966891674,76.63653259309243,75.82397672830439,76.58354187011719,4027600
2017-12-20,76.55702268424174,76.78666030966015,75.63847892095907,75.72679901123047,3016900
2017-12-21,75.98293267846576,76.11541618426894,75.46183942426856,75.61198425292969,2024300
2017-12-22,75.6031658151634,75.76214470723778,74.85243477863142,75.13506317138672,1834800
2017-12-26,75.32936676901085,75.45301626200018,75.03790436193941,75.06439971923828,1099900
2017-12-27,75.24103994302601,75.47950487580277,75.05556572011267,75.1968765258789,1332800
2017-12-28,75.33819711151918,75.46184659845326,74.97607594378958,75.11739349365234,1731700
2017-12-29,75.17919228456074,75.4618205483287,74.59626770019531,74.59626770019531,2563800
2018-01-02,74.59630298040356,75.07323966452648,74.24301579900964,74.79061126708984,3456700
2018-01-03,74.84358940387622,75.44417548976337,74.42847754090242,75.1968765258789,3078400
2018-01-04,75.32052401906037,75.77979928705459,74.84358742770847,75.5324935913086,2462500
2018-01-05,76.03593110025344,76.61885588957621,75.89462028787901,76.45987701416016,2946300
2018-01-08,76.56587090057819,76.5835322265483,75.42652333132817,76.0712661743164,3251400
2018-01-09,76.13310233532697,76.32741064208648,75.72682439319036,76.00945281982422,2426000
2018-01-10,75.61200364240081,76.10660166994721,75.50601546290112,76.0447769165039,1674600
2018-01-11,76.10660265397497,76.47755117943099,75.84164230938903,76.30091094970703,2647500
2018-01-12,76.4157215938011,77.20178876003423,75.98294834146452,76.82200622558594,2728900
2018-01-16,75.89463304197572,76.47755119086621,75.2057267121993,75.32937622070312,4878300
2018-01-17,75.7797923661949,76.27439023573356,75.48833001947793,76.14190673828125,4083300
2018-01-18,75.99174777016167,76.08006783922201,75.31166908777944,75.79743957519531,4445800
2018-01-19,76.10658276193735,76.20373688441012,75.35585187424039,75.50599670410156,5826900
2018-01-22,73.52758871224682,75.57664556958704,72.77685792292294,75.46183013916016,6374000
2018-01-23,75.2321960024609,75.88577271212344,74.40197238586894,74.56095123291016,5728100
2018-01-24,74.94958454612335,75.21455159691399,74.43731850840385,74.45498657226562,5977700
2018-01-25,74.90540722430704,75.42650719725442,74.68460363575441,75.0820541381836,5201600
2018-01-26,74.86126662445653,77.25477722971432,74.86126662445653,76.91032409667969,6394100
2018-01-29,76.63652108899507,78.01434032506114,76.5305396589537,77.36959075927734,5324500
2018-01-30,76.52169744926402,76.78666447283501,75.25870054857279,76.03592681884766,5388400
2018-01-31,76.39804028058188,76.60118254332964,71.77882632531494,71.93780517578125,10558500
2018-02-01,72.01732167198683,73.19199874601121,71.7965180146917,72.78572082519531,8410700
2018-02-02,72.31761125220366,73.3333094212028,71.64637298714769,71.6993637084961,5152500
2018-02-05,71.44323108606447,72.07914669962702,67.61008281532443,68.44029998779297,8145200
2018-02-06,67.6188999680398,69.8710996385406,66.86816899067014,68.88189697265625,10558800
2018-02-07,68.6787441584074,69.38531153792121,67.75136647095718,67.76020050048828,8240300
2018-02-08,68.1753325144188,68.5816103943043,65.5256888938151,65.54335021972656,8059600
2018-02-09,66.29407235956653,67.84853162904855,65.08407291398724,67.32743835449219,8939700
2018-02-12,67.72488287791808,68.09583132193943,66.41772255438731,67.34510040283203,6454200
2018-02-13,67.14195578431966,67.64538772324299,66.90349086099435,67.30976867675781,4041200
2018-02-14,67.09891494115136,68.68273646200095,67.03662326544665,68.54036712646484,4361100
2018-02-15,69.1810020391665,69.53691851990604,68.5403537315438,69.4212417602539,4810700
2018-02-16,69.35893814842026,70.8715810857975,69.32335261964751,70.26652526855469,4699600
2018-02-20,69.56362336116798,70.02631011591527,68.673835396348,69.00305938720703,3195000
2018-02-21,69.0386449318816,70.07080222957363,69.00305938720703,69.00305938720703,3871100
2018-02-22,68.68272399902344,69.48352760619994,68.08656100032354,68.68272399902344,7687400
2018-02-23,69.1632200628519,70.1686779984406,69.08313561763082,70.07080078125,5170300
2018-02-26,70.28435081245286,71.60124001305428,70.2665580397682,71.34320068359375,6015900
2018-02-27,71.31648716150819,71.36987225240918,70.0173979040989,70.02629089355469,4860400
2018-02-28,70.09749228615539,70.45340881711775,68.52257063146662,68.53146362304688,6123400
2018-03-01,68.56704270685688,68.84288152904186,67.20566851836539,68.06876373291016,6258400
2018-03-02,67.96198251447262,69.04752460154504,67.90859742446625,68.71830749511719,3216700
2018-03-05,68.4246865543456,69.47463648170046,68.2556246916692,69.13651275634766,3816600
2018-03-06,69.278880209181,69.40344996089922,68.40688515861108,68.68272399902344,2962700
2018-03-07,68.13994106108069,69.05642127048456,68.10434873983165,68.90515899658203,2266500
2018-03-08,69.09202331651608,70.31102824530137,68.931861242623,70.19535827636719,3497200
2018-03-09,70.54238216378077,71.14743819478218,70.18646565344886,70.83601379394531,4399500
2018-03-12,71.03176777035681,71.15633752991343,69.94622547546956,70.3288345336914,5059600
2018-03-13,70.36441191080107,71.06734499809201,70.0885731116481,70.42669677734375,4863200
2018-03-14,70.64025745079499,70.79151975729182,69.4212456423698,69.83944702148438,3167900
2018-03-15,69.91953845960754,71.05846594486917,69.81276146216052,70.07080078125,3910100
2018-03-16,70.47119147111513,71.6190185546875,70.40001360597637,71.6190185546875,8326300
2018-03-19,71.28980598963946,71.3609838593493,69.54582259370919,70.0530014038086,5117000
2018-03-20,70.3288298530128,70.4711923736558,69.26998017870962,69.73267364501953,3943800
2018-03-21,69.81272821811831,70.29321429501282,69.43011931180638,69.61697387695312,4052000
2018-03-22,69.01193932866242,69.41234791023857,67.98868879345508,68.095458984375,3816900
2018-03-23,68.30901476832346,68.33571410796229,66.29809898228338,66.52054595947266,4298100
2018-03-26,67.27686352795133,67.82853446872691,66.42266796027953,67.78404235839844,3488700
2018-03-27,67.70393699989546,68.15773058857994,66.85864147315809,67.32133483886719,4070600
2018-03-28,67.67727271025548,69.10093893273047,67.65947993731919,68.52257537841797,4257500
2018-03-29,68.92298080235072,69.22551226616294,68.16666232563622,68.84290313720703,3424000
2018-04-02,68.40688346694053,68.78949249162542,67.09000132747305,67.35693359375,6282600
2018-04-03,67.84632115401627,69.04753335116578,67.49930444791845,68.99414825439453,3610600
2018-04-04,68.3535032173533,70.1330789395323,68.25562600955004,69.93732452392578,3022200
2018-04-05,69.86613968465483,70.15977130730333,69.48353063383658,69.95512390136719,2213100
2018-04-06,69.56361509959044,69.62589997818897,67.89081636827096,68.38019561767578,4012800
2018-04-09,68.75390012327763,69.71487257379157,67.91750420986779,68.8161849975586,5377500
2018-04-10,69.4835036607317,70.89826933703421,69.46571089742184,70.48896789550781,3657200
2018-04-11,69.71487767138056,70.20426371118816,69.51023026458294,70.0530014038086,2830000
2018-04-12,70.46230735600166,70.89830153476507,70.12418360269925,70.55128479003906,2121100
2018-04-13,71.07624618327408,71.58342495176088,70.50678254106231,70.93388366699219,2652400
2018-04-16,71.59232715143763,71.85036643375048,70.88939395931828,71.28980255126953,2743000
2018-04-17,71.69020272171653,71.75248759612903,70.72923026917339,71.1118392944336,3782400
2018-04-18,71.14743083568608,71.39657033058596,70.81820690968716,70.93388366699219,4261000
2018-04-19,70.25765327714109,70.96058654785156,69.89284376035441,70.96058654785156,4989400
2018-04-20,70.86268950083638,71.1029359733368,70.13306388292531,70.34661102294922,5424100
2018-04-23,70.6758209014252,71.44103868914769,70.44447425225471,71.36095428466797,4015900
2018-04-24,72.22404890022607,72.5176804010381,70.22202704866366,71.26307678222656,6394900
2018-04-25,71.42326225194385,73.24732991989275,71.19192231644615,72.19738006591797,5379000
2018-04-26,72.44651610079679,74.35066131971665,72.44651610079679,73.45198059082031,5058700
2018-04-27,73.40749790636623,74.06593901709807,73.30072092008163,73.61215209960938,3209600
2018-04-30,73.93247762260535,74.0392546206479,72.12620916744785,72.1351089477539,5483500
2018-05-01,71.78807329412021,72.01052022341675,70.0173976377114,70.35551452636719,6306100
2018-05-02,70.00849064251622,70.64023904196596,69.8127362787491,70.14196014404297,5166300
2018-05-03,69.98180455296203,70.02628986521239,68.90516224150619,69.43903350830078,4469300
2018-05-04,68.88737381529096,69.95512330992837,68.59374219512497,69.75936889648438,3367500
2018-05-07,69.76821888442625,70.52453666052867,69.60805691396028,69.9639663696289,3722600
2018-05-08,69.83055269704073,70.2042619607344,69.55471385032565,70.18646240234375,4591700
2018-05-09,70.25763813068792,70.87159383483818,69.80384448898809,70.5334701538086,3325200
2018-05-10,70.70252291282966,72.22405891640194,70.65803760530507,71.94822692871094,3718400
2018-05-11,72.20628644297732,73.36300659179688,72.09060967611549,73.36300659179688,4393800
2018-05-14,73.49646390990233,74.13711215094402,73.4074864961002,73.91466522216797,4739700
2018-05-15,73.60327658266944,73.79903106111455,72.81136567517412,73.14948272705078,3662700
2018-05-16,73.28653113878651,73.42091417002399,72.53395198709387,72.7310562133789,3614500
2018-05-17,72.60565008486464,73.32238487076556,72.5966889348764,73.16112518310547,2808400
2018-05-18,73.00880510518107,73.72554664917986,73.00880510518107,73.5284423828125,4002300
2018-05-21,73.72553948270878,73.94952033901716,73.17006449833681,73.31341552734375,2505900
2018-05-22,73.59115864417006,74.26310129565836,73.29550223703022,73.66283416748047,2620700
2018-05-23,73.20590433110297,74.2899708861283,73.11631335311021,74.074951171875,2516900
2018-05-24,74.10181427001953,74.17348977348583,73.55530051795547,74.10181427001953,2481800
2018-05-25,74.17348564703781,74.782713721904,73.99429689834079,74.15556335449219,2338100
2018-05-29,73.56426796579784,74.0211907953424,73.15214403859497,73.85992431640625,3459300
2018-05-30,74.28996333853858,75.27547766704119,74.28100902639648,75.13213348388672,3475400
2018-05-31,75.15004904575991,76.25203778713701,74.97086710773486,76.18932342529297,9526400
2018-06-01,76.33266818610413,76.76271441011147,75.75927777766292,76.01909637451172,4057700
2018-06-04,75.83992319425109,76.61937223946701,75.58010456739456,76.2162094116211,4263100
2018-06-05,76.37748066633884,76.78064351929225,75.74137578249803,75.99223327636719,3667600
2018-06-06,76.04596454083243,76.98668670654297,75.84886716353262,76.98668670654297,2720100
2018-06-07,77.22858207087299,77.33609532251157,76.4401720649128,76.94188690185547,3123600
2018-06-08,76.89711288304625,77.42570444808737,76.53874212884952,77.12109375,3172300
2018-06-11,77.32716650138849,77.74825170214397,76.87920468532603,76.92400360107422,3506900
2018-06-12,76.83437899376531,77.06731411476493,76.55663814126291,76.59247589111328,3016900
2018-06-13,76.83437595644149,77.38984396878448,76.69102496270679,76.79853820800781,3052100
2018-06-14,76.75377066091588,77.46155110200709,76.30580887556862,77.36299896240234,3115100
2018-06-15,77.1658794153769,78.18723153705858,77.13900280723051,77.83782196044922,5575200
2018-06-18,77.03148927845483,77.18379460082268,76.16244257322862,77.14795684814453,2903900
2018-06-19,76.95086380241345,77.82887178216893,76.75375955173243,77.78407287597656,3044500
2018-06-20,77.71239402550881,78.08868704945893,77.2285945678756,77.3002700805664,4675500
2018-06-21,76.88814074708456,77.30026466314415,76.32371150374586,77.11212158203125,2856400
2018-06-22,77.06733603858885,77.40779134134287,76.87919292486606,76.97774505615234,3769500
2018-06-25,77.04940337812204,77.59591713495783,76.26099333916575,76.84333801269531,3414100
2018-06-26,76.63729203111902,77.04941599410087,76.11765479439491,76.25204467773438,2840600
2018-06-27,76.07287570527231,76.69105833756059,75.83097250691007,75.85784912109375,3005400
2018-06-28,76.01908556421108,77.01356090766531,75.98324781436071,76.59247589111328,2564600
2018-06-29,76.90604310124276,77.13898504379186,76.26993845863115,76.44912719726562,2964000
2018-07-02,76.20726196123233,76.98671798190877,75.89369005705959,76.92400360107422,2347000
2018-07-03,76.87916680399269,77.96323304445998,76.87916680399269,77.50631713867188,2163500
2018-07-05,77.8646955596972,78.11555298448573,77.16586965947637,77.55111694335938,2675500
2018-07-06,77.79303147570415,78.58144161724574,77.78407032768858,78.29474639892578,2290500
2018-07-09,78.48288933202309,79.13691642873759,78.41121381875377,78.72479248046875,2718300
2018-07-10,78.91293159995921,79.04732147172915,78.54559973947822,78.88605499267578,2227200
2018-07-11,78.63519509879328,78.90397485733816,78.12451902584054,78.44705200195312,2449500
2018-07-12,78.93085255186881,79.72822385507295,78.76958606159418,79.65655517578125,2604500
2018-07-13,79.58485063060357,80.5166114750461,79.32503211130559,80.37326049804688,3335000
2018-07-16,80.30160347500549,80.48974654906762,79.59382324285617,79.79988861083984,3175200
2018-07-17,80.05972066380495,80.60623451939952,80.0417983668671,80.24786376953125,2179400
2018-07-18,80.27473344727318,80.74957174481763,79.79989514972873,80.65998077392578,3021400
2018-07-19,80.48079961645576,80.61518949177967,79.62071398387687,80.12242889404297,3171000
2018-07-20,79.7551058063913,80.06868449512905,79.07420887771569,79.2623519897461,3829800
2018-07-23,79.11005397246342,79.88054878956308,78.99357953372584,79.62968444824219,3145300
2018-07-24,81.58277985367235,84.00177705295852,80.63310326914862,83.63444519042969,9910000
2018-07-25,83.4642239841696,86.5909946148626,83.34774957206618,86.39389038085938,8476800
2018-07-26,86.58202637279858,86.86872155276073,84.9604074019519,85.27397918701172,4826100
2018-07-27,85.69507151840665,86.86872894320298,85.13063542192675,86.54619598388672,3975500
2018-07-30,86.34907637741668,87.90798768171244,86.23260882103433,87.81838989257812,5356000
2018-07-31,88.02448436533875,88.87560896093838,87.3794183480888,88.52619934082031,4957800
2018-08-01,88.46346531595698,89.00997907941685,88.19469242538234,88.42762756347656,4971800
2018-08-02,87.75570044337442,89.94175587982629,87.65714831564233,89.11750793457031,4321000
2018-08-03,88.85769755105996,90.21054401919632,88.58891775316253,90.11199188232422,4572100
2018-08-06,89.95070222419557,91.91276963668483,89.78943575402566,91.3841781616211,5090900
2018-08-07,91.19602397037227,93.0057858391636,91.09747187087183,91.33041381835938,5095100
2018-08-08,91.24977439123836,91.98443112442041,90.87348829663689,91.62606048583984,3901600
2018-08-09,91.4379308075071,92.02924347292247,91.31250209096791,91.55440521240234,3298100
2018-08-10,91.51857095893784,92.45033205696325,91.37521994292501,91.60816192626953,2783800
2018-08-13,91.78734328898129,91.99340866437753,91.49169378216426,91.77838897705078,2816400
2018-08-14,91.68197721476983,92.64591246952615,91.23154005136733,92.28556823730469,3283900
2018-08-15,92.14142811409494,93.18644566708666,91.96125599198473,93.08734893798828,3143200
2018-08-16,93.01528004468855,94.53775995135788,93.01528004468855,94.01525115966797,4427200
2018-08-17,94.07830618291692,95.42060700480684,93.65489414979963,95.08728790283203,3824300
2018-08-20,95.11432794091846,95.83502339113878,95.11432794091846,95.33053588867188,2765500
2018-08-21,95.510704673874,95.60980141167721,94.3395720310317,94.65487670898438,2775500
2018-08-22,94.41163818985505,95.15935870497867,93.82606846564593,94.61883544921875,1964400
2018-08-23,94.58280398516833,94.81703326021527,94.04228070462848,94.42965698242188,2043400
2018-08-24,95.10532740927552,95.52873955388995,94.16841703830747,95.2854995727539,3089900
2018-08-27,95.62785137554754,95.93414547635459,94.53779380653008,94.6909408569336,2452500
2018-08-28,94.61884999095562,95.12333752411485,94.22246300168644,94.75398254394531,2516800
2018-08-29,94.05130836746203,95.12334445351946,93.94320094256959,94.88912200927734,2949500
2018-08-30,94.75396589852929,95.25845334306527,94.53775797560328,95.02423095703125,2928600
2018-08-31,94.71795073135729,95.36658151455083,94.1143664254351,95.17739868164062,3278900
2018-09-04,94.87109521626775,95.22243573556685,94.03328162260206,94.24949645996094,3107000
2018-09-05,94.45669231846622,95.59179614139958,94.32155976545297,95.2404556274414,3366600
2018-09-06,95.19540623487141,95.26747784402019,93.3846534486152,94.9251480102539,3180700
2018-09-07,94.7269517353019,96.60977607532435,94.41164704595923,96.42059326171875,3822900
2018-09-10,96.84401705480131,97.15031111196643,95.8440457241992,95.8710708618164,2950800
2018-09-11,95.862088684767,96.05127156388203,95.0603038069046,95.16841125488281,3516400
2018-09-12,95.3215397475094,95.9341347537822,95.05128148990916,95.46568298339844,3926000
2018-09-13,95.63681694673953,96.13229367729352,95.33051611724906,96.01518249511719,5167400
2018-09-14,96.0062019729224,96.11430939488591,94.95218038300614,95.2854995727539,3103100
2018-09-17,95.14135923453128,96.18637011059728,94.63687169940475,95.2314453125,4972200
2018-09-18,95.37557559726986,96.56472953526901,94.69090912595935,96.28545379638672,3668800
2018-09-19,96.28544959472768,96.4566179233675,95.04224544615543,95.25845336914062,3270400
2018-09-20,95.24044331831116,95.59178378686116,93.88913170908002,95.55574798583984,3762000
2018-09-21,95.69990720506696,96.27646637164123,94.90713319618179,95.78999328613281,5333700
2018-09-24,95.44765216742047,96.09628291827704,95.12333679199219,95.12333679199219,3095500
2018-09-25,95.5017107753675,96.17736667234108,95.07829864689704,95.2224349975586,3775700
2018-09-26,95.54673118099213,96.72688125098692,95.50169158745277,95.7719497680664,3707300
2018-09-27,95.9341321782377,96.54672716806417,95.68188839533168,96.11431121826172,2093700
2018-09-28,96.18635567852452,97.0602049372733,95.76295048828776,96.6728286743164,2812300
2018-10-01,96.99715059735951,97.03318640021473,96.42059149792922,96.93408966064453,2707500
2018-10-02,96.84399856175028,97.42055763124456,96.56472969553076,97.2583999633789,3787900
2018-10-03,97.71786426803712,98.74486071285739,97.51066009581352,97.85299682617188,5097200
2018-10-04,102.35736552756914,104.2131648410155,100.03310761435583,101.78981018066406,10940700
2018-10-05,102.7807776731272,104.00596765344662,102.7807776731272,103.61859130859375,8330300
2018-10-08,103.46545764486692,105.05099903712093,103.39338601950799,104.0149917602539,6002300
2018-10-09,103.68164318640133,104.50144228272019,102.90689743758215,104.0059585571289,4716000
2018-10-10,103.56452929901565,103.93389113457054,102.02403476443385,102.10511016845703,5602900
2018-10-11,101.87991061268288,102.08711480583715,96.01522160461289,97.21338653564453,7226300
2018-10-12,98.19531304651976,100.0150763742154,97.68181489542174,99.52861022949219,4519100
2018-10-15,99.5466548292197,100.72679849249982,99.07820300714111,99.6547622680664,3884700
2018-10-16,99.85294050793007,100.19527726550743,99.03314817015222,100.02410888671875,4192800
2018-10-17,99.97906871045106,102.49250286091545,99.87096128133719,102.3303451538086,4402100
2018-10-18,102.63663151438425,102.9249110779269,101.26730530583845,102.07808685302734,3619600
2018-10-19,101.69067456628262,102.12309719516587,99.69073966793056,100.82583618164062,4224000
2018-10-22,100.89794739796986,101.54657815951431,100.33039891818208,100.92497253417969,2938300
2018-10-23,99.7268321446785,100.41149887962783,98.24939810350763,99.44756317138672,3757000
2018-10-24,99.29438722155032,100.13220077077516,95.66386413261829,95.78097534179688,6739400
2018-10-25,95.88007468291335,98.03316421889511,93.84409635928289,97.19535064697266,4114800
2018-10-26,96.43863575450418,96.81700146471245,94.64589022032682,95.84405517578125,4464500
2018-10-29,96.79896874231623,98.26739867421462,95.76296849660876,96.7539291381836,3587800
2018-10-30,96.60077416909208,97.75389241160471,96.46564162155113,97.60073852539062,3325900
2018-10-31,98.72683423321348,99.48357239549709,97.60975176549935,97.69083404541016,4349200
2018-11-01,97.96111751834188,98.40255109056444,96.6908877061782,97.16835021972656,3639400
2018-11-02,97.42057291903932,97.6457915556883,95.42964099583747,96.1683578491211,3577200
2018-11-05,99.48359029506192,100.97003487835575,98.88000591442623,99.22233581542969,7368600
2018-11-06,98.19530464445688,98.46556970006813,94.54676075933452,95.40259552001953,6803700
2018-11-07,96.25844357997505,99.79888081017931,96.14133236366824,98.84395599365234,5875400
2018-11-08,98.63676048612739,99.94303281253748,98.20434451630938,99.18629455566406,3666300
2018-11-09,99.47454647659062,101.3844026189781,98.82591582924672,101.08711242675781,5054400
2018-11-12,101.13215617573978,103.3392955778844,101.13215617573978,101.97897338867188,5078900
2018-11-13,102.92490217349837,102.92490217349837,100.7447877332468,101.24927520751953,4239700
2018-11-14,101.7318789525313,101.99444870933347,99.35970201391684,99.42308044433594,5392800
2018-11-15,98.85267028295537,101.61417371943347,98.2732083991912,101.58700561523438,4796800
2018-11-16,101.116180096504,103.48835657262141,101.1071240631438,103.06281280517578,4766400
2018-11-19,102.31132989816231,105.11809951382251,102.31132989816231,104.85552978515625,4869800
2018-11-20,104.01349909402875,105.20864002669126,103.50647170069621,103.86863708496094,4877300
2018-11-21,103.47024482665373,103.47024482665373,101.52361211194747,101.6141586303711,3619700
2018-11-23,101.27917551679506,103.04472246924125,100.86268769487778,102.19364166259766,1897000
2018-11-26,100.73591474154739,102.85457074607145,100.4733450225053,101.74996948242188,3296200
2018-11-27,101.65943408445337,103.44309289652746,101.14335065878427,103.41593170166016,3263200
2018-11-28,103.87766607387745,104.87361544050509,102.99941749070626,104.60198974609375,4814500
2018-11-29,104.39378144831146,106.77500739120869,104.09499447418449,105.93297576904297,4688300
2018-11-30,106.48526031665502,107.48120983843742,105.22674109143125,107.41783142089844,8965600
2018-12-03,107.41784816534134,107.4631214310962,106.42189848830893,107.30919647216797,4290100
2018-12-04,107.42687167181691,108.50430461169115,105.31726522865799,105.49834442138672,5676600
2018-12-06,104.41186508173364,105.01848803183816,102.29320931889849,104.88267517089844,5064400
2018-12-07,104.6020183305749,104.82837083519665,102.1030847453861,102.83647155761719,4128100
2018-12-10,102.85457642918612,103.80525970901473,100.51861693020685,103.29822540283203,3832600
2018-12-11,103.97728494826835,104.68351057700622,103.14430937516873,103.66944885253906,3806800
2018-12-12,104.5567326059812,104.79213419361578,103.46118060775156,103.5245590209961,3758800
2018-12-13,103.77810299605137,104.2579692199884,103.07187735062257,103.99539947509766,3609900
2018-12-14,103.4792971905863,103.74186688769896,100.71779426209903,101.342529296875,5306100
2018-12-17,100.69063881581697,100.77212930261227,97.53076005256055,98.11022186279297,6121700
2018-12-18,99.07900639400903,99.2872537120088,95.67466320970726,96.42615509033203,6864400
2018-12-19,100.98943808574114,100.98943808574114,97.51265989208811,98.78929138183594,8362800
2018-12-20,98.7802327624689,99.73997209027232,97.8929348025565,98.95226287841797,8362300
2018-12-21,98.95225311310918,100.96226428395929,98.39995249741688,99.06995391845703,13154500
2018-12-24,99.00659170178413,99.0609210042994,96.54387515816899,96.65252685546875,3284000
2018-12-26,96.66156573963963,100.58198547363281,96.36277880587777,100.58198547363281,3792400
2018-12-27,99.81237080416899,102.2207641006838,98.44520702923118,102.21170806884766,4101600
2018-12-28,102.67348808575562,104.20362617977034,101.94010134061227,103.39781188964844,3984000
2018-12-31,103.52457761217471,104.89174866651678,103.43403799238449,104.7740478515625,2731000
2019-01-02,103.93201281613588,104.51147465285291,102.08497562120162,104.01349639892578,4247100
2019-01-03,103.8686326422798,103.88673780224008,100.591046071082,100.78118133544922,4203300
2019-01-04,101.59605711108534,103.97728296742905,101.17051329814149,103.81431579589844,5795200
2019-01-07,101.74092424776465,105.4259426736642,101.4511933239002,104.37566375732422,7749600
2019-01-08,104.74690001422603,105.40784553993879,103.68756491362528,105.33541107177734,3428900
2019-01-09,105.36253650808239,107.03754318651272,105.22672366221435,106.12307739257812,5820100
2019-01-10,106.01443663252023,106.13214433464596,104.09497216039097,104.97322082519531,4282300
2019-01-11,104.36660249470084,105.21769006304767,104.21268446017464,105.1905288696289,2648800
2019-01-14,104.3032151875138,104.34848844450764,103.51551301456266,103.83240509033203,4404600
2019-01-15,103.13525300001798,107.03756776030525,102.67349198114643,106.01445007324219,5097700
2019-01-16,105.92390001113543,106.9017443401668,105.46214594553382,105.75187683105469,2920600
2019-01-17,105.76093015644435,107.92485930468152,105.52552855167382,107.8886489868164,4401900
2019-01-18,104.64730072384839,105.84244177620425,104.14026637200624,105.56175994873047,8887000
2019-01-22,104.74688164140632,106.0325621409712,104.74688164140632,106.01445007324219,4377500
2019-01-23,106.03256841579002,107.65325318695211,105.86053830083334,107.55365753173828,4012100
2019-01-24,107.03757560130967,107.03757560130967,103.39782338689528,104.11309814453125,6946200
2019-01-25,104.42999853971116,104.43905457495572,103.25296954396435,104.09500122070312,4599100
2019-01-28,103.86863998091228,104.2217493407896,102.80025586679538,104.1493148803711,3590900
2019-01-29,103.56983573485536,104.98227293874042,103.13524286030419,104.76497650146484,3767400
2019-01-30,104.6020305188441,106.00541897411453,104.6020305188441,105.878662109375,4362900
2019-01-31,105.87862774443855,108.7759364377237,105.68849250904128,108.52242279052734,5746100
2019-02-01,108.93891846637872,109.54554143915534,107.8614784791118,109.45500183105469,4171500
2019-02-04,109.74475844548174,110.3151643271738,107.46312801098259,108.80313110351562,4518400
2019-02-05,109.30110582357048,110.22462106459226,109.01137487464887,109.03853607177734,8832400
2019-02-06,107.44499091648646,109.39162357834608,106.60295943520435,107.98823547363281,7421000
2019-02-07,107.7437962308843,108.04258320601855,105.80621927145155,106.38568115234375,7935000
2019-02-08,106.59392833614564,109.94394276151817,106.34040771938983,108.28704071044922,16195100
2019-02-11,107.92486818984915,108.59487655691457,105.96918620084232,106.8474349975586,7203100
2019-02-12,106.62106849531715,108.55864506940456,106.38565999435697,108.18742370605469,6975500
2019-02-13,108.28703264593577,108.90271171102998,106.93797370467418,108.33230590820312,12738600
2019-02-14,108.27313490049994,110.37596550540647,108.14569104233405,109.92080688476562,17847000
2019-02-15,110.31225123006396,111.49566650390625,109.60220484382654,111.49566650390625,10366400
2019-02-19,110.43057267583166,112.26941723196762,110.42147450473514,111.17703247070312,17861300
2019-02-20,111.40460549715586,112.01452323959782,110.70366437785418,111.65950012207031,19880300
2019-02-21,111.11333667335724,112.66088037939836,110.87665915615986,111.71414947509766,20798700
2019-02-22,111.72324125209379,113.55297395852517,111.65041420388181,112.87934112548828,19574000
2019-02-25,112.97034818737455,113.48922864493086,112.396850927497,112.77918243408203,13682400
2019-02-26,112.75191817063566,113.93533361542069,112.26034592180976,113.48927307128906,20790900
2019-02-27,113.325403917833,115.13694042824656,112.95217741924343,114.40868377685547,32135600
2019-02-28,114.26302578050574,116.31123972953264,113.97172451889539,114.96397399902344,36023600
2019-03-01,115.83785453236027,117.81324103318364,115.2279437234704,117.2852554321289,43290900
2019-03-04,118.80551658376243,118.80551658376243,114.09917738330769,116.029052734375,59468600
2019-03-05,116.88473569108038,117.31258593304113,115.35540929539573,116.9666748046875,53212600
2019-03-06,117.20333358708439,117.23974016149889,114.14466739378076,115.31897735595703,74822500
2019-03-07,115.07320458158308,115.7832509110123,113.90799269117925,115.00947570800781,60615600
2019-03-08,115.03678170762505,115.59207572938156,114.01722399083943,115.3371810913086,50169800
2019-03-11,111.78696737372361,113.70773743501174,111.52297452293564,112.42418670654297,61771200
2019-03-12,112.42418670654297,112.89754864732737,111.67772679731037,112.42418670654297,8077600
2019-03-13,113.42551471671604,119.02396653954078,112.11466275249427,113.1615219116211,68139300
2019-03-14,113.77145911600536,113.77145911600536,111.52297427563335,112.04185485839844,42768700
2019-03-15,112.06005976554195,113.02500083938546,111.02229858503681,112.8247299194336,47331000
2019-03-18,112.87021368748547,114.10824548158348,112.42416025944328,114.00811004638672,16052200
2019-03-19,114.02635139828918,115.29169193911947,113.91711081775941,115.23706817626953,13726300
2019-03-20,116.1018605816265,117.52196018600387,115.45553618044413,116.666259765625,7520700
2019-03-21,115.50103401761012,117.41269858607586,115.28255985282878,116.80278778076172,5704300
2019-03-22,117.18511559606002,117.86785341641281,116.00170754121612,116.79368591308594,15332900
2019-03-25,117.07589806605864,118.86922409833055,116.89383740036543,118.22289276123047,5972800
2019-03-26,118.55972143069211,120.28022044551024,118.06814234626485,119.26976776123047,5872900
2019-03-27,119.21517791916853,119.76136004834503,116.99400114562877,117.2215805053711,7675100
2019-03-28,117.74040670827124,118.25018204591868,117.31255657338795,117.38538360595703,6112900
2019-03-29,117.44002663124526,118.28662891985647,117.41271822422611,118.12276458740234,5729100
2019-04-01,118.98757808138404,119.57018058644346,117.47644805908203,117.47644805908203,5132300
2019-04-02,117.46731979151939,117.94980066369195,116.73907717841261,117.72222137451172,3214600
2019-04-03,117.5310355176358,117.65847934971258,115.46461191365047,115.6557846069336,4425300
2019-04-04,115.91982367142245,115.92892879079984,113.43466085957226,114.34497833251953,5539800
2019-04-05,115.14603002275044,115.61939889443967,114.34495332203664,115.60118865966797,4656400
2019-04-08,115.15513058767935,115.86517692197312,114.78189718648068,115.75594329833984,3430900
2019-04-09,115.39182507556431,116.62985023742833,115.2461709711274,115.82877349853516,4215600
2019-04-10,116.12005417472031,116.49328754228999,115.54655686681063,115.78324127197266,4227100
2019-04-11,115.48285020484735,115.90159531844456,113.34360599498723,113.92620849609375,5520700
2019-04-12,114.00811217016701,114.00811217016701,111.9872070878854,112.02362060546875,5470400
2019-04-15,112.66994541128048,113.19793100080773,112.11465836490612,112.9521484375,4549100
2019-04-16,113.72595404339577,113.72595404339577,109.04692312254159,109.20167541503906,6573400
2019-04-17,109.23809002397398,109.29270684653133,105.49668488503922,106.0519790649414,14842800
2019-04-18,105.80617814359607,106.18850972580333,103.90361145946456,104.86854553222656,9805800
2019-04-22,104.72290501160901,105.20537207853238,103.45756449622398,105.11434173583984,7519700
2019-04-23,105.6332286245214,107.31731437279805,105.07793447228099,106.95318603515625,5891500
2019-04-24,107.68144282260792,107.80888669913975,106.71650863024682,107.41744995117188,4254100
2019-04-25,107.18985284425794,108.03644813815949,106.27953562265066,107.6268081665039,3425000
2019-04-26,108.17300490565772,109.16524741503196,108.02735080602311,109.11973571777344,3372500
2019-04-29,109.1470374617175,109.24717291281057,108.5553298721228,108.87393951416016,4097200
2019-04-30,106.15208902282293,106.63455602657419,104.60455256416766,106.54352569580078,7548300
2019-05-01,106.55262766614919,108.81021036141203,106.1065672517433,107.58128356933594,5392100
2019-05-02,107.81796309511085,107.93630182174519,106.379660362931,107.83616638183594,4168800
2019-05-03,107.81798580702066,107.81798580702066,106.08838150671788,106.42520141601562,5695500
2019-05-06,105.43294210656309,106.57994376977643,104.95958019921993,106.18850708007812,5952100
2019-05-07,105.86990618465163,106.04286175125036,104.19491871875128,104.63187408447266,5127200
2019-05-08,105.46026588916548,106.40699678706005,104.8958735648688,105.82439422607422,2992600
2019-05-09,105.46935069592718,105.73334351571627,104.48620645916137,105.41473388671875,5818900
2019-05-10,105.2599901585309,105.8881113374375,103.9764463372692,105.79708099365234,3660500
2019-05-13,104.55905252415013,104.85945891978794,103.65784028240698,104.11299896240234,4284600
2019-05-14,104.44070828233515,105.16895796497754,104.25864065279711,104.63187408447266,3668400
2019-05-15,104.91405751541865,105.45114133084027,104.06746223987358,105.2508773803711,3724400
2019-05-16,104.8801555575331,107.72712552058208,104.8801555575331,106.85747528076172,3914100
2019-05-17,105.91456278628958,106.78421984885958,105.47516314097818,106.19834899902344,3109800
2019-05-20,106.07018890440094,106.46382153163664,105.2737674537246,106.39974212646484,3042800
2019-05-21,107.14124043864486,107.82780853246246,106.67437217929198,106.72014617919922,2611100
2019-05-22,106.29906511793659,108.37707506688069,106.29906511793659,108.00175476074219,3934200
2019-05-23,107.80033634524433,107.98341835863958,106.62859469760002,106.93067932128906,3653500
2019-05-24,107.58980360557757,107.60811600043588,106.60114380719675,106.91239166259766,2086400
2019-05-28,107.1870064476582,108.39537298619405,105.91456748446495,105.96949768066406,5007200
2019-05-29,105.83215868122154,106.00609145885812,104.7519581892057,105.72230529785156,5915800
2019-05-30,105.72232901073323,106.46382729256638,105.23715534758877,106.09765625,2392800
2019-05-31,105.58500209098011,107.63555690447838,105.26460508391193,106.13426208496094,6098400
2019-06-03,106.67436603512301,107.7637229161583,106.22581019522141,106.8940658569336,4722000
2019-06-04,108.09328061298783,108.87138970986302,107.47994813532058,107.61725616455078,3122700
2019-06-05,108.04751279386198,108.36790985394451,106.6743765499665,107.12293243408203,4175800
2019-06-06,107.5806528237569,108.88056054297597,107.35179676543328,107.56234741210938,3882800
2019-06-07,108.19398224029989,108.88055035100327,107.91935220236573,108.34044647216797,2726300
2019-06-10,106.18919331391018,106.18919331391018,104.24849174940312,104.29426574707031,8172400
2019-06-11,105.0723737755279,105.81386503828246,102.39018096752997,102.71973419189453,5681200
2019-06-12,102.98519431354548,105.7314661619067,102.98519431354548,105.49345397949219,3793800
2019-06-13,105.63995218716337,105.63995218716337,101.25506950950326,102.36273193359375,8477300
2019-06-14,102.64648162795415,102.75633501263316,101.621211307471,102.28946685791016,3188100
2019-06-17,102.19793385067939,103.82738743806215,101.92330385958151,103.80908203125,3032300
2019-06-18,104.03792996133869,105.11813046689065,103.64429739615966,104.95335388183594,2868700
2019-06-19,105.29208400364335,106.18004655793601,104.66959529433431,105.48432922363281,3320600
2019-06-20,106.50959335265011,107.16869982653253,105.5117844293399,105.78640747070312,2840100
2019-06-21,105.95116127510805,106.12509405274464,105.0998167603487,105.72230529785156,4024600
2019-06-24,105.34700768805962,106.32651120112308,105.008298254895,105.8504867553711,2570500
2019-06-25,105.74065518079504,106.94901488980575,105.42940730961588,105.60334014892578,2110100
2019-06-26,105.09982399728644,105.22798279464439,101.26420230356389,101.92330169677734,4677500
2019-06-27,102.28947402475248,102.71972441472768,101.75853342192954,102.04231262207031,3615900
2019-06-28,102.34441055906625,102.37187216283033,100.7149498997088,101.41983032226562,8958700
2019-07-01,101.8958384808581,103.29643601846095,101.28250610548558,103.20489501953125,3236400
2019-07-02,103.27815242771366,104.55059143876541,102.89367596051788,104.54143524169922,2343400
2019-07-03,105.15475810360886,105.70401111048767,104.15694230513003,104.74281311035156,3707700
2019-07-05,104.4041118197428,104.69704722550118,103.03097579572582,103.27813720703125,2444000
2019-07-08,102.9577460443274,103.25068146671903,101.5296867331846,102.08808898925781,2998700
2019-07-09,102.39020697915274,103.77249963339334,102.39020697915274,103.51618194580078,2717700
2019-07-10,103.69009988683769,104.95338979929404,103.14084674339836,104.84353637695312,3339100
2019-07-11,102.09725000237246,102.747200283214,99.87276913284136,100.53187561035156,6589600
2019-07-12,100.21147973483077,100.21147973483077,96.25684780786521,99.13127899169922,7211100
2019-07-15,99.14044584293495,99.92771123105042,98.49048850054568,99.29606628417969,4405200
2019-07-16,99.78122406140814,99.9551568703822,98.83833838269256,99.61644744873047,2206500
2019-07-17,100.10161319014351,100.3762431843088,98.02360377927978,98.03275299072266,3507300
2019-07-18,98.71017885434361,99.30520589492207,98.17007502288176,99.17704010009766,3232900
2019-07-19,99.323522689822,99.34182810024896,97.56590995528138,97.75814819335938,4820600
2019-07-22,97.8771280355396,98.27991681248496,96.9159370689162,98.19752502441406,2894400
2019-07-23,98.40810079965529,100.14740816410357,97.0898877261143,99.06720733642578,5098200
2019-07-24,99.18619934315186,100.3854096573763,98.09684941879813,99.3418197631836,3762700
2019-07-25,99.38760267907362,101.0445182055474,98.57287571976966,98.70103454589844,4596700
2019-07-26,98.79258660250119,99.99179715828213,98.44472789045564,99.11298370361328,3470700
2019-07-29,98.92987532333025,100.91634380590484,98.92987532333025,99.52490234375,3192500
2019-07-30,99.14042172314211,100.71494513217601,97.9503677327369,99.4974365234375,4664200
2019-07-31,98.92070873783555,101.34658357606277,98.50877075841959,99.73543548583984,5535700
2019-08-01,99.79951880123839,101.37404915758869,99.14956861630417,101.16350555419922,3679000
2019-08-02,101.57544621443473,103.69007341977373,100.87057280736536,102.9119644165039,4477700
2019-08-05,101.95993541047093,102.97605673681218,98.35316914671995,99.51575469970703,4765800
2019-08-06,100.21146476678655,102.63733972413807,99.81783217382664,101.97823333740234,5490000
2019-08-07,101.03534820679982,101.95992140735893,99.35096443484866,101.72191619873047,4231700
2019-08-08,102.49087493096891,104.8526706361367,102.19793951681771,104.33087921142578,4815900
2019-08-09,103.66263056988667,104.86184097618174,102.84790362113186,104.1478042602539,2788100
2019-08-12,103.35138577264551,104.41327413271227,102.79297649408105,103.99217987060547,2318400
2019-08-13,103.92811986944079,106.31737785595102,103.8365788360843,105.91458892822266,5247200
2019-08-14,105.73507052726319,105.74427805446267,101.46369093381124,101.52812957763672,4937900
2019-08-15,101.64779362848371,102.46708792108136,100.53392169161818,101.47289276123047,3939900
2019-08-16,102.12648413071051,102.48550040618746,100.60756533730846,101.7398452758789,3497600
2019-08-19,102.22773772659787,103.96758785355698,101.98839122087526,103.59015655517578,2903500
2019-08-20,103.4060438216179,103.91234534231158,102.09885615589153,102.19091033935547,2074800
2019-08-21,103.10227995415244,103.50732687285225,101.26116781211401,102.60517883300781,2207300
2019-08-22,102.58676278098517,103.35081892249568,101.98839997694917,102.74325561523438,1840200
2019-08-23,102.60515496412535,103.61776500202745,100.23011916780825,100.81007385253906,3870100
2019-08-26,101.82270090889173,102.93657283908284,101.49130018316554,102.89974975585938,2565500
2019-08-27,103.38764734927531,103.91236401492154,101.93317413330078,101.93317413330078,2945200
2019-08-28,101.56495841453987,102.67883047704812,101.06785726689981,102.15411376953125,1744400
2019-08-29,102.92737342502282,103.45209011156578,101.81350140703815,103.3324203491211,2708600
2019-08-30,103.85711632123066,105.09986538114501,103.02861460685973,103.99520111083984,2870700
2019-09-03,103.59935987858215,104.9617786518961,103.27716672430412,104.90654754638672,3710300
2019-09-04,105.29319359441637,105.40366284368316,103.51652021926394,104.25296783447266,3756400
2019-09-05,104.90655702400048,106.26898294368462,104.26217065722838,105.49571228027344,4045900
2019-09-06,105.66140464218344,105.85472053759149,104.79607985230393,104.9894027709961,2904700
2019-09-09,105.42207018037999,105.42207018037999,101.58335334048367,102.24615478515625,4982300
2019-09-10,99.76065173080856,102.30138111898872,97.94715536920557,102.27376556396484,6589500
2019-09-11,102.89972592306172,103.10224932224146,101.52809975127624,102.81687927246094,3404100
2019-09-12,103.02861961911415,103.48889759134745,102.29217907751156,102.61437225341797,3578500
2019-09-13,102.86293083082252,103.24036218165678,101.48209675890544,102.08045959472656,2842600
2019-09-16,101.64780623683083,101.74906797304133,100.53393416180113,101.38084411621094,1728900
2019-09-17,101.56495043125959,102.35662919416725,100.92055698387983,102.29219055175781,2438100
2019-09-18,102.5867575591259,103.93997593256573,102.33820351899617,103.76506805419922,3132500
2019-09-19,103.89393766375895,105.96518840342992,103.46127527441334,105.26556396484375,3929800
2019-09-20,106.7200546186913,107.91678019725462,105.3760437360207,106.9317855834961,7517700
2019-09-23,106.78450448459124,107.28160560688272,104.91577677983656,105.10909271240234,2611300
2019-09-24,105.27478556451439,105.44969345336557,103.04704171227122,104.25296783447266,3480200
2019-09-25,103.91235982505174,104.80530027800157,102.4670871710532,102.54073333740234,3093400
2019-09-26,103.13909265282129,103.70983988775697,101.89634348675763,102.93656921386719,2266400
2019-09-27,103.42447892644917,104.36345010415083,102.53153836417272,103.4428939819336,1906300
2019-09-30,103.47051753049405,104.4370973194771,102.81692347605227,102.94580078125,2516600
2019-10-01,103.04703007775797,103.51650853174426,101.63858066923072,102.14488220214844,2203400
2019-10-02,101.5649340306844,101.85030411194714,98.1864955666623,98.49948120117188,4483900
2019-10-03,98.58234880050524,99.51211242258036,97.77226196563213,98.76646423339844,2735000
2019-10-04,98.95057773491816,99.65940989728297,98.49950719186799,99.60417175292969,2865300
2019-10-07,99.7054357178527,100.01842846522696,99.02422612408914,99.2635726928711,1460800
2019-10-08,98.39821550295562,99.72381819135825,97.53289074543902,98.67438507080078,2802500
2019-10-09,99.01499714745903,99.55812881781728,98.38901881159515,98.7756576538086,1636600
2019-10-10,98.52709636612379,98.95055123523598,98.11284902248562,98.42583465576172,2736900
2019-10-11,99.18990985823942,100.46948214744812,99.04261752578822,99.75144958496094,2554900
2019-10-14,99.89872786075142,100.46026754793769,99.30957261899606,99.32798767089844,1341300
2019-10-15,99.74224375373743,101.35321679505898,99.62257399905046,100.98499298095703,1760000
2019-10-16,100.50629504399325,100.78246462770629,99.22672288447245,99.37400817871094,2314600
2019-10-17,100.54313040651118,100.76406188650178,99.6593974632637,99.843505859375,2018900
2019-10-18,99.70540828476534,100.28536300250258,99.32798401407553,100.00919342041016,2207100
2019-10-21,100.22094461752606,100.34061438152486,99.20832729412986,99.33721160888672,3944900
2019-10-22,101.24275301613247,102.60517197716737,100.2393433136586,101.1138687133789,5708500
2019-10-23,97.57891908814102,99.18989180893581,93.30754055029641,98.8676986694336,9047500
2019-10-24,98.95974999016612,99.61334377521412,97.8090552228386,99.27273559570312,3304500
2019-10-25,99.4937074958504,101.80429830866044,98.99660634645413,101.44528198242188,4234600
2019-10-28,101.83189781681418,104.19772623676212,101.83189781681418,104.01361083984375,4168500
2019-10-29,103.56256332493214,103.84793347419827,102.6420072064883,102.79850006103516,2987800
2019-10-30,102.52231892340421,104.21613850425098,102.42105720680092,103.76506805419922,2424700
2019-10-31,103.43365840101725,105.56014021914531,103.10225772503836,104.8973388671875,4124400
2019-11-01,105.00781952553521,105.41286640097654,103.38763904705458,103.5717544555664,2629100
2019-11-04,104.24376185640376,105.247171571449,103.90316062352025,104.12409210205078,3002100
2019-11-05,103.9768077814512,104.09648456831327,101.73065569281913,102.411865234375,3357300
2019-11-06,102.70642852630039,105.21034186975946,102.65119741596322,104.77767944335938,3973700
2019-11-07,105.15509866470204,105.52331538897775,103.12987156476655,103.81108093261719,3076200
2019-11-08,103.7006401354505,104.54755001339804,103.19433150010944,104.51072692871094,2224100
2019-11-11,104.44627020415496,105.1366871201184,103.30478286961495,103.83870697021484,1770200
2019-11-12,103.81108988037025,104.98019985289416,103.51651226158897,104.17931365966797,2273200
2019-11-13,103.90315971643362,104.51072303290975,103.33241245998694,103.82951354980469,3250600
2019-11-14,103.87116875227346,104.02856164031907,102.76940440859693,103.13048553466797,2627100
2019-11-15,103.07492996589946,105.38029555650427,103.07492996589946,104.79701232910156,4857400
2019-11-18,104.63964741661763,105.66734230203015,104.49151497148749,105.6117935180664,3361600
2019-11-19,105.57474690126503,107.50977840377199,105.31550985335323,106.5654067993164,3781600
2019-11-20,106.4357864165352,107.32460216400159,105.59326602553587,106.11174011230469,3638200
2019-11-21,106.19506054072212,106.95425774693065,104.88961487341406,106.2413558959961,2909500
2019-11-22,106.55613710480364,108.02824316203045,106.20431643643055,107.58383178710938,3120100
2019-11-25,107.95416633963829,109.67624882599688,107.95416633963829,108.75965881347656,2939300
2019-11-26,108.75966464188653,109.35220842554071,108.3245137555857,108.4078369140625,4704900
2019-11-27,109.00038531702984,109.15777821085359,107.97269067012118,108.73188781738281,1798200
2019-11-29,108.53743916137097,109.2873756811973,108.48188333731444,108.6485366821289,1243900
2019-12-02,108.80594827468657,109.4818222515733,107.4912422524453,108.08378601074219,2199700
2019-12-03,107.76899637348204,109.17628598316396,107.32458503882124,108.88927459716797,2786000
2019-12-04,109.50960061759656,110.02807465903496,108.85224758257887,109.87068176269531,2597000
2019-12-05,109.6206961380192,111.027985732555,108.82446417542708,110.88910675048828,3003200
2019-12-06,111.07431601323484,111.75944359290574,110.71323478451093,110.76878356933594,2462800
2019-12-09,110.6668963362421,111.87975809059807,110.12064799498124,111.32424926757812,2335100
2019-12-10,111.62052720884664,112.1667826436286,111.20389733473974,111.703857421875,3592600
2019-12-11,111.6205381317021,112.213081908437,111.0835501903154,111.82422637939453,3438100
2019-12-12,111.62053350242626,112.88895122447335,111.62053350242626,112.6760025024414,2959400
2019-12-13,112.93526802184405,113.12969581522476,111.76869419787968,112.51863098144531,3343900
2019-12-16,113.94441087878833,115.04617513869397,113.00929997698879,113.74072265625,3468400
2019-12-17,114.80546706101946,117.61079306949927,114.16662792748004,116.03684997558594,6718800
2019-12-18,118.39776800744662,120.34205278610723,118.22186120295551,119.8791275024414,8173000
2019-12-19,119.50876292422319,121.2771404544481,118.82362859054913,121.14752197265625,4423400
2019-12-20,122.66590681603725,126.84148642943624,121.50859398365188,122.61034393310547,9229900
2019-12-23,122.573352727023,122.74926659043304,121.3141954244313,121.42529296875,2473400
2019-12-24,121.35124733778557,121.48086585927035,120.48094549609081,121.38827514648438,1215800
2019-12-26,121.2863971397159,121.93448956613643,120.97161140793382,121.416015625,1272000
2019-12-27,121.81416339486891,121.9993306790176,121.13828232305677,121.76786804199219,2161300
2019-12-30,121.76788199970485,122.14747003114478,121.16607059804086,121.56419372558594,1856200
2019-12-31,121.45306191093829,121.76786181799453,120.82349035154078,121.68452453613281,1549800
2020-01-02,121.99932365618572,122.45298135713169,121.03643123026781,122.40670013427734,2204200
2020-01-03,120.63831965614565,122.64741349058316,120.57350334179746,121.99932098388672,1963500
2020-01-06,121.67523112009125,122.73069977893205,121.23082698146168,122.45294189453125,2102900
2020-01-07,121.93451157572369,123.07330376822955,121.93451157572369,122.6844482421875,2448300
2020-01-08,122.63816567476867,124.25840407921363,122.22152164031091,123.79547882080078,5188600
2020-01-09,124.5731878440168,126.24897499191583,124.07322066171915,125.84159851074219,4522800
2020-01-10,125.71198284078518,128.0173557281344,125.48052021011245,127.76737213134766,4177600
2020-01-13,127.95254554820542,129.6098259746411,127.66553413278076,128.63768005371094,5117100
2020-01-14,128.68395475495004,130.45231831751883,127.8784552842416,130.22085571289062,4685200
2020-01-15,130.1560442178975,131.18373867401533,129.62830273597106,130.64674377441406,3676500
2020-01-16,131.31338764373177,131.44300615804787,129.48020747630162,130.9430389404297,3794800
2020-01-17,130.43383317913901,131.23006523661135,129.02653635322915,129.230224609375,5393200
2020-01-21,129.15617128177072,131.07268899160096,128.1655042621324,130.4616241455078,4849500
2020-01-22,130.77637363596816,131.70222406878915,130.2578996539654,131.06338500976562,2742100
2020-01-23,130.77639243062092,131.2300642937514,129.50798167611936,130.73936462402344,3138700
2020-01-24,131.3319203167164,131.46153884258578,128.41548229361615,128.758056640625,3183300
2020-01-27,127.15633649904846,128.78584283345106,127.15633649904846,128.05441284179688,2826400
2020-01-28,128.40624761856006,129.5080123129724,127.98035004146554,128.93397521972656,2649100
2020-01-29,129.16536565136738,130.67450610719095,128.66541272326938,129.5449676513672,2815500
2020-01-30,127.93399139919461,133.0632101219115,127.8599358051095,132.091064453125,5243400
2020-01-31,132.25775299953185,132.25775299953185,129.12837370777117,129.2857666015625,3913500
2020-02-03,130.10981662900696,131.07270940811313,129.3228377688161,130.5449676513672,5137800
2020-02-04,131.74851668922548,133.38727587706262,131.2670705184628,132.80398559570312,3177500
2020-02-05,134.04462977903225,136.43332568446698,133.81316716176948,136.424072265625,4060900
2020-02-06,136.7851382625465,136.90548920361618,135.9240900752879,136.3777618408203,3285000
2020-02-07,136.3036932567952,136.3036932567952,134.60013195837158,135.5537567138672,2670400
2020-02-10,131.00781956604467,134.75751616708084,130.6559919256085,134.72047424316406,4892100
2020-02-11,134.92421007231266,135.04457517650036,132.56328811027768,133.553955078125,2976400
2020-02-12,133.94277955857487,134.15572120109292,132.85028283601093,132.86878967285156,3953200
2020-02-13,132.95256574365806,133.77154170989778,131.95676413010915,131.96607971191406,3455500
2020-02-14,132.3848596628188,132.4500119284924,130.82137569362467,131.33322143554688,2273700
2020-02-18,131.24015054105172,132.11496303702043,130.78412733341838,131.2308349609375,2858200
2020-02-19,131.7985459131281,132.00328988987934,130.62593293766452,131.06333923339844,3082800
2020-02-20,131.80788592794832,132.90604546083742,131.40769928081198,132.1522216796875,3417000
2020-02-21,131.5379709262838,132.75711925825254,130.5980202292547,132.18942260742188,2900900
2020-02-24,129.620867657359,131.77066583696532,128.30864838909005,128.56922912597656,4727400
2020-02-25,129.3044404768729,129.57432257667543,125.28402792398218,126.01924896240234,3401600
2020-02-26,126.59623870942512,127.5175867419248,124.0648711661177,124.26961517333984,4659000
2020-02-27,124.08349427770887,125.33056114669074,120.10031572264948,120.23060607910156,4292800
2020-02-28,117.6154748623565,118.00635302733723,113.0832165878385,117.3828125,7898300
2020-03-02,118.88112437454461,123.77634105393162,117.45723226388034,123.62743377685547,7355700
2020-03-03,124.03695630515118,126.24259093515143,119.76527878100507,121.2729263305664,6936600
2020-03-04,123.80428328785861,131.0912694844428,123.77636494309095,130.64456176757812,5301900
2020-03-05,128.78324208157045,132.0684326531911,127.99218457371325,130.43048095703125,6882100
2020-03-06,126.68000943961972,132.48726761720607,126.14954659199049,131.64968872070312,8010700
2020-03-09,124.72563809846697,131.15641473913172,124.06487076808212,126.3077392578125,5351300
2020-03-10,129.5742825482057,132.08703251722426,125.37705981997124,131.3983612060547,5961200
2020-03-11,129.7883783756961,132.00331440740555,127.86192720043276,130.30953979492188,7211800
2020-03-12,121.71961230925118,127.03362591252908,117.19666336946793,117.2804183959961,7836300
2020-03-13,123.72985208697105,129.70462036132812,119.59776590456329,129.70462036132812,6841700
2020-03-16,121.91507242322487,129.06245305893256,119.35578655174497,120.40742492675781,6619700
2020-03-17,123.9718183594946,133.6319499065709,122.00814746976334,133.2689971923828,8909200
2020-03-18,126.88472766969241,134.01350502572848,124.78146527247036,133.16661071777344,6734600
2020-03-19,132.60825988515407,133.0642690776325,122.02676481386128,123.86014556884766,6554800
2020-03-20,122.99462356059925,123.07837859535992,111.8919763454523,113.91148376464844,9113500
2020-03-23,112.5620438197339,118.08079513055758,108.94181816612168,110.79381561279297,7299300
2020-03-24,114.69322616403055,115.95890987297297,109.26754574292946,114.36750030517578,6827300
2020-03-25,111.78960917366919,117.39211547209952,110.9427148063053,113.48339080810547,6472100
2020-03-26,114.73972375595869,126.32630884307544,113.48334894176959,125.03270721435547,6723600
2020-03-27,121.58933414816455,128.06665999233084,121.17054477302823,124.80938720703125,4717400
2020-03-30,124.58602179673332,131.93816005558446,124.2509874684745,128.83909606933594,5057400
2020-03-31,127.46176290533286,132.1708471452487,125.19097583298185,129.09970092773438,7560100
2020-04-01,124.70702050831834,127.67579438803502,123.75775413724104,126.95919036865234,3297900
2020-04-02,125.96339486050806,132.89672965905476,123.80428155809464,132.31971740722656,4725000
2020-04-03,131.1471003344633,134.5718972128177,128.8577109619608,129.9744873046875,4013200
2020-04-06,132.40350820053473,133.5482031081553,130.57012755143526,131.78927612304688,4159900
2020-04-07,133.20383896976816,134.75802159805863,130.33743741918965,132.04052734375,3900600
2020-04-08,132.19872330164898,137.03809636016,130.7562141840576,136.07952880859375,4006600
2020-04-09,134.48809634172736,136.2470225728734,133.59468115796525,135.6234893798828,4415300
2020-04-13,134.91624845226104,136.4238959785184,132.971194559643,134.40438842773438,2289000
2020-04-14,137.06605807645593,141.0399354423357,134.06006414892335,140.6304473876953,3809600
2020-04-15,138.61089623046794,142.76158377333817,138.21070968407352,140.69554138183594,3614400
2020-04-16,142.28698294098547,144.79973342335128,141.45870556196832,143.99937438964844,3512900
2020-04-17,144.64152612675375,146.735487248999,142.4172746582588,146.3818359375,3709900
2020-04-20,145.7675951243321,149.09000552954137,144.818328922595,146.84713745117188,2562200
2020-04-21,144.63222938933947,144.99518209416004,140.9096317191458,142.08224487304688,4270200
2020-04-22,143.88768708799225,146.37251898464896,142.91981807603992,145.84205627441406,3278000
2020-04-23,146.27942938799373,151.2863264552672,143.31997185047626,148.83871459960938,5692900
2020-04-24,150.76519445053185,153.46407188083322,149.47159242419565,151.6306915283203,4414000
2020-04-27,152.6265127170929,153.0918374509865,149.57398359879778,150.1044464111328,3210300
2020-04-28,149.7787224351228,150.74659159987436,145.73039171009523,146.3911590576172,3270200
2020-04-29,146.8192621237007,147.0705414684857,143.94355853539724,144.3995819091797,3240700
2020-04-30,144.4368109028972,146.09336600694422,142.64996542664153,143.9156494140625,4175800
2020-05-01,143.05940199593374,143.87837786952815,141.05851181454247,142.97564697265625,2576400
2020-05-04,143.92491794120497,145.18130025828845,140.7700171766924,142.64993286132812,2228500
2020-05-05,143.1338638704213,148.17798132619717,142.15667927424641,146.94021606445312,2862600
2020-05-06,147.47070159056605,147.9174093004078,145.50703090281365,145.8141326904297,1964800
2020-05-07,146.57729114750842,146.75411681844645,142.1287878284117,142.3614501953125,2330600
2020-05-08,143.5061181799474,143.7108621605102,141.97055252630764,142.8639678955078,1966600
2020-05-11,142.82677294319447,148.41066967117314,142.4638202238992,147.55447387695312,3196200
2020-05-12,148.78293424515977,150.20682687497086,146.66105447522222,146.78204345703125,2329400
2020-05-13,146.13985358902866,148.2989667095944,145.21850570042125,146.97743225097656,2650000
2020-05-14,145.8086720108482,148.62310894127344,143.8170522950783,148.09014892578125,2393900
2020-05-15,148.32392361551172,149.14674092471196,145.89283810314217,148.8849334716797,2824500
2020-05-18,150.857795890678,151.8208760266748,146.90262143568972,147.69740295410156,2703700
2020-05-19,146.65951970820197,148.79138781719195,145.19151517426323,146.51925659179688,2339400
2020-05-20,145.18217791537623,147.20183278777336,141.75996313968218,143.18121337890625,3780800
2020-05-21,143.19997744903645,143.19997744903645,139.99282829201968,142.38650512695312,3049800
2020-05-22,142.33036358305134,142.6482705729397,140.4135479388312,141.3392333984375,2355000
2020-05-26,141.29247821078698,141.90024240961705,137.59911009823367,138.34713745117188,5013400
2020-05-27,138.54348986232262,138.54348986232262,134.28909754630203,136.2339630126953,5376100
2020-05-28,137.85156580261278,142.21817161767342,136.99133929223407,140.86236572265625,3982700
2020-05-29,141.80675615527844,143.65811290421524,140.1985022465258,143.012939453125,9466300
2020-06-01,144.43412955424108,144.92034929829398,141.08671941515402,142.5453643798828,5233800
2020-06-02,142.1994317398931,144.0694926292645,141.22699208765786,143.86378479003906,3269400
2020-06-03,143.37755052378444,144.35933524531137,141.0493340821579,142.62017822265625,3190300
2020-06-04,142.3210336433589,143.5646119584986,139.98345681914094,140.91848754882812,3328700
2020-06-05,139.97405544733633,141.90021589066401,138.70241346522207,139.51589965820312,4578800
2020-06-08,137.2157184745875,139.55329459851572,137.00066546606718,139.51589965820312,4076400
2020-06-09,140.02083073273292,141.89089191113334,139.42241172634215,139.4411163330078,4302100
2020-06-10,140.21719542279106,142.49865810815183,140.10498204864007,141.1896209716797,4940200
2020-06-11,141.98438328807595,142.34904460250627,133.75611225735062,134.7191925048828,4547400
2020-06-12,136.08435575045687,136.8697923467904,132.27878838970693,134.21429443359375,3973200
2020-06-15,132.7743416871032,133.61586349786464,130.6050639041285,132.32553100585938,3709900
2020-06-16,146.1640067145253,156.5521841546403,144.92975933504454,153.07388305664062,15029300
2020-06-17,153.5601153979629,153.68167397633678,149.04391459515938,149.57688903808594,4711200
2020-06-18,148.8569056157604,152.38197584763472,147.92187478366714,150.6054229736328,3631600
2020-06-19,151.69001142036834,151.92376907218252,147.97793876816456,149.54879760742188,6004900
2020-06-22,148.83820263612026,150.98877642700162,148.59509975338835,150.02569580078125,2647300
2020-06-23,150.43710885973996,152.28846589831036,148.62314677649584,148.98780822753906,2771500
2020-06-24,148.24911621998436,149.40854512461513,146.17334698225633,146.82786560058594,3096000
2020-06-25,147.39822240531365,152.7746483258418,146.528650800449,152.27908325195312,3735400
2020-06-26,151.78350707562709,153.14864365452542,149.77318288323445,152.2510223388672,5290400
2020-06-29,153.20481332264157,153.54142500558592,150.5680194283376,152.14822387695312,2640300
2020-06-30,152.5128607340849,154.43902172722284,151.7554881365342,153.51333618164062,3296300
2020-07-01,153.6442258726299,154.7195052914956,151.96116803956872,152.69049072265625,2065100
2020-07-02,153.41048250600437,154.06500109434305,151.82091901905093,153.2234649658203,1960200
2020-07-06,153.7751539937039,157.94538289323495,153.3543787680548,156.04727172851562,2760100
2020-07-07,155.3272926805728,157.4404711578449,154.53252515953167,155.91636657714844,3273300
2020-07-08,156.00052575886866,158.7869276459371,156.00052575886866,158.14175415039062,2781800
2020-07-09,158.84299597766275,159.65646799866562,153.0738591389392,155.63583374023438,2955200
2020-07-10,155.34596566250679,155.34596566250679,152.1668676906977,152.74658203125,2245100
2020-07-13,153.91538514951085,156.1501076767016,150.57731911308346,151.5497589111328,3455600
2020-07-14,152.2978183390855,154.0650259463836,151.03552107639936,153.23284912109375,2642900
2020-07-15,154.45770285102145,155.66388601419436,153.25150542041425,154.7008056640625,2346200
2020-07-16,154.23329017352398,154.69146029060198,152.03597688728266,154.28004455566406,1486800
2020-07-17,155.25246322704837,156.3932016172732,154.3828916808165,155.17767333984375,2935800
2020-07-20,155.67325980944102,156.81399835669365,154.96262737627248,156.18751525878906,1806200
2020-07-21,156.02853736345898,156.36514891932114,154.05562240749006,154.560546875,1540700
2020-07-22,154.7849813062794,155.07485281823702,151.78354064227761,154.13046264648438,1686500
2020-07-23,154.52314342860694,154.710160952399,150.34355573217758,151.02613830566406,2408800
2020-07-24,150.97939062912732,150.97939062912732,148.1555942501932,149.17477416992188,2247900
2020-07-27,149.23091151432723,151.23187672325216,148.28652133764496,150.0724334716797,2709700
2020-07-28,151.16639192340244,154.66341142348628,150.8671895573297,152.0827178955078,3483100
2020-07-29,151.97051838664785,152.43803367468095,150.63343151124164,151.24119567871094,3108900
2020-07-30,148.15554346701168,148.2022978340099,140.67530130504272,143.05963134765625,6638100
2020-07-31,143.18123930513948,143.37758773995202,139.0764555716073,140.52574157714844,5342700
2020-08-03,142.872669753235,143.85445467638627,141.3953197839335,142.91006469726562,3615000
2020-08-04,143.41499366419202,145.86476919665952,143.14382680861453,144.78948974609375,3260000
2020-08-05,147.08969525031628,147.25800821611315,143.34022681779504,144.31265258789062,2386400
2020-08-06,143.85449076078794,145.39728583599558,141.18964733913396,142.947509765625,2176200
2020-08-07,143.02228096182913,143.52719118735794,141.73193422140622,142.9942169189453,2017100
2020-08-10,142.9941723803728,143.51780131635152,141.6851357090001,143.05963134765625,1745200
2020-08-11,143.19061105317067,143.19061105317067,140.44161831606328,140.84368896484375,2103400
2020-08-12,140.99326816737297,143.21864572306586,140.81562432507715,142.63893127441406,2430400
2020-08-13,141.70870522069592,142.52614240155972,140.7409161435974,141.37045288085938,2077700
2020-08-14,140.75036803526777,142.52618982605597,140.13962687393803,141.02284240722656,1538000
2020-08-17,141.80268969514637,143.47515601916407,141.2765224476328,142.37583923339844,2704700
2020-08-18,142.95835573476768,143.89794404544503,142.0187674240903,143.86036682128906,1959700
2020-08-19,144.51809851529268,145.0818573252141,142.82683642251055,143.0899200439453,1938800
2020-08-20,143.33421972469876,143.61609912475453,141.73692224035855,142.1973114013672,1830200
2020-08-21,142.19729590670568,142.2067009657712,139.0120920082125,140.24295043945312,3112000
2020-08-24,140.98525491958213,141.31410228685792,139.29399278064992,140.48727416992188,2268400
2020-08-25,141.27645477243945,142.1690605209596,140.28988448745386,140.6375274658203,2216100
2020-08-26,140.17718671089582,140.43087957700033,138.5047206129838,140.24295043945312,3029700
2020-08-27,141.483212023362,141.82146439461684,139.94228774030782,139.97047424316406,3146100
2020-08-28,139.8483475804606,140.1396177187969,138.10071241346014,138.43896484375,2102600
2020-08-31,138.44834107277572,139.80133617519434,138.14766593647406,139.42550659179688,4430700
2020-09-01,139.63225642431323,140.1866102336356,137.79065653911,138.40139770507812,2358700
2020-09-02,137.92216884915527,140.93825378850065,137.6590852557085,140.51544189453125,2406800
2020-09-03,142.99596490466283,144.10467236603984,138.5517156622411,140.01747131347656,4226100
2020-09-04,139.78255553538992,143.36238466780338,139.01208624692293,141.79327392578125,4361800
2020-09-08,141.83085654959987,142.1691089242723,139.52886799220863,140.28993225097656,4351200
2020-09-09,141.5208106955743,144.80937033899437,141.2295405639314,142.7892608642578,2328500
2020-09-10,140.8255400782418,141.50204499857315,136.91684816899036,137.3866424560547,3961300
2020-09-11,138.64569593093574,140.1772299854726,138.0067825443711,139.1436767578125,3001400
2020-09-14,140.08324726901625,141.4174612304352,138.56111847332386,139.99868774414062,3072500
2020-09-15,140.90069696164397,142.69530009026337,140.39331114583834,141.01344299316406,2923500
2020-09-16,142.55438368910967,143.45638071734857,141.68055883495748,141.84030151367188,3618800
2020-09-17,141.06043001051617,143.4563692824726,140.43090741847033,143.25906372070312,3620700
2020-09-18,142.8550106682078,145.16640438612248,142.8550106682078,144.85633850097656,13209800
2020-09-21,143.9167371588539,144.37714058386604,140.05502870005847,142.0469512939453,3501600
2020-09-22,141.79325686598207,142.41338851082318,140.13957247973906,140.8066864013672,2926400
2020-09-23,140.98527204991848,142.4322321831055,139.71682170735136,140.759765625,3545700
2020-09-24,140.2429565572853,140.6188005117949,138.4671350910476,139.8201446533203,3424200
2020-09-25,139.4255303285146,141.31409796262537,138.91815887085184,141.18255615234375,2440600
2020-09-28,141.87784623798228,142.42280922211557,138.9651165075757,139.15304565429688,2427100
2020-09-29,139.0402875322278,139.47250450485572,137.11412844324423,137.4241943359375,3308300
2020-09-30,137.55573788168468,139.4818969950767,136.29669284956785,139.077880859375,5083900
2020-10-01,139.36917273743018,139.72622097784,135.35712557440252,135.57322692871094,3809200
2020-10-02,134.9906782671163,138.0631366808541,134.6148486013733,136.43765258789062,3880000
2020-10-05,136.30612518039388,138.56113208719898,135.4698775622961,137.77188110351562,2790600
2020-10-06,138.05371815769544,138.8993563286279,135.23495292855,135.42288208007812,2409200
2020-10-07,139.54763848319456,140.83486968328464,137.97852796579883,139.9610595703125,4602800
2020-10-08,143.19325375726828,144.64022779396768,141.4080416899939,144.226806640625,4686100
2020-10-09,144.78118897392662,147.6563274989418,144.76240752649585,147.40264892578125,4590600
2020-10-12,147.35567727171846,147.656338159128,145.0912653753263,145.15704345703125,3242700
2020-10-13,143.7570396770196,145.0066940953035,139.57587374335247,141.01344299316406,5963900
2020-10-14,141.29532598390168,141.50203660490695,138.78662636022804,139.49131774902344,2710200
2020-10-15,137.65908788569806,138.03493183850293,136.5973627693538,137.91278076171875,3785900
2020-10-16,138.22281524058855,139.41609622202287,137.17987180611772,137.29261779785156,2918900
2020-10-19,138.11953305541965,138.5047678469949,133.61890968113897,134.1732635498047,3158900
2020-10-20,134.69938027111735,135.41346222315704,133.524894887314,134.9154815673828,2188700
2020-10-21,133.69403178546676,134.67121178422,132.6792888946578,132.7732391357422,1983700
2020-10-22,132.9799511182904,133.66584666695132,132.29405556962948,133.0926971435547,3056600
2020-10-23,133.64702268652022,135.95840149071518,133.15843283756936,133.778564453125,2427200
2020-10-26,133.32756321485363,133.69400204863567,131.58933360310948,133.1396484375,2947100
2020-10-27,124.98405808970116,127.85919641727378,123.90352278335747,123.93170928955078,11374600
2020-10-28,122.57871589996265,125.99881729577474,122.43776902980814,123.37735748291016,6188000
2020-10-29,124.02568104216087,125.08742062679563,122.5035522717506,124.5424575805664,4099900
2020-10-30,123.8001659485816,125.05922533654599,121.40422692992894,122.5787124633789,4335300
2020-11-02,124.53305419456858,125.85787742802786,122.13711497544014,123.67803955078125,3449500
2020-11-03,125.56662333254008,125.97065389671843,122.80423047978014,123.06731414794922,3628400
2020-11-04,126.75985783696524,142.79862226329598,126.75985783696524,139.61341857910156,12211700
2020-11-05,138.7584124662921,139.82015198006943,135.9584429591331,136.72891235351562,5731000
2020-11-06,136.28728318557913,138.48591632481128,130.6967357744973,134.11683654785156,6229800
2020-11-09,133.9289034050049,136.00539975443138,132.10611423546897,133.73159790039062,5493800
2020-11-10,138.68324988499978,140.18658268281354,135.10340613318056,137.70606994628906,5377000
2020-11-11,138.83355043076114,138.83355043076114,134.70875871235341,136.01478576660156,3046800
2020-11-12,134.9853635275155,135.48591723402834,132.086014082234,133.19097900390625,3463400
2020-11-13,134.5131669141217,135.24982466807703,133.46487896534092,134.46595764160156,2142700
2020-11-16,135.1081760299195,136.27925727770057,132.21826483284795,132.7754669189453,4957600
2020-11-17,131.81217391699607,134.06932802373797,130.90552803830244,133.3515625,3619200
2020-11-18,134.0126352124436,134.50373560618326,132.3410291361792,132.37879943847656,2795100
2020-11-19,132.4543771954259,135.8920517205426,131.19830187135372,135.43873596191406,4626100
2020-11-20,134.90044026395046,138.9142101170774,134.90044026395046,137.4031524658203,5063800
2020-11-23,137.45029746862863,137.52585247744935,133.31376521286623,135.41036987304688,3794200
2020-11-24,135.4198533161871,137.5447900011608,135.15541790379788,136.84591674804688,4127000
2020-11-25,136.84592610026593,137.2614716083191,134.68321895599848,136.7042694091797,3223700
2020-11-27,137.55420746841457,139.69803617924995,137.2803331236377,139.24472045898438,1754000
2020-11-30,138.20586396461474,139.93414734883575,136.8459023238738,137.55421447753906,5842200
2020-12-01,138.5364333423917,139.83027909924522,137.1859105009607,137.46923828125,3954400
2020-12-02,137.28034154244725,138.91417755886388,136.3548176870413,137.09146118164062,3757400
2020-12-03,137.60145676699733,138.35699271514855,135.17431428594173,136.09983825683594,4059600
2020-12-04,136.0620448458664,140.4535742823344,135.99592879670183,140.19857788085938,3058600
2020-12-07,139.1124742563731,140.08522154558182,138.33804624946848,139.22579956054688,2637200
2020-12-08,138.8103353182307,141.7946949637253,138.74423365573017,141.0013885498047,2754400
2020-12-09,145.99732536776875,150.10554240309762,145.13790299963276,149.21778869628906,8364400
2020-12-10,150.9838152008698,152.9954263438349,149.3877494968879,152.05101013183594,6430600
2020-12-11,150.84215771066565,152.2209973027015,150.2188395555903,151.1443634033203,3441900
2020-12-14,151.75825815397212,153.26931559356947,149.05722694884463,149.13278198242188,4390100
2020-12-15,150.5682521217839,158.87911669582974,149.2649677011545,158.1235809326172,6974300
2020-12-16,160.2579483627584,163.56340425998096,157.48136310338842,162.4867706298828,6009900
2020-12-17,162.18459317295108,164.2339746378806,161.58962075451853,163.03457641601562,3521100
2020-12-18,162.93064999100056,163.2800792945244,159.60630168425345,161.87289428710938,7356400
2020-12-21,159.4929611478143,159.6062864439427,156.5841584584937,159.3985137939453,3655900
2020-12-22,158.38805650413704,159.03025264057743,156.65031964243389,157.4530792236328,2447900
2020-12-23,158.14246797305742,158.66189969346874,156.27252819022232,156.28196716308594,1697300
2020-12-24,156.63141807657934,158.6052442938322,156.63141807657934,157.39639282226562,627200
2020-12-28,157.91579617684505,158.28411781820594,156.02696429075974,157.24525451660156,1482000
2020-12-29,157.36811603812347,158.42585783971347,156.68813504834384,157.32089233398438,1712000
2020-12-30,158.13303513014543,159.03022754891933,157.4152696666094,157.7269287109375,1413300
2020-12-31,157.78365458114564,159.73858903208898,157.04699653267284,159.45526123046875,1643600
2021-01-04,159.6252528518956,160.05967629569219,154.03430988234425,156.3009033203125,3164800
2021-01-05,156.00813756561527,157.39643073875948,154.12874386051504,157.07533264160156,2322600
2021-01-06,153.92096412919807,157.98195709051535,153.91152515405687,155.18649291992188,3619700
2021-01-07,155.05422315171248,157.83080869777598,152.78763035241136,156.61251831054688,3025500
2021-01-08,156.98086744786463,157.58529326073486,155.48868807001196,157.16030883789062,3438100
2021-01-11,174.71701322953572,178.77800614889256,171.9026567270903,175.60476684570312,11396500
2021-01-12,172.62982942593314,173.99924443309652,167.5772114442161,168.8616180419922,7179300
2021-01-13,169.8343707409228,177.19136676136054,169.37160160482895,175.189208984375,7303900
2021-01-14,174.97201042881392,178.4569088514997,174.32036088172322,176.31307983398438,4413200
2021-01-15,176.41694171331912,181.12013015895533,176.41694171331912,180.16627502441406,6624600
2021-01-19,185.10556017892637,188.42990896814115,183.28284397794823,187.4477081298828,7729100
2021-01-20,187.72159426074293,190.55484259136267,187.6365858587332,190.07318115234375,5335800
2021-01-21,192.37755316290745,193.3408616022375,187.00382334666776,191.10260009765625,8698800
2021-01-22,190.80986370793389,195.05973707567685,189.4121316130802,194.68197631835938,6128800
2021-01-25,196.66521737158197,200.71675617240876,196.52354630765885,200.54676818847656,5959100
2021-01-26,200.73566069647003,201.37785677777742,198.89405203901836,200.89620971679688,6601500
2021-01-27,199.33795831981462,200.235150936015,193.6997917721925,196.03250122070312,7358000
2021-01-28,196.43857705470796,200.0651319417778,196.0324849904079,198.44073486328125,5460400
2021-01-29,200.17848936305438,205.88275759047164,193.0953669688868,196.41026306152344,8401700
2021-02-01,197.81736356107456,198.22345548672706,191.81087777543613,191.84864807128906,5383800
2021-02-02,193.01975108812132,194.45525306515597,186.3805076097404,186.57882690429688,5314600
2021-02-03,186.81496741881776,189.44044331886604,185.94610623850264,186.01222229003906,3679000
2021-02-04,185.8705828479071,190.65878074479053,184.76561742800706,190.41322326660156,2924300
2021-02-05,190.41316902683317,191.6409128361011,189.68597900719305,190.55484008789062,2732200
2021-02-08,191.13093428075217,194.9558079442546,190.68705756240692,194.33250427246094,2909300
2021-02-09,192.42483301078644,193.55812975865862,189.18549181880888,190.49822998046875,2661300
2021-02-10,193.1047603392377,194.12473145239207,190.4320610577644,193.02920532226562,3062700
2021-02-11,192.3938535749782,193.63620327940876,191.20840317444066,192.11883544921875,3544700
2021-02-12,191.23683540667557,197.4675690903436,190.7626552896535,196.58558654785156,2611300
2021-02-16,195.3432381887924,196.77527141256263,193.09562905059522,195.1345977783203,2741900
2021-02-17,194.42335828986145,196.0166112694467,193.72158086279023,195.79849243164062,3329900
2021-02-18,194.69832933605718,194.81212791617216,190.57295715697046,190.7341766357422,3919400
2021-02-19,190.74365660146836,192.4032866464587,189.98496568673622,190.54449462890625,3434900
2021-02-22,188.8943846960663,191.1989075923714,187.73739852231586,190.31692504882812,2263600
2021-02-23,189.966016540064,193.75945708432832,188.42018488761155,192.02395629882812,3287700
2021-02-24,191.25583113917693,195.79848534525934,191.21790309212597,193.9586639404297,2848800
2021-02-25,193.05767925381883,194.93542826564828,191.3316568654666,193.29476928710938,2386700
2021-02-26,196.02605421581265,196.30108678276588,191.62566338201734,194.3095245361328,3887900
2021-03-01,195.15358195658098,197.48655466868266,194.20522165376124,195.80795288085938,2797400
2021-03-02,198.10297792274835,199.1082375022487,193.56033855760168,193.5982666015625,3445300
2021-03-03,192.86798955543466,193.75945036776716,189.39700257558133,191.56874084472656,3660300
2021-03-04,193.2662981280921,194.16725179843075,188.35379976330123,190.1841278076172,4308400
2021-03-05,190.6393462646906,196.94593497300477,190.50657643306798,196.2346649169922,3875900
2021-03-08,196.31052435605818,199.9996442590854,195.66564648774465,196.33897399902344,3300300
2021-03-09,197.58136141979324,201.20410434491373,195.41910131243327,195.46652221679688,4227300
2021-03-10,196.20626310403767,197.29687166746416,193.83536233934544,194.8406219482422,3400200
2021-03-11,195.84589400873432,196.54768588920086,193.72157604984017,194.613037109375,4037300
2021-03-12,194.30953674796456,197.6951898858543,191.83431584396695,197.33480834960938,4541400
2021-03-15,183.04300876670015,183.2042282745712,178.48139822660815,179.39183044433594,12388500
2021-03-16,181.648926946729,181.724797507835,177.56149633639154,181.04197692871094,6194200
2021-03-17,179.93239162713485,180.02723344333728,176.92609128013507,177.08731079101562,5134200
2021-03-18,176.4139994472338,177.4287375146665,174.30863827570974,174.43191528320312,4240000
2021-03-19,175.16213133764415,176.20533337749157,174.3844834749814,174.77330017089844,6048600
2021-03-22,174.54568211720203,176.30963251051404,173.73957023085669,176.2432403564453,2666600
2021-03-23,175.77858335894106,177.02093300809446,173.7870209863186,174.19480895996094,3284700
2021-03-24,174.21375319607495,174.3465230356013,170.53412572741797,170.8660430908203,3931500
2021-03-25,171.65316960949866,174.15683957082626,170.91344992575367,173.63523864746094,2630500
2021-03-26,174.5456872736315,176.30963771905417,173.19901760660542,175.74061584472656,2868200
2021-03-29,175.12418441895173,177.9787431899983,174.03356159106477,176.71742248535156,3002600
2021-03-30,175.94928705396075,177.21060800202432,175.17163912504608,175.92083740234375,2523600
2021-03-31,175.9872333038608,178.23484265427038,175.69322944619745,177.1726837158203,3621300
2021-04-01,177.17262011404065,178.35807010044496,175.12415906453597,175.67420959472656,2340400
2021-04-05,176.0061649154019,176.30015426018258,173.6447572938874,175.34231567382812,2864800
2021-04-06,175.1526603387469,176.0441213066434,173.06627064180597,173.36026000976562,2488400
2021-04-07,173.45506544891973,173.7206051329508,171.8618273447333,172.905029296875,3406600
2021-04-08,173.50247741317295,174.46980876707323,173.04726861697208,173.18003845214844,2393200
2021-04-09,173.1042048762586,175.57942584488276,172.9904062706119,174.96299743652344,2611200
2021-04-12,173.9576930975419,174.4413660290573,171.5393863232741,172.43084716796875,2876100
2021-04-13,171.8238949470018,174.1568674178023,171.8238949470018,173.10418701171875,3089100
2021-04-14,173.161034681646,174.9439559656353,172.6489266909384,173.54986572265625,2002100
2021-04-15,174.2990954234542,178.02615812014938,173.93872842765987,176.31910705566406,2586600
2021-04-16,177.7036985347596,180.47290795313285,177.22951854248697,179.4771270751953,3731800
2021-04-19,179.46767711527826,181.02298715748447,178.35809749408483,179.84701538085938,2966400
2021-04-20,180.57731383945793,183.5077441096039,180.34970212563647,180.76698303222656,2460900
2021-04-21,181.66785569985527,183.0429749299436,179.99874715853463,181.08935546875,2219800
2021-04-22,180.18843727242847,181.39285877339714,177.10626663487378,177.39077758789062,2982600
2021-04-23,177.37180207268216,179.36336422514594,177.37180207268216,178.9745330810547,2482800
2021-04-26,178.83229404139163,178.90815012483642,176.45190062240403,177.552001953125,2797500
2021-04-27,174.49826321472972,176.27169201999735,171.45402084256966,172.8007049560547,6838700
2021-04-28,172.07995883843154,172.60155985303223,169.358169640645,171.2264404296875,4682800
2021-04-29,171.7101295023498,173.1990622572174,170.70486980659945,172.791259765625,2432500
2021-04-30,172.44980465297223,174.45084513031938,171.83337634934387,173.331787109375,3103900
2021-05-03,173.54041892441774,176.72690942118146,173.47402677179738,176.31910705566406,3197000
2021-05-04,177.84593907522924,180.26425982570447,177.1346691174909,178.48133850097656,3703500
2021-05-05,178.9081206545712,183.57406491340967,178.45291187474288,182.85330200195312,4274400
2021-05-06,181.65841909733317,184.07674076632597,179.54357967157188,183.87757873535156,3101600
2021-05-07,184.75952958529447,186.13464889535334,183.8870255213896,185.3285369873047,2526700
2021-05-10,186.03982814162998,186.45710896614537,183.50770801558878,184.70263671875,2242000
2021-05-11,183.4033904756851,185.64152127267153,183.0430089454866,184.6931610107422,1850200
2021-05-12,184.69313615112836,185.54665448364992,182.77744462805012,183.22317504882812,2397400
2021-05-13,183.1279278691517,186.80477527277895,182.65165237404335,185.69029235839844,2174300
2021-05-14,186.423764168857,187.9097414157561,185.6712407330716,186.90003967285156,1823700
2021-05-17,187.15720932715703,190.13869849544824,185.8331640686575,186.25228881835938,2466000
2021-05-18,185.7474282006687,187.03337774827503,184.39480764717513,185.39498901367188,2369400
2021-05-19,184.423398940778,188.02404054334121,183.94712344271647,187.185791015625,3070500
2021-05-20,187.80492862445703,191.5389262033395,186.86189805269797,190.06246948242188,3494400
2021-05-21,190.51020601349563,192.33910224705218,190.0053551303419,190.39590454101562,2579000
2021-05-24,191.46274117588922,193.95842001670596,190.54828586750978,191.48179626464844,2074900
2021-05-25,191.8723569185404,192.27244116243224,189.69102134233768,189.76722717285156,2919100
2021-05-26,189.7767327397315,192.83442786242486,188.84323682415862,191.45323181152344,2891300
2021-05-27,191.12936508045468,191.82473782185946,186.22373291726066,189.7481689453125,9340300
2021-05-28,189.67195121862795,192.68201587887242,189.10994961475237,190.26254272460938,2386000
2021-06-01,190.81505920855452,191.3580058226555,187.3477589626163,189.0052032470703,3070200
2021-06-02,189.56718728139455,191.38656335253353,188.84325368515877,189.68150329589844,2030300
2021-06-03,189.548136077503,193.97749258546418,189.1861620323295,193.08209228515625,3066600
2021-06-04,193.16781049288963,194.74904863794643,191.73898399586173,192.43435668945312,2817700
2021-06-07,192.4057559025931,222.25869674812628,192.25334427470008,211.9616241455078,17231400
2021-06-08,211.1901132683595,211.72353956508977,207.05603039914706,210.22802734375,4618500
2021-06-09,210.8471934570461,215.9719085316998,209.80890170345083,215.27655029296875,4934900
2021-06-10,216.2005326023634,224.6591913451494,215.51469462133875,222.4587860107422,5598200
2021-06-11,216.25765562810443,218.6961838993103,211.0472004167555,213.4571533203125,5636000
2021-06-14,213.590485063185,215.9051913172177,212.43790660920118,215.37176513671875,2720700
2021-06-15,215.371783109867,215.9052093348813,212.29503296917284,212.91419982910156,2188900
2021-06-16,212.92375752439793,213.71437672354526,209.75176044882258,210.28518676757812,2548800
2021-06-17,209.81841529000403,212.51413639565774,209.81841529000403,211.66636657714844,1890700
2021-06-18,209.97082457319073,210.5614161179594,207.96095577663104,208.18003845214844,4016600
2021-06-21,208.7039383150626,213.15234991995564,207.7323321862147,212.1045379638672,3671300
2021-06-22,212.06642984020203,212.99992573311752,210.04701187408295,210.93289184570312,1658800
2021-06-23,211.64730923160315,211.69493968860672,206.70356721099284,206.798828125,2419600
2021-06-24,223.77328888437484,228.01213811132507,219.48680919840317,221.9158172607422,12290500
2021-06-25,222.05867183616684,222.41112556976293,218.50566087803116,219.29627990722656,6992200
2021-06-28,218.13419350059297,218.97244308744402,216.11478989747994,217.39120483398438,2507500
2021-06-29,217.41981112682868,220.42034158914763,217.03879646121854,218.48666381835938,1621200
2021-06-30,219.1724937242586,219.8964419107856,218.19136718862285,218.62954711914062,1786700
2021-07-01,218.61998910906,220.51557095584332,217.81032942684783,220.1631317138672,1977300
2021-07-02,220.9632591978588,223.09697869514727,220.35362713217282,222.8588409423828,1994000
2021-07-06,222.5444975789819,224.40196914537927,222.1634684533267,224.2495574951172,3125400
2021-07-07,223.54469298901336,225.36406914198608,222.38259397836714,224.630615234375,3141500
2021-07-08,222.7350099784624,226.0117878603107,221.08710075971928,225.868896484375,2431500
2021-07-09,225.91648923311635,227.15480827731625,221.70621611065496,223.83993530273438,4030100
2021-07-12,224.01144502065117,226.7071664329132,223.9923899285244,224.81158447265625,2928600
2021-07-13,224.782981611579,225.4211890393972,222.9255100627387,224.13525390625,1974000
2021-07-14,224.60199623694498,225.97367201681337,223.59229449197935,225.13543701171875,2103400
2021-07-15,223.85899295319703,224.7925033468416,219.74398041782692,220.48696899414062,3611200
2021-07-16,221.46811884000914,221.98249001104597,220.2393343823916,221.43002319335938,2229100
2021-07-19,220.8775286867837,223.18270034336237,219.62968921276723,223.03028869628906,2305600
2021-07-20,223.8494599270458,226.4689748836389,222.83975830570455,223.86851501464844,2297800
2021-07-21,225.1640123812877,226.1070285788746,222.50638692407475,226.03082275390625,1651500
2021-07-22,226.0212960754662,228.32646771007177,225.15447119262097,227.17388916015625,1703500
2021-07-23,227.92641907084146,232.9463672839722,227.24058113704547,232.56533813476562,2448100
2021-07-26,231.0602898512061,233.6416947743123,231.0602898512061,231.669921875,2678800
2021-07-27,232.1462056632573,232.47958978529516,231.1460242275947,232.02236938476562,2116500
2021-07-28,231.8223146427701,236.61364464672323,231.1269565352271,234.81332397460938,1688000
2021-07-29,235.75638030775943,236.46127330362293,230.74596711434393,233.68934631347656,1924100
2021-07-30,233.27973256960848,234.27991402006157,231.11745227870264,231.9461669921875,1905100
2021-08-02,234.07036433471953,236.12787808129062,232.66059285715434,234.8990936279297,1958900
2021-08-03,233.1368286980866,247.06311796142717,231.9461400939084,243.843505859375,5406200
2021-08-04,243.85307612232936,257.8079436099507,243.30059475256658,250.01608276367188,3892400
2021-08-05,250.7875333325123,252.9117317416533,248.9300479419126,251.65435791015625,2262400
2021-08-06,251.00671850439898,251.7306374832391,248.3681336804275,250.94003295898438,2155200
2021-08-09,252.02596806177522,260.08457164364603,251.94977676110904,254.4835662841797,3238500
2021-08-10,254.09301727943816,258.2175509361445,253.5500561514827,256.6649169921875,2060200
2021-08-11,256.79823686363324,258.08418660897706,250.19706499229997,251.56874084472656,2813300
2021-08-12,251.52093723511442,252.80147340215973,249.8867947225494,251.77894592285156,2100900
2021-08-13,251.4731525640758,253.90045247342886,251.34891643073792,252.48611450195312,1482300
2021-08-16,253.1264145920353,258.26769109977494,252.54346711788327,257.9618835449219,2623200
2021-08-17,259.12773804244057,263.62873160886073,255.324333298589,260.60894775390625,2096100
2021-08-18,259.94007707741036,262.56805099858633,256.13667159447795,256.60491943359375,2527400
2021-08-19,254.34004518833015,259.78712914683746,253.65199278476516,258.4014587402344,1901000
2021-08-20,257.42671682549286,260.761844568842,257.1209092921179,258.8888244628906,1536800
2021-08-23,260.21714796542454,260.8000954380558,255.82128832038734,255.9359588623047,2438800
2021-08-24,254.38785305153291,255.57282089173796,250.16396997572818,251.1100311279297,3736000
2021-08-25,251.11957951774565,252.7823606200023,249.69570508711956,252.1612091064453,2388500
2021-08-26,252.28543767825374,253.80488056466115,249.01718167643,249.724365234375,1732900
2021-08-27,250.8711049395064,251.45405237789734,247.1059334961674,248.22402954101562,1839700
2021-08-30,249.44722446378518,252.35233765929232,248.09022178246065,250.67042541503906,1300700
2021-08-31,251.17687011291306,251.94138882420486,246.41783956161984,246.8287811279297,2733400
2021-09-01,247.06773041737407,247.2875058895502,243.1974394406977,245.97830200195312,2956800
2021-09-02,245.98784501089756,248.20490570774285,245.08955367964833,248.052001953125,1469700
2021-09-03,249.25608164301022,249.40898540377034,245.38580544799257,248.01377868652344,1124500
2021-09-07,247.50726550107007,249.24651274434922,243.12094333021588,243.49363708496094,2403700
2021-09-08,243.3025650509037,244.36331127726788,242.42337564994966,243.5319061279297,1542400
2021-09-09,242.05069107664846,242.74830909717033,229.03505951614062,229.3504180908203,4976600
2021-09-10,231.45279365335543,233.06780517801724,227.9838785005924,228.8726043701172,4633500
2021-09-13,229.38863068041118,230.4493769193075,224.71561661861523,227.40093994140625,2832800
2021-09-14,228.12722316349308,229.14973622249636,221.6862934994526,222.74703979492188,3826000
2021-09-15,223.21527389621747,228.7579113636725,222.7183439570332,223.35861206054688,2802500
2021-09-16,223.69309236465187,224.27602521584157,219.53611052302142,220.78797912597656,2958700
2021-09-17,219.51700041004864,220.58729757348544,218.1026624935583,219.8896942138672,4480000
2021-09-20,217.96889611272204,222.40300353156354,217.20439181670662,221.3613739013672,2803400
2021-09-21,221.76269179884005,223.349035349552,219.54564581592896,219.95655822753906,2172800
2021-09-22,219.79410259507017,220.7783967575466,217.48148813496127,218.16954040527344,2529600
2021-09-23,219.12521577573258,223.80778099848382,218.8480758536347,221.87741088867188,1912300
2021-09-24,222.44121074042002,224.94494779976642,221.07465710165351,221.39956665039062,1642500
2021-09-27,219.76549169752764,220.8071213878069,215.59895835470323,216.35389709472656,2785900
2021-09-28,216.34430597226822,216.3538569888802,210.42897496929498,211.76686096191406,3583300
2021-09-29,215.40781906181235,221.17024692610892,214.5955305299245,220.13816833496094,3971000
2021-09-30,222.45077645317568,226.63642595983336,220.55863971773977,220.79754638671875,3786100
2021-10-01,220.74976562515576,221.39958477582908,215.44603457366472,219.40232849121094,2215700
2021-10-04,217.69173028450683,219.97567714816543,214.27058549704637,214.8726348876953,4784700
2021-10-05,216.3921218465362,222.24055284291606,216.13409854325275,220.68287658691406,2802000
2021-10-06,220.32930334081215,220.60644326682763,216.01943190481197,217.73956298828125,2462700
2021-10-07,218.95318106914348,223.72176346947896,218.83851053326322,222.83302307128906,2001800
2021-10-08,223.06238094980466,225.34632816300658,221.275363699884,223.55931091308594,2563000
2021-10-11,226.19683246681035,227.42959905100363,223.23439850485897,223.30128479003906,1892300
2021-10-12,224.28556121901508,224.63915297833265,221.68625568755255,222.4507598876953,1719200
2021-10-13,223.68353379554662,227.3626875968967,222.4698838843642,225.9483642578125,2105700
2021-10-14,226.493094618453,227.85964847667196,223.72178282902368,226.1873016357422,1824700
2021-10-15,226.8848986921792,228.68148162818864,225.35590465834096,227.32449340820312,2598300
2021-10-18,227.3913770233629,231.89238532843342,226.1968436132993,228.37567138671875,2546000
2021-10-19,228.45212027905333,231.78726276563123,228.45212027905333,231.5579071044922,1573200
2021-10-20,232.91487023058042,234.9885782303356,232.2554855347444,232.9053192138672,1537500
2021-10-21,234.0807428795199,234.0807428795199,229.1879391420126,230.46847534179688,1717700
2021-10-22,230.2677684351802,233.2110852306852,228.92988258279289,232.9339599609375,1960700
2021-10-25,233.80360626000217,235.3421656614026,229.84731273950175,234.17630004882812,2763100
2021-10-26,233.65072212077268,237.87459027597336,226.56952495688955,237.4158935546875,4533000
2021-10-27,237.57833187849766,243.16875337457645,237.30120657780077,239.06910705566406,3181300
2021-10-28,239.05959576261188,245.35717266359848,238.98314387137336,242.10804748535156,3386500
2021-10-29,242.51896468572303,245.08960307420872,240.59816009447638,243.45547485351562,3152000
2021-11-01,243.78993717890148,245.0991557226461,237.04321475651548,238.24729919433594,2735800
2021-11-02,240.10121281973503,247.79399623177824,238.33329755932502,245.45272827148438,3987800
2021-11-03,246.33191417905425,254.95168673507288,246.32237774200485,254.44520568847656,4382900
2021-11-04,253.699774371601,259.0799279314538,253.49907177678787,258.9748229980469,4133400
2021-11-05,257.05398380355734,257.53179709240794,247.08680559735183,253.2410430908203,3745700
2021-11-08,252.2759279660485,255.06637125710284,247.6506974169296,248.96946716308594,2386100
2021-11-09,248.9694360216066,250.52711229031942,246.92440994149445,250.393310546875,1963800
2021-11-10,250.37419602352432,254.19670283304376,249.99195117525488,252.90660095214844,2215100
2021-11-11,250.68000012483333,252.59125350334517,250.3264229159546,250.9762420654297,1739400
2021-11-12,250.9762572475734,251.68570785605846,248.24387177760423,248.9341583251953,1964000
2021-11-15,248.68489737729945,248.89578981202482,246.54691972986808,247.76449584960938,1903200
2021-11-16,246.3551726023543,249.60528029075812,245.42521826309687,247.0838165283203,2565700
2021-11-17,246.21137212411355,253.63193064578056,245.5019215081096,250.40101623535156,2873600
2021-11-18,251.18714622852204,252.91284774364416,249.09712279711528,250.54478454589844,1689200
2021-11-19,255.43431288033779,259.623956429244,249.55729592189135,249.94081115722656,2786800
2021-11-22,251.39805039942834,253.09499107975043,248.43557975847503,249.69151306152344,1995400
2021-11-23,248.76166699607649,251.91589679611394,248.5507452319195,251.14889526367188,1986200
2021-11-24,251.92537559248606,254.00583177347815,249.31762981561957,251.18716430664062,2518500
2021-11-26,250.99536578081776,254.9069984378336,248.33969565815443,249.6243896484375,1495500
2021-11-29,249.2888744569611,251.49397021918145,243.99669729222512,244.31307983398438,4041700
2021-11-30,242.8174344548385,243.51730292222058,236.30765269232586,237.8032684326172,8265900
2021-12-01,239.14551621632813,244.76367231508664,237.659482395283,238.8483123779297,3241400
2021-12-02,236.34605982851045,239.6632565398338,235.0038294137851,237.64993286132812,3817700
2021-12-03,241.72447488760693,243.0187509425187,233.0479699375746,235.44479370117188,4169700
2021-12-06,235.7708119555323,236.74872037008515,231.56198905260337,236.1638946533203,3491200
2021-12-07,234.1601420383979,235.31061472725435,231.48527804202635,234.99423217773438,4035800
2021-12-08,236.43228529084956,237.93748301599996,229.58695716753016,234.23680114746094,3636200
2021-12-09,234.3997724389411,235.76116652535012,232.73157790142835,232.87538146972656,2291100
2021-12-10,231.24560234105263,234.4956954617556,231.24560234105263,234.06427001953125,2380800
2021-12-13,235.37768866714572,240.3534974169644,235.32976389245704,238.27305603027344,3016700
2021-12-14,237.51568144409885,239.69198714966956,236.22139060483005,239.08799743652344,3424000
2021-12-15,251.25425831415836,264.16834642654425,246.59481752173951,263.9190673828125,10016700
2021-12-16,264.2930115897157,272.18333776761415,260.82238573111107,267.52392578125,5546400
2021-12-17,265.251701161318,265.251701161318,254.37968298572417,256.3834533691406,7582900
2021-12-20,258.1187897528206,258.8665976966052,249.6052659262844,252.60609436035156,3479400
2021-12-21,253.10460127830953,254.97413560462954,249.81616594273703,253.9482879638672,2702500
2021-12-22,253.81409121051738,255.55898628505489,252.0021072931965,255.50146484375,2721000
2021-12-23,257.9461383104879,263.9094364631029,255.67395427023575,261.8290100097656,2632200
2021-12-27,263.68897752989136,268.73187495082925,263.3821770590372,266.9198913574219,1677100
2021-12-28,267.81160550499857,267.86912695808087,264.50400492030576,265.0216979980469,1033900
2021-12-29,264.4367411523817,267.8306220473288,264.36002641845056,266.929443359375,1112300
2021-12-30,267.66773818841756,269.0674753105847,264.9641135043395,265.80780029296875,1181500
2021-12-31,266.018724596018,267.22673335139865,264.6189874601392,264.8203125,1315700
2022-01-03,263.08498268730006,263.08498268730006,256.0383145531603,260.5155944824219,2621300
2022-01-04,257.8982498229978,258.74193651115036,252.70192277084226,255.7986297607422,2340500
2022-01-05,257.09293680585614,257.6777478265158,249.672378955956,249.8928680419922,3004200
2022-01-06,249.36554450461279,250.51600232992692,244.9170402864304,248.62730407714844,2863200
2022-01-07,249.0203994459442,250.46809040282733,246.11545013236187,248.79031372070312,2245100
2022-01-10,247.53437777152675,249.42307610130257,245.32929694381855,249.3751220703125,2576700
2022-01-11,250.7940895898582,251.58025493720893,246.4510453771527,251.4939727783203,2294000
2022-01-12,242.4627105085829,246.81535109419102,240.61236939855831,245.3580780029297,6562800
2022-01-13,243.58444703196128,244.95542339732754,238.2922553148743,239.36602783203125,3726500
2022-01-14,239.82621300762227,240.20011698114536,232.87542313462802,234.04507446289062,2894300
2022-01-18,232.73161776694388,238.26349183018596,232.09885269994155,236.8733367919922,3241200
2022-01-19,236.16384866272801,240.07546693013543,234.62987555153038,234.93667602539062,2487600
2022-01-20,235.44481659777597,237.7170010653358,232.49192767837462,233.09593200683594,2655400
2022-01-21,236.69116259903015,237.6498921758194,232.12760045091972,233.02880859375,2788600
2022-01-24,232.53984018950985,233.69989467746834,223.07717019725828,230.49774169921875,3712800
2022-01-25,227.03676549349873,231.5619706002158,225.41651004850615,229.57740783691406,2525100
2022-01-26,229.74036665382323,232.42479768948363,226.1738915589579,228.0434112548828,2913200
2022-01-27,230.0759386400897,233.2301673990827,226.0300983233913,226.9504852294922,2178500
2022-01-28,227.68868666183045,235.09966200561428,225.3493842133683,234.984619140625,3081100
2022-01-31,233.23014752091728,235.3585283451364,231.9358567446305,235.2626495361328,3237100
2022-02-01,236.85413772394978,238.57025717783145,233.22054454530164,238.0333709716797,2449400
2022-02-02,235.22433018194695,241.48483375128853,233.95879999669958,240.47816467285156,2586700
2022-02-03,237.2855428316912,237.87995041930668,231.14968010099705,234.70655822753906,3473600
2022-02-04,232.70284873227183,234.0259002561671,231.26475433814312,232.27142333984375,3569300
2022-02-07,232.40564503638038,233.95878230166642,230.38272500227387,233.49859619140625,3948300
2022-02-08,231.91666671732438,232.86581421546242,227.66950193488543,230.00880432128906,2615000
2022-02-09,231.30306223745248,234.37100818595738,231.11131927293354,233.23011779785156,1759900
2022-02-10,229.99921864608353,234.0162978964667,228.2830991476815,229.7499542236328,2283100
2022-02-11,229.35685132603362,230.69908138671065,225.15762611620318,226.01089477539062,2054300
2022-02-14,225.27923993299632,228.05191220224125,223.22861650969045,225.9435272216797,2572000
2022-02-15,227.83045892504626,235.6670946504814,227.83045892504626,234.75250244140625,3409600
2022-02-16,233.53946291469458,237.8139941113268,233.53946291469458,236.4276580810547,2459000
2022-02-17,236.4276965009166,236.43731853125811,231.450374451548,231.989501953125,2059100
2022-02-18,229.1494156932776,233.39505155453156,229.1494156932776,231.35406494140625,2517900
2022-02-22,230.29508366241734,231.88358527927434,228.66806454653695,230.2180633544922,2936700
2022-02-23,231.58514396609192,233.63575276870174,229.14943361853713,229.42861938476562,2296300
2022-02-24,226.41523884543184,234.8391413949515,225.27922246715434,234.0208282470703,3272300
2022-02-25,234.75252231151165,243.4748702075017,234.64662122422632,241.50128173828125,2442200
2022-02-28,236.96679055342113,240.74069722187676,235.47455341425706,240.63479614257812,3188800
2022-03-01,238.33388182173348,241.0102750478753,236.29289510859203,240.2015838623047,2873200
2022-03-02,240.56744231867424,246.92147848237212,239.7779951407682,244.6975555419922,2452000
2022-03-03,245.33289578573968,249.9058562029826,244.90929153063882,249.00091552734375,3153700
2022-03-04,246.6615654064906,253.64137263040445,245.9972926448852,253.0733642578125,3497100
2022-03-07,250.1754845164702,253.80500239545808,248.25002081586996,251.88917541503906,3074800
2022-03-08,250.24285888671875,255.41272372801424,249.26088307012773,250.24285888671875,3482600
2022-03-09,253.4872194771682,257.8099043559169,252.30307840808538,252.99624633789062,2965900
2022-03-10,253.0444160053923,257.752188483752,253.0444160053923,256.10589599609375,2797200
2022-03-11,255.19128611716027,261.59344572867536,255.19128611716027,256.37542724609375,2469600
2022-03-14,258.9652167959727,260.80403805474253,257.35747114715747,258.974853515625,2713800
2022-03-15,259.81242459306793,266.1760970302885,259.81242459306793,265.194091796875,4396900
2022-03-16,267.4949978922855,268.2266539761034,262.83538017854545,266.1375427246094,3148600
2022-03-17,266.6864067221274,275.2354717753213,266.1472791404169,274.86962890625,3270100
2022-03-18,275.1872919448592,280.49195429239046,274.24380407451565,276.92022705078125,4557900
2022-03-21,277.03567135408474,284.3235276773822,277.03567135408474,278.8456115722656,3495700
2022-03-22,278.87452283491956,279.7313388266307,272.8285685359006,274.3977966308594,3791600
2022-03-23,273.8201937755537,277.4400453952916,272.7900636896718,273.5987548828125,3149200
2022-03-24,275.6205344359015,278.08512584389507,274.05127667794727,276.9683532714844,2412400
2022-03-25,277.7481692567329,280.7807690415455,275.8997109742318,278.248779296875,2399800
2022-03-28,280.4727177586759,281.5510023439264,277.56527751803395,280.7904357910156,2195000
2022-03-29,281.1465091575283,282.2151565157547,276.8623417673803,277.6421813964844,2798100
2022-03-30,279.75062272763057,281.3969154313077,277.25715063089694,279.08636474609375,2220100
2022-03-31,278.5857052588659,280.9251365571325,275.2642980697852,275.697509765625,3227600
2022-04-01,275.48569575762775,282.21521094646494,273.4158282857385,281.7627258300781,3066200
2022-04-04,281.83971593688347,283.986618286748,280.1068105628094,280.5592956542969,3014100
2022-04-05,280.8481235902563,284.804937209959,278.3257709596561,281.58941650390625,2324200
2022-04-06,285.0552297980422,295.13503202326643,283.7844168837454,294.4418640136719,4672900
2022-04-07,293.6332007273638,302.2977869783352,293.6332007273638,296.93536376953125,4270800
2022-04-08,296.5213701373227,300.738139777127,296.47324530335766,300.0738525390625,3024700
2022-04-11,301.4216429795427,302.06668609994983,296.5694673303349,297.445556640625,2178100
2022-04-12,295.15429102711136,298.0713670943242,292.84374067153794,296.598388671875,2688100
2022-04-13,295.8282246361044,296.81020048959823,289.2142619087874,291.3900451660156,2528700
2022-04-14,292.4297761285924,293.1229441805513,289.002453366196,290.6101989746094,1898100
2022-04-18,289.84967933402277,290.8027744447835,285.7387956133803,287.68353271484375,1581400
2022-04-19,287.288797636942,288.52109315575217,282.85058879715973,285.94097900390625,2021700
2022-04-20,285.9506258758627,287.85684566484656,281.40653001323454,282.0034484863281,2608600
2022-04-21,282.003442091244,282.5136888248723,275.97673097385365,278.8167724609375,2716800
2022-04-22,278.51827611910215,278.8263573221704,268.0245061991044,268.34222412109375,2772600
2022-04-25,268.3615042650775,275.2931853650087,266.5130461783476,274.5711364746094,2410200
2022-04-26,275.51458619568444,279.3943942691475,272.25094059177326,272.2894287109375,2166600
2022-04-27,272.5493830483348,277.3919229087188,270.1329167879411,274.4652099609375,2352100
2022-04-28,284.9589582105961,289.31052447706566,277.80586843642345,286.1912536621094,5886900
2022-04-29,284.7664300689591,286.22977173927666,278.3642698634881,281.2428283691406,3910900
2022-05-02,280.37632935763213,281.926313102995,273.68533310694136,278.7685546875,2789900
2022-05-03,277.8732949590504,279.0093114760442,273.521728250185,277.33416748046875,2109500
2022-05-04,277.74812918135586,285.9121055657232,273.5313591224083,283.90960693359375,2743600
2022-05-05,282.48476291843394,283.9962294364482,277.55555168066917,281.473876953125,3120200
2022-05-06,279.35591640130593,287.13477689326936,277.767385330056,285.8350830078125,2931200
2022-05-09,282.57138767391734,283.9384502204946,275.96703300418716,278.4508972167969,3460500
2022-05-10,281.1176577028094,282.494356988932,274.3785357715777,275.0524597167969,3140800
2022-05-11,273.09811503393286,283.52448644693385,272.4530718658142,276.00555419921875,2625200
2022-05-12,272.7708004854092,281.1080617816739,272.7708004854092,280.9251403808594,2370000
2022-05-13,282.67355654915747,282.8377559578465,276.7617882513998,281.70758056640625,2337700
2022-05-16,282.171214307333,298.9115936556211,281.67858662971446,289.1938781738281,5118300
2022-05-17,289.79278118521404,293.0770934761306,283.40769438980465,291.1451416015625,2553000
2022-05-18,289.7927959948664,292.3043394560048,284.02591817539866,285.1464538574219,2161400
2022-05-19,283.59128250980365,283.59128250980365,274.694649877773,276.5299987792969,3157400
2022-05-20,280.83819537473505,289.05863057022754,279.08978128338055,288.6819152832031,3129100
2022-05-23,290.37233911996003,294.5453617622709,289.1648693377573,292.3042907714844,2873600
2022-05-24,293.3765722399146,297.20185854928667,289.59960241966144,295.5500183105469,2804900
2022-05-25,296.5546313437714,299.8582822273301,294.27494213885507,296.5643005371094,3195700
2022-05-26,294.8448369502134,303.22950075489547,293.279931217012,302.7947998046875,3284200
2022-05-27,302.0124305309742,313.05353059927245,300.6697390422313,312.4739685058594,3694300
2022-05-31,305.8569475931945,307.6246704826814,298.5155250095349,302.7754821777344,6298900
2022-06-01,302.77550716833133,303.2198478556066,295.1925899887963,300.49578857421875,2731500
2022-06-02,300.00316476501933,300.09976825809,288.02506860543525,292.1401062011719,3703300
2022-06-03,291.87931491363156,295.40512145663166,290.4689981922812,291.38665771484375,2490000
2022-06-06,304.40800802838413,304.40800802838413,292.77764925259146,293.0384521484375,3734400
2022-06-07,293.6470290826398,301.52939662650016,292.7100312017346,301.4811096191406,3652800
2022-06-08,301.7998593539889,304.76541259914876,300.23498302974724,302.82379150390625,2684500
2022-06-09,300.9981886281648,301.30730808596604,292.7970306766323,292.9322814941406,1963300
2022-06-10,289.0490396591482,291.3963545123546,286.76932072886143,286.9045715332031,2469800
2022-06-13,280.54842128541554,283.1855465535389,278.6937637503013,281.3695068359375,2898800
2022-06-14,279.33127239315314,282.06497130168134,277.5152329297369,280.8961486816406,2422600
2022-06-15,281.678609947056,286.2573267935412,278.71305652622976,283.02130126953125,1970100
2022-06-16,280.32624082682145,280.32624082682145,273.4774451957005,278.2687072753906,2628600
2022-06-17,280.1427075828233,290.7491051351285,279.8239189962771,281.0024108886719,6900000
2022-06-21,282.4320644664322,289.0972928967106,280.43248709357437,287.2232971191406,2821300
2022-06-22,286.85628979813265,299.1145303780651,286.3443235811292,296.2552490234375,4535700
2022-06-23,298.96951277172155,302.5339658639144,296.7381110121201,302.0799560546875,3729300
2022-06-24,308.6776256564304,314.7343141735948,308.15601983025493,314.5411071777344,5449900
2022-06-27,313.1984029729049,319.5931592512772,311.04426592246557,316.13494873046875,3218900
2022-06-28,315.41047399070754,317.8737304867161,305.9825682442173,306.81329345703125,2742900
2022-06-29,307.3349034549703,313.65239425083683,306.8422463004717,312.0102233886719,2562500
2022-06-30,311.1698393722717,315.9224245666394,309.1219750625648,313.1983947753906,2732900
2022-07-01,312.86033169678177,314.3286046985835,306.9485629136525,313.6620788574219,1817800
2022-07-05,311.4692274312194,316.28943705602404,308.07864306917537,316.0479431152344,2107700
2022-07-06,316.84005858561676,321.41877438913696,315.6325888501533,318.9169006347656,2252500
2022-07-07,316.1156446108816,319.2550665970859,315.1399994218095,316.7918395996094,2395000
2022-07-08,315.43949582504223,323.13832681804,315.06278046072856,319.22613525390625,1898200
2022-07-11,319.36132437669886,321.3609018541577,318.22147972472453,319.8056945800781,1342600
2022-07-12,318.77207936286834,320.6943621656669,312.35798458564915,312.5801696777344,2058200
2022-07-13,311.0539454249948,313.63308487170303,309.9140713252593,311.4886169433594,2564200
2022-07-14,306.73594324462556,316.6082164386666,304.7750136811152,315.767822265625,2615700
2022-07-15,320.67506388515324,323.92072919618585,317.0043667625451,320.3176574707031,3340300
2022-07-18,318.8880192110292,320.67508085711034,308.83220466816516,310.8221130371094,2116300
2022-07-19,313.06315472859046,316.24122398649934,310.8897087534023,315.10137939453125,1628100
2022-07-20,315.9610472677243,316.66622027313446,309.4117319760161,311.0732116699219,2051000
2022-07-21,310.5130153067475,316.88843369939156,308.8321969217188,315.7969055175781,1692100
2022-07-22,315.82589107854966,318.01864616713937,314.7439731066161,317.56463623046875,1850800
2022-07-25,317.564566471807,320.96479091321305,316.89804076482704,320.269287109375,1741700
2022-07-26,319.7283173885898,321.254575645594,317.42929029106506,320.2789306640625,1812300
2022-07-27,317.78675519949417,319.61243428110043,314.1256983648917,317.74810791015625,1643000
2022-07-28,319.0038861522383,322.2399114588547,310.7930906323813,319.5448303222656,2350900
2022-07-29,319.79600811884666,319.79600811884666,315.7002793644959,318.4726257324219,3399900
2022-08-01,316.3668190579911,319.1874525575623,312.45459844845533,313.1211242675781,2464300
2022-08-02,316.05767394251075,317.7867791499553,308.4940657335793,309.3055114746094,3405700
2022-08-03,309.720813518593,310.0589109313942,299.6650022911364,303.15216064453125,5152200
2022-08-04,299.645791790297,299.694078802594,291.95660096888327,295.3858337402344,4696300
2022-08-05,292.18843733276907,294.9318056938491,290.09225639713196,291.0679016113281,2814300
2022-08-08,290.4206717003137,295.70456147569513,286.4408553902306,292.2077331542969,3218900
2022-08-09,294.7095685396007,296.2648049873105,291.04851181390495,292.7099914550781,2122900
2022-08-10,294.13966744344015,296.68018882802176,292.2946498999636,294.24591064453125,2351000
2022-08-11,290.78775336069583,295.02840213994125,289.43539285998753,290.9230041503906,2198800
2022-08-12,293.5687148858424,298.9667436082316,291.99870028595285,298.56939697265625,2305100
2022-08-15,299.6645116517208,304.89780481374765,297.823171595237,304.2485046386719,2795800
2022-08-16,304.23886596228874,304.6652853771814,300.07162026959827,300.7306213378906,2248000
2022-08-17,300.43990208528385,310.7029818653361,300.43990208528385,307.0396728515625,2747200
2022-08-18,306.97176068946294,309.11352854447165,304.5004923625671,306.94268798828125,2261600
2022-08-19,307.70830730521374,315.6939246692227,307.69860654636443,312.805908203125,3393100
2022-08-22,312.33113049206287,315.71338381041124,310.4994906681853,313.1258239746094,2488000
2022-08-23,311.32318204105184,311.90466571391045,304.1807016486331,305.37274169921875,2962000
2022-08-24,306.7004316515203,310.9548950214589,305.48901970698967,309.0263366699219,1827000
2022-08-25,310.7028927792601,313.38737058066334,306.0801265947379,313.16448974609375,1977900
2022-08-26,313.60062090175387,314.56975043125357,305.5374561181996,305.8185119628906,1858000
2022-08-29,303.6670567082771,305.1498237712323,300.1200389237496,300.5755310058594,1697000
2022-08-30,300.5658615624282,302.3393556772208,296.56335167260727,297.5615539550781,1980300
2022-08-31,297.6584674556514,299.28659801943405,291.8145878124373,291.930908203125,3183500
2022-09-01,291.70797808633966,299.85836069089993,291.2234133386879,299.5870056152344,2939200
2022-09-02,300.5366951766146,300.64331478672176,290.5062298427429,292.0277404785156,2525400
2022-09-06,293.5977709784542,303.17274484897763,292.8999966098044,297.3482971191406,2322200
2022-09-07,299.2380904945025,302.7560351402512,295.4681923023543,301.9807434082031,2228100
2022-09-08,302.3199778710464,305.98328642238954,298.0945576130045,305.7603759765625,2212500
2022-09-09,306.68104417152534,310.28620711883536,305.48900423131903,307.8924560546875,2177000
2022-09-12,309.0457320839663,310.55757179483436,305.1595131785306,305.489013671875,2077400
2022-09-13,300.4398245384715,302.6688104008395,295.57477586378934,297.018798828125,2272400
2022-09-14,297.7263103402935,302.18431262809605,296.4567528697581,300.0522155761719,2002900
2022-09-15,300.1491160605147,302.6397861968225,296.3113711777466,299.9165344238281,2348100
2022-09-16,298.4628798355159,302.32969793840545,297.270839637595,299.3544921875,4380200
2022-09-19,297.01879598773303,297.0575398702766,288.46136662672495,295.67169189453125,2515300
2022-09-20,294.4409434950684,294.4409434950684,289.71158661495184,292.41546630859375,1816800
2022-09-21,291.70800016922186,295.12902636360224,287.1724808859702,287.3275451660156,2241200
2022-09-22,291.5141732139038,302.95959147742195,290.7001078951531,301.2733154296875,5918300
2022-09-23,302.24243945301805,305.450256018754,295.70081474320494,301.8450927734375,4572600
2022-09-26,299.26724204429524,302.1068145665272,295.4682701506508,298.00738525390625,3760000
2022-09-27,299.6064013243664,304.2582410161231,298.80203679267146,301.4962158203125,3019600
2022-09-28,323.2337596479918,331.1515606442633,317.9713935823377,324.0575256347656,9436300
2022-09-29,323.66019342498356,324.3482671167545,317.16701368144004,319.82244873046875,3743100
2022-09-30,317.0507224059792,319.3378834946551,312.4667586200655,313.3680419921875,4474100
2022-10-03,315.926595654216,319.18288697199097,307.262573380332,311.6236572265625,3340500
2022-10-04,312.2341364707591,319.909655154919,311.84649058429324,319.7061462402344,2622500
2022-10-05,318.1651994919398,323.5438859025912,317.40927967334096,321.53778076171875,2186100
2022-10-06,317.81631338079876,328.78686582467043,316.77933777385243,322.6716613769531,4299200
2022-10-07,322.6910407705752,322.7879596326606,314.87015885048834,316.5758361816406,2601600
2022-10-10,316.1591783028604,316.91509825147017,310.3540715524764,313.89141845703125,1956200
2022-10-11,310.12145641878465,318.87269508408275,309.5690454764218,317.4868469238281,2598900
2022-10-12,317.2736054037894,323.35003643360113,313.88165231456287,314.55035400390625,1764700
2022-10-13,309.26861864582,323.0787147950274,309.2492467019087,321.8479309082031,2657400
2022-10-14,321.32464759950074,324.93951210230415,318.0974586450937,321.159912109375,2231400
2022-10-17,322.51662153073164,327.15873064133854,321.50871854789307,322.487548828125,2230000
2022-10-18,323.82492913222893,324.9781659701108,320.1712921716313,324.68743896484375,2087100
2022-10-19,324.9006057594061,325.2688796344764,315.9070868187943,319.1246032714844,2419000
2022-10-20,320.9273063800529,321.2083622848224,315.8393752625849,318.9115295410156,1761200
2022-10-21,318.9114469050864,331.8590026356812,316.6824313430513,330.250244140625,3274700
2022-10-24,333.59370630215665,340.910621070214,333.59370630215665,337.16009521484375,3375900
2022-10-25,335.822765892155,341.45340629332577,332.45988512183476,340.46490478515625,2513100
2022-10-26,341.6181329050559,350.32092605857736,339.62172859369207,346.8126525878906,2373500
2022-10-27,347.9078444793409,349.9720953711999,344.35115521701664,345.3299560546875,2347600
2022-10-28,349.19678132815454,350.8249119429217,346.0180374526857,348.78973388671875,2942100
2022-10-31,347.57827118475143,352.6856023124649,339.6410986264703,350.9120788574219,4258200
2022-11-01,335.1540543444447,347.90780258432454,330.23088931591303,341.6956787109375,7013000
2022-11-02,343.22690549981553,351.9393701957498,339.39883216435413,344.002197265625,3774400
2022-11-03,343.1300080275558,351.6292635814533,340.65873949141815,350.5147705078125,2602500
2022-11-04,353.9261453740777,354.58514641070803,342.43225282113673,346.3766174316406,3004600
2022-11-07,346.9483872003226,355.67055335898993,346.46382241373,353.8001403808594,2560300
2022-11-08,353.87757810999307,357.366449703551,350.7569804034608,355.3409729003906,3278600
2022-11-09,357.0661075603281,358.3841096030045,350.7376925374017,352.0556945800781,2323700
2022-11-10,355.90314093944943,357.6088184809129,351.79404094463786,357.33746337890625,2994000
2022-11-11,354.85646686741325,356.47489659567447,333.88448996031815,341.42431640625,6646300
2022-11-14,348.9560800722943,350.6373321698318,330.5398329834171,346.0308532714844,4717400
2022-11-15,346.88602832221557,346.93460810270784,336.60401990966864,340.0929260253906,4180700
2022-11-16,340.14151983474005,346.8277350270551,340.1026382139512,342.9889831542969,3563800
2022-11-17,342.9696214340704,352.0951187824431,342.77524295169286,350.60821533203125,2929700
2022-11-18,352.3380066442936,354.3983173085838,349.2281591536795,351.4828186035156,2420900
2022-11-21,350.2388892139813,353.5139614926949,345.36026884994976,350.9969177246094,1999200
2022-11-22,351.80353607463854,352.5809905895086,347.2359092403083,350.715087890625,2460400
2022-11-23,351.1621623065917,352.2603384345794,348.5285029584919,351.5314636230469,1993000
2022-11-25,352.6781617971896,355.5256251434373,351.366181419646,354.96197509765625,1039100
2022-11-28,353.2127464925852,359.10205261314735,350.8317435719059,355.4673767089844,2481300
2022-11-29,354.34978100363736,355.79780283545887,350.48190423772644,353.69866943359375,2207000
2022-11-30,354.78702088216033,361.8619627484163,351.60910852441265,360.6277160644531,5556400
2022-12-01,364.2332917182173,364.62201897951576,358.1107261353077,359.8988952636719,2516100
2022-12-02,355.76856957856126,364.4762135840473,354.7190031120176,364.2041015625,1925600
2022-12-05,363.2322778872322,364.68029943239736,357.90662286421565,358.88818359375,2296500
2022-12-06,356.66267080225356,360.2001567593954,355.22434744748386,358.1593017578125,1971000
2022-12-07,358.9172942933544,364.6705278204806,358.373070301815,361.4926452636719,1629100
2022-12-08,362.7463138824377,362.7463138824377,356.1767147822568,361.3177185058594,2090900
2022-12-09,362.49371497989677,363.46554799592866,350.64706814182875,350.8219909667969,2787200
2022-12-12,352.70728416013077,357.46925912639966,352.28940315843846,356.9056091308594,2639200
2022-12-13,351.4439315294682,362.2409806638541,348.22716704743334,348.5575866699219,5032600
2022-12-14,348.89774073320126,359.0242229953685,347.00265470515563,353.2612609863281,5095500
2022-12-15,350.50125331736757,353.7180178074258,346.6430755615897,349.86956787109375,3437100
2022-12-16,347.8481318508273,350.32632346276245,345.1658932985253,349.7334899902344,6612200
2022-12-19,347.73157690051903,349.5683555778913,344.6216993162023,347.7024230957031,2658400
2022-12-20,348.40213640857917,351.26905567039523,346.3029735340205,349.5100402832031,2276000
2022-12-21,352.4157604577144,360.2390032438462,351.03574472471706,357.64422607421875,2211200
2022-12-22,356.97362654731546,359.34490092095524,352.0853088135382,355.0202331542969,1958100
2022-12-23,354.5440906735374,357.5373229980469,352.26027739487654,357.5373229980469,1030300
2022-12-27,359.0922805449271,359.31581280373894,354.06789106667804,354.6024169921875,1372100
2022-12-28,355.8560839752672,357.64425304242053,353.6888858221798,354.9328308105469,996000
2022-12-29,357.7317557383377,360.5014858941936,356.1379352822274,356.6821594238281,1077900
2022-12-30,357.1388576853214,357.58592216650584,351.9103920148315,355.53533935546875,1388000
2023-01-03,355.9435363457578,358.60634906779205,351.2787205143113,354.70928955078125,2006700
2023-01-04,354.36915903009856,356.7792856147229,350.1902598108462,352.8725280761719,1886200
2023-01-05,350.7831224776784,351.3078909278657,343.01815687788786,348.810302734375,2008500
2023-01-06,349.85981959868553,356.3711114377437,347.50797109520346,352.7170104980469,2131300
2023-01-09,353.74714122870614,354.6898202364317,338.96557256017064,339.97625732421875,2980600
2023-01-10,339.1696830116883,343.2610912274498,333.66910522394437,342.8140563964844,2465200
2023-01-11,344.35926793114123,351.5702811343398,341.11334958803684,350.25830078125,2602800
2023-01-12,349.130920641379,350.3457115969858,343.13469943499194,349.00457763671875,2019700
2023-01-13,349.44198888956726,353.07663471459887,348.538191343448,351.4342346191406,1690900
2023-01-17,351.43419896037227,351.80350019757003,346.50699917394275,347.6634826660156,2435200
2023-01-18,346.2835379984008,348.8880432928085,341.67702945991545,342.0949401855469,2302300
2023-01-19,342.4447738914428,345.77815381193403,340.54971742241753,341.19110107421875,2658300
2023-01-20,337.2260326302718,339.23773394860575,331.95868500768483,336.3222351074219,5391900
2023-01-23,336.84701251852493,336.84701251852493,330.6370152435256,332.5709533691406,3403100
2023-01-24,336.25418016532825,336.86643963171633,331.7448613168732,336.6332092285156,2242500
2023-01-25,335.81689624715983,339.92776069717155,335.37958917247187,339.8791809082031,2503300
2023-01-26,341.11332069754866,342.2600763101826,336.9636052223473,338.2075500488281,2576200
2023-01-27,336.3610801632138,338.28532003574986,331.91009840660405,332.46405029296875,2363600
2023-01-30,334.631194931232,338.00345613466635,329.89837365825326,330.9090881347656,2647700
2023-01-31,331.0840071456709,334.6992265222584,329.8206363079647,334.4562683105469,2406700
2023-02-01,333.13467238550254,336.19594067968666,328.01309303299905,332.9208679199219,2990900
2023-02-02,324.59219916470244,325.85557011262756,308.07103932697805,321.3851623535156,13036600
2023-02-03,323.5717725496798,332.6875401440723,320.09259419542707,329.5290832519531,5670700
2023-02-06,332.34740333098273,333.7468449849301,325.19469824880906,328.1490783691406,3055700
2023-02-07,326.5844547404141,331.35615813875296,323.319110226693,330.1122131347656,2464100
2023-02-08,329.02373898576724,333.2123363450953,328.3045921418319,331.13262939453125,2399400
2023-02-09,331.2881370686585,337.5661694036314,330.9091079954731,332.16278076171875,3072800
2023-02-10,333.6010899066296,338.6157515452657,333.07632146134523,335.39898681640625,1980000
2023-02-13,336.7109165577816,340.9286674154026,336.2541539484686,340.53021240234375,2291600
2023-02-14,341.7685411253842,344.96646538614567,338.59010569863494,338.86309814453125,2028900
2023-02-15,337.1958544862798,338.19032047142355,325.9836172211124,326.6271057128906,3600700
2023-02-16,322.71739620776026,324.6088540220422,317.5695186910387,317.9107666015625,3654200
2023-02-17,315.06389502933274,323.29270546866803,312.4802112459508,320.1825256347656,3695600
2023-02-21,318.96372059006563,323.4193726348518,318.1642323066372,319.3147277832031,2515600
2023-02-22,320.48471664623605,324.27739187595927,318.1642663699655,320.8357238769531,2379800
2023-02-23,319.802252426357,324.50161949905055,317.5402983827565,319.3244934082031,2229500
2023-02-24,317.84256103230706,319.04179367645554,312.08044232164707,313.5916748046875,2594600
2023-02-27,314.52763979073677,315.30760962217914,307.99528087512516,308.697265625,3043500
2023-02-28,307.59551453591996,307.59551453591996,301.8919223267274,303.432373046875,3966900
2023-03-01,302.2428655924011,308.97996013462665,301.46289590535,306.30853271484375,3580800
2023-03-02,303.9882198023836,308.3853477583358,302.7597387250922,307.1666259765625,2885200
2023-03-03,308.4535244948623,312.14869632401684,307.35179552505014,310.46197509765625,3002800
2023-03-06,309.0092556286683,312.22666827344005,308.58026330883996,310.97869873046875,2673700
2023-03-07,311.0176696018086,312.3338945305348,301.85289155806004,302.85711669921875,2620800
2023-03-08,302.73039867649754,305.197089623704,301.5799328047597,304.7193603515625,2313200
2023-03-09,304.49504413864435,310.7933868065899,304.49504413864435,308.92144775390625,3920300
2023-03-10,310.87147782190584,318.3592953758639,306.4743212467358,307.1372985839844,4597300
2023-03-13,309.30171652720355,323.4973803026873,309.30171652720355,316.37030029296875,5275600
2023-03-14,315.9413530058679,319.09054010565666,313.39667676960465,318.88580322265625,4214300
2023-03-15,317.8425362629541,323.0683992644048,316.3800706053025,321.2257080078125,4743500
2023-03-16,319.44151891435297,323.39992365407124,316.9065724433463,321.2842102050781,3498200
2023-03-17,323.204885983218,326.5685686438945,319.88997002648534,320.94293212890625,8679800
2023-03-20,320.9429984269562,325.58389957742787,320.77726895955016,325.2524108886719,3540900
2023-03-21,326.0226426033456,326.07137956212927,319.8705090521757,322.7954406738281,3240400
2023-03-22,323.4681717550579,327.20235105658395,322.3762020624155,322.6882019042969,2472200
2023-03-23,322.6101659183934,326.94879587884594,321.94715892052096,324.3163757324219,2703400
2023-03-24,324.6576430530082,328.49905553916045,320.5432381454313,327.7190856933594,2791900
2023-03-27,319.59749357375676,327.8068141581763,315.171118795075,326.22735595703125,3102300
2023-03-28,327.39733601102125,330.35151577433334,326.34437371340067,329.2010498046875,2433200
2023-03-29,330.5172286618641,331.26795029873404,326.2078168955426,327.4655456542969,2743800
2023-03-30,327.6605581100212,332.7694285455492,327.6605581100212,332.1649475097656,2146900
2023-03-31,333.44217953545075,335.0508858543511,332.1649618713466,334.82666015625,2933600
2023-04-03,334.65111208895144,342.7434394313644,333.73463128446207,341.96343994140625,3039600
2023-04-04,343.26018874816214,350.01677279231626,342.48018922940895,345.7463684082031,3585900
2023-04-05,349.11981162089955,355.72042609825405,348.9735709963224,353.17572021484375,3442700
2023-04-06,355.72041706346545,360.2540548338611,355.13542482607284,359.0743408203125,3531700
2023-04-10,358.96708578782346,359.13284499775517,353.9557186273188,357.8166198730469,1868000
2023-04-11,358.55761081486327,359.5715656410609,354.491942955361,354.9306945800781,2027000
2023-04-12,354.91114360970744,363.120463660904,354.2384070486287,359.8152770996094,2672600
2023-04-13,363.2960041550738,366.16243954009155,361.0438091745517,365.7626953125,2839900
2023-04-14,364.87545139693043,366.8936613064226,363.18875991308414,365.35321044921875,2287900
2023-04-17,365.61642884101644,366.49390231944665,361.8725201801574,363.0327453613281,2059700
2023-04-18,363.66645370664696,364.89493435839114,360.41003380425053,360.6537780761719,1925300
2023-04-19,361.27778366697777,361.9895277227906,358.1578745302206,361.1997985839844,2173000
2023-04-20,362.0967474346095,366.6498736783064,360.5075300537177,365.43115234375,2766500
2023-04-21,368.5510934846863,376.60438388807,368.54133419268,375.60015869140625,3682500
2023-04-24,375.60016805147615,377.3648742201347,372.0805150064085,373.7574768066406,2059700
2023-04-25,375.4149724839754,380.70912148371104,374.3912582886699,375.2102355957031,2648600
2023-04-26,371.58335176753263,371.95384791009286,361.4045861573837,366.8547058105469,3161200
2023-04-27,381.46963038013456,388.55770468543943,371.2420982044732,380.5823974609375,4981300
2023-04-28,388.0409026222021,394.1930060095906,382.68828763241834,385.9544372558594,5350100
2023-05-01,387.31944407259573,397.15696024894584,382.444558172287,395.6554870605469,4091100
2023-05-02,396.8157398217236,401.24214485747325,389.269425445639,394.0858154296875,3884600
2023-05-03,404.64475665021786,423.33508130448945,403.942771927195,420.400390625,10129800
2023-05-04,420.65392920495276,421.8726507175944,414.5798104745275,417.71923828125,4070700
2023-05-05,417.38773217898523,420.4783931438354,413.93630466813886,417.10498046875,2753400
2023-05-08,415.5352498941833,424.11503643074667,412.4153112878295,421.89208984375,2478600
2023-05-09,420.9658317890146,424.70001056710737,417.338915958883,417.6606750488281,2601600
2023-05-10,415.39876422427585,427.42024920604985,415.39876422427585,425.0120544433594,2766300
2023-05-11,425.7725231336288,425.9187637518464,420.33213410440845,424.6512756347656,2595900
2023-05-12,430.26223340930795,435.521259439326,424.6513169302048,424.66107177734375,3939200
2023-05-15,425.5799353991617,426.19577351463937,420.9856410605353,424.7392883300781,2234800
2023-05-16,424.43625672370143,428.6200121580532,420.9758515340762,426.8311462402344,2128800
2023-05-17,428.9327698283807,429.0794206698936,422.9992875200475,427.6326904296875,2274200
2023-05-18,426.6943009227159,429.6365954000564,423.8399492231958,428.04327392578125,2268100
2023-05-19,429.12834277093924,437.44699057888266,429.12834277093924,432.4323425292969,3442800
2023-05-22,434.31893196501176,444.71968779673716,422.6669901337962,424.2309875488281,4398000
2023-05-23,423.1850029536211,426.08821818131196,412.03157441327807,413.6933288574219,4492100
2023-05-24,414.46558269782224,419.3140396520797,410.8096930002411,416.1957702636719,3133000
2023-05-25,416.7920917394347,418.57117296030646,410.36003804284786,417.701171875,2882200
2023-05-26,415.34539191724775,421.96317599794014,414.14306965981797,416.21539306640625,2338400
2023-05-30,414.26034865049286,419.08926649293494,412.5692399883841,417.63275146484375,2595700
2023-05-31,417.39812137747646,420.8780658577234,414.47536656069633,419.80279541015625,3950900
2023-06-01,420.5945499541292,426.96795444539873,418.5026874366177,426.6746826171875,2914400
2023-06-02,430.0666605133835,434.70009295076176,426.9581759759437,432.38336181640625,2499000
2023-06-05,433.0383737962916,437.7304255075991,431.7773733392345,434.2700500488281,2113800
2023-06-06,437.7597235560142,438.77634563754475,430.12534784483915,433.1067810058594,1495300
2023-06-07,430.3012955912468,436.6453463154269,425.8829171122388,426.5574035644531,2458300
2023-06-08,426.07850145327063,437.4078770065837,422.61809602274946,435.6385803222656,2040300
2023-06-09,439.19662113109075,439.19662113109075,432.64730130114253,436.00994873046875,2082000
2023-06-12,436.1174942006063,436.9386016824626,428.8154696379782,435.29638671875,2566600
2023-06-13,433.6933447481059,437.3394503139056,432.30526271771726,435.6972351074219,1766300
2023-06-14,434.299388765918,438.6884139000649,433.5662537970692,437.6522521972656,2163300
2023-06-15,437.92591851571876,446.31296874007586,437.62289180682416,443.7225646972656,2287100
2023-06-16,445.5505347984319,446.70402312435664,437.4371866215614,437.6424560546875,4295700
2023-06-20,435.8340276451091,444.6512159349316,435.1008927339865,441.787109375,2506300
2023-06-21,444.27974635244203,445.10085385504937,440.0862064004339,442.8134765625,2347500
2023-06-22,444.76845567369713,451.8652102487147,443.6149973877334,447.38818359375,2912500
2023-06-23,446.72350464763883,449.6658287428765,442.1487503153625,448.5221252441406,4832100
2023-06-26,454.7978970739681,454.7978970739681,438.82533159082556,442.5789794921875,3214700
2023-06-27,452.09987463812524,457.45665794609175,441.5427435520832,454.0549011230469,4138700
2023-06-28,457.9747170077379,457.9942565323774,447.0363419579015,448.38531494140625,2854700
2023-06-29,448.7371852066248,455.3549385069157,447.2220517534368,454.0450744628906,2112400
2023-06-30,454.20146404483535,459.30408371104244,453.5660864847763,458.4341125488281,3173200
2023-07-03,455.77528845923547,455.77528845923547,447.08518228256554,451.04412841796875,2113200
2023-07-05,451.7088518173116,456.74303878792597,449.65606814862696,455.2279052734375,2130200
2023-07-06,452.705911668471,457.08518157526316,451.23964185792033,452.79388427734375,2191700
2023-07-07,451.9336019274381,453.1848174565868,441.09298562326154,441.9140930175781,2914700
2023-07-10,442.77433407645856,444.4459029886857,439.5974164393714,442.9698486328125,2011400
2023-07-11,439.88092178793454,440.4283267707639,427.76951942233296,429.509521484375,3570900
2023-07-12,428.61021388885666,434.30910271762775,425.22802657048595,430.69232177734375,3107800
2023-07-13,430.3306653465789,432.29544667806266,424.573098031065,424.9250183105469,2865100
2023-07-14,431.1810920881563,440.3208467627429,430.95625330578287,439.35308837890625,2955000
2023-07-17,439.34334989166706,440.48702370878397,433.2925403809704,437.0852966308594,2347900
2023-07-18,436.8995240976978,443.12627822946575,435.0324703596751,441.053955078125,2237000
2023-07-19,441.24940796516006,444.7684610961433,438.473274337199,443.36083984375,2212800
2023-07-20,444.91514484446645,454.75871032248466,444.7685238248575,453.39019775390625,2624200
2023-07-21,454.944422232259,456.53777352211495,451.5817744359745,451.65020751953125,2226700
2023-07-24,451.61109170302194,455.16925401729867,447.3784727355754,448.9913635253906,2190700
2023-07-25,447.4665189732015,450.55546472744214,446.3325999116697,447.25146484375,1737800
2023-07-26,444.768525523747,444.768525523747,436.51831136708523,443.3902282714844,1959800
2023-07-27,443.1263280698476,448.3657849413096,442.08038169878927,444.7587585449219,1883500
2023-07-28,444.895552124814,449.2357127743268,441.6208771988468,448.17022705078125,1437600
2023-07-31,448.6980984800157,448.6980984800157,440.6629387799813,444.32861328125,2110200
2023-08-01,445.1106481508433,447.0852141046838,441.29835258088593,442.9014587402344,1738200
2023-08-02,444.9933277430328,451.25919069496535,441.1712476975638,444.26019287109375,2366600
2023-08-03,440.6434116266975,443.88876270245726,438.1800890319658,439.0598449707031,2414100
2023-08-04,439.1380374620017,442.29541595979936,436.8409052179336,439.3824157714844,1870400
2023-08-07,443.0578787916872,444.76852697235006,440.44790529883045,443.86920166015625,2446400
2023-08-08,494.6216382978773,525.9020581111818,491.4056117830487,509.8708190917969,15094500
2023-08-09,508.66851574578595,520.5551091228824,505.2667890580957,514.396728515625,5376600
2023-08-10,511.6988391319625,516.8503531199019,508.2971120688619,509.6167907714844,4108500
2023-08-11,511.9432388938663,519.851347774203,508.3069180413479,516.4007568359375,2524300
2023-08-14,520.4465382236807,531.2417854274031,518.4579038655447,527.0294799804688,3981100
2023-08-15,526.7648382156833,536.1298927043787,522.8954326300047,535.4735717773438,2826800
2023-08-16,536.2378199910451,541.596250817566,531.4377135012575,535.1014404296875,2597100
2023-08-17,532.1332874959327,537.6092668936443,526.4319574294509,526.6964111328125,2549900
2023-08-18,524.1200341112414,536.6002384934003,523.0130715758788,535.2875366210938,2958600
2023-08-21,535.8360186864477,542.2132792884702,534.6213137699776,538.8336181640625,2305400
2023-08-22,538.3243883335443,544.7603647659317,536.120268796528,542.3701171875,1936600
2023-08-23,545.3677036529335,546.0338901564035,537.0312841932931,542.0762329101562,2121300
2023-08-24,541.4296112021663,545.6223043462221,536.139701568705,536.825439453125,1776700
2023-08-25,538.4222450748906,544.7602836109929,535.9242552631872,542.3602905273438,1847600
2023-08-28,538.9121821832024,544.8877718167512,538.9023765289239,542.6248779296875,1373700
2023-08-29,542.1644497691439,545.0052791394523,538.6476282101562,542.6052856445312,1701200
2023-08-30,543.6926067233143,546.3767248594049,535.8850946871196,536.8157348632812,2191100
2023-08-31,535.8655864179638,546.0436756780376,531.9275401918477,542.899169921875,3043400
2023-09-01,544.9760084544923,547.807092411109,542.223309948079,545.7498779296875,2030800
2023-09-05,547.8265107003722,550.4714659386206,545.3579376298304,546.8077392578125,2257200
2023-09-06,549.5799264493581,550.1383104150167,541.429577345733,548.53173828125,2424300
2023-09-07,552.6853153806127,564.5581654750274,551.1473228791843,561.5409545898438,3707100
2023-09-08,560.6594074211902,575.5690216307878,559.5719964331167,574.5012817382812,4308300
2023-09-11,575.1772282188994,585.9626689585856,572.5616301403331,583.4157104492188,3876500
2023-09-12,578.9193709449456,588.8722296140346,575.8629963402522,587.0795288085938,3212100
2023-09-13,582.5341108194557,588.4999543928129,579.6345071961127,586.6680908203125,3126600
2023-09-14,587.0206216807131,589.5676398012996,577.978853839506,579.5462036132812,3244800
2023-09-15,579.9284037629618,581.9463954790275,563.3338284663648,563.9215698242188,5941200
2023-09-18,566.2137390633955,566.2137390633955,552.9008326277434,559.6307983398438,2723600
2023-09-19,559.9638597963341,566.6153806259094,558.9940568546303,563.2357788085938,2185100
2023-09-20,561.7272430797768,563.5199438668155,557.5835171235703,558.0243530273438,1869900
2023-09-21,555.6242934172483,556.4177741189993,531.4377508090795,538.9121704101562,4049900
2023-09-22,537.6189560406341,544.1627338593485,536.4630251477728,539.3136596679688,2353800
2023-09-25,538.8827306924626,541.390526613507,534.6214566945885,541.028076171875,1686500
2023-09-26,539.4704880147901,542.8305384627193,536.82553273844,538.7945556640625,1864300
2023-09-27,538.6769754804575,540.4402589633155,532.5837790322333,538.5496215820312,2004200
2023-09-28,540.0778683200871,540.4305130975584,530.3601668894945,533.3479614257812,2178800
2023-09-29,534.3666368214108,534.9544378020406,521.3476612415824,526.1771240234375,2967700
2023-10-02,525.0800001100032,529.615592580449,516.0675892917943,527.3134765625,2810100
2023-10-03,525.0702186115911,526.3829204659687,506.03643036178875,514.4806518554688,3266100
2023-10-04,514.8431484950728,525.2367825031026,512.9525108697067,520.6228637695312,2220400
2023-10-05,522.6603212926192,531.4376353756838,520.7696839766568,530.4384155273438,2950700
2023-10-06,532.9071291986104,554.811165232846,531.6434555087556,553.6943969726562,4745200
2023-10-09,552.5188523149425,567.9672390168142,552.0878221466453,560.1010131835938,4208100
2023-10-10,558.3769164028756,574.0016859340166,558.1124029410723,567.4970703125,3526700
2023-10-11,584.042637502284,596.3758758337276,573.0808152853692,592.9375,5850600
2023-10-12,593.1138803081482,600.5001080737165,589.9203465127498,598.0510864257812,4063500
2023-10-13,605.2903892560715,617.1240184282443,590.2729722536405,596.777587890625,3963800
2023-10-16,598.5311049447001,609.2969948994418,596.023309085699,604.06591796875,2941500
2023-10-17,606.3777810398001,607.7492571263925,590.2436545636265,595.90576171875,2911700
2023-10-18,594.8575439453125,603.3213769867388,590.9391093658263,594.8575439453125,2049100
2023-10-19,592.6632631060552,592.6632631060552,566.5469214892656,578.7528076171875,3493700
2023-10-20,577.969071512731,584.7479462542004,569.0350459024233,572.7183837890625,3666900
2023-10-23,574.1093865688525,576.3429227706763,564.3916864578601,564.8912963867188,2781900
2023-10-24,568.1730199323682,582.39695673676,567.3011538796324,580.3495483398438,2633000
2023-10-25,584.7675607450534,587.4712900506388,573.9232863557714,574.5012817382812,2283300
2023-10-26,568.1730536380973,569.1526623512664,554.6152427399853,556.5156860351562,2846500
2023-10-27,551.529493176999,559.1704289323575,545.289390660909,548.80615234375,2717400
2023-10-30,559.5622244965094,561.521441607456,551.0787809233963,554.1743774414062,2290900
2023-10-31,557.3678742818125,557.9948381331174,536.4434490166644,542.6345825195312,3661400
2023-11-01,543.6828368103864,547.0428875278776,540.0191097828763,543.1538696289062,2935900
2023-11-02,566.5369759043126,585.2572791753221,560.3262319766092,568.4569702148438,5181300
2023-11-03,566.6349439532584,571.1117620242676,555.6143482023613,556.2315063476562,3056500
2023-11-06,559.4544260797913,585.521855366519,559.3662947918884,583.05322265625,3978500
2023-11-07,584.8264088837677,589.6656783773768,578.0965017255871,587.6966552734375,3168200
2023-11-08,595.2689843001787,613.1076798911564,580.1046610637234,606.505126953125,7776400
2023-11-09,602.2242366917519,603.0961027594619,571.5330802603764,579.26220703125,6279800
2023-11-10,582.8670291204396,586.648303396597,574.0505530497103,585.5217895507812,3645900
2023-11-13,582.2304033896196,606.1328794405538,566.3607903785409,600.216064453125,5744800
2023-11-14,596.9184293489074,604.5931304674407,591.4715677595802,599.4701538085938,3827600
2023-11-15,599.5289822016903,601.5212307547977,573.5606252158627,577.6040649414062,4287000
2023-11-16,580.509143040489,584.032462420642,570.9403110123491,577.8102416992188,3030500
2023-11-17,581.4414501265029,585.1021222642488,576.2988263477071,580.7152099609375,2628200
2023-11-20,580.4502757653275,593.6208978889772,579.7142117435723,586.4957885742188,2827200
2023-11-21,587.3201338760317,590.3821550351179,580.7740887591241,581.588623046875,1851600
2023-11-22,584.3367080989593,588.0464395739368,575.8474125265194,584.032470703125,2052200
2023-11-24,587.2416475874638,592.2861538122554,585.8872850617254,589.9307250976562,1341700
2023-11-27,589.9994660442169,592.4726603488646,580.15586758275,580.5386352539062,2630700
2023-11-28,580.9998301827733,584.3170299512378,578.4088706178709,580.6072387695312,1793900
2023-11-29,581.196074384443,583.4925602353821,573.5802568903538,580.8623657226562,1908600
2023-11-30,580.4700393563187,585.1513667378733,575.3175901739434,580.0578002929688,5658400
2023-12-01,580.7054447718815,590.7845738799203,572.1670902780892,573.187744140625,3638600
2023-12-04,571.3132171444701,576.1810749881419,563.6581640080393,574.7972412109375,2577100
2023-12-05,572.441870713842,580.8035164670619,568.6044904368702,577.2213745117188,2157300
2023-12-06,579.7632074331297,582.8645237176206,573.541047126118,578.3009033203125,2093100
2023-12-07,577.3489350978203,577.9279384994974,566.8771560088105,577.339111328125,2095000
2023-12-08,578.055671860787,587.1828546994316,573.9042895147406,586.9375,2446800
2023-12-11,587.5360804460813,590.0190984582791,556.8667467047601,573.187744140625,5614100
2023-12-12,571.1856232336901,574.9640608702678,567.4267732363394,573.8943481445312,2846100
2023-12-13,572.4222520352158,587.5458870924854,571.4898923364457,586.3976440429688,3112500
2023-12-14,583.4532783722199,583.4532783722199,558.1228701462476,563.0103149414062,5275900
2023-12-15,561.4694662065201,563.0495954215106,551.2136914175986,561.4105834960938,5317000
2023-12-18,565.7583988868995,572.216150587058,565.0027472344326,568.9873046875,3033900
2023-12-19,569.4681424978949,574.2378225163719,566.5238866986813,569.0363159179688,2192700
2023-12-20,565.7682619600913,569.085462127928,559.4381589419918,559.6148071289062,2647100
2023-12-21,560.7922746646707,564.3155931592821,556.4838933129828,561.371337890625,1786500
2023-12-22,562.3725176022996,565.1990080240114,556.8765373818427,559.7913818359375,2226100
2023-12-26,558.9178581554777,562.127115947458,557.0924340485491,560.0661010742188,1678700
2023-12-27,559.8992840694161,572.8343734001963,559.8992840694161,570.7047119140625,2163400
2023-12-28,571.166075871871,575.7885798370858,569.2228858780709,570.0570678710938,1973500
2023-12-29,572.0198555157729,575.2781727319685,568.7026555746296,572.0885620117188,2000100
2024-01-02,569.6251423451448,581.7064028954976,568.2904274275597,581.1961059570312,3226700
2024-01-03,588.8511685855802,608.3225402499337,587.6734542682013,606.2222900390625,5130300
2024-01-04,613.6418618347899,624.5846443258474,601.8746612847967,603.081787109375,6272500
2024-01-05,602.5910754966069,608.420704909668,598.8518726847625,607.0565185546875,2404000
2024-01-08,610.8643790314221,614.4269333824548,598.2629976071573,614.3975219726562,2453900
2024-01-09,618.4017002591121,622.6316123067047,612.130420617242,613.8577270507812,2918900
2024-01-10,616.8117400451092,625.2126805070712,614.1324865496146,618.4801635742188,2679100
2024-01-11,622.602166046104,627.8723791869442,616.4682997368359,623.9074096679688,2690300
2024-01-12,626.3414869231093,632.0337039536622,621.2479209812295,630.9737548828125,2067800
2024-01-16,631.9452247791098,635.6942510216641,621.8955078927626,622.77880859375,2413600
2024-01-17,627.5681282452412,628.6182533228074,613.5730895924391,617.2239379882812,2124100
2024-01-18,609.7357282858145,612.2873924833763,601.3151405922082,611.7672119140625,3385000
2024-01-19,610.8250418288608,617.891266630061,608.4794373634227,616.9000244140625,3125000
2024-01-22,618.2936345541332,620.8845936847024,613.386542216402,619.1572875976562,2030200
2024-01-23,616.0266009626147,618.2936753762864,603.3957492434389,617.9796142578125,2525000
2024-01-24,621.7484006483592,631.2190552641194,620.2566250400553,621.925048828125,2276900
2024-01-25,615.7125921234252,620.8552160853917,613.0725736512201,615.9579467773438,2407900
2024-01-26,625.5071069127094,627.715298713862,618.7844136118376,627.371826171875,2410300
2024-01-29,629.5801101566285,633.6530218133054,627.8822749359201,633.0150756835938,2718500
2024-01-30,633.7020138819141,634.78155040174,629.0893343952204,632.995361328125,2006100
2024-01-31,638.295156319726,651.2204249892033,625.1637681403303,633.61376953125,4719000
2024-02-01,635.3017047511562,648.2466181886158,631.2189699228534,648.1582641601562,2494300
2024-02-02,650.072106079814,660.1218237174631,647.4811464041895,655.2442016601562,3019200
2024-02-05,678.1799525482282,698.6523317500288,669.8477175745019,693.077880859375,7602400
2024-02-06,728.2125170934444,728.2125170934444,678.2582921626058,691.9295043945312,8187300
2024-02-07,697.180089462816,727.2212958300734,693.8825376287346,711.9013671875,5798000
2024-02-08,714.7867834328974,727.2311637705636,712.264530508079,722.010009765625,4636900
2024-02-09,721.8333541275298,731.843835464774,719.9784586645362,726.40673828125,2833900
2024-02-12,727.0348691400726,727.0348691400726,712.9515365345097,723.5606689453125,2932300
2024-02-13,716.6124083655416,729.1745576593826,716.6124083655416,729.1647338867188,2860300
2024-02-14,733.2446375649146,751.1672399225276,732.4384564926146,744.5408935546875,3394300
2024-02-15,743.056334984666,750.1251057559426,737.363982613501,745.0029907226562,2507000
2024-02-16,758.0297258107929,781.0744473936917,750.6266600074251,768.8737182617188,5009400
2024-02-20,776.679780591343,780.0027950860018,740.5002787624733,742.9187622070312,4701100
2024-02-21,725.6351349021965,736.8625637008593,720.8767164937886,733.3330688476562,3541800
2024-02-22,750.7052662215465,762.0506682531826,743.5185228017572,756.6630859375,3167400
2024-02-23,760.9495184183745,764.5379994520905,749.4074771844158,756.564697265625,2394800
2024-02-26,758.2950607018079,767.0646433406858,756.1518249899271,758.9046020507812,2243800
2024-02-27,742.1716386814912,759.9172852376513,732.8711223450946,752.101318359375,2716700
2024-02-28,749.3976122867527,750.1349664477433,738.9861451309104,744.8653564453125,2716300
2024-02-29,740.3822476055751,743.7052618341627,731.4848527060875,740.9721069335938,3905400
2024-03-01,756.0534011467541,770.8594687214019,751.2458381279628,768.9324951171875,4247500
2024-03-04,783.0111571531842,787.278006432175,772.9044603390611,778.9213256835938,3855600
2024-03-05,772.0687457727425,775.2344839821784,756.30906166191,764.4789428710938,3168700
2024-03-06,771.0659391350123,774.5659110047787,760.9494620747179,766.6221923828125,2518600
2024-03-07,758.8259524192755,779.6193040805216,748.2866722436837,767.005615234375,3977400
2024-03-08,766.8483359603528,766.8483359603528,742.2698636539311,749.2894897460938,4054900
2024-03-11,739.5268943468167,744.0394680550903,715.3514836754196,721.9876708984375,3968900
2024-03-12,728.4665999121079,743.2234639699411,725.5663282396443,742.220703125,2701700
2024-03-13,744.2361486386086,747.9426015002067,733.1365320398176,745.06201171875,2357500
2024-03-14,752.052136766528,755.0506985028643,736.7643384009133,747.9032592773438,2647500
2024-03-15,742.6434771091094,748.0605821222131,735.1028184459913,741.453857421875,3730100
2024-03-18,749.4271826218857,756.7023747998497,745.4651038768521,749.8007202148438,2521400
2024-03-19,745.6519434821021,760.8020890272197,742.269942931286,759.7501831054688,2557100
2024-03-20,757.1251033071809,760.1236650279238,743.8822507872353,759.8287353515625,2038000
2024-03-21,760.9495129136906,767.3792197539664,746.084457461906,757.2725830078125,3013200
2024-03-22,757.0169378680298,763.8989100304665,754.34282891638,757.6166381835938,1981000
2024-03-25,758.0984230723192,765.3638343404297,755.1982111642077,760.1040649414062,1806600
2024-03-26,761.1461413610776,765.2065097811113,756.033807127022,761.8343505859375,2099000
2024-03-27,765.5801744920346,772.0197227911033,754.44119307933,765.05908203125,2297700
2024-03-28,767.162905659758,780.2877851513323,763.3483221658919,764.8427124023438,3209400
2024-04-01,762.9157649024132,764.3904732108585,741.1097519155916,747.7262573242188,2921300
2024-04-02,742.3387377132927,752.1701272601238,740.7952023537155,751.078857421875,2596800
2024-04-03,752.7795057131714,773.9759745890692,752.5041980625365,762.9058227539062,3044900
2024-04-04,768.3624066224365,774.6152160567846,754.8737687988784,755.12939453125,2354000
2024-04-05,752.5632926338438,773.4452129323338,750.2234772957834,770.9873657226562,2113400
2024-04-08,771.7836639248418,771.9606217136088,760.3103905685072,764.1839599609375,1664200
2024-04-09,764.5281649243151,764.7051227293698,737.9932550476152,744.4721069335938,2464100
2024-04-10,738.6127235069612,752.3569880234312,734.2377427971043,749.1322631835938,1700300
2024-04-11,746.9693305365978,750.4594617625803,738.012889213782,746.7825317382812,1594800
2024-04-12,746.7627138163839,750.6264419356437,737.1475879576549,738.9664306640625,2495000
2024-04-15,747.2543239690872,755.050607546809,736.8822215046439,738.1111450195312,2358600
2024-04-16,739.0058172961858,740.441221646024,730.4721791203758,734.1491088867188,2569800
2024-04-17,746.398998003208,758.8160459981127,732.3204430159344,738.1111450195312,3069400
2024-04-18,736.7839608461627,739.5171158771589,731.2292618898028,733.3724975585938,1717300
2024-04-19,736.5282980730128,737.3640021259216,709.8950993761551,714.0635986328125,3505500
2024-04-22,717.4357452055123,725.4385099620523,713.1885781111768,718.9989624023438,2354100
2024-04-23,728.7025373943248,733.5788677518633,719.1070924886686,733.1168212890625,2042000
2024-04-24,739.9496704447583,739.9496704447583,716.5017718552618,719.8543090820312,2133400
2024-04-25,712.775701040815,715.7152767448313,706.1886584230926,712.6478881835938,2608800
2024-04-26,711.2813001113423,725.0157815146333,708.8431348826094,721.1422119140625,2009200
2024-04-29,723.3444561044884,728.0930338616455,717.307968770003,724.77001953125,2665600
2024-04-30,761.9327465383587,782.087096608083,754.7164796717102,767.9298706054688,7437100
2024-05-01,761.6965786480505,769.414193742934,755.2963358593938,763.6530151367188,2802100
2024-05-02,764.2332089019861,764.2332089019861,741.5718095494725,743.1644897460938,3205600
2024-05-03,730.4722099316477,732.4384877511138,718.0256977370838,722.5775756835938,4595100
2024-05-06,725.5958170019186,754.0577003482949,723.5902352346914,753.7529296875,3398300
2024-05-07,755.9355077713649,765.953695344718,749.2599563816899,764.6559448242188,2879400
2024-05-08,765.9634625147235,768.1755249517195,759.1798403782229,761.9326171875,2089800
2024-05-09,763.8989517109898,770.7809242489267,756.2304800270679,758.5408325195312,2522100
2024-05-10,760.9692353001159,764.3118717529321,747.1856079101562,747.1856079101562,2082300
2024-05-13,750.6265097178971,750.6756546590426,737.8752276746357,744.92431640625,1848900
2024-05-14,738.8485171800479,751.6096400684889,738.8485171800479,751.098388671875,1956200
2024-05-15,752.546082082947,775.6990222672405,751.5119786917874,775.0687866210938,3038300
2024-05-16,772.7939360416036,774.537017121909,758.4451791849843,759.4102783203125,2299700
2024-05-17,761.1533796302491,763.1032933266713,755.4512645594292,758.3072509765625,1670300
2024-05-20,755.2543585658308,772.4196702349914,754.4861743077536,771.287109375,2188800
2024-05-21,780.4261850416531,804.2094211243759,779.372426226252,790.9735107421875,4334500
2024-05-22,788.8365597032948,792.657645475317,783.1738752859491,790.717529296875,1767500
2024-05-23,797.6998515361087,808.1487203506045,789.9788783772858,796.1734008789062,3025800
2024-05-24,795.7302358398822,797.8180380856483,791.9387234871893,795.1688842773438,1778100
2024-05-28,796.7151104361159,796.7151104361159,776.2802049459435,795.5924072265625,2483500
2024-05-29,790.8061671881727,803.2246655495278,789.9100123006622,799.2066650390625,2380000
2024-05-30,800.4475567578866,807.5382349595699,793.8690014594232,802.68310546875,1984600
2024-05-31,806.3662205102661,813.6637307012863,798.7831357107623,807.8828735351562,4472100
2024-06-03,811.3199188830245,825.5505034556534,806.0708396515432,818.6370849609375,2537200
2024-06-04,821.3353394195726,822.7829879644023,812.7772985265638,819.94677734375,1748300
2024-06-05,817.8787217069067,825.7178680811065,805.2041617741027,819.1294555664062,2169000
2024-06-06,822.2021234457218,834.1084998252142,819.2476792670241,824.5755004882812,2109000
2024-06-07,825.0383168354473,843.7990235787112,824.2997058604502,837.0825805664062,2468800
2024-06-10,841.0120082177523,858.3940110949336,836.4917425669428,851.8646850585938,3417500
2024-06-11,868.7444859564475,868.7444859564475,839.2886435313333,852.6723022460938,4109100
2024-06-12,858.7583403982718,858.7583403982718,840.8839311734915,854.1296997070312,2594600
2024-06-13,855.8335437114722,871.6200920245484,848.4178602021119,869.9163818359375,2243400
2024-06-14,868.9315594262252,871.1769056557822,862.697665628512,865.1104736328125,2023300
2024-06-17,864.6673011952272,878.6516818694789,863.5445980182484,871.5708618164062,2532200
2024-06-18,873.5306175042437,881.2811041947422,870.5761734766081,877.9229125976562,2437000
2024-06-20,879.4394487209339,891.7004026648539,856.9167433479106,872.535888671875,3360000
2024-06-21,872.210946693916,878.4251249464079,866.4399470709435,870.4580078125,3445900
2024-06-24,876.4653530715004,889.8588688364439,869.5322793364019,876.5933837890625,2878200
2024-06-25,878.2281222909046,895.6100636628604,877.9622031181158,890.8731079101562,2830100
2024-06-26,890.2724180908835,892.5867084087454,884.205986468365,887.5740356445312,2232100
2024-06-27,889.8096225690987,895.7578815030256,886.0574209937851,895.2359008789062,1948100
2024-06-28,897.4715975428414,901.6373450261724,891.6316528320312,891.6316528320312,3375400
2024-07-01,897.9244303902824,902.9075898803393,890.577691808178,900.4849243164062,2546100
2024-07-02,889.0020864724637,898.1509932626467,865.159701295214,892.9413452148438,4584600
2024-07-03,897.1661694916636,904.5522795588288,870.5761732498689,884.4620361328125,3078400
2024-07-05,884.787022850772,902.543259923827,883.2802876856751,900.6819458007812,2880900
2024-07-08,903.9515602995676,914.5087448083968,898.1509874131945,904.0598754882812,2364600
2024-07-09,914.9420988914874,920.8017584670325,906.7977220726077,918.3397216796875,2416000
2024-07-10,922.3479393846,931.3294449183593,918.8321435836126,925.5092163085938,2683300
2024-07-11,919.9054832064184,928.5619817795142,904.6703703026552,919.9547119140625,2855100
2024-07-12,922.7713793262785,936.351952480143,921.8161379136544,933.998291015625,2315100
2024-07-15,941.6798041556252,951.4294333720886,933.6929715682284,936.0269775390625,2358700
2024-07-16,941.2366659635783,941.8669618085829,924.1304391344858,927.301513671875,2111800
2024-07-17,896.1911817573056,910.953543619825,888.9331026562647,891.8383178710938,4200600
2024-07-18,893.2564991787269,896.0533392441062,823.9550339842608,836.0092163085938,7649600
2024-07-19,854.4842998856858,866.8437725113122,840.0469427683014,844.4490356445312,3782200
2024-07-22,851.6676689820438,861.1415807913893,843.8088675709947,852.8198852539062,2904500
2024-07-23,856.7887281797522,874.2396145729854,850.9586423999376,864.9528198242188,2087700
2024-07-24,859.2507432067264,865.0020869498883,841.2975921850444,846.8223876953125,2726100
2024-07-25,834.1379722747474,838.6878109512173,794.1348077400828,808.7199096679688,5468000
2024-07-26,799.5414564281467,809.527491296998,789.1319584773792,792.4015502929688,4173900
2024-07-29,801.648954628415,812.245569506515,791.7909507117998,795.5233764648438,2473700
2024-07-30,802.8011805723091,809.4191661232883,764.0290335088632,778.2103881835938,3848600
2024-07-31,788.0191694260413,798.8226180477179,780.0619098496987,792.0569458007812,2961700
2024-08-01,820.961207408308,828.1208293550177,807.7252957261315,819.7991333007812,4060700
2024-08-02,804.2684430930763,807.7350093772532,775.0687291528823,792.243896484375,3515900
2024-08-05,746.4894563473381,780.8988803938553,736.198131899779,763.4873657226562,4661800
2024-08-06,777.1566852005077,794.0265657858002,773.0795379248185,781.1353149414062,3437600
2024-08-07,766.4812266914495,774.6355208094626,751.4332901621686,760.414794921875,4407700
2024-08-08,861.7128440696198,864.4506577290564,812.7084560283984,832.4736938476562,9434900
2024-08-09,846.9406641050538,894.6943205370876,846.9406641050538,878.1395874023438,6587600
2024-08-12,890.4792696107572,890.9814745874905,869.5913294025362,870.9503784179688,4206100
2024-08-13,880.503093570889,900.8001089538845,876.8100386565892,894.2609252929688,3506800
2024-08-14,896.1813301259217,920.1911160647737,890.065609519805,917.5321044921875,3562900
2024-08-15,923.0745223401916,925.0074778382535,907.2954706762567,918.715576171875,3080000
2024-08-16,915.5696044246902,923.3703464282444,906.6938880664712,909.3861694335938,2364900
2024-08-19,909.3861610444304,913.2125857656144,903.8437741405892,909.0804443359375,2374600
2024-08-20,919.2282793915026,953.6463571011317,917.6602699680732,936.8515014648438,4961500
2024-08-21,942.4234723671342,943.2913249252616,926.2006246830701,938.8238525390625,2617000
2024-08-22,938.8337703086971,959.1000366348404,935.0468318615615,940.9935302734375,3183700
2024-08-23,942.246101110985,947.236223943432,930.0863521996455,939.5833740234375,2063300
2024-08-26,936.0922801012789,941.8121744626957,929.7510807465598,937.4039306640625,2166000
2024-08-27,939.3466170978758,959.0506875052268,936.8318429173339,941.2992553710938,2912900
2024-08-28,940.9739520719819,945.1060938270507,930.2343200857491,935.8358764648438,1701800
2024-08-29,941.8121637572831,944.2973837022436,923.0745395568764,927.216552734375,1762800
2024-08-30,931.9501536909478,947.7292039121702,927.5221673533853,946.7627563476562,2555100
2024-09-03,944.5438506782197,956.2598005714724,938.4393280658132,943.3209838867188,2529400
2024-09-04,936.6346861650313,940.825996948081,925.0568161268588,933.2421875,1891700
2024-09-05,928.163220381078,929.9778377686549,893.6564171343014,900.1455688476562,3201100
2024-09-06,905.0864833152541,915.0864725294967,880.6683893395275,890.2443237304688,3440000
2024-09-09,899.9680248247367,902.7885156881395,883.5479261310003,895.7274169921875,2405900
2024-09-10,901.4867804791081,902.4729711945857,882.6406903524836,888.8043823242188,1930400
2024-09-11,889.6920126767654,908.814205648066,884.8103564066694,908.1732177734375,2721100
2024-09-12,911.5458480001056,924.6720427220863,905.9442925111948,922.1079711914062,2510800
2024-09-13,924.0705477670854,929.3367723422828,909.3664108762788,910.9542236328125,2045400
2024-09-16,918.2717126055848,919.7312555185349,907.7194605218515,910.7864990234375,1760300
2024-09-17,908.774770215614,908.774770215614,889.8398959002784,893.6663208007812,2248000
2024-09-18,893.794483437347,902.8575783022734,890.9838640427647,892.4729614257812,1777000
2024-09-19,900.2442314784506,904.1495686452982,891.3783859770045,902.4039916992188,2446500
2024-09-20,909.258049014883,926.8812738527458,900.5894535239552,908.7649536132812,9921800
2024-09-23,908.281671272943,909.267862012653,896.8911802677533,905.8359375,2292000
2024-09-24,909.386208418713,912.8970450765581,896.6446407987543,911.664306640625,2767400
2024-09-25,918.9226200408165,926.3289219040006,908.4690225912927,911.79248046875,1805100
2024-09-26,907.5518681778416,909.11987769173,892.7984335558987,896.762939453125,2693000
2024-09-27,881.2798131297819,888.7650277460465,863.5185072867606,865.6683959960938,4377300
2024-09-30,852.5816221381277,875.1752250917021,846.9504514469837,873.705810546875,3244600
2024-10-01,876.5559571670819,878.9622650486717,866.7334754486632,872.2659912109375,2455200
2024-10-02,867.8478756262889,881.0134982989238,866.5658396666662,878.7650146484375,1751600
2024-10-03,877.2561195855108,879.6821705591987,868.7157339658183,873.3212280273438,1974700
2024-10-04,873.6761971428223,876.693938348251,864.7807977499456,874.908935546875,1970500
2024-10-07,878.2126546222102,892.7787099378319,877.2856329937435,885.9937133789062,2915700
2024-10-08,890.5302370252529,909.2382464456471,889.7708508949337,901.1021728515625,2200000
2024-10-09,903.6366924050759,908.6268151468626,899.4059557954001,907.0390625,1820100
2024-10-10,907.2955083677122,909.2678899076419,892.6505995106564,898.1140747070312,1682100
2024-10-11,903.3900495061491,919.3663498650329,898.5971774561739,919.1888427734375,2293900
2024-10-14,923.074439894381,924.0606305352939,913.2125334852531,916.674072265625,1550400
2024-10-15,911.6742002480187,913.7254939089133,895.2639713454771,900.707763671875,2284200
2024-10-16,897.463179555077,905.1357121399571,885.4415121401003,903.764892578125,1645400
2024-10-17,908.2816248853494,917.6603079717745,903.3900973969768,904.4552001953125,2191200
2024-10-18,904.514449022327,908.202792895077,893.1140860555051,905.2935180664062,2286900
2024-10-21,905.3033403818528,906.1711930332316,892.0686777367828,893.6170043945312,1592200
2024-10-22,889.2284607733952,898.5381037829492,887.7689177371836,896.5953369140625,1391800
2024-10-23,893.114061694387,895.4119029944329,879.4158577384825,890.7767944335938,2646600
2024-10-24,885.9247423473219,887.5716640256127,876.0135374708304,879.0115356445312,1797100
2024-10-25,887.3053257388758,888.5183812121716,877.1673167972405,880.3724365234375,2228300
2024-10-28,882.5125065789143,885.8064101496499,878.4790201422243,883.2225952148438,2084100
2024-10-29,885.8064551709509,895.4414983021614,885.8064551709509,891.102294921875,3187500
2024-10-30,787.4733097417896,848.6171359208641,758.3806827694881,835.1359252929688,18257200
2024-10-31,824.9583906403857,841.71376097322,813.8440022093487,818.2818603515625,6582800
2024-11-01,816.5659117907718,821.4968653643875,805.4515231743045,807.6211547851562,5266300
2024-11-04,793.8836015662869,808.8638423687518,792.5818224748028,795.0078735351562,3918100
2024-11-05,792.7297079859383,798.0354189062089,786.4772322996552,794.9288940429688,3733300
2024-11-06,806.0432742756959,809.3962865926898,757.0098406057682,765.6587524414062,8257900
2024-11-07,773.8145158870195,791.4672923675748,767.4437026328895,786.437744140625,4557600
2024-11-08,792.4042408109073,835.569827739269,790.1951832364284,820.0570068359375,7212900
2024-11-11,819.8203691973706,832.3450039252283,813.2424936623763,820.9446411132812,3342800
2024-11-12,818.7354914684806,822.4731323709698,799.5244566334801,807.5520629882812,3378600
2024-11-13,808.9919799763801,817.6605747501258,800.0866488679114,800.5994873046875,3059300
2024-11-14,798.0157032100465,798.0157032100465,772.6903317252742,775.3727416992188,3998800
2024-11-15,765.7512650304444,768.5072721991606,735.1386098742687,737.1142578125,7334600
2024-11-18,724.2626983450615,725.0628333925752,702.7380345738519,718.3456420898438,9148100
2024-11-19,707.5882064109799,721.1115193708611,703.7455565842542,720.8447875976562,5832500
2024-11-20,726.8309962115507,748.1482549240504,726.5050577031498,744.2364501953125,5158900
2024-11-21,737.0352820989349,743.8315164484102,726.0506833858984,740.7890014648438,4143200
2024-11-22,747.8321904873203,752.0107272480706,736.0079654621229,738.9022827148438,4015500
2024-11-25,740.8680088472682,745.80712890625,730.9996566161415,745.80712890625,5690500
2024-11-26,775.6393985550234,797.1739491884571,764.526378817266,779.709228515625,6622600
2024-11-27,778.5238626616109,785.1521835481021,770.7990715818114,778.593017578125,2714700
2024-11-29,781.6948208448271,790.5852372775007,779.7191727486774,785.6658325195312,2206900
2024-12-02,788.3921595826853,795.5439953459255,785.5373338923343,790.0615844726562,2895600
2024-12-03,793.1536070707785,807.1807215205981,791.849672007804,803.427001953125,2782100
2024-12-04,818.0170364606524,836.1535310595285,810.5095981207551,819.7359008789062,3871100
2024-12-05,817.7009943841243,821.0101807269144,807.5066432855202,815.5672607421875,2423400
2024-12-06,817.6022033581343,830.7600269534834,815.6364431432157,816.64404296875,3047100
2024-12-09,813.6705439152342,813.6705439152342,791.5235493556518,793.7955322265625,3176000
2024-12-10,799.4163776813523,804.0887660827191,787.2957574544558,789.8443603515625,2695200
2024-12-11,785.567053771631,789.7653058666067,776.7951716298281,786.3375854492188,3510900
2024-12-12,787.0290730446764,792.0768999992845,768.9124128799122,772.8241577148438,2823800
2024-12-13,767.6676577890853,784.5791995779701,763.5780520237569,779.5116577148438,3059400
2024-12-16,782.3566665747352,790.0419668102868,765.8106133359387,769.5149536132812,3426200
2024-12-17,768.3888314479368,778.4053821811082,763.0249538793681,769.1395874023438,3924800
2024-12-18,765.5636132115477,769.5149092797363,753.2158129984582,755.39892578125,3354200
2024-12-19,755.7841090464261,763.5582790080551,743.2387926333419,748.316162109375,4032600
2024-12-20,801.4710208844659,801.4710208844659,757.275782422038,758.4118041992188,9942300
2024-12-23,775.6097630895318,789.6269882399721,763.6571166538976,786.5845336914062,3622300
2024-12-24,781.7343022986925,788.0366244697385,777.5162743728685,785.98193359375,1165400
2024-12-26,784.4508052808662,794.1215807234346,781.8627111739971,784.4705810546875,1274200
2024-12-27,780.3809489444574,783.6407560398777,769.7321774351607,773.6340942382812,2096500
2024-12-30,768.4480643385974,770.2656871101921,761.6123388277645,764.4177856445312,1719100
2024-12-31,761.6123346516505,764.486876078862,754.9939015268883,762.6001586914062,2327000
2025-01-02,771.0855270646813,777.4174520836727,762.372912552161,768.59619140625,1938900
2025-01-03,768.6950110093684,776.2716647540104,766.0872013837178,772.4586181640625,1799100
2025-01-06,774.1774592385175,775.2147227563845,754.055487547051,755.7841796875,3991100
2025-01-07,755.5866525875224,774.4145768834541,752.3465607092234,763.8744506835938,3576100
2025-01-08,764.4079083342004,782.909833662842,761.2863505447473,777.6348266601562,3478400
2025-01-10,782.2875934515994,790.2593417970172,775.3036692834279,790.1605834960938,3973100
2025-01-13,784.7273820233853,795.5341786136879,774.0687228526596,787.7698364257812,3683800
2025-01-14,774.6812778636581,774.6812778636581,720.1237718877424,735.8400268554688,10373000
2025-01-15,739.8801970282939,745.4119874687171,726.31739241626,737.647705078125,5736900
2025-01-16,738.3984291100322,756.1891487343719,737.3118468428542,748.3754272460938,3070300
2025-01-17,738.7245033628905,746.0838048644581,716.1823504777707,716.8836669921875,5560100
2025-01-21,722.3660500710741,734.2298255356702,717.683774124392,733.3110961914062,5122800
2025-01-22,736.5019350280425,751.1118322711015,730.0514144900721,744.7996215820312,3737800
2025-01-23,738.5565393290616,757.2659301757812,735.1880856799545,757.2659301757812,3127200
2025-01-24,752.672489888751,779.6795636045746,751.2302451799828,775.8468017578125,4170600
2025-01-27,769.2284552161278,799.3965787247952,769.2284552161278,798.3297119140625,3915200
2025-01-28,797.4110806867385,806.2126267822404,790.3678903496808,795.1884765625,2808800
2025-01-29,797.1642146482135,799.2682849466703,789.2715092029048,794.2896728515625,1827600
2025-01-30,798.5668004507186,814.5794497400237,795.1983470247186,813.2063598632812,2643000
2025-01-31,812.9791914730785,817.276201964917,801.1549665591259,801.204345703125,2561600
2025-02-03,794.4772861011148,808.0006000656279,791.9879501449192,800.562255859375,2808800
2025-02-04,801.1747638466667,818.9457106373204,796.1269969162478,816.0119018554688,4299700
2025-02-05,824.9812873933654,836.5882200922814,820.941060461605,831.9256591796875,4578900
2025-02-06,829.2980525612696,876.9308985546159,825.4356268236756,859.7723999023438,7138500
2025-02-07,865.8574272320956,878.5311661454376,859.0315294112195,867.61572265625,4426100
2025-02-10,867.0427555470516,869.2851353601116,848.9063210566621,858.300537109375,3065600
2025-02-11,856.4730851291921,863.5458785519435,850.022565367594,854.4677734375,1944200
2025-02-12,846.496082719053,867.0922509885214,845.6860597373802,862.3407592773438,2533400
2025-02-13,866.3907863066152,872.7424872698161,857.2336387087171,861.2442016601562,2472900
2025-02-14,859.9974505967806,864.351391322767,832.6766386299525,835.4275512695312,3222300
2025-02-18,847.4502472926195,853.6941569375992,842.4432457420961,848.2221069335938,4289400
2025-02-19,848.2022511173636,872.0993383657533,848.2022511173636,857.9688720703125,3205500
2025-02-20,857.761207602242,871.1000059584669,854.9509256705151,863.9754028320312,2990300
2025-02-21,871.3967345854161,885.0324373838636,864.2820373450146,864.5294189453125,3940400
2025-02-24,870.0806934192753,883.7559562520127,860.9078242659796,872.1686401367188,3017100
2025-02-25,881.4107595711737,902.4481010641491,881.4107595711737,892.3549194335938,5111300
2025-02-26,888.9609605158131,912.7689668561246,887.2094791983338,905.4266967773438,3032800
2025-02-27,906.1292073375224,915.8068058152651,894.5913545429412,895.6798095703125,3085400
2025-02-28,892.3945518553593,911.5715187119024,883.2611817384828,910.9877319335938,4071100
2025-03-03,903.2397725606938,925.8306793524939,900.4691104538628,919.9825439453125,3979800
2025-03-04,912.5809043285091,919.4284107573761,893.3346019375422,901.5180053710938,3343500
2025-03-05,895.3235606006599,920.7444986731551,892.1966834506443,919.9825439453125,3109500
2025-03-06,910.7799415395566,921.6251734520221,888.8718712759832,903.2001953125,3273100
2025-03-07,895.9074147910333,898.4900644681105,852.3682486714332,860.4724731445312,4818100
2025-03-10,844.9666106135222,854.149446214445,817.131283638509,821.069580078125,5962900
2025-03-11,818.5362656333486,823.6322904521484,803.1392369741086,815.4291381835938,3796500
2025-03-12,806.4146565623489,825.9083412549646,804.7423543131774,813.2522583007812,3014800
2025-03-13,809.6701786034394,812.510114914128,787.0496166126107,793.2539672851562,3566300
2025-03-14,794.6987572065698,806.6720662680027,791.6213437278475,804.9601440429688,3102300
2025-03-17,808.3936876445754,820.3174699109028,806.0386097388524,816.1218872070312,2546600
2025-03-18,824.6911542597699,827.531090467741,804.1090152502452,813.8954467773438,2354900
2025-03-19,813.1137522829972,833.3100236013995,810.9170322655541,828.24365234375,3790500
2025-03-20,830.2424592145377,845.4415719596052,823.7412627764459,833.745361328125,4402700
2025-03-21,829.025301263694,841.5230259658852,816.6760296969497,828.7977294921875,5963800
2025-03-24,836.4665459706409,857.790829908925,828.9857280666611,855.8414916992188,3102400
2025-03-25,860.4428432376686,865.7565962497673,839.0393780408604,843.4229736328125,2670600
2025-03-26,836.8326818514862,842.4927445337806,817.7447370976439,818.1009521484375,2562100
2025-03-27,814.2021274784561,818.1107688749984,806.7509646251992,813.0641479492188,2128200
2025-03-28,811.4117256124293,821.0893237201336,808.8686352736721,813.8954467773438,2124700
2025-03-31,800.5070900354771,819.3378074123203,781.1322055849639,817.259765625,3737000
2025-04-01,810.0263509006857,812.0647730299529,788.6526031298075,796.79638671875,2987700
2025-04-02,786.7131129710551,811.2632625881279,786.7131129710551,809.6503295898438,2683800
2025-04-03,802.0211414253788,810.2143895237581,778.8167326825912,780.8255004882812,2675100
2025-04-04,754.127978117201,760.2234947884825,727.0050850636521,730.4783325195312,5299400
2025-04-07,690.6202517275007,740.165852898295,669.9985524283524,716.1500244140625,6274400
2025-04-08,747.0726470114276,755.5034315467316,705.8094430747116,718.6336669921875,4115200
2025-04-09,697.0224907411066,746.9243048873627,681.783758483122,745.8160400390625,6619000
2025-04-10,731.1611914605321,734.1792353568163,684.5248003587942,713.3595581054688,4182700
2025-04-11,715.3187632880171,728.1331424173281,704.5229962989829,724.739013671875,3603400
2025-04-14,742.5901627312824,751.6047345144194,726.8270130730835,746.4492797851562,3461200
2025-04-15,747.6565106918698,757.2944886981631,743.6192258454813,749.2496337890625,2458100
2025-04-16,747.7258343335935,748.3788952628272,722.6908254478761,727.2030639648438,3302600
2025-04-17,831.9938881839001,849.0137564530492,813.2325039674083,831.1627197265625,10853400
2025-04-21,832.69642048033,835.0712477452554,798.5478527044329,809.4524536132812,3326600
2025-04-22,813.2720482585773,823.2860516513176,805.4745745723228,818.8727416992188,3086500
2025-04-23,828.1941005036487,837.1493030258686,810.0659682287749,820.7330322265625,2714600
2025-04-24,827.2441417664407,853.2192120073129,820.5252786733272,850.7255859375,2939500
2025-04-25,850.656332451693,876.3049030590383,842.1563335581026,875.2757568359375,3398900
2025-04-28,861.3233916206647,873.0096963902855,855.3565182336549,868.1016235351562,3457600
2025-04-29,868.5075056062632,883.1227723636307,864.8759599088871,875.928955078125,2454400
2025-04-30,878.8975016023116,893.0477193139213,872.8811632139741,889.534912109375,4374100
2025-05-01,835.1603548324765,842.0177661382727,783.7742516221052,785.782958984375,12601100
2025-05-02,816.4781863898825,822.8210857411278,799.131816433392,814.993896484375,6059400
2025-05-05,808.4430747582938,820.9507030414917,803.5251575040796,812.8563842773438,2889600
2025-05-06,808.3343752613624,809.848319509461,762.2817699832631,767.0018310546875,5982000
2025-05-07,772.3254612683859,776.1252697404332,764.1717722759315,768.5850219726562,3807800
2025-05-08,756.9877219798929,761.9155442943288,731.3392137224852,743.5796508789062,6162000
2025-05-09,744.1338088614464,754.029073541412,725.3229010414871,726.87646484375,4072600
2025-05-12,720.246658668138,757.3143436124759,714.6162503895599,747.6565551757812,9176100
2025-05-13,747.6366281950413,751.5452693908683,733.0905786437809,738.2460327148438,4523900
2025-05-14,741.3927317966093,751.545282070944,706.551546774252,708.0654907226562,7558500
2025-05-15,718.0993909903264,730.9434255953811,704.7506882084301,725.60986328125,5212900
2025-05-16,733.7505010444773,752.4611339795356,731.7673915821949,750.99365234375,4645100
2025-05-19,746.6408049744409,752.3124696891972,741.2467441485253,748.7329711914062,4062700
2025-05-20,749.6154846485974,757.052146202651,736.725271288238,740.701416015625,3873500
2025-05-21,740.7409727481104,744.1816992420295,717.8558718987254,718.82763671875,4060000
2025-05-22,711.0438908679146,716.0909312014154,705.5407740795512,709.1599731445312,4249900
2025-05-23,704.0039269931607,713.5625300477685,703.0123721664097,707.6826171875,2635700
2025-05-27,710.9746216156627,725.1339937712683,708.2974113471694,719.0953979492188,3792700
2025-05-28,719.0953572548234,723.8250931108439,708.7038821112295,713.3146362304688,2948800
2025-05-29,713.1559537105494,721.1875840631129,710.9051654229004,716.4677734375,2785500
2025-05-30,718.8772636239413,739.6007841211203,711.0538813612909,731.4402465820312,6106200
2025-06-02,726.3138384832904,741.0582524516075,724.5290520762813,740.8103637695312,2946900
2025-06-03,739.9478633672011,750.607078819392,735.1983370597856,744.4396362304688,3056500
2025-06-04,750.0021099853218,766.0950241709232,749.6153891090696,759.372314453125,3135900
2025-06-05,763.001430740665,763.4972081485537,746.6903419171872,759.2136840820312,3636400
2025-06-06,761.9899729737795,766.0751736918032,758.7377048723029,763.378173828125,2069900
2025-06-09,765.4307571499768,772.7087356543543,761.1075926496384,767.1759033203125,2262200
2025-06-10,770.5273331422937,801.8009492188204,770.438066583133,800.3731079101562,4744400
2025-06-11,802.8123225607357,813.7887803177479,798.2313444857547,801.7810668945312,3125400
2025-06-12,803.48664692154,811.6471238526723,799.5402175222356,805.1723022460938,2271100
2025-06-13,803.4965850446405,818.0327525398911,801.2754513405858,812.4403686523438,2754600
2025-06-16,814.7407869594977,818.0327563443632,798.9552505947094,800.7598876953125,2821800
2025-06-17,798.3602259879503,798.3602259879503,782.2772363859073,784.5578002929688,2875600
2025-06-18,783.2787010676199,783.9529510474804,772.8574507730262,778.4002685546875,2442900
2025-06-20,779.3620738109855,779.3620738109855,749.1791432390443,756.28857421875,6210600
2025-06-23,764.0227184034529,786.5111731017507,757.3792894063722,764.1317749023438,3951500
2025-06-24,766.3628609869726,777.8153076761828,756.5762192234922,771.509033203125,2788500
2025-06-25,772.4211594553689,792.2026890575561,767.0667395336776,785.6088256835938,3023100
2025-06-26,787.2448662081758,792.053882295537,781.5929923139549,788.4049682617188,3118200
2025-06-27,789.0792374780942,795.7226662347098,768.097966140996,768.901123046875,4115100
2025-06-30,771.9650872106841,778.3705532962413,767.4634500016442,772.94677734375,3041500
2025-07-01,772.9467609618836,783.3283109191647,766.4718789120434,769.347412109375,2734000
2025-07-02,769.9423619667843,773.2541818845334,761.514145512544,772.6989135742188,1978300
2025-07-03,773.8688996219421,776.9327701366556,766.4718788488047,774.0770874023438,1450800
2025-07-07,774.0869971415931,774.5530593697288,755.5945363584027,766.3429565429688,2576900
2025-07-08,768.306201733812,785.9955657449415,762.3073073823774,771.0924682617188,3301800
2025-07-09,777.1806458350782,787.294516973183,775.3859340547057,780.2742919921875,2703100
2025-07-10,783.0010744825429,792.7381500365019,779.7884465623587,783.9728393554688,3130400
2025-07-11,779.7090774814097,789.0098661645901,770.6363875511537,786.3128662109375,2852500
2025-07-14,783.3283286451447,794.1164502154036,780.7106093259557,792.5894775390625,2401400
2025-07-15,794.8996613369304,798.6179915645292,757.9246073407786,765.2323608398438,4174100
2025-07-16,766.9676730048795,789.3172974356654,765.6389628832209,783.1300048828125,3255400
2025-07-17,780.1453684836391,783.3282811345823,753.6014880092224,755.0689697265625,4107300
2025-07-18,757.4090078110651,769.4068567721442,754.0773983274038,765.1927490234375,3357700
2025-07-21,761.6826901412245,765.4803622517999,754.0774812078936,755.7432861328125,3058000
2025-07-22,756.8934688081879,771.7171646749002,756.0605361462561,769.8828125,2496600
2025-07-23,773.4127047308529,793.3330662800882,770.5173818073762,792.1431884765625,2683600
2025-07-24,794.5923553463663,803.2982357079286,790.9137256999436,798.6279907226562,2786400
2025-07-25,802.1678205810194,808.3055471172544,795.5938075188598,805.82666015625,2976900
2025-07-28,805.787036905091,813.293053525459,795.7227314212897,801.2853393554688,2587700
2025-07-29,767.9592211643791,772.907070117263,748.8023744534726,756.5067749023438,7100700
2025-07-30,767.4634370048191,771.5287875924411,752.0050706049541,753.6610107421875,4338700
2025-07-31,740.9888679136957,759.9771659772399,729.229042859929,733.8199462890625,5810300
2025-08-01,740.5129435462677,761.5140663962374,739.6899361383702,755.8919677734375,4859500
2025-08-04,753.5518466458209,767.9393159870364,746.2143776875052,762.505615234375,3353400
2025-08-05,759.104649629982,763.4377394592344,753.1057549241941,759.4814453125,3615200
2025-08-06,750.1707185835259,756.5563340994654,733.9389708835448,740.0667724609375,4752100
2025-08-07,669.9539109818675,672.5617050309087,627.8525315589807,635.4478149414062,26101600
2025-08-08,649.4683805417218,650.6384079191122,618.5120693766552,620.3662719726562,14125100
2025-08-11,624.1044020088397,648.913122341491,620.6141702844774,629.8554077148438,11294200
2025-08-12,634.0993233280717,640.7229024297908,624.0846436022342,634.0299072265625,6897400
2025-08-13,644.9072337657695,656.1613559731452,639.0570365314577,654.9119873046875,6310000
2025-08-14,656.4092745115997,679.6909617397549,649.5675222159092,678.6498413085938,8395900
2025-08-15,689.8492348794763,702.360295287973,681.5018561512809,696.8351440429688,8224600
2025-08-18,690.6640705047233,703.3142674500175,689.1535775013595,693.675048828125,4997300
2025-08-19,702.1815115366097,709.7935386664542,694.1720276827141,698.8028564453125,5941000
2025-08-20,697.1233836240052,701.3765280437559,680.8559841652877,701.018798828125,4139400
2025-08-21,700.7802371253248,713.8975194911465,700.7802371253248,705.3712768554688,3617300
2025-08-22,710.5585314479633,714.950873178815,704.9837061579872,707.2196044921875,3222700
2025-08-25,706.543942230388,709.0282739541235,689.8790256187284,690.97216796875,2898100
2025-08-26,711.7511051467837,731.5661377724492,708.6307698867109,731.4171142578125,7695600
2025-08-27,732.3412173931135,741.9108674271858,726.9650899246445,729.5686645507812,4326200
2025-08-28,731.188519287577,733.9610723790537,721.787846624947,727.3726196289062,3117000
2025-08-29,727.7303282931698,732.7983407335267,723.9342621522303,727.9887084960938,2551200
2025-09-02,723.427328075553,732.520004901453,719.1046158713432,730.5822143554688,3222500
2025-09-03,727.4321654666944,733.2057495117188,724.4509676330648,733.2057495117188,2222500
2025-09-04,731.7052419639261,742.318299530301,730.7214563316198,738.25390625,2423400
2025-09-05,740.0327181303616,740.0327181303616,718.0414096877439,722.65234375,3958200
2025-09-08,725.1366560837786,738.0452331862986,714.7123498927086,734.0106811523438,4534600
2025-09-09,729.578679409936,748.1217658878764,729.2706246935512,745.9057006835938,2986900
2025-09-10,743.4014604770889,751.0631001399662,737.8365214277803,749.8905029296875,2477400
2025-09-11,747.7639285232369,756.3597402465629,745.6671671786654,751.5401611328125,2197500
2025-09-12,755.405711082415,756.8267414550637,743.312002042612,750.6557006835938,2198300
2025-09-15,748.3502748111677,751.5998000758158,737.4589428295415,743.5008544921875,2790900
2025-09-16,740.7382686768253,765.5518058509966,739.873726076001,759.9173583984375,3881300
2025-09-17,756.7174897218666,772.0905658397901,751.5998028051338,755.3660278320312,3471200
2025-09-18,756.608164034984,767.698193635726,754.2530225249793,758.1484375,3464000
2025-09-19,760.2055106226935,760.2055106226935,744.5045461939535,747.2770385742188,7349500
2025-09-22,743.8685394186093,757.2640366604928,741.5929133952355,750.218505859375,2527400
2025-09-23,745.8659278054706,748.2806908841919,738.5122818810157,742.2984008789062,2910100
2025-09-24,741.3146293592324,742.2586875320785,731.5462201701722,737.2005615234375,2243000
2025-09-25,733.0468193892569,735.3622336753234,707.5873912323301,710.1115112304688,5136400
2025-09-26,719.5816727124286,724.4310928363001,712.58581677842,719.9990234375,3559700
2025-09-29,721.0027208836202,723.2982409070536,711.592101686436,721.9567260742188,3309200
2025-09-30,722.4039144412288,761.5469977192845,720.7642312955068,758.218017578125,6234300
2025-10-01,758.5160994148447,828.0773830623959,758.5160994148447,820.2467651367188,10124500
2025-10-02,809.2560875044871,829.2301496972177,807.7158140632815,814.711669921875,4291800
2025-10-03,819.7698405532567,842.8145038591455,810.9852169632413,834.6062622070312,5088500
2025-10-06,834.6857111356529,851.2015421277971,833.4037572614619,839.7537231445312,3651400
2025-10-07,839.7040601983759,843.2218518227235,831.3368485575959,838.3426513671875,2610800
2025-10-08,844.672760559908,850.6351565168015,839.6941502314814,840.4195556640625,2180900
2025-10-09,846.352161970374,854.8585110168692,840.3997131092715,849.9891967773438,3071700
2025-10-10,852.6226328546635,858.9328110628743,824.9074140668944,828.2662353515625,3431000
2025-10-13,827.4613879611802,830.0848570062501,812.2274477558103,814.2646484375,2167500
2025-10-14,816.93773539494,816.93773539494,800.9485496946477,807.2587280273438,1928400
2025-10-15,807.4078220136677,824.9869559738304,803.5124067966583,821.3896484375,2355800
2025-10-16,819.8989698698681,829.4686197337215,810.2597514451644,814.24462890625,2272900
2025-10-17,784.0153338670358,799.3982958897717,778.9373139263776,797.7984008789062,3983000
2025-10-20,800.5510267310221,804.3371458345592,794.7576088476834,803.8900146484375,2279700
2025-10-21,801.8726341850876,807.8946512740189,793.7041813819118,794.5587768554688,2099500
2025-10-22,793.3961584982779,810.8262070472514,788.8448460561156,807.3381958007812,2930600
2025-10-23,801.3460262998677,819.5313215072767,800.968403043919,815.8942260742188,2632900
2025-10-24,810.1007989042716,828.9220973371639,807.4077616428007,820.276611328125,2211200
2025-10-27,819.8293935088595,821.2404768155582,806.3941093724563,821.2305297851562,2114800
2025-10-28,820.8231296233146,824.2614662627349,808.9480128935178,814.9600830078125,2493500
2025-10-29,822.1250016177466,825.0863056693375,804.555814674434,808.431396484375,3591200
2025-10-30,832.251085876501,847.6539417942153,807.1593367202244,839.2072143554688,6037200
2025-10-31,833.9006722653443,864.4579515598643,828.9618500584834,857.4521484375,5015000
2025-11-03,861.0992132758607,895.6910456398956,857.2136845091974,890.9111938476562,5401500
2025-11-04,885.8232097699317,909.4839821388629,878.1019481931635,901.1763916015625,5911500
2025-11-05,905.290451160173,949.4718269562402,902.1701160583799,920.0076293945312,7272900
2025-11-06,922.1839194526577,943.9466892266546,910.5175075898647,931.5647583007812,6417400
2025-11-07,925.3340916426345,926.1589067934386,895.25384307029,918.5767211914062,4373400
2025-11-10,933.8503533456447,975.8355597206689,932.5286718782033,960.581787109375,5696600
2025-11-11,960.4923233924388,993.6830196378343,959.240210493399,982.4240112304688,4166400
2025-11-12,986.8957640151474,1016.0121185148515,983.8946720048291,1011.4012451171875,5185200
2025-11-13,1003.7594783618752,1026.4761324195943,1003.7594783618752,1016.4593505859375,4153600
2025-11-14,1004.1487693196433,1028.6503925085228,1002.9445650830799,1020.3505249023438,3862300
2025-11-17,998.8941854985958,1027.1775887158303,993.5002613240432,1016.7877807617188,4720000
2025-11-18,1009.1346161546642,1035.716154717977,1009.1346161546642,1025.0975341796875,3430500
2025-11-19,1024.6895937110564,1050.514779741933,1021.3158779624817,1044.5535888671875,3571200
2025-11-20,1040.473261279999,1051.9179695580667,1033.2581191046952,1038.27392578125,3135700
2025-11-21,1035.9949374857592,1061.5216381959945,1033.0093612970395,1054.60498046875,4266700
2025-11-24,1051.689134226849,1070.5479751981613,1044.3346503146481,1065.0147705078125,5497200
2025-11-25,1070.6574076793615,1105.767811974447,1068.0898559525365,1104.6033935546875,4181500
2025-11-26,1096.7016800392362,1106.6436392711914,1092.8204066026697,1099.0303955078125,3093700
2025-11-28,1091.4470259808966,1093.7659012706424,1062.5565708176712,1070.2991943359375,2732200
2025-12-01,1069.2144177895186,1078.9374633575874,1049.9275913934944,1052.8037109375,3070200
2025-12-02,1047.5093951654965,1063.0444522337764,1035.358137340088,1041.0904541015625,3280000
2025-12-03,1041.3589678236021,1046.4244610705716,1017.4046891782,1028.5906982421875,3447000
2025-12-04,1027.6651639560046,1027.6651639560046,1002.3375143198804,1009.6123657226562,3854900
2025-12-05,1018.9174927370276,1022.450412496346,999.1728550112521,1005.4525146484375,2502100
2025-12-08,1005.8803788361427,1009.3237651137845,984.125495721561,992.7936401367188,3088600
2025-12-09,998.0184133306534,1007.1343457017633,974.4721356203363,977.4974975585938,2569700
2025-12-10,980.2641967670606,998.1776541699105,972.4220783335878,988.8626708984375,2966300
2025-12-11,1003.3029107290122,1026.6003911277228,982.2545741295546,1004.5269775390625,4517000
2025-12-12,1003.9099727118289,1023.953155788472,998.6752526504147,1022.56982421875,3275200
2025-12-15,1027.5856217270668,1059.8795558446513,1027.5856217270668,1057.0830078125,4648400
2025-12-16,1058.3867492772738,1063.1139115330961,1031.2478425312397,1049.2210693359375,4024500
2025-12-17,1059.1829099005677,1059.1829099005677,1031.426990030952,1036.7811279296875,3726600
2025-12-18,1036.791131528478,1074.070987035387,1034.5419877654272,1051.798583984375,3848600
2025-12-19,1053.918404343131,1070.209694296877,1053.918404343131,1066.28857421875,5829100
2025-12-22,1071.5431576630015,1078.2706656568955,1057.889151858066,1071.3043212890625,2625600
2025-12-23,1058.3867926699036,1083.246671757141,1058.3867926699036,1066.4876708984375,2108600
2025-12-24,1069.4731645765346,1080.5098100384805,1067.5523905295024,1071.8018798828125,932800
2025-12-26,1071.8019199849723,1076.190750962992,1063.1637209780502,1072.5682373046875,1014600
2025-12-29,1072.7671781077802,1080.2809263732895,1069.2143960863602,1073.54345703125,1653000
2025-12-30,1073.7724751530766,1077.166114374219,1066.915586713523,1074.5587158203125,1251500
2025-12-31,1074.5685934779876,1078.29060208122,1069.2642635072675,1069.5130615234375,1646700
2026-01-02,1071.2247278409297,1075.464255617107,1047.0215895852186,1075.1656494140625,2469100
2026-01-05,1064.0891348034304,1080.1615100825825,1028.4115254950566,1036.50244140625,4084800
2026-01-06,1039.0899632035066,1065.6814657887062,1034.9301284393675,1058.9241943359375,2690700
2026-01-07,1071.8219608034087,1112.286508213628,1070.7869220779853,1102.762451171875,4652800
2026-01-08,1108.335385788648,1128.4979866210772,1065.004806151906,1079.972412109375,3156000
2026-01-09,1081.6046752997358,1099.2096881685902,1057.9191742610196,1058.4466552734375,2561900
2026-01-12,1052.9130755485373,1078.1511286415237,1052.9130755485373,1075.802490234375,2380200
2026-01-13,1077.7929883708016,1084.9782458039233,1063.9498329628004,1072.0108642578125,2194200
2026-01-14,1076.5490469772049,1078.7882291872338,1056.0182292321372,1068.1297607421875,1912600
2026-01-15,1057.4512357681897,1062.5167288696625,1007.7015382677571,1028.00341796875,4183400
2026-01-16,1019.5046666288865,1044.8919045924151,1013.1055281604002,1033.407470703125,3829000
2026-01-20,1023.2067312118843,1040.8215819157058,1011.0753376843255,1036.2835693359375,2484900
2026-01-21,1038.8410846478648,1076.1308989459467,1037.0099654218084,1073.33447265625,3685900
2026-01-22,1073.3345902171448,1090.2130091554063,1066.5871587042977,1082.1519775390625,2478200
2026-01-23,1078.5194485510995,1079.1065778385187,1057.90906030645,1059.1729736328125,2592900
2026-01-26,1057.1029382625823,1061.949518822945,1038.3037453317777,1057.640380859375,2244900
2026-01-27,1058.9939097539211,1068.2293221107386,1029.8348524949029,1034.51220703125,2587900
2026-01-28,1024.1620919498616,1024.739259613826,999.3121752303159,1018.8776245117188,3300200
2026-01-29,1020.4301085662311,1034.999734795593,1013.1055096364555,1019.2160034179688,2293000
2026-01-30,1028.3319870778819,1043.5284675351215,1015.0958843067945,1032.1634521484375,3303100
2026-02-02,1032.581466529788,1052.3261662711911,1032.581466529788,1039.1099853515625,2757100
2026-02-03,1035.7461267134242,1043.7574713145143,988.8029346919659,998.6354370117188,5483900
2026-02-04,1069.9508520618683,1108.6439231064642,1059.8795135622838,1101.7969970703125,7119400
2026-02-05,1060.377135242397,1069.8314597706021,1000.9940422923881,1015.931884765625,7742400
2026-02-06,1050.9228350424307,1054.9235266359035,1028.302138532319,1053.0924072265625,4887100
2026-02-09,1071.9113878834053,1101.6178467438212,1037.9057527524499,1039.6473388671875,3423800
2026-02-10,1045.6085626381637,1050.5745614834675,1018.9572891247709,1020.0718994140625,3539400
2026-02-11,1021.5646762760819,1025.1473434889897,1007.7514052631049,1010.3289794921875,2599900
2026-02-12,1019.9424783150961,1054.744315382707,1007.1343614043982,1033.278076171875,3592200
2026-02-13,1036.70721632076,1060.9905420363666,1030.4369716915373,1036.7271728515625,2698700
2026-02-17,1042.3195249332168,1063.6422267235766,1031.6233109515094,1032.7896728515625,2984600
2026-02-18,1029.111242983471,1034.2749955395802,1008.1274975750979,1017.348388671875,3236900
2026-02-19,1007.6390580631523,1022.003684466331,1003.8310719191508,1020.0,2145800
2026-02-20,1020.6379787272754,1025.4129439146257,999.305359345354,1006.3431396484375,3249400
2026-02-23,1043.7251580581465,1061.1002395438838,1030.7461111539067,1055.2288818359375,4767600
2026-02-24,1039.6678928674237,1055.5677728378416,1020.8572797216431,1038.8704833984375,2803100
2026-02-25,1033.3180193252672,1050.3144146168888,1023.7682097251185,1025.5924072265625,2481900
2026-02-26,1020.8572871336852,1023.6884375747253,1004.2098889029215,1018.8038330078125,2666400
2026-02-27,1015.9627185508582,1049.686274687273,1014.1584169416718,1048.679443359375,4325900
2026-03-02,1041.3326378577037,1052.8761524764825,1009.8121489925305,1014.7664794921875,3094300
2026-03-03,1011.8058570444964,1016.8001006156387,991.9385828373936,1004.5587158203125,2846000
2026-03-04,1008.4464371999926,1012.4637232788393,990.5329565841821,1000.4118041992188,1965500
2026-03-05,986.8845515245071,990.4333460639426,962.5613119779828,980.165771484375,3769900
2026-03-06,971.9317266385822,988.100653952957,963.049792707641,987.2135009765625,2627800
2026-03-09,983.7843936839256,1005.7550146230395,977.4942529081679,1005.2167358398438,2802200
2026-03-10,1002.83418258969,1008.8153009749168,990.8719458192365,998.1987915039062,1663700
2026-03-11,996.8830080332632,999.773845439799,987.1835862573768,996.693603515625,1446900
2026-03-12,990.3236528037339,991.3703363144846,970.0974659266856,974.1746215820312,2340100
2026-03-13,977.0456066273716,1000.0629099948059,974.9223047159119,981.9800415039062,1984400
2026-03-16,988.8583094558494,995.0288325210872,972.4401682564842,986.00732421875,2289900
2026-03-17,975.8394027418863,978.0823221781021,922.3383148260817,927.4222412109375,5637500
2026-03-18,922.0890907194316,926.0765030036238,902.2616685339464,915.1609497070312,3443800
2026-03-19,911.1237460352095,921.6206385284581,907.9936126554613,914.6127319335938,2379000
2026-03-20,907.6846009171667,922.4679497988869,896.4600249933255,903.8467407226562,4818800
2026-03-23,910.6152596030565,923.8634752380502,904.3749499348799,907.6845092773438,2817500
2026-03-24,904.1457394620375,905.8104670620288,892.7915683299592,900.1782836914062,2572700
2026-03-25,909.6184665310294,919.2481014543755,906.2292025302396,913.4264526367188,2177700
2026-03-26,909.5088519031387,913.4663295735883,893.4694584770546,894.17724609375,2163200
2026-03-27,893.180378125529,897.9951956374257,874.3498084531092,875.4762573242188,2740800
2026-03-30,885.6839975952473,894.6058447547833,880.3309014681423,883.83984375,3070200
2026-03-31,890.6782812475881,921.2318536028338,889.3325538776669,916.8756103515625,3464200
2026-04-01,923.9631419460154,973.6064107053649,923.075928146369,951.5161743164062,6267900
2026-04-02,942.0261420149325,954.6762097842849,927.0933026409266,932.6358032226562,2727100
2026-04-06,929.1068868013776,933.0544467488241,916.8855196220225,924.142578125,1821100
2026-04-07,921.5906844906178,929.7249789586477,895.6226735862432,928.1599731445312,2726900
2026-04-08,938.5571509390544,958.1154039093881,930.193538820966,950.300048828125,2568000
2026-04-09,945.4851977929503,960.7271201034192,936.3340939531898,952.18408203125,1672100
2026-04-10,960.6573634516782,960.9065767259203,932.5959244347699,936.5135498046875,1958900
2026-04-13,937.0119477769471,942.9233400036062,924.2522406934972,926.624755859375,2089600
2026-04-14,922.0891176135883,936.9721270972515,912.1604388328548,919.5969848632812,2360200
2026-04-15,920.5938547257717,927.0733999945509,885.2355038252845,902.1820068359375,4233400
2026-04-16,908.801026960914,917.1048301218852,895.3236147437239,901.1452026367188,2836600
2026-04-17,914.9117367117833,927.0633780852016,914.9117367117833,924.1127319335938,3266100
2026-04-20,923.9831596651563,926.714527415211,909.6284507354939,917.0051879882812,1926300
2026-04-21,907.335681472196,910.1766884000859,878.3371987354724,900.1782836914062,4062800
2026-04-22,903.5476388076283,919.6368009710695,899.3907177363311,918.5801391601562,2623800
2026-04-23,926.5649128306416,927.0733176106758,909.0203238453491,914.76220703125,2149200
2026-04-24,897.1777636962992,897.5864466942603,868.9867289672038,881.1782836914062,4463700
2026-04-27,875.3666156333151,888.3954929226531,865.3083411056161,865.5376586914062,2700300
2026-04-28,869.1562056691903,875.3865372821331,860.633063348219,871.2495727539062,2561300
2026-04-29,863.3145980370119,866.2852615148557,847.8335017278876,848.5313110351562,3904600
2026-04-30,895.9516503339994,942.5245975408566,893.9778398405214,931.6588745117188,8236700
2026-05-01,945.9637102440191,981.3519933797763,940.8298927194866,960.2984619140625,4352400
2026-05-04,956.9789952621817,971.1542174248215,948.7649352877417,964.884033203125,3696900
2026-05-05,968.8315115625865,989.6756817701355,961.3750094815338,985.758056640625,2955500
2026-05-06,988.2302425491248,993.3540818065266,980.4049704773616,983.9437866210938,3921200
2026-05-07,982.2691205937397,985.8877021637693,964.0565952407051,971.8919067382812,3494900
2026-05-08,971.0046408254262,976.9159720079372,944.528226711669,945.4652709960938,3559200
2026-05-11,946.0135830822682,991.8688252548543,940.2916560764954,963.9469604492188,3517500
2026-05-12,971.3735082738284,994.3808941728176,968.1237575297004,986.7549438476562,3037500
2026-05-13,991.6195531343258,1019.6012250311029,988.8782072975633,1012.553466796875,3486400
2026-05-14,1014.2880049795085,1014.9658577555932,992.8756208324874,1003.531982421875,1751700
2026-05-15,1005.5390444380284,1012.9284798016497,995.9827312970458,1003.4819946289062,2820700
2026-05-18,999.178190877578,1001.5647856023525,977.4693088655251,986.6761474609375,2016000
2026-05-19,988.094107956462,1020.3378818647412,983.1910996039106,1019.9484252929688,3796000
2026-05-20,1023.5232860815062,1036.3948558298027,1002.2537773964797,1017.4120483398438,2998800
2026-05-21,1022.8343960843537,1045.8014857929354,1020.5376383552378,1040.1595458984375,2705200
2026-05-22,1048.307868346138,1068.808398995321,1045.57167691261,1063.47607421875,3470600
2026-05-26,1073.4617591589422,1080.451742706954,1058.8426932253383,1063.2164306640625,2981000
2026-05-27,1070.7257027626156,1091.4360159485423,1068.3690943364431,1081.3704833984375,2583000
2026-05-28,1095.0707462541504,1147.455638110124,1090.4473668092492,1125.1876220703125,4600700
2026-05-29,1125.3873427999506,1131.0392778714993,1087.4517135516282,1103.4188232421875,4600800
2026-06-01,1093.4330996678991,1104.587159735981,1070.0665597342254,1080.6513671875,2693400
2026-06-02,1065.8426825442275,1076.677132769508,1050.6444902803703,1062.6273193359375,2408500
2026-06-03,1057.9838879593763,1091.7155790692293,1052.002469217514,1077.236328125,2655600
2026-06-04,1107.0136004539754,1138.8279950698538,1100.0436081393668,1123.6597900390625,4046700
2026-06-05,1141.3344246475979,1164.6211228863247,1129.4115688381448,1129.801025390625,4126200
2026-06-08,1157.3414957152966,1181.03751908803,1141.9635084077702,1147.505615234375,4504400
2026-06-09,1163.3329844381367,1172.919223278413,1136.1219768622232,1143.0421142578125,3822000
2026-06-10,1150.8508199949233,1164.7509449309998,1131.9079945381154,1134.743896484375,2700600
2026-06-11,1138.0790993007117,1168.445618410937,1124.029286323124,1159.2886962890625,2764900
2026-06-12,1163.3329952068277,1168.3158452372213,1131.1891145616216,1131.3787841796875,2438400
2026-06-15,1132.3773795658822,1135.8623760352932,1110.4188544174863,1127.7340087890625,3167200
2026-06-16,1137.1903926745556,1145.0491265040994,1113.9038152274152,1120.893798828125,2260700
2026-06-17,1115.1020393795836,1119.8852242643832,1103.3189974099319,1110.4088134765625,2383300
2026-06-18,1118.8866018077886,1120.7239346907902,1087.1021934898963,1096.9979248046875,4470500
2026-06-22,1110.6484253196847,1117.8480691305167,1091.5857763735082,1100.5029296875,3015000
2026-06-23,1115.4016990916177,1120.4145355415992,1077.6757287518992,1105.495849609375,3316300
2026-06-24,1127.7938930925102,1133.5156741858484,1099.4045216639347,1115.6612548828125,2908200
2026-06-25,1125.377344355867,1143.7910213581729,1112.4059419123287,1126.0762939453125,2757200
2026-06-26,1127.1847919697527,1214.0203175181387,1126.385887971802,1206.3912353515625,7725800
2026-06-29,1221.0303724597723,1236.2285651446412,1201.4184604014058,1228.170166015625,3684700
2026-06-30,1227.1215552703966,1228.289924956779,1188.4968502714457,1197.7137451171875,3723600
2026-07-01,1215.7678118488911,1215.7678118488911,1172.2502166027728,1190.03466796875,2720400
2026-07-02,1191.3028563838745,1230.2370533783453,1178.611082932329,1212.1729736328125,3296100
2026-07-06,1206.2714756707733,1212.0532297801387,1181.6467274753898,1198.3428955078125,2348800
2026-07-07,1231.115895395489,1247.662131997204,1221.020376270165,1233.7921142578125,2933800
2026-07-08,1219.352688556181,1240.1129788951298,1202.4369867212156,1214.0902099609375,2608600
2026-07-09,1209.906279625841,1228.2399936845827,1198.6523863592656,1215.2086181640625,2088100
2026-07-10,1208.5781581082656,1211.2242685582582,1176.633822247918,1186.879150390625,2010200
2026-07-13,1178.4213416763978,1194.5782430153513,1164.3415420358285,1180.1788330078125,2072700
2026-07-14,1164.34156565823,1164.34156565823,1139.1077050062586,1150.890869140625,2642900
2026-07-15,1143.8608966985407,1159.1589215781396,1132.7768041389054,1154.9749755859375,2552200
2026-07-16,1160.606919191865,1187.3684977461296,1139.567000141386,1167.4970703125,2791100
2026-07-17,1157.7908279788985,1186.2500457002395,1149.3629637671152,1177.4227294921875,2757500
2026-07-20,1177.962048757002,1185.421330587627,1142.7924747409952,1145.2589111328125,2644200
2026-07-21,1141.3644904916512,1175.8949663653013,1137.3702140594844,1173.7281494140625,2092000
2026-07-22,1172.2302524500267,1173.3186586068066,1151.84942357698,1161.3458251953125,1555800
2026-07-23,1144.9792597871108,1187.8877433808489,1140.1462196291377,1184.173095703125,1909900
2026-07-24,1192.6409538306436,1205.2129043908355,1185.8007800260423,1194.318603515625,1983300
2026-07-27,1199.28141154798,1203.3256648997135,1181.7564762179802,1195.81640625,1592800
2026-07-28,1215.8576502767883,1230.2370689685347,1203.2857000745194,1218.913330078125,2375400
2026-07-29,1213.441224787548,1227.4310654142278,1203.0760728910564,1208.28857421875,2170900
2026-07-30,1172.3500452513354,1184.9519817244313,1151.4899232721182,1153.3172607421875,3027700
2026-07-31,1146.8665610144578,1148.9835225461318,1117.398778298039,1147.196044921875,2884600
2026-08-03,1150.351541298827,1160.2772591088094,1107.5628820454413,1119.75537109375,2934000
2026-08-04,1115.7811368621565,1134.2046878507613,1107.5729281811102,1114.0836181640625,4097200
2026-08-05,1172.3201258664246,1215.1986246007277,1136.8010765387792,1168.18603515625,6445700
2026-08-06,1194.8378857435737,1229.1187185012384,1171.8208196082655,1190.234375,3422400
2026-08-07,1186.3000678654585,1195.0875245338289,1159.5383677445811,1184.0133056640625,2898500
2026-08-10,1183.3143457370384,1230.1771240234375,1182.715228672979,1230.1771240234375,3011900
2026-08-11,1228.8890110102868,1236.2284690605584,1207.7992378032698,1213.2813720703125,2113200
2026-08-12,1200.0104299084633,1224.745006119121,1189.3756445711867,1218.533935546875,1941600
2026-08-13,1236.5281423774013,1238.3254935867142,1204.2743122867555,1207.27001953125,1927300
2026-08-14,1194.010009765625,1199.0,1171.199951171875,1180.1600341796875,2274500
2026-08-17,1175.199951171875,1198.52001953125,1163.5,1183.1600341796875,1807000
2026-08-18,1200.0,1228.469970703125,1194.010009765625,1225.72998046875,2509100
2026-08-19,1245.81005859375,1292.6500244140625,1240.5400390625,1280.3399658203125,4541800
2026-08-20,1274.1300048828125,1280.280029296875,1243.22998046875,1244.4000244140625,2621400
2026-08-21,1232.0,1271.219970703125,1230.0,1255.4000244140625,2497300
2026-08-24,1262.1400146484375,1262.1400146484375,1230.949951171875,1246.9300537109375,1664600
2026-08-25,1249.0,1264.72998046875,1229.7900390625,1233.6600341796875,2141100
2026-08-26,1234.0,1235.780029296875,1180.010009765625,1189.4100341796875,3000500
2026-08-27,1182.25,1190.1099853515625,1171.7099609375,1176.0999755859375,2730600
2026-08-28,1172.6600341796875,1180.0,1162.9300537109375,1174.6099853515625,2450800
2026-08-31,1168.469970703125,1171.449951171875,1147.0,1156.72998046875,3055800
2026-09-01,1188.0,1188.3299560546875,1156.8499755859375,1160.0,2520100
2026-09-02,1164.1500244140625,1187.8299560546875,1158.0,1160.0799560546875,2445100
2026-09-03,1170.0,1171.6600341796875,1137.5,1159.5999755859375,2550500
2026-09-04,1150.6099853515625,1158.43994140625,1138.31005859375,1149.3599853515625,2218900
2026-09-08,1133.0,1134.530029296875,1113.550048828125,1123.9100341796875,2400500
2026-09-09,1127.6099853515625,1138.7900390625,1119.0,1124.2099609375,2045000
2026-09-10,1126.0799560546875,1133.7900390625,1120.52001953125,1123.0,1995600
2026-09-11,1129.4100341796875,1131.43994140625,1113.2900390625,1115.699951171875,1837200
2026-09-14,1142.199951171875,1153.949951171875,1130.5,1138.280029296875,2129600
2026-09-15,1156.6300048828125,1161.0,1131.5899658203125,1136.1099853515625,1885200
2026-09-16,1137.31005859375,1151.22998046875,1132.6300048828125,1137.8199462890625,1475400
2026-09-17,1150.27001953125,1159.75,1138.260009765625,1152.43994140625,1896400
2026-09-18,1150.0,1157.5999755859375,1140.27001953125,1152.9300537109375,4542600
2026-09-21,1144.5,1170.9000244140625,1134.4100341796875,1164.8900146484375,2476600
2026-09-22,1146.1500244140625,1180.530029296875,1139.260009765625,1170.1400146484375,2453100
2026-09-23,1174.7099609375,1188.8800048828125,1145.97998046875,1150.989990234375,2154100
2026-09-24,1156.6700439453125,1197.7900390625,1151.0,1181.8900146484375,2417700
2026-09-25,1185.3199462890625,1190.0,1160.8399658203125,1183.4599609375,1923200
2026-09-28,1180.300048828125,1194.0899658203125,1172.56005859375,1184.780029296875,1971200
2026-09-29,1186.050048828125,1192.93994140625,1168.469970703125,1184.6300048828125,1658100
2026-09-30,1186.489990234375,1215.0,1155.27001953125,1157.0799560546875,3407700
2026-10-01,1155.0,1158.719970703125,1139.8499755859375,1149.8499755859375,2172500
2026-10-02,1153.8199462890625,1164.9200439453125,1136.6600341796875,1142.8499755859375,2052300
2026-10-05,1150.760009765625,1165.72998046875,1139.5,1143.1199951171875,1976600
2026-10-06,1147.1500244140625,1177.0699462890625,1139.97998046875,1157.489990234375,2131000
2026-10-07,1173.6199951171875,1206.6300048828125,1166.0,1188.719970703125,2303500
2026-10-08,1183.5,1186.0899658203125,1131.2099609375,1169.5999755859375,3090500
2026-10-09,1153.56005859375,1179.8199462890625,1151.6700439453125,1179.27001953125,1392100
