Date,Open,High,Low,Close,Volume
2015-01-02,37.80345435726417,37.94620242379455,36.921766266864886,37.22406005859375,15070200
2015-01-05,37.181952389175706,37.25773095348966,36.69360413952593,36.702022552490234,18369400
2015-01-06,37.09776117733981,37.19879820815787,36.19683989043131,36.32313537597656,19229500
2015-01-07,36.483107723611916,36.64308326186805,36.213670335740886,36.33155059814453,13502200
2015-01-08,36.73570566443715,36.99671824271821,36.525209991934844,36.55046844482422,17516900
2015-01-09,37.0303925802656,37.13142958806816,36.42416410963312,36.53362274169922,15957500
2015-01-12,36.42416504544196,36.85357796047529,36.08737394014442,36.432586669921875,16055700
2015-01-13,36.76938190973075,37.005139243048134,35.843202251132965,36.14631652832031,12878200
2015-01-14,35.75057639211116,36.348383199814336,35.75057639211116,36.255767822265625,12707400
2015-01-15,36.60939874562898,36.74411581726693,35.84319479845529,35.893714904785156,13431000
2015-01-16,35.77583945123503,36.72727740655771,35.573762228884476,36.63465881347656,17786700
2015-01-20,36.67677274073884,37.07250248144962,36.39891686883701,36.96304702758789,16308400
2015-01-21,36.786218504305694,36.98829574081269,36.38206724320042,36.61782455444336,15876600
2015-01-22,37.005131799989464,38.1670685581975,36.3568048846092,37.08932876586914,17969100
2015-01-23,37.03039496276373,37.50190638269318,36.979874849657755,37.207210540771484,14150300
2015-01-26,37.19037956216813,37.22405964577615,36.65993269893483,36.96304702758789,12059500
2015-01-27,36.2136696860346,36.937775225407925,35.85162012825661,36.54204559326172,14984100
2015-01-28,36.99671109998985,37.03039117194599,35.92739290469576,35.94423294067383,15132500
2015-01-29,36.05369556517952,36.22209273171883,35.63270425478563,36.08737564086914,12805100
2015-01-30,35.439046110832386,35.801098868911545,35.21171043399837,35.27064895629883,22590000
2015-02-02,35.54009618573187,35.96108762089641,34.99280924716383,35.935829162597656,16889500
2015-02-03,36.15472956633038,36.3231267188314,35.817938473236865,36.238929748535156,12657100
2015-02-04,36.17999672930695,36.33997228196278,35.632706703422265,35.71690368652344,12912000
2015-02-05,35.78425747969244,36.40732596434327,35.78425747969244,36.3399658203125,9630300
2015-02-06,36.42416965205906,36.6009884575046,36.10421854334801,36.18841552734375,9522100
2015-02-09,35.89371861526254,36.735701203015964,35.89371861526254,36.54204559326172,12705700
2015-02-10,36.87042118620833,37.097756888197,36.67676556123479,37.038818359375,12714800
2015-02-11,37.013553900544814,37.047233975016546,36.281029946282324,36.508365631103516,12836900
2015-02-12,36.60940758119556,37.09775909118798,36.550469048873595,36.954620361328125,12519700
2015-02-13,36.87884547639595,37.24089833223169,36.87884547639595,36.988304138183594,10155700
2015-02-17,36.769378834503094,36.96303766021637,36.65992340838015,36.91251754760742,10118600
2015-02-18,36.80305509672613,37.13984938874262,36.752538201259554,37.13142776489258,8661100
2015-02-19,37.156698285657285,37.35877233953103,37.04723963286199,37.13985824584961,8465700
2015-02-20,37.09775237091996,37.12301081965119,36.59256091293553,36.85357666015625,14731200
2015-02-23,36.59256910659048,36.94620352755478,36.45785199667772,36.862003326416016,10995500
2015-02-24,36.870426560784416,37.01356209110004,36.52521375083033,36.946205139160156,10522500
2015-02-25,36.90411599764013,37.123030161824694,36.525223009714736,36.819915771484375,11785400
2015-02-26,36.87884178949858,37.17353766301753,36.803063217669035,36.954620361328125,8519300
2015-02-27,36.853584794094445,37.139859053229856,36.777806219267156,36.89568328857422,9549500
2015-03-02,36.887256715019376,37.080912316317324,36.60940093147763,37.07249069213867,11091000
2015-03-03,36.90410034676983,36.94619883603882,36.348388725547345,36.52520751953125,10058700
2015-03-04,36.37364411995796,36.76095529353712,36.05368987521903,36.71885681152344,14697600
2015-03-05,36.76096433674705,36.95461997117599,36.42416997396946,36.878841400146484,10983500
2015-03-06,36.71886194381556,36.71886194381556,35.6158635742016,35.683223724365234,15086600
2015-03-09,35.573761784881626,36.02843312056417,35.523241676947414,35.94423294067383,11474200
2015-03-10,35.56534239080557,35.82635491148738,35.1780279978215,35.211708068847656,13960700
2015-03-11,35.3043378233397,35.49799347512186,34.86650639725899,34.91702651977539,11108800
2015-03-12,34.908594996147734,35.16118911329575,34.7401978474129,35.043312072753906,13716700
2015-03-13,34.97595820719078,35.759002287344956,34.950696544925044,35.683223724365234,18405400
2015-03-16,36.05369852924241,36.651505468290786,35.98634158423439,36.55046844482422,17423200
2015-03-17,36.29787959556274,36.491535257194165,36.08738389223603,36.095802307128906,21509000
2015-03-18,37.2998356619001,37.83870411491876,36.49995139674017,37.156700134277344,37900300
2015-03-19,37.04723253473763,37.45980540120515,37.04723253473763,37.181949615478516,15729600
2015-03-20,37.156694316984556,37.66188260961939,37.09775578990745,37.39244842529297,20724700
2015-03-23,37.333495668771924,37.569249687224065,37.181938596364795,37.25771713256836,10749200
2015-03-24,37.32510949215367,37.46824506642077,36.803077697753906,36.803077697753906,14913400
2015-03-25,36.777803535157624,36.83674206550972,36.14631652832031,36.14631652832031,17491000
2015-03-26,36.02001577140895,36.3989085961107,35.75058158760078,36.196834564208984,14065600
2015-03-27,36.14632500453326,36.30630059415863,35.71691194051867,35.90214920043945,18030800
2015-03-30,36.39890617160899,36.735700484890025,36.30628757486128,36.575721740722656,12730100
2015-03-31,36.466267686125676,36.685181749629265,36.3147105606583,36.33155059814453,13264200
2015-04-01,36.19683726922779,36.306292706392234,35.96950155741776,36.15473556518555,12050900
2015-04-02,36.32373264421324,36.4251238735501,35.892814278985725,36.011104583740234,11183900
2015-04-06,35.723818634984816,36.41666445391581,35.664673496039605,36.29837417602539,9766500
2015-04-07,36.323724394979294,36.73774036759574,36.28147510444557,36.29837417602539,8075400
2015-04-08,36.2054251905186,36.61944432108339,36.2054251905186,36.42510986328125,6947100
2015-04-09,36.30682897470673,36.59410677411799,36.11249446674744,36.501163482666016,9399500
2015-04-10,36.399754351922276,37.0841487554809,36.399754351922276,36.7630729675293,12542800
2015-04-13,36.79688573282441,36.99967136986096,36.35751953855217,36.3997688293457,10943400
2015-04-14,36.36597668749211,36.38287576196472,35.918159271890055,36.10404586791992,10510500
2015-04-15,36.28991936444235,37.33763581820097,36.18852817737455,37.16865158081055,18188700
2015-04-16,36.91516726829051,37.14329984723657,36.543397448804846,36.72083282470703,11960800
2015-04-17,36.38286578862219,36.670143529569714,36.213878313388115,36.33216857910156,12473500
2015-04-20,36.59411021013777,37.01657741228274,36.543412985539554,36.60255813598633,10426300
2015-04-21,36.76308644495339,37.06726327945445,36.670146388338736,36.687042236328125,9312900
2015-04-22,36.76308448887756,36.96587010881128,36.61944722643258,36.79688262939453,7343900
2015-04-23,36.763080946915004,36.86447535869699,36.32371805519746,36.66168975830078,11311000
2015-04-24,36.678595454206565,36.822235951934196,36.120938981316485,36.3997688293457,17767100
2015-04-27,36.41666172102833,37.13485770501622,36.39131472714494,36.84757995605469,12916000
2015-04-28,36.93207619537199,37.66717133149531,36.712394703204126,37.59957504272461,18287700
2015-04-29,37.5150843363279,37.93755148775876,36.906730606853515,37.79391098022461,36608700
2015-04-30,37.21935918495891,37.52353608065807,36.76309384141018,36.85603713989258,20196300
2015-05-01,36.703938009465496,37.498178166667245,36.703938009465496,37.48972702026367,11942000
2015-05-04,37.64181145291014,37.895291024421695,37.379883959054176,37.67560958862305,9168200
2015-05-05,37.574232627844054,37.70097084999097,37.08416914400321,37.10951614379883,11410200
2015-05-06,37.346077824445054,37.37987595291897,36.33215653239596,36.55183792114258,12732100
2015-05-07,36.47579743149188,36.88981648923886,36.3490592716514,36.737728118896484,8787100
2015-05-08,37.033454110044694,37.37987687755422,36.915160657459836,37.18553924560547,9582900
2015-05-11,37.15176206934572,37.346096570869435,36.83913405878411,37.04191970825195,7429400
2015-05-12,36.88138566278949,36.915180587177595,36.568757632641706,36.81378936767578,8515100
2015-05-13,36.974325528621094,37.23625633597995,36.856035235997325,36.99967575073242,7451200
2015-05-14,37.27005914497239,37.51509090929442,37.177115839666165,37.498191833496094,7293000
2015-05-15,37.52352975246427,37.54887674844156,37.12640962525544,37.30384826660156,9369500
2015-05-18,37.126400025595906,37.52352005012263,37.07570604674911,37.3798828125,6070900
2015-05-19,37.53198283913016,37.56578098719427,37.31230132305101,37.44749069213867,8640000
2015-05-20,37.362993075242315,37.684065765340286,37.25315072169915,37.42213821411133,9055700
2015-05-21,37.3629908564753,37.55732533310001,37.13485823874156,37.4136848449707,8036400
2015-05-22,37.346094517967664,37.40523965765115,37.0757158156522,37.11796188354492,7484300
2015-05-26,36.95741139820886,37.03345558059237,36.45890025217635,36.61098861694336,10440400
2015-05-27,36.78843190626093,37.38833435052833,36.678589569523794,37.29539108276367,11096800
2015-05-28,37.244701560236486,37.388338828955796,36.87292844464633,37.058815002441406,7273200
2015-05-29,36.999672569265286,37.04191863825994,36.636350574208045,36.746192932128906,10358700
2015-06-01,37.041921823359665,37.227808410722,36.87293430968197,36.99967575073242,9764300
2015-06-02,36.76307878568393,37.18554580710289,36.450454092320825,36.92361831665039,8275900
2015-06-03,36.95741802060258,37.25314365888106,36.83067661953025,37.15175247192383,9220900
2015-06-04,36.957425830844464,37.270050603544334,36.76308811528595,36.98277282714844,13783100
2015-06-05,37.03347011688108,37.19400646574087,36.74619233991148,37.016571044921875,12850700
2015-06-08,37.01656987808715,37.08416294062487,36.399768275276955,36.416664123535156,9112200
2015-06-09,36.62789600299736,36.644795073649405,36.18008191180678,36.39131546020508,7634200
2015-06-10,36.56874366488517,37.21934325259296,36.38286037065975,37.126399993896484,15518400
2015-06-11,37.32074156850494,37.53197511568417,37.20245129779148,37.4136848449707,12519300
2015-06-12,37.160205347052205,37.50662823656275,37.09261228779481,37.46438217163086,11742300
2015-06-15,37.092617302479624,37.168661518904976,36.67859807457077,36.940528869628906,16727800
2015-06-16,37.101063364932656,37.9206506315787,36.974321936196404,37.717864990234375,18271600
2015-06-17,37.90374926484551,38.22482516788261,37.48973008278439,37.94599533081055,27080800
2015-06-18,35.41119462635562,36.315274024626035,34.61695758412012,36.112491607666016,79138400
2015-06-19,36.24766502796911,36.41664922677213,35.11545349088716,35.14080047607422,37430200
2015-06-22,35.31825156394171,35.45344091715306,35.02252586103201,35.05632400512695,22368300
2015-06-23,35.43654106299049,35.53793549303746,35.04787208398217,35.24220657348633,17394300
2015-06-24,35.09857619896642,35.29291072667443,34.81129837036133,34.81129837036133,17768200
2015-06-25,34.84508921336508,35.03942370032128,34.69300079345703,34.69300079345703,13587200
2015-06-26,34.726790140981855,34.95492273423808,34.61695102891492,34.63385009765625,39687300
2015-06-29,34.3296755603251,34.55780816855779,34.11844202194313,34.15223693847656,18195500
2015-06-30,34.304325703938176,34.431067117564524,33.89030976933911,34.050846099853516,16691500
2015-07-01,34.31277732985654,34.38882153446101,33.73822183354897,34.000152587890625,13948600
2015-07-02,34.11844249659949,34.15223741360308,33.92410802536465,34.10154342651367,11644100
2015-07-06,33.8640905784918,34.169402203437556,33.72839688242623,34.0506706237793,12434100
2015-07-07,33.95736601746768,34.15242541959022,33.787748161433264,34.05913543701172,16437100
2015-07-08,33.83864568286077,34.12699516294984,33.669027770715566,33.7283935546875,14598700
2015-07-09,34.12699336666941,34.33053226237627,34.050665471981226,34.076107025146484,13348300
2015-07-10,34.39837382013307,34.47470169951588,34.10154174022579,34.228755950927734,10470900
2015-07-13,34.36445794807903,34.65280742522491,34.245726381347055,34.60192108154297,10717000
2015-07-14,34.61039427587557,34.686722152894326,34.415334864648,34.5849494934082,9298800
2015-07-15,34.45773593150718,34.70367841879762,34.45773593150718,34.59342956542969,9326700
2015-07-16,34.788496199785946,34.788496199785946,34.39837732549292,34.73760986328125,14861000
2015-07-17,34.5595050496581,34.652795028772466,34.059134172292204,34.26267623901367,14574400
2015-07-20,34.22875966244307,34.25420121326544,33.813195999588906,33.86408233642578,17488100
2015-07-21,33.71991209847474,33.91497480736712,33.40612105253984,33.55877685546875,14679100
2015-07-22,33.380685026475554,33.643589769918904,33.28739499421118,33.43156814575195,16797000
2015-07-23,33.54180607281496,33.58420973262848,33.04143512255485,33.07535934448242,18083800
2015-07-24,33.160166664109475,33.21953243488679,32.905741470036446,33.07535934448242,12030300
2015-07-27,32.83790589763889,32.92271324215261,32.62588430116176,32.65980529785156,15756800
2015-07-28,32.897263831101924,33.389152135182584,32.60043172579156,33.31282424926758,14289200
2015-07-29,33.389140682782404,33.81318362904397,33.29585071697431,33.745338439941406,13016400
2015-07-30,33.94889169333888,34.00825747227023,33.54181067987002,33.62662124633789,13634200
2015-07-31,33.71991802278976,34.02522968228836,33.66903490300218,33.87257385253906,13706100
2015-08-03,33.88103611113928,33.93191920026255,33.46547255054848,33.677494049072266,12444500
2015-08-04,33.57572792238214,33.92344308459154,33.524841593086265,33.635093688964844,9697300
2015-08-05,33.83862623041781,33.94039562512483,33.60964266593396,33.61812210083008,11982000
2015-08-06,33.609667766942245,33.78776514948728,33.202586648899405,33.34675979614258,10613000
2015-08-07,33.38067127754325,33.66053802387078,33.2704191725333,33.550289154052734,10655100
2015-08-10,33.71991372555897,33.965859557166795,33.669030612255874,33.83016586303711,9525800
2015-08-11,33.52483583651165,33.652050020311485,33.09231343493617,33.21952438354492,10600500
2015-08-12,32.8548601689696,33.38067269683293,32.651318061465574,33.31282424926758,11062300
2015-08-13,33.26194039584211,33.55028982108348,33.0668809662953,33.3382682800293,7785700
2015-08-14,33.355231416715924,33.49940451617181,33.22801719409667,33.42307662963867,7185000
2015-08-17,33.42307388839425,33.69446118821114,33.15168658857735,33.68598175048828,7631200
2015-08-18,33.51636232223898,33.94888480023108,33.5078796497184,33.77927017211914,9950600
2015-08-19,33.669017622779435,33.872556467852434,33.338264573142105,33.52484130859375,11112900
2015-08-20,33.23649229618168,33.499400145537166,32.73612137979004,32.761566162109375,13071200
2015-08-21,32.49866508068201,32.88030454303294,31.845638275146484,31.845638275146484,19411300
2015-08-24,30.30212300929752,31.039957181972675,29.801751964565522,30.598955154418945,32522300
2015-08-25,31.353742689333373,31.557281532129128,30.005285723843084,30.064651489257812,21393600
2015-08-26,30.55655097551579,31.396157908039456,30.191873576410767,31.302867889404297,20554300
2015-08-27,31.67601273990672,31.81170637878386,30.539577301113848,31.22652816772461,28218200
2015-08-28,31.26045954405401,31.794754784868424,31.192611091484185,31.769309997558594,21559100
2015-08-31,31.514882589478958,31.811711460946007,31.319823154630317,31.455516815185547,15352800
2015-09-01,30.810967998703067,30.997544731282535,30.43780806316101,30.53957748413086,19948700
2015-09-02,30.844884565516438,31.167158126831055,30.624383645790285,31.167158126831055,15049300
2015-09-03,31.218046597091156,31.60816537780129,31.18412238089254,31.294374465942383,11787800
2015-09-04,30.82793700616665,31.107807049817858,30.60743598238694,30.76009178161621,13147900
2015-09-08,31.150204339936256,32.07461838586159,31.150204339936256,31.955886840820312,18949600
2015-09-09,32.14246779154194,32.37993088871558,31.387668367311903,31.455516815185547,14710200
2015-09-10,31.40462533893241,32.176383513616464,31.40462533893241,31.896516799926758,16930600
2015-09-11,31.760833090074573,32.19335568650837,31.7184294214348,32.15943145751953,12948600
2015-09-14,32.066137973865864,32.17638684223191,31.69297800342118,31.854116439819336,15021500
2015-09-15,32.0322119867297,32.37992715399631,31.718421039487062,32.21879196166992,14877900
2015-09-16,32.44777419337365,32.668278400804645,32.16790745033199,32.45625686645508,19574000
2015-09-17,32.45626238170239,32.45626238170239,30.95514927520236,31.15869140625,37299000
2015-09-18,30.77703708653266,31.362215173833086,30.751592310430304,30.853364944458008,34919800
2015-09-21,31.039949407980888,31.430071465714164,30.887293653909534,31.23501205444336,14964400
2015-09-22,30.81946165203381,30.94667591332055,30.505670572104385,30.69224739074707,19979700
2015-09-23,30.692235792146008,30.7176805759036,30.38692750378138,30.522621154785156,16991600
2015-09-24,30.403877351585574,30.72615089022428,30.01375862518607,30.58197784423828,18059500
2015-09-25,30.700727280747504,30.802496739425166,30.454781456683133,30.57351303100586,19387000
2015-09-28,30.293643501885413,30.64983819300148,30.022256146218176,30.056177139282227,21742700
2015-09-29,29.945928692078247,30.242757605721238,29.88656290934965,30.115543365478516,19785900
2015-09-30,30.43781219646415,30.692237401034234,30.344522199910323,30.632871627807617,16215000
2015-10-01,30.726153635540392,30.88728880166139,30.403880068107235,30.734636306762695,18331300
2015-10-02,30.28515811826161,31.30286222857782,30.225792341719114,31.285900115966797,18772800
2015-10-05,31.59969992397896,31.998301593521695,31.39616098626703,31.87957000732422,12741700
2015-10-06,31.820197488668935,32.10006427766812,31.811714814194545,31.998294830322266,12427300
2015-10-07,32.015264144995776,32.21032364427853,31.67602826395168,31.938936233520508,16335700
2015-10-08,31.709936773940296,32.218790343162794,31.6675331186363,32.13397979736328,13247600
2015-10-09,32.33833586750112,32.52565744338598,32.06586989242349,32.44050979614258,14656400
2015-10-12,32.28725380242006,32.45754588326178,32.09141904627003,32.38943099975586,11022500
2015-10-13,32.27873009533072,32.52565336933186,32.13398398522329,32.20209884643555,11575600
2015-10-14,31.648651418135206,31.99775186530982,31.623108750507914,31.725282669067383,14069700
2015-10-15,31.972213745117188,32.07438768858877,31.72529040434735,31.972213745117188,12205500
2015-10-16,32.18506588710314,32.18506588710314,31.623104537812686,31.818939208984375,19694700
2015-10-19,31.384703946366486,31.58905179708388,31.13778064936999,31.393217086791992,18100500
2015-10-20,31.18035538181561,31.503909961141005,31.18035538181561,31.384706497192383,13678100
2015-10-21,31.48688589631343,31.60608938095326,31.137788584989067,31.180360794067383,11062600
2015-10-22,31.3761841035419,32.23615735411321,31.3761841035419,32.17655563354492,14701400
2015-10-23,32.457527323013636,32.49158636931619,32.17654831114115,32.414955139160156,16469100
2015-10-26,32.304264459702274,32.883255247424984,32.304264459702274,32.67039108276367,12330600
2015-10-27,32.63634617367981,32.73852009735257,32.3894228807577,32.644859313964844,14110500
2015-10-28,32.89178813333884,33.11316554650056,32.6704074721261,33.104652404785156,14020000
2015-10-29,32.8066260634686,33.130180523378776,32.8066260634686,33.087608337402344,11432900
2015-10-30,33.13870966845179,33.24088686180972,32.781099235852494,33.070594787597656,16471500
2015-11-02,33.24938895564223,33.87095205913702,33.121672378459785,33.84540939331055,19789700
2015-11-03,33.79432041385066,34.28816693432124,33.70066289091145,34.22856521606445,17153100
2015-11-04,34.35628205287738,34.54360359627971,34.1093620388153,34.46697235107422,16863300
2015-11-05,34.19451704472492,34.56915699984995,34.18600390285777,34.356292724609375,16358800
2015-11-06,34.330737623021506,34.603203536851055,34.16896200170081,34.58617401123047,16481800
2015-11-09,34.407393208379546,34.48402450386578,33.87097413997591,34.14344024658203,14604900
2015-11-10,33.91353007774987,34.20302230725784,33.879471022025285,33.99015808105469,11294000
2015-11-11,33.41116725883571,33.71768898762685,33.18978666531709,33.240875244140625,18861500
2015-11-12,32.908814197656405,33.29196724745121,32.78960748984284,32.89178466796875,14591600
2015-11-13,32.764053739664384,32.86622763518793,31.69121971654314,31.759334564208984,23987600
2015-11-16,32.09141184984764,32.687432375111825,31.980724782965424,32.45753860473633,16741000
2015-11-17,32.55120122583269,32.798124539200174,32.329823831536466,32.46605682373047,14820000
2015-11-18,32.51714815184806,32.97693580316407,32.48309233356829,32.951393127441406,11958900
2015-11-19,32.92584215234075,33.479290527134225,32.883269949983756,33.223854064941406,12306100
2015-11-20,33.419691362483995,33.700673766124815,33.37711915685538,33.49632263183594,12023200
2015-11-23,33.58145952645432,33.65809077865366,33.2493918496073,33.32602310180664,9111900
2015-11-24,33.01951190903648,33.73473614614439,33.01951190903648,33.59850311279297,13766300
2015-11-25,33.60700053304921,33.717687577128174,33.41116586115964,33.428192138671875,8014700
2015-11-27,33.32602166436342,33.496313689466824,33.27493633046755,33.36008071899414,6869900
2015-11-30,33.30048168152521,33.45374419166664,33.181278228759766,33.181278228759766,18969800
2015-12-01,33.283445496853965,33.44522111496244,33.13018301736179,33.40264892578125,12718200
2015-12-02,33.33454950353808,33.538897405422084,32.90882091855318,32.951393127441406,13694200
2015-12-03,33.17275786394513,33.17275786394513,32.14249586219873,32.19358444213867,20322500
2015-12-04,32.372395272499695,33.411173843620645,32.253191813135125,33.343055725097656,18206600
2015-12-07,33.34304614465564,33.41116424360629,32.78108482051171,33.053550720214844,13798500
2015-12-08,32.602292577381455,33.09613599789486,32.576746656146426,32.976932525634766,15219700
2015-12-09,32.89177338798657,33.50482000624902,32.636337026373084,32.84920120239258,17516100
2015-12-10,32.87474918267104,33.05355433992292,32.449020761756984,32.51713562011719,18358300
2015-12-11,32.031796278434584,32.227630906032175,31.52943675614542,31.68269920349121,20346800
2015-12-14,31.631633046294983,32.082904276796135,31.376193313961156,32.0573616027832,20142700
2015-12-15,32.44051506963491,32.806641892172124,32.31279845008429,32.534175872802734,19262900
2015-12-16,32.925833111112745,33.32601884909186,32.6533671931844,33.130184173583984,23478000
2015-12-17,32.43199141737251,32.52565219018784,31.112233954733952,31.44430160522461,42879900
2015-12-18,31.410244118904274,31.572023006583862,30.916400812217233,30.950456619262695,28726800
2015-12-21,31.265500953278398,31.36767488014418,30.73759529369562,31.010061264038086,15042300
2015-12-22,30.984523602824595,31.2569896172098,30.86532012753745,31.154815673828125,13924800
2015-12-23,31.21440786687336,31.69122487027411,31.205894727549286,31.44430160522461,12832300
2015-12-24,31.27401563783826,31.69974414352305,31.27401563783826,31.512422561645508,4953900
2015-12-28,31.359155181553884,31.38469784591603,31.052630217008545,31.325096130371094,10921900
2015-12-29,31.520947683916216,31.682723391600028,31.48688861449279,31.53797721862793,10708600
2015-12-30,31.572027254337378,31.640142125642864,31.359163003425344,31.435791015625,9585600
2015-12-31,31.367670597710628,31.46133137123841,31.018573417866257,31.103717803955078,10332400
2016-01-04,30.787384151790448,30.787384151790448,30.231657126944487,30.565093994140625,18784400
2016-01-05,30.659138454821434,30.88142859431481,30.342801358119978,30.471044540405273,25340700
2016-01-06,30.351345814983134,30.89852448530983,30.231650888529433,30.624935150146484,18165700
2016-01-07,30.137617037391216,30.505253477769912,29.821279842685207,29.95807456970215,22591400
2016-01-08,30.035014049413416,30.16325723830445,29.590430486083875,29.624629974365234,21962200
2016-01-11,29.710125453213674,30.026462566418033,29.51348328763028,29.872568130493164,18726600
2016-01-12,30.19745612863799,30.394098290197977,29.915318509510232,30.240203857421875,18457300
2016-01-13,30.08631385874194,30.26585956440379,28.95775669301979,29.13730239868164,28322900
2016-01-14,29.231346834485716,30.00081913080751,29.07745237522136,29.74432945251465,19523600
2016-01-15,28.89790793875203,29.504934229959527,28.778212981211734,29.171497344970703,25425000
2016-01-19,29.530584830024257,29.7101272623888,29.27409517501164,29.539133071899414,21423100
2016-01-20,28.96630313727142,29.26554049203394,28.32507743868669,29.01759910583496,25278700
2016-01-21,28.991954908660258,29.54768522460362,28.718365502441586,29.171497344970703,20380300
2016-01-22,29.539128668801716,29.915316484092443,29.522028926157372,29.752870559692383,15892700
2016-01-25,29.564776527792336,29.872562075816294,29.325383419628743,29.359582901000977,16793600
2016-01-26,29.342485949381523,30.120506286621094,29.171491787709034,30.120506286621094,19728900
2016-01-27,29.94951330253961,30.3940968357918,29.693023680667093,29.8469181060791,20567600
2016-01-28,30.069212853630386,30.394101497265666,29.872570671321476,30.206010818481445,15472800
2016-01-29,30.479596254867772,31.043874740600586,30.359898051215605,31.043874740600586,19059300
2016-02-01,30.6933348742282,31.240513558095962,30.650583889629228,31.052419662475586,14144000
2016-02-02,30.650584424138213,30.727531631739122,30.137605214427005,30.223100662231445,17404500
2016-02-03,30.402644798973114,30.59928692823326,29.872562612506183,30.5137882232666,13855300
2016-02-04,30.522348425201415,31.240521444433554,30.488148933465826,31.16357421875,16925900
2016-02-05,30.889971273968218,30.984018204314903,30.240194261450174,30.522335052490234,17312200
2016-02-08,30.03501425286049,30.522345549121393,29.479283979573555,30.445398330688477,20118800
2016-02-09,30.035017250177084,30.445401368958972,29.598981881729227,29.99226951599121,17819800
2016-02-10,30.28295648833547,30.89853431908809,30.04356655923975,30.094865798950195,13368700
2016-02-11,29.57332932864754,30.01791287073064,29.470734130149147,29.787071228027344,18889700
2016-02-12,30.129067480387707,30.394105417866967,29.84692653365292,30.385557174682617,15837900
2016-02-16,30.573631006176345,30.701877413274847,30.282941976669136,30.522335052490234,19676300
2016-02-17,30.753184456862645,31.43715785880159,30.753184456862645,31.317462921142578,13186500
2016-02-18,31.385858630615253,31.52265331100304,31.120820771925285,31.317462921142578,12866600
2016-02-19,31.223426649269175,31.45426836292148,31.13792790637375,31.445716857910156,13203400
2016-02-22,31.72784423828125,32.05273279934954,31.54830184720752,31.72784423828125,10109900
2016-02-23,31.727850370020505,31.727850370020505,31.10372436987711,31.249067306518555,9417100
2016-02-24,30.855779651792876,31.40295837334403,30.582190291017294,31.317462921142578,10978200
2016-02-25,31.454268087753427,31.890300257653138,31.20632662769108,31.881752014160156,11566000
2016-02-26,32.00143369847169,32.189527591619225,31.497002744392358,31.599597930908203,16551100
2016-02-29,31.63381083083653,31.91595179022609,31.317473635732362,31.445716857910156,22300200
2016-03-01,31.76204787500971,32.480220794677734,31.66800091649659,32.480220794677734,13030800
2016-03-02,32.2835693359375,32.39471601715572,32.00143177461983,32.2835693359375,12791200
2016-03-03,32.15533588597791,32.41182554502259,31.97579345079094,32.39472579956055,8832200
2016-03-04,32.48877276888028,32.62556747113364,32.29213058823127,32.39472579956055,10638400
2016-03-07,32.0954777272969,32.873497948984706,32.07837798752507,32.79655075073242,13011000
2016-03-08,32.582823972648946,32.87351316039553,32.43747774805396,32.61702346801758,12384400
2016-03-09,32.85641074276783,33.01030519797767,32.59136956736352,32.8991584777832,16786500
2016-03-10,33.14709086707134,33.14709086707134,32.06982997439132,32.53151321411133,17620600
2016-03-11,32.87351852490414,33.31810225291617,32.728172276590634,33.301002502441406,13143300
2016-03-14,33.26680369149426,33.29245168701642,32.9590146994524,33.08726119995117,14704500
2016-03-15,32.78801594309204,33.232599619179425,32.59992523272535,33.121456146240234,17502900
2016-03-16,33.81396135268305,35.010917064515446,33.796861612634935,34.38679122924805,49082300
2016-03-17,34.326949613504155,35.019471265414616,34.258550641667696,34.72023391723633,22163500
2016-03-18,34.94253464841022,35.47261705655168,34.75444394171038,35.46406555175781,34354000
2016-03-21,35.4127570079043,35.90863978953799,35.37000927949099,35.57520294189453,17275100
2016-03-22,35.32725607484214,35.69489235280436,35.21610938904279,35.37855529785156,11970500
2016-03-23,35.31015917369768,35.3529068989225,34.68603325337657,34.839927673339844,13666800
2016-03-24,34.71168241354696,35.1135182194627,34.489392277972975,35.02802276611328,11956200
2016-03-28,35.14771434796751,35.14771434796751,34.67748287657861,34.72877883911133,14647000
2016-03-29,34.54923880183574,34.88267562679027,34.51503931685517,34.79718017578125,15159200
2016-03-30,35.01947126391285,35.14771770537946,34.92542430836299,35.02802276611328,9803600
2016-03-31,35.16483196482148,35.258878959195115,34.882690981700584,34.97673797607422,10196500
2016-04-01,34.78008375978246,35.241767066849945,34.72878452740516,35.190467834472656,9574100
2016-04-04,35.181920554299445,35.29306400198928,34.96817863905204,35.113521575927734,10243500
2016-04-05,34.92542192635601,35.10496758445227,34.59198511501507,34.651832580566406,9111300
2016-04-06,34.540690335323696,34.874127158096655,34.36114467107163,34.839927673339844,12516200
2016-04-07,34.703132704974564,34.703132704974564,34.03625906501643,34.17305374145508,12838600
2016-04-08,34.30986183837982,34.66039853770832,34.30986183837982,34.50650405883789,8011000
2016-04-11,34.70315215469352,35.12208792064483,34.523609652761884,34.53215789794922,10399600
2016-04-12,34.592209300347236,34.772420960865134,34.317600120434356,34.68660354614258,9245000
2016-04-13,35.02987355760819,35.51902146027462,34.86682534791948,35.45037078857422,12752300
2016-04-14,35.450367495793515,35.5790887208757,35.33880648184229,35.390296936035156,9150500
2016-04-15,35.287317908290376,35.510439948084134,35.20150375366211,35.20150375366211,10340300
2016-04-18,35.047033788616005,35.39887704160064,35.01270681915409,35.390296936035156,8849300
2016-04-19,35.536173500208264,35.60482742339516,35.158586743478025,35.23582077026367,9884400
2016-04-20,35.34738326819386,35.51901482578677,35.25298902143745,35.27014923095703,8481200
2016-04-21,35.210082057751045,35.44178419170982,35.081360832396165,35.175758361816406,11954100
2016-04-22,35.004129191558334,35.55334764742859,34.90114827588249,34.92689514160156,15003300
2016-04-25,34.832503827776804,35.03846242231833,34.72952616730644,34.99555206298828,10876200
2016-04-26,35.02987597488556,35.055619569349645,34.695196152450436,34.88399124145508,8365800
2016-04-27,34.7638417734047,35.184338972237406,34.7638417734047,35.05561447143555,8742100
2016-04-28,34.63512622433533,35.15860114546874,34.4720747267754,34.60938262939453,9233800
2016-04-29,34.472069077132225,34.472069077132225,33.785546044554046,34.2060432434082,12883300
2016-05-02,34.24036595664235,34.69518679538163,34.180295403359786,34.58362579345703,10454200
2016-05-03,34.3519198101706,34.420573733949354,33.922842607351186,34.05156707763672,11439600
2016-05-04,33.802710210329394,33.95717830497036,33.57959144784806,33.716896057128906,9046200
2016-05-05,33.845605452212595,33.8627689315712,33.57957970615165,33.6653938293457,8962700
2016-05-06,33.44228317931046,33.828450100058355,33.44228317931046,33.81986999511719,7587400
2016-05-09,33.75980260987691,34.09448238520573,33.65682497291421,33.7769660949707,7949400
2016-05-10,33.96577013511591,34.377684065442416,33.96577013511591,34.34335708618164,9290200
2016-05-11,34.20603715064081,34.39483217857172,34.017242122709895,34.02582550048828,7180100
2016-05-12,34.23178916224812,34.35193029192014,33.97434341672231,34.17171859741211,10006700
2016-05-13,34.137393212816505,34.39484224391681,33.905691048986476,33.99150848388672,9392600
2016-05-16,34.12880636494698,34.41199566018071,33.86277727970338,34.300437927246094,7797100
2016-05-17,34.15455701281208,34.34335209772244,33.87136765904698,33.98292541503906,9483700
2016-05-18,33.9743498859993,34.15456161482263,33.60534304682723,33.87137222290039,10379700
2016-05-19,33.60533200258652,33.67398593782358,33.09044058270779,33.33072280883789,15124400
2016-05-20,33.53668070166208,33.965757967915074,33.42511969582837,33.81986999511719,16153200
2016-05-23,33.73405857342972,33.845616314665676,33.588170588859604,33.62249755859375,8904800
2016-05-24,33.82843951779828,34.394824474730655,33.68255486423598,34.2403564453125,11329800
2016-05-25,34.369097817224166,34.575056402009615,34.369097817224166,34.43775177001953,7972200
2016-05-26,34.420576374040415,34.497810407415805,34.257524929359306,34.28327178955078,7574000
2016-05-27,34.18029430150672,34.39483292019979,34.154547441215875,34.38624954223633,8240600
2016-05-31,34.39483654724268,34.51497766260413,34.28327553714996,34.4978141784668,12567400
2016-06-01,34.377676650076914,34.58363193401455,34.171718092539066,34.5493049621582,9268800
2016-06-02,33.210577420963695,33.51093016496542,32.6785225857609,33.17625045776367,51063400
2016-06-03,33.24491909657964,33.648249635074485,33.2020087367901,33.55385208129883,20740000
2016-06-06,33.63107295188808,34.01724312328757,33.571002400070334,33.845611572265625,16116900
2016-06-07,33.939997775726916,34.10304916796735,33.51092067799687,33.57957458496094,20009500
2016-06-08,33.605335348771675,33.75980344483611,33.38221658423423,33.70831298828125,11671000
2016-06-09,33.63107402984961,33.64823751286189,33.25348722437835,33.51093292236328,12316100
2016-06-10,33.27924252775044,33.45945752602263,33.13335778118813,33.24491882324219,10441700
2016-06-13,33.038959597099996,33.37363944326853,32.935981938340625,33.141937255859375,13036300
2016-06-14,33.15050819076267,33.450860946711266,33.099017743914544,33.322139739990234,12092200
2016-06-15,33.296397264662275,33.39937489832042,32.96171750007334,32.98746109008789,14476100
2016-06-16,32.91880593116861,33.29639271876384,32.6785237275716,33.159088134765625,17916500
2016-06-17,33.88851891906108,34.29184926366383,33.399367896135615,34.05156707763672,34512400
2016-06-20,34.240366577509015,34.626533491727784,34.06873501918973,34.094478607177734,17149200
2016-06-21,34.26610980121584,34.42915797940597,34.11164172773059,34.31760025024414,20111100
2016-06-22,34.454906961704104,34.6179551499312,34.21462145838013,34.33476257324219,12643400
2016-06-23,34.66944542688365,35.07277584279612,34.54930103902904,35.0384521484375,15430000
2016-06-24,33.79411828773575,34.23177555378378,33.485182206478804,33.6653938293457,44204500
2016-06-27,33.3564693304878,33.365052709947,32.76434381820699,33.02178955078125,22506100
2016-06-28,33.22773149576624,33.631061741585526,33.10759043217758,33.57957458496094,14750900
2016-06-29,34.12022900684607,34.92689650990795,33.88853012149888,34.79817199707031,23009700
2016-06-30,34.73808981296788,35.32163506843151,34.72950970932838,35.12425994873047,20100900
2016-07-01,35.124265988976106,35.35682038278475,35.046747857706556,35.193172454833984,11381600
2016-07-05,34.73667504413283,34.952002799321434,34.58163879754577,34.796966552734375,12501400
2016-07-06,34.624712178286195,34.9433964140983,34.46967589369834,34.90894317626953,12124300
2016-07-07,35.01230288975584,35.167339174343695,34.81419841506122,34.90894317626953,11676700
2016-07-08,35.21039717715186,35.46878983893638,35.08981415402848,35.2017822265625,14235600
2016-07-11,35.227623455665466,35.43433626885907,35.09842548318876,35.124263763427734,12912000
2016-07-12,35.51186624898446,35.81332719017665,35.36544489790067,35.675514221191406,13321000
2016-07-13,35.79610167517187,35.87361982980041,35.529093967975314,35.70996856689453,9612700
2016-07-14,35.80471261685613,36.06310536516222,35.74442108510611,35.89084243774414,9259800
2016-07-15,36.09754989229634,36.09754989229634,35.709959220596986,35.976966857910156,11666300
2016-07-18,35.92527410051417,36.037245428922525,35.81330605774591,35.86498260498047,8738900
2016-07-19,35.57214994614733,35.7013479332971,35.32236892333312,35.38266372680664,12723000
2016-07-20,35.72718057681094,35.74440719142105,35.52907943725586,35.52907943725586,11409700
2016-07-21,35.60660455483978,35.753025879327936,35.26207876623958,35.37405014038086,11424700
2016-07-22,35.41711367582412,35.49463181098572,35.27069235698626,35.38266372680664,10426300
2016-07-25,35.236244596604294,35.45157241821289,35.21901797659859,35.45157241821289,8974400
2016-07-26,35.365440861181376,35.52047714795144,35.15011305018314,35.262081146240234,11031900
2016-07-27,35.33960118928421,35.408507669615666,35.09843507940777,35.25347137451172,9566900
2016-07-28,35.61521520246632,35.65828338904071,35.07259153655527,35.4774055480957,17048600
2016-07-29,35.58937544485218,35.64105529521598,35.24484968037592,35.348209381103516,13230800
2016-08-01,35.23623131120847,35.54630378311845,35.23623131120847,35.44294738769531,12435400
2016-08-02,35.41710602329456,35.41710602329456,34.952000598460984,35.063968658447266,10268200
2016-08-03,34.98645054003491,35.18455166805747,34.96922392642765,35.063968658447266,12350500
2016-08-04,34.97783441942627,35.27068024215614,34.97783441942627,35.22761535644531,9142100
2016-08-05,35.37404418426018,35.50324215464184,35.27929944406574,35.425724029541016,9615300
2016-08-08,35.46879903821859,35.658288572639535,35.41711917820148,35.45157241821289,11427800
2016-08-09,35.39127541911045,35.54631168954957,35.356822184425916,35.39988708496094,9533700
2016-08-10,35.425726731350025,35.5290831441535,35.193172338311356,35.391273498535156,11077400
2016-08-11,35.425721705570474,35.66688772977853,35.425721705570474,35.55491638183594,9473700
2016-08-12,35.425726731350025,35.48601824595548,35.31375536752227,35.391273498535156,6301200
2016-08-15,35.313755029889016,35.864993607092025,35.313755029889016,35.64966583251953,12774900
2016-08-16,35.57214030018368,35.70133825229933,35.52046374784975,35.5893669128418,8109100
2016-08-17,35.641057329180256,35.641057329180256,35.3740496821915,35.494632720947266,9876400
2016-08-18,35.27067830092466,35.59797732846533,35.27067830092466,35.434326171875,8544600
2016-08-19,35.34820090690902,35.60659352549991,35.322359345101646,35.5893669128418,9109900
2016-08-22,35.40850155609654,35.64966762433401,35.40850155609654,35.50324630737305,9834700
2016-08-23,35.63244390570985,35.864998327130564,35.623832239275686,35.744415283203125,10631800
2016-08-24,35.61521622101614,35.71857592898106,35.296532002227885,35.37405014038086,9830300
2016-08-25,35.417113702303205,35.48602017167228,35.313757283890894,35.39988708496094,7567200
2016-08-26,35.408505937238345,35.813323275275195,35.37405269875826,35.53770065307617,9228200
2016-08-29,35.72718991921797,35.77025482418402,35.53770039459739,35.58076858520508,9168500
2016-08-30,35.64967177602243,35.65828672840062,35.442958917928735,35.58076858520508,6840300
2016-08-31,35.546311207323846,35.58937610727464,35.39127493898797,35.50324630737305,9694700
2016-09-01,35.29653612380336,35.5377022325996,35.12427320938812,35.45157241821289,10652500
2016-09-02,35.53769110174052,35.67550073298061,35.33958996218544,35.52907943725586,9020200
2016-09-06,35.63243583927573,35.63243583927573,35.37404319140566,35.52907943725586,8308300
2016-09-07,35.43433469972065,35.58075928108618,35.27068678938579,35.52907943725586,10415300
2016-09-08,35.25348359284972,35.31377514121499,34.969249191433754,35.072608947753906,16732100
2016-09-09,34.73667504854129,35.08981243566978,34.47827911376953,34.47827911376953,14477500
2016-09-12,34.417982995794766,35.09841939970469,34.1768169936557,35.03812789916992,14927200
2016-09-13,34.771146179796276,34.90895589568204,34.42662353290327,34.60749816894531,13395200
2016-09-14,34.469676820755794,34.93478568702841,34.469676820755794,34.66777801513672,11626900
2016-09-15,34.60748063760655,35.33959376632028,34.529962506337,35.193172454833984,18403700
2016-09-16,34.11654668177762,34.40939270295503,33.341365071119064,33.522239685058594,50703500
2016-09-19,33.70310436537172,34.064853451363014,33.63419790005465,33.78923416137695,19801900
2016-09-20,34.0648687878589,34.10793370524996,33.64282799752687,33.65143966674805,12121300
2016-09-21,33.75479139118589,34.09070558526324,33.75479139118589,34.03041076660156,10994000
2016-09-22,34.17683540796484,34.28019185233518,34.004572476919506,34.03041076660156,9679300
2016-09-23,33.92704380636998,33.95288208804333,33.616971283725384,33.78923416137695,14017300
2016-09-26,33.591143216817116,33.67727303901365,33.38442704364648,33.616981506347656,9840900
2016-09-27,33.50500676014956,34.0131804960245,33.470553523836344,33.84952926635742,10644600
2016-09-28,33.78924108158144,34.02179552119319,33.728949554901554,33.970115661621094,8103500
2016-09-29,33.8064675405041,34.125151792243805,33.6600462008762,33.694496154785156,8795200
2016-09-30,33.8064638095153,33.970111750857846,33.66865415216331,33.83230209350586,12861900
2016-10-03,33.76340557025086,33.81508214842942,33.47055957988483,33.5825309753418,10403500
2016-10-04,33.625581067618434,33.76339069143488,33.38441176170921,33.479156494140625,9199300
2016-10-05,33.68587605374335,33.88397720309849,33.4963865692989,33.72032928466797,8269200
2016-10-06,33.6858725726856,33.797843918799146,33.27244370123626,33.479156494140625,9789100
2016-10-07,33.58291751708045,33.72126102009994,33.38404893763802,33.47051239013672,11442000
2016-10-10,33.600213299349875,33.72126346095778,33.36675800266198,33.392696380615234,9475400
2016-10-11,33.34082000152889,33.4186384346377,32.69233415841201,32.86526107788086,14964000
2016-10-12,32.796080714984264,32.98630422496378,32.5453321424419,32.899837493896484,8944900
2016-10-13,32.735564565303896,33.02089660959174,32.528047652610475,32.88255310058594,14117600
2016-10-14,33.08142972064355,33.36676513257887,33.0209046269064,33.21112823486328,11601200
2016-10-17,33.32352276233157,33.32352276233157,33.03818744143044,33.10736083984375,9419000
2016-10-18,33.37540539968265,33.45322383743902,33.167891764578854,33.21976852416992,7121900
2016-10-19,33.30624405380785,33.41000089866907,33.12466875070806,33.15925216674805,8310900
2016-10-20,32.96037136046273,33.159239947484245,32.86525958006778,32.93443298339844,11197000
2016-10-21,32.84796540365064,32.96036722239716,32.65774186674268,32.796085357666016,13413400
2016-10-24,32.96037793858812,33.219771656108215,32.96037793858812,33.0900764465332,13550500
2016-10-25,33.09007782242321,33.22842136407761,32.94308595408217,33.16789627075195,11627100
2016-10-26,32.986332162225324,33.410007958990846,32.986332162225324,33.12467575073242,9723100
2016-10-27,33.2111187321119,33.340817209220795,32.98631177660833,33.046836853027344,7588900
2016-10-28,33.116021509344634,33.2457200434541,32.88256612697004,33.00361633300781,7803300
2016-10-31,33.12466003212971,33.297586961926285,33.02954824171974,33.21976852416992,10485300
2016-11-01,33.358112677202335,33.358112677202335,33.05548397752499,33.25435256958008,12018200
2016-11-02,33.2543518994833,33.28029357505087,32.83932137246589,32.88255310058594,9488400
2016-11-03,32.84798857371823,33.185200864556066,32.84798857371823,33.12467575073242,12393100
2016-11-04,33.124658412736906,33.358113714592875,33.00360495007968,33.098716735839844,14288900
2016-11-07,33.487798625373145,33.85095230512317,33.47915360130774,33.799072265625,9506900
2016-11-08,33.85960231481375,34.02388418319461,33.70396547177122,33.83366394042969,7574700
2016-11-09,33.34082356285558,34.36110832887824,33.19383170756253,34.19682312011719,19497300
2016-11-10,34.283276682071374,34.63778204569064,33.98064806050407,34.22275161743164,26707200
2016-11-11,34.18816998546783,34.42162525437132,33.876896293596516,34.1103515625,12217700
2016-11-14,34.058481745905816,34.3005821130377,33.81638137877393,33.98066329956055,15417100
2016-11-15,33.62615526617951,33.91149064759693,33.44458000438836,33.868255615234375,13594300
2016-11-16,33.80773210000338,34.41298629915426,33.65209521169687,34.32652282714844,12597000
2016-11-17,34.41298602935453,34.83666495494949,34.30058087793219,34.80207824707031,13316600
2016-11-18,34.82800561689246,35.00958412666176,34.30057003279429,34.4648551940918,12890600
2016-11-21,34.55997999957331,34.6118567661907,34.300582973005525,34.490806579589844,8073100
2016-11-22,34.663734436035156,34.689672817551596,34.42163407956174,34.663734436035156,10993100
2016-11-23,34.62915061581427,34.67238235473633,34.44757533331944,34.67238235473633,11070100
2016-11-25,34.62049406880864,34.88853273996856,34.62049406880864,34.81936264038086,4013100
2016-11-28,34.69832544789213,35.04418267170417,34.62915202410748,34.845314025878906,12118300
2016-11-29,34.87989097796879,35.22575140337542,34.698315738896575,35.061466217041016,10157400
2016-11-30,35.156572360082045,35.19115905674914,34.750186920166016,34.750186920166016,14374600
2016-12-01,34.68102937818564,34.741554470075975,33.25435895878183,33.461875915527344,22740200
2016-12-02,33.25434610447635,33.57426809322682,32.54533533207987,33.28893280029297,19120300
2016-12-05,33.37540567956905,33.8163779300097,33.323528919542944,33.69532775878906,13681500
2016-12-06,33.729899391720444,34.136284794704466,33.617497585320784,34.12763977050781,13524700
2016-12-07,34.15358376240794,34.90582632932773,34.144938736788504,34.86259460449219,15170600
2016-12-08,34.862607605090076,35.0095994823886,34.65509392914798,34.888545989990234,10109700
2016-12-09,34.940414497975105,35.251688207272416,34.828009369980116,35.035526275634766,11219100
2016-12-12,34.888550049540456,35.19117886819394,34.888550049540456,35.026893615722656,10891400
2016-12-13,34.99230043079826,35.450562747420705,34.99230043079826,35.243045806884766,12493100
2016-12-14,35.33816487431817,35.5283885007664,35.12200286185266,35.3468132019043,25102400
2016-12-15,35.40732816926108,35.571610064310086,35.225752922359085,35.32950973510742,17783500
2016-12-16,34.77613180496376,34.77613180496376,33.513743646928916,33.80772399902344,46224200
2016-12-19,33.74720562128107,33.885549149819795,33.36676174239205,33.634803771972656,15135100
2016-12-20,33.68667337142725,33.81637184489339,33.548329872302325,33.72126007080078,14006400
2016-12-21,33.77314457051004,33.77314457051004,33.38405239720596,33.574275970458984,11966400
2016-12-22,33.66074145976154,33.92878348382319,33.375406082692386,33.68667984008789,11226300
2016-12-23,33.53969996366814,33.7385686271463,33.40135640218896,33.53105163574219,8143600
2016-12-27,33.522388700936816,33.755843954682426,33.51374037763017,33.56562042236328,5073700
2016-12-28,33.608858153572,33.652089882728966,33.40134453427077,33.444576263427734,8264100
2016-12-29,33.38405406917152,33.58292267918247,33.38405406917152,33.453224182128906,5711800
2016-12-30,33.50510983401156,33.600221641279624,33.15060428770264,33.2457160949707,10820200
2017-01-03,33.375916864984134,33.584243226232644,33.24571040573796,33.46271896362305,11051300
2017-01-04,33.4627225735902,33.78389434674764,33.4627225735902,33.62765121459961,9545500
2017-01-05,33.56686866170883,33.809920400591174,33.341181309125034,33.540828704833984,12064700
2017-01-06,33.63633281303311,33.63633281303311,33.3151610139791,33.37592315673828,14829700
2017-01-09,33.445365867753,34.24395927332865,33.39328592064908,33.8793830871582,15587900
2017-01-10,33.8533287378039,33.91409085781493,33.558197021484375,33.558197021484375,11316600
2017-01-11,33.54083353408436,33.96617165490431,33.54083353408436,33.94881057739258,10403100
2017-01-12,33.87937566265797,34.1311063894567,33.497441785344236,34.02694320678711,11526900
2017-01-13,33.99222316279605,34.13979071613143,33.879377776279355,34.07902526855469,9455300
2017-01-17,33.914092177605816,34.096378544732715,33.75784577398638,33.94013214111328,11081400
2017-01-18,34.09637270013705,34.14845592951151,33.87936421134028,34.01824951171875,10394000
2017-01-19,33.9574984292734,34.18318918524778,33.94013734717631,34.035621643066406,12232400
2017-01-20,34.25263041552399,34.74740966886305,34.24395153006534,34.608524322509766,25439100
2017-01-23,34.51302543030447,34.799478198615304,34.22657597328008,34.44358444213867,13251200
2017-01-24,34.591169349042225,34.89498337435344,34.50436723397527,34.80817794799805,12216500
2017-01-25,34.9991458282105,35.051229082912876,34.67797403576678,34.85158157348633,13164800
2017-01-26,34.90366191533796,34.93838408553591,34.67797443162811,34.83422088623047,10556500
2017-01-27,34.89497672581423,35.059902037533604,34.83421459458668,34.921016693115234,9232700
2017-01-30,34.81685351262341,34.93837777507851,34.55644390574996,34.921016693115234,10589600
2017-01-31,34.90365466575752,34.938376828743586,34.43491539930881,34.81685256958008,10766700
2017-02-01,34.91233914634805,34.91233914634805,34.469639817530656,34.58248519897461,11837000
2017-02-02,34.52172740089841,34.72137490927213,34.44360417490102,34.70401382446289,10120300
2017-02-03,34.78213449930187,35.094627380371094,34.677971309374826,35.094627380371094,12941200
2017-02-06,35.1033097750295,35.1033097750295,34.79082017401541,34.80817794799805,7871300
2017-02-07,34.86024676138341,34.98177099664563,34.75608360419966,34.78212356567383,8848700
2017-02-08,34.77345354928821,35.02518096739725,34.73004918738067,34.738731384277344,8883300
2017-02-09,34.738730299432596,35.111985283423415,34.738730299432596,34.921016693115234,10977100
2017-02-10,35.007817225916845,35.51995417169132,34.90365074864887,35.40711212158203,13168700
2017-02-13,35.49392253492669,35.754332166614276,35.4157993142916,35.66753005981445,12779800
2017-02-14,35.51995446081281,35.73696298995645,35.372390250413076,35.67620086669922,9623000
2017-02-15,35.55468494968144,36.00606319340035,35.49392281218929,35.9453010559082,9243600
2017-02-16,35.98869424771634,36.23174605587705,35.91057104353744,36.101539611816406,10132700
2017-02-17,36.05813197766311,36.5095100402832,36.02340982408768,36.5095100402832,18545300
2017-02-21,36.448754482349855,36.78728726237715,36.396671242619725,36.691802978515625,12394700
2017-02-22,36.683118890141465,36.90880960603942,36.57027684347973,36.90012741088867,11602800
2017-02-23,36.943540680663375,37.316795691339394,36.891457431049965,37.29075241088867,15484000
2017-02-24,37.09978980797485,37.49040261888699,37.04770655458537,37.47304153442383,11426700
2017-02-27,37.551156677062274,37.551156677062274,36.908813246612596,37.065059661865234,13876500
2017-02-28,36.99562920860706,37.10847461999247,36.82202164754232,36.96958923339844,14450300
2017-03-01,37.10845919375854,37.325467727055376,37.05637595370383,37.25602340698242,11402200
2017-03-02,37.17790435350374,37.26470644426795,37.00429686068782,37.229984283447266,9431600
2017-03-03,37.1258255555385,37.229988739179426,36.969579124433146,37.05638122558594,8917100
2017-03-06,36.856736611278755,37.09978847373372,36.717851251856565,36.95222091674805,9196000
2017-03-07,36.96088701650345,37.108451197931394,36.908803787671204,36.97824478149414,9492900
2017-03-08,37.04770442774845,37.14318873117013,36.90013687392729,36.986942291259766,9217100
2017-03-09,37.00429934687453,37.00429934687453,36.67444541949132,36.83937072753906,10308400
2017-03-10,36.995623350544946,37.05638549060292,36.76125367691207,37.047706604003906,12244500
2017-03-13,37.10846741363536,37.1345073837871,36.917498802420816,36.96090316772461,12440800
2017-03-14,36.96089068041797,37.186578071823206,36.813323173075005,37.1431770324707,10291000
2017-03-15,37.238674247580946,37.4990838854846,37.01298346645309,37.36887741088867,18393200
2017-03-16,40.26810428886657,40.78892677340163,39.62576086261382,39.6952018737793,67535400
2017-03-17,39.27855126720049,39.91221589581403,39.157026997505845,39.63444519042969,31688700
2017-03-20,39.6431262346532,39.886178098563455,39.200430183621826,39.261192321777344,21452600
2017-03-21,39.330634181691416,39.408757398871835,38.80981163005929,38.92265701293945,21974500
2017-03-22,39.17438899743831,39.452159709324285,38.74037184620545,38.87925720214844,14339700
2017-03-23,38.783769248537844,39.11362317958788,38.77508705200907,39.01813888549805,16190500
2017-03-24,38.992098735834865,39.13966628707448,38.69697025593171,38.75773239135742,13110200
2017-03-27,38.63620411284859,39.00078023011987,38.50600095840654,38.92265701293945,8933100
2017-03-28,38.91398900919714,39.08759326366715,38.76642141935095,38.79246139526367,14008800
2017-03-29,38.64488220214844,38.82716858576391,38.60148115528108,38.64488220214844,10636200
2017-03-30,38.58411264462441,38.84452218697242,38.514668333978555,38.78376007080078,7792500
2017-03-31,38.6275191025602,38.93132972604288,38.592796942365766,38.72300338745117,10652800
2017-04-03,38.78376551214771,39.10493721572761,38.54071701336156,38.72300338745117,16044300
2017-04-04,38.72299996406042,38.83584531907227,38.523352527523855,38.70563888549805,9161300
2017-04-05,38.83585162897093,39.03549909794544,38.54939875308074,38.61884307861328,9445100
2017-04-06,38.65357269347467,38.65357269347467,38.3150397904557,38.349761962890625,11557800
2017-04-07,38.27163629560861,38.53204594972532,38.184834181332505,38.44524383544922,13446600
2017-04-10,38.5411268523881,38.75035407080313,38.32318335741795,38.358055114746094,11668600
2017-04-11,38.26216802796447,38.75036276341041,38.148836454002016,38.506263732910156,15422400
2017-04-12,38.645751590092594,38.715491796276915,38.384216671626156,38.514984130859375,8457000
2017-04-13,38.52369097372403,38.75035407080313,38.34061923608202,38.358055114746094,11838300
2017-04-17,38.462670855537375,38.67189809459276,38.35805889878676,38.61087417602539,10999300
2017-04-18,38.541131132725006,38.86368993550261,38.48010721340042,38.81138229370117,10446700
2017-04-19,38.74163275535116,38.82881214481602,38.4277969299387,38.52368927001953,10712000
2017-04-20,38.58472326689165,38.90728210390615,38.506263458638735,38.82010269165039,10880900
2017-04-21,38.87239765950479,39.00316507245711,38.70676181857819,38.732913970947266,11556000
2017-04-24,39.20368266984164,39.22111855105433,38.89855973695108,39.09035110473633,10848900
2017-04-25,39.21239663823087,39.21239663823087,38.881121565809096,38.98573684692383,12436800
2017-04-26,39.011890925604014,39.26470621241693,38.915995242636754,38.9595832824707,10122400
2017-04-27,39.12521925291499,39.17752356616706,38.92471162582272,39.02932357788086,8221000
2017-04-28,39.00316212495765,39.194950103759766,38.81137082060232,39.194950103759766,12962700
2017-05-01,39.23855047934311,39.38675380450424,39.11650263835998,39.27342224121094,9118300
2017-05-02,39.22982717891859,39.534946726755386,39.203675024976484,39.34315872192383,11649600
2017-05-03,39.27342921176158,39.36932491114128,39.02933348647134,39.13394546508789,10695900
2017-05-04,39.19496168746226,39.909816164260185,39.18624540993973,39.63956832885742,15505200
2017-05-05,39.848798070245934,39.90982199848698,39.5436784290407,39.735469818115234,8443400
2017-05-08,39.64829311424856,39.84880079583418,39.595985461226476,39.71803665161133,7559600
2017-05-09,39.6657131600934,39.82263273094684,39.56110122137563,39.648277282714844,6530600
2017-05-10,39.68315536576392,39.718027126082056,39.48264773226582,39.691871643066406,6906100
2017-05-11,39.58726345014257,39.58726345014257,39.20368402684905,39.369319915771484,8996400
2017-05-12,39.23854094505228,39.36059208193333,39.160081162691185,39.29956817626953,7965100
2017-05-15,39.43907173431166,39.54368372164712,39.308304255976,39.508811950683594,9694000
2017-05-16,39.54367085869714,39.55238713582519,39.360599109021734,39.48264694213867,7944500
2017-05-17,39.482648766429364,39.482648766429364,38.532414888972596,38.55856704711914,18489200
2017-05-18,38.41037136707761,38.71549099825972,38.00935271895383,38.506263732910156,12777600
2017-05-19,38.54113555890947,38.811386750922125,38.506263793703724,38.62831497192383,11519200
2017-05-22,38.64574839695915,38.924715849755806,38.602157030446755,38.90727996826172,9805800
2017-05-23,38.95086439510984,39.09034810856598,38.8113806816537,38.84625244140625,6873700
2017-05-24,38.92470351920906,39.12521110454282,38.793936112205024,39.08162307739258,7653600
2017-05-25,39.22111450327131,39.49136232029149,39.08163079351942,39.4041862487793,7597600
2017-05-26,39.41290533881834,39.62213258115682,39.282141222216715,39.45649337768555,6899700
2017-05-30,39.32573751953606,39.630857181236216,39.32573751953606,39.595985412597656,10769800
2017-05-31,39.5959725592649,39.709304107773974,39.45648885554366,39.569820404052734,14757600
2017-06-01,39.68315773204085,39.92725341771481,39.54367400800511,39.91853713989258,8138900
2017-06-02,39.99700150302572,40.16263740496848,39.6482904903987,39.80521011352539,11794600
2017-06-05,39.83136032247215,40.10161151028456,39.81392444014027,40.03186798095703,8617300
2017-06-06,39.866231534858656,39.962127223578285,39.75289996404869,39.761619567871094,7449500
2017-06-07,39.77032882000398,39.7964843012959,39.35187770042608,39.57854080200195,7688700
2017-06-08,39.57855285383327,39.97956821651202,39.50009303717396,39.595985412597656,12889500
2017-06-09,39.57854790595697,39.81392400095467,38.95086945115113,39.25598907470703,12188400
2017-06-12,38.92470033486162,39.09905242919922,38.13138633363463,39.09905242919922,16189900
2017-06-13,39.29085833089506,39.439061656843585,38.89855932168342,39.212398529052734,10705800
2017-06-14,39.3693248256278,39.47393680401713,38.78523767693629,39.064205169677734,12024600
2017-06-15,38.83752752889993,39.072906886717945,38.68060795702126,38.95085906982422,10394600
2017-06-16,39.0118928622522,39.31701248179106,38.82010148679667,39.30829620361328,15930900
2017-06-19,39.46520338592518,39.883654443313205,39.41289575666915,39.86621856689453,12787700
2017-06-20,39.89238034833957,40.38057502924727,39.752896628873685,39.96212387084961,15299600
2017-06-21,40.232370274420724,40.57236159256479,40.17134636221814,40.38928985595703,30757300
2017-06-22,40.38929770801265,45.201488058814626,40.38929770801265,43.85023880004883,63193900
2017-06-23,43.797926642319204,45.19276369359689,43.649723334996914,44.41688537597656,42812500
2017-06-26,44.451756229965106,45.07071495103934,44.259964892230755,44.33842468261719,29453400
2017-06-27,44.24253463745117,44.85277715963031,44.04202699776666,44.24253463745117,17876400
2017-06-28,44.52149672632893,44.53893260493028,44.29483695561887,44.34714126586914,15981600
2017-06-29,44.25124904541417,44.3645806023795,43.57126635473029,43.763057708740234,13929100
2017-06-30,43.745614704681216,44.04201796462915,43.65843864463033,43.71074295043945,13146400
2017-07-03,43.63229226932181,43.702035792356156,42.99589758662736,43.03076934814453,10883200
2017-07-05,43.414349954781315,43.614857600746426,43.07435858442506,43.11794662475586,15775300
2017-07-06,42.93486968415867,43.08306966852847,42.5164185614303,42.586158752441406,14411900
2017-07-07,42.56872936106358,43.10050874938237,42.56872936106358,43.02204895019531,10889400
2017-07-10,42.952315205389176,43.440509954274276,42.908727160528194,43.2574348449707,10098500
2017-07-11,43.178950844712716,43.49278991278341,43.07433893054009,43.484073638916016,9751100
2017-07-12,43.606139688822054,44.00715496572479,43.55383204705267,43.98100280761719,14461400
2017-07-13,44.06817718994584,44.18150874664316,43.806645642267,43.893821716308594,11959900
2017-07-14,43.82407381206827,44.1553488211413,43.82407381206827,44.07688903808594,9875900
2017-07-17,44.02439354515495,44.260660809823925,43.96313944002948,44.13814926147461,8093600
2017-07-18,44.05063135665041,44.36565428328325,43.89311989333399,44.146888732910156,14104800
2017-07-19,44.1556469703552,44.7156863604323,44.06814206744243,44.62818145751953,13312800
2017-07-20,44.750703961315494,44.85571054599559,44.48818583056568,44.7419548034668,8772500
2017-07-21,44.51442105946559,44.75944078874625,44.32190961129261,44.45316696166992,8791900
2017-07-24,44.453185683128325,44.54069395833194,44.28692496739051,44.418182373046875,7639100
2017-07-25,44.54942844239891,44.82944815461436,44.44442188484269,44.77694320678711,10536200
2017-07-26,44.75944489560964,44.79444485606286,44.6456858443664,44.77694320678711,5724500
2017-07-27,44.89069026893973,44.94319520274433,43.9193706911876,44.146888732910156,16508800
2017-07-28,43.919398081287945,44.181919575933705,43.78814067206453,44.015655517578125,8996400
2017-07-31,44.173151502001765,44.190653151346375,43.665617023401374,43.69186782836914,10066600
2017-08-01,43.88437828664963,43.94563238423985,43.59560610821175,43.89312744140625,6066200
2017-08-02,43.980635710608105,44.02439150203711,43.38559633673263,43.551856994628906,8720700
2017-08-03,43.6831133050077,44.11189534878239,43.51685265110632,43.954383850097656,9490100
2017-08-04,43.91063538819353,43.93688619432715,43.63936481845189,43.71812057495117,7025300
2017-08-07,43.753118077023686,43.831873823086255,43.34183769890831,43.43809509277344,8280300
2017-08-08,43.35058664232307,43.6043555075348,42.851801404133255,42.96555709838867,14684300
2017-08-09,42.86055828227688,43.21933375226393,42.75555172323387,42.930564880371094,15872400
2017-08-10,42.843046306166016,42.843046306166016,42.04673980432122,42.090492248535156,13391100
2017-08-11,42.160507748290485,42.388022509189426,41.98549459631533,42.2130126953125,11704600
2017-08-14,42.423034867847726,42.84306451943843,42.41428571052454,42.74680709838867,9229100
2017-08-15,42.78180688315037,42.930569250193656,42.676800313418944,42.729305267333984,10663500
2017-08-16,42.85181581998613,43.15808638924175,42.668050140333904,43.096832275390625,9881200
2017-08-17,43.02682512268845,43.14933668694153,42.48428726196289,42.48428726196289,9661600
2017-08-18,42.39676562067212,42.77304264581719,42.274257442829075,42.54552459716797,10248400
2017-08-21,42.57179603011135,42.8430632946615,42.47553861181336,42.79056167602539,7293400
2017-08-22,42.983059742795305,43.184323673571626,42.86930404589856,43.105567932128906,9233000
2017-08-23,42.93056663982725,43.254338824036594,42.82555673838222,42.93931579589844,6895400
2017-08-24,42.939327818872776,43.10558853556589,42.77306710217965,43.044334411621094,7365500
2017-08-25,43.263087368905005,43.263087368905005,43.009321789244105,43.088077545166016,7853300
2017-08-28,43.21933491297026,43.21933491297026,42.91306438332862,43.088077545166016,6211300
2017-08-29,42.77306135013722,43.37685334986746,42.65930227606667,43.271846771240234,7245900
2017-08-30,43.31557650455914,43.70935514040184,43.19306833742967,43.578094482421875,6957400
2017-08-31,43.648121811679644,44.20816132091358,43.61311850782782,44.041900634765625,12958100
2017-09-01,44.059398449790024,44.52318387532906,44.059398449790024,44.2956657409668,8716800
2017-09-05,44.216906348589596,44.69819338635968,44.16440473581356,44.566932678222656,15610700
2017-09-06,44.698182173354766,44.82943951046604,44.45316246883798,44.636924743652344,15615600
2017-09-07,44.79444092811732,45.310727853135695,44.654431084286806,45.26697540283203,11516800
2017-09-08,45.32821159875451,45.39821816207005,44.96068715563787,45.13570022583008,10356500
2017-09-11,45.39823732219796,46.03703246061804,45.33698322249316,45.93202590942383,16526300
2017-09-12,46.06328106118657,46.28204664627055,45.91452206561647,46.177040100097656,13352400
2017-09-13,45.958287832668624,46.360815824723,45.897033718142914,46.203304290771484,14463000
2017-09-14,46.16828779093129,46.50081241624852,45.78326156136782,46.194541931152344,21901600
2017-09-15,44.32190038523532,44.365652826253566,42.42301373454828,42.65053176879883,66367900
2017-09-18,42.77303919529794,42.930550650703196,42.081739289696785,42.29175567626953,29434700
2017-09-19,42.431776944294086,42.44052609946895,41.897988349978256,42.03799819946289,23070700
2017-09-20,42.00298495878505,42.169245572531864,41.73171447921119,41.97673416137695,21257300
2017-09-21,41.845473498141814,42.169245572531864,41.845473498141814,41.97673416137695,15656300
2017-09-22,41.932992720419804,42.3792764575467,41.932992720419804,42.143009185791016,15341900
2017-09-25,42.45801769641023,42.47551934071474,41.687962037498586,41.97673416137695,15663600
2017-09-26,42.09050253597801,42.1867599396337,41.906740222507146,41.93299102783203,18679900
2017-09-27,42.046751778249984,42.318022350583945,41.95924686490275,42.143009185791016,14499200
2017-09-28,42.17801606350883,42.22176852389311,42.0117520407103,42.0730094909668,12997700
2017-09-29,42.16924388190144,42.65927988848933,41.96797998761459,42.30925369262695,44896600
2017-10-02,42.633030209117386,42.878046549782155,42.50176954770567,42.703033447265625,26097300
2017-10-03,42.83431057209872,42.843059728443514,42.4755350761878,42.60679244995117,12710800
2017-10-04,42.8693174420784,43.04432728833055,42.6680501103105,42.79056167602539,15204500
2017-10-05,42.843053599122634,42.90430769906863,42.440525702878055,42.79930114746094,13886100
2017-10-06,42.56303664580271,42.61554159403936,42.1955120224411,42.353023529052734,16340400
2017-10-09,42.31801986694336,42.51053467072675,42.15175586800378,42.31801986694336,10173000
2017-10-10,42.3092396373619,42.57279320156529,42.168677513035725,42.35316467285156,15630500
2017-10-11,42.30922923387271,42.581569748967,42.30922923387271,42.414649963378906,12588300
2017-10-12,42.40586508361502,42.59035219277969,42.26530299788035,42.370723724365234,11715600
2017-10-13,42.49372211666815,42.792417016869415,42.45858410290596,42.704566955566406,10142300
2017-10-16,42.704573427524366,42.96812700264046,42.59915266773103,42.92420196533203,9378100
2017-10-17,42.88906959173358,43.31075607062876,42.79243247862435,43.21411895751953,14191300
2017-10-18,43.48645324726285,43.71486546652993,43.187758282826984,43.55673599243164,12064100
2017-10-19,43.43372259832325,43.635780377302176,43.21409414057255,43.35465621948242,10048600
2017-10-20,43.52158889104671,43.74121741389059,43.18775259796973,43.26681900024414,15501500
2017-10-23,43.29316516105029,43.627001390977306,43.240456470348164,43.319522857666016,14633400
2017-10-24,43.33709853924133,44.048692755952345,43.26681580850861,43.90813064575195,17562400
2017-10-25,43.82905632097688,44.49672873710082,43.60942785406378,43.662139892578125,20635800
2017-10-26,44.02234230461847,44.18925877798731,43.723647375092675,44.0574836730957,16952900
2017-10-27,44.18047190066244,44.777861716298425,43.952056373425975,44.698795318603516,15099500
2017-10-30,44.47915771036747,44.584578435308735,44.13653784086001,44.5230827331543,9049800
2017-10-31,44.567020487249664,45.0502025784626,44.3210376083628,44.71636962890625,14453100
2017-11-01,44.89206501564148,44.95356072885007,44.4264536581293,44.48794937133789,10128000
2017-11-02,44.40009978917532,44.54066189963559,44.031122154676446,44.17168426513672,10389800
2017-11-03,44.24196840000086,44.31224778182875,44.06626491853337,44.08383560180664,15814500
2017-11-06,44.01355793996318,44.40888998099895,43.94327855003768,44.27711486816406,9678000
2017-11-07,44.30345861102666,44.43523704356981,43.995980070112296,44.356170654296875,6796500
2017-11-08,44.21561356257306,44.57580418753549,44.1014057981903,44.40010070800781,7977900
2017-11-09,44.04869827943632,44.11898101898215,42.643077001174625,43.25803756713867,16195400
2017-11-10,43.047187697183574,43.372236951644815,42.827559188524475,43.328311920166016,9944200
2017-11-13,43.13504080726412,43.42495206778113,43.09990279035792,43.398597717285156,6566700
2017-11-14,43.32830968690166,43.33709670350356,42.959335419979595,43.2228889465332,8498900
2017-11-15,42.94176157195954,43.11746502712903,42.80998314276626,42.8890495300293,9425100
2017-11-16,43.14382255344063,43.59186321345526,43.055969143746154,43.2228889465332,11738500
2017-11-17,43.04719218708822,43.2492500339778,42.91541372764198,42.99448013305664,10035100
2017-11-20,43.08232516733977,43.1877459036097,42.97690107980506,43.064754486083984,11525100
2017-11-21,43.047194385531355,43.135044462138445,42.60793729996471,42.722145080566406,18313300
2017-11-22,42.66065196959928,42.8978512124853,42.53765716304424,42.67822265625,10618900
2017-11-24,42.94175722316721,43.161385682070716,42.77483744959138,43.05596160888672,6008300
2017-11-27,42.99448116496871,43.24046740508792,42.82756468342735,42.9417724609375,13395600
2017-11-28,42.94175722316721,43.222881382462546,42.915399529239046,43.05596160888672,13930600
2017-11-29,42.915403762335686,42.924190778266585,42.344371723619616,42.62549591064453,14377600
2017-11-30,42.9505501650184,43.33709848099876,42.9505501650184,43.09989929199219,24701100
2017-12-01,43.09111124285957,43.92570021724013,42.959336152966834,43.58308029174805,15899500
2017-12-04,43.76756495888512,43.76756495888512,42.48493538921436,42.520076751708984,13473900
2017-12-05,42.55520629709154,42.73969673785377,42.142307099347775,42.15987777709961,17858900
2017-12-06,42.39707753395636,42.68698871721744,41.84361621343611,42.53763961791992,12974500
2017-12-07,42.71334596236557,42.88026575240606,42.43222177534066,42.62549591064453,13482800
2017-12-08,42.959334136089986,43.65335761997763,42.78363067321705,43.57429122924805,14732300
2017-12-11,43.583077624981485,44.36495450480439,43.53915259770493,44.338600158691406,15852800
2017-12-12,43.92568312530528,44.549427021381334,43.881758112432706,44.26830291748047,17464000
2017-12-13,44.21561359238173,44.3737430376716,43.93448601418884,43.969627380371094,17196900
2017-12-14,44.04868057189474,44.27709603233032,43.87297714492832,44.09260559082031,22259300
2017-12-15,42.590364714928945,42.590364714928945,41.290164201790375,42.43223190307617,75176000
2017-12-18,42.546429565072685,42.91540380417839,41.8875441227285,41.91389846801758,25156800
2017-12-19,42.133535260540114,42.47615522194586,41.94026443818566,42.01054382324219,28664300
2017-12-20,42.06323605637612,42.21258177379425,41.984169690900714,42.080806732177734,11432200
2017-12-21,42.26530478171522,42.26530478171522,41.49221160191338,41.536136627197266,18396800
2017-12-22,41.43949882473488,41.64155996972788,41.37800312017686,41.60641860961914,11197300
2017-12-26,41.61521092251505,41.79970142579461,41.50979017154476,41.66792297363281,7650200
2017-12-27,41.509788969470584,41.7030631333735,41.421938904750256,41.62399673461914,8132200
2017-12-28,41.55372362459176,41.773352188518004,41.55372362459176,41.74699783325195,7777600
2017-12-29,41.755765104881284,42.06324698439768,41.536136627197266,41.536136627197266,9750000
2018-01-02,41.7909088814864,41.99296669048462,40.56098799485009,40.96510696411133,25380000
2018-01-03,41.7557656937538,42.23016401654513,41.67669930662191,41.91389846801758,24165000
2018-01-04,42.15988865991335,42.3355887802573,41.92268947593104,42.326805114746094,19815100
2018-01-05,42.53765272804295,42.72214324300752,42.41466128557688,42.581581115722656,14496400
2018-01-08,42.43222373208062,43.10867988557395,42.11595816927701,43.02961349487305,15075000
2018-01-09,43.43530480448899,43.53231820630219,43.14426459904941,43.267738342285156,14153700
2018-01-10,43.09134275439658,43.45293595401563,42.8444020417733,43.03842544555664,13476600
2018-01-11,43.100158923028744,43.232450507751075,42.720926635427126,43.17071533203125,11687800
2018-01-12,43.37357115028333,43.946830346207626,43.26773987379361,43.664608001708984,15978200
2018-01-16,43.96445479914059,44.14966369083268,43.602861613364226,43.73515319824219,17152600
2018-01-17,44.01738363345432,44.35251993574822,43.96446631278193,44.33488082885742,23183100
2018-01-18,44.26432810650758,44.6964778507168,44.184953801012654,44.29960632324219,17119200
2018-01-19,44.53772756576468,44.62591973997058,44.334882873638506,44.60828399658203,14011500
2018-01-22,44.475993934987414,44.749395067545294,44.3348844327063,44.72293472290039,16840000
2018-01-23,44.75821477014695,45.21682151239643,44.59946615304843,45.084529876708984,14141400
2018-01-24,45.29618646833774,45.860624384004254,45.163894859965424,45.37556076049805,17205600
2018-01-25,45.45493669316631,45.90472212209766,45.45493669316631,45.507850646972656,13904300
2018-01-26,45.73716146774895,46.5220832824707,45.648965926349035,46.5220832824707,14909200
2018-01-29,46.451517103255256,46.55735173072975,45.75479097611506,45.80770492553711,12234900
2018-01-30,45.63132446015233,45.85180823952928,44.7582072135208,44.94341278076172,16863500
2018-01-31,44.855226381455836,45.72834037602197,44.855226381455836,45.49903869628906,16806800
2018-02-01,45.29618651050442,45.84298532127596,45.207990983402325,45.53430938720703,11674100
2018-02-02,45.19917695986821,45.34028645092639,44.13203622347098,44.21141052246094,17562200
2018-02-05,44.13204413586039,44.714121311374875,42.38581260931694,42.412269592285156,19725800
2018-02-06,41.741998309212704,43.664614119464744,41.283391561081984,43.567604064941406,25921200
2018-02-07,43.39120651141855,43.96446229354198,43.056070239762875,43.10016632080078,15138000
2018-02-08,43.29419517603628,43.320652153055725,41.28338417898642,41.30984115600586,21255400
2018-02-09,41.96248405971154,42.46518692199874,40.49846820158555,42.09477233886719,23191000
2018-02-12,42.526918455865946,42.76504137498011,42.08595083476179,42.46518325805664,16261600
2018-02-13,42.34171325163007,42.93261166573589,42.13005065875355,42.765045166015625,12633100
2018-02-14,42.50046158528844,43.67343716818821,42.45636549243635,43.61170196533203,14271400
2018-02-15,43.832179791583705,44.70529374916714,43.594056885611195,44.661197662353516,14132500
2018-02-16,44.58182522061927,45.10216714109013,44.528911259961305,44.72293472290039,11098800
2018-02-20,44.273130171323096,44.37014354317577,43.79688454458148,43.99972915649414,14144900
2018-02-21,43.98210543456328,44.39661603584829,43.59405517578125,43.59405517578125,13050800
2018-02-22,43.73515319824219,44.14966369083268,43.57640464211454,43.73515319824219,9513200
2018-02-23,43.91153913056409,44.59944727053372,43.761608449308234,44.53771209716797,8866800
2018-02-26,44.617099508595466,45.2079944460188,44.53772521028175,45.12862014770508,12956000
2018-02-27,45.04042431576299,45.331464507352976,44.57299979943219,44.74056625366211,14339600
2018-02-28,45.031613967646386,45.41966425694031,44.68765640258789,44.68765640258789,14947900
2018-03-01,44.943410822733135,44.943410822733135,43.585229993506644,43.84099197387695,16539800
2018-03-02,43.50586477049045,44.44953515969735,43.35593403794356,44.37897872924805,17291000
2018-03-05,44.00856206471289,45.41083898371815,43.96446261903316,45.23445129394531,18771500
2018-03-06,45.47256834093663,45.67541298066046,45.172710316059025,45.41965103149414,13907100
2018-03-07,45.0316123277064,45.693063724835554,45.0051519840865,45.61368942260742,11727300
2018-03-08,45.8076919244482,46.00171865543446,45.39318485958788,45.97526168823242,15864400
2018-03-09,46.169304194305816,46.742563392964655,46.037015939141526,46.71610641479492,16218600
2018-03-12,46.724930055578824,47.13061947108137,46.45152891157525,46.65437698364258,14108400
2018-03-13,46.95422360565815,47.16588613392724,46.16048071386099,46.37214660644531,12864400
2018-03-14,46.63673003156871,46.87485291740043,46.01937477544744,46.142845153808594,10885500
2018-03-15,46.054658603513595,46.451526763978144,45.95764519030995,46.186946868896484,14155200
2018-03-16,46.213407404738355,46.46916606459707,46.08111577449192,46.0987548828125,21011500
2018-03-19,46.23987215700042,46.37216380948227,45.428489859456924,45.81654357910156,25777400
2018-03-20,41.274568527813805,42.112407678041166,40.94825343126991,41.495052337646484,68601000
2018-03-21,41.70670883244065,42.38579921668826,41.45976473360458,41.46858596801758,34597700
2018-03-22,41.20401173412543,41.46859160914893,40.33089444580067,40.47200393676758,25610100
2018-03-23,40.55137846580653,40.815958342331335,39.47541648838124,39.50187683105469,21398900
2018-03-26,40.17214771163962,41.13345721479859,40.03103821412618,40.992347717285156,20754800
2018-03-27,41.12463178011101,41.2921982262434,39.68707672559777,40.022212982177734,18925300
2018-03-28,39.934017245669814,40.00457366323058,39.25492686606567,39.669437408447266,22156900
2018-03-29,39.96048337054411,40.82477942491943,39.69590013069571,40.348533630371094,14256400
2018-04-02,40.260337421330526,40.436721744448285,39.1755543211275,39.69589614868164,15343300
2018-04-03,39.97812244092641,39.97812244092641,39.06090906655712,39.59006881713867,15734600
2018-04-04,38.866885801995515,40.23388475269185,38.840428821346435,40.136871337890625,18505900
2018-04-05,40.33088491814689,40.72775631908419,40.172136357771976,40.533729553222656,12313000
2018-04-06,40.13687184231491,40.34853778311553,39.334310897485686,39.53715896606445,13893600
2018-04-09,39.784105463361996,40.260351375199164,39.581260730020205,39.598899841308594,15200000
2018-04-10,40.17214399041536,40.630750655931344,40.092769695146906,40.4102668762207,14868900
2018-04-11,40.039853950041085,40.56019578145391,40.0045757394298,40.225059509277344,14911400
2018-04-12,40.2956183291753,40.718946824108265,40.26034347783441,40.46318817138672,13970300
2018-04-13,40.842420652168116,41.03644410999637,40.225065334331724,40.63957595825195,12493600
2018-04-16,40.76356074617573,41.082372545825976,40.38275813862079,40.781272888183594,11639000
2018-04-17,41.10007171542107,41.56057712753928,41.082359579003686,41.321468353271484,10762700
2018-04-18,41.33918818703634,41.879396624497176,41.33918818703634,41.693424224853516,11312900
2018-04-19,41.61372825095378,41.719997728789224,41.35690724945948,41.46317672729492,8563200
2018-04-20,41.15321612822463,41.2860521098223,40.719277147216964,40.940673828125,15675600
2018-04-23,41.07350973699519,41.1532126705553,40.489022683636044,40.55986785888672,14904400
2018-04-24,40.67500252489409,41.06465950580905,40.09936974608633,40.32076644897461,13357000
2018-04-25,40.22334922853185,40.59529742636957,39.89568307152262,40.515594482421875,12637500
2018-04-26,40.816676706231455,40.92294612674823,40.64841650889289,40.7015495300293,12175800
2018-04-27,40.84326280292077,40.84326280292077,40.2676334023586,40.32076644897461,14420800
2018-04-30,40.43588210156087,40.75469380294748,40.3473247970622,40.44473648071289,13896600
2018-05-01,40.19679239663722,40.69272232055664,40.19679239663722,40.69272232055664,8838000
2018-05-02,40.63957490151332,40.80783854395611,40.26763009278879,40.30305099487305,10715200
2018-05-03,40.17020101021952,40.19676752208464,39.39974176193389,39.90452575683594,15370200
2018-05-04,39.78940334231353,40.666132121347545,39.67427614669736,40.480159759521484,10571800
2018-05-07,40.68385349114496,40.949532214903456,40.54215974832157,40.798980712890625,9006000
2018-05-08,40.6307048688438,40.72811991310135,40.33845973607114,40.683837890625,9830600
2018-05-09,40.94065312806202,41.33916762785204,40.71925655909462,41.2506103515625,11822400
2018-05-10,41.44545780251354,41.71113314275015,41.277197541954244,41.560585021972656,10974200
2018-05-11,41.719997728789224,41.75542201414964,41.30377082141886,41.46317672729492,9498100
2018-05-14,41.45432234507771,41.85283373152208,41.34804948899648,41.46317672729492,9689500
2018-05-15,41.18863267922561,41.46316575072279,40.95838164182903,41.45431137084961,11304900
2018-05-16,41.56058282343577,41.56058282343577,41.13550162589476,41.38346481323242,9874200
2018-05-17,41.348030644340376,41.67570006721785,41.10892189450178,41.21519470214844,10162300
2018-05-18,41.348048110535835,41.43660882098443,40.94953673737704,41.020381927490234,13517300
2018-05-21,41.20634873761594,41.879396532338426,41.17092783650835,41.80854797363281,13416300
2018-05-22,41.83511041096845,42.10078570224082,41.011514643252845,41.06464767456055,18505100
2018-05-23,40.80783861344863,41.596010271774496,40.754702192863796,41.534019470214844,9204400
2018-05-24,41.32147761424802,41.56944082317577,40.86097209892123,41.14435958862305,12497700
2018-05-25,41.17092236002908,41.77311813769778,41.16206460224651,41.6225700378418,11354300
2018-05-29,41.22407185027501,41.4454685877934,40.772423992165784,40.96725082397461,12427800
2018-05-30,41.29491383500485,41.82626456891909,41.11779579761824,41.6668586730957,11906500
2018-05-31,41.56059095717296,41.77312990841649,41.36576076999496,41.37461853027344,13062400
2018-06-01,41.6934202172043,41.9413833928945,41.53401435333348,41.932525634765625,10863200
2018-06-04,42.047646156941234,42.12734907620348,41.826249534351035,41.90595245361328,12178400
2018-06-05,41.914823259575655,41.994522825406214,41.454317735830635,41.73770523071289,13430900
2018-06-06,41.99452081189798,42.33990247183082,41.71113333060328,42.286766052246094,13299100
2018-06-07,42.446166243512224,42.534723552705124,41.99451518319192,42.224769592285156,13714100
2018-06-08,41.98566227699084,42.84468239493613,41.98566227699084,42.667564392089844,14515400
2018-06-11,42.640993595327004,42.85353247481984,42.481587746585085,42.676414489746094,12521100
2018-06-12,42.69412735533139,43.030651194895185,42.64984870286778,42.90666961669922,14713600
2018-06-13,42.605578747700065,43.10150516171994,42.587866607450025,42.74727249145508,18053300
2018-06-14,41.63142824543802,41.64028600403507,40.4358875814623,40.64842987060547,37001300
2018-06-15,40.621856829842635,41.170922960041686,40.019657665152906,40.984947204589844,28120400
2018-06-18,40.5775793715902,41.26833586629697,40.25876764226555,41.19749069213867,21474100
2018-06-19,40.59529077556775,41.10007487845497,40.53329998245843,40.97609329223633,22764900
2018-06-20,38.531871872927276,39.66542502970567,37.69942167659728,37.92081832885742,59129000
2018-06-21,38.23962600861592,38.82411297370187,38.06250802987135,38.16877746582031,32635100
2018-06-22,38.257341165504535,39.2314850581613,38.22191689130926,39.05436706542969,29735100
2018-06-25,38.58500241932609,39.38203159758335,38.51415725806117,39.213768005371094,24640500
2018-06-26,39.373185674318165,39.718563962615555,39.29348273253836,39.32890701293945,20717500
2018-06-27,39.47060070916498,39.6211522115672,38.46988674762358,38.47874450683594,26360100
2018-06-28,38.53188191853376,38.98353309871106,38.399045919493034,38.824127197265625,20918400
2018-06-29,39.001239276536396,39.43517486991939,38.744418321455335,39.018951416015625,22144900
2018-07-02,38.93039272254981,39.82483723194369,38.76213245620375,39.807125091552734,20655500
2018-07-03,39.84254431390996,39.84254431390996,39.42631751318017,39.60343551635742,16783300
2018-07-05,39.98423794435075,40.26762539745277,39.84254421779974,40.2144889831543,21916200
2018-07-06,40.25876290057014,40.905240663004925,40.090502675797644,40.73698043823242,20764300
2018-07-09,40.85211416086742,41.43660122976694,40.79012336403301,41.38346481323242,25125700
2018-07-10,41.472018601871035,41.941378379247624,41.33917927177659,41.613712310791016,27422000
2018-07-11,41.46317679767622,42.29562723558419,41.36576170189262,42.18935775756836,22802600
2018-07-12,42.32219467598537,42.685285134802704,42.28677039262622,42.64100646972656,24857900
2018-07-13,42.48159867904226,43.22549170519403,42.35761707105787,43.06608581542969,25771400
2018-07-16,43.22610799297325,43.22610799297325,42.630439259074286,43.083858489990234,22949600
2018-07-17,42.9327320653468,43.55507508938999,42.80826413883749,43.475059509277344,18823100
2018-07-18,43.37726072487845,43.5639626078099,43.03052768757818,43.243900299072266,19234700
2018-07-19,43.03051835283126,43.3150173674371,42.86159473125569,43.066078186035156,16656500
2018-07-20,43.110528682314396,43.306119611441176,42.99494991181083,43.13719940185547,17232900
2018-07-23,43.22611650512587,43.27056884765625,42.719352338987655,43.27056884765625,17990200
2018-07-24,43.341695308901926,43.65286509811089,43.17277505068796,43.27056884765625,19885500
2018-07-25,43.137200765241474,43.537278528479106,43.11941915448698,43.51949691772461,16354900
2018-07-26,43.43058646273838,43.71508543608995,43.3505709145148,43.448368072509766,15229900
2018-07-27,43.55505899785705,43.67063437748942,43.01273175429076,43.2349967956543,14856100
2018-07-30,43.19054432915025,43.19054432915025,42.194794505112604,42.43484115600586,20167300
2018-07-31,42.58598280827285,42.746013907594595,42.132560229696125,42.39038848876953,18808100
2018-08-01,42.59488278656431,42.87049272605626,41.9191983881758,42.097007751464844,22933600
2018-08-02,41.82139099153583,42.73712187655715,41.456876459406395,42.58598327636719,14227400
2018-08-03,42.603764708304325,43.10163965938225,42.58598648817265,43.092750549316406,14295800
2018-08-06,42.932728331228326,43.35058442080946,42.870494373386535,43.27056884765625,13529300
2018-08-07,43.51060182778227,43.519494328378165,43.092745870147425,43.10163497924805,11608000
2018-08-08,43.04830005843195,43.22611280482843,42.90605053961397,43.021629333496094,10849400
2018-08-09,42.91493306272069,43.30611830062901,42.91493306272069,43.15497970581055,14708000
2018-08-10,43.00384106475616,43.31501417066921,42.87937317898915,42.959388732910156,10502200
2018-08-13,42.97716833664105,43.19943337698539,42.648217026550135,42.68377685546875,12152100
2018-08-14,42.78158589960162,42.98606938653978,42.621554754781094,42.8793830871582,11513700
2018-08-15,42.763792701101856,42.906042192245195,42.25702867693523,42.53263854980469,14091000
2018-08-16,42.7993495312676,43.07495936298497,42.710444884388394,42.76378631591797,11874300
2018-08-17,42.861592764760275,43.11942104476006,42.666001820877355,42.99495315551758,11412000
2018-08-20,43.03052347380753,43.20833283547508,42.906052172545586,43.048301696777344,11936700
2018-08-21,43.190547826218655,43.24388926973921,43.00384259940977,43.039405822753906,10187600
2018-08-22,42.97717202068391,43.483936084789654,42.88826735352333,43.386138916015625,11639400
2018-08-23,43.38613567063977,43.86622897698446,43.2794493997283,43.528385162353516,11026700
2018-08-24,43.563954609902275,43.91068758354583,43.537283886236125,43.795108795166016,14011700
2018-08-27,43.92846481954591,44.186293094282206,43.8217785440154,43.85734176635742,12253300
2018-08-28,43.91069564511017,43.946258877524684,43.20833706665775,43.243900299072266,15475700
2018-08-29,43.243875757861325,43.65284252404716,43.243875757861325,43.46614074707031,17307700
2018-08-30,43.4661526695715,43.4661526695715,42.950499516743314,43.012733459472656,15154900
2018-08-31,43.01273141841655,43.234996458044485,42.986057307444355,43.19054412841797,17844100
2018-09-04,42.994949808266874,43.412809168045904,42.817137098265455,43.19054412841797,17289000
2018-09-05,43.039400515379725,43.11052695329709,42.48818418750108,42.71044921875,16437700
2018-09-06,42.63043295602755,42.87047959272515,42.248136837378986,42.417057037353516,18456100
2018-09-07,42.19479689179714,42.66600111086812,42.07922150599278,42.5059700012207,20513900
2018-09-10,42.67488754997129,43.60840003682784,42.67488754997129,43.43947982788086,20390600
2018-09-11,43.137210066554445,43.6084109829157,43.137210066554445,43.49283218383789,14877200
2018-09-12,43.341680592940335,43.981804960822224,43.226101828407174,43.86622619628906,17058700
2018-09-13,43.81288414578103,44.23074351146941,43.457262112244344,43.528385162353516,22124400
2018-09-14,43.51061063171701,43.964033291985686,43.51061063171701,43.78622055053711,20066100
2018-09-17,43.839551073477374,44.39965644760392,43.66173839009814,43.72397232055664,29225000
2018-09-18,42.23924629657136,44.04404070995138,42.10588930877177,43.59061813354492,33451100
2018-09-19,43.49282071245573,44.04404044482768,43.26166656676401,43.94624328613281,20904800
2018-09-20,44.15073879759558,45.41320631399728,44.06183411526283,44.8353157043457,26973500
2018-09-21,45.19093738214345,45.44876229563005,44.7641854469674,45.43098068237305,50751900
2018-09-24,45.17313533263134,45.87549008531085,45.0842273065682,45.5554313659668,23906100
2018-09-25,45.68880530004294,46.16889864474812,45.31540162626935,45.98219680786133,18665800
2018-09-26,46.00885834676507,46.3289205126861,45.839938155415624,45.90217208862305,18131000
2018-09-27,45.839945245475846,46.24891212452094,45.6354618059533,45.95552062988281,17993500
2018-09-28,45.82216513522067,46.24002113771519,45.77771280195474,45.83994674682617,16234200
2018-10-01,45.537668639414775,46.222245462182734,45.4665421890772,46.053321838378906,19217800
2018-10-02,45.9199726108077,46.0533296405397,44.56860034891239,44.65750503540039,22406800
2018-10-03,44.088493916821484,44.54191311075815,44.088493916821484,44.230743408203125,21207600
2018-10-04,44.168505699648335,44.25741035236657,43.71508315289804,43.98180389404297,19034000
2018-10-05,43.937363656835984,44.24853683397707,43.670646213212414,43.87512969970703,16900200
2018-10-08,43.80399095663895,44.1329422396847,43.475039673593194,43.88400650024414,16295800
2018-10-09,43.661743998271085,43.919572252713216,43.41280824446228,43.448368072509766,19009800
2018-10-10,43.39503533109123,43.54617395719336,42.11478630295094,42.14146041870117,20885400
2018-10-11,42.079218646197646,42.577090161046016,41.33240798242976,41.590232849121094,26387600
2018-10-12,42.14146172863366,42.45263149292578,41.48355558077821,42.123680114746094,23152800
2018-10-15,41.918354102626665,42.507496092636806,41.83801640375484,42.06117630004883,15693400
2018-10-16,42.46288260420028,43.22162520777193,42.37361997030405,43.052024841308594,13600200
2018-10-17,42.33791290293356,43.06095248490694,42.33791290293356,42.72174835205078,15071100
2018-10-18,42.46288191890197,42.971686415231716,42.070121568885504,42.29328155517578,15084800
2018-10-19,42.40038662385506,43.06094151373493,42.2664893040354,42.4807243347168,17768400
2018-10-22,42.71281413525523,43.28410648185729,42.58784510495658,42.79315185546875,16480200
2018-10-23,42.09689492289872,43.13235700612783,42.06118851188891,42.83778762817383,18921500
2018-10-24,42.739600630481995,43.11450776510631,41.68628524489307,41.73984146118164,20028200
2018-10-25,42.32897832214067,43.10557741160227,42.20400929307347,42.811004638671875,19349300
2018-10-26,42.1683137784801,42.909203184612984,41.69521227778433,42.239723205566406,23088700
2018-10-29,42.67711784533499,42.92705594525896,41.364936010431705,41.97193145751953,19248700
2018-10-30,42.02547944239015,43.40014201641718,41.882653818958474,43.35551071166992,24438200
2018-10-31,43.78398446773795,44.14104177392687,43.37337094922627,43.59653091430664,21082900
2018-11-01,43.703643076732085,43.95358453215094,43.15020736321631,43.37336730957031,17764900
2018-11-02,43.67686714362294,43.75720486450931,43.06094688692794,43.58760452270508,17289300
2018-11-05,43.73934894433196,43.85539306844274,43.2930290571449,43.7572021484375,13125800
2018-11-06,43.82861943240041,44.15889865995342,43.587609646560594,43.96251678466797,12362700
2018-11-07,44.257075251528455,45.07830209078965,44.15888434571462,44.86406707763672,14329800
2018-11-08,44.82837742953899,45.07831551502346,44.69448008080029,45.015830993652344,11966600
2018-11-09,45.006898481212254,45.36395577437674,44.908710960485195,45.1765022277832,15316100
2018-11-12,44.783742803137905,44.971199772792744,43.83754667460385,43.93573760986328,14374400
2018-11-13,44.15890376740271,44.63200189787167,43.95359696729068,44.19460678100586,13550600
2018-11-14,44.605214909912135,44.605214909912135,43.50726829033483,43.59653091430664,16094000
2018-11-15,44.66769361107496,45.247907401637704,43.78397876616809,45.19435119628906,24922800
2018-11-16,45.105087422961276,45.92631779905418,45.00689650140283,45.67637634277344,20929600
2018-11-19,45.56926058801306,45.61389189647271,44.09640697794138,44.23030090332031,19520500
2018-11-20,43.444783059696604,43.80184038801278,42.81100953682889,43.14128875732422,19389600
2018-11-21,43.5251116869112,43.900022143761944,43.31980495786331,43.400142669677734,13859500
2018-11-23,42.88240797733647,43.84645699210624,42.88240797733647,43.47154998779297,7807300
2018-11-26,43.882177475820264,43.882177475820264,42.935977953205374,43.078800201416016,21603800
2018-11-27,42.77529898482898,42.82885860044029,41.76661842944629,42.346832275390625,28054600
2018-11-28,42.605705702631525,43.069878899388165,42.28435476601914,43.016319274902344,29352900
2018-11-29,43.1859129694833,43.1859129694833,42.3468294074859,42.7574462890625,17052100
2018-11-30,42.92704892404212,43.59652878660974,42.587844840232336,43.525115966796875,22884500
2018-12-03,44.1321340032061,44.73912966307301,43.926827148420585,44.48026657104492,21966600
2018-12-04,44.20352649410488,44.82837508022069,43.48048697808005,43.51619338989258,24643500
2018-12-06,42.62355083590738,42.64140404068709,40.74900860099579,41.668426513671875,39877000
2018-12-07,41.73984053014409,41.9897820194696,40.891835343080345,41.06143569946289,23978000
2018-12-10,41.07034667563261,42.02547418450765,40.47227977551397,41.659488677978516,26375500
2018-12-11,41.936222878442365,42.070120228009365,41.11499578954118,41.472049713134766,22680200
2018-12-12,42.05226962866967,42.94490960073177,41.9630035883727,42.239723205566406,21404000
2018-12-13,42.38253417060744,42.44501867958854,41.73090757326856,42.15937423706055,23295400
2018-12-14,41.75769465467197,41.98085463620425,41.4274188354465,41.59701919555664,21434300
2018-12-17,41.43634731731976,42.15938694582294,40.64189825923369,40.82042694091797,30441100
2018-12-18,42.9359756855253,43.15021074910185,40.561553806209965,40.92753601074219,42855600
2018-12-19,41.11500187669364,42.34684269242173,40.838282235690144,41.463130950927734,34397300
2018-12-20,41.106069142281804,41.909446461801146,40.59726464163662,41.275672912597656,35165200
2018-12-21,41.13284609469966,41.24888682397696,39.151184529754,39.276153564453125,58768400
2018-12-24,39.070848995156126,39.115480309312744,38.097871363877516,38.10679626464844,17230400
2018-12-26,38.383505827401336,39.82065624157689,37.84792338721857,39.80280303955078,21428900
2018-12-27,39.231516802176095,40.2491255492316,38.794121836347685,40.14200973510742,19048700
2018-12-28,40.29376215444955,40.856126211581234,39.93670825868957,40.00811767578125,39141200
2018-12-31,40.33838778487791,40.615107324370584,40.02596524444287,40.30268478393555,14932600
2019-01-02,39.70462963830545,40.47230063817364,39.67785152603383,40.36518478393555,14320400
2019-01-03,39.94562637876009,40.615106150471156,39.64212874604507,39.97240447998047,19868700
2019-01-04,40.49907929452675,41.90945224907429,40.391963438849615,41.69521713256836,20984000
2019-01-07,41.89158934100933,42.94490465925444,41.48097581834452,42.35576248168945,17967900
2019-01-08,42.78422863239105,43.168064043438434,42.13260194518639,42.73959732055664,16255700
2019-01-09,41.632717014280594,43.05201434000154,41.60593891167372,42.650325775146484,19100200
2019-01-10,42.2932786479292,42.82886121614938,41.846958706028744,42.686038970947266,16652700
2019-01-11,42.55214398063218,43.40015259819166,42.2843526817058,43.10558319091797,16397400
2019-01-14,42.71281248942375,43.15020748376579,42.50750574682256,43.00738525390625,14869400
2019-01-15,42.541377311809114,43.491319484342,42.48760564560392,43.356895446777344,12142100
2019-01-16,43.53614805864107,43.724343836516404,43.06117336671254,43.07013702392578,14114000
2019-01-17,43.0253142778114,43.83187228354417,42.84608220421093,43.536136627197266,12711200
2019-01-18,43.85875237678269,44.42334292886528,43.796020473066,44.15449142456055,15930600
2019-01-22,43.769140981000035,44.06487664144788,43.60782937761659,43.85875701904297,13318700
2019-01-23,44.082797818035125,44.34268909844056,43.76017804976882,44.12760925292969,15551200
2019-01-24,44.145534615440354,44.297885989969465,43.796027263788666,44.091766357421875,11442200
2019-01-25,44.4502277173774,44.71908264432867,44.31580367253417,44.62946319580078,16656600
2019-01-28,44.3157890815773,44.56671661757279,44.10070589455883,44.37852096557617,11799100
2019-01-29,44.26202340940973,44.73699442917276,44.082787965787084,44.45918273925781,10838600
2019-01-30,44.683230198722605,45.256780934876545,44.450223075515034,45.131317138671875,13483800
2019-01-31,45.02377993795168,45.25678365653963,44.871428591518125,45.01481628417969,20403600
2019-02-01,45.274719418862176,45.7944986590867,45.06859977027029,45.534610748291016,14849600
2019-02-04,45.149232004532486,45.92890216702917,45.149232004532486,45.73174285888672,12221200
2019-02-05,45.8572132646061,46.03644871442803,45.60628568603451,45.91994857788086,13345500
2019-02-06,45.87514193914221,46.14399685124968,45.67798600053087,45.93787384033203,9220900
2019-02-07,45.516674423526894,45.69590989206552,44.96104412919391,45.005855560302734,14905000
2019-02-08,44.889340810823136,45.73174285888672,44.64737350136595,45.73174285888672,11535600
2019-02-11,45.669020494102924,46.13503132591607,45.660060259424554,45.910987854003906,9714500
2019-02-12,46.11711844415101,46.19777425003383,45.87515102650254,45.90203857421875,14188500
2019-02-13,45.92892036199713,46.197771895023735,45.660068828970516,46.081268310546875,11342600
2019-02-14,45.919956625929586,46.37700385537851,45.78552916034507,46.13503646850586,11155300
2019-02-15,45.821366432201245,46.3501091003418,45.76759477457229,46.3501091003418,13822200
2019-02-19,46.13502666333483,46.76234900501571,45.9199468664699,46.618961334228516,12357500
2019-02-20,46.60104758645057,46.78924330430867,46.15296059042701,46.394927978515625,13440900
2019-02-21,46.26946381988418,46.91470676465282,46.161920480229035,46.69962692260742,14759500
2019-02-22,46.95055605500739,47.13875177750976,46.78028422302418,47.031211853027344,11689700
2019-02-25,47.27316944070486,47.52409701865542,47.013278210037875,47.10289764404297,14722200
2019-02-26,47.01328436354823,47.389679198371766,46.81612842019524,47.13874816894531,12041300
2019-02-27,47.06706462787382,47.17460456376621,46.834057445035235,46.94160079956055,10674200
2019-02-28,46.780287912203804,47.058099690578175,46.64586043202516,46.71755599975586,31856900
2019-03-01,47.04912616114528,47.25524573218686,46.93262260581505,47.05808639526367,15757700
2019-03-04,47.20148908759737,47.362800702100685,46.21569892663978,46.63690185546875,14850100
2019-03-05,46.63688493847952,47.1297798401664,46.6189610524105,46.92366027832031,16291900
2019-03-06,46.87886282226502,47.273178148626435,46.717551229973424,46.91470718383789,12389300
2019-03-07,46.780283458852644,47.61372555190009,46.77131980442321,47.12083053588867,16624100
2019-03-08,46.91470471326989,47.30005978360309,46.71754876978782,47.291099548339844,15071100
2019-03-11,46.547273802663724,47.65853100654197,46.52038967808542,47.19252014160156,20027700
2019-03-12,47.20148195986772,47.75711228975665,47.120829583428055,47.31798553466797,18048500
2019-03-13,47.550994873046875,47.918426085592166,47.26421945928629,47.550994873046875,19490800
2019-03-14,47.47928318888837,47.85567792829117,47.362779648283755,47.542015075683594,24000300
2019-03-15,46.06334554848671,47.84672991654776,45.704874576512026,47.443450927734375,43340200
2019-03-18,47.380715397416516,48.35754513178902,47.30005960582127,47.90945816040039,21953600
2019-03-19,48.21416932103539,48.73395197690052,48.169361296579154,48.42925262451172,19214000
2019-03-20,48.29481228573596,48.56366377959005,47.05809131164847,47.17459487915039,24111600
2019-03-21,47.16564719050027,48.438212861949715,46.914716100005705,48.42925262451172,16686300
2019-03-22,48.05284603511069,48.28585317554264,47.26421542391781,47.291099548339844,16201500
2019-03-25,47.10290198456956,47.443445609274406,46.80716295304822,47.26421356201172,11755900
2019-03-26,47.757109710893126,47.98115319414712,47.550990116535324,47.748146057128906,11657600
2019-03-27,47.74814183041019,48.07972861768889,46.87885551700482,47.326942443847656,12636000
2019-03-28,47.49721248825344,47.766063950687,47.309016806413126,47.667484283447266,9103100
2019-03-29,47.91841932484898,48.16038668706425,47.72125997371829,48.13349914550781,11485700
2019-04-01,48.285847488694124,48.97590175619123,48.258959948806464,48.913169860839844,15191700
2019-04-02,48.760831975156975,48.84148777979553,48.28586080263707,48.527828216552734,10812100
2019-04-03,48.536778651393305,48.74289823970383,48.26792716310272,48.44716262817383,12853400
2019-04-04,48.26792251083432,48.52781373920639,47.864643607952104,48.23207473754883,9978800
2019-04-05,48.16038995256217,48.56366549829946,48.16038995256217,48.33066177368164,10016300
2019-04-08,48.15143536523261,48.330670874105195,47.792967766120434,48.14247512817383,10126700
2019-04-09,47.94530785165725,48.48301087132567,47.918423726263555,48.24104690551758,9789000
2019-04-10,48.26805455651164,48.7541566484634,48.250050393779034,48.58312225341797,8477300
2019-04-11,48.65512875831951,48.781154446119345,48.178030530522314,48.42108154296875,8147600
2019-04-12,48.70013486361131,49.060211181640625,48.493092182624245,49.060211181640625,9014000
2019-04-15,49.06021694684988,49.285263813578545,48.88918256435545,49.177242279052734,7694900
2019-04-16,49.21324092473535,49.42928740032197,48.907180521396185,49.14122772216797,7265200
2019-04-17,49.222251622515614,49.35728111793195,48.96119642948015,49.042213439941406,7792200
2019-04-18,49.0062075319727,49.21325025025746,48.817168976226995,49.078224182128906,8233000
2019-04-22,48.97020448071873,49.2222558978496,48.79016628250681,49.168243408203125,6088100
2019-04-23,49.28526064193983,49.63633318201327,49.258256118531854,49.456295013427734,10923400
2019-04-24,49.51032159736679,49.98741996117043,49.474313266604106,49.67235565185547,8769800
2019-04-25,49.645339124775134,49.708351971412114,49.132232554192576,49.519309997558594,8226100
2019-04-26,49.70834111623372,49.95139208616061,49.51929918366269,49.87937545776367,7101600
2019-04-29,49.77135968741626,49.95139784522395,49.58232116699219,49.58232116699219,6443000
2019-04-30,49.564322024326245,49.852381732396786,49.36627968729928,49.807373046875,10562300
2019-05-01,49.79837929363292,49.88839668283281,49.33028131511828,49.40229797363281,7792700
2019-05-02,49.339280029254795,49.555323114645375,49.024212331641046,49.150238037109375,9652200
2019-05-03,49.33026653696279,49.5283088546058,49.21324121890626,49.321266174316406,11066500
2019-05-06,48.5201144193694,49.51031943448172,48.457101560259154,49.37528991699219,9305400
2019-05-07,48.79016085886246,49.18624210374481,48.29505844427385,48.61012268066406,11712400
2019-05-08,48.92517689939488,48.997193529505545,48.439078381915586,48.601112365722656,10729800
2019-05-09,48.12401429485274,48.92518047673342,47.78194557864129,48.83516311645508,10711800
2019-05-10,48.40307419173644,49.48329969785901,48.16902355787307,49.19524002075195,11200300
2019-05-13,48.35806289281582,48.56510555990528,48.0609994352905,48.097007751464844,10664700
2019-05-14,48.286052800656286,49.16823606276449,48.03400142118037,48.72714614868164,11520800
2019-05-15,48.529107862550276,49.33927798403904,48.46609501242813,49.11423110961914,8573000
2019-05-16,49.429288337118045,49.64533481679923,49.10522033456742,49.18623733520508,10013800
2019-05-17,48.78115186347079,49.43828822502336,48.78115186347079,49.060211181640625,9057100
2019-05-20,48.56510942236702,48.93418610765228,48.18702894035108,48.304054260253906,9820200
2019-05-21,48.79916139873012,48.85317388256748,48.63712738116066,48.763153076171875,8482000
2019-05-22,48.8171694746226,49.10522921030257,48.64613507966978,48.790164947509766,8389700
2019-05-23,48.35806746711753,48.35806746711753,47.26883812043396,47.78194808959961,11213900
2019-05-24,48.052002568635714,48.13301956895035,47.3408537252008,47.50288772583008,9090700
2019-05-28,47.781948607857004,47.96198333982729,46.58469772338867,46.58469772338867,28230400
2019-05-29,46.296642007475086,46.63871420869222,45.95456980625796,46.53068923950195,12448700
2019-05-30,46.74672435114854,46.836741702926,46.32363524312244,46.55768585205078,8569500
2019-05-31,46.125607113745154,46.23362864779815,45.46846724390428,45.54948425292969,11847100
2019-06-03,45.51348163331542,45.98157954947261,44.910354217403,45.22542190551758,17434400
2019-06-04,45.72051356873274,47.02578583417148,45.576483738791076,46.82774353027344,17073200
2019-06-05,47.51188116508025,47.92596990298159,46.6747067618036,46.89975357055664,15855300
2019-06-06,46.89076850979635,47.475891777059154,46.683725790257654,47.34086227416992,10266900
2019-06-07,47.5298882121199,48.08800337026241,47.511884054251816,47.943973541259766,11591800
2019-06-10,48.32206527684808,48.97920173980395,48.223044102412864,48.61912536621094,12984600
2019-06-11,49.060208887565935,49.15923004209084,48.4660853943586,48.55610275268555,11288400
2019-06-12,48.32205981287805,48.65512818872738,48.09701296331507,48.26804733276367,10235400
2019-06-13,48.59210919698922,48.59210919698922,48.10600723929566,48.46608352661133,11289100
2019-06-14,48.25905388875163,48.45709624362251,47.96199035644531,47.96199035644531,12973000
2019-06-17,48.01599623319857,48.20503476376042,47.66492369531444,47.82695770263672,15207900
2019-06-18,47.58391050007918,48.25004730888133,47.17882544935209,47.61991882324219,20999700
2019-06-19,47.48488402683149,47.82695619080351,47.034790339373366,47.421871185302734,35449500
2019-06-20,50.39249032010043,51.733771059169044,49.98740530266746,51.30168151855469,54173900
2019-06-21,51.43671587982209,51.44571967829905,50.464515114832025,50.518524169921875,45169000
2019-06-24,50.63554012622385,51.58073618845823,50.32047591679317,51.07663345336914,19544200
2019-06-25,51.193660025320895,51.472719374884996,50.46451037849824,50.4735107421875,25462100
2019-06-26,50.797580700969135,51.17565780119736,50.62654631285771,51.00462341308594,15045200
2019-06-27,51.31068420965985,51.66175676271618,51.09463771257918,51.103641510009766,12605800
2019-06-28,51.22065568554383,51.38268966458526,50.73455374841954,51.283668518066406,42570500
2019-07-01,51.4457207287704,52.29189580390491,51.33769574849897,52.219879150390625,20413000
2019-07-02,52.1028586513688,52.71498648705709,52.00383746707464,52.62496566772461,17569600
2019-07-03,52.61595821791857,53.066051952145514,52.552945369842206,52.98503494262695,9989100
2019-07-05,52.68796901818422,53.57915608209818,52.516934643225696,53.36310958862305,13838900
2019-07-08,53.28209757719375,53.71418717070328,53.12006355038482,53.58816146850586,16105600
2019-07-09,53.29109591584379,53.67817678090537,53.12005810843275,53.65116882324219,14348600
2019-07-10,53.9572325990728,54.461338789375574,53.78619822587092,54.14627456665039,16059100
2019-07-11,54.17327358310957,54.200278104042894,53.47112856730592,54.00223922729492,11150200
2019-07-12,54.0922690007355,54.0922690007355,53.3811200254481,53.84021759033203,11234300
2019-07-15,53.87622119751221,53.87622119751221,53.33611006411101,53.58816146850586,10721600
2019-07-16,53.47969217083651,53.75988109308057,52.95547185083707,52.973548889160156,9698900
2019-07-17,53.14528248903784,53.28085857016127,52.41318130493164,52.41318130493164,9090900
2019-07-18,52.14201867448982,52.54874338836181,52.060673731715426,52.53066635131836,11882300
2019-07-19,52.70240112531063,52.90124165463292,51.988373614439126,52.00645065307617,11663500
2019-07-22,52.31375165929332,52.4945185917571,52.015485703551704,52.06067657470703,8761700
2019-07-23,52.47644751843419,52.548752230932706,51.92510986328125,51.92510986328125,8141100
2019-07-24,51.92510844770821,52.62105895672815,51.86184053305574,52.521636962890625,10778700
2019-07-25,52.756638521307565,52.9916366190784,52.494530032346084,52.68433380126953,8175900
2019-07-26,52.72953259818352,53.009721619021306,52.60299673323862,52.8741455078125,6057200
2019-07-29,53.13623678838146,53.13623678838146,52.241442388165474,52.4764404296875,7439300
2019-07-30,52.205293160507765,52.55779025552265,51.90703063130159,51.96126174926758,6367200
2019-07-31,52.31375529902423,52.31375529902423,50.27109468139749,50.88570022583008,11966700
2019-08-01,50.885691861265926,51.38279829253158,50.1807046841198,50.50608444213867,10215200
2019-08-02,50.786275924404706,50.786275924404706,49.710717994474834,50.46993637084961,12644400
2019-08-05,49.80110372649047,49.80110372649047,48.526701719232946,48.589969635009766,16204600
2019-08-06,48.98765772593898,49.21361555359751,48.454397114751124,48.77073669433594,13149500
2019-08-07,48.02056533533709,48.870165647054286,47.875952442963026,48.21036911010742,16344100
2019-08-08,48.55381158301206,49.48475658532601,48.55381158301206,49.39437484741211,12460700
2019-08-09,49.023817406036116,49.231698217487896,48.3730576847309,48.716514587402344,8471300
2019-08-12,48.517676148773496,48.617098167381236,47.90307044087441,48.1290283203125,6580100
2019-08-13,48.0295958750122,49.02381239741257,47.90306004165137,48.77977752685547,11014800
2019-08-14,48.21939726066669,48.23747429995226,47.216147439137934,47.2884521484375,12489200
2019-08-15,47.58672471667749,47.6499926390196,46.96307884238638,47.532493591308594,11257000
2019-08-16,48.06574676452992,48.53573943427189,47.91209365718993,48.436317443847656,9913100
2019-08-19,49.00572744059039,49.141300048214624,48.58996247948606,48.68938446044922,8273100
2019-08-20,48.37305665806152,48.66228242853793,47.812682158743876,47.884986877441406,7577800
2019-08-21,48.382088314653075,48.74362221325937,48.056708495475974,48.11997985839844,6113100
2019-08-22,48.42728041166143,48.55381623600395,47.80363463762668,48.07478332519531,6744900
2019-08-23,47.95728337231806,48.192277960696856,46.32134770483622,46.61961364746094,11374500
2019-08-26,47.12575890201442,47.28844879620891,46.845573432556925,47.116722106933594,8582300
2019-08-27,47.39690595743606,47.55959584607349,47.19806544186768,47.351715087890625,13853100
2019-08-28,47.17998687147949,47.17998687147949,46.65576314782732,46.95402908325195,7499000
2019-08-29,47.586723497382465,47.73133638015097,47.08057668377116,47.14384460449219,6858000
2019-08-30,47.451139855107456,47.49633072730572,46.77326642860592,47.0534553527832,7920000
2019-09-03,46.94498639795193,46.9992175055276,46.5924928183152,46.89979553222656,10128000
2019-09-04,47.31556437495018,48.02055509175033,47.1980687953523,47.87594223022461,10558300
2019-09-05,48.562847613439075,49.10514837591527,48.472465876947496,48.662269592285156,10414500
2019-09-06,48.89727246137537,48.93342654123511,48.029595231798645,48.047672271728516,11636100
2019-09-09,48.46342968118478,49.42149202806596,48.30978002675123,49.29495620727539,17803800
2019-09-10,49.29495759012128,50.135520935058594,48.933423708141255,50.135520935058594,19976400
2019-09-11,49.95475489538348,50.87666320800781,49.85533290365301,50.87666320800781,16749400
2019-09-12,49.11419088268929,49.602260591330506,47.8126751074887,48.70746612548828,28184400
2019-09-13,48.806894275754,49.45765396940717,48.20132890914913,48.580936431884766,14736700
2019-09-16,48.26459248866701,48.4182421537141,47.71325484755874,48.02959442138672,15204200
2019-09-17,48.06574955648604,48.08382659650799,47.3155679108681,47.785560607910156,11111400
2019-09-18,47.740365698496404,47.758442736991135,46.87268853780461,47.50537109375,8911800
2019-09-19,47.35172207331723,48.508625053992326,47.35172207331723,48.23747634887695,14855000
2019-09-20,48.544767876448326,49.032837501177156,48.28265602822261,48.327850341796875,59517000
2019-09-23,48.056711524362356,48.960542880001384,47.957292971430185,48.82497024536133,13863100
2019-09-24,48.933414439798504,49.24975738857403,48.01150631842388,48.21938705444336,15354800
2019-09-25,48.18324018276375,48.76169157113124,47.803629304246186,48.662269592285156,11607200
2019-09-26,48.90631277006819,49.10515676171741,48.3278612829172,48.77073669433594,13324300
2019-09-27,48.97861493203513,49.34918561218815,48.46343138762344,48.88823318481445,12391100
2019-09-30,49.03284386484645,49.96378892155144,48.85207693061492,49.737831115722656,17445100
2019-10-01,49.74687771280605,50.289175136924584,48.580934458323966,48.62612533569336,16443200
2019-10-02,48.35497483161144,48.40920595115068,47.61383343712258,48.03863525390625,15923700
2019-10-03,47.95729446919396,48.69843592813726,47.848832220682915,48.68035888671875,11268500
2019-10-04,48.80689025377354,49.87341146477601,48.66227738352792,49.837257385253906,13659500
2019-10-07,49.773987860046255,50.03609975633917,49.48476212891018,49.52995300292969,12352100
2019-10-08,49.06899466559909,49.44860209908589,48.59900204710907,48.852073669433594,14771500
2019-10-09,49.16074828596011,49.92335280854366,49.07904053485401,49.505733489990234,12803100
2019-10-10,49.43311104023524,50.477150778643306,49.342322717403846,50.377288818359375,13789000
2019-10-11,50.76766863515628,52.0477580671348,50.57701834396734,51.64829635620117,18675200
2019-10-14,51.59382327288313,51.93880850084971,51.21251925352492,51.257911682128906,11079600
2019-10-15,51.4122543923349,51.5847470207353,51.158050537109375,51.158050537109375,9150100
2019-10-16,50.64964981076534,50.84937720618777,50.43176128649833,50.73135757446289,8912300
2019-10-17,50.84937451962151,51.05818593165453,49.92335786426838,49.986907958984375,9917700
2019-10-18,49.88704930923073,50.168484491698244,49.187994709207985,49.523902893066406,12562900
2019-10-21,49.98691833691441,50.20480343168487,49.7690297789228,50.05046844482422,8256600
2019-10-22,50.1321710371649,50.322821341179825,49.04273528630414,49.12444305419922,7777100
2019-10-23,49.02457791147267,49.596532290141674,48.906554809761744,49.142601013183594,10491000
2019-10-24,49.45127005402776,49.6146855763625,48.970100587944145,49.260616302490234,6449200
2019-10-25,49.06089728294816,49.405882588312664,49.03365904909858,49.178916931152344,6307000
2019-10-28,49.3423213304245,49.64191759251606,49.26969413742128,49.6056022644043,7280200
2019-10-29,49.67823111651907,50.21387006544426,49.5329732725675,49.750858306884766,8333900
2019-10-30,50.09585714571761,50.09585714571761,49.433117881816585,49.796260833740234,6284900
2019-10-31,49.67823314416777,49.79625276623159,49.242459594526686,49.469425201416016,8260600
2019-11-01,49.75994146559811,50.06861483299766,49.52389529235238,49.93243408203125,7313600
2019-11-04,50.168480622264845,50.613334774594044,50.168480622264845,50.34097671508789,8757000
2019-11-05,50.62241058190963,50.69504124297246,50.39544496091911,50.54070281982422,10759300
2019-11-06,50.57702448985565,50.74044003450955,50.47715904998706,50.56794738769531,10572100
2019-11-07,50.803982075330694,51.412251720153805,50.713197215253416,50.822139739990234,9677700
2019-11-08,50.8221444166266,51.28515625,50.63149411498849,51.28515625,5869600
2019-11-11,51.021870609507616,51.39409407713385,51.00371294484043,51.23067855834961,5018000
2019-11-12,51.32146541940198,51.61198113896281,51.22159999144909,51.375938415527344,6184900
2019-11-13,51.03095245361328,51.34870641999396,50.99463712090336,51.03095245361328,6802300
2019-11-14,50.66780432323208,51.13989321041441,50.51346590664345,50.92200469970703,9056100
2019-11-15,51.203449190194334,51.34870705962268,51.08542608902731,51.22160339355469,7216900
2019-11-18,51.34870612543762,51.34870612543762,50.80398652757579,51.012794494628906,6923300
2019-11-19,51.266995705759676,51.70276928356464,51.07634195160332,51.08542251586914,7199500
2019-11-20,51.04002409951328,51.40316697349356,50.66780066233191,51.05818176269531,9117000
2019-11-21,51.04002568294057,51.375933804178835,50.94923736421385,51.049102783203125,8067100
2019-11-22,51.221597405458276,51.80263227846618,51.067262452392384,51.19436264038086,6346900
2019-11-25,51.25791696196807,51.45764782426335,51.09450143158478,51.34870529174805,7977700
2019-11-26,51.52119509588284,51.6210605215496,51.22159881888253,51.303306579589844,12076900
2019-11-27,51.65736966064596,51.66644676042761,51.18528081793853,51.39408874511719,5790000
2019-11-29,51.13989951421071,51.28515738484748,50.92201097664515,50.967403411865234,6479400
2019-12-02,51.049115804467604,51.25792379597004,50.27743394616641,50.32282638549805,14314000
2019-12-03,49.587453580440936,49.92336523147654,49.44219570490857,49.560218811035156,11963700
2019-12-04,49.84165516628009,49.84165516628009,49.18799302485611,49.39680099487305,11436800
2019-12-05,49.478514073567844,49.778110408286054,49.296940852213275,49.641929626464844,10557400
2019-12-06,49.95967260541011,50.050460933957865,49.57837201517144,49.77810287475586,9088600
2019-12-09,49.7871821270337,50.36821360196001,49.714551461057525,50.2138786315918,11996700
2019-12-10,50.29558690168503,50.75859528063615,50.14124846655412,50.67688751220703,10719700
2019-12-11,50.658726621136374,51.2942310614444,50.52254932456931,51.12173843383789,12159600
2019-12-12,51.112671269338165,51.439502407935194,50.622424561442614,51.26700973510742,15413200
2019-12-13,49.93244885446758,50.29559532233408,49.405886822383295,49.48759460449219,21427700
2019-12-16,49.56928462903172,49.914273303594925,48.75221056387062,49.0154914855957,19951000
2019-12-17,48.9247095523562,49.07904797817246,47.96237751918183,47.97145462036133,19778400
2019-12-18,48.171186588033024,48.67051028170062,48.07132115665537,48.47077941894531,14123100
2019-12-19,48.389068072000924,48.66142611536798,48.153025357941594,48.334598541259766,11910100
2019-12-20,48.942861317213804,48.97917664399469,48.434457131941905,48.66142272949219,27423700
2019-12-23,48.70681816276869,49.08811870073135,48.670502836328396,48.761287689208984,10591500
2019-12-24,48.824847727604926,48.988263266664276,48.44354711194701,48.51617431640625,3331700
2019-12-26,48.52525089106961,48.7159011832207,48.37091246655166,48.634193420410156,6702000
2019-12-27,48.71589782452556,48.842998010530096,48.42538212416654,48.534324645996094,7262000
2019-12-30,48.47985327659252,48.56156103066847,47.77171825352755,47.8443489074707,5936100
2019-12-31,47.726329233874125,48.11671036863959,47.70817156909196,48.09855270385742,7094500
2020-01-02,48.361840178646794,48.988264113725286,48.325524844178815,48.97918701171875,13899600
2020-01-03,48.107635325072884,49.06996735713655,48.07131999395561,48.80668640136719,11026700
2020-01-06,48.44354342237511,49.20614805883006,48.434462857996266,49.060890197753906,10982400
2020-01-07,48.924718431377975,49.32418022018354,48.67051799357169,49.16984176635742,12015400
2020-01-08,49.18807186894575,49.789928019381854,48.969216984406614,49.36133575439453,11856700
2020-01-09,49.47075746642095,49.97230362058387,49.27013761330167,49.58930587768555,10671000
2020-01-10,49.74432997063431,49.83552239817553,49.44340365633684,49.653141021728516,9734800
2020-01-13,49.66226325986722,49.96319308149016,49.57107430226765,49.77169418334961,10858900
2020-01-14,49.716983169903,50.31883938836262,49.698744681024095,50.04526901245117,12627200
2020-01-15,50.04526007633102,50.31883040339355,49.86287869874419,49.935829162597656,9090800
2020-01-16,50.1364528886186,50.56504863717391,50.09085841036788,50.546810150146484,9866000
2020-01-17,50.729194718772675,50.78390670464567,50.01790759470042,50.27324295043945,11166600
2020-01-21,50.136446380732714,50.48297063200239,50.081730926752684,50.35530471801758,8773000
2020-01-22,50.5285689569275,50.747427310899404,49.7899259257373,49.899356842041016,6380500
2020-01-23,49.61665570279153,50.15467875953926,49.498107306251235,50.13644027709961,6583200
2020-01-24,50.20941142405431,50.337077366274656,49.133364941574186,49.30662536621094,6426000
2020-01-27,48.495032987746114,48.80508034616977,47.993486711111544,48.04819869995117,8259100
2020-01-28,48.20321789200492,48.9509784577369,48.020836502613676,48.75035858154297,8620300
2020-01-29,49.042165888687535,49.1880702999381,48.49502521615681,48.51326370239258,6332500
2020-01-30,48.1667294142429,48.63180202004426,47.67430082408906,48.613563537597656,7176200
2020-01-31,48.640919973556265,48.77770685385838,47.683422247346016,47.82932662963867,8884700
2020-02-03,48.0846666372388,48.70476123749396,48.04818966578015,48.4129524230957,8892500
2020-02-04,49.01480591704431,49.7534488957308,49.01480591704431,49.279258728027344,9769800
2020-02-05,49.853762279527025,50.18204809350289,49.77169430466882,49.917598724365234,9612900
2020-02-06,50.15468873087788,50.47385354043835,49.890235900878906,49.890235900878906,8832000
2020-02-07,49.4889996024909,50.12733269972046,49.416045658288425,49.899356842041016,7864800
2020-02-10,49.89936210734057,50.21852695031535,49.65314773763037,50.14557647705078,7198200
2020-02-11,50.309716027447635,50.647122837810656,50.25500404203215,50.291481018066406,8466600
2020-02-12,50.656238257787685,50.96628558404734,50.382667906061116,50.82038116455078,7541100
2020-02-13,50.43738555908203,50.738311915464095,50.16381171683445,50.43738555908203,8480100
2020-02-14,50.501218642963686,50.9206934333658,50.373552704896596,50.583290100097656,7496800
2020-02-18,50.53767731024168,50.84772455969374,50.245868543537966,50.56503677368164,7185700
2020-02-19,50.692721839014226,50.85686476716978,50.51034042121514,50.55593490600586,6819200
2020-02-20,50.51945976352632,50.94805208099373,50.04526948411386,50.61976623535156,6114600
2020-02-21,50.227643476650236,50.464736842016364,49.64402234914211,49.86288070678711,9078600
2020-02-24,48.42206867841024,48.814187414893944,47.88404553848855,48.011714935302734,10992500
2020-02-25,48.394709066624756,48.53149595650988,46.32468810626489,46.4705924987793,12202600
2020-02-26,46.7897587943976,48.45853999665579,46.72592584275376,47.46456527709961,16413100
2020-02-27,46.39764231013249,48.75035108786124,46.28821140613756,46.30644989013672,16161100
2020-02-28,44.90213245477621,45.49486767670742,43.6801815553059,45.10274887084961,24426000
2020-03-02,45.34895710452447,46.41588592529297,44.38233821752278,46.41588592529297,17328500
2020-03-03,46.16054370229673,47.273066832550086,43.999333872623,44.54647445678711,21830500
2020-03-04,45.458388870485685,46.13319900276722,44.52825034558335,46.08760452270508,14813700
2020-03-05,44.89299913386003,45.30335631543069,43.54338266452153,43.771358489990234,15843000
2020-03-06,42.46733927350117,44.0449316717102,42.36702934713861,43.196861267089844,24581400
2020-03-09,40.99005359242216,43.37923923885689,40.72560080337753,41.956668853759766,25949300
2020-03-10,43.269818235732735,44.601196402091155,42.09346198196438,44.300270080566406,27067700
2020-03-11,42.686205353961384,43.297179047345985,40.36996956035779,40.78032684326172,24139200
2020-03-12,37.497458903369484,39.57660058110864,36.21167552045466,36.29374694824219,24123800
2020-03-13,40.53410396968119,43.76224261309801,39.59484116838987,43.70752716064453,28339400
2020-03-16,38.76501389874308,43.37924658065608,37.62513459301082,38.95651626586914,27493700
2020-03-17,39.777224002268476,43.50690892254665,37.98989423297952,42.73179244995117,25588900
2020-03-18,39.82282389432686,43.58898629677669,38.8106139385215,43.10567855834961,29557000
2020-03-19,42.37614956472795,43.74400458253184,40.91710212522268,41.099483489990234,20159100
2020-03-20,41.05389867858622,42.58589693730207,40.58882591506391,41.62839889526367,26340800
2020-03-23,41.03563983973609,42.39437700058422,40.02342683377445,40.2969970703125,23063700
2020-03-24,41.336585428942655,43.78048349651426,41.3092259597251,43.62546157836914,19323700
2020-03-25,42.95065306497,44.44617771331991,41.47337038252501,41.892845153808594,25625800
2020-03-26,42.29407317472099,46.26997185107544,42.12080933308353,46.032875061035156,22417900
2020-03-27,44.76534863771802,47.05422518272242,44.282040834518945,45.44015884399414,20025300
2020-03-30,45.959935072079546,47.04509892056328,45.22129202847497,45.923458099365234,20611900
2020-03-31,46.61649609688204,46.67121154763068,43.77135875201864,44.072288513183594,15802000
2020-04-01,42.44910068108814,44.67414710418009,41.98403149842931,44.4188117980957,17918200
2020-04-02,43.935509555320685,45.49486365742863,43.86255560782208,45.41279220581055,16434400
2020-04-03,44.95683461607502,45.640762130960454,44.637669833915915,45.04802703857422,13362500
2020-04-06,45.959939648036276,47.30955646511864,45.91434168828569,46.953914642333984,13845800
2020-04-07,47.5557760587225,47.71991899166553,46.24263259517828,46.28822708129883,14063000
2020-04-08,46.70968308365085,48.26728405642213,46.61806093620115,47.76335525512695,15710700
2020-04-09,47.86414649120152,49.1285490289656,47.67173437009721,48.725406646728516,15521200
2020-04-13,48.28561691413829,48.68875932067422,48.010746932629175,48.53300094604492,12694800
2020-04-14,49.211013552742465,49.56834487980814,48.97279383308584,49.476722717285156,11674600
2020-04-15,48.752891918726036,48.9727899847273,48.38639980227217,48.70708084106445,10398100
2020-04-16,48.69790692328717,49.357593953505024,48.624606422618385,49.20183563232422,14098300
2020-04-17,49.95316238935923,50.136410197598885,49.4492335380711,50.04478454589844,13608800
2020-04-20,49.5225328295811,50.00814006790352,49.29347393259399,49.39426040649414,10358900
2020-04-21,48.7712213304657,48.87200780726598,46.83796362503927,47.01205062866211,14111700
2020-04-22,47.671734012676716,48.175666355646364,47.43351431022296,47.891632080078125,9668300
2020-04-23,47.85497227947496,48.551313108125356,47.140309819424736,47.61675262451172,10330200
2020-04-24,48.0199049964918,48.60629518878729,47.60759830029615,48.569644927978516,9403500
2020-04-27,48.890333352792965,49.14687820852041,48.61546336520476,48.89949417114258,9123200
2020-04-28,49.38510577269783,49.61416469836867,48.67960386221222,48.74374008178711,8350500
2020-04-29,49.430907905956694,49.73326381559586,49.192684709114985,49.36677169799805,9064100
2020-04-30,48.99111874694726,49.11022685866562,48.37723907625418,48.53300094604492,11808800
2020-05-01,47.992410839022206,48.04738272567079,47.012039248634984,47.45183181762695,8702400
2020-05-04,47.37853757630536,47.45183809508136,46.81963335370233,47.41518783569336,7567900
2020-05-05,47.845817695638296,48.43220784130338,47.63508395548747,47.69005584716797,7271800
2020-05-06,48.03821450700642,48.10235069498693,47.369363192952484,47.515960693359375,7050000
2020-05-07,48.0107444851584,48.48718389806703,47.89163288435061,48.19398880004883,7154700
2020-05-08,48.73456270197466,49.27514176143775,48.34974548769292,49.082733154296875,8130800
2020-05-11,48.679585681174096,49.32095113254519,48.615449485553036,49.046077728271484,8138600
2020-05-12,49.29347133738334,49.320960780284274,47.87330694986458,47.891632080078125,8598800
2020-05-13,48.03822515811495,48.0932005436418,46.98455298739606,47.32356262207031,10274300
2020-05-14,46.85627878793401,48.58796317133895,46.59973398895868,48.4780158996582,13794000
2020-05-15,48.28560937826168,49.46755395896379,48.12068671606321,48.487178802490234,39055700
2020-05-18,49.39425537628871,49.430905634912996,48.624617420983846,48.69791793823242,9901900
2020-05-19,48.72540658313409,48.78954279169807,47.93744345487805,47.95576858520508,9805100
2020-05-20,48.64294028915508,48.80786295013699,48.239797948510876,48.46885681152344,9115900
2020-05-21,48.34058591965019,48.50550859771558,47.75419572882266,47.845821380615234,7464000
2020-05-22,47.95577355954344,48.23064355263801,47.71755383090458,48.212318420410156,7211700
2020-05-26,49.156033147939304,49.18351909290808,48.23979770059774,48.35890579223633,11200600
2020-05-27,48.560492242218075,48.78955116788891,48.16651061045128,48.74374008178711,9228100
2020-05-28,49.25682390685745,49.61415872380948,48.7620593433112,49.1285514831543,9465400
2020-05-29,49.128550661621425,49.42174576665763,48.55132476460966,49.265987396240234,14734800
2020-06-01,48.81704037755935,48.917826870804824,48.36808681058124,48.61547088623047,7363200
2020-06-02,48.780385092516006,48.826196173681545,48.230641633045224,48.81703186035156,8756300
2020-06-03,48.86284002344944,49.128545657400366,48.55131981918468,49.009437561035156,9188700
2020-06-04,48.77121659030543,49.19268409308752,48.22147667321237,48.42304611206055,9696000
2020-06-05,48.64294779273232,49.72410607254212,48.32226673311138,49.458396911621094,12210100
2020-06-08,48.88116497369584,50.50290230929168,48.817028765098364,50.48457717895508,11519500
2020-06-09,50.39294866803136,50.44792405210892,49.3667659647092,49.64163589477539,8852500
2020-06-10,49.93483064605503,50.081428174200326,49.385090789300385,49.57749938964844,7436700
2020-06-11,48.789546462171344,49.073580760866534,46.93875010183955,47.01205062866211,12805700
2020-06-12,48.056539631452296,48.56046832065347,46.70967269354143,47.515960693359375,11537200
2020-06-15,46.69135924795164,48.95446200326288,46.645548172958335,48.7895393371582,16038100
2020-06-16,49.89818424434642,50.392952250737764,49.27514382781532,50.017295837402344,19380200
2020-06-17,48.587970482934146,49.23850038490982,47.18613119878119,47.2044563293457,28692600
2020-06-18,47.277751782845336,49.47671844513816,47.0212069538036,49.192684173583984,19259500
2020-06-19,49.66912894879906,49.89818783916817,48.542159627602395,49.84321594238281,33051200
2020-06-22,49.55917773479894,50.750283171346155,49.36676912096707,50.502899169921875,16705900
2020-06-23,50.66782213865336,51.281701737353174,50.51206378229075,50.56703567504883,18695000
2020-06-24,50.50290035095631,51.015993495001254,49.779076954115006,49.879859924316406,18287400
2020-06-25,49.84321032735233,50.017293806163615,49.05524727402388,49.962318420410156,16008700
2020-06-26,49.79739424025395,50.01729228140338,49.13770710712724,49.64163589477539,17969400
2020-06-29,49.68745382946457,50.356305366557955,49.339283339210056,50.173057556152344,14366900
2020-06-30,50.20970329164357,50.79609343595856,49.934833348391045,50.64033508300781,18885900
2020-07-01,50.10890881353954,51.19923109040268,50.09974799813314,50.84189987182617,17856800
2020-07-02,51.116782005526446,51.703172196375576,50.98850958817336,51.254215240478516,15478900
2020-07-06,51.492428996538074,52.06965826392732,51.45577874254116,51.85892105102539,15309700
2020-07-07,51.62988178860494,52.179625321585,51.51077366068023,51.59323501586914,13232100
2020-07-08,51.88642014937736,51.932231227822356,51.30002995689437,51.91390609741211,12582200
2020-07-09,52.2162607427428,52.95840923326473,52.06049889604648,52.71102523803711,15692600
2020-07-10,52.65605274189466,52.70186381563388,51.94138670995147,52.5827522277832,12615800
2020-07-13,52.59191575185186,52.99505808794355,52.19793423230644,52.234580993652344,15965600
2020-07-14,52.142577403340006,52.71304753301177,51.96775795001716,52.6302375793457,15510300
2020-07-15,52.832655537590156,53.21910313136409,51.875744873354634,52.0965690612793,10570800
2020-07-16,51.912549083438485,51.97695994380691,51.13966087826556,51.3604850769043,8779300
2020-07-17,51.59971745995328,51.63651915457995,50.385170278898485,50.51398849487305,14344800
2020-07-20,50.49558387470575,51.08445308445016,50.32076091498095,50.97404098510742,11469300
2020-07-21,51.34208958700492,51.83894936767057,51.139667961870565,51.443302154541016,11875100
2020-07-22,51.25006588420711,51.69171773029414,51.25006588420711,51.53529739379883,13842400
2020-07-23,51.526094999784156,51.857334743515494,51.15805006009674,51.305267333984375,12576000
2020-07-24,51.03844352714784,51.56290533703725,50.84521798408041,51.204063415527344,8939700
2020-07-27,51.21327313661424,51.480105622016424,50.900435897506995,50.91883850097656,10319600
2020-07-28,50.83602623285023,51.28688122254577,50.79002148123335,50.928035736083984,13030100
2020-07-29,51.12126158474764,51.43409881134381,50.92803601101355,51.25007629394531,7242700
2020-07-30,50.60600177195277,51.04765372986092,50.50478920681883,50.836029052734375,7633200
2020-07-31,50.605988902636476,51.03844120371153,49.98951763168314,51.02003860473633,9355800
2020-08-03,51.323679370094894,51.608914426302576,51.0568504251867,51.5077018737793,9164900
2020-08-04,51.32367887031329,51.535303519011514,51.09365162043209,51.52610397338867,6364300
2020-08-05,51.820536740601426,51.820536740601426,50.95563557519953,51.06604766845703,6629000
2020-08-06,51.056850130974595,51.15805917297735,50.55078737127433,50.863624572753906,8169600
2020-08-07,50.615198021347375,50.82682619462459,50.38517075555152,50.817623138427734,8772300
2020-08-10,50.82682823206197,51.17646716293223,50.4955883944479,50.5507926940918,10046900
2020-08-11,50.82681767800404,51.0292392512288,49.81469577213248,49.93431091308594,8075100
2020-08-12,50.164348333988976,50.329968252060276,49.658289033187835,49.842308044433594,9068200
2020-08-13,49.6030759313174,49.869908383066054,49.391451283014526,49.704288482666016,8260300
2020-08-14,49.713487027504854,50.201147173282386,49.47426023726353,49.86990737915039,5454400
2020-08-17,49.869918865110954,50.04473834786156,49.373059059476994,49.67669677734375,9523700
2020-08-18,51.17646845477288,52.381812669864274,50.48638661230315,50.77162170410156,21102600
2020-08-19,51.13966593439845,52.262196659993215,51.02925031422504,51.71013259887695,16751500
2020-08-20,51.1488678069162,51.35129294316763,50.68881323175413,50.84523010253906,10974800
2020-08-21,50.95563425537593,51.02004160060265,50.357562038342486,50.78081130981445,9552000
2020-08-24,51.30527017125745,51.6273103887775,51.010835607199425,51.53529739379883,7892100
2020-08-25,51.66412122464264,52.21618521501147,51.544506073085735,51.60891342163086,7427000
2020-08-26,51.83894500671025,52.897071838378906,51.58131559097355,52.897071838378906,11597600
2020-08-27,52.860265343106406,53.78037438820856,52.05977145665001,52.61183547973633,15834700
2020-08-28,52.749861062298386,53.51354985780652,52.639445433358574,53.25592041015625,8613800
2020-08-31,52.565822108684664,53.145488184878936,52.48301216780879,52.64863204956055,18683500
2020-09-01,52.786653412590994,53.37552262288596,52.519824464758024,53.05348587036133,10169500
2020-09-02,53.10868549655613,54.5808582955856,53.10868549655613,54.31402587890625,14342800
2020-09-03,54.02881808731985,54.27724801430805,52.12419215701531,52.538238525390625,15387400
2020-09-04,52.33580241317417,52.69464437194025,50.753213764321316,51.27767562866211,14697200
2020-09-08,50.928027101578245,51.332877271017274,50.486375243047725,50.90042495727539,16472800
2020-09-09,51.67331305374597,52.814249576051495,51.397281099781694,52.40019989013672,13993200
2020-09-10,52.851064091573235,53.53194635256854,52.21619009235386,52.749855041503906,20500900
2020-09-11,55.85982036409264,56.91794719036133,52.32660142229712,52.44621658325195,40220600
2020-09-14,55.99783651959675,56.58670574133119,54.60846990900074,54.70968246459961,50107400
2020-09-15,55.215743749149155,56.75232772129521,54.64527710850252,56.07144546508789,30385600
2020-09-16,56.23705435122242,56.48548417261414,54.88449667022774,55.60218048095703,21223300
2020-09-17,54.67288080138311,55.76781287201992,54.286436665820226,55.37216567993164,22831200
2020-09-18,55.188137558354875,55.473372612756904,54.682078308879326,54.97651290893555,49311700
2020-09-21,57.47001116745117,57.598825874535144,55.234145866100576,55.96103286743164,32560400
2020-09-22,55.55618385642757,55.89662321255283,54.70968172911119,55.777008056640625,13306000
2020-09-23,55.30774514250049,55.657387498444436,54.19441424402853,54.24961853027344,15513500
2020-09-24,54.047210627546434,55.114537053994034,53.63316082635174,54.562469482421875,9560500
2020-09-25,54.5348615052899,55.19734111641569,54.24962644829134,55.022518157958984,9371900
2020-09-28,55.23413745443369,55.703394970133054,54.71887870456708,54.820091247558594,9356300
2020-09-29,54.82009224453923,55.353753603740316,54.654472354802365,54.71887969970703,6340600
2020-09-30,54.76488776014851,55.56538160238106,54.62687000703309,54.93050765991211,11001500
2020-10-01,55.36295700604748,55.45497001227713,54.700480910880486,54.912105560302734,7357700
2020-10-02,54.01960071531869,54.76489029880316,53.83557820594675,54.1300163269043,7329800
2020-10-05,54.69127735617855,54.902902003669524,54.369240612156915,54.801692962646484,6899200
2020-10-06,54.75568771362305,55.69419936054492,54.66367821311476,54.75568771362305,9743600
2020-10-07,55.217606802678546,56.26154112069626,55.09750729108179,55.97515106201172,8690900
2020-10-08,56.15992200078293,56.63107622888755,56.01210856410791,56.25230407714844,7202800
2020-10-09,56.492488861083984,56.70497040243507,56.224575973408925,56.492488861083984,7355700
2020-10-12,56.57563602987865,57.12069861928943,56.41858230539612,56.77887725830078,8275000
2020-10-13,56.88050565127671,57.074510104262174,56.2430609382602,56.32620620727539,8896300
2020-10-14,56.6772620087068,56.84355255005699,56.21534462143404,56.31696701049805,6651100
2020-10-15,55.67951800867114,56.113721447089496,55.503990683681664,55.91047668457031,6251600
2020-10-16,56.086006951143936,56.4555422616238,55.67028060789158,55.697998046875,6070800
2020-10-19,55.79038229303205,56.122963380633145,54.86654750487349,55.07902908325195,8311000
2020-10-20,55.35617741569097,55.73495305244612,55.08826801225068,55.199127197265625,9241200
2020-10-21,54.820353805031736,55.54094377703366,54.70949462260449,55.12521743774414,10114900
2020-10-22,54.91273334142441,55.30998254466108,54.21985731589298,55.14369201660156,11900600
2020-10-23,55.33770751953125,55.57790302380611,55.16217664703213,55.33770751953125,9739300
2020-10-26,53.674784112327195,54.02584221610019,52.22436420029148,53.11124801635742,18876900
2020-10-27,53.249839609147315,53.56394359568626,52.67706299515874,52.73249435424805,10806500
2020-10-28,51.984180182357264,52.28904380778092,51.30054093807577,51.35597229003906,13910600
2020-10-29,50.99567544285209,52.436855299557806,50.94024409292123,51.75321960449219,13573700
2020-10-30,51.50378369558566,52.325996001480846,51.22663399487881,51.83636474609375,12602300
2020-11-02,52.1412456689891,53.09279810697462,51.845618753542375,52.15048599243164,11413200
2020-11-03,52.658572098350156,53.120489397458485,52.26132293918504,52.47380447387695,8911200
2020-11-04,53.58241646782274,53.66556173779053,52.05808769312986,52.18742752075195,12054900
2020-11-05,53.08355346506426,53.2590843546846,52.122764305949396,52.344486236572266,9017100
2020-11-06,52.44609056365824,52.6400949834879,51.87331409952571,52.47380447387695,7510400
2020-11-09,53.75795224085749,54.58016827252218,52.44610835789116,52.51077651977539,11486600
2020-11-10,52.575439712423595,52.88030689604904,51.919517832935746,52.35371780395508,9015900
2020-11-11,52.71400554235512,53.240591002378764,52.473806563728864,52.84334182739258,7724400
2020-11-12,52.89879008034017,53.111275229708895,51.82714163080811,52.15048599243164,7324000
2020-11-13,52.547721723573,52.741726175855966,52.24285456357127,52.575435638427734,5870300
2020-11-16,52.67706158954789,53.22212427152272,52.547725279274225,52.79716110229492,6309200
2020-11-17,52.65857670784007,53.018871668819244,52.4830493875078,52.76943588256836,5569700
2020-11-18,52.76944500933168,52.92649876449723,51.95647288851673,51.9657096862793,8998800
2020-11-19,51.81790483151638,52.17819991445764,51.328273413586025,52.15048599243164,9643100
2020-11-20,52.0673304737406,52.14123542600848,51.439122520788075,51.45759963989258,8395800
2020-11-23,51.596162092014545,52.26132414581586,51.522257155008504,51.80864715576172,8235900
2020-11-24,52.289040834285984,53.49002872281289,52.067322487340725,53.18516159057617,10427200
2020-11-25,53.3237473956737,53.36069811043664,52.89878069647314,53.037357330322266,6848900
2020-11-27,53.0281097457444,53.46230963012345,52.797151085744034,53.360687255859375,5627000
2020-11-30,53.22212333578213,53.76718600817378,52.84335120914726,53.32374572753906,26676900
2020-12-01,53.7671844380885,54.76492415934355,53.59165357594318,54.266056060791016,11855300
2020-12-02,53.85032041449488,54.75567791194907,53.7117438129445,54.58015060424805,9330400
2020-12-03,54.70949667955417,55.41160956019105,54.56168325604377,54.75568771362305,9783900
2020-12-04,54.79262945772914,55.93818234770928,54.755675229239664,55.39311981201172,10872700
2020-12-07,55.39312896599339,55.61485084942166,55.088265340948034,55.24531555175781,14922900
2020-12-08,54.49700772729481,55.16216628098674,53.78565462163648,54.533958435058594,15237800
2020-12-09,54.40463500034232,55.34694699185117,54.32148972096947,55.18065643310547,12204100
2020-12-10,54.977409504492364,55.25456277443488,54.54320952827285,54.9496955871582,14219900
2020-12-11,56.298481609666126,56.35391295667798,54.89425253604441,55.99361801147461,16209900
2020-12-14,56.19687000900467,56.9636510254267,56.067530182625724,56.132198333740234,16193600
2020-12-15,56.43706147606808,57.45327822762302,56.261534153279406,57.148414611816406,15506700
2020-12-16,57.15765118125977,58.37711268794568,57.139174064594876,57.99834060668945,16119900
2020-12-17,58.19234497532551,59.17161095318238,57.952145997667486,58.76512145996094,15320500
2020-12-18,58.645025938736765,60.354122236733566,58.59883490887732,60.10468292236328,33728700
2020-12-21,59.023808131326156,60.2247962582649,59.014571333432144,59.56887435913086,18210200
2020-12-22,59.64276196253259,60.973086096456385,59.522665997002946,60.187828063964844,17136000
2020-12-23,60.28945034028422,61.157850105589205,60.18782796642423,60.3264045715332,13075200
2020-12-24,60.095458828331694,60.59432343666307,59.84601947586557,60.01231002807617,3796500
2020-12-28,60.428040361341964,60.68671298921523,59.818305982811694,59.929168701171875,6463500
2020-12-29,60.280218649147386,60.2986922432668,59.328669965248984,59.55038833618164,7770200
2020-12-30,59.86449226534403,59.96611464771205,59.44876241521138,59.494956970214844,6192000
2020-12-31,59.43952678930703,59.83677602949473,59.134666666423506,59.762874603271484,6928600
2021-01-04,59.76287333663991,59.77210660953458,58.35864054365906,58.894466400146484,11249900
2021-01-05,58.82980456542027,58.93142696457301,57.72120202107723,58.164642333984375,11005700
2021-01-06,57.74731772234243,58.74887526420231,57.413464029177455,58.02552795410156,8685400
2021-01-07,58.28519335285301,59.11055548665334,58.28519335285301,58.48921585083008,7382800
2021-01-08,58.591220595496964,58.92507426871219,58.34083034058555,58.776695251464844,7751700
2021-01-11,58.37793779449518,58.9529061604929,58.27592653618491,58.452125549316406,6284700
2021-01-12,58.424297385545024,58.44284520605664,57.66385443274397,57.88642120361328,7758200
2021-01-13,57.79368876212671,58.04407904611321,57.46911072971935,57.552574157714844,8298000
2021-01-14,57.56184533135672,57.654580899731634,57.04251695060577,57.125980377197266,10258600
2021-01-15,57.125973253083494,57.496922555592825,56.764299628836,57.29290008544922,7532600
2021-01-19,57.58966831768552,57.76587085953737,56.66229843471064,56.8385009765625,8903400
2021-01-20,56.91267993166963,57.52474381833202,56.70866099453871,57.08888244628906,7025000
2021-01-21,57.17235393658713,57.357825080595774,56.495370817941385,56.76430892944336,6943600
2021-01-22,56.51392021624093,56.70867058309878,55.401079170606764,55.97604751586914,9896700
2021-01-25,55.99458918176375,56.52318968161149,55.42889304110406,56.47682189941406,8524700
2021-01-26,56.62520307998684,57.53402508865617,56.42118058539173,57.31145477294922,8186500
2021-01-27,56.940511481860426,58.59122871983203,56.91268798014457,58.00698471069336,14789000
2021-01-28,58.00697860250757,58.64686601006194,56.72720732503378,56.77357864379883,11166400
2021-01-29,56.71794180818301,57.033247709382564,55.83693971327523,56.04096221923828,11451800
2021-02-01,56.4953740341215,57.50620739210891,56.32845070253813,57.04252243041992,10553500
2021-02-02,57.38564055173195,58.350102393569735,57.31144927440261,57.840049743652344,10528000
2021-02-03,57.663862472358744,58.19246304891575,57.47838777901836,57.65458679199219,9933500
2021-02-04,57.942063939153144,58.785970304865074,57.72876931239463,58.74887466430664,9928700
2021-02-05,58.88798495089897,59.416585477683626,58.683962453671484,58.98072052001953,9170200
2021-02-08,59.15693329570722,59.231121056320546,58.275931085995694,58.52632141113281,7003400
2021-02-09,58.49848664190297,59.21255824988056,58.34083194183103,59.045631408691406,5437400
2021-02-10,59.20329077277901,59.258934236770614,58.359384359233374,58.67469024658203,9577500
2021-02-11,58.943626247075414,59.32384772670195,57.75659048770581,58.146087646484375,7690800
2021-02-12,57.79368634239972,58.535581483722645,57.78441420084853,58.49848937988281,6663400
2021-02-16,58.5263122841284,58.665415640199065,57.58966674679711,57.62676239013672,7526000
2021-02-17,57.33927633912601,57.636034391634205,56.90341140178927,57.58039093017578,6244500
2021-02-18,57.32073307654538,57.69167890285917,57.181626180655634,57.56184768676758,6262400
2021-02-19,57.73804997998081,57.83078909507182,56.643756722991,56.69012451171875,10905100
2021-02-22,58.285199079998215,60.251225892004506,57.75659849933078,59.76898956298828,20940300
2021-02-23,59.74116591985118,60.48306465331761,59.398043592721265,59.81535720825195,18175400
2021-02-24,59.80608857017193,60.41815615863943,59.42587055407337,60.00083541870117,10609300
2021-02-25,59.94517973420502,61.540256827207166,59.889539813606696,60.557247161865234,15356100
2021-02-26,60.77981667088941,61.46606833198919,59.815351243664594,59.82462692260742,20512600
2021-03-01,60.23264841108473,61.88337212504618,60.06572161193214,61.36404037475586,11758900
2021-03-02,61.34550188373615,62.52325819004689,61.20639502544276,61.81846237182617,13282000
2021-03-03,61.43824462419048,62.63455242515046,61.39187330757384,62.05031204223633,15827600
2021-03-04,61.83701961197294,62.421260048937555,60.566520416995075,60.84473419189453,19951100
2021-03-05,62.42126197028951,66.51096638073514,62.42126197028951,64.88806915283203,34211500
2021-03-08,65.35175661482452,67.64236135184115,65.00862721192135,66.91901397705078,23300500
2021-03-09,67.1415765951546,67.90201956694604,66.77062725092873,67.36414337158203,17296400
2021-03-10,68.16169555352937,68.27298250153089,66.30695553846735,66.88192749023438,21378600
2021-03-11,62.7365705322038,63.153884126378266,60.677808373699754,62.51400375366211,38095400
2021-03-12,62.09668730323185,62.94059730358168,61.623726675835016,62.28216552734375,11606300
2021-03-15,62.087394788953745,62.85711329095884,62.04103055194998,62.81074905395508,8919600
2021-03-16,63.06116309408989,63.12607871426411,61.83703491703903,61.994686126708984,14512500
2021-03-17,61.948310952567546,61.99467520150876,61.35479479406265,61.41043472290039,11892400
2021-03-18,61.64226770245643,62.14304821070382,61.289862673354776,61.89265441894531,13750300
2021-03-19,61.93902219671311,61.976117833197236,61.16930365902318,61.44751739501953,30963600
2021-03-22,61.41042301386456,61.688629680278694,61.0765693539521,61.50315856933594,10263700
2021-03-23,61.51243634663223,63.00550218906257,61.51243634663223,62.384159088134766,12390100
2021-03-24,62.23579004565424,62.51400382560427,61.89266066041858,61.97612762451172,11391100
2021-03-25,62.0966947881386,63.73814366184678,61.91122361694149,63.64540100097656,14844700
2021-03-26,63.58974643086508,65.25901488857957,63.320808341829405,65.1477279663086,12617000
2021-03-29,65.11063523205216,67.07666182831484,65.07353958963924,65.96381378173828,15183700
2021-03-30,65.6856115359282,65.88963404541514,64.86952149798049,65.42594909667969,12000200
2021-03-31,65.56502924118458,65.93597850388353,64.83241346832173,65.07352447509766,9971700
2021-04-01,65.34248108945638,66.61298037591986,65.22192555179647,66.59442901611328,13228700
2021-04-05,66.94683059963171,69.46000200145572,66.82626799300432,68.77375030517578,25010200
2021-04-06,68.27295709693998,69.22814671722426,67.84636790124354,68.88501739501953,14699800
2021-04-07,68.54972938696152,69.08993277537219,68.41002063397498,68.98748016357422,12356800
2021-04-08,69.17376562106757,70.34730939908238,69.06200428422665,70.11446380615234,13507700
2021-04-09,70.17966167514604,70.49633538284988,69.76054244194086,70.39388275146484,13285700
2021-04-12,70.08651494542407,70.96201654221284,70.03994299015044,70.89682006835938,10634900
2021-04-13,70.93408821880574,71.72576185128946,70.69192680097973,71.40908813476562,13142400
2021-04-14,71.75367992414036,72.05172192057564,71.26004853372083,71.54877471923828,12730700
2021-04-15,71.71643141969592,73.16007671270512,71.55809814664865,72.91791534423828,13604200
2021-04-16,72.936531672238,73.89585412059262,72.51741255984984,73.5326156616211,13334100
2021-04-19,73.40223228422303,74.70616884537351,72.96448149314772,73.34635162353516,19967200
2021-04-20,73.29977948304297,73.9703758331263,73.25321463454875,73.80272674560547,12562300
2021-04-21,73.38362228507359,73.89587835645627,71.27869601014683,71.3997802734375,18672800
2021-04-22,70.88751720217043,71.23213125883642,69.62083653092961,69.73260498046875,16769300
2021-04-23,69.19241182783989,69.85369259839852,68.78260122404608,69.82575225830078,10664700
2021-04-26,69.82573607190818,69.890932552318,69.1085676815167,69.38798522949219,9402200
2021-04-27,69.28552192333304,70.25416027289972,69.1271886532964,70.0585708618164,9300200
2021-04-28,70.00270336969257,70.10514889448656,69.53701217784273,69.63945770263672,6107800
2021-04-29,70.20758854737826,70.6919112766705,69.51836770048953,70.66397094726562,7940400
2021-04-30,70.37523362781928,70.71053177337578,70.03062677691209,70.5894546508789,7825300
2021-05-03,71.04584933482212,72.16351249408025,70.85957569455438,72.0238037109375,15319600
2021-05-04,71.78162421722608,73.299774610158,71.65123128069854,73.14144134521484,15316500
2021-05-05,73.55125170536425,74.35224094660731,73.03898866530807,73.75615692138672,12271900
2021-05-06,73.74684558117845,74.47332258684416,73.16938603791165,74.26841735839844,14089700
2021-05-07,74.33361372218675,75.01352587868523,73.18801755519397,74.88313293457031,14073400
2021-05-10,73.36497934389034,75.18117906022488,73.206646061109,74.6502914428711,17356700
2021-05-11,74.27773796462806,74.41744672993875,71.94928222905978,72.35909271240234,12980400
2021-05-12,72.24733005989955,72.82478968664421,71.27869154369088,71.48359680175781,12302600
2021-05-13,72.21007729038395,73.05763869642125,71.60467730119787,72.7782211303711,11399300
2021-05-14,72.7595919498844,73.62577782211696,72.7595919498844,73.47675323486328,9033400
2021-05-17,73.46744391986658,74.07284392383612,73.43950358375605,73.65372467041016,6637900
2021-05-18,73.5698690416914,74.01693556991287,73.01104121082562,73.29045867919922,6643100
2021-05-19,72.47087297679246,73.36499936018252,72.22871863325348,73.3370590209961,8165000
2021-05-20,73.53262672166656,73.87724071662649,73.28115663758636,73.31841278076172,8802700
2021-05-21,73.75617180611772,74.37088047235737,73.56058236204676,73.60714721679688,8629000
2021-05-24,74.03558098386553,74.39881953175755,73.70959858266545,73.9331283569336,7044700
2021-05-25,74.1473372672027,74.21253373675351,73.2532112108421,73.42086029052734,7160600
2021-05-26,73.19731110109176,73.92379506111585,73.16006207267301,73.82134246826172,12851100
2021-05-27,74.04488538375959,74.55714843945928,73.43016971691996,73.5605697631836,12867800
2021-05-28,73.53264850118596,73.91451875242679,73.27186252759947,73.3370590209961,6929700
2021-06-01,74.11940034573615,74.35224590567685,73.09488130317358,74.1100845336914,10485300
2021-06-02,74.23115166368088,75.37675479080104,74.05419389397213,74.76203918457031,12249300
2021-06-03,74.32431043878053,75.87040136289515,74.18460167249785,75.52578735351562,12038700
2021-06-04,75.8331525158641,78.1988646400273,75.78658765987745,77.20228576660156,14502900
2021-06-07,77.24886954241818,78.46897838647308,77.16504141940814,78.18025207519531,10445600
2021-06-08,78.26404921489821,79.1954314635218,78.23610888438073,78.80425262451172,10726800
2021-06-09,78.79494075582771,79.0091618103206,78.26405313177825,78.72042846679688,9720300
2021-06-10,78.38514275248615,78.66455319668536,76.1032517091667,76.65277099609375,16680800
2021-06-11,76.35473116720848,77.52826785789075,76.22433109569344,77.21160125732422,11066500
2021-06-14,77.30472836835403,77.39786517412729,76.49442323577276,76.9508056640625,10173200
2021-06-15,76.37334597547567,76.84835292179959,75.76794608010327,76.03804779052734,17298000
2021-06-16,72.63849341024792,73.16007225717193,70.69190808680048,71.79093933105469,36560600
2021-06-17,71.70712655542427,72.40566333174333,71.306631852766,72.2380142211914,14836100
2021-06-18,71.62330733386217,71.63262314742543,70.7571214254552,70.99928283691406,22521200
2021-06-21,71.3531840158437,72.74094137010216,71.2973033631256,72.63848876953125,8924300
2021-06-22,72.70371401116041,73.75618075982443,72.33116670439959,73.28117370605469,9845800
2021-06-23,73.3556749213072,73.45812754694498,72.70370302125914,72.74095916748047,7295900
2021-06-24,73.25320073729827,73.54192690318739,72.28456253826363,72.4056396484375,9624000
2021-06-25,72.67575352988833,73.21595692319913,72.23800274930481,73.07624816894531,12845000
2021-06-28,73.10418669081955,73.55125327219973,72.95516923428099,73.1135025024414,5605400
2021-06-29,73.15076967003162,73.19733452339578,72.48017324981457,72.74095916748047,5392900
2021-06-30,72.26593377173465,72.84339323220006,72.25662506696372,72.498779296875,7899800
2021-07-01,72.62920660111925,74.15667325114337,72.56401011383349,74.08216094970703,13108000
2021-07-02,73.99831759520231,76.615506573578,73.90518079052919,76.20569610595703,15258100
2021-07-06,76.00079303496827,77.8914979365806,75.77726327621505,77.37924194335938,14200400
2021-07-07,77.46306642174306,81.1885957292893,77.26747698580289,80.18270111083984,20976600
2021-07-08,79.1861076951189,80.92779488316573,78.850816656715,79.71699523925781,16383300
2021-07-09,79.98711011515283,82.33419751243342,79.893973305457,81.73811340332031,15685300
2021-07-12,81.5238936785225,82.75331806190297,81.00232185099235,81.10477447509766,16076800
2021-07-13,80.75083736805247,81.89644064987493,80.59250409265958,81.09545135498047,12789300
2021-07-14,81.40395517274133,82.89031240623777,81.01133331469647,82.5257339477539,13330500
2021-07-15,82.35745228609468,82.9837785424668,79.93627744485285,80.61869049072266,18306300
2021-07-16,81.0954529365583,82.71269104390466,80.88044168114091,81.78721618652344,14617500
2021-07-19,81.2450259848521,82.14245030054592,80.57195596505812,81.31046295166016,15619900
2021-07-20,81.42263778119802,83.24553696808799,81.3478506373873,82.8809585571289,12813900
2021-07-21,83.09596150124555,84.36731439960775,82.69398952408552,83.84381866455078,13108100
2021-07-22,84.13362923280378,85.19932129918494,83.83448772525988,84.77865600585938,13638900
2021-07-23,85.05909268476243,85.2554036201316,81.44135138252308,81.97419738769531,12680900
2021-07-26,81.74048819810959,82.35746436938861,81.02067434417285,82.13311004638672,10454100
2021-07-27,82.0396175380799,82.82486111848638,81.44133467717182,82.07701110839844,8465200
2021-07-28,82.17049895692979,82.21723557501669,81.44134209950072,81.49742889404297,6396800
2021-07-29,81.964849836109,82.50704603617287,81.63766493334492,81.91810607910156,6201400
2021-07-30,81.71244973003128,82.40421309475254,81.20764712374417,81.46004486083984,7962800
2021-08-02,82.01158369612497,82.1985444374007,81.41329363343343,81.89005279541016,5579100
2021-08-03,82.15179447116279,84.292528317668,82.08635750345715,83.89055633544922,9889800
2021-08-04,83.93731183114815,84.21775296109662,83.46055263851153,84.18036651611328,7509900
2021-08-05,84.30189019456287,84.61972490122082,82.97445030423458,83.60077667236328,8231300
2021-08-06,83.42314289035178,84.02142574344961,83.030521105274,83.68489074707031,6513900
2021-08-09,83.62881604912137,84.57298421058402,83.29228100408706,84.0401382446289,5798700
2021-08-10,83.29230119193369,84.24581976133693,83.13338380773213,83.79710388183594,5473300
2021-08-11,84.04014749234388,84.52624975971976,83.67556900878797,83.7877426147461,8009800
2021-08-12,83.30163911242477,84.11493340404411,82.89031687775349,83.95600891113281,5687200
2021-08-13,84.71319962415073,85.38626251291714,84.08686621845855,84.48883819580078,6640400
2021-08-16,84.0027525088094,84.91887022526834,83.70361101109482,84.90017700195312,7122800
2021-08-17,85.05908394279797,85.79759098496028,84.47950137377832,85.02169036865234,6738500
2021-08-18,84.59166355452263,85.11516638985708,83.06791305710843,83.1427001953125,7666300
2021-08-19,82.53507441616757,83.56337269431708,82.47898762364322,82.92769622802734,8099400
2021-08-20,83.0118262695024,83.57271554184484,82.54441735386803,83.1427001953125,8716400
2021-08-23,83.65683685868349,83.73162398896287,82.9276801686929,83.31095886230469,7147300
2021-08-24,83.3951056954677,83.80642786208483,82.70334243241638,82.77812957763672,6320100
2021-08-25,82.77812230184419,83.10530711830683,82.31071338344212,82.84355926513672,5748500
2021-08-26,83.02118005802055,83.36706526791129,82.69399520114823,82.93704986572266,9093200
2021-08-27,83.00249750886552,83.6849107077818,82.83422997054032,83.52599334716797,5426800
2021-08-30,83.62881123586513,84.11492055386788,83.47924407562222,83.61946105957031,5357000
2021-08-31,83.61945392706468,83.66619767245682,82.72202964587065,83.3203125,8113300
2021-09-01,83.44184120615523,84.29252171974221,83.07726282431881,84.08686065673828,8208000
2021-09-02,84.29254867415902,84.601040367312,83.58209203380805,83.94667053222656,7717400
2021-09-03,83.51663790349848,84.58233700042668,83.4792514592021,84.13362121582031,8456900
2021-09-07,84.17100927742325,84.75994201979344,82.7687823490319,82.93704986572266,11046000
2021-09-08,82.39484364038749,83.75967682751322,82.23592631968863,83.63815307617188,8851200
2021-09-09,83.75968481579925,84.90951400389783,83.5820742595297,83.70359802246094,11034700
2021-09-10,83.80642925934849,84.64776682686771,83.67555531907827,83.83447265625,10547400
2021-09-13,84.24580714896777,84.61038562618917,82.47900156486533,83.09597778320312,18883400
2021-09-14,80.57196564457358,81.28242218895618,79.20713222140236,80.75892639160156,22714200
2021-09-15,80.90850348772244,82.60052184264586,80.5532680711737,82.01158905029297,14951100
2021-09-16,81.95548037246782,82.23592858432517,80.57195392861044,81.56285858154297,12410500
2021-09-17,80.59065886643825,81.86201191609547,80.3476041896256,80.75892639160156,58069000
2021-09-20,79.48756891392004,81.71244019292666,79.39408854561358,80.55326080322266,13897700
2021-09-21,81.0860965191087,81.94613434248387,80.5065140294642,81.25436401367188,11124400
2021-09-22,81.90874261673262,83.19878868268552,81.55350726905279,82.67529296875,9908000
2021-09-23,83.14271439300882,84.189705978277,82.88096649669177,83.59142303466797,9720200
2021-09-24,83.45120402394,84.18971113786283,83.1427194884295,84.0775375366211,7617800
2021-09-27,83.92795471329791,85.35822504083372,83.33902197022286,85.10582733154297,11533000
2021-09-28,84.73192185056995,86.25567296291857,84.18038253094392,84.5916976928711,15041800
2021-09-29,85.2086589121719,86.07803990466086,85.06843479104238,85.30213928222656,12007300
2021-09-30,85.30213602914039,85.61062765744167,81.44134054956739,81.45068359375,15649900
2021-10-01,82.03962088772145,84.38600868123397,81.89004660034024,83.89055633544922,13320900
2021-10-04,83.6475021882934,84.53557626994018,83.16139292491877,83.44184112548828,10853900
2021-10-05,83.52597948533418,85.97520499624353,83.35771197493438,85.5264892578125,9788600
2021-10-06,84.52623780852905,85.53584291197981,83.80643112105277,85.38626861572266,10268300
2021-10-07,85.73214810520875,86.8258833282399,85.67606131390289,86.29303741455078,9124400
2021-10-08,86.65888087588382,89.13538444182744,86.4056051925755,88.54440307617188,13202300
2021-10-11,88.45061717602896,90.80517477394045,88.36618715823953,89.38868713378906,12959300
2021-10-12,89.89522918849082,90.54249247326061,89.36052969746996,89.65132904052734,9964100
2021-10-13,90.14850022757717,90.98338172033674,90.00778833575053,90.42992401123047,9453900
2021-10-14,90.80516554791178,91.32109967811617,88.52565549588233,89.3792953491211,7911200
2021-10-15,89.20105894885013,90.0922296039665,88.86336038588652,89.42620086669922,7422800
2021-10-18,89.58567424090846,90.66445604272977,89.21044485459166,90.53312683105469,7344100
2021-10-19,90.99278273093657,91.25544116484882,90.35489489561873,91.04906463623047,5616500
2021-10-20,91.24605653707961,91.90270976491549,90.28922838273729,90.65507507324219,6574100
2021-10-21,90.58940394200859,90.83330410374825,89.78266330901998,90.33612823486328,6224400
2021-10-22,90.32674351504129,92.18411774436751,90.261078914144,92.16535949707031,6819600
2021-10-25,92.34361624611776,92.82202680949537,91.50873449013758,91.82767486572266,5083100
2021-10-26,92.21226615820866,92.45615915840932,90.93649063060228,90.97401428222656,7089700
2021-10-27,90.81453325023264,91.27419259610558,90.05469901748206,90.08283996582031,5941200
2021-10-28,90.66445730604241,91.64942640733007,89.98904583264209,90.27046966552734,5177200
2021-10-29,89.85770119365029,90.96462377239007,89.54813646199923,89.9984130859375,7578600
2021-11-01,90.05472550790888,90.08286646452505,88.09416252331228,88.53504943847656,7327600
2021-11-02,87.9253080896506,89.97967661269006,87.70954883118746,89.93277740478516,6229600
2021-11-03,90.5237499913708,90.8708384486528,88.88212758220088,90.19542694091797,5746400
2021-11-04,90.2704740357931,90.62693803872061,89.41682694977747,89.70762634277344,5857500
2021-11-05,90.24232002158142,90.57065020666404,88.27237469561193,89.06973266601562,6160200
2021-11-08,89.35114356717901,89.35114356717901,88.46935571315709,89.24795532226562,5056400
2021-11-09,89.21981781309728,89.68885270554048,88.23484167620478,88.73201751708984,6102600
2021-11-10,88.27236443544207,88.97591676700549,87.57819480556607,88.01908874511719,5828800
2021-11-11,88.28175957795978,88.89150644928895,87.99096019680965,88.21609497070312,3620600
2021-11-12,88.45062282575907,88.6194757152175,87.64388203800284,87.7470703125,6435300
2021-11-15,88.00973077390532,88.41310117695708,87.16546630741252,88.19734191894531,5700900
2021-11-16,88.30989422144118,90.40179311501521,88.19732326408354,89.68885803222656,7392900
2021-11-17,89.82957119004757,90.18603515795111,88.94778323740118,89.42620086669922,6257600
2021-11-18,89.25734354660429,89.42619639810108,87.70952693403451,88.79769134521484,5725300
2021-11-19,88.93839634723278,90.95524786901031,88.12228019339827,88.15042114257812,8936600
2021-11-22,87.92528696638355,89.7451375419763,87.62510491166378,88.75078582763672,6488200
2021-11-23,88.32865033177424,88.45059682173458,86.54631639080043,87.1842041015625,8905500
2021-11-24,86.51816853813261,87.89712493685046,86.44312124711429,87.78456115722656,10908500
2021-11-26,87.13730871365921,88.25361413715112,86.36809171481653,86.61199188232422,4519300
2021-11-29,87.39995613433112,88.30050222771801,87.1185395059063,87.1842041015625,9552500
2021-11-30,87.25923526853826,87.72827009125152,84.9984911446501,85.12043762207031,23271200
2021-12-01,86.01163033414683,86.66827639308563,84.10734960631905,84.1917724609375,12084900
2021-12-02,83.86344287931611,85.40187680312407,83.48821352199363,84.41690063476562,7089800
2021-12-03,84.75461182341265,85.1673648588587,82.28749062723546,82.77528381347656,10808600
2021-12-06,82.86908293485088,83.64768258874568,82.40943073546313,83.43193054199219,8398500
2021-12-07,84.40752570637378,85.11107807265519,83.68520793579152,84.47319030761719,6803700
2021-12-08,84.47318859553712,84.58575239144169,82.46571979032004,83.43193054199219,7695800
2021-12-09,83.60078346485594,84.41689961348636,82.77527745735253,83.27245330810547,8615800
2021-12-10,97.83128505924621,99.75432355550451,93.90077091938947,96.27408599853516,45824600
2021-12-13,96.09587975225664,97.89697218461043,94.2947801629977,94.6418685913086,16317600
2021-12-14,93.80700755576622,95.17658900725161,93.2347842371235,93.70381927490234,9511600
2021-12-15,94.35106760772783,97.33413002892573,94.03212013586257,97.23094177246094,14452200
2021-12-16,97.51236269891119,97.55926905641198,95.94578769229724,96.82757568359375,9053200
2021-12-17,91.64004887752442,93.76008165358667,89.87647292251043,90.63631439208984,28872300
2021-12-20,90.44868645273519,90.44868645273519,85.85214310022877,85.96471405029297,17205400
2021-12-21,86.12419775099278,86.15233870371205,84.15425233468274,85.84278106689453,15823000
2021-12-22,85.6176270825862,86.1710919834979,83.96662939554807,84.29495239257812,10539000
2021-12-23,84.45442698620379,84.7639917526595,83.54449809160029,84.16362762451172,9655400
2021-12-27,84.14485367369262,84.7358421963406,83.50696595770866,83.99476623535156,7666200
2021-12-28,84.1448736568017,84.23868637956119,83.03795080315551,83.15990447998047,5610500
2021-12-29,83.01920305044318,83.66647370341953,82.28750952459521,82.74716186523438,5628500
2021-12-30,83.15989631634068,83.40379648914148,82.33439024129343,82.55953216552734,7382400
2021-12-31,82.59707994116933,82.64397915473556,81.78095633051785,81.80909729003906,5908200
2022-01-03,81.92163747457158,82.4938606259825,80.44886817263804,82.45633697509766,10644400
2022-01-04,82.45635383865968,84.03231171360746,82.29688365746347,83.338134765625,11959000
2022-01-05,83.009818512043,83.11300679232247,80.88040260162586,81.10553741455078,11236700
2022-01-06,80.97371331501714,82.31071941548257,80.55001652571951,81.29383850097656,7918400
2022-01-07,81.39738645875566,82.85679885748272,81.23732391227335,82.39543914794922,9836800
2022-01-10,82.27305615515391,84.1561657624144,81.86818730225318,84.06201171875,11025500
2022-01-11,83.45940661069585,83.79836687159742,82.3012983721923,83.30876159667969,7249800
2022-01-12,83.6948003733664,84.28797727428476,82.54610243970546,83.14869689941406,5840300
2022-01-13,83.54414414210814,83.7230346341676,82.43310940916925,82.6590805053711,6044300
2022-01-14,82.36720815226936,82.95096746766868,81.59513358715068,82.56493377685547,6054800
2022-01-18,81.79285490042558,81.88700892857625,80.35227025410195,80.55000305175781,6824700
2022-01-19,80.75715131474311,81.62338718246922,78.36560846555447,78.5068359375,10501800
2022-01-20,79.0152615288067,80.03214223655623,77.69708363174156,77.8853988647461,10836900
2022-01-21,78.48801430796061,78.5162598046189,77.23574461049049,77.41464233398438,11609000
2022-01-24,76.47308055523249,77.60294342041016,74.93834166289953,77.60294342041016,16770400
2022-01-25,76.57663909873575,77.30163299663113,75.5126777788935,76.33183288574219,13469900
2022-01-26,77.1227453015235,77.23572726278006,74.64645195943517,74.9383316040039,13971300
2022-01-27,75.42794805330695,76.40716580931894,74.57112982298683,75.11723327636719,10331900
2022-01-28,75.314969626292,75.79516460598131,73.97796347777768,75.77633666992188,7854700
2022-01-31,75.78574068044075,76.86853009198825,75.43737001640298,76.41658782958984,10594200
2022-02-01,76.64254911217608,76.64254911217608,74.99482849261729,76.3035888671875,8016900
2022-02-02,76.41658098491925,78.03604899419852,76.11527659231797,77.67826080322266,9287600
2022-02-03,76.85911410996975,77.92307560886927,76.85911410996975,77.1510009765625,8207200
2022-02-04,77.23573956533073,78.06431239181578,76.70847117283523,77.31106567382812,5570200
2022-02-07,77.33929607147691,77.44286765456965,75.94579925376097,76.0211181640625,6292200
2022-02-08,75.59742942651344,76.13411533025311,75.13606962450731,76.06820678710938,6585300
2022-02-09,76.97209102009717,78.7610462542045,76.87793699377399,78.5727310180664,8755900
2022-02-10,77.91364664745197,78.88344677962651,76.84969248774925,77.06624603271484,6336300
2022-02-11,77.0568273540522,77.61234832032392,74.881838460774,75.08898162841797,7670500
2022-02-14,74.92891549148625,75.07015011573313,73.85554384079623,74.33573150634766,5389800
2022-02-15,74.75003798068788,75.25847845499953,74.58055782258398,75.10782623291016,5712800
2022-02-16,74.82534832196431,75.11722796138092,73.64840502303696,74.56171417236328,6227000
2022-02-17,74.15684823599412,74.36399141391323,70.92731541246305,71.1156234741211,9247100
2022-02-18,71.087377081266,71.30393781456792,69.93867924264708,70.21173095703125,7790100
2022-02-22,69.50555566771034,70.53185384895343,69.31724763361542,69.78802490234375,8039000
2022-02-23,69.74095255422284,70.03283219665414,68.12147740881328,68.23446655273438,6807100
2022-02-24,66.79390107548545,70.56012034680023,66.12539801684626,70.43771362304688,11240500
2022-02-25,70.28707021726558,72.3396600550626,69.97635539613961,71.88771057128906,8291800
2022-02-28,71.15328393346185,72.21723809174125,70.63542600751198,71.5299072265625,9234400
2022-03-01,71.53932042981656,72.02892565260129,71.20036020500736,71.56756591796875,8752100
2022-03-02,71.98186323092153,74.25101379883357,71.79355514001713,73.70491027832031,8527200
2022-03-03,74.34514623855765,74.42047232642588,72.90456892966037,73.67664337158203,8203000
2022-03-04,73.13054306202531,73.3565213350617,71.35100546693947,72.0195083618164,8841300
2022-03-07,71.83121288763672,71.92536692613234,69.14778328130195,69.97634887695312,11110100
2022-03-08,69.52439241480077,70.83315999665506,68.83706153804515,69.04420471191406,9134100
2022-03-09,70.54127085699022,72.45262559844157,70.32471731576219,71.65230560302734,8959500
2022-03-10,70.71074594633986,72.35846642463969,70.64483741454751,72.17015838623047,13812600
2022-03-11,72.21724565633667,75.23022513325292,69.67505073272874,73.27178955078125,22795800
2022-03-14,73.36595590752894,74.00621352532899,71.03090378390088,72.56563568115234,13306200
2022-03-15,73.48833762359492,76.77436108663365,72.565610977206,75.88929748535156,16847200
2022-03-16,76.26593812118239,76.48249888399178,73.20588504841889,75.2867202758789,14071300
2022-03-17,75.11722301938997,76.53897244233448,74.6276177999839,75.88929748535156,10462400
2022-03-18,74.97599149892054,77.19806096774211,74.23216249013358,76.90618133544922,24176000
2022-03-21,76.52956105664079,77.18865362392344,75.57858884560682,76.22826385498047,8131300
2022-03-22,76.69904795211374,77.42404912177459,76.10587105433969,77.01918029785156,9292300
2022-03-23,76.50132705342132,76.65197926861855,75.53152676444145,75.69158935546875,7451100
2022-03-24,75.93638789782541,77.97955987026148,75.78573569793535,77.43345642089844,7025700
2022-03-25,77.24515727953644,77.99839681554022,76.48250018407836,76.95327758789062,5682300
2022-03-28,76.96267416672266,78.81753795457973,76.96267416672266,78.7139663696289,6626700
2022-03-29,79.55196317725824,79.5707982960467,78.25262013708402,79.36365509033203,5762000
2022-03-30,79.05293801990481,79.42956136647439,78.26203545725227,78.48800659179688,5533100
2022-03-31,78.2526093562569,79.00585596717342,77.76299690411354,77.89482116699219,9433300
2022-04-01,78.18671161252514,78.48800886179623,76.70847086086806,77.21691131591797,6147500
2022-04-04,77.44288746584039,79.37307780799125,77.20749875013874,79.1565170288086,7882400
2022-04-05,78.52567417376548,79.5802109847892,77.83833598787186,78.09255981445312,5143400
2022-04-06,77.13215747165353,77.65001541777535,76.61430670902382,77.32047271728516,5492400
2022-04-07,76.8005947493785,77.51897771643449,76.35633169358856,77.07471466064453,7112200
2022-04-08,77.2353830645067,77.34881420151449,75.86479108072669,76.50755310058594,6182500
2022-04-11,76.21454922808428,76.68716830178055,75.33547746254546,75.39219665527344,5738400
2022-04-12,75.57177598275763,76.55482437813124,74.69270434536733,74.98573303222656,6174700
2022-04-13,74.9195639877237,75.58122768620434,74.32405944749767,75.38272857666016,4728600
2022-04-14,75.45833897884171,75.9593138833794,74.97626565812382,75.0991439819336,5590400
2022-04-18,74.8155951363932,75.60014447003218,73.64350194173367,73.9365234375,4955900
2022-04-19,73.96488066652296,75.41109379279284,73.95542626636069,75.20314025878906,5412400
2022-04-20,75.42053897098093,77.37718129285145,75.42053897098093,75.89315795898438,9472600
2022-04-21,77.02744084452969,77.13141759908652,74.98573056110934,75.12751770019531,5616100
2022-04-22,74.92901668745121,75.33546933544616,71.98933300085719,72.03659057617188,9357100
2022-04-25,72.02712790714381,72.84003310980528,70.60927100179379,72.76441955566406,7305900
2022-04-26,72.16892201031237,72.4524963034082,70.40133151300918,70.4296875,7555200
2022-04-27,70.49584200253399,71.85697963004444,70.34460048192581,70.66598510742188,7279200
2022-04-28,71.38437068046052,72.43358543876319,70.5147534501032,71.97042083740234,6177900
2022-04-29,71.21423491335291,71.71521716353587,69.14416838053586,69.38047790527344,7946900
2022-05-02,69.8814654456376,70.51477335445028,68.55813042804397,69.9476318359375,7379900
2022-05-03,69.80582019474393,70.14610642894074,68.82277187501903,69.2764892578125,5211500
2022-05-04,69.36155208394443,71.22367183578005,68.80386520398163,71.09133911132812,6759900
2022-05-05,69.94760660244421,70.62817906378234,68.04767634980743,68.81332397460938,7197200
2022-05-06,68.18003073888156,68.94567860687836,67.7074116252322,68.52031707763672,6222500
2022-05-09,67.71685971290623,68.61483306047582,67.27259663364319,67.6223373413086,7019700
2022-05-10,68.52977236360393,69.58844178801604,67.36712615591941,68.5581283569336,8129000
2022-05-11,68.35017789551932,69.43720336264438,66.98903967269098,67.14027404785156,6932100
2022-05-12,66.99847703481045,67.04574182663724,65.19307593022373,66.85669708251953,11698900
2022-05-13,67.07407629730166,68.0382229331151,66.66762373741803,67.27257537841797,6700100
2022-05-16,66.81887638920844,67.02682990263237,65.59006410711807,65.89253997802734,6942100
2022-05-17,67.15917574594233,67.96262675868468,66.82833661281754,67.94371795654297,5952500
2022-05-18,66.92285614848794,67.0551888972234,64.09658921519521,64.55976104736328,7977300
2022-05-19,63.78466236142872,64.1816605841006,63.0662794740271,63.36875534057617,9451600
2022-05-20,64.16274516878522,64.92839276108339,63.189151299099876,64.87167358398438,7531100
2022-05-23,65.51444088755981,66.61092038586554,64.90948916835437,66.2044677734375,7370200
2022-05-24,65.85473049769041,66.66763576410386,64.56920622576186,65.2497787475586,6644100
2022-05-25,65.10797830313605,66.37460072919588,65.00400156623591,66.0059585571289,7103300
2022-05-26,66.28952831213556,68.17055683982419,66.08158204134301,67.73574829101562,6758900
2022-05-27,68.39742011815744,68.86058470442819,67.6317796698088,68.79441833496094,6566700
2022-05-31,68.27455031781749,68.98347888432083,67.603424928658,67.98152160644531,16890300
2022-06-01,69.02127522361776,69.25758472237399,67.25368478834108,67.67903900146484,5804700
2022-06-02,67.56561330874243,69.18196937300912,67.1213503087242,69.13470458984375,6200400
2022-06-03,68.58646501485727,68.96456164638525,67.32930399154735,67.85863494873047,8169500
2022-06-06,68.65262962958542,70.74160463117657,68.65262962958542,68.97401428222656,5274700
2022-06-07,67.66959055998726,69.12525806587571,67.66959055998726,68.70935821533203,5675700
2022-06-08,68.06658913912185,68.19892187974446,67.05518478630982,67.47108459472656,5253500
2022-06-09,66.89448924952805,67.26313869957951,65.41046589656848,65.42937469482422,6824900
2022-06-10,64.25727954400008,64.48413463462474,63.293132788557,63.46327590942383,10256100
2022-06-13,62.17775731822687,62.48023320354034,60.268376038562465,60.54249954223633,16547200
2022-06-14,68.05714796148882,68.46360066138928,65.24033505331433,66.84724426269531,29661300
2022-06-15,66.59201567372867,67.50889770766338,64.90949315073638,65.88308715820312,11765500
2022-06-16,64.74879704622174,65.18360562084901,63.8791798969672,64.94729614257812,10686000
2022-06-17,64.9850989094878,65.57114894309926,63.69957492140547,64.01150512695312,16445600
2022-06-21,64.85278848257875,65.72240582879938,63.699596813567005,63.973716735839844,10047700
2022-06-22,63.26477339338538,63.8697250768367,62.744889659985226,62.88667678833008,8219900
2022-06-23,62.81106384983596,64.15330732557506,62.678731103319876,63.92644500732422,8775800
2022-06-24,64.58810655780435,66.90393649661527,64.24782034151313,66.82831573486328,20132600
2022-06-27,65.57116604139628,66.97011431512693,65.16471339194874,66.55421447753906,8840600
2022-06-28,66.70543852185806,67.17805747332697,64.77715233447377,64.82441711425781,7252100
2022-06-29,65.24977874455864,66.25172872849458,65.01346924181196,65.419921875,8077900
2022-06-30,64.47467902381172,66.40296528685681,64.47467902381172,66.04377746582031,9888600
2022-07-01,66.02487447909988,67.09299806075046,65.98706409278012,66.98902130126953,7805600
2022-07-05,66.52585737036001,68.05714574581494,66.33681262792618,68.04769134521484,9040400
2022-07-06,68.35960152657833,68.75659969571754,67.40490927180707,67.73574829101562,6043700
2022-07-07,67.89645385742188,68.03824101349538,67.28204765549957,67.89645385742188,7814500
2022-07-08,67.76412198951978,68.28399861980954,67.42383569512185,67.93426513671875,4927300
2022-07-11,67.4120520129204,68.33303472760541,67.31710690955894,67.9532470703125,4543300
2022-07-12,67.98173442531136,68.30455649095548,66.52905323953166,66.85187530517578,7140800
2022-07-13,65.56057882586637,66.96578334822591,65.20927407335397,66.49105072021484,6454800
2022-07-14,65.66503766047057,66.06381143318268,64.78203445298124,65.94037628173828,4915500
2022-07-15,66.7094522383876,67.28862680918726,66.46258916464167,67.16519165039062,5134100
2022-07-18,67.64941703753247,68.08617029932017,66.60500643379258,66.66197204589844,4642300
2022-07-19,67.07025754940418,68.64637411385229,66.709463185375,68.58940124511719,7160300
2022-07-20,68.8837196520219,69.40592129075841,68.51342871486182,68.92169189453125,5655700
2022-07-21,68.50394076079542,70.8586112640999,68.48494739327434,70.77316284179688,7005100
2022-07-22,71.03900074647886,71.4852506422896,70.50730244194492,71.11495971679688,6659800
2022-07-25,71.30485791293383,71.61818326782675,70.5832621015023,71.07698822021484,5721600
2022-07-26,71.02003303174152,71.49476585349421,69.9851117135197,70.2889404296875,7284400
2022-07-27,70.62124090403728,72.27331608076015,70.56427529237334,72.03594970703125,6677200
2022-07-28,71.8175669726698,73.37468975098295,71.50424163165826,73.14682006835938,5688100
2022-07-29,73.11832896098171,74.21021556716693,73.10883227916214,73.90637969970703,5926600
2022-08-01,73.2797330599727,73.87789359866719,72.82398652298252,73.52659606933594,5227500
2022-08-02,73.09935664090835,73.35571641691607,72.21635331748327,72.49169921875,6403400
2022-08-03,72.84299762062142,73.83044265463896,72.44422383107026,73.46015167236328,6127800
2022-08-04,73.53610113152072,73.91588878573394,73.21328633394003,73.48863220214844,3656200
2022-08-05,72.41573000838612,73.48863065219842,72.15937751241096,73.44115447998047,4858100
2022-08-08,73.0328702021867,73.51709954052274,72.41571629942045,72.6056137084961,4733500
2022-08-09,72.3587512620647,73.02338133323659,72.00744648542333,72.89044952392578,4243700
2022-08-10,73.66902043963921,74.03931862772468,73.29872949540022,73.62155151367188,5258500
2022-08-11,74.0108364831473,74.0583126580311,73.18480609340843,73.2607650756836,5554600
2022-08-12,74.05830553801496,75.40654474646591,73.73549076015202,75.15019226074219,6692300
2022-08-15,74.85587621402719,75.40656808726455,74.53306133624248,75.11223602294922,3733500
2022-08-16,74.91281623206486,75.63441191351406,74.86534006787053,75.50148010253906,6185100
2022-08-17,75.00775849255102,75.73884358423709,74.96028233014417,75.24512481689453,5185100
2022-08-18,75.2736278694649,75.84330575239434,75.01727535749322,75.31160736083984,4120500
2022-08-19,75.03625700916949,75.13120211002455,74.47607584343186,74.6849594116211,4679000
2022-08-22,73.99184579800516,73.99184579800516,72.32078451020641,72.59613037109375,5757700
2022-08-23,72.3967270987374,73.11832273481785,72.3967270987374,72.54864501953125,4432300
2022-08-24,72.6056280704959,72.69107648859824,72.20685429832447,72.32078552246094,3876400
2022-08-25,72.48217808528037,73.0233802645557,72.1403772389758,73.00438690185547,3523400
2022-08-26,73.0898579957785,73.35570717901261,70.80164264436914,70.87760162353516,4904100
2022-08-29,70.36488270284659,71.07698176629962,70.32690321686755,70.44084167480469,4295500
2022-08-30,70.6592207629838,70.89658713795527,69.74773475235499,70.39337158203125,5099100
2022-08-31,70.69720217315357,71.35233570390645,70.29842839088967,70.40287017822266,8612900
2022-09-01,70.37438146060349,71.5612132680242,69.81419308070073,71.4947509765625,8139800
2022-09-02,71.91252097917933,72.89046936726804,70.71619956431125,70.90608978271484,11027700
2022-09-06,70.92506749067692,71.39031078509825,69.83318799865319,70.09903717041016,7090100
2022-09-07,69.95662790676997,70.89659685217397,69.70976481469745,70.72569274902344,5792600
2022-09-08,70.28893040076895,71.0200228985097,69.89015662591777,70.87760162353516,6897100
2022-09-09,70.87759278440667,72.16886629380676,70.67820592184658,72.07392120361328,7762400
2022-09-12,72.75755056190735,73.46964980342202,72.41574234647246,73.184814453125,15628900
2022-09-13,72.21635093176069,75.39706647423299,71.95050172382993,72.1973648071289,29476500
2022-09-14,71.95999297434079,72.0359519548275,68.14313750912542,68.47545623779297,21601400
2022-09-15,67.8867810960021,68.44696224618144,66.22521652372232,66.6904525756836,12478100
2022-09-16,66.06381424540952,66.27269782396395,64.80102333421934,65.35171508789062,23412000
2022-09-19,64.75355214958651,65.63655546271032,64.47821349537979,65.57958984375,8364000
2022-09-20,64.82000152185081,65.0004022710335,64.04144016137033,64.6680908203125,8624300
2022-09-21,65.23778282763081,65.39919024684959,63.36733437007231,63.3768310546875,6768200
2022-09-22,63.471772081610126,63.557227749947586,62.51280982497557,62.69321060180664,7190700
2022-09-23,62.04756621940653,62.133021877410044,60.6423577764719,61.28799819946289,9282500
2022-09-26,61.07911429145022,61.6392954313202,60.186614448162814,60.24358367919922,6897800
2022-09-27,60.917703834217214,61.14557350303694,58.90483456874552,59.265628814697266,9284800
2022-09-28,59.455529406605535,60.14863879642606,59.104228180953704,59.882789611816406,8549900
2022-09-29,59.142192238204636,59.436524152384386,57.70849765948485,58.29716873168945,8882100
2022-09-30,58.16425333732001,58.99978396848843,57.97436314007917,57.983856201171875,9794400
2022-10-03,57.90790138938945,60.044198725681014,57.73699731273226,59.89228439331055,9661400
2022-10-04,60.57588786950263,62.50330496948838,60.57588786950263,62.37038040161133,9892600
2022-10-05,62.038065291230254,63.79458206306425,61.69626441414563,63.27237319946289,9201600
2022-10-06,62.978047474463004,63.43378685154744,61.9241402046659,62.000099182128906,6992000
2022-10-07,61.23102666639489,61.35446181463399,59.56946570131754,60.091670989990234,7137900
2022-10-10,60.39549155671519,60.67083737776713,58.88584150374584,59.40804672241211,6407200
2022-10-11,59.026313845719145,60.219246652953096,58.83544750899532,59.56074905395508,7376900
2022-10-12,59.7611569679714,61.34537148633817,59.33170045745654,60.86819839477539,9008600
2022-10-13,59.627546743102364,62.71008435667422,59.42713492624668,62.223365783691406,10147100
2022-10-14,62.71963215898943,63.56899967730424,61.27856738746553,61.374000549316406,8044500
2022-10-17,62.872323498445276,64.48517086698008,62.8627852790586,63.96027755737305,11368300
2022-10-18,64.89554660976245,65.44906919595299,63.30179008018879,63.96982955932617,6688600
2022-10-19,63.45449516523234,64.12254206723853,62.7769100408457,63.27317428588867,5506000
2022-10-20,64.44700880645226,66.72789603429729,64.12253453756013,66.08848571777344,17600500
2022-10-21,67.78720977173789,69.46686113113135,67.10007933920949,69.38096618652344,15652600
2022-10-24,69.6004802557121,70.32578552728295,68.50298048660414,69.59093475341797,11489400
2022-10-25,70.09672542395586,70.7265974103943,69.29507811148913,69.8008804321289,9137700
2022-10-26,69.29508560863238,72.26310319196354,69.23782716042805,71.40419006347656,10693600
2022-10-27,71.33737628629913,72.4157848384003,71.14650996452168,71.7191162109375,7053000
2022-10-28,71.86228072456493,74.13362234232365,71.86228072456493,73.82823181152344,8758100
2022-10-31,73.00748275812532,74.7539380147013,72.91204959635755,74.50580596923828,12349000
2022-11-01,75.01162714197099,75.61287004635491,72.85480219446423,73.58965301513672,7753000
2022-11-02,73.15062370583354,73.89501243459425,71.58549681944378,71.69047546386719,7524300
2022-11-03,71.30875398722921,72.2344710279734,70.66934373802304,71.60459899902344,6761200
2022-11-04,72.47305314211592,73.169721794402,70.85066022486563,72.53031158447266,7219000
2022-11-07,72.63529856185042,73.57055387243119,72.04360122581035,73.23653411865234,5394300
2022-11-08,73.43694362108367,73.61827174494057,71.595055002229,72.18675231933594,9104200
2022-11-09,71.93862559841178,73.04567086482015,71.57597660480465,72.20584869384766,6013700
2022-11-10,74.15269869607657,74.8875493660003,73.20789797297279,73.64689636230469,10437300
2022-11-11,73.60871285332088,74.33401793572473,73.07428136159331,74.19086456298828,7712900
2022-11-14,73.94274225059395,75.9086929722303,73.79958887314552,74.9448013305664,7153000
2022-11-15,75.32656080256508,76.99666698392595,74.44856387182438,75.56514739990234,7618500
2022-11-16,75.50786303487884,76.5671877460206,75.25973102009432,76.24270629882812,6011900
2022-11-17,75.55557641039195,75.94686179295492,74.62032134172404,75.5842056274414,5717300
2022-11-18,76.34770478483492,76.78670321361757,75.25020507233602,76.09003448486328,6107000
2022-11-21,75.9373396183566,76.44314202447875,75.29792930424311,76.1759262084961,5235400
2022-11-22,76.24272288922583,78.45680594326188,76.18546444300176,78.37091827392578,8796200
2022-11-23,78.37090989816885,79.1343824635371,78.04642841504769,78.79081726074219,6347900
2022-11-25,79.06758961967898,79.67837067012613,78.77174459617365,78.94352722167969,2754900
2022-11-28,78.36137057203484,78.38999979434294,77.3688496058784,77.67424011230469,5112200
2022-11-29,77.61697915586467,77.77921626441623,76.84395377314272,77.15888977050781,4928200
2022-11-30,76.79624065721205,79.38251801169086,76.34769677369322,79.23936462402344,9610300
2022-12-01,79.25844552543587,80.67087365835152,78.59039889514739,80.27005004882812,6127200
2022-12-02,79.40159302695308,79.80242392469322,78.80990310172093,79.54474639892578,4798900
2022-12-05,78.6476813475557,78.65721956808633,75.78464247414344,75.80372619628906,9102900
2022-12-06,75.72737199020419,76.17591588384578,74.49626447821473,75.30746459960938,7656100
2022-12-07,75.07842433592727,75.8132750903934,74.9925366608021,75.18340301513672,5105500
2022-12-08,75.51741718750789,76.54811289924706,74.94481088579197,76.41450500488281,5918700
2022-12-09,76.01368422014798,76.6912692191409,75.90870554470413,76.21409606933594,6850800
2022-12-12,76.64355018296602,77.69333695372092,76.29044670651625,77.56926727294922,15807600
2022-12-13,81.06216677863394,81.6729477507406,76.06138755802068,76.88212585449219,22812200
2022-12-14,77.12072576810971,79.10576791210462,76.89168468413638,78.0846176147461,11183100
2022-12-15,77.10163547937559,77.33067654384512,75.83235320183111,76.41450500488281,8196800
2022-12-16,76.30954081231029,76.78671403445911,75.85145859645532,75.94689178466797,19200700
2022-12-19,76.27135229283967,77.39748118477816,76.04231122631712,76.82487487792969,7738800
2022-12-20,76.82486684850025,77.76966752010763,76.6817134664789,77.24478149414062,6390200
2022-12-21,77.63608241582324,78.39001698665137,77.24480415665847,77.77923583984375,5932400
2022-12-22,77.24479837468093,77.46429396480836,75.80373330129034,76.81533813476562,8181400
2022-12-23,76.8344155534047,77.206609993533,76.33815144584445,77.15888977050781,4129100
2022-12-27,77.18753377883003,77.75060193784313,76.92986345594957,77.28297424316406,4290700
2022-12-28,77.3879260073107,77.91281930359193,76.52902029497169,76.66262817382812,3794000
2022-12-29,77.27341531521307,78.06552443262132,77.01573775601574,77.68378448486328,3867800
2022-12-30,77.42610325042907,78.18958310970453,77.0729998224081,78.00825500488281,5375700
2023-01-03,78.70492502594989,80.01237453956881,78.50451321614881,79.89785766601562,8997500
2023-01-04,80.35594589729348,81.28166286209387,79.82151436342255,80.6231689453125,7836200
2023-01-05,81.11943111193158,81.50117106749866,79.42069595479634,80.46092987060547,7643800
2023-01-06,80.87129406765138,82.39824651478807,79.99329732068324,81.74929809570312,8641600
2023-01-09,83.18620124684722,83.90464497745702,82.53481928047972,82.78387451171875,7519700
2023-01-10,82.03668059519158,82.96586883534688,81.96962615045801,82.8604965209961,5703300
2023-01-11,83.69387295145903,84.92959653320786,83.42564793076646,84.87211608886719,8359700
2023-01-12,84.96791993227711,85.44688229335733,84.46022099887378,85.0445556640625,6071100
2023-01-13,84.24947822648102,85.70552792858865,83.97168648238066,85.44688415527344,5090800
2023-01-17,85.43729538984589,85.67677653417587,84.70927066473509,84.87211608886719,6550400
2023-01-18,84.87214589835055,84.90088247642171,82.95629607081041,83.0616683959961,6397700
2023-01-19,82.7647030577245,83.32987517402402,81.67266938522532,82.32405853271484,5597000
2023-01-20,82.41026436156969,83.70346130122614,81.90256541779526,83.57893371582031,5567300
2023-01-23,83.52146516465861,85.37983429614182,83.31072054054317,85.22657012939453,7390200
2023-01-24,85.3032046537386,86.30902128854865,84.29738071054247,85.92584991455078,7004600
2023-01-25,84.9679184938816,86.07911466080172,84.04831165318159,85.86837005615234,5896800
2023-01-26,86.10785766945394,86.68261107430776,85.34151492405813,86.05038452148438,7302800
2023-01-27,85.73425589653448,85.94500048819158,85.21697571020839,85.24571228027344,5676800
2023-01-30,84.74761450952406,84.89130470185619,83.32988248470684,83.67473602294922,6255300
2023-01-31,84.00040788852857,84.75716917589368,83.67470973434327,84.73800659179688,6200400
2023-02-01,84.65180984092773,86.83587702553638,84.49853837823946,86.26112365722656,6141300
2023-02-02,86.84546598566665,87.3819015356603,85.20740814421875,85.61931610107422,8269200
2023-02-03,84.7476128633083,86.46229922615397,84.5560235077915,85.84922790527344,5671800
2023-02-06,85.74386149364689,85.83965252381093,84.68056424953562,84.80509185791016,4097200
2023-02-07,84.17285949326148,84.3165423745519,82.66891776586642,84.04832458496094,9226000
2023-02-08,83.27239561236338,84.2207390321011,82.87006898682442,83.04249572753906,7624400
2023-02-09,83.47356198855789,84.20158684366945,82.69764528105918,83.00418090820312,4960300
2023-02-10,82.88922187566756,83.7034563967509,82.70721384672017,83.47355651855469,5318400
2023-02-13,83.60767250347888,85.68636749408151,83.53103676809793,85.65763092041016,5560900
2023-02-14,85.25530486578808,85.64805753106026,84.01958103061472,85.34151458740234,7484800
2023-02-15,85.11162111041503,85.45647463966618,84.32612302898441,84.62307739257812,4329900
2023-02-16,83.78009706660576,84.5560137690191,83.34903385601741,84.02915954589844,5942500
2023-02-17,83.53103790859224,83.75136382372418,82.87007477996859,83.60767364501953,6398400
2023-02-21,83.1095630091956,83.28198977655772,82.52522825915655,82.5731201171875,5260300
2023-02-22,83.03291041051943,83.5118727439192,82.36236606711384,82.68805694580078,5840100
2023-02-23,83.48314879442961,85.71511535951879,83.39693176102286,84.85298156738281,8637100
2023-02-24,83.63641446976845,85.14993745339241,83.47356900287367,84.92961883544922,7659200
2023-02-27,85.12120520154758,85.22657752274628,83.68431788525999,84.25907135009766,6748800
2023-02-28,84.01000643181924,84.3069681050581,83.51188872544903,83.7226333618164,7468000
2023-03-01,83.24364947352768,83.54060376181435,82.37193457665624,82.70720672607422,5119800
2023-03-02,82.43901481074211,83.60768436170498,82.25701404888136,83.31072998046875,5293600
2023-03-03,83.6459939515535,85.53310699286578,83.41609404395602,85.49478912353516,5498500
2023-03-06,85.64806272314664,86.8550427492311,85.39900022051913,85.96417236328125,7424800
2023-03-07,85.81090421225608,86.28986660597255,84.34528045682545,84.6422348022461,5382400
2023-03-08,84.68053681429527,85.34149982415592,84.44105566227994,84.7667465209961,5159200
2023-03-09,84.61349696511202,85.86837607923661,82.8892294501129,83.21492767333984,10572300
2023-03-10,80.85844362490148,81.66309702598812,79.39281240140177,80.53274536132812,16029300
2023-03-13,79.81428515373892,81.93129784893412,78.5881427156517,81.3565444946289,10299800
2023-03-14,82.31448061470445,82.31448061470445,79.91966854900072,81.00212097167969,8732200
2023-03-15,79.58438506257497,79.8621840999024,78.66477823644905,79.48859405517578,11463000
2023-03-16,79.43113140356793,81.52898928512566,78.62647799103934,81.25119018554688,10148100
2023-03-17,81.42360596889594,82.36237546516837,81.05001589088602,81.67266845703125,13065800
2023-03-20,81.69182587326499,83.8280013955334,81.66308929857209,83.30113983154297,9177300
2023-03-21,83.80882540075996,84.15367885868437,83.01375349735343,83.8950424194336,6683700
2023-03-22,83.85673797857771,85.40857878762448,83.7609469601298,84.20159149169922,7233700
2023-03-23,84.92004433247833,85.86838794255515,83.95253813159518,84.0866470336914,10747100
2023-03-24,84.27822448581018,84.75718687084156,83.82799867453893,84.30696105957031,5852100
2023-03-27,84.89130092138808,86.69219696770922,84.82424647573747,86.34734344482422,8170100
2023-03-28,86.42397673863603,87.05620330710397,85.7151144320549,86.06954193115234,6378900
2023-03-29,86.337763359916,86.84546966511176,86.03122770287723,86.8071517944336,5233600
2023-03-30,87.0274578589671,87.34357476516247,85.9354242815517,86.70176696777344,5640700
2023-03-31,86.74966529328931,89.08700408318767,86.60598242373494,89.01036834716797,10476300
2023-04-03,88.49308722021273,90.04492797159317,88.21528816116638,89.96829223632812,8410900
2023-04-04,89.90124694264291,90.06409241536142,89.01995782258034,90.04493713378906,6651500
2023-04-05,89.68093007080543,91.10823609842934,89.5468211720159,90.89749145507812,7478800
2023-04-06,90.36104317433991,92.03741148225438,90.03534495987019,91.88414001464844,9146200
2023-04-10,91.07611105029771,91.48974387053029,89.9891258896819,90.19113159179688,8681500
2023-04-11,89.90256078856794,90.5470563128766,89.65245530936191,90.39315032958984,8196000
2023-04-12,90.78753857314621,91.6917609761081,90.03722948940805,90.32581329345703,8040300
2023-04-13,90.59515436740068,92.10539395381483,90.36429172729032,91.91300964355469,6240200
2023-04-14,91.86491168802368,92.3362583946468,91.07612425818878,92.0669174194336,6485100
2023-04-17,91.99957679596719,92.3362529952966,91.6821360913177,91.95147705078125,4772400
2023-04-18,92.34588528339084,93.05771609419934,92.12463670407642,92.7979965209961,7219400
2023-04-19,91.95148167859963,92.79799026693544,91.95148167859963,92.1631088256836,4766200
2023-04-20,92.3458768203986,92.49016872072866,90.99916464896961,91.22041320800781,5815500
2023-04-21,91.3935582820307,91.68213473189529,90.67210614888329,91.52822875976562,7335800
2023-04-24,91.71099045370825,92.42282849992274,91.35507876959153,91.80718994140625,4901700
2023-04-25,91.5185985437495,92.05728040289608,90.44122748646642,90.47970581054688,5768800
2023-04-26,90.18151421541597,91.20116418766801,89.78711687053182,90.14303588867188,6395500
2023-04-27,90.72020003678442,91.4705090932797,89.73902834882692,91.42241668701172,5615700
2023-04-28,90.68171783399775,91.7687103828808,90.65286092367172,91.11459350585938,8498500
2023-05-01,91.19156062920173,92.08616164697081,91.09536113174966,91.25889587402344,5459800
2023-05-02,91.31660790753418,91.6148057946025,90.27771500298562,91.19155883789062,5995100
2023-05-03,91.45126459535132,91.78794076204495,90.94143963735955,91.17230224609375,6744800
2023-05-04,91.36469343734157,91.49936390338247,90.81639015732077,91.35507202148438,5038200
2023-05-05,91.38393060862379,93.60600067810401,91.22040323099756,93.27894592285156,8068600
2023-05-08,93.3847591660834,93.57714345216995,92.76912064381834,93.10579681396484,5314800
2023-05-09,92.53826650122654,93.20200487788888,92.4420743417516,92.48055267333984,6333500
2023-05-10,93.10580460792615,93.96192722896113,92.59597960202785,93.80801391601562,5935300
2023-05-11,93.82724835586919,93.91381908241341,92.67292062901576,93.7310562133789,5144500
2023-05-12,93.89457990416946,94.19277773588212,93.24046308632349,94.12544250488281,4994700
2023-05-15,94.14469638962792,94.23126712293862,93.35590901717114,93.55791473388672,4443700
2023-05-16,93.47133816765508,95.08739126640911,93.23085411926304,94.5102310180664,6896500
2023-05-17,95.02005160064897,96.57839080368286,94.68337541637972,95.97236633300781,9436000
2023-05-18,95.97235144705094,98.55996163434673,95.93388046537905,98.44452667236328,10005700
2023-05-19,98.49265346745446,99.14677042042528,98.04054224921109,98.92552185058594,8560300
2023-05-22,98.57923673474141,99.17563255275029,97.85778449889843,97.89625549316406,5890500
2023-05-23,97.22289738978796,97.56919503009817,94.72186458454075,94.78919982910156,10047300
2023-05-24,94.2216338124166,95.11623463865257,93.586759831308,94.57755279541016,6815900
2023-05-25,95.42406139916847,100.67623914042157,95.01042856867389,100.32032012939453,16729600
2023-05-26,100.3780361827648,102.1864808488903,100.07021690710371,100.11831665039062,13994100
2023-05-30,100.90710659258171,101.94599942672083,100.22413278652468,101.14759063720703,10296700
2023-05-31,100.4934842340161,102.43659228829772,100.18566491831827,101.90753173828125,13713500
2023-06-01,100.88785490171027,102.55200757356877,100.79166276010346,101.95560455322266,7835900
2023-06-02,102.46543792334745,102.70592196660812,101.72475029926046,101.85942077636719,8652400
2023-06-05,101.85940317709125,103.50431286810769,101.51310562750997,102.85981750488281,7442000
2023-06-06,102.74441405661607,103.39853103546234,102.1095399136429,103.02337646484375,7023000
2023-06-07,103.06184082034856,104.24502554036856,100.84938469045352,101.24378204345703,9842500
2023-06-08,101.64780633453107,103.68711391802049,101.33998701428658,103.388916015625,9526700
2023-06-09,103.60052169727783,105.95726969724167,103.32156666864857,105.66868591308594,12597100
2023-06-12,109.98777205107345,113.03711511837633,109.98777205107345,111.99822235107422,39081500
2023-06-13,118.62596384370907,119.27045929263335,111.60382712444395,112.23870849609375,39190900
2023-06-14,112.06556034931108,117.84679860765637,111.33448682773735,117.61592864990234,26264200
2023-06-15,117.30812707181518,122.68535472360882,117.02917200735479,121.73303985595703,27476700
2023-06-16,122.30056231333504,122.55066776886679,120.3863114173958,120.68450927734375,19514700
2023-06-20,119.71295382860528,120.48250570282234,117.31773481206534,117.39469146728516,16273000
2023-06-21,117.30811593999464,118.66444949645012,115.77864091402475,117.45240783691406,17583000
2023-06-22,116.9810656658916,117.9237590626531,115.49968298913251,115.99027252197266,12203400
2023-06-23,115.03794379266236,115.33614899780736,113.64313927272471,114.12410736083984,19734300
2023-06-26,113.49884173704996,114.88403211044786,112.2579432507127,112.33489990234375,8987000
2023-06-27,112.13289753237363,113.95095628205644,111.83469967216877,113.35455322265625,6970400
2023-06-28,112.33490543065798,114.10487181032588,111.95975090923203,112.09442138671875,9240500
2023-06-29,111.2479155266645,113.31607968556989,110.2667365587232,113.29683685302734,9234300
2023-06-30,115.27842845439771,117.09649458908572,114.49926249595332,114.55697631835938,13703100
2023-07-03,113.5180921286617,113.74895475993783,112.38300712798387,112.69082641601562,4284700
2023-07-05,112.0848016077592,112.55615562484047,111.01705918893913,111.5461196899414,8466500
2023-07-06,110.30521770285722,111.4018243381083,110.27636079229647,111.05552673339844,7982800
2023-07-07,110.46875404227393,111.56536810539693,110.13207782679326,110.24751281738281,7001600
2023-07-10,109.93006060064639,110.65151270364922,109.33366489245117,110.02625274658203,6931000
2023-07-11,110.23863753421655,111.01089015072903,109.49535046673938,110.89505004882812,6117100
2023-07-12,111.65763331276264,113.99368650238047,111.62867513214896,111.99549102783203,11011600
2023-07-13,113.02837972634809,114.46669992399929,112.70983236022552,113.37589263916016,9359600
2023-07-14,114.0805725484507,115.8084819136419,113.5979165480536,115.13275909423828,7723800
2023-07-17,114.72733207001222,115.8084841834001,114.1481463311333,114.76594543457031,6735900
2023-07-18,114.65975781185925,117.08269298617411,113.72340399651964,116.58072662353516,8903600
2023-07-19,116.62897998147484,117.15024927568189,114.31223001769189,114.57286834716797,7609000
2023-07-20,113.41449673147484,114.92038835213287,111.23289706963898,111.86034393310547,12913000
2023-07-21,112.44919660438387,115.1327628763885,112.17891041364187,113.56896209716797,9159600
2023-07-24,113.84889259223732,114.42807828345057,112.68086602827933,113.97438049316406,6200400
2023-07-25,113.88751657268587,114.3991307703738,112.75809590005342,113.85855102539062,6266300
2023-07-26,113.34691969448302,113.53998649020295,111.01086670186096,111.49352264404297,8160000
2023-07-27,113.47241482622854,113.52067600154575,111.6286655940736,112.3623046875,7843000
2023-07-28,112.63259744143697,113.23109349547975,111.63832732170532,111.9665298461914,6910400
2023-07-31,112.39126832296313,113.17316862967306,111.81208263781704,113.16352081298828,6703100
2023-08-01,112.86427450052183,113.9454265652774,112.43954223898058,113.81993865966797,5246000
2023-08-02,112.86427755467847,112.92220128285065,110.3544678213519,111.69625091552734,6387800
2023-08-03,111.24255258011945,112.14029303279061,110.2965509463991,110.57649230957031,5193800
2023-08-04,111.3391043631177,112.36234029166005,110.29657279602851,110.47032928466797,5579300
2023-08-07,111.46457947096395,112.34300957431984,111.07845319228991,112.07272338867188,7347000
2023-08-08,111.04949089421548,111.5997184273895,110.25793536640819,111.23290252685547,4694800
2023-08-09,111.33907741900515,111.69624549387015,108.4334937353919,109.1767807006836,6542400
2023-08-10,109.83319210920486,111.09774840257157,108.57829099743323,109.07059478759766,6004100
2023-08-11,108.49141867055442,109.5436126149401,107.27512344829319,109.13817596435547,5288900
2023-08-14,109.25401627862364,111.79278427617525,109.22505809596944,111.56111145019531,6494200
2023-08-15,111.4452653009183,113.96473016142055,110.85642440311533,113.22144317626953,10412200
2023-08-16,113.09595569333557,113.72340259176468,111.27150926618931,111.33908081054688,5722000
2023-08-17,111.72521903391767,112.72914448948518,110.39309100341775,110.89505004882812,6183900
2023-08-18,110.52823154419903,112.93185652613161,109.99730696206188,112.42024230957031,9412800
2023-08-21,112.84497469056058,113.2793621462697,111.19429204822134,112.54572296142578,5811200
2023-08-22,113.4338132137321,113.5979144833454,111.71555906190802,112.4974594116211,4960300
2023-08-23,113.03802111534254,116.27181448159739,108.22111683489585,113.75234985351562,16517300
2023-08-24,115.52853645904041,115.57680500326948,108.51072170223951,108.99337768554688,11995900
2023-08-25,108.99338404255982,112.12099293467975,108.82927540145688,112.03411102294922,8758100
2023-08-28,112.33336549380547,113.6268801009369,111.6866008254933,112.78705596923828,4514800
2023-08-29,116.75449399244712,117.00547719722996,114.41844050913231,116.46490478515625,11920500
2023-08-30,116.53247568410706,117.5170907669772,115.98224809211412,116.9186019897461,5601800
2023-08-31,116.80273854643397,117.74874743795912,115.95326673558638,116.21389770507812,9109800
2023-09-01,116.81240281107507,117.46881524110233,115.92431020709996,116.73517608642578,6189900
2023-09-05,118.19280852831918,119.96897914675074,116.97651329585193,119.67938995361328,11089600
2023-09-06,118.79129207040535,120.25857043104564,118.47274470839776,120.01724243164062,8728500
2023-09-07,119.53458198188174,121.5906938089432,118.33758984678649,120.75086975097656,11864400
2023-09-08,120.47093855838652,122.2953776191075,120.03654374670545,121.9382095336914,10595500
2023-09-11,122.6139340166373,123.00006031168431,120.39372070842342,122.31468963623047,22155600
2023-09-12,108.19216002238224,109.369841724215,103.57797029729619,105.8078384399414,68605700
2023-09-13,104.56259246627148,109.0223364262504,104.44675237837413,107.96048736572266,27171000
2023-09-14,109.56290800075502,111.1460190337889,108.06667150947193,109.71736145019531,19849700
2023-09-15,110.22898829026184,111.20394818418401,108.59760852547137,109.95870208740234,23215000
2023-09-18,109.48569180603023,110.4992724124142,107.70952115511521,108.31766510009766,11744100
2023-09-19,108.57829659284785,109.7945844056643,107.83500223138061,108.85823059082031,9536100
2023-09-20,108.89685684394729,110.72129614386655,108.55899907817465,108.95478057861328,8777100
2023-09-21,107.64193722531299,108.59759399029882,105.53755688717781,105.63408660888672,12645800
2023-09-22,106.17466925602159,106.7635101898151,104.74601156056085,105.24797058105469,11150000
2023-09-25,104.68808772807918,104.88115455480894,103.77104423653856,104.54329681396484,8410000
2023-09-26,103.42353545923753,103.67451866167451,100.69170051065464,101.24192810058594,13209000
2023-09-27,101.35775215961375,101.62803832034677,99.76498600987073,100.99093627929688,8916400
2023-09-28,100.4214010044309,102.90225242194116,99.68776186012465,102.46786499023438,7373600
2023-09-29,103.39457329481861,103.64555648759335,101.72458022349502,102.245849609375,7299100
2023-10-02,102.13964831052647,103.02774084293617,101.63768937024726,103.00843048095703,5963500
2023-10-03,102.72848795609998,102.8057146736284,99.94839240778336,100.89439392089844,8783300
2023-10-04,101.31915165210631,103.57798567359946,100.8751089938932,103.36561584472656,8842700
2023-10-05,103.2594248383268,104.67843464321838,102.50648266383232,104.591552734375,7651500
2023-10-06,104.18613149214602,106.69594138872924,103.84827374227365,106.14571380615234,8247000
2023-10-09,106.90828659649127,107.12065638027914,105.67268861599258,106.49320220947266,6012400
2023-10-10,106.38703680819359,107.20755055199571,105.81750625164436,105.90438079833984,6910400
2023-10-11,106.09815871637103,106.63101873350979,105.43934418894577,106.22410583496094,5641700
2023-10-12,106.52445053226407,107.46423088623413,105.48778720598408,105.71062469482422,6598500
2023-10-13,105.78809624727963,106.09812608296289,104.43171294427995,104.87738037109375,5879400
2023-10-16,105.55559492825766,106.17565475588809,104.93553510062723,105.32307434082031,5488000
2023-10-17,104.22827984472461,106.36942503074847,103.56946537274065,105.64279174804688,5261800
2023-10-18,105.02270847350343,106.31127298093782,104.49953173984522,104.87738037109375,5123900
2023-10-19,105.24554242523435,106.78600854164986,104.81925600504385,104.9645767211914,7989200
2023-10-20,103.6566393179899,103.70508448486856,97.52386112425701,98.6767807006836,21831400
2023-10-23,98.86088173096792,101.4283208243258,98.8318175821485,100.43041229248047,10722600
2023-10-24,100.71136684126841,101.20547952755652,99.30654549581085,99.98473358154297,6174000
2023-10-25,99.50030354294475,100.4400836672385,97.86296175348089,98.2698745727539,7081700
2023-10-26,98.52177500726114,99.19996303149905,96.75847875254746,97.27196502685547,7565600
2023-10-27,97.85328792613349,98.90932481217352,97.4560581598052,97.84359741210938,5207900
2023-10-30,97.98892711660581,99.21936370789463,97.6788971881631,98.48303985595703,5433700
2023-10-31,98.8318119199313,100.29476153246479,97.95016003387472,100.17850494384766,6258400
2023-11-01,100.56605567893313,102.89127641811363,100.56605567893313,102.4552993774414,8602400
2023-11-02,103.1334850015215,103.87949934028725,102.28090457748553,103.5404052734375,5918300
2023-11-03,103.83104416334942,105.67184985257757,103.29818422153046,104.68363189697266,7280000
2023-11-06,104.69333500632742,105.80750766713416,104.09265614298761,105.71062469482422,6062800
2023-11-07,106.563189456132,106.94103816650615,105.19712274747829,105.59434509277344,7412600
2023-11-08,105.82686820832947,109.05311417265519,105.78811354856907,108.83028411865234,10994900
2023-11-09,108.8981139955178,109.77975857168121,108.13272601875828,108.68496704101562,6853900
2023-11-10,108.59775527499602,109.65379941769704,107.67735613619863,109.54722595214844,5233900
2023-11-13,109.54722849907701,110.92298567871414,109.26626275534339,110.59358215332031,5740500
2023-11-14,111.2814613227232,112.83161078614117,110.88423159588402,112.48282623291016,6733700
2023-11-15,112.53127436786104,112.68628562243423,110.38043869690095,110.50638580322266,7386200
2023-11-16,110.21573706308072,112.25999926514149,109.93477131014818,111.09738159179688,7476100
2023-11-17,111.03925113956612,112.03715963375264,110.60327414033566,111.76588439941406,4791300
2023-11-20,112.04684606263693,113.50011252935934,111.9112084504118,113.27727508544922,5728300
2023-11-21,113.55824666712753,114.00391418618922,112.07591597745163,112.46345520019531,5995300
2023-11-22,113.06412910877364,113.6357511008582,111.91120939512757,112.61846160888672,4343700
2023-11-24,112.86067914961066,112.95756210875047,111.74650664026298,112.62815856933594,2168200
2023-11-27,112.39564865545063,113.13196512814663,111.85309072772603,112.84131622314453,5165300
2023-11-28,112.385941041923,113.16101945406277,112.2599939414209,112.61846160888672,4892600
2023-11-29,113.68419270173253,113.916720668205,112.34719015714688,112.58940124511719,6127200
2023-11-30,113.21915155217917,113.57762662338573,111.59149274535083,112.58940124511719,11075600
2023-12-01,112.45376718076348,113.69388680768832,111.6690055962836,113.50981140136719,5739800
2023-12-04,112.64752982066433,113.04475955393622,110.98112374031427,112.17279815673828,5587500
2023-12-05,111.00049324615922,111.67868131225553,110.26416949461496,110.96173858642578,5913600
2023-12-06,111.3589675707267,111.4074053513025,108.44274412234824,108.53962707519531,7815700
2023-12-07,108.90779471431489,109.50847346840068,108.32648220279292,109.35346221923828,6772800
2023-12-08,108.52025461532453,110.09946819973337,108.11333438225181,110.07040405273438,7766000
2023-12-11,110.22542370317399,111.75619962317492,110.07041244346419,111.54305267333984,19544200
2023-12-12,99.50031232251469,101.68021212171804,97.55294049058068,97.66919708251953,57666500
2023-12-13,97.93079908538449,99.88786162814071,96.16750247655386,99.78128814697266,29392200
2023-12-14,98.69617080036593,99.0643289707383,96.75848221414122,97.18476867675781,22865200
2023-12-15,96.5840955960715,100.7501218651581,96.26437518663327,100.10099792480469,30212300
2023-12-18,100.18820155696011,102.8525236198612,99.70377936370538,101.7286605834961,13473100
2023-12-19,101.70929098643417,103.02691260404228,101.53489869427045,102.9397201538086,10108500
2023-12-20,102.64905142694916,102.7846890386688,100.80825315598375,100.90513610839844,9242000
2023-12-21,101.43800373032082,102.62968557125359,101.26361144607934,102.5618667602539,8168000
2023-12-22,102.40683610605295,103.17222396429153,102.17431555155488,102.8912582397461,5680000
2023-12-26,103.20131249235524,103.32726700755883,102.05807569106638,102.88159942626953,5767400
2023-12-27,103.00753963154395,103.01723014553113,102.27121579414245,102.6393814086914,5627400
2023-12-28,102.70719956148909,103.28850473813603,102.29059616308112,102.9397201538086,5689100
2023-12-29,103.27879439870524,103.58882425951639,101.51549817939912,102.14524841308594,6899700
2024-01-02,101.26360726815368,101.41862591072638,99.24841665657875,100.81793975830078,9597500
2024-01-03,100.08162485010702,100.15912678083518,98.5702226296227,99.26779174804688,9455600
2024-01-04,99.56813771349529,100.13975976453212,99.20967000906016,99.39374542236328,6822300
2024-01-05,99.33560749824706,100.48853461078845,99.1030869298313,99.52938079833984,6133800
2024-01-08,99.73284787426411,101.5058275614255,98.94807886051765,101.39926147460938,7038700
2024-01-09,100.61448360819297,101.22486027536853,100.0719331410998,100.40133666992188,6725200
2024-01-10,100.2651825111859,101.21833236990219,99.90532579112686,101.07244110107422,7270500
2024-01-11,101.4906498239,101.96722100102969,100.70284743022924,101.89913940429688,6119000
2024-01-12,102.22010307299276,103.77625922252459,102.09366793658442,103.67900085449219,9703800
2024-01-16,103.49421414207228,103.73736377692876,102.5313362453973,103.64982604980469,7547200
2024-01-17,103.54283338338314,104.55433669393238,102.78420775555558,103.51365661621094,7771500
2024-01-18,104.05832332981807,105.89653411127463,103.69846659270723,105.72146606445312,10362300
2024-01-19,106.32446323924361,107.19980333639609,106.03268073341367,106.66487121582031,11163800
2024-01-22,107.04418690599157,107.6569287006801,106.27583321224745,107.08309173583984,7485300
2024-01-23,107.26788353735117,109.59239323047835,106.55788340657409,108.76568603515625,9185900
2024-01-24,110.31212985637849,112.25732702861019,110.22459954539046,111.17774200439453,11702700
2024-01-25,111.74184474461387,112.99649774129806,111.21664064690854,111.84883117675781,8877200
2024-01-26,111.49869537353516,112.31568200088633,111.13883124453861,111.49869537353516,5541800
2024-01-29,111.0610252439116,111.45005870818231,109.91335871550254,110.6330795288086,7014400
2024-01-30,110.25376334726627,111.2652666482906,109.54376319796566,111.03184509277344,8231900
2024-01-31,110.69142740616849,111.1388218034805,108.61006731329473,108.63924407958984,7386700
2024-02-01,109.81609280989566,112.607445568117,109.46595677982083,112.36429595947266,7882200
2024-02-02,112.64636426937676,113.29800351991805,112.00445308207374,112.6171875,6499400
2024-02-05,112.36430170934636,113.52169628022722,111.62512478354819,113.20073699951172,8084500
2024-02-06,113.54115425660169,113.74539906455243,111.82938612701318,112.14061737060547,4637500
2024-02-07,112.62690423874437,114.36784894610477,112.14060501046022,114.0566177368164,7672900
2024-02-08,113.88154959412195,114.56237296518265,112.79224407296455,113.4827880859375,4472800
2024-02-09,113.85238303969065,114.12470944440629,112.55883261729136,113.44389343261719,5787100
2024-02-12,113.07429133739802,113.89127042640315,112.21840000186481,112.6657943725586,5439600
2024-02-13,110.6719812377699,111.0804708159352,109.90362755293279,110.56499481201172,8171700
2024-02-14,111.187458148661,111.57649902546984,110.41910445755634,111.12910461425781,5946100
2024-02-15,111.11937239130582,111.17772592352418,109.48540670615628,109.68965148925781,8455600
2024-02-16,109.92308371385211,110.0106214410183,108.20158756318874,108.25994110107422,8936000
2024-02-20,107.51102890372073,107.73472238215737,104.7293968633959,105.4782943725586,10975600
2024-02-21,103.83460408373966,105.4102086945012,103.59145449118148,105.19624328613281,7865300
2024-02-22,108.4349980030599,108.82403886314584,106.6551484972316,107.96815490722656,8957800
2024-02-23,108.93101814085382,110.26348058764799,108.64896372129871,108.88238525390625,7504500
2024-02-26,108.93103555433942,109.45623965191696,107.8903554221963,107.92926025390625,6342900
2024-02-27,107.58884109426288,108.45445310411102,106.78158261575909,108.32801055908203,6593100
2024-02-28,108.21129957824101,108.95046901629607,108.05568027317454,108.61978912353516,5278300
2024-02-29,108.61978912353516,109.35896598192708,107.6082859016138,108.61978912353516,12193900
2024-03-01,108.61979151237492,110.8178660125905,108.46417220388598,110.66224670410156,7605100
2024-03-04,110.46773483661475,111.45978200058732,110.28293875475876,110.93457794189453,6588100
2024-03-05,109.72856029215869,110.09814504349104,107.34569698265692,107.90007781982422,8242000
2024-03-06,108.44471369654744,109.95224407481336,107.63745530249959,109.19361114501953,6706400
2024-03-07,110.81786304274124,111.65429825261077,109.21307421355726,111.40142059326172,7670100
2024-03-08,110.94430460846243,111.19718228250449,108.48363172356467,109.33951568603516,8312900
2024-03-11,108.55170281433362,111.60566105031891,108.1334852255669,111.00264739990234,20438300
2024-03-12,122.8002869171952,125.82506138187419,121.18576986871075,124.04521179199219,48536100
2024-03-13,124.49261406878138,125.27069587484648,121.40947845436534,122.08056640625,15870300
2024-03-14,123.74371585915682,124.29809673171137,121.5164643058165,122.09029388427734,10965900
2024-03-15,120.64112355516914,122.55714386246123,120.17427299193706,122.10002136230469,17844900
2024-03-18,123.7145230524577,125.41657038371584,123.40329183726969,124.29808807373047,12231400
2024-03-19,124.24946486758078,125.66946528167921,123.02398861584972,125.65000915527344,10221000
2024-03-20,126.41836000072007,127.10891152639283,124.75522473012535,125.69864654541016,8373300
2024-03-21,126.94355535512769,129.1319018935847,125.41656864699155,125.47492218017578,17842400
2024-03-22,125.47493220993599,125.66946379033284,124.05494665336496,124.28836822509766,6660000
2024-03-25,124.17164158753059,124.17164158753059,122.59603685697545,122.62521362304688,7446100
2024-03-26,123.27685824950672,123.4616543365781,122.39179006441489,123.00453186035156,7063900
2024-03-27,123.84096791488273,124.31753909883635,121.05933563081949,121.83740997314453,8115900
2024-03-28,121.95412559197821,122.7127512364075,121.7693295020601,122.16809844970703,6587400
2024-04-01,122.10000239345786,122.80999506057364,121.14685270925716,122.0416488647461,4133600
2024-04-02,121.09823922731238,121.5067288093969,120.04783108451997,120.93289184570312,4862400
2024-04-03,120.85509705259845,122.94618540449193,120.66057289176068,122.78083801269531,7430000
2024-04-04,124.10355154437033,124.48286431815006,120.63137563184586,120.78699493408203,7588300
2024-04-05,121.01069617554698,122.54740349228354,120.73836979948476,121.47754669189453,4899500
2024-04-08,121.57480981885601,121.69152430760363,120.36878978314746,120.94261932373047,6119200
2024-04-09,121.33291023422805,121.72320657382245,118.2983671741997,120.2400894165039,5564100
2024-04-10,118.40570887639159,120.09373752420359,118.37643795119392,118.79600524902344,4509900
2024-04-11,118.76672264568727,120.81576909516991,118.41545668928642,120.24983978271484,7315200
2024-04-12,118.7862280888449,118.88380030638984,117.4982554621158,118.17151641845703,6196900
2024-04-15,119.21557308119769,119.49853776651698,116.54205519975515,116.97137451171875,5101500
2024-04-16,117.17627345560636,118.49352459372113,116.84452639025979,117.69342041015625,7000000
2024-04-17,118.0446680289412,118.10320986800737,115.73216861015258,115.79071044921875,5366600
2024-04-18,115.87854533043846,115.87854533043846,112.89278460705175,113.18550872802734,6662400
2024-04-19,113.30260131899041,113.93682451543548,111.68287406556871,112.09268188476562,8251500
2024-04-22,113.21477292674136,113.51724904130889,111.56577486880477,111.75116729736328,7125500
2024-04-23,112.37563765728336,113.04889862429637,111.96582987052899,112.29757690429688,5494800
2024-04-24,112.58055717634409,112.92207115698983,111.11695135397947,112.5415267944336,5791800
2024-04-25,110.87300899451245,112.20001210591589,110.04363391095619,112.1024398803711,6796600
2024-04-26,114.200276374278,116.3176241928592,113.33187091054133,114.36614990234375,8355100
2024-04-29,114.15148091431104,114.46371648763628,112.49273082682383,113.66361236572266,4994100
2024-04-30,112.29758892854123,112.71715621541479,110.93156282642632,110.99010467529297,6234700
2024-05-01,111.14623033739672,113.92707992638904,110.89253657571966,111.8487548828125,5583600
2024-05-02,112.43419141093992,113.00011328186703,111.48772521515622,112.17073822021484,5001000
2024-05-03,113.16600469937508,113.39042008849539,112.27808026652447,112.99037170410156,4485000
2024-05-06,113.5075008621264,115.48824602299895,113.36113880539106,115.4687271118164,6052400
2024-05-07,115.1369887446861,116.23956909255314,114.44421623114656,115.06868743896484,6437700
2024-05-08,114.85402179157511,115.11747499720119,114.26858097637161,114.54178619384766,4636000
2024-05-09,114.54179285181202,114.87354738109097,113.6733873125209,113.80998992919922,3236200
2024-05-10,114.30761341378307,114.77596309666107,113.09770138135025,113.8392562866211,4122500
2024-05-13,114.2880942100224,114.34664350344599,113.38065832693842,113.54653930664062,4140000
2024-05-14,113.67339561322764,119.5766092644182,113.3123701317667,117.93737030029297,17811200
2024-05-15,117.25432638912244,119.12773984837479,116.76645783550777,118.67890167236328,6604600
2024-05-16,118.98138157380954,119.4790021232888,118.2690902319817,119.196044921875,5159300
2024-05-17,120.19129683398916,120.58159316465851,119.11798750786092,120.50353240966797,6179400
2024-05-20,120.79625484454691,121.65490080469229,120.24983701146964,121.498779296875,5989000
2024-05-21,121.44024372113097,122.31840863721732,120.91334477147915,121.60611724853516,5549500
2024-05-22,121.60611418413674,122.12326110922731,120.30838947647702,121.57684326171875,5705000
2024-05-23,123.47955143792743,123.6259060693749,120.17180277009503,121.07923126220703,6108600
2024-05-24,120.42547703095546,120.5132972453113,118.47400273477035,119.9278564453125,7173400
2024-05-28,120.24984152986347,121.79150797821283,120.02542615929775,121.46951293945312,6911400
2024-05-29,120.00592137231422,120.913357305623,119.7912579878758,120.73772430419922,4735100
2024-05-30,117.2543338526603,118.49352422651788,114.19051973648322,114.24906158447266,10839600
2024-05-31,113.76118569171281,114.57104927686491,111.77068854510486,114.34663391113281,12755600
2024-06-03,114.6783928091965,116.43472276045313,114.49300035759603,116.38593292236328,7256300
2024-06-04,116.13224173057198,117.44949294526823,115.83952502841613,117.15676879882812,7368000
2024-06-05,118.6984371269833,119.81077698871522,117.58609726525137,119.65465545654297,5973700
2024-06-06,119.8985727249163,121.25484670467273,119.28386102900332,120.50353240966797,7347200
2024-06-07,121.19630519821716,123.15753886818915,120.27910993523143,122.86481475830078,11545000
2024-06-10,122.67943856792421,123.86983167093966,121.04019981241565,121.47927856445312,10164700
2024-06-11,121.0401866848908,121.80126040949756,119.32288735482743,120.87430572509766,18373900
2024-06-12,131.42205172508005,137.5399284113642,130.70976770603815,136.9739990234375,40871300
2024-06-13,137.0227779189681,138.94498153531174,135.40306536325102,136.4568634033203,13733200
2024-06-14,135.8811064361232,136.57388614072536,134.046731308468,134.77853393554688,11330800
2024-06-17,135.4322989163764,138.0082440072752,134.8956405873214,137.8813934326172,11232800
2024-06-18,137.79361099713617,141.54043833773923,137.79361099713617,141.13063049316406,11629400
2024-06-20,141.7941420017034,141.7941420017034,138.50589739865762,139.44261169433594,8940000
2024-06-21,140.23295608200726,140.23295608200726,137.03253915423508,138.0668182373047,14844100
2024-06-24,136.60318127592012,138.0960577087789,135.74452794355918,136.495849609375,7793300
2024-06-25,135.6274461948689,136.16410453522354,134.22238249960049,135.79331970214844,8205500
2024-06-26,136.1055827681332,137.33500623851907,134.72978978957457,134.8761444091797,8036300
2024-06-27,135.8714257825001,137.98877404217703,135.4420989669766,136.7788543701172,7518200
2024-06-28,136.05677132919402,139.35476719394325,135.8908978237895,137.77406311035156,25814800
2024-07-01,138.2521990442826,140.5646913234106,137.6472467761553,139.61822509765625,6552400
2024-07-02,139.16939618487226,140.7208146992459,139.09133542528164,139.80361938476562,5920500
2024-07-03,140.26220349039238,141.14036089594927,140.01826922345256,140.87692260742188,3560800
2024-07-05,141.4331084835089,142.2527241832944,140.52568000629685,141.31602478027344,5365500
2024-07-08,141.24768575163768,141.70628334243563,139.94995372752487,141.51113891601562,8622600
2024-07-09,141.60873528031593,142.1648977056565,134.65172473785208,137.26669311523438,14334200
2024-07-10,137.69603878125594,138.92547727016876,136.3495314728517,138.6230010986328,6350300
2024-07-11,139.298138543908,140.39404493849634,138.63275613961878,139.6895294189453,5245100
2024-07-12,139.64058953592638,142.00853820868437,138.22176429664162,141.65628051757812,7361800
2024-07-15,142.59563628325904,143.43714000817747,138.86758411806795,139.99285888671875,8687800
2024-07-16,139.99286804999636,140.41361247469396,138.99480195497293,139.54275512695312,7181500
2024-07-17,137.45857794411876,138.740400317347,135.69728902530653,136.2648162841797,9157000
2024-07-18,136.36266032920986,137.0476018164844,134.24911379938735,135.06126403808594,5998700
2024-07-19,135.37435904846797,137.41940351665465,135.11016205741473,135.579833984375,6111900
2024-07-22,136.7344680380102,137.6542379129584,136.1277928869823,137.15521240234375,5387200
2024-07-23,138.26092946148978,140.1396324032406,138.17286876045546,140.03199768066406,6697400
2024-07-24,138.6523293368138,139.59168833415583,135.4233023798694,135.7853546142578,8018800
2024-07-25,137.1356781688478,138.03590414695228,134.73837522456824,134.85580444335938,7654600
2024-07-26,135.88318383175803,136.94975149488343,135.4037322912207,136.02017211914062,5139400
2024-07-29,136.27459455086202,136.77362013074404,134.85578403775887,135.33523559570312,4054600
2024-07-30,136.07891171788572,136.56815779738236,132.05730834719915,132.7520294189453,6505700
2024-07-31,136.6855575795932,138.5055533994868,135.67771195718692,136.45071411132812,7188000
2024-08-01,136.29412830398823,137.3704753514014,132.84984761346868,134.5524139404297,5906800
2024-08-02,129.91441125158963,131.41150309637186,128.96527264011254,130.41343688964844,8251600
2024-08-05,125.13935417892834,127.17461954034361,123.93581307546707,125.11000061035156,10355000
2024-08-06,127.73235768343328,128.22160375457202,125.32527537456964,125.45248413085938,8373900
2024-08-07,126.14718890470832,127.49751266451351,123.04537100581658,123.19214630126953,8617700
2024-08-08,125.2469889746499,127.0278517658234,124.90451823223279,126.18634796142578,6243200
2024-08-09,125.63839566090773,129.52301098684853,125.57968851633134,129.2196807861328,5597300
2024-08-12,129.40556570020382,129.85567858514804,128.38794059989053,129.7284698486328,5600800
2024-08-13,130.11008160938366,131.64630627572845,129.95351930703174,131.37232971191406,4324000
2024-08-14,131.1570574371011,133.0455547081218,131.12770387237146,132.6835174560547,4044600
2024-08-15,133.9849090576172,134.2980336798812,132.80094203986528,133.9849090576172,4698100
2024-08-16,133.8479232944938,134.8557838598028,133.45653243987977,134.5133056640625,4893800
2024-08-19,134.57201721854682,134.98298210856888,133.52503843623924,134.95362854003906,3641600
2024-08-20,134.85578718882672,136.7834028725198,134.85578718882672,136.17674255371094,3738300
2024-08-21,135.8147026421015,137.28244075077566,135.57007962398916,137.18458557128906,3776800
2024-08-22,137.6738281025786,138.0456598584365,134.68942437146472,135.1101837158203,5162200
2024-08-23,135.74622184704972,136.78342121400416,134.30783708552414,136.1963348388672,4544600
2024-08-26,136.39203371472954,136.4018132621813,135.2178460044283,135.91256713867188,2729600
2024-08-27,134.88513183136092,136.49963770291748,134.77749711121692,135.50157165527344,3872200
2024-08-28,135.84403885122802,135.96145310712504,133.96533610386444,134.9144744873047,3022600
2024-08-29,136.14739485703123,138.12395314725708,135.8636387077844,136.42137145996094,4588400
2024-08-30,137.31178518446305,138.67188847746894,137.0867362033392,138.25112915039062,7980700
2024-09-03,137.42921356420703,139.14157475297938,135.84406112725128,136.49964904785156,6831200
2024-09-04,135.46244869964136,138.06524126873174,134.98298219567062,137.72276306152344,6243300
2024-09-05,138.3587731491641,140.19834302418687,137.29222037294522,139.54275512695312,8733200
2024-09-06,140.6973741901055,140.84415696524235,136.40179441641016,138.7599639892578,11154800
2024-09-09,139.42532593448186,140.21790203988797,136.50940911898937,136.88124084472656,20233400
2024-09-10,150.91280915586168,157.0675318779284,149.82668249494418,152.537109375,37374200
2024-09-11,153.4079865829873,156.01077909022553,151.50970956538654,153.79937744140625,12630100
2024-09-12,155.61937478867785,158.8484016586133,154.503894407857,157.9090576171875,16161300
2024-09-13,169.96409188601027,170.19893538865833,157.53724395171656,158.5450897216797,25727800
2024-09-16,161.44143537338692,170.24786527814067,160.97174836176356,166.6665802001953,27384400
2024-09-17,166.61761739578068,166.96987511476004,163.1831158336842,163.86805725097656,12580100
2024-09-18,164.01483946718633,164.01483946718633,160.20850583154467,160.99130249023438,12274400
2024-09-19,163.65278993020053,164.54322124948843,160.97171642717885,163.9854736328125,10075900
2024-09-20,163.53535926398555,165.19879254081337,163.01675974116162,164.3866424560547,12187700
2024-09-23,163.63322119188746,163.73107636903984,160.72709861158617,162.38075256347656,7916100
2024-09-24,162.17527113977098,162.5275288606545,160.39440851458107,162.23397827148438,6155100
2024-09-25,164.08333644993144,165.1205356479195,162.09699875628922,162.7036590576172,7142400
2024-09-26,164.04417898152218,164.73891487587375,162.89934512514264,164.48451232910156,7096800
2024-09-27,164.4747499217495,165.47281614393495,162.92873045776997,165.11077880859375,8974400
2024-09-30,165.8543942985855,166.85246032095114,162.86999070709211,166.7350311279297,10210300
2024-10-01,166.55892647951003,166.84268261908332,162.4003350539342,163.5647430419922,7595100
2024-10-02,163.99527055268203,165.54127482447348,163.67236639041568,164.1029052734375,7073000
2024-10-03,163.3005632884612,164.24970192055795,162.66454932825897,163.27120971679688,4735700
2024-10-04,165.081413304606,167.22429852088464,164.5530191949225,167.18516540527344,6386900
2024-10-07,166.7546189883257,168.62354245014623,165.90333565393388,166.31430053710938,6791000
2024-10-08,166.9307400987947,170.883841183909,166.77417779645674,170.61964416503906,7845400
2024-10-09,170.80558137128014,174.76847742699732,170.0717122843179,174.45535278320312,8120900
2024-10-10,174.2200112077584,174.85747029139267,170.81700714171777,172.0232696533203,7115900
2024-10-11,172.11150587498523,173.58254438673723,171.0327383140294,172.3762969970703,5869400
2024-10-14,173.14123368109247,173.79829574583374,172.11150374278733,172.7195281982422,4688700
2024-10-15,173.52369294928008,174.77897785992496,170.39528220828137,170.7287139892578,5848600
2024-10-16,170.15010079251934,171.5328804191806,168.3260126580786,171.3955841064453,6383000
2024-10-17,174.07287674566703,174.318049811506,171.75844240558013,172.2880096435547,5474000
2024-10-18,173.38640000400295,173.55311589773555,171.20926192132134,171.317138671875,5001300
2024-10-21,171.08177041993565,171.7682520438325,169.816683924767,170.40509033203125,4198400
2024-10-22,172.06245195583097,172.45473783362115,170.91504382112493,171.92515563964844,5510100
2024-10-23,171.130806251114,172.67050034402922,169.66956933785465,169.75784301757812,4830400
2024-10-24,169.9736063143547,171.57212467889624,169.57151885701654,171.0131378173828,3488000
2024-10-25,171.40542109854835,172.88626127538993,169.75786500491097,170.1697540283203,3674700
2024-10-28,170.68949081363644,170.80716909627782,168.81636500598745,169.09095764160156,4330000
2024-10-29,168.96346283853092,170.6600712220094,168.96346283853092,170.08145141601562,4122900
2024-10-30,170.62081772345667,172.75873441258287,169.45379165935896,171.1896209716797,5822500
2024-10-31,167.2276589565867,167.5807087911143,164.16788873595527,164.59939575195312,9477500
2024-11-01,166.86478450753503,168.9438623049535,165.8350695907313,166.7373046875,5680600
2024-11-04,167.0216971617072,167.18841305096004,165.47220158819826,166.3155975341797,4804400
2024-11-05,167.1786133845879,168.5711946199548,167.0315155289485,168.46331787109375,5456800
2024-11-06,175.07317761135513,178.58405752070487,173.99441019411685,177.74066162109375,11085000
2024-11-07,177.58376594919665,183.06583239102827,177.05418371989313,182.77162170410156,7759400
2024-11-08,182.6637481040748,186.48845717178773,182.6637481040748,185.5960235595703,8520400
2024-11-11,187.36127528278493,187.8025838446758,184.21324627483187,185.4783477783203,5973600
2024-11-12,184.89971884931725,186.92975908424617,183.58559476446553,185.91964721679688,6629900
2024-11-13,185.35086322434788,188.06738535681225,185.14491123652678,185.9687042236328,5695400
2024-11-14,185.0174069721887,185.9294435991165,183.10506004139137,183.43849182128906,7804300
2024-11-15,180.957321499941,182.2126062672378,178.80960327590478,180.1923828125,8986300
2024-11-18,180.74161422832609,182.5853057842241,179.349032801269,182.1439971923828,6289400
2024-11-19,181.32019126718143,185.6646657583009,180.7612044606172,185.2527618408203,8117000
2024-11-20,187.2141602420972,187.28281588816031,184.19364102722326,187.0670623779297,4860200
2024-11-21,188.23408521120442,192.25491472154587,187.93987452406307,188.71461486816406,11394300
2024-11-22,189.27361440326897,190.4504421735627,187.37106894194187,188.5773162841797,6879400
2024-11-25,190.74466885977427,190.98984195599505,184.36036682128906,184.36036682128906,15138500
2024-11-26,184.68395944732805,188.6851703933359,184.68395944732805,186.69436645507812,6427200
2024-11-27,185.3116289025601,185.3116289025601,178.70175722404278,179.1724853515625,8368800
2024-11-29,180.45718752315614,182.34011497253775,180.44738598710845,181.2711639404297,4628000
2024-12-02,181.71247037197148,181.71247037197148,177.50530697325217,177.9073944091797,8859700
2024-12-03,177.68182004238247,179.50590828108005,175.65179480489937,179.3588104248047,8917100
2024-12-04,184.3701388607355,186.12557136458705,182.3106791963016,184.5564727783203,8906300
2024-12-05,185.3704733329943,185.3704733329943,182.261680359976,182.64414978027344,6398100
2024-12-06,183.38947252621992,188.91077533787245,182.78144804755763,187.98892211914062,10503400
2024-12-09,192.50986679662307,194.48105257735332,185.28215567226366,186.77281188964844,20158000
2024-12-10,170.11089613109215,174.3670972014753,167.75722558846468,174.30825805664062,26502000
2024-12-11,174.56323096695078,177.8779757592419,171.45443814374622,175.1320343017578,13188700
2024-12-12,174.56323049752422,174.7299463938712,171.4348196465868,171.9349822998047,8154200
2024-12-13,171.62115152068236,172.73914013773572,168.32602481291818,170.042236328125,8351100
2024-12-16,170.48355787760084,170.90526337774742,167.62973949170433,167.9239501953125,9572000
2024-12-17,167.45321728376302,169.649973515468,166.0017968085499,166.4333038330078,8940200
2024-12-18,166.13909321983576,167.92394550058341,162.16728624261233,162.21632385253906,8817900
2024-12-19,164.31503301818177,167.69841918432778,164.1679201631962,165.5310821533203,8386400
2024-12-20,164.49150304666827,167.95334541088476,162.43205834844963,166.38424682617188,13810500
2024-12-23,166.31562194542659,166.34504152054365,163.94234811285318,165.8743133544922,6518200
2024-12-24,166.4234735184578,168.45351367933182,165.76641150000123,168.1004638671875,2451500
2024-12-26,167.20802472976263,169.21844678826358,167.20802472976263,168.365234375,4100100
2024-12-27,167.09036575154192,167.84548807946763,163.9717563275921,165.69778442382812,4344300
2024-12-30,163.2950919771503,164.668070364762,161.3729431843445,163.6873779296875,5254800
2024-12-31,163.9717469304083,164.06982214450196,162.63800482528853,163.4225616455078,4307500
2025-01-02,165.26627002614438,165.43298592087842,161.71615373652978,162.8243408203125,5360800
2025-01-03,163.48138699177767,163.97173309251136,162.07900432648353,163.10873413085938,5876000
2025-01-06,164.07962246183737,164.80534013388217,162.00055962324492,162.49090576171875,6845400
2025-01-07,162.38302606454965,162.95182937055358,158.2052824277052,158.9015655517578,7712200
2025-01-08,159.04867162061936,160.81392077109544,158.31315238826906,159.99014282226562,7596200
2025-01-10,156.50995367077334,156.50995367077334,151.31917238829533,151.88937377929688,13593900
2025-01-13,151.1422320435274,151.54529279658917,149.84452912842573,151.31918334960938,8828500
2025-01-14,153.77691936062703,154.59289638490378,151.741904614118,153.6687774658203,7410200
2025-01-15,155.98892739162306,156.4608125593008,154.60274877305073,155.635009765625,10701200
2025-01-16,157.443901047439,158.77109577410718,155.73331184528442,156.84420776367188,9210600
2025-01-17,159.03653769768346,160.4030499341501,157.82731050210106,158.3090362548828,11618300
2025-01-21,161.1010466086446,170.44052295199623,159.99997630320857,169.654052734375,30232000
2025-01-22,188.2739897037893,188.7458897930268,177.51885893641762,181.107177734375,48028500
2025-01-23,178.5707949469189,183.4174996316196,178.4331611526797,183.31918334960938,17314600
2025-01-24,185.4524965140062,185.9047303656596,178.7968868988629,180.49766540527344,12147200
2025-01-27,166.0460292016482,169.6048709442244,150.08045199538614,155.60548400878906,42201600
2025-01-28,160.23592293924344,163.0279311545267,154.10135636678555,161.22885131835938,20319300
2025-01-29,161.2583493212904,161.2583493212904,157.30627190822025,159.28231811523438,9866600
2025-01-30,161.9957009209288,168.5923282352241,161.32719812356066,167.50108337402344,14981700
2025-01-31,167.5305543881492,170.07678708004232,166.27218398439666,167.18646240234375,8704600
2025-02-03,160.44236531583016,167.02915072076945,160.44236531583016,165.75112915039062,8250600
2025-02-04,167.5206982833025,167.5206982833025,163.53914424915664,165.05311584472656,6777000
2025-02-05,166.13453223922585,168.98552409571485,165.67247276579423,168.75941467285156,7866700
2025-02-06,170.07677016554922,172.68198636712427,168.67094047966907,169.43775939941406,7036900
2025-02-07,172.04298437273007,174.39259938783934,170.25373013479395,171.51211547851562,9991300
2025-02-10,173.02610052908562,176.94868627665272,171.96434765754208,175.89675903320312,7625900
2025-02-11,174.6187108814123,176.0933650505519,173.46848242959837,174.19598388671875,6528800
2025-02-12,171.93484974209275,171.93484974209275,167.8254871991134,169.30996704101562,7454800
2025-02-13,170.07678744654356,171.43347413515218,169.19200091107788,170.92225646972656,6421700
2025-02-14,171.30565399189572,172.07247293594355,169.889983633359,171.21717834472656,7260900
2025-02-18,173.7634200538335,179.16065983095666,173.1145686050291,176.7618865966797,11430500
2025-02-19,175.56248025543985,178.61008959517,172.7311397067222,178.4528045654297,8688500
2025-02-20,176.77168061306955,177.22391442102062,171.48258368990554,173.02606201171875,8737000
2025-02-21,173.14403758131994,173.89120521174138,164.71885549304514,164.97445678710938,9713900
2025-02-24,170.63715155267437,171.2270042022199,161.87770244816252,167.08815002441406,10639100
2025-02-25,166.42946576902833,167.71734303286104,161.6614262080117,165.692138671875,8316100
2025-02-26,168.09089666369786,170.93206288724633,166.2721656560936,169.55572509765625,6915100
2025-02-27,170.07676969683666,171.9053413467947,161.7990466365621,161.9759979248047,7436800
2025-02-28,160.3539083956386,163.3425344952265,158.09276881320238,163.25405883789062,12843300
2025-03-03,164.12900766579773,164.29613333985597,158.40735723283646,159.28231811523438,8081800
2025-03-04,156.52961862860386,157.06048750495322,150.9259360406619,154.80918884277344,13171900
2025-03-05,155.3892184949057,159.74437148435152,154.3962901162803,158.830078125,7141000
2025-03-06,154.50444234894061,154.50444234894061,147.19998061676162,148.38954162597656,12321200
2025-03-07,148.07492846953724,153.83591107038075,145.99075548115633,152.53822326660156,12646500
2025-03-10,147.98645253678862,149.94283236705655,144.31948355936112,146.27584838867188,21486100
2025-03-11,140.99659122474074,143.31671425915818,135.373242429474,141.74374389648438,27200200
2025-03-12,143.7591152546424,149.65773193199632,142.55972866350382,148.3403778076172,15373900
2025-03-13,147.2589460489723,147.6325298732905,143.02177583467255,145.16494750976562,14187700
2025-03-14,146.40368020578944,148.33056846570383,145.3812598032158,146.74777221679688,9330000
2025-03-17,147.85865217132235,153.11825804682934,147.85865217132235,151.40765380859375,9885000
2025-03-18,149.79535600599493,149.84451414197628,146.11856144951895,146.92469787597656,9402500
2025-03-19,147.52439325419968,151.46664480185981,147.4654094905566,149.87400817871094,6909500
2025-03-20,149.01871356147188,151.87954610500248,148.2715608872774,150.1394500732422,7051600
2025-03-21,149.08752869725018,151.2405261583188,147.57355703565804,149.65773010253906,17620200
2025-03-24,153.698290388869,153.95390672120283,151.42732528796813,152.2531280517578,7848300
2025-03-25,151.899196129678,152.97078949705946,150.46387455653047,151.32899475097656,8521200
2025-03-26,150.30657092047525,150.4442046981783,144.08352904105604,145.30258178710938,13210000
2025-03-27,143.38553581573024,144.5554154362516,142.47124249772654,143.31671142578125,9148300
2025-03-28,141.35053334824053,143.18893096555306,136.75944461879217,138.4897003173828,13144500
2025-03-31,136.29737283200947,138.2144203092593,134.44913475088737,137.44760131835938,15509900
2025-04-01,137.39843886110785,140.82947295687677,136.41533608304937,139.54161071777344,9518500
2025-04-02,137.49673923840734,145.3910524331979,137.49673923840734,143.39535522460938,11594400
2025-04-03,136.8970657157582,139.01073074797006,134.3311667924299,134.91119384765625,14433800
2025-04-04,130.66419648026297,131.55882362665824,124.80489720385762,126.10260009765625,14986900
2025-04-07,116.8515965018128,131.84391382893767,116.8515965018128,125.0113525390625,19482700
2025-04-08,130.30043323141575,130.74284147425465,119.64360291149231,122.39629364013672,11950300
2025-04-09,121.31488974795565,138.214422159629,121.31488974795565,137.3296356201172,17762000
2025-04-10,134.82356908642996,134.82356908642996,127.53234231906033,131.56768798828125,12401600
2025-04-11,130.3442570374595,131.22236095594837,127.11795868431392,130.5810546875,10190200
2025-04-14,134.97158800409065,134.97158800409065,131.09410701019812,132.8404541015625,8217700
2025-04-15,132.95882779898335,134.65583993492484,131.93273479008212,132.14979553222656,8630000
2025-04-16,130.51197245585587,130.76849193142272,126.14118259235443,128.02565002441406,8295200
2025-04-17,129.15042684626837,129.5450896083372,126.72331484263637,126.9009017944336,8925500
2025-04-21,125.19403008981315,125.4998843247019,119.61954459496904,121.17842864990234,12201200
2025-04-22,122.83596894421446,126.27932050412906,121.74080428155419,125.53934478759766,11233700
2025-04-23,133.1068337354536,134.05399420932457,129.2392291816511,129.64373779296875,9528900
2025-04-24,130.73888729879243,136.0173860838731,130.23570929625475,135.67205810546875,7305900
2025-04-25,135.6523579901983,137.14217039270582,134.9321040975684,136.6389923095703,5476400
2025-04-28,137.7834810044435,138.78985225715726,136.23447290291358,138.26693725585938,6985100
2025-04-29,137.9413362636354,139.2732985634342,137.68481677060615,138.90823364257812,4851500
2025-04-30,136.62910623151413,139.4114220327971,133.75801201605802,138.83917236328125,9443500
2025-05-01,144.60113162681816,146.6533329339048,143.39743648463423,143.54544067382812,11525800
2025-05-02,146.34746160534505,151.01423744020212,146.34746160534505,148.7153778076172,11346000
2025-05-05,147.4426361398687,148.80419632779459,146.53493436619982,147.2946319580078,5187400
2025-05-06,145.01551317382618,146.94932313230842,143.77235930720252,145.72589111328125,5108600
2025-05-07,145.5285642865257,147.89648066653785,145.27204477939202,147.37356567382812,6049600
2025-05-08,147.05784482534955,149.78095006248367,146.62372332634746,148.2911376953125,6113600
2025-05-09,148.03461885144884,149.77110503171852,147.78796025128293,148.3306121826172,4707100
2025-05-12,154.2208114800031,155.32583712470986,152.3560731771378,155.11865234375,7875500
2025-05-13,156.1052637477991,161.0384347294516,155.4639575421215,160.10113525390625,11955200
2025-05-14,160.18993835251354,161.22590733193414,158.9073108091758,160.7720489501953,7499400
2025-05-15,159.2033260227822,159.57825190912212,156.7860747744527,157.26951599121094,10169200
2025-05-16,157.8614839711413,158.69025314882717,156.40126945976465,158.34494018554688,8515500
2025-05-19,156.18421550729025,159.80516164677013,155.72049617357055,157.5063018798828,10268900
2025-05-20,156.50980473238056,158.2166778659029,155.4245009741613,158.16734313964844,7576400
2025-05-21,156.23355327894782,158.7494587943099,154.3688149842945,155.0791778564453,6011000
2025-05-22,154.88185210351455,157.06232058562003,154.7240020532168,155.2074432373047,7603300
2025-05-23,152.91846327048273,155.27651876392906,152.19820935575666,153.88536071777344,6527500
2025-05-27,157.1905923190236,160.22941287747256,156.79592954498477,159.7459716796875,6976800
2025-05-28,159.70648744912626,162.12375349963284,159.12437683212067,161.6600341796875,8090700
2025-05-29,162.79463982793254,163.11036999210523,159.3315592731545,160.7227020263672,6994700
2025-05-30,161.24562797458526,163.53462665698393,159.3907658250608,163.31756591796875,17547900
2025-06-02,161.97572744203464,164.76790390764955,160.4267196469898,164.34365844726562,7166000
2025-06-03,164.57061272832965,167.0667964315255,164.36341289052473,166.87933349609375,7155300
2025-06-04,167.44172287928944,168.20142049255227,165.3303259634464,165.85324096679688,6375800
2025-06-05,166.74118814736065,169.95761038063694,166.5043905077626,168.8525848388672,7707800
2025-06-06,171.6743548970479,172.4537893095183,170.35226865065837,171.694091796875,6833700
2025-06-09,172.52288625937953,176.33129552357002,171.46718025887316,174.7822723388672,9668900
2025-06-10,175.33478584669504,175.47291404474413,171.9506224122258,175.10784912109375,11056700
2025-06-11,175.17692810725563,177.15019676505665,173.84496574130188,174.02256774902344,18002900
2025-06-12,187.42106220770262,199.78358904322943,186.35549533463217,197.18873596191406,54610000
2025-06-13,198.88575296765177,213.70500503715706,198.51082709919737,212.34344482421875,53707400
2025-06-16,210.35041097131494,212.2940815731935,207.17344760453088,208.2784881591797,22665300
2025-06-17,207.84437044302544,212.99460232647817,204.70686576404174,205.3975067138672,17819200
2025-06-18,208.2686201875966,211.85010733210083,206.7689469673128,208.0515594482422,15055400
2025-06-20,210.49842572171352,210.94240812843816,201.90483467955985,202.42774963378906,20879100
2025-06-23,202.76321678497837,204.49970284984093,199.832911605368,204.27276611328125,13418400
2025-06-24,207.1833484299013,213.47806521963076,205.7625925855595,212.3927764892578,19030600
2025-06-25,212.0671776385006,214.03057024917635,207.42012348793367,207.90357971191406,11804600
2025-06-26,209.16646232709647,211.55411542066412,207.548382749024,209.9755096435547,10531100
2025-06-27,210.83387786892834,211.78103832979573,207.15373628679126,207.42999267578125,14127500
2025-06-30,223.47267791846755,225.16969018696008,215.46121189849947,215.70787048339844,31844200
2025-07-01,216.3688993056324,220.1871691285763,213.41885740654035,216.033447265625,16962200
2025-07-02,214.77053876404943,228.8004791635083,213.82337830395562,226.90614318847656,22326900
2025-07-03,230.10286443003844,234.8091144973219,228.10985882665406,234.1480712890625,18441400
2025-07-07,231.96758385788965,232.10571205351732,226.43256500013698,229.15567016601562,16584300
2025-07-08,233.9606063105563,238.2129979153384,230.07326459472398,231.36575317382812,20401800
2025-07-09,232.36225557873593,233.34888995094298,228.8991743520337,232.6582489013672,10871600
2025-07-10,237.2360627516906,237.35470561599556,230.86863419553066,232.3517303466797,11486300
2025-07-11,228.76264628823012,231.36301318731063,227.27955004984992,227.96177673339844,10208200
2025-07-14,226.86426466590476,228.0408566572359,222.583058762791,226.69618225097656,11337000
2025-07-15,229.7909131799815,232.94496663080815,226.61708089018978,232.3121795654297,10728800
2025-07-16,232.8460928552634,238.6103949686397,230.5621272245893,238.5807342529297,12597500
2025-07-17,240.59774029404673,248.76466605357788,239.28272656858266,245.94677734375,17631300
2025-07-18,245.69960721905784,246.86630233761244,242.23904937090208,242.68397521972656,9678100
2025-07-21,242.54554414731206,244.01875843420896,240.4988792869843,240.7954864501953,7348400
2025-07-22,239.25308023309304,239.5595843742114,232.75712657363877,235.42669677734375,11380900
2025-07-23,237.24594348427027,240.676840437667,235.97048743863851,239.17396545410156,7255800
2025-07-24,239.67822549467826,241.3294040420376,237.8490675665962,240.09349060058594,8237900
2025-07-25,239.60902602921834,242.70375835888183,238.70927735192188,242.35769653320312,7149600
2025-07-28,243.2277968794111,244.98773664175425,240.67686939440182,244.9185333251953,6756800
2025-07-29,245.89734388948094,250.21810769088034,243.81112132391084,247.1629180908203,8415300
2025-07-30,245.83800583152197,248.22085048963814,242.83227107830984,247.7759246826172,8441400
2025-07-31,252.88767886895926,257.9301968555561,250.4652914461675,250.91021728515625,15548700
2025-08-01,245.03714866843114,245.61061432575295,239.2728464658785,241.6655731201172,12718200
2025-08-04,243.1288987814313,250.05991137625452,243.1288987814313,249.68418884277344,8614800
2025-08-05,252.53172327927768,255.5770006984043,248.5372426196171,252.78878784179688,11197300
2025-08-06,253.9456054014048,253.9456054014048,248.88330872555565,253.54022216796875,9930200
2025-08-07,254.80579126053888,254.85524590187606,243.7419069223212,246.57955932617188,11954200
2025-08-08,247.2123683758704,248.06267749368698,245.06682428382007,247.23214721679688,8313300
2025-08-11,245.60072243538474,251.81984755904045,242.7927306099483,249.83248901367188,9012100
2025-08-12,249.73363230044515,254.96401169950212,248.25053607059704,250.99920654296875,9998400
2025-08-13,254.2719175243548,254.76628293293265,239.9056448711938,241.42828369140625,14182100
2025-08-14,242.18959644503747,246.11485876594926,239.83642749722398,242.19949340820312,10285600
2025-08-15,244.1374116662594,247.80560963768596,240.1923702728574,245.48208618164062,11554000
2025-08-18,243.42553106780278,246.35218100776544,240.8746036767987,246.26319885253906,6759900
2025-08-19,246.44116568318952,246.44116568318952,229.61296230169248,231.9760284423828,16819300
2025-08-20,229.56350702248955,233.22182300606445,225.67780226891563,232.4110565185547,11256400
2025-08-21,230.423694463008,233.2613467665193,229.81067116514436,230.53245544433594,7403100
2025-08-22,231.4223179407648,235.81228490381096,228.85162703164966,233.70628356933594,9343600
2025-08-25,234.6752506738047,236.3363111000984,232.618688893512,232.75711059570312,6308600
2025-08-26,232.35173889014447,234.24021834621962,230.0875519876776,231.57064819335938,11805200
2025-08-27,232.35173363036887,233.864490518973,230.05787097582683,233.15260314941406,5637600
2025-08-28,232.8856389281726,239.22340678472858,232.47037381519166,237.61178588867188,8691500
2025-08-29,234.93232065867574,235.53544703645858,220.59572438410635,223.58169555664062,16618600
2025-09-02,219.49821774230745,222.9093356763415,216.32438552323228,222.7610321044922,10461900
2025-09-03,223.35428753044093,223.35428753044093,219.2510606377935,220.93190002441406,8900800
2025-09-04,219.4982381914763,221.05055279333996,217.08573261908182,220.48696899414062,10303100
2025-09-05,229.92934623531045,231.97601110768457,223.34439561024956,230.17652893066406,15386100
2025-09-08,237.1866249998512,239.68811265353398,232.65823624014922,235.79251098632812,18803000
2025-09-09,237.23606114649087,240.7460583644942,231.91668482590836,238.78836059570312,41178700
2025-09-10,315.59302009806567,341.82404981051184,308.57302463522365,324.6300048828125,131618100
2025-09-11,326.6173351958634,327.26990115738016,301.16741356506026,304.3906555175781,69986000
2025-09-12,302.34396963830454,304.49939532573774,288.4621821416284,288.8873291015625,51781900
2025-09-15,302.9965343141477,303.5699848422766,293.9397575043331,298.735107421875,40004000
2025-09-16,310.52077329489015,316.3641755798037,298.863629440269,303.19427490234375,51923300
2025-09-17,304.2225951798477,305.18166530350607,291.7052590996586,298.01336669921875,27707900
2025-09-18,299.6250091667613,300.39621803294057,288.70941199080954,293.27734375,24673100
2025-09-19,295.63049784307583,307.6040128877406,293.96943740456766,305.181640625,40776200
2025-09-22,306.1407128681622,325.78678842264526,303.4612609324939,324.4519958496094,44437500
2025-09-23,320.34877072490605,321.33750149874834,306.55596436033846,310.2933654785156,35280200
2025-09-24,308.3455653224429,308.9487067861154,296.6488935186844,304.98388671875,33765300
2025-09-25,291.9425069430677,295.3833006889265,285.2982353407082,288.0469055175781,39274900
2025-09-26,289.6981253102654,290.6868561133722,279.8108172791984,280.265625,25990700
2025-09-29,281.3927778069461,282.7572310712954,276.4589908407025,279.5735168457031,25778500
2025-09-30,280.4930507895303,280.7995549320766,272.79082919681497,278.0706481933594,23880800
2025-10-01,275.65811964363957,286.72201909436825,274.7485042554701,285.7530822753906,23378300
2025-10-02,288.51165212768876,291.6459422221472,282.8264496974843,285.52569580078125,16215500
2025-10-03,286.3364357918345,291.31964729977034,280.7995374689801,282.9154357910156,13688400
2025-10-06,289.08512190952007,293.3366523650246,287.52291031704243,288.30401611328125,14076800
2025-10-07,289.91561673784344,289.91561673784344,267.9460194013813,281.03680419921875,31723400
2025-10-08,282.20359307719076,288.2447245281796,280.40409555719157,285.3774108886719,18982100
2025-10-09,288.7646666174215,298.094685999631,284.51567287113585,294.12298583984375,26479800
2025-10-10,297.4113006538374,304.7802256970025,289.2203182409299,290.1612243652344,28895300
2025-10-13,295.846389117684,307.73174741807657,294.89553869091156,305.06744384765625,21703700
2025-10-14,300.6699032291122,301.51178894483525,289.19062993707865,296.1435546875,17346200
2025-10-15,301.9871613039397,308.03880572761994,296.0643100000334,300.7193908691406,13698900
2025-10-16,302.68046730718675,319.45863403736973,300.1746387813038,310.009765625,32500900
2025-10-17,300.8481348459811,301.37307030021026,284.75337866080514,288.5269775390625,37653000
2025-10-20,286.1895264812807,286.47673420174976,272.6798217970078,274.5319519042969,32810700
2025-10-21,275.453075630662,277.6221559941788,269.65898749149005,272.5213623046875,18370800
2025-10-22,272.1945133224499,274.55178081941904,266.6777190847234,270.0551452636719,16474000
2025-10-23,270.3522878179626,280.3954305660964,269.78775624373066,277.3943786621094,16872200
2025-10-24,283.1885133474392,284.4463696843837,279.55356092104,280.62322998046875,13194900
2025-10-27,283.83229219343207,284.2581769813516,277.13686343958994,278.711669921875,13855800
2025-10-28,280.29637706570696,282.73286714510976,277.85988698630416,278.1470947265625,12448500
2025-10-29,278.7710762221633,278.92955129656065,268.75767615604695,272.669921875,18007100
2025-10-30,266.1726046001878,267.1828794578266,253.83164865983144,254.4358367919922,27954200
2025-10-31,257.0308356655325,263.2706378549427,254.2575667388786,260.1011962890625,16898700
2025-11-03,262.7060108604323,263.08238535352035,252.79164718057376,255.38662719726562,15709200
2025-11-04,247.59183924614698,252.84120929984184,242.84760663569867,245.79913330078125,19772600
2025-11-05,245.54162011939326,249.98871567900335,244.67002227563194,247.91868591308594,11991500
2025-11-06,245.5713345860817,246.6905440901093,237.0039623527757,241.47088623046875,18678300
2025-11-07,236.71673249408505,238.1033516601413,230.1302687857947,236.9742431640625,20969300
2025-11-10,243.60033273981523,244.87801728821677,234.8051774075164,238.5292510986328,16698700
2025-11-11,233.97318895516247,235.18153497937493,226.7033147598624,233.89395141601562,20686600
2025-11-12,234.47832621700618,234.5476496180775,224.00929872703313,224.82147216796875,24195000
2025-11-13,222.84058216987233,223.00895627543562,213.1639148214488,215.49147033691406,30009000
2025-11-14,208.8158515894353,224.88089611946816,208.75642721348203,220.7210235595703,36053800
2025-11-17,216.12535173148086,220.67149784050704,213.50065926480528,217.75958251953125,16143800
2025-11-18,214.14446521670735,221.56290055000463,212.45079488745804,218.38357543945312,21098300
2025-11-19,216.96723634120391,225.97039258042673,215.2339547387719,223.37542724609375,21679500
2025-11-20,228.9516437923061,231.7645085596671,208.2909267409707,208.6772003173828,27459600
2025-11-21,205.10166732624853,206.31991231510187,191.70092710981814,196.86114501953125,44834100
2025-11-24,194.97931272172713,201.87282751092232,192.44377191609706,198.36663818359375,31144700
2025-11-25,192.2258754104123,197.50495753246148,183.8566047732185,195.14768981933594,29595000
2025-11-26,207.4985742904451,207.99379761810727,200.3079370134765,203.001953125,26544100
2025-11-28,197.60399875878693,200.4069644933779,195.72215623510456,200.02069091796875,13848500
2025-12-01,198.58454104867837,201.55588081499275,194.8208409887437,199.0203399658203,13461200
2025-12-02,203.1802153722126,207.69664946019373,198.0893204413895,199.17881774902344,19664500
2025-12-03,198.41616933939397,205.93365541187117,197.4950461419395,205.74546813964844,19060500
2025-12-04,205.87423411503664,213.35210908512565,204.3489529767997,212.2824249267578,23316900
2025-12-05,216.90780565108173,217.403028951655,211.57919810074856,215.50137329101562,24208700
2025-12-08,219.2353646644679,222.60287711623684,214.83777926798228,218.43309020996094,24711200
2025-12-09,217.9279501905479,220.49320309264735,216.1946687518837,219.4136199951172,17643600
2025-12-10,219.6810693629974,223.16744579265006,215.50138330293507,220.87950134277344,47928000
2025-12-11,188.79893077949723,200.06031918010268,184.4508707012314,196.9503173828125,100612700
2025-12-12,194.49398811107298,195.95985991601637,184.20324885348734,188.15513610839844,55201600
2025-12-15,186.49118151502418,187.16469305403038,179.66700512419118,183.15338134765625,43897500
2025-12-16,182.9354717582941,187.98675512554968,182.72748644949797,186.8477325439453,32433500
2025-12-17,181.55875309373388,184.71827997901767,175.37837634746248,176.75509643554688,50222000
2025-12-18,180.97440820467443,182.99491266632592,176.87395978904445,178.3101043701172,36297300
2025-12-19,186.59023151713384,193.25593280159296,186.32280670757746,190.1360321044922,77008600
2025-12-22,194.93970796108377,196.90078800644136,190.98782056825766,196.48480224609375,27148000
2025-12-23,194.5534143210902,195.316062418809,190.35393049711385,193.4738311767578,18301600
2025-12-24,193.13708455844431,196.38574815633484,192.5626237241445,195.60330200195312,9282700
2025-12-26,196.16784940358133,198.45577861080451,194.2364815736537,196.09852600097656,11262000
2025-12-29,192.30511221146926,196.61354578036116,190.79962917343738,193.51345825195312,14748100
2025-12-30,194.18695089448133,196.48479417690953,193.8403036649356,195.3259735107422,14197400
2025-12-31,194.543511983856,195.31605909352973,192.86965487522457,193.04794311523438,10341500
2026-01-02,195.58348200605346,196.69277730911313,192.3546316843534,193.84030151367188,14540700
2026-01-05,196.4451590395415,199.7631609248871,190.492580898364,190.75009155273438,22635500
2026-01-06,190.7203986970888,193.0182421093506,188.87816737967754,191.89903259277344,16474500
2026-01-07,193.4342009178014,193.8006612799023,190.1657245052644,190.99769592285156,11171200
2026-01-08,189.05645602710703,189.12577943187264,184.37163262408228,187.83819580078125,19468500
2026-01-09,190.33079418293443,198.79169496774762,187.47076284555214,197.14321899414062,26152700
2026-01-12,196.22959779537723,205.1671804148495,195.6436780851804,203.26048278808594,25428500
2026-01-13,203.5782664871527,206.35885071854582,199.26836926262408,200.88705444335938,15857400
2026-01-14,200.2812819614504,200.2812819614504,189.48667349235532,192.2672576904297,22473200
2026-01-15,193.657558493201,193.657558493201,188.07653924395382,188.53335571289062,16418600
2026-01-16,188.59293085526497,190.5393292852399,185.23636714159738,189.76473999023438,19224700
2026-01-20,185.89179577745352,185.89179577745352,178.11609684945594,178.67221069335938,29129500
2026-01-21,178.43386618428758,179.34749908468692,169.416851630451,172.67410278320312,38190000
2026-01-22,178.12600905215297,178.91053864492068,175.27591823350863,176.9442596435547,21141900
2026-01-23,171.42282836084536,178.40407218084573,170.8071330789283,175.9313507080078,23011300
2026-01-26,177.857895893801,184.0248192666584,177.29184173481335,181.1747283935547,21100400
2026-01-27,177.94726781033333,178.47359089439897,172.47547156030626,173.68701171875,27093700
2026-01-28,173.70688545319166,180.41999775455932,170.66810972164663,171.60159301757812,35882700
2026-01-29,168.9699686251669,169.04941562703684,160.39982975761043,167.83787536621094,37254500
2026-01-30,167.0036818626301,167.7286148207701,162.10788036785846,163.43858337402344,27362400
2026-02-02,169.73461932781322,170.01267623587165,158.89035445463986,158.94993591308594,47421000
2026-02-03,157.16241931422803,158.27466212008704,150.84652700121748,153.59732055664062,43260100
2026-02-04,152.822730046133,152.87238631301568,143.42833107282857,145.65280151367188,42323400
2026-02-05,144.59023893772877,145.53364745406353,134.31201233895845,135.53347778320312,42789000
2026-02-06,138.78079752222578,142.20686784727977,137.94662677669297,141.8295135498047,29962400
2026-02-09,147.460197290568,158.64210145949994,145.980525286676,155.50401306152344,49936500
2026-02-10,158.89036566219892,164.2429842493256,155.8714553819222,158.7811279296875,40092200
2026-02-11,162.52497370070802,162.52497370070802,152.93196498750734,156.07005310058594,24538900
2026-02-12,156.83471631752477,157.9370188497243,151.44238173633673,155.394775390625,23285400
2026-02-13,158.1455614065261,161.17441192402597,154.21301832999148,159.02938842773438,18597000
2026-02-17,156.88435996901177,158.17534713351662,151.81973899698275,152.9021759033203,19610800
2026-02-18,153.33912562661325,156.20908203461818,150.32020042021392,155.0869140625,14801100
2026-02-19,156.0998468674784,158.9698033224978,154.68969677344117,155.454345703125,14976300
2026-02-20,152.23682329807312,152.9220403734579,146.36780721660742,147.0530242919922,29621900
2026-02-23,144.67959957883056,144.78883730271278,137.62883409835757,140.32997131347656,31749800
2026-02-24,139.8632339642692,145.7421753907146,137.76786676245285,145.12648010253906,21336600
2026-02-25,148.12553048589686,152.2169520959094,146.31814550487462,146.8643341064453,27303900
2026-02-26,147.75810017589302,151.44237713278912,144.1433450261864,149.26756286621094,20652200
2026-02-27,142.8821541260872,145.06689343918134,141.11450016934114,144.3916015625,36425200
2026-03-02,140.63781636159624,149.12852248038405,140.2008654741037,148.21490478515625,22418800
2026-03-03,143.74612724116352,149.8832603224921,142.0579201418087,147.97657775878906,20120800
2026-03-04,148.96962964986253,152.5446686180396,148.06595229240406,151.31326293945312,17585400
2026-03-05,151.53175219859966,156.84465486977967,149.07888096268312,153.71649169921875,24094800
2026-03-06,151.85945410648029,158.08597410034844,150.56846694887784,151.89918518066406,38000600
2026-03-09,149.6548595557333,150.94584680239967,145.41446869549333,150.50889587402344,31173500
2026-03-10,152.55459535748406,153.0709932476736,147.42045264344006,148.36386108398438,51544600
2026-03-11,165.22610910561966,170.56878687048746,159.4663308334791,161.98870849609375,83247500
2026-03-12,163.51803876567212,166.66605207763823,157.50999424030073,158.05618286132812,37133700
2026-03-13,157.94694871015022,159.65502126202176,153.08092242987794,154.03427124023438,26350400
2026-03-16,154.97769311978678,157.63911471237967,153.43843962082485,154.88832092285156,21607700
2026-03-17,154.3619860571572,157.81784711953617,152.4354380315028,153.6171875,23929500
2026-03-18,152.3361166933321,153.89523552297797,150.98554811494398,151.83958435058594,18051100
2026-03-19,149.41653147230454,155.83172137983988,147.8574125150856,154.44143676757812,22046100
2026-03-20,151.98856045208595,152.1871703681397,146.92392425140545,148.6419219970703,37551400
2026-03-23,150.36986033646522,154.69962318664022,149.66479286036432,153.2696075439453,19927900
2026-03-24,151.93890135471162,152.83265353678863,145.83155942026704,146.06988525390625,26122100
2026-03-25,148.19503810025608,148.80080816177428,143.59715893132088,145.00730895996094,20683800
2026-03-26,142.89209186849135,145.4542008422055,141.55144834229188,141.819580078125,16961900
2026-03-27,139.95260278465986,140.707341664734,137.34085289245976,138.69142150878906,17929600
2026-03-30,139.06877764806765,140.2207363676544,136.00021127953437,137.83738708496094,20125700
2026-03-31,139.32698384928602,146.37773430000672,138.88010775394596,146.08975219726562,24492000
2026-04-01,148.05602423130335,148.6121380829445,143.66667972746043,144.22279357910156,20495900
2026-04-02,141.78976835691424,145.42438858294545,139.32697228785526,145.36480712890625,14381900
2026-04-06,146.4174563411783,147.51975872325687,142.85235783762272,144.53062438964844,12556700
2026-04-07,142.78284834987056,143.56737798697142,138.96948335173397,142.1770782470703,17250400
2026-04-08,149.25763015193746,150.40958886157495,141.90894214666574,142.66368103027344,23527000
2026-04-09,141.70699943248175,142.30492535649793,135.52849744316222,137.38204956054688,30407800
2026-04-10,136.84393229395891,139.6840424992646,134.10346627490406,137.6112518310547,26171800
2026-04-13,139.28543447471924,155.3694779653856,139.23560477896012,155.08047485351562,49997700
2026-04-14,167.34779149353895,168.81269632594982,160.99988069035047,162.4348907470703,59779800
2026-04-15,166.31140813717766,171.9617489788171,165.63377292928178,169.22128295898438,43010800
2026-04-16,175.80836846916668,179.64502700380305,173.19745660129092,177.72171020507812,46997300
2026-04-17,182.29578972754894,183.86035396799997,172.75897602228687,174.4530792236328,45282600
2026-04-20,176.19702069918586,177.1437241337477,172.90845832122835,176.96435546875,22330900
2026-04-21,177.73168518842633,184.69744185391838,175.39978616849046,180.54190063476562,39638000
2026-04-22,185.53452930761875,188.52412867285312,182.16625769612565,186.84996032714844,32448800
2026-04-23,179.77456526841104,181.25940506244572,173.47648397959247,175.66885375976562,37084200
2026-04-24,179.88419055553038,180.08350934705402,168.21479607095443,172.67926025390625,33215000
2026-04-27,171.98167938805025,172.9483176843477,167.31789670409404,172.36036682128906,21616600
2026-04-28,161.59781465135282,168.1151345761582,161.48819539973903,165.3846435546875,33716500
2026-04-29,163.47128736703132,164.18879243452346,160.0930406767096,163.26202392578125,20587500
2026-04-30,161.45829556636002,164.60732857559,159.77415221061997,160.83047485351562,21016400
2026-05-01,165.8430357567767,173.69572140707442,165.5739675636214,171.23428344726562,26318000
2026-05-04,175.40976208307873,182.86382547986815,173.65585407967757,179.66494750976562,33504500
2026-05-05,181.49857498114957,185.87335460025724,178.3794215704854,184.70741271972656,23497200
2026-05-06,185.55445911068674,193.61640819386528,182.0366985044076,193.35731506347656,27685500
2026-05-07,197.92144212666506,199.4560964296715,190.13852094922035,193.91537475585938,31803200
2026-05-08,191.91234867633833,197.31355632268708,189.55057006502687,195.27066040039062,21158300
2026-05-11,191.48382541035645,195.00158596942157,189.93921129968984,193.16796875,16890600
2026-05-12,192.25116444316905,192.25116444316905,180.24293750852308,186.18228149414062,22123400
2026-05-13,188.37464692554053,190.90584946443576,184.4184093808476,189.10211181640625,15789300
2026-05-14,187.5275901989538,200.014163847459,184.807059111885,194.9318389892578,22545000
2026-05-15,189.82958881387833,195.74898244041898,188.2450896858239,192.2810516357422,15747100
2026-05-18,189.34128982843612,190.09864951363005,182.6346262937408,185.96304321289062,19114300
2026-05-19,185.3551556600763,188.06572689480225,180.30272556987043,180.83090209960938,16717700
2026-05-20,179.31617172278084,187.56746472504855,178.18012457626247,187.50767517089844,16517200
2026-05-21,188.3547161750033,192.15152006737793,186.5509936929414,189.11209106445312,12119700
2026-05-22,191.0054955424612,196.3170187370588,190.43747958820265,191.41407775878906,10875800
2026-05-26,192.6298441856895,194.52325092368912,189.89933811800566,192.3906707763672,12856100
2026-05-27,190.81615991336366,191.4738754300888,187.2685043953512,190.2979736328125,12126000
2026-05-28,193.36727626586583,204.28928574558662,192.70957597555034,202.99378967285156,25339900
2026-05-29,208.27541425064666,225.50546455715485,207.28884102481334,224.9972381591797,41082200
2026-06-01,229.70088459165413,249.3824137486397,223.82134525496076,247.28968811035156,48390000
2026-06-02,241.95824319584935,248.13674546339882,238.01196537258744,243.73207092285156,30294800
2026-06-03,239.64626819172787,239.67616296732885,226.82089245871197,229.53146362304688,23644700
2026-06-04,226.2130143514227,238.12158188953796,223.22341504281357,235.5206298828125,19993800
2026-06-05,228.69437902968323,230.63761546923837,208.72384785085606,212.93917846679688,29019900
2026-06-08,216.99508154036687,218.3005374625011,208.60427470114743,211.0856475830078,17227200
2026-06-09,213.16840576925884,219.73555545521918,197.1042813524375,205.0964813232422,26040700
2026-06-10,197.81181479593093,211.74334288511918,197.49291691405838,200.56224060058594,46108300
2026-06-11,179.0470967618207,184.12942155509757,174.67231714634136,183.4617462158203,63678500
2026-06-12,184.36857694107326,184.93660808713287,178.37941869260862,183.49163818359375,29562300
2026-06-15,186.74033863051216,194.6428540895421,185.56443686107608,191.97213745117188,20279900
2026-06-16,189.35124653572112,194.64285000480032,187.0094029029616,187.6770782470703,16985500
2026-06-17,185.51460950906105,189.53063677139517,181.94701911013038,182.8937225341797,16616600
2026-06-18,182.3755161261877,187.33826188438044,177.08392782803517,183.6510772705078,31386100
2026-06-22,181.6779484399822,183.9400828522113,173.79536790830892,174.4630584716797,22935400
2026-06-23,169.6398170049876,173.72560859622362,164.03930612455187,164.58740234375,33327900
2026-06-24,161.9166919476368,165.1753594043948,154.81142136725865,156.98385620117188,38305000
2026-06-25,156.80448848405618,157.07354147130096,149.83871668017542,151.9314422607422,36844400
2026-06-26,149.73905843363008,153.00768579174587,147.48689909721142,148.0150604248047,36532100
2026-06-29,153.40630894976508,153.96436505683477,144.69660411903206,147.2477264404297,34310300
2026-06-30,146.73950129218147,149.41020274352846,143.97910030394291,146.04193115234375,35926900
2026-07-01,143.98907252177435,147.03846136273228,142.00596618652344,142.00596618652344,45964000
2026-07-02,142.80320083813373,146.55015993984455,138.3486965222042,139.78370666503906,44166700
2026-07-06,143.79973308287512,145.11514890176613,140.6706196763433,143.2615966796875,36683000
2026-07-07,143.22173026995844,145.05534742111888,137.07312321448111,141.1090850830078,47200000
2026-07-08,138.5778946629353,141.34825554862542,137.0731351103418,140.00294494628906,34607300
2026-07-09,140.9297055709286,148.553192714378,140.45137395281776,143.72000122070312,35221900
2026-07-10,145.64999389648438,145.67999267578125,139.25999450683594,140.63999938964844,29843300
2026-07-13,139.02999877929688,139.64999389648438,131.35000610351562,131.5399932861328,56690300
2026-07-14,132.0,132.75999450683594,127.5999984741211,127.94000244140625,52670400
2026-07-15,130.55999755859375,133.89999389648438,128.83999633789062,132.49000549316406,48520400
2026-07-16,131.47999572753906,131.77999877929688,123.66000366210938,124.20999908447266,54780900
2026-07-17,121.69999694824219,128.44000244140625,121.5,126.41000366210938,39917100
2026-07-20,124.2699966430664,125.48999786376953,120.02999877929688,121.37999725341797,36793200
2026-07-21,122.80999755859375,127.41999816894531,122.20999908447266,127.05000305175781,27748100
2026-07-22,126.18000030517578,128.83999633789062,124.69999694824219,125.83999633789062,21096700
2026-07-23,123.95999908447266,124.69999694824219,119.44000244140625,120.04000091552734,30900600
2026-07-24,122.47000122070312,123.08000183105469,114.75,114.98999786376953,46405700
2026-07-27,118.0,121.98999786376953,116.80000305175781,119.9000015258789,36916600
2026-07-28,118.18000030517578,122.33000183105469,114.5,119.95999908447266,32665400
2026-07-29,119.41999816894531,121.91999816894531,116.19999694824219,117.73999786376953,28081800
2026-07-30,122.87000274658203,128.33999633789062,121.58000183105469,127.55999755859375,41338400
2026-07-31,130.07000732421875,132.39999389648438,125.69999694824219,129.8699951171875,34438700
2026-08-03,131.9199981689453,143.07000732421875,130.2100067138672,141.85000610351562,49696900
2026-08-04,141.00999450683594,148.6999969482422,141.00999450683594,145.74000549316406,43723500
2026-08-05,145.0,146.38999938964844,142.5,144.38999938964844,23524100
2026-08-06,139.25,146.5800018310547,138.72000122070312,143.47000122070312,23073300
2026-08-07,145.32000732421875,147.16000366210938,142.33999633789062,147.02000427246094,22874000
2026-08-10,148.25999450683594,151.99000549316406,146.6199951171875,151.0500030517578,24265000
2026-08-11,151.1999969482422,151.99000549316406,144.24000549316406,145.47999572753906,28761800
2026-08-12,152.80999755859375,154.88999938964844,147.88999938964844,153.27999877929688,43559400
2026-08-13,151.97999572753906,159.25999450683594,151.91000366210938,156.22000122070312,25740000
2026-08-14,155.83999633789062,156.38999938964844,148.8000030517578,150.52000427246094,21905500
2026-08-17,148.4499969482422,150.39999389648438,145.5,146.64999389648438,20668000
2026-08-18,143.25,146.0,142.35000610351562,142.7899932861328,19152300
2026-08-19,142.6999969482422,146.0800018310547,137.42999267578125,143.80999755859375,26552900
2026-08-20,144.3000030517578,145.9199981689453,141.02000427246094,142.07000732421875,15184400
2026-08-21,143.72000122070312,148.35000610351562,142.60000610351562,146.47000122070312,19635000
2026-08-24,145.1199951171875,145.1199951171875,141.25,142.4499969482422,14158600
2026-08-25,143.3000030517578,146.33999633789062,142.50999450683594,144.75999450683594,13329400
2026-08-26,147.0,151.6300048828125,146.8300018310547,148.8699951171875,18426100
2026-08-27,152.11000061035156,153.8300018310547,147.52000427246094,151.94000244140625,30251400
2026-08-28,153.60000610351562,153.99000549316406,149.7100067138672,150.85000610351562,17800000
2026-08-31,149.30999755859375,151.25999450683594,147.75,149.1199951171875,16118900
2026-09-01,146.75,146.7899932861328,139.9499969482422,141.32000732421875,25443300
2026-09-02,140.25999450683594,146.69000244140625,139.72000122070312,145.75,21906700
2026-09-03,147.27000427246094,156.77000427246094,146.9199981689453,154.0399932861328,25101700
2026-09-04,159.4600067138672,159.6999969482422,156.7100067138672,158.77999877929688,26511300
2026-09-08,167.60000610351562,170.6999969482422,161.16000366210938,162.52000427246094,37662800
2026-09-09,163.5399932861328,165.14999389648438,160.36000061035156,161.6300048828125,27464600
2026-09-10,158.3800048828125,159.24000549316406,152.52000427246094,152.94000244140625,56824700
2026-09-11,164.42999267578125,166.0,149.83999633789062,150.27999877929688,80438600
2026-09-14,141.4199981689453,145.3300018310547,141.00999450683594,144.7899932861328,42159700
2026-09-15,143.4600067138672,144.8800048828125,140.02000427246094,140.35000610351562,31552700
2026-09-16,140.02999877929688,146.52000427246094,139.0,143.16000366210938,34366400
2026-09-17,146.75,152.0,146.14999389648438,150.58999633789062,27742400
2026-09-18,150.47000122070312,150.89999389648438,144.39999389648438,147.61000061035156,39324900
2026-09-21,148.92999267578125,149.97999572753906,146.16000366210938,148.55999755859375,22418300
2026-09-22,151.25,153.60000610351562,148.60000610351562,149.1999969482422,31260000
2026-09-23,148.3000030517578,148.66000366210938,144.22999572753906,144.55999755859375,22682300
2026-09-24,137.32000732421875,140.33999633789062,133.47999572753906,139.5399932861328,56629400
2026-09-25,138.57000732421875,140.8800048828125,136.9199981689453,137.10000610351562,23671000
2026-09-28,132.72999572753906,135.69000244140625,131.5800018310547,132.60000610351562,36060100
2026-09-29,132.7899932861328,143.6699981689453,132.52999877929688,137.7899932861328,45709700
2026-09-30,136.5399932861328,138.5,134.75,137.3000030517578,22321600
2026-10-01,139.60000610351562,140.25,135.3300018310547,138.07000732421875,25459100
2026-10-02,142.08999633789062,144.86000061035156,140.25999450683594,142.3000030517578,35330300
