Date,Open,High,Low,Close,Volume
2015-01-02,71.48068126953835,72.53224907473086,70.58426292045752,71.49791717529297,1349900
2015-01-05,71.51516151642771,71.96336741458087,69.71370353051319,70.42911529541016,1847700
2015-01-06,70.23086484658141,71.39448237815853,69.13619750810498,70.63597106933594,2592600
2015-01-07,70.83423453377989,72.23057980112752,70.64460666803234,71.70479583740234,2434700
2015-01-08,72.3512466417364,73.03218003968828,72.2909111039979,72.8425521850586,2714500
2015-01-09,71.42034538345436,72.9890758425981,70.69631239980649,72.33399963378906,2535700
2015-01-12,72.29952770187208,72.6960193284775,71.0152388922066,71.76512908935547,1476800
2015-01-13,72.04094855410263,72.85978894385529,71.19624443980493,71.77374267578125,2113100
2015-01-14,71.12727762689549,71.12727762689549,69.82575311317835,70.62735748291016,1890700
2015-01-15,70.89456289092456,71.36001126620735,69.97228738140498,70.24810791015625,1222100
2015-01-16,70.30844126186128,71.56687279621288,69.87747128806635,71.53239440917969,1387000
2015-01-20,72.26504202420452,72.26504202420452,70.4980690779097,71.541015625,2343500
2015-01-21,71.36001739757266,72.38572815953471,71.10143275261528,71.72203063964844,1871500
2015-01-22,71.7909940748501,73.74759527260478,71.3514027681167,73.37696075439453,1961400
2015-01-23,73.60967826891114,73.67863504806382,72.68740272000524,72.8425521850586,1344800
2015-01-26,72.54949638327435,73.13561591225371,71.90304131055069,73.04942321777344,1876800
2015-01-27,72.63566746155819,73.68723511908435,72.00645506063128,73.01492309570312,1628200
2015-01-28,73.39418057240385,73.48037324339727,70.29981304793007,70.50668334960938,2463700
2015-01-29,66.11079857443757,69.59303713237655,64.65412437555662,66.61934661865234,8256400
2015-01-30,65.81775257026936,66.36939375853952,64.40417120331688,65.11958312988281,4085700
2015-02-02,64.55931555165255,64.88685042605032,62.74062139353828,64.42140197753906,3314300
2015-02-03,64.86960642504273,64.9902774992981,64.22315142321168,64.64550018310547,3013300
2015-02-04,64.5851623830667,64.75754774708287,63.688744022806375,64.07661437988281,2326100
2015-02-05,64.64549112431737,65.71429473627052,64.50757758673404,65.51605224609375,2454500
2015-02-06,65.28332860327026,66.36937475880764,64.97302970168816,65.19713592529297,1781300
2015-02-09,64.40417156164077,65.29196889844992,63.430174945618454,63.56808853149414,2169900
2015-02-10,63.886999453990754,65.55054402865218,63.8783782121098,65.352294921875,2384800
2015-02-11,65.20576476022542,66.93826606649122,65.20576476022542,65.81774139404297,3058700
2015-02-12,66.11078526385141,66.27455594316307,65.6798153297296,66.15388488769531,1719500
2015-02-13,65.53951684126775,65.95487449881878,64.50113260021922,65.38375854492188,3293700
2015-02-17,65.08090382421469,65.86835046075707,64.03386440123175,64.25885009765625,3116800
2015-02-18,64.65689937943006,65.74720759689765,64.54440322726842,65.40107727050781,2158400
2015-02-19,65.95486721826724,67.32207804617163,65.95486721826724,66.6038589477539,2523900
2015-02-20,66.50869580249369,66.50869580249369,65.38377377770739,65.91162109375,1570300
2015-02-23,66.35292641161351,66.5173397914059,65.9981410345639,66.46541595458984,1504100
2015-02-24,66.2750499674946,66.56926306317824,65.45299619775744,66.54330444335938,2088300
2015-02-25,66.24909206317565,67.75475804780208,66.20582989697263,67.14037322998047,2120700
2015-02-26,67.47785268324996,67.79801778887098,65.92892458782566,66.45677185058594,2309700
2015-02-27,66.55195005326298,67.06248710879883,65.82507579226427,66.12793731689453,1682800
2015-03-02,66.12794427378837,68.53353978233744,66.10198565492999,68.36913299560547,2149500
2015-03-03,68.24798926821929,69.40751827168158,68.16145173504053,68.93159484863281,2863300
2015-03-04,68.620087328079,69.61520307292973,67.8585991870468,69.56328582763672,2218200
2015-03-05,70.16034689505625,70.81798721367701,70.04785074964198,70.54108428955078,2273300
2015-03-06,69.78825279606774,70.03919708399089,68.3950832055999,68.86235809326172,2146200
2015-03-09,68.68928110536454,68.86234952475223,67.57301455738327,68.46430206298828,2266800
2015-03-10,67.6335912497911,67.82395660208127,67.07977892769759,67.17496490478516,2285200
2015-03-11,67.149013733606,67.63359874389637,65.8337266528422,65.92025756835938,2456900
2015-03-12,66.3356180799901,67.84993227375998,66.26639070382228,67.8066635131836,1887700
2015-03-13,67.30477913352105,68.13548789365043,66.55195282690593,67.10575866699219,2233300
2015-03-16,67.82396132574226,68.58544919547724,67.2701555669634,68.40373229980469,1652000
2015-03-17,67.83259520607155,68.15276674235744,66.7509426398287,66.77690124511719,1512600
2015-03-18,66.63848054344469,68.45565628136283,66.45676362984148,68.18740844726562,1859100
2015-03-19,68.36912467996244,69.32963307221776,68.11818039170883,69.20848846435547,2264300
2015-03-20,69.30366785463072,69.64979813504554,68.94023403104383,69.20848846435547,1793200
2015-03-23,68.9402337399164,69.1392607959274,67.77204982509969,67.8066635131836,1787500
2015-03-24,68.12683853183427,68.6979479086314,67.59033624293949,67.79801177978516,1240100
2015-03-25,67.24421449874121,67.322096961142,65.12417689418825,65.1587905883789,3396200
2015-03-26,64.07712394304109,65.30588012022588,63.37620833620507,64.89917755126953,2771500
2015-03-27,66.76826550618998,69.31230833769148,66.56058342052424,69.09597778320312,5258700
2015-03-30,69.23445718534414,69.99593863189192,68.8796717806167,69.87479400634766,2525300
2015-03-31,69.39884650910201,70.9823879182956,69.07002640851208,70.82662963867188,2751200
2015-04-01,70.78336673697707,71.23333142786929,69.80554831337528,71.13814544677734,2343000
2015-04-02,71.0343086208186,72.09865801732035,70.90451554968416,71.3458251953125,1654100
2015-04-06,70.72279287047954,71.51023271253591,70.57568306540269,71.21602630615234,1684100
2015-04-07,71.25929664962925,71.77848875708456,69.81420985994815,69.84882354736328,1776700
2015-04-08,70.43723806553339,70.8612441531864,69.94400460792896,70.49781036376953,2130400
2015-04-09,70.55837015780303,71.00833477897471,70.08244032608704,70.96507263183594,1788200
2015-04-10,71.12947553174911,71.15544074089814,70.03917441530798,70.29876708984375,1231800
2015-04-13,70.24687601500905,70.61896492866447,69.1219542011058,69.2171401977539,1858400
2015-04-14,69.23444875173523,69.39885552244026,68.46431232520727,69.2950210571289,1567900
2015-04-15,69.33828657702588,69.5978859566562,68.64603256782252,68.74121856689453,2582600
2015-04-16,69.04408860930951,69.65846684139848,68.04896633405494,69.48540496826172,2457800
2015-04-17,68.79314677051576,68.79314677051576,67.62496257969583,68.38644409179688,2995200
2015-04-20,64.56168932261511,64.98569534849155,61.99168135410936,62.91757583618164,12691600
2015-04-21,63.75696275565744,64.25019632193215,63.16854318519929,63.955989837646484,4935000
2015-04-22,64.16367566547436,64.22424798675497,63.324311640665975,63.36758041381836,2528600
2015-04-23,63.69638354020801,63.9559829056414,62.73587513074503,62.93490219116211,2879900
2015-04-24,63.54061227426027,63.583881026964455,62.6233728135174,62.709903717041016,2402400
2015-04-27,63.15987999817957,63.298334750801416,60.736981244270986,60.97061538696289,3354700
2015-04-28,61.022520673442756,61.524409150626184,59.76780608236886,60.58121109008789,3264300
2015-04-29,60.29566862282713,60.581226615982324,58.712126953751614,59.369773864746094,3033800
2015-04-30,59.67264773547738,59.98416441023475,58.478504883499326,58.893856048583984,1739000
2015-05-01,59.04958598900059,59.672619038898546,58.62557995299736,58.78999328613281,2260900
2015-05-04,59.44764676113262,60.03606626237375,58.71212403505271,59.040950775146484,1992700
2015-05-05,58.8852017674872,59.11883594956677,57.58721795132117,57.7083625793457,2104600
2015-05-06,58.045837820244294,58.11506520819844,57.033412028491526,57.890079498291016,2777000
2015-05-07,58.288115031486065,59.8803050140972,58.218887657837136,59.438995361328125,3552500
2015-05-08,61.31674837459756,62.8570212551667,61.17829361586106,62.69260787963867,5169700
2015-05-11,62.9608491739917,64.1896051926476,62.62337402241556,62.78778076171875,3714400
2015-05-12,62.5541513088308,63.09065352394216,61.82727712700619,62.640682220458984,1840100
2015-05-13,62.640692812745144,62.83106481164951,61.922473581201025,62.06092834472656,1224500
2015-05-14,62.675299995278884,64.51843428058348,62.55415539071722,64.42324829101562,3103600
2015-05-15,64.70996396920378,65.46583601739356,64.37980686438902,64.92716979980469,2363800
2015-05-18,64.63176355154718,65.93499847724622,64.51881891094769,65.78730010986328,1800200
2015-05-19,67.11660718344618,67.59446270156302,66.48236318927259,66.98628234863281,2679100
2015-05-20,66.56055217041799,67.61182754630302,66.34334634989804,66.46498107910156,1882900
2015-05-21,66.11744781190212,66.5084222504513,65.57878164072974,65.9697494506836,1646600
2015-05-22,66.03057563390438,66.41286003504094,65.6656714120538,66.22171783447266,1434800
2015-05-26,65.95239647711705,66.31730076405717,65.50060453544101,65.87419891357422,1969500
2015-05-27,66.28254256850802,67.54233393425315,66.1174639899329,67.30775451660156,2148200
2015-05-28,66.79514804583242,67.06448783727906,65.63961783285444,66.30860900878906,1811300
2015-05-29,65.42239872905816,66.68218989319149,65.40501855062277,66.01319885253906,2549600
2015-06-01,65.59617474438123,66.39549077954213,65.51798381051861,66.16960144042969,1893300
2015-06-02,65.8394210350237,67.64657488187548,65.78729376417441,67.12528228759766,2223200
2015-06-03,67.16873570013809,68.55016836878879,67.1166084166935,68.46328735351562,2784500
2015-06-04,68.14182001388623,69.2017856300331,67.55101983252224,67.91592407226562,1911400
2015-06-05,67.34251248577763,68.73262878368908,67.10792642477539,68.43722534179688,1523400
2015-06-08,68.28953331928281,68.56755660485645,67.77693057937432,67.93331909179688,1567300
2015-06-09,67.30775498833258,67.54233440762822,66.56056627709901,67.43807983398438,1772800
2015-06-10,66.9949493790932,67.75951131632347,66.32595188399681,66.57791137695312,2543200
2015-06-11,66.96889801359761,67.52494436590663,66.68218474889582,67.44674682617188,1605500
2015-06-12,66.98631302121687,67.32515376972664,66.59534496635159,66.72566986083984,1149000
2015-06-15,65.96105512807148,66.75168741430481,65.60484106631645,66.58660888671875,1445800
2015-06-16,66.3607163412594,67.09053130594963,66.23039815881047,66.94283294677734,1154600
2015-06-17,66.92545339410677,67.2295402036485,66.50842194919106,66.91676330566406,1769400
2015-06-18,67.09055016711137,69.38424362337184,67.09055016711137,69.17572784423828,2053100
2015-06-19,68.81949073603654,69.6796239212639,68.79342709839261,69.33209991455078,3920600
2015-06-22,70.40073957478337,71.08711066642519,69.76650238017153,70.70482635498047,2075800
2015-06-23,70.7917345901134,71.01762390484735,69.32342090135981,69.9402847290039,1883000
2015-06-24,70.33123457901452,70.89597097823312,69.41897420667208,69.44503784179688,2182400
2015-06-25,70.00110579193716,70.33125631989931,69.30604437364143,69.46243286132812,1492100
2015-06-26,69.75782146279121,70.30517773910034,69.27128255051643,69.33209991455078,1352400
2015-06-29,68.60228114634512,69.04538284772039,66.73430988426819,66.82119750976562,1699800
2015-06-30,67.65526392162032,68.87161107989064,67.42936803711517,68.3676986694336,2202200
2015-07-01,69.47110101661742,69.91420269658778,67.95935053204163,68.63703155517578,2196100
2015-07-02,68.82819201663409,69.50587321995317,67.85510740525997,68.44590759277344,1323600
2015-07-06,67.98543595809477,69.25391741823908,67.69003916249541,68.11576080322266,1814800
2015-07-07,68.1505196802027,69.59276329029308,67.54233923324136,69.5058822631836,2196600
2015-07-08,68.51540764262946,69.01932675980693,68.05493234295193,68.17656707763672,1879100
2015-07-09,69.21915054835564,69.41898282344184,68.08968423831608,68.21131896972656,1057000
2015-07-10,69.25391193396406,71.83431847448311,69.15834083034511,71.59973907470703,2411700
2015-07-13,72.25134318935693,72.54673990665232,71.42595714140555,72.23396301269531,1840500
2015-07-14,72.27742190234004,73.1723089578197,72.08627969076251,72.65101623535156,1295700
2015-07-15,72.46856474187969,73.32869807283524,72.13840759953156,72.62494659423828,1505400
2015-07-16,73.37211459588003,73.91078735154464,72.74656747688877,73.80652618408203,1466300
2015-07-17,73.76311446996785,74.09326500469544,72.92035463730844,73.22444152832031,1306500
2015-07-20,73.29394898636838,74.03244761545774,73.28525889559874,73.6327896118164,1262600
2015-07-21,74.24965300951251,74.39735140866608,72.95510789419548,73.5024642944336,1285300
2015-07-22,73.59801350954828,74.041115203774,72.94639610040255,73.76309204101562,1196300
2015-07-23,73.92817961332359,73.99768707589439,71.91250959894558,72.26004028320312,1363900
2015-07-24,72.26002234382298,72.34690333616904,71.29562808301355,71.7647933959961,1418000
2015-07-27,71.5215384573244,71.75611784704755,70.62665146051224,70.97418212890625,1005700
2015-07-28,71.43464551140362,72.23396127513533,71.0089239937675,71.85167694091797,1167700
2015-07-29,72.12972558936518,73.0506830264224,71.8864560647605,72.90298461914062,1557400
2015-07-30,72.52938585862445,72.6336404322429,71.23483412168815,71.8864517211914,2770400
2015-07-31,76.56071347474719,78.95866106943151,76.49989610738771,78.06377410888672,4680100
2015-08-03,78.49818744044957,79.39307442004193,77.54248309220324,78.70670318603516,2770300
2015-08-04,78.38525301244673,78.74146718140727,76.80399459268254,77.45561218261719,1976700
2015-08-05,77.83788831648991,79.28882848986382,77.71625356594552,78.15066528320312,1819300
2015-08-06,78.35048789026591,78.69801854676852,77.6728067558136,78.19409942626953,3738800
2015-08-07,78.15934127786292,79.24537037514636,77.9073817318617,79.22799682617188,1747100
2015-08-10,79.90568196123515,80.52254572424083,79.67109595235095,79.96649932861328,3061900
2015-08-11,78.86309242356994,79.45389256566986,78.5329419374479,78.97604370117188,2280900
2015-08-12,78.15932919897524,78.26359036249613,76.70839614009739,77.94212341308594,2543600
2015-08-13,77.85525520536675,78.75014212956248,77.36871628625349,78.26360321044922,1178200
2015-08-14,77.62936820654087,78.40262048972502,77.25577388544993,78.0985336303711,1474700
2015-08-17,77.72494142969879,78.62851857114127,77.58593313102887,78.61114501953125,1388700
2015-08-18,78.35047639034656,78.58505573761269,77.99425569685192,78.53292846679688,1172400
2015-08-19,78.15934386297135,78.94128616459716,77.69017848199587,78.22885131835938,1276800
2015-08-20,77.58591318151436,77.62066027579995,75.69187837039557,75.8395767211914,2506100
2015-08-21,74.88388841513165,75.65714068449174,74.13669978630789,74.46685028076172,2290300
2015-08-24,70.14880452023746,75.7787834749433,69.27129759552722,72.97248077392578,4003800
2015-08-25,75.5876421564512,76.20450602689404,73.80655138523393,73.9021224975586,3020900
2015-08-26,76.2653262374405,77.31660188346018,74.65800407829633,77.23841094970703,2332400
2015-08-27,77.70754408090708,78.18539283270682,76.17841349223993,77.94212341308594,2483200
2015-08-28,77.36872235730753,77.71624639617511,76.3174402653658,77.20364379882812,1970200
2015-08-31,76.54332508323519,77.27314004183592,75.98727874744186,76.595458984375,1630700
2015-09-01,74.75357333753344,76.02205482838106,74.11064581556347,74.9794692993164,2752700
2015-09-02,75.97860833494052,77.45561218261719,75.5876404324185,77.45561218261719,1768800
2015-09-03,78.16804783818812,79.14981596271572,77.20365326629593,77.5772476196289,1638500
2015-09-04,76.96905822352488,77.37740626299707,76.28269360279914,76.92562103271484,1264000
2015-09-08,78.23754431452471,79.57552642318312,77.93345084305177,79.53208923339844,1797000
2015-09-09,80.00996846117916,81.22632292296215,79.59293681225836,79.80145263671875,2259300
2015-09-10,79.93175481203141,80.85270551806258,79.02817765785511,80.20108795166016,1752800
2015-09-11,79.63636194270501,80.85270949020239,79.34095851788636,80.67894744873047,1899000
2015-09-14,80.41827486432943,81.75626341427294,80.35745750426814,81.35660552978516,1845200
2015-09-15,82.17330855737941,83.67636914069332,81.2610414492395,83.13770294189453,2319500
2015-09-16,83.2205744679444,84.45915594606238,82.71467274149892,84.35448455810547,2321700
2015-09-17,84.1364173229393,85.13077213639271,83.40373763078405,84.1451416015625,2199600
2015-09-18,83.19440475544616,83.95325737362342,82.47044925590757,83.29035186767578,2885900
2015-09-21,83.99687866018694,84.92145273586416,83.6392563677149,84.78189086914062,2086700
2015-09-22,83.53456524780702,83.69156898346937,79.61820278920268,80.5951156616211,4101600
2015-09-23,80.98763027042047,82.18260364395876,80.67362276576333,81.7464828491211,1797400
2015-09-24,80.63001121210876,80.99635106689826,79.08613993814956,79.86243438720703,2543400
2015-09-25,80.42939824022069,81.33653031521958,79.1297601017102,79.43504333496094,1880700
2015-09-28,78.64128370963883,78.91167640001659,75.291873448198,76.18155670166016,2257100
2015-09-29,76.02457606589387,76.2949688146702,74.23647824125567,74.8819351196289,2884900
2015-09-30,76.34729793422477,77.7864977496599,76.00712427935322,77.70799255371094,2543200
2015-10-01,77.830142850377,78.85938849489354,76.74855816991747,78.3970947265625,2468000
2015-10-02,77.23699150497782,79.63565575476377,76.15540719734479,79.592041015625,1655200
2015-10-05,79.83626369509567,81.5807467008827,79.40886722198671,81.45863342285156,1527700
2015-10-06,81.45863057629512,81.72902330324744,78.44067588030636,78.77212524414062,2957600
2015-10-07,78.13539660361641,79.51353979607502,77.38526836745157,79.45247650146484,2292300
2015-10-08,78.95532799527646,80.28113931141694,78.55409754964047,80.17646789550781,1400200
2015-10-09,79.3390897578157,80.73467489225236,79.04253082816815,80.68234252929688,1482600
2015-10-12,80.22004989944207,81.67669157245113,79.98454097346195,81.03123474121094,1337700
2015-10-13,80.42067253995477,81.6505363853331,79.81010608424052,80.06305694580078,1126500
2015-10-14,79.72288591483658,79.78394256244468,75.95480235823965,75.97224426269531,2795500
2015-10-15,76.82704262751311,79.67054548554596,76.37347326356743,79.33909606933594,2621200
2015-10-16,79.49607847897224,80.4991573923411,79.43502184883711,80.08920288085938,1473300
2015-10-19,79.66182372247903,81.98198282477055,79.5746008969207,81.9122085571289,2115900
2015-10-20,82.2785576164555,82.88039983836958,81.13591651346057,81.95582580566406,1603900
2015-10-21,82.23493664868727,83.38629528981606,81.30163840667132,81.44120025634766,2350700
2015-10-22,81.44992151983499,82.67978542002143,81.20569492666549,82.60128021240234,2397900
2015-10-23,84.1538598101421,85.95939938377599,82.97632850391079,85.47093963623047,3930100
2015-10-26,85.4709533495269,86.67465102819168,84.83422070197048,86.11641693115234,2097300
2015-10-27,85.67157105048423,87.5643337261075,85.31394880009927,87.01482391357422,1750000
2015-10-28,87.46837255742389,87.52070491553614,83.34267417761075,85.10459899902344,2355900
2015-10-29,85.0871932697091,85.66286941769502,83.96200050924001,85.44480895996094,1178600
2015-10-30,85.32267850232085,86.52636959161552,85.22673138781087,85.78496551513672,1614400
2015-11-02,86.01174242617162,87.08459583908679,85.11333466675768,85.80240631103516,1428500
2015-11-03,85.03482270324585,85.15693598192243,83.29906396662199,84.31086730957031,1928500
2015-11-04,84.33703847143059,85.69773317401048,83.74391394510795,85.4360580444336,1813400
2015-11-05,85.27906768036064,86.86654730071672,85.21801102783448,86.56126403808594,1923700
2015-11-06,86.47402475168876,87.16309635894864,86.10768490621128,86.70953369140625,1868700
2015-11-09,86.61358788514386,86.61358788514386,84.46786783316641,85.279052734375,1308900
2015-11-10,84.99995604668733,86.24726201788452,84.88656701464265,86.13387298583984,1094700
2015-11-11,86.50891953584524,86.6746475643253,85.56689703923512,85.61051177978516,712400
2015-11-12,85.37501358294811,86.00302865979899,84.80806181242946,85.23545837402344,1462000
2015-11-13,84.76443841041149,85.13077828293929,82.88911765150687,83.299072265625,1909300
2015-11-16,82.63615977021593,82.67105022958901,80.76083917062911,82.3047103881836,2798800
2015-11-17,82.8803738332729,83.55200342924634,81.55456985039247,81.83368682861328,2189300
2015-11-18,82.05175423533413,82.7146596111459,81.43246359458304,82.13897705078125,2227400
2015-11-19,82.6187294229614,82.88912220257674,81.81626870917184,82.2959976196289,1699200
2015-11-20,82.39195193781681,82.83679707759823,81.79010302250526,82.00816345214844,2013000
2015-11-23,82.05175171459851,83.272891057366,81.99069508019383,82.8018798828125,1758400
2015-11-24,80.90041119304018,81.72032045484318,79.70543776410132,80.263671875,3312100
2015-11-25,80.333439655956,81.92091889678467,80.333439655956,80.8218994140625,1403400
2015-11-27,81.32779940622228,81.42374650809057,80.1241084755222,80.68234252929688,688500
2015-11-30,80.55150513053029,81.15335392443784,79.94093871256237,80.77828979492188,1618900
2015-12-01,81.32781147115583,82.33089072288287,80.46429408091379,82.3221664428711,2249200
2015-12-02,82.43554610526189,83.40373470353966,81.99942535485478,82.64488220214844,2000500
2015-12-03,82.51406770616342,83.4299241998411,78.96404407191716,79.81011962890625,2157700
2015-12-04,80.3160144480434,82.38322294379331,80.23750923743188,82.2262191772461,1791600
2015-12-07,82.55766637942058,82.9763386086744,81.18824737327665,81.6854248046875,1591000
2015-12-08,80.26366646365003,82.0343224433311,80.26366646365003,81.4935302734375,1554900
2015-12-09,80.85678756100125,82.54021398824695,80.35089252870226,80.98762512207031,1685800
2015-12-10,81.21441695577262,82.67978312885803,80.8131866131591,82.19132995605469,1391200
2015-12-11,80.83936306608757,82.36578607968086,80.03690227892082,80.16773986816406,2858100
2015-12-14,80.33344812872737,81.52842148814264,79.40887418409483,80.48172760009766,1812400
2015-12-15,81.34525975003088,82.33961471830943,80.81319180064095,82.24366760253906,1694400
2015-12-16,82.53149233303444,84.85165124032044,82.03431494899641,84.72953796386719,1701600
2015-12-17,83.68317338722662,84.78645870240027,82.13332577344079,82.26466369628906,2285900
2015-12-18,83.36794865738524,85.21551114286298,83.10526613234035,83.97212982177734,3246400
2015-12-21,84.62009433931199,87.47462341688285,84.53253349113983,86.73909759521484,2664700
2015-12-22,86.73033930818724,87.69352192262045,85.92476219968559,86.38884735107422,2031600
2015-12-23,86.68656404305229,88.42904967197344,86.24875311354192,87.50089263916016,1228300
2015-12-24,87.49214935302734,88.2714524049706,87.10688021258964,87.49214935302734,689500
2015-12-28,87.26448496638513,88.17512589702943,87.24696878668128,87.84239196777344,1134600
2015-12-29,88.15759913768454,90.16277377141576,88.05252212142975,89.86505889892578,1174000
2015-12-30,89.81253401436882,90.53930176230077,89.36596499473461,89.95263671875,1179300
2015-12-31,89.67244681706002,89.926371302932,88.62169647216797,88.62169647216797,1018200
2016-01-04,87.21192440114979,87.3958041658076,84.66386859893295,85.93351745605469,3132400
2016-01-05,84.401171893434,85.53072464479342,84.32236915007697,84.53251647949219,2198000
2016-01-06,82.50109597146852,84.75144397319141,81.70427684082328,83.45552062988281,2855100
2016-01-07,81.5904474927001,82.97393167399257,80.78487696199745,80.93373107910156,2674400
2016-01-08,81.85311619792505,82.78127302523923,80.04933102499452,80.36455535888672,2334200
2016-01-11,81.0388072161425,82.7812928771356,80.46965166121032,81.95820617675781,2265700
2016-01-12,82.74626732143244,83.75323381540525,81.41532500868267,82.32596588134766,2019300
2016-01-13,82.35224556763382,82.79880794405378,77.84279127129032,77.96537780761719,3597600
2016-01-14,77.8165250754222,77.92159543388924,74.86567669994234,76.96717071533203,4439600
2016-01-15,74.3052682229569,75.3209860609076,72.33511912680831,72.60655975341797,4166000
2016-01-19,74.30524798633408,74.77808444229107,70.12852929894525,70.99539947509766,4907100
2016-01-20,70.26865756624173,73.35084371883929,66.72238619445103,72.18627166748047,6193300
2016-01-21,73.03563769009325,75.67125522514326,72.52777530269782,74.84817504882812,3914700
2016-01-22,77.27363473118083,77.35243749765453,74.83064876351942,75.09333801269531,2735600
2016-01-25,75.16337542263562,75.59243493350593,72.72039637162572,73.00059509277344,2113300
2016-01-26,73.28078451449622,74.34028600314845,71.98486141835203,74.0075454711914,1849200
2016-01-27,74.62926072355187,75.0933392818697,70.63642014310571,71.29313659667969,2333600
2016-01-28,70.8290532511859,70.91661410298467,66.16198703324497,68.58746337890625,6084900
2016-01-29,68.3510271295813,71.85351389705912,68.11461221218042,71.76595306396484,5662800
2016-02-01,71.45948971792846,75.040779376892,71.14426536158159,74.0075454711914,6211700
2016-02-02,69.0865542988836,69.34048539660017,60.680587213648124,62.782073974609375,20620800
2016-02-03,64.20936003976017,66.10070000274796,62.46686752644949,64.64717102050781,9109700
2016-02-04,63.94667365991286,64.62090634169893,60.34786670160437,64.42826843261719,6734600
2016-02-05,63.578910898922274,63.78030020818299,59.95383652757562,60.925777435302734,5182300
2016-02-08,59.54228789529648,59.621090657946574,56.22368016535874,58.04497528076172,7485300
2016-02-09,56.90667317366498,60.89951412508357,56.31124993321888,59.55980682373047,4405900
2016-02-10,60.128939290155905,62.1341137432756,59.997594701783946,60.7593879699707,3372600
2016-02-11,58.96436053757955,60.444163309834785,58.64038479250348,59.51600646972656,3037400
2016-02-12,60.3741114964897,60.3741114964897,58.74545465525445,60.21649932861328,2457000
2016-02-16,61.10964819548262,63.49134063720704,60.645569695382456,63.49134063720703,3612500
2016-02-17,63.298717713452,64.74349540733276,63.13234738904857,64.18309783935547,2931400
2016-02-18,63.58901838949352,63.62422418815186,61.3535005358354,61.49432373046875,3079700
2016-02-19,60.975031424050776,63.61540523316257,60.2621326443323,62.35682678222656,3810400
2016-02-22,62.304024144977404,65.12042031037714,61.75834445019828,64.8827896118164,4641800
2016-02-23,65.46366518023314,67.10950059578549,64.9531980166677,65.13802337646484,4879400
2016-02-24,64.27549038744704,64.27549038744704,61.582311598585264,64.06426239013672,3708700
2016-02-25,64.16987009033295,65.54286193847656,63.914633221031586,65.54286193847656,1681900
2016-02-26,65.76289230126724,66.3173682227042,64.79475686224987,66.17655181884766,1931400
2016-02-29,65.2172347173883,66.77505909613211,65.0940178045272,65.45487213134766,2420100
2016-03-01,66.0533322328046,67.62874884060781,65.35803322127012,67.36471557617188,2755100
2016-03-02,66.76625540665816,67.25912305394728,65.01480926162596,66.16777038574219,3057100
2016-03-03,65.51646734322087,66.62541933478927,64.53072552478773,66.61662292480469,3538100
2016-03-04,66.68703783423645,66.70464408649397,63.64180753101239,65.13802337646484,4820100
2016-03-07,64.29307615286365,64.8827577613334,63.333737273357585,64.80354309082031,3433100
2016-03-08,63.59780636938617,63.870642850476486,62.07518783548102,62.18080520629883,4740800
2016-03-09,62.54165813870374,62.68248131180241,60.96623414245933,61.7319450378418,3073400
2016-03-10,62.01358183874947,63.27216035289534,60.72860065955731,61.59992218017578,3203100
2016-03-11,62.3480330522379,64.14348831879703,61.423906108668476,64.09068298339844,3722900
2016-03-14,64.09947784724896,64.93559355242307,63.694621326809646,63.8354377746582,2026900
2016-03-15,63.58018455661622,63.949841906601954,62.99050282220545,63.897029876708984,1998700
2016-03-16,63.641811631255784,65.71890635348888,63.43938672097731,65.68370056152344,2929800
2016-03-17,65.38445687667675,66.18536676529885,64.66275497838109,65.99174499511719,2643300
2016-03-18,66.30857987098742,68.84334285324633,66.15896031017836,68.31526947021484,4087900
2016-03-21,67.98962490648555,68.9137584163843,67.98082178039398,68.8521499633789,2901600
2016-03-22,67.08309260672651,67.69917709047488,66.03574226953704,66.88066101074219,3297100
2016-03-23,67.01268060888493,67.20630907821413,64.47792440130868,64.51313018798828,2507200
2016-03-24,64.46030602487535,66.0357294296428,63.835418537199324,65.54286193847656,2247700
2016-03-28,65.97413488537497,66.51101139336616,65.33164772979033,66.3877944946289,2003100
2016-03-29,66.19416359949136,67.07428810959998,65.80690666630208,66.9334716796875,1915100
2016-03-30,68.27125728068623,70.99964189109093,68.23605149486472,70.71800231933594,4541000
2016-03-31,71.0260687331907,72.85672993027109,70.9644602657322,72.30225372314453,5020800
2016-04-01,71.95016907104105,72.34622236165241,70.77960201771776,72.06458282470703,3614900
2016-04-04,72.2494221700381,73.59601839218199,71.91497725335613,72.61907958984375,2100700
2016-04-05,71.7037584383419,72.06460606384792,70.49798521471489,70.70921325683594,2027300
2016-04-06,71.02605885324222,71.94138932445706,70.47158272324505,71.78296661376953,1940800
2016-04-07,71.5805194428308,72.12619227623968,70.40995237307256,70.6475830078125,2027300
2016-04-08,71.27249333376797,71.96778586137444,70.70041099862719,70.93804168701172,1363400
2016-04-11,71.29007605028167,71.86215825043854,69.81146679694244,69.99629211425781,2494800
2016-04-12,70.40994714256948,71.5453083460213,69.9874845051951,71.02603149414062,1858700
2016-04-13,71.61574883187163,74.42334204215453,71.45732611821785,74.30012512207031,3029700
2016-04-14,74.14168196308559,74.30890775772215,72.34622727506402,72.96231842041016,2273300
2016-04-15,72.75109212452261,73.21755702060615,71.0964538186361,71.33409118652344,2113600
2016-04-18,71.60693799258331,71.60693799258331,69.12498688919689,69.86428833007812,3555400
2016-04-19,70.19873031571728,70.55957786035383,69.38021428176505,69.69705963134766,1787400
2016-04-20,69.70585604146831,70.11951562091319,68.86093734752033,69.69705963134766,1752700
2016-04-21,69.51223864717026,69.51223864717026,67.39113529719941,67.59356689453125,2902800
2016-04-22,67.3471188596142,67.39112776732215,64.58352866893257,64.95318603515625,5016300
2016-04-25,65.12922139485677,66.40539939842341,64.97079869584412,66.00934600830078,2989400
2016-04-26,66.15017839597778,67.25033431622899,65.56929284697209,67.1007080078125,2309700
2016-04-27,67.29432509302136,68.80814045650983,67.24151976656124,68.63211822509766,2452500
2016-04-28,67.98081938677423,68.66731547175351,66.80145569510574,66.90706634521484,4234700
2016-04-29,69.00175218054554,69.92587874323065,65.00598672167291,68.12162780761719,6731400
2016-05-02,68.76413211645261,69.50344026716695,68.19205650216884,69.28340911865234,2446900
2016-05-03,68.28004885655491,69.01935008930559,67.75197558818786,68.03361511230469,2426800
2016-05-04,67.59355061063552,67.59355061063552,66.51979786350269,66.80143737792969,2703400
2016-05-05,66.88946691510718,67.35593186001277,66.3261877309022,66.54621887207031,1504700
2016-05-06,66.3965998061096,66.83666209174964,64.70675552599052,65.83332061767578,2511900
2016-05-09,66.18536094643446,67.13589703568938,65.76290493886593,66.6518325805664,1778800
2016-05-10,65.0412075342913,66.67823978346412,63.78262912153623,66.34378814697266,3531600
2016-05-11,66.53739271311727,67.46152587204448,65.87729951811647,66.11493682861328,1453400
2016-05-12,66.5990414303352,67.91043220570046,66.40541290163327,67.7872085571289,2398300
2016-05-13,67.72560080685025,68.53532072770042,66.56383633716536,66.57263946533203,1817000
2016-05-16,66.49340613034916,67.71677860160521,66.44059409628346,67.47914123535156,1225500
2016-05-17,67.47914457847189,68.07762951393843,66.65183210504543,66.9334716796875,1651300
2016-05-18,66.82785722914716,69.31861131269557,66.82785722914716,68.82573699951172,3048800
2016-05-19,68.50889050081688,68.6849194365005,67.2327126124928,67.59356689453125,1864900
2016-05-20,68.10403283801023,69.47703165322443,67.98961906791621,69.44182586669922,1978000
2016-05-23,69.64426714127465,69.8995041175571,68.76414241539814,68.8785629272461,1384700
2016-05-24,69.27460117325691,70.67400267216132,68.94895267877565,70.24273681640625,1608900
2016-05-25,70.01389819570787,70.01389819570787,68.05121784349153,68.20964050292969,2451100
2016-05-26,67.85146469695685,68.01065766043115,65.97652609908903,66.73711395263672,3191300
2016-05-27,67.18816731426902,69.4080230570417,66.97591226139401,68.78009033203125,1858000
2016-05-31,68.89508640851871,69.33728849490527,67.91339723694308,68.44403839111328,2510100
2016-06-01,68.20523620569487,68.30252118163624,67.23238644628127,68.06372833251953,1389700
2016-06-02,67.9752924022316,68.70050341683977,67.63922130923122,68.65628051757812,1122800
2016-06-03,68.19638817696183,68.24061107283418,66.56024224168334,67.54193115234375,1478100
2016-06-06,67.26775937913057,67.61267636497018,66.35682442947895,67.38273620605469,1797700
2016-06-07,67.37389296583791,68.20523483537356,67.28545392061353,67.64805603027344,1041500
2016-06-08,67.63922314878556,67.63922314878556,66.71944214835864,67.23239135742188,976700
2016-06-09,66.96706908538157,67.61268019909053,66.6044602221605,67.42695617675781,846500
2016-06-10,66.4541232021084,66.46296913235518,65.29555599608786,65.38399505615234,1900100
2016-06-13,64.72952257614273,65.66698853612243,64.40229070923179,64.45535278320312,1642000
2016-06-14,64.19005682573103,64.62341298343776,63.234898694588196,63.66825485229492,2397000
2016-06-15,64.19887349227544,66.04728108372281,64.05737238218151,65.27784729003906,2240800
2016-06-16,64.64108534478385,65.23364115490821,63.659403109058275,65.10982513427734,1163700
2016-06-17,65.22479805716199,66.0207630439632,65.01254297650412,66.01191711425781,2114600
2016-06-20,67.3119886560604,68.00182269314791,66.99360267779431,67.32967376708984,2017100
2016-06-21,67.8514678980642,67.90452997257037,67.17931904863241,67.62152099609375,1578900
2016-06-22,67.55962505359298,68.48825200801993,66.87863690182267,67.32083892822266,865100
2016-06-23,68.36442768839302,68.45286673345261,67.82494074182289,68.23176574707031,1146800
2016-06-24,64.73835865342832,65.35744539243639,61.413005059621774,61.97902297973633,5880900
2016-06-27,60.91774279609074,60.91774279609074,57.91077470733932,58.326438903808594,6269400
2016-06-28,60.29866712178811,60.617053112842164,57.442039131905105,58.043434143066406,3749000
2016-06-29,58.724430055992265,60.42248420642656,57.8665570510164,59.98912811279297,2574900
2016-06-30,60.21905320794107,60.21905320794107,58.750946367062916,59.387718200683594,2555200
2016-07-01,59.67074408447449,61.14769727193196,59.67074408447449,61.12116622924805,2467200
2016-07-05,60.19253117846629,60.502077961514296,58.91014813928664,59.52922821044922,2288900
2016-07-06,59.01627353823208,59.37887561824194,58.31759366739747,58.72441864013672,2472300
2016-07-07,58.81286559894745,59.55576171509736,58.11418563401579,59.06934356689453,1852700
2016-07-08,59.64420126742698,60.99733815692496,59.64420126742698,60.47553634643555,1683600
2016-07-11,60.77624977329679,61.58105398159946,60.61705676817011,61.51914596557617,1279100
2016-07-12,62.34164766968512,64.5791891263962,62.17361546669948,64.55265808105469,3366200
2016-07-13,64.6676041608275,65.03020618702001,63.66822361218635,64.19002532958984,1756700
2016-07-14,65.17171737143588,65.76426629068179,63.535564963792524,63.57094192504883,2925300
2016-07-15,62.63348302834966,62.67770592170089,61.20074630184356,62.25318908691406,2886700
2016-07-18,62.350473615279405,63.164123566469904,61.802140779929566,62.82805252075195,1550700
2016-07-19,62.49197481041803,62.73960679111308,61.83751115004919,61.9967041015625,1283200
2016-07-20,62.88110858422919,63.80973526957837,62.18242877526975,63.606319427490234,1584500
2016-07-21,64.06622971041327,64.29616989866588,63.765528833323124,63.99547576904297,1690700
2016-07-22,64.30501512076752,64.57917820622724,63.44714214662527,64.54380798339844,1897500
2016-07-25,64.41114638788272,65.0213805733282,64.25195339440408,64.59687042236328,1314900
2016-07-26,64.90641047983087,65.03022650281791,64.39345452890332,64.59687042236328,1124100
2016-07-27,64.87986664736381,65.11865271677004,64.21656376322157,64.79142761230469,1339900
2016-07-28,64.50842554226335,64.80911964307695,63.61517567358,64.77374267578125,2085300
2016-07-29,64.80026556494013,65.00368141444167,63.951238699018816,64.06621551513672,2596300
2016-08-01,63.96893168971686,64.10159361588013,63.155281772198684,63.553260803222656,3765100
2016-08-02,61.023877513268175,62.25319856395548,59.122407516622175,59.56460952758789,7579300
2016-08-03,59.32579702624495,61.61639918555024,59.299265996981056,60.8204345703125,3191800
2016-08-04,61.39531384721173,65.82617903940745,61.39531384721173,64.8268051147461,6555000
2016-08-05,65.13633514081532,66.09149277506947,64.87985725305458,65.87039184570312,2738100
2016-08-08,65.88806375195209,66.59558928317323,65.20707599480914,65.42817687988281,1484900
2016-08-09,64.19003629564091,64.80027039469664,60.92658376506348,61.00618362426758,7646600
2016-08-10,61.236113960432746,62.43005767733379,60.979636062400424,61.784446716308594,2805700
2016-08-11,62.085149751972615,63.305631426224494,62.00555664146026,62.82805252075195,2290500
2016-08-12,62.79269615894485,63.482530332927055,62.35049407331848,62.61581802368164,1328800
2016-08-15,62.68654569563898,63.39407151115739,62.66886058661083,63.23487854003906,1436000
2016-08-16,63.05801292885584,63.8097550393257,62.81037412123043,63.30564498901367,1897500
2016-08-17,63.26139795909331,63.31446002389893,62.76613402766747,63.2525520324707,1065700
2016-08-18,63.01376277654242,63.19064081517492,61.90825816642764,62.01438903808594,2261500
2016-08-19,61.65180686450996,61.97019286927242,60.236761703047655,61.4041748046875,2992200
2016-08-22,61.36879411575904,61.97018911639383,60.78509097402163,61.76677322387695,1588800
2016-08-23,62.18244481933811,63.5267427155042,62.0940057663589,63.38523483276367,2170200
2016-08-24,63.27910038938704,63.58864039826754,62.633482587322455,62.82805252075195,3111700
2016-08-25,62.368154996638935,62.88995676396631,61.890582867174196,61.908267974853516,2591400
2016-08-26,62.12936620131189,62.31509018737796,61.20073952351607,61.687164306640625,1795600
2016-08-29,61.722551759996016,62.005560750795105,61.39531987322627,61.89059066772461,1682100
2016-08-30,62.00556165497051,62.31510168887913,61.76676880919339,62.02324676513672,915200
2016-08-31,61.96134949141385,63.2348935629197,61.96134949141385,62.889976501464844,2761600
2016-09-01,63.4648193834891,64.69414014130803,63.287934572762815,64.30500030517578,2489300
2016-09-02,63.58865655132706,63.58865655132706,61.89944147060227,61.91713333129883,2489600
2016-09-06,61.79329574583534,61.90826581039563,60.9796391242535,61.0946159362793,1642000
2016-09-07,60.51977075285533,60.74087177025617,59.13125663347679,59.16663360595703,3426800
2016-09-08,59.140089395981825,59.316967471533744,58.17608566606552,58.40603256225586,3133600
2016-09-09,58.45909426897049,58.82170309328474,57.813483224533634,58.352970123291016,3329400
2016-09-12,57.98152336724955,59.90952433342091,57.57469834195227,59.7149543762207,2055600
2016-09-13,59.53807733932891,59.997964452986444,58.98090524533605,59.785709381103516,1681200
2016-09-14,60.01565355475526,60.431324497554044,59.2285345663576,59.85646057128906,1407500
2016-09-15,59.838767509060425,60.08639950655246,59.38771965793372,59.55575180053711,1815300
2016-09-16,59.22853519703468,59.440790261427495,58.397193302584824,58.65367126464844,2004800
2016-09-19,59.148934376155616,59.148934376155616,57.88423644430272,57.91077423095703,2293800
2016-09-20,58.476785728867064,60.802765454625344,58.37950076434239,60.502071380615234,3361900
2016-09-21,60.71433162278664,60.86467867268031,59.30812585431471,60.01565170288086,1646800
2016-09-22,60.360571359881845,62.88112134190003,60.334040320197474,62.783836364746094,4071100
2016-09-23,62.36817963170635,63.95126391921113,60.78510209166997,63.66825485229492,2768600
2016-09-26,64.05737352904586,64.8975545190859,62.56272880727269,63.19065475463867,3086700
2016-09-27,63.813931230776866,66.27139726981639,63.72489403371006,66.20016479492188,3420000
2016-09-28,66.48509231525101,66.6364562396237,65.56799621768302,66.07551574707031,2038700
2016-09-29,65.81728569604456,66.38713179611497,65.62139982543886,66.11111450195312,2041700
2016-09-30,66.3426176749541,67.41998318759285,65.85290299052673,66.73438262939453,1932600
2016-10-03,66.32482464711917,67.09946260207111,65.91524806649849,66.39605712890625,1314200
2016-10-04,66.98368297593261,67.10833636307314,66.32479302321826,66.97477722167969,1804000
2016-10-05,66.77891441205398,67.224107174801,66.1467415041255,66.64535522460938,2227500
2016-10-06,66.6364517211914,66.85904811009401,66.02209030713007,66.6364517211914,1508200
2016-10-07,66.54740365661154,66.9213706916546,65.61250305175781,65.61250305175781,1772700
2016-10-10,65.91523312806633,66.3337153723452,65.53236711660925,65.63031005859375,883200
2016-10-11,65.6303258279637,65.63923158658444,64.01872996588547,64.40159606933594,1932900
2016-10-12,64.44609832763672,64.90019682260815,63.85844744570494,64.44609832763672,1172900
2016-10-13,63.66256263392064,64.40158422211348,63.422161540212066,64.17008209228516,1637100
2016-10-14,63.92968257595652,64.58856595376876,62.29136969897453,62.309181213378906,2350900
2016-10-17,62.1934017328209,62.32696086472238,61.14274697794874,61.249595642089844,2230300
2016-10-18,62.31807798907013,63.17284723669961,61.93521196004944,62.37150573730469,1534600
2016-10-19,62.10439372653048,63.34202912974716,61.90850781354318,63.057106018066406,1562900
2016-10-20,63.048201353935866,63.048201353935866,61.890704164636674,62.75437927246094,1200700
2016-10-21,62.273575618398084,62.67424645062869,61.72153406027494,61.766056060791016,1714000
2016-10-24,62.220143776414226,63.1639571392167,62.15781705564357,62.63862609863281,1505400
2016-10-25,62.353698045655555,63.03929871302395,62.184522619896654,62.8879280090332,1113900
2016-10-26,62.67422869234742,62.71875068024852,62.05096162034162,62.23794174194336,2267100
2016-10-27,61.659192396952726,61.792751573039425,60.12772833644258,60.59073257446289,3120800
2016-10-28,64.22351608939312,67.18850200812355,63.66257556143205,66.30702209472656,7744700
2016-10-31,66.77890835248456,69.00487196423406,66.64534917715923,68.44393157958984,5246800
2016-11-01,68.6576389235663,69.25419568661633,66.44058052779461,67.86519622802734,3859200
2016-11-02,67.47341506988984,68.42612732505623,66.68987824095477,66.80562591552734,1779500
2016-11-03,67.14397219143467,68.28366451696844,67.14397219143467,67.74942779541016,2098300
2016-11-04,67.74942888744634,68.46173999893756,66.9124711435117,66.98370361328125,1347700
2016-11-07,67.81174902828498,68.35487782220143,67.2775124034083,68.09667205810547,2226700
2016-11-08,67.820653427366,69.27198595854112,67.65148482282088,69.05828857421875,1929500
2016-11-09,67.86518133845873,70.75893410436764,67.49122107290113,70.34935760498047,3945800
2016-11-10,70.53633215799773,72.6821574299444,70.53633215799773,71.54246520996094,2845700
2016-11-11,71.62261385879613,73.12736077787105,71.55138138639784,72.78901672363281,2648500
2016-11-14,73.44791981667389,75.23759710551329,73.29655586704332,74.8458251953125,3853600
2016-11-15,74.7923782193433,74.9259373962125,73.6348744106127,73.87528228759766,1884100
2016-11-16,73.66159391993804,73.85747301978584,72.78901315855254,73.37667083740234,1423100
2016-11-17,73.18969138612184,74.2759628721193,73.0828494649436,73.7862548828125,1390800
2016-11-18,73.81296008115717,74.2225366002716,73.08284423523978,73.85747528076172,1193200
2016-11-21,73.99102026411984,74.42730717787758,73.29652078704805,73.608154296875,1027400
2016-11-22,73.58144815002963,74.10677906299843,73.21639367222545,73.45679473876953,1797100
2016-11-23,73.66160175872879,73.78625519603442,73.08284977517958,73.53694152832031,1382200
2016-11-25,73.50132433391164,74.2136286444021,73.02051535795195,73.9197998046875,628200
2016-11-28,73.77735414332425,73.78625990172914,72.40615945241194,72.5664291381836,1479000
2016-11-29,72.95818323666326,73.88418488543792,72.7890078336549,73.83075714111328,1262200
2016-11-30,73.53692527816501,73.53692527816501,71.31986758389309,72.0945053100586,2107700
2016-12-01,71.72947082844556,71.92535677210101,70.13567958782612,70.60758972167969,1807400
2016-12-02,70.60757782592833,71.20413452247927,70.42949663756053,70.83907318115234,900000
2016-12-05,71.49794434338482,73.45678934192921,71.10617262643555,72.16573333740234,1585600
2016-12-06,72.3171179787141,72.82463748818101,72.00548438397175,72.25479125976562,1385100
2016-12-07,72.3438192317076,74.25814934538242,71.76506731923354,74.03555297851562,2043200
2016-12-08,74.22254951192353,76.41289743070564,73.46572305596645,76.37728118896484,2448500
2016-12-09,76.25262527118588,76.91150873930413,76.00331838017374,76.74234008789062,1511100
2016-12-12,76.27933181326233,76.32385380997334,75.38004725900589,76.18138885498047,2340400
2016-12-13,76.43960143189962,76.85808374548851,75.80742847908981,76.12796783447266,1671000
2016-12-14,76.12796662576058,77.19642659800381,76.06563990726478,76.3238525390625,1824200
2016-12-15,76.3238438757049,77.32107125844466,75.08620861098176,76.16357421875,3598500
2016-12-16,76.06563284414568,76.35946168681491,74.54307446818086,74.819091796875,2344200
2016-12-19,74.49671925100436,75.04297532599739,73.38629325770054,73.92359924316406,1432600
2016-12-20,74.46985661012185,77.22799413365524,74.21016053454356,76.47577667236328,2190600
2016-12-21,76.09070001856975,76.43098784488865,75.60712879245645,76.30561828613281,1140500
2016-12-22,76.08175052835291,76.08175052835291,74.63103670833327,75.4369888305664,1624200
2016-12-23,75.42806161184124,75.53551737263452,74.49673963622232,75.44596862792969,648500
2016-12-27,75.58026785625071,76.24293652622231,75.00714789863278,75.04296875,536800
2016-12-28,75.20416930635938,75.30266812074078,74.2012058292141,74.344482421875,871600
2016-12-29,74.47881060075859,74.64000104121085,73.7892778917922,74.29075622558594,869600
2016-12-30,74.54149442477343,74.77432657621067,73.06391654516486,73.4668960571289,1074000
2017-01-03,74.07584718041329,75.73252273929486,74.07584718041329,75.10567474365234,1739500
2017-01-04,75.15043055420306,76.2966705622088,74.79222884366892,75.6698226928711,1691300
2017-01-05,75.75938246572007,76.56533472397749,75.63401287356118,76.11758422851562,1409500
2017-01-06,76.36831651547972,76.45786524005825,75.43699474917756,75.51759338378906,1450700
2017-01-09,75.54445226157335,76.21607789915339,75.26684918432164,75.714599609375,1333500
2017-01-10,75.91160933893883,77.71156808588117,75.54445751755782,76.95039367675781,1530400
2017-01-11,76.9235365328516,77.61306929013854,76.13549128780325,77.56829833984375,1121400
2017-01-12,77.39814498732902,77.43396584407644,75.92056709911463,76.9145736694336,1370500
2017-01-13,76.68175253975326,77.03995432658965,76.01908367499097,76.19818115234375,1108400
2017-01-17,76.01010642470618,76.21607461749919,75.24893210131539,76.10861206054688,1015800
2017-01-18,76.02802371874006,77.32649722158747,75.26684936079057,76.57427978515625,1401500
2017-01-19,75.86683994689821,76.95935217556288,75.45491033860544,75.72355651855469,1759200
2017-01-20,75.96533462859709,77.49664017925907,75.66981772440033,76.15338897705078,2201700
2017-01-23,76.09070588361203,76.27876023624094,75.68772641472518,76.08174896240234,2373900
2017-01-24,76.31457879377605,77.33544915284672,76.26085093239197,77.03993225097656,3030900
2017-01-25,77.68470101422999,79.01004531720916,77.44291878378088,78.50856018066406,3403400
2017-01-26,83.32636210764997,86.0486788519517,82.63682258344566,85.64570617675781,7610500
2017-01-27,85.53822293367664,85.60986462861334,83.98901056540666,84.67854309082031,3285800
2017-01-30,85.27855333310589,85.73525387093731,83.83679634396049,84.53528594970703,2137300
2017-01-31,84.5531877561229,84.58900860961359,82.9681542739032,83.84574127197266,1884700
2017-02-01,84.12335043655135,85.09048614375307,83.8457405324793,84.47259521484375,2154900
2017-02-02,84.3651394107383,84.91139550916793,83.82784023435183,84.20394897460938,1336700
2017-02-03,84.18604541071714,85.32332860011347,84.1412676307969,84.64274597167969,1578200
2017-02-06,84.33826463547386,85.19794457361057,84.24871592294211,84.90242767333984,1226000
2017-02-07,85.26062430478561,85.52032033823356,84.68750437997923,85.09943389892578,1131400
2017-02-08,85.06360708057964,85.40390170914277,84.6964553570743,85.04570007324219,1495900
2017-02-09,85.04570611453317,85.49345648318322,84.86660186779609,85.4039077758789,1348200
2017-02-10,85.45765438323954,86.16510094077579,85.01886083868717,85.8248062133789,1340700
2017-02-13,86.40686796938003,86.89043920830983,86.05762321328554,86.41582489013672,1177500
2017-02-14,86.3621190793285,86.92628225272108,86.16510776515412,86.43375396728516,906700
2017-02-15,86.0934458122016,87.23968573569535,85.68151626670408,86.63970184326172,1357000
2017-02-16,86.57703651318748,86.72927004270234,85.44870334592663,85.90541076660156,1303100
2017-02-17,85.69942888085619,85.80689144275968,84.56214580392715,85.26063537597656,1495000
2017-02-21,85.26960080838677,86.01286823011492,85.00990471529633,85.51138305664062,1632800
2017-02-22,85.48450820414017,86.15613382500752,85.07257864319702,85.92330169677734,2058300
2017-02-23,86.46061013105646,87.21282756851156,85.4486897941232,85.54719543457031,1487600
2017-02-24,85.63673749980542,86.10240173339844,84.75915055762664,86.10240173339844,1215600
2017-02-27,85.93226462025848,86.76508072158978,85.5830198195837,86.58598327636719,1403500
2017-02-28,86.55016065881819,86.99791109488851,86.03972543498321,86.05763244628906,1284800
2017-03-01,86.74715863894473,87.46355512750192,86.4426848364084,87.14117431640625,1247800
2017-03-02,87.29343328412486,87.29343328412486,86.65762161430676,87.0247802734375,828600
2017-03-03,86.7728016631212,87.35776800368251,85.18890146430284,85.9268569946289,1827600
2017-03-06,85.15289036143706,85.47687146071286,84.05495517678493,85.3238754272461,1563700
2017-03-07,85.19787733691258,85.4138692980647,84.65791116611707,85.08088684082031,1361300
2017-03-08,85.53987550744777,86.47581336508193,85.36888355939753,85.8278579711914,1511400
2017-03-09,86.313820618117,86.51180296252647,85.39587189075513,85.94483947753906,847200
2017-03-10,86.16984095242458,87.94273590661852,86.16984095242458,87.51976013183594,1672400
2017-03-13,87.7537162391856,87.87970810098152,86.75477585920255,87.19574737548828,1165300
2017-03-14,87.09677164695266,87.13277031040893,85.89084731836112,86.3408203125,1040400
2017-03-15,86.5568018952434,87.29475730087714,86.26881946538737,87.06977081298828,781800
2017-03-16,87.20475950708008,87.51073781886701,86.79977973048622,87.28575134277344,841100
2017-03-17,87.30375897402595,88.6086778617159,87.18676160566625,88.01471710205078,1697600
2017-03-20,88.1047147429993,88.2127038686947,87.3487565329161,88.11371612548828,798000
2017-03-21,88.69868105667184,89.0946595183317,86.96178489445052,87.33976745605469,1075500
2017-03-22,87.04277778097392,89.15764949713315,85.99883713052148,88.86966705322266,1452000
2017-03-23,89.1396349404808,90.42655771928715,89.1396349404808,89.40961456298828,1636300
2017-03-24,89.47261710912902,89.80559955414984,88.35668614831108,88.7076644897461,913900
2017-03-27,88.2936912451106,89.60761141207237,87.59173455402548,89.34662628173828,1093600
2017-03-28,89.8865990991407,90.9935356397452,89.77860997930601,90.28257751464844,1372900
2017-03-29,89.99460265831803,90.39058110714849,88.7616741301235,89.02265930175781,1123200
2017-03-30,89.02267796543505,89.76063358730453,89.02267796543505,89.67964172363281,1090600
2017-03-31,89.68862794551163,89.88661031191982,88.23971423461671,88.29370880126953,1499300
2017-04-03,88.48269742937116,88.60868933003235,87.09677965605434,87.92472839355469,995900
2017-04-04,88.10472095194109,88.70768316637614,87.66374930350808,88.29370880126953,942400
2017-04-05,88.56369348120332,89.58063003909558,87.8887339482379,88.33870697021484,1063800
2017-04-06,88.06870366650665,89.29263060286772,87.40274564308851,88.89665222167969,927100
2017-04-07,88.81568465388217,88.878680607551,86.87179774173993,87.645751953125,1917900
2017-04-10,87.63673505726031,88.83366483114895,87.40275405136,88.14970397949219,1496500
2017-04-11,87.55575279319758,88.08671767163453,85.35988221488341,85.76486206054688,2507800
2017-04-12,85.80985293371013,86.27782871618363,84.54992711341508,85.24288940429688,1422500
2017-04-13,85.10788735980454,85.80984409516886,84.46892656566413,84.91889953613281,1677900
2017-04-17,85.4138770431408,86.52980814611315,84.90990262079603,86.3408203125,1082500
2017-04-18,86.13382542709992,86.32281325130681,85.11688898273633,85.98983764648438,919800
2017-04-19,86.54779324005005,87.3397500051328,86.03482436541334,86.31381225585938,984200
2017-04-20,86.68279044347497,88.17670396126914,86.68279044347497,87.4837417602539,1744600
2017-04-21,87.26778517220441,88.04173946288562,87.20478921208128,87.59176635742188,1025000
2017-04-24,88.9596628120779,89.53562771629554,87.21377220006211,87.69074249267578,1783100
2017-04-25,88.329713905476,89.49064523542904,88.05072593666787,89.22966003417969,1463300
2017-04-26,89.33763274601614,90.8225449585082,89.22064224257528,90.41757202148438,1328900
2017-04-27,90.75054313595967,92.40644719652641,90.27357289766827,90.44456481933594,3007300
2017-04-28,95.68226607639987,99.53403416502681,94.87231323859429,95.93424987792969,6738300
2017-05-01,96.11421986683102,99.2820262489922,95.46625775396937,97.5631332397461,3561200
2017-05-02,97.85113165750818,98.0491140101462,95.80825039134554,97.25716400146484,2139100
2017-05-03,97.17616767849864,97.41915006638138,96.41120812047805,97.2841567993164,1280000
2017-05-04,97.59013758778306,98.01311326799505,96.71718894837404,97.12216186523438,2416600
2017-05-05,97.51814834979902,98.02211590874026,97.06817535330346,97.75213623046875,886400
2017-05-08,97.50913700480079,98.0941032136872,96.91517628045442,97.16716003417969,865000
2017-05-09,97.39216264934902,98.23811413365475,97.32916670047796,97.93212890625,879200
2017-05-10,97.98612428293583,97.98612428293583,96.78920124448153,97.50015258789062,1196800
2017-05-11,97.19415850267673,97.49114230150731,96.00623017339683,97.42814636230469,985700
2017-05-12,97.31114216082136,97.6981191504544,96.5281936666173,96.80717468261719,1079300
2017-05-15,96.57320882738323,97.33816846587864,96.26723046481987,97.30216979980469,1005800
2017-05-16,97.54515055452661,97.54515055452661,96.38421934104596,96.60020446777344,786900
2017-05-17,96.60019973672783,96.60019973672783,93.16240631299172,93.27940368652344,1677200
2017-05-18,93.60338490405906,95.36727823111814,93.36039564031691,94.47633361816406,1087900
2017-05-19,95.17828037605422,96.17722087506769,94.53931961051231,95.52925872802734,1144300
2017-05-22,95.56527338080164,96.60920722992466,95.0433030232184,96.48321533203125,940100
2017-05-23,96.37519649488677,97.23014916060448,95.82623585047001,96.42019653320312,1003500
2017-05-24,96.70820077658324,97.52715496988749,96.22222909034392,97.35616302490234,856600
2017-05-25,98.21109928238333,99.89400068461117,97.71613312834648,99.22804260253906,1672300
2017-05-26,99.00305391583949,100.29897138919415,98.9940525340263,99.96599578857422,1090800
2017-05-30,99.86698350411754,100.01997263764045,99.05703093540602,99.38101196289062,1184000
2017-05-31,99.83296374240231,100.3752941111896,99.20025417350661,99.58892059326172,1774400
2017-06-01,99.977581549123,102.09264504614114,99.68834191971838,101.91187286376953,1430600
2017-06-02,102.36382962036798,103.49367321441177,102.3367144774738,102.48133087158203,1086000
2017-06-05,102.23727930740515,102.36382122788184,101.27917422493378,101.2882080078125,917300
2017-06-06,101.0260821943152,101.51417540819698,100.1764445814253,100.19451904296875,1522600
2017-06-07,100.75492510160086,101.79438250124011,99.77873866214743,101.36956024169922,1273300
2017-06-08,101.36954903833778,102.77055068647594,101.03511291659318,101.97514343261719,1043000
2017-06-09,102.02938150461152,102.61690148402462,98.39580796525479,99.2635269165039,1634300
2017-06-12,99.12794408711858,99.42622441540894,96.40728600233841,99.3358383178711,2041500
2017-06-13,100.50182517627582,101.78532553235485,100.00469135722305,100.17642974853516,1544000
2017-06-14,101.23398773638378,101.97516487075586,100.08606965969241,100.9085922241211,1351300
2017-06-15,99.86913251917053,101.35148675523541,99.02852861369318,101.29725646972656,1432300
2017-06-16,100.86338695348158,101.55033374143535,100.08606095955561,101.14359283447266,1480300
2017-06-19,101.67689132924185,102.54461045486855,101.51419356218568,102.4090347290039,1128800
2017-06-20,102.48132457708668,102.7524897814092,100.85435403920444,100.93569946289062,753300
2017-06-21,101.2339688951651,103.34903243520814,101.2339688951651,102.96037292480469,1605200
2017-06-22,102.87902950328782,104.51504068524808,101.31532306438461,101.36956024169922,1717000
2017-06-23,101.38761316747964,101.55935154979788,100.18545828328402,101.10741424560547,1593200
2017-06-26,101.16167029593574,101.92092874640055,100.51991998795754,100.62838745117188,939000
2017-06-27,100.62838460735156,100.80011613256549,98.350616216346,98.42292785644531,1275500
2017-06-28,99.2183257101974,100.28489816348588,99.2183257101974,100.1041259765625,1224500
2017-06-29,100.01374719628498,100.16740425600723,97.50097637582051,98.76639556884766,1032000
2017-06-30,98.91101969926021,99.28160478155375,97.9981042198269,98.7302474975586,1137700
2017-07-03,99.16409720263047,100.52894999510971,98.3596492332396,98.37772369384766,723800
2017-07-05,98.54043519530777,100.4204965780853,98.52236073217362,100.00471496582031,1135400
2017-07-06,99.21833691645102,99.21833691645102,97.7359827490002,98.1336898803711,992100
2017-07-07,98.50427833746372,99.4262275954649,98.14272703973127,98.703125,930200
2017-07-10,98.7935109396553,99.13698085515759,98.42291898954602,98.69408416748047,730400
2017-07-11,98.6488796653605,98.87484832995882,97.42865025573286,98.7573471069336,953600
2017-07-12,99.18220300718961,99.76971621800074,99.06469484821241,99.44432067871094,1060500
2017-07-13,99.50757945612993,99.70643302755136,98.38677656704844,99.01949310302734,795400
2017-07-14,98.79351983994114,99.30872820761805,98.06137655196629,98.42292785644531,881900
2017-07-17,98.43197758266383,101.20687323836235,98.20600885859712,100.77301025390625,1496500
2017-07-18,100.57417002497786,101.49612640333355,100.14935455999182,101.09841918945312,872100
2017-07-19,101.27013097187326,101.77629864091385,100.88146454142644,101.74014282226562,1166100
2017-07-20,102.79769838192601,105.17488695505615,102.79769838192601,104.18062591552734,1890500
2017-07-21,103.9455956000086,105.03024253481928,103.7377013745611,103.86425018310547,1467900
2017-07-24,103.62925117582883,105.10256467379885,103.52078371310026,104.61447143554688,1425800
2017-07-25,105.30143806653666,105.65394876675171,103.61118932487605,103.8733139038086,1137600
2017-07-26,104.19868114517887,104.34330441675016,103.26769124649445,103.4484634399414,811100
2017-07-27,103.99981852910553,104.07213015858775,101.52320383547968,102.39996337890625,1132300
2017-07-28,101.78534282681679,102.80671887875809,101.40571706195551,102.49036407470703,899900
2017-07-31,103.21346067935806,103.93655634714324,102.02034627629627,102.20111846923828,1709400
2017-08-01,106.63915826764877,108.46498243777003,105.03929591492165,105.63585662841797,3280400
2017-08-02,106.33182653981196,106.36798235784455,103.63828360854647,106.1058578491211,2631500
2017-08-03,106.20530168491797,108.88981126491244,105.7533642309396,108.3926773071289,2286900
2017-08-04,108.41977114150455,109.33268654999588,107.88648836071357,108.18476867675781,1529100
2017-08-07,108.46497763951228,108.46497763951228,106.3227918485656,106.44029998779297,2100600
2017-08-08,106.50356063249123,109.79366408384737,106.47644549407066,108.28419494628906,2409100
2017-08-09,107.38034635027628,108.9259716805158,106.71147392505888,108.90789031982422,1959800
2017-08-10,107.91361537817731,108.32939697236334,105.19295020959343,106.03355407714844,2002600
2017-08-11,105.22007306157671,106.42222135354267,104.3523471497564,105.95220947265625,1787400
2017-08-14,107.03685924427384,108.39267153399666,106.65723345819575,108.11247253417969,1785000
2017-08-15,109.08864815217748,111.14044084496757,108.82652364146557,110.01963806152344,1934700
2017-08-16,110.47157050117801,110.81504041569235,109.46826900013015,109.57673645019531,1515200
2017-08-17,109.36885242439656,109.50443502561379,107.66957025772432,107.75995635986328,2024100
2017-08-18,107.75092511552776,108.46498710817879,106.99167351585923,107.38937377929688,1747300
2017-08-21,107.72378867627408,108.6728598842567,107.47974553777338,108.45592498779297,1528100
2017-08-22,108.46498362684424,109.69425399296325,108.35651616065094,109.37789916992188,1458400
2017-08-23,108.87172665426161,109.7936828946197,108.87172665426161,109.025390625,1058500
2017-08-24,109.53155859706759,109.67617499241724,108.43787081616688,108.95307922363281,1407100
2017-08-25,109.35078705397342,109.37790219726776,108.41979012608661,108.8626937866211,962000
2017-08-28,109.0796353663798,110.0015848328967,108.84462593529942,109.15194702148438,1537400
2017-08-29,107.91361534124812,108.88980181214264,107.24474989830973,108.76325988769531,1470100
2017-08-30,108.68191553302708,110.02869409281445,108.15767333447106,109.93830108642578,1254200
2017-08-31,110.5890926353996,112.54146572948135,110.27273779960437,112.49626922607422,1784100
2017-09-01,112.90301811660434,112.98436354827032,111.91779088053391,112.29741668701172,1202400
2017-09-05,112.00817410764354,112.00817410764354,106.45838286475669,107.5972671508789,2768700
2017-09-06,107.07300388578973,108.06726474856369,105.9883569256758,107.39839935302734,2073800
2017-09-07,107.56111158602805,108.35651900426576,106.06067596305861,106.241455078125,1535400
2017-09-08,105.75333910252854,107.28992332253469,104.4879131528676,106.16007995605469,2059700
2017-09-11,108.51018417235242,111.47489273194445,108.47402834894055,109.99253845214844,2056900
2017-09-12,110.09195788005975,110.48965811895756,108.89884337133083,109.96541595458984,1418200
2017-09-13,109.58579556716798,110.58005661989976,109.00731615845062,110.4444808959961,1202600
2017-09-14,109.9654062044785,112.76741657089903,109.48634679079808,111.6737289428711,2030800
2017-09-15,109.86599251399524,110.48062769755953,108.29324528498142,109.29654693603516,2624300
2017-09-18,109.32365055395118,109.45019246993189,107.32608814195021,107.38032531738281,1514500
2017-09-19,107.43456407363456,107.57918046215858,106.19625305981228,107.12724304199219,1446200
2017-09-20,107.12725939387617,107.1724559011987,103.58407113398441,104.4337158203125,2812600
2017-09-21,104.94250365874736,106.07824504033553,103.64321524092986,105.5694351196289,2290600
2017-09-22,105.3241125235158,105.70571996920603,104.31557360846638,104.75170135498047,1490900
2017-09-25,104.09750484432244,104.5790580488463,102.85272987767381,103.47057342529297,2098500
2017-09-26,105.44221665651962,108.56777175110821,104.77894074012478,106.47801208496094,2414300
2017-09-27,106.61433134676746,107.69555956008878,104.97886761426575,105.16058349609375,1805400
2017-09-28,104.62449260143362,107.70462253075391,104.56997230387793,107.40478515625,2088500
2017-09-29,107.2957645328267,108.44059387241796,106.06008419430303,107.70463562011719,1743900
2017-10-02,107.55924927045321,108.32247108327333,106.8051222616623,108.23161315917969,1617500
2017-10-03,108.30428969124996,108.70407285483185,107.05043376730892,108.12257385253906,1151300
2017-10-04,108.20435850985734,111.12094871866755,108.1225884510015,110.54853057861328,1694100
2017-10-05,110.72115051269392,112.87451855393383,110.72115051269392,112.35662078857422,1819100
2017-10-06,112.50201587015147,113.57415618178821,111.55707805887702,112.11132049560547,1076100
2017-10-09,112.08406516370326,113.24706342795693,111.73880222025808,113.1471176147461,1111300
2017-10-10,113.46512298783719,114.54635117761673,113.20163011251208,113.39244079589844,1445500
2017-10-11,113.96482886063797,114.35552415737837,113.11983702964197,113.58322143554688,1579600
2017-10-12,113.37425085620954,114.19198606829625,113.1289337585913,113.57414245605469,1709400
2017-10-13,113.89214864892546,116.38169191016934,113.81945953408237,116.0909423828125,1817900
2017-10-16,115.91830139929289,116.22721970470609,114.9370192550132,115.74566650390625,1231000
2017-10-17,115.75477171896128,115.99100788509418,115.39133306306813,115.59122467041016,1013600
2017-10-18,115.82745852904371,115.91831645820298,113.43785409326237,113.4651107788086,1855100
2017-10-19,113.11983975752233,113.25613010748864,109.99427730822626,110.04879760742188,2822700
2017-10-20,110.8574433045698,111.4843678141492,109.15837175445917,109.67626953125,1898100
2017-10-23,109.93977979789686,111.64793255873506,109.71263149252931,110.61213684082031,1503100
2017-10-24,110.8483533815826,111.43894025731369,110.27594224898996,111.2117919921875,1340400
2017-10-25,110.62122326723791,111.62976228444096,109.67628549742533,110.19418334960938,1288000
2017-10-26,110.92103749567563,112.01134634638217,110.70297017992264,111.81145477294922,1036400
2017-10-27,111.68426022018411,114.31918155015381,110.57577554859571,112.8563461303711,2192900
2017-10-30,112.36572371638334,112.62012871307799,110.23961887370702,110.83928680419922,1986600
2017-10-31,111.18454105213918,113.81037457806022,111.02099401552059,112.4565658569336,1455000
2017-11-01,112.89269888851729,113.34699546352138,109.28558297386229,109.81256866455078,2091700
2017-11-02,109.95793477452979,113.20161188969573,109.87616472225562,111.8387222290039,2195200
2017-11-03,112.16581115717516,112.48382427569513,111.54796759538756,111.92049407958984,839800
2017-11-06,112.33845113239084,115.60938492936718,112.33845113239084,113.883056640625,2427400
2017-11-07,120.10692209997653,121.52432509404352,115.26411929422746,117.41748046875,3568500
2017-11-08,117.65373851923465,118.28065618176848,116.62702376621922,117.13583374023438,1778700
2017-11-09,116.64520753787832,117.28122004915781,114.59178482257863,115.09150695800781,2007600
2017-11-10,113.72859338658245,113.92848497194562,109.72170153567642,112.86543273925781,2426700
2017-11-13,111.65701024592268,113.3469940382486,111.62975356088766,113.10167694091797,1342000
2017-11-14,111.55706089392993,112.36570820695884,110.2941170260751,112.2203369140625,1818900
2017-11-15,111.68427760479341,112.4838440796523,110.54853607301992,111.32083892822266,1038200
2017-11-16,111.73880468030107,112.42933058239404,110.52128607984429,111.56616973876953,1368600
2017-11-17,111.02098663827309,113.14709104102191,111.02098663827309,113.02897644042969,1458400
2017-11-20,113.02897294645688,113.4287491610344,111.5570497601978,112.62010192871094,1009300
2017-11-21,113.14710277053373,114.05569591178208,111.92050341625158,113.38333892822266,1086500
2017-11-22,113.83762279785742,114.15562897541093,112.95628644005572,113.98299407958984,819500
2017-11-24,114.39188513882718,114.39188513882718,113.26523151304815,113.76495361328125,488600
2017-11-27,113.98302356039123,114.65538757485142,113.45604472929573,113.80130767822266,859300
2017-11-28,113.95575554400152,115.52762480337965,113.31065521480487,114.301025390625,1143100
2017-11-29,114.79162842334749,114.94609449108941,112.70186882581501,113.3015365600586,1062500
2017-11-30,112.34753077863373,113.70133246722416,109.09476603185931,112.55650329589844,2426900
2017-12-01,112.52925626250186,114.41004373922394,111.32082575204349,113.78311920166016,1847600
2017-12-04,115.39132480274161,116.13637087458106,113.6468276977539,113.6468276977539,1626100
2017-12-05,113.8285371375195,114.3736915856311,111.50254112850212,111.59339904785156,1268000
2017-12-06,111.75695478371175,112.26576471732761,110.49401088990422,111.7751235961914,1370600
2017-12-07,112.21125426996998,113.39242814035487,111.27540443254941,112.71098327636719,1298800
2017-12-08,113.06532980669651,115.01879946451696,112.74731666982773,113.78311920166016,1276100
2017-12-11,113.91939284407914,114.52815544912703,113.08348891107713,113.98299407958984,902900
2017-12-12,113.81945486366484,114.10112343912009,112.174903566911,112.5110855102539,1156100
2017-12-13,112.42930009828918,112.520158015296,110.45765487798063,110.56668853759766,1103200
2017-12-14,110.73932863624108,111.56615171524871,110.03971497340157,110.53944396972656,1418600
2017-12-15,111.18454675065054,114.16473118665192,111.18454675065054,113.65591430664062,1989200
2017-12-18,113.91033055165029,117.8172771034668,113.73769562756917,115.00972747802734,2009300
2017-12-19,115.6911845628442,116.86326379951018,114.83710465728865,114.98248291015625,1270000
2017-12-20,115.24720494570401,116.05058030057495,112.60886244263145,112.72754669189453,1341300
2017-12-21,113.16574905190075,113.60395443941289,110.77389219868354,111.148193359375,1346200
2017-12-22,110.85605585571047,111.54987813235286,109.92487900853733,110.51827239990234,1077900
2017-12-26,110.2809186155361,110.39959590164749,109.41363902229094,109.71490478515625,638300
2017-12-27,109.57796477104017,110.94734699905125,109.57796477104017,110.65521240234375,576500
2017-12-28,110.78301706895364,111.01124743249291,109.83357792082573,110.35394287109375,598700
2017-12-29,110.58217573527727,110.89257265852956,108.82936817526777,108.89327239990234,924700
2018-01-02,109.70578638535214,110.02530755055301,109.16716598759054,109.89749908447266,1317400
2018-01-03,110.6734684222394,113.61306958679816,110.50001112110239,112.81883239746094,2295100
2018-01-04,113.20224829773105,113.46699632713505,111.24859715044093,111.79634857177734,1118100
2018-01-05,112.03371281946265,112.16152125540428,110.12570351426993,110.6734619140625,1181900
2018-01-08,110.45436354549403,111.1207992641471,109.6601263469379,110.545654296875,1023800
2018-01-09,111.18468834999531,113.31179669627423,110.82864959255393,112.42626190185547,1191800
2018-01-10,112.28932789905839,113.54915687539051,112.2162925182468,112.34410095214844,1015000
2018-01-11,114.11517793808639,115.01896819714547,112.95577079485203,114.4894790649414,1297400
2018-01-12,114.57164389194963,116.5344264352974,114.32515816094225,116.42487335205078,1523800
2018-01-16,117.20085783384344,117.99509502162596,114.83638770443376,115.7127914428711,1340300
2018-01-17,116.45227053377594,119.23668404357548,115.92278132891198,118.87152099609375,1754400
2018-01-18,118.67979329132487,119.13625403475304,117.7029606139519,118.05901336669922,1328400
2018-01-19,118.96282128425105,119.05411902381638,117.58431456932188,117.73950958251953,1445500
2018-01-22,117.65732169212461,117.66644589185613,115.52108186353323,117.49298858642578,1738100
2018-01-23,117.61167269070478,117.89467611287392,115.63975900516532,116.1418685913086,2094500
2018-01-24,116.78093771296072,123.0253185582225,116.38838111841663,120.97124481201172,4607300
2018-01-25,120.98037628290277,121.12643315439817,118.72545878014208,120.44174194335938,2058200
2018-01-26,121.05339913790407,123.4178625317566,120.61518677859847,123.22614288330078,1569000
2018-01-29,122.8335952349474,123.83780056470361,122.10325522143926,123.03443908691406,1302100
2018-01-30,122.53231985159931,123.33569519648881,121.25423537570788,121.6741714477539,1379100
2018-01-31,121.66504503573907,123.07093793365655,121.58287151872332,121.92066192626953,1455600
2018-02-01,121.73809326605938,122.50494401855126,121.29075669540049,121.70156860351562,1296800
2018-02-02,121.12640500100049,121.67416341454744,117.95858054989688,118.36939239501953,1416300
2018-02-05,117.66644522459141,118.62501553385032,113.70436947173553,114.45296478271484,1783600
2018-02-06,112.07936389347219,116.88133269388685,111.87852702413356,116.5435562133789,1756000
2018-02-07,116.57092506436298,118.76193065064909,116.08707788130752,117.32865142822266,1761700
2018-02-08,117.4199632690076,117.47473633224624,111.7598525430877,111.78723907470703,1221500
2018-02-09,113.28441018761458,114.67205457934718,109.33146592355644,113.6313247680664,2334500
2018-02-12,115.49370139846512,119.13625624849576,115.00072295059778,118.01336669921875,2081600
2018-02-13,117.40172377342648,118.81674111468402,116.62573483847774,117.79427337646484,1732200
2018-02-14,116.91783384034652,119.90307636627513,116.86304686283592,119.16361236572266,1538300
2018-02-15,119.93962475233401,120.49650739493646,118.58849097449725,120.24089050292969,993100
2018-02-16,119.68404912818318,121.14471559614425,118.92632239058109,120.21353149414062,1195700
2018-02-20,119.59271668849476,121.34552429964823,119.22755365994985,120.10395050048828,1155300
2018-02-21,120.5421363753472,121.50070663811026,119.10885701089639,119.18189239501953,1459900
2018-02-22,119.96701424018309,121.43681837050929,118.30549047108556,118.31462860107422,1652800
2018-02-23,118.9719334015884,119.39186947957451,118.40591261419338,118.86237335205078,1045200
2018-02-26,119.55620010964086,119.83920353243168,118.6250163233001,119.04495239257812,1058400
2018-02-27,119.04493846506503,119.24578227646607,117.61165918923864,117.63904571533203,1264900
2018-02-28,118.17766831717084,118.7984620911315,115.53020192165151,115.57584381103516,1836700
2018-03-01,115.33848495722839,116.35182825634602,112.42627046218567,113.17486572265625,1681400
2018-03-02,112.28933678392923,112.41714522794369,110.42697621609855,111.95155334472656,1898500
2018-03-05,111.02952158775253,111.8055035134283,109.95227387850801,110.79216003417969,1886800
2018-03-06,111.5628046740552,113.9390226866628,111.19582035940942,113.58121490478516,2536300
2018-03-07,112.64539555422657,113.60872842826426,112.14996781897659,113.33348846435547,1503900
2018-03-08,114.08581686211983,114.86565418774587,113.81975339814974,114.4803237915039,1824300
2018-03-09,115.31521380675169,116.21431806847332,114.15921561346568,116.16844940185547,2276900
2018-03-12,116.7372770555069,116.7372770555069,114.47115616844609,114.92071533203125,1173300
2018-03-13,115.71889168553169,116.5354281575336,115.03997521435298,115.55374908447266,1145700
2018-03-14,115.9482630289747,116.1959804453588,114.37024218970136,115.26016998291016,1259800
2018-03-15,115.48949890823023,115.73721624863356,114.35185404757998,114.36103057861328,843500
2018-03-16,114.25094759633731,114.78307446902002,114.00323722437436,114.45278930664062,1262100
2018-03-19,114.53537772788124,115.22347077350591,113.28764211148805,114.1500473022461,959300
2018-03-20,114.94824079559615,116.48039300446679,114.12252771907632,114.5537338256836,1432400
2018-03-21,114.52620876395297,114.80144178378667,112.92065831616745,113.18672180175781,1069600
2018-03-22,113.86563270368093,114.60877092013519,110.14075808833007,110.26002502441406,1697000
2018-03-23,110.54441298959343,110.97561898152782,107.32414334701633,107.37918853759766,1607400
2018-03-26,108.7553882028753,110.06735241004995,107.62691265419129,110.02147674560547,1035700
2018-03-27,110.09489212371768,111.23253738242892,107.97556769022243,108.53521728515625,966100
2018-03-28,108.60860305620527,109.11320741939164,106.3700117895601,106.91130828857422,1199300
2018-03-29,107.55352514446871,108.92053459697388,106.92965388432476,108.02142333984375,1071900
2018-04-02,108.25996324687233,108.86548843503134,105.26905043794831,106.66358947753906,1228400
2018-04-03,106.94800963486252,107.31499399752575,105.15897049139053,106.10395050048828,875700
2018-04-04,104.79196967939374,107.43424407644751,104.51672970069,107.20487976074219,1057800
2018-04-05,107.81958573710375,108.98476050269689,107.21406752005022,108.0948257446289,1918000
2018-04-06,107.47096322595145,108.01226675166133,104.60849351287396,105.35163879394531,1106300
2018-04-09,106.3241387938751,107.68197884191002,105.56264746288014,105.62686920166016,1143300
2018-04-10,106.58101767058693,107.15902027544145,101.72766749462076,103.59928131103516,2622300
2018-04-11,103.46165087049225,105.51676014761019,103.40660567544843,103.81946563720703,1560600
2018-04-12,104.25067142702677,105.5901582572488,104.14058102979776,105.25988006591797,1125400
2018-04-13,105.85622245376508,106.17733811363591,103.90204089326032,104.35159301757812,1136800
2018-04-16,105.28739970468254,106.50761257073732,104.98463712152846,106.15898132324219,1221600
2018-04-17,106.70945276654878,107.62691003597045,106.65440757026938,107.30580139160156,1521700
2018-04-18,107.98473722482187,109.14073555202143,107.54436157612805,108.53521728515625,1268400
2018-04-19,108.10400292022469,109.25082462565103,108.0948263866809,108.24162292480469,1561800
2018-04-20,108.67283752854992,110.07655337619164,108.37925141001237,109.260009765625,2333600
2018-04-23,109.68203735691735,110.76463739246424,109.03981296315365,109.82882690429688,1596400
2018-04-24,110.57196174205625,110.6270139453036,107.01222958296233,107.59022521972656,1343500
2018-04-25,107.46178343005265,108.99394261759068,106.22321733205276,108.70952606201172,1594900
2018-04-26,110.00313026238148,110.29671631463914,103.4066101199014,103.60845184326172,3166500
2018-04-27,103.86534541358492,105.9204479109581,101.87446465051578,102.59008026123047,3348700
2018-04-30,102.97542609009415,103.34241048378652,99.04870917676956,99.25972747802734,4778300
2018-05-01,99.41567843684385,100.5166244506836,98.21381155511031,100.5166244506836,3112900
2018-05-02,100.5533231910491,100.77351099302683,98.15875897065375,98.34225463867188,2076500
2018-05-03,98.2138169871457,98.38812913253075,96.43394740000738,97.56241607666016,1578100
2018-05-04,97.19544211327928,99.26889085977136,96.61743945415765,98.49822998046875,1514300
2018-05-07,98.58079170944717,98.58079170944717,96.05778393931605,96.38806915283203,2114100
2018-05-08,96.33301768396448,97.81930104810313,95.19537257788268,95.47978210449219,2493800
2018-05-09,95.78253653526062,96.6357720420266,95.2962853216621,96.48897552490234,2025800
2018-05-10,97.4615074603624,99.03952838603111,97.25966570252302,98.41565704345703,2159300
2018-05-11,98.4431944166741,98.64502919079959,97.31471859043049,98.2229995727539,3280600
2018-05-14,98.16792637495217,98.64500106814624,97.30551431457606,98.28719329833984,1273000
2018-05-15,97.93857235584635,98.58078970258441,97.38809934440741,97.81930541992188,2050900
2018-05-16,97.79178348693587,99.73679574613756,97.69086960994564,99.07622528076172,1953200
2018-05-17,98.96613359308516,99.61752751591618,98.20464226089673,98.48905181884766,1742300
2018-05-18,98.34225147685738,98.52574013933213,97.15873070485709,98.13123321533203,1784100
2018-05-21,99.05787452977435,99.21384060460336,98.16793975041165,98.36978149414062,1004500
2018-05-22,98.35140961741327,98.87435994449699,97.83763582228343,98.63582611083984,975800
2018-05-23,98.16794031320913,98.93860115770784,96.3513716088782,97.5532455444336,2121300
2018-05-24,97.70921151814086,98.38812802324912,97.02111847928072,97.8927001953125,1466900
2018-05-25,97.96609880316538,101.30564313662065,97.71838838816682,100.73682403564453,2520800
2018-05-29,99.81935466049785,100.71845887326573,96.35136026946252,97.04862976074219,2659400
2018-05-30,98.05784818226957,98.07620125077986,96.37890639510475,97.2963638305664,1328600
2018-05-31,97.22295518173067,97.39727431575415,95.96603610939447,96.3146743774414,1619200
2018-06-01,96.81294419805403,98.40004279800237,96.51767053107848,98.11399841308594,1519900
2018-06-04,98.1232359309125,98.7599227343978,97.47732688381191,98.28010559082031,1524800
2018-06-05,95.41039474190922,96.58226011180999,93.38038214917447,94.2569808959961,3661800
2018-06-06,94.0539709875846,96.78525389919794,93.58337620703901,96.31465911865234,2641300
2018-06-07,96.41615703213692,97.58802930573695,95.90865922283778,96.33311462402344,1153800
2018-06-08,95.97326879478074,96.14858292600181,94.6260821618,95.48422241210938,1504800
2018-06-11,95.59494202832012,96.42540143912103,95.54880969653546,95.66876220703125,1235000
2018-06-12,96.01939071015056,99.90408758181574,95.8809866846982,97.53266906738281,3381600
2018-06-13,98.2800817872919,101.02059401172805,97.88330717163484,99.6364974975586,2570300
2018-06-14,103.27205610937759,106.62157428368315,102.24782409374951,104.72997283935547,5100800
2018-06-15,104.4346999199135,106.01256916155249,103.761103159741,105.66193389892578,3380700
2018-06-18,104.38858362278516,105.9941410641098,103.0690776556537,105.76345825195312,2004700
2018-06-19,104.7023126487501,105.31131159314806,102.95835120632427,103.62271881103516,2359800
2018-06-20,104.4439503483952,105.56045429374751,102.8476222203199,102.93067169189453,2118100
2018-06-21,102.61693205835195,103.30898043239523,101.5004281930144,101.70343017578125,2657200
2018-06-22,101.96180108284736,103.04139493415322,101.08520922885657,102.93067169189453,2468600
2018-06-25,100.6884178282414,100.9006420339807,96.48998860478251,97.24662780761719,3431700
2018-06-26,97.15437369924283,98.54769985134047,96.92369088783039,98.08633422851562,1514600
2018-06-27,99.05517003567367,99.20281037271937,96.58225070918814,96.67452239990234,2171200
2018-06-28,96.96059452768479,97.01595614597646,94.9674917906214,96.23163604736328,1877200
2018-06-29,96.43462886247002,97.03440548314661,95.50266848387653,95.59494018554688,2436000
2018-07-02,95.08745751091777,96.15782209322842,94.709134321732,95.92713928222656,2806300
2018-07-03,96.3700502447795,97.12668955867888,95.20740694395056,95.44731903076172,1326800
2018-07-05,95.97326154780829,96.49921798151631,95.41039502613556,95.85330200195312,1397800
2018-07-06,95.94559518745162,96.86832640585808,95.46577101154718,96.64686584472656,1633400
2018-07-09,97.92944479626189,99.82104628391595,97.4680792665784,99.79336547851562,2270200
2018-07-10,99.6826291404832,100.99290547534018,99.22126363892409,100.6976318359375,1441000
2018-07-11,99.36891198404595,100.9929136116561,99.28586252633757,100.79914093017578,1525400
2018-07-12,101.21438726502869,101.99870737460597,100.26397525837432,100.5223388671875,1694700
2018-07-13,100.77147537264452,101.77725606000081,98.9167836551449,99.53501892089844,1548500
2018-07-16,100.08863801350942,100.74377621352765,99.21203929301352,100.65150451660156,1309300
2018-07-17,100.32855362978009,101.88796437103025,99.98714059512986,100.90064239501953,1171400
2018-07-18,104.03794053210868,105.53276757788034,102.46007105928982,104.10253143310547,2557100
2018-07-19,103.81648558415411,104.26862188487786,102.69075243388346,102.86607360839844,1283300
2018-07-20,102.46006491624352,102.92143047852495,101.6019246888049,102.01715087890625,1001900
2018-07-23,102.12788513397633,102.59847999703572,101.14056307375687,101.26974487304688,1088900
2018-07-24,101.50966592282259,101.73111944977796,100.18093068132897,100.7437973022461,1205100
2018-07-25,101.14977954347809,102.33087415301857,100.01481726219453,102.2109146118164,1137600
2018-07-26,101.82337657286331,103.65038726807292,101.8141472905977,102.93988037109375,1268000
2018-07-27,103.57659640665541,103.96414189294835,102.64463575067141,103.13368225097656,1283700
2018-07-30,103.18901621682343,103.2905171966998,101.61114694767171,102.4508285522461,1203500
2018-07-31,102.98603780527131,104.30554380549549,101.98025705830558,104.04718017578125,1663500
2018-08-01,104.35166863679402,104.49930900879673,101.4819810647656,101.49120330810547,1864400
2018-08-02,100.95600344199183,107.6088931963577,96.18547875775701,105.51428985595703,5626500
2018-08-03,105.92953348670201,107.41513112637242,103.70574814835675,103.73342895507812,2241200
2018-08-06,103.26283930679291,103.54888369095016,101.87874267654114,103.0598373413086,2501900
2018-08-07,103.23515235663618,104.01025013704135,102.92142716353187,103.53042602539062,1387200
2018-08-08,103.72422232526021,104.13021928475011,102.25707598927693,102.50621032714844,1328200
2018-08-09,104.5546661148052,106.43703853729654,104.27785098907066,105.3574447631836,2041000
2018-08-10,105.25594368881316,106.53853944471513,104.77612658065678,104.85916900634766,1611700
2018-08-13,104.69308837836911,106.4647307158421,104.32399446475868,104.84072875976562,1329800
2018-08-14,104.84993523288348,107.81190130029398,104.69307263115452,107.39667510986328,1824000
2018-08-15,106.55697550962427,106.83379057668795,104.76687517512228,105.62501525878906,1288600
2018-08-16,106.69539730927669,107.28594466531078,106.14176004297971,106.56621551513672,1060800
2018-08-17,106.39090461802394,107.28594792176679,105.92030975944161,106.77845001220703,1068900
2018-08-20,107.20287928411285,108.13483949071123,106.87069558750112,107.79342651367188,1204600
2018-08-21,108.09793489472105,110.48780473564479,108.09793489472105,109.34362030029297,1604300
2018-08-22,108.90072377296984,110.39555072293608,108.5039491094536,109.18677520751953,1291500
2018-08-23,108.73462147803716,109.62044946422795,108.22712363414853,108.90994262695312,1223900
2018-08-24,109.3251735798773,111.01376598431834,109.15908171584782,110.46012878417969,1245100
2018-08-27,111.09681964277513,112.52704854396337,110.58008546851866,110.70927429199219,2014900
2018-08-28,111.12449820552993,111.21676990053838,109.42666944988258,110.86613464355469,1203000
2018-08-29,113.94805737179855,114.99997022387244,113.49592112061437,114.37251281738281,2180800
2018-08-30,113.85578691804807,113.85578691804807,112.61933065520252,113.41287994384766,1037600
2018-08-31,113.5420526172624,113.8373262563208,112.73927411112916,113.10836791992188,936700
2018-09-04,112.79462986725736,113.46822656135207,110.76462458402247,111.78885650634766,1585000
2018-09-05,111.77965267058956,112.21333744415443,110.70005889802175,111.5028305053711,1143100
2018-09-06,112.91460715993232,114.85234106055907,112.57319411882186,114.45556640625,2366500
2018-09-07,113.91114298646423,114.91692347121621,113.65277942410712,114.7508316040039,1166800
2018-09-10,115.3413846267698,116.09802382832622,114.22488086836819,114.34483337402344,1399200
2018-09-11,113.46824990131557,113.67125187937145,112.61010965582115,113.05301666259766,1335400
2018-09-12,113.32985236315265,114.67703914954537,112.3517594864288,114.14185333251953,1467600
2018-09-13,114.51092481118451,116.59629900842086,114.37251374218627,116.13493347167969,1729200
2018-09-14,116.3564111784188,119.8997028988853,116.30104955524742,119.29991912841797,2517500
2018-09-17,118.87543895804161,120.59171921788143,118.58939459469464,118.79239654541016,1636700
2018-09-18,118.98616797171395,121.47753903033916,117.40829869593406,120.87776947021484,2187400
2018-09-19,120.85007135238477,121.52366099075827,119.65051832421838,121.09921264648438,1354700
2018-09-20,121.82284462445196,122.88967008863732,121.14562858727929,122.58353424072266,1626100
2018-09-21,123.91009916143912,123.93792840089087,121.64655998430244,121.96196746826172,2411600
2018-09-24,121.79497877401724,121.79497877401724,120.03239420453872,120.61683654785156,1462600
2018-09-25,120.95080459745274,121.05284986382769,119.86542175797,120.06022644042969,1565900
2018-09-26,120.5982938007188,121.81355126571506,119.77265989398586,119.94892120361328,1838200
2018-09-27,115.9227871054451,120.22722492376391,114.33645658950272,119.96747589111328,4393100
2018-09-28,119.96746891059485,121.51669132063856,119.70770573779835,120.5426254272461,1525200
2018-10-01,120.90441356023278,121.97123881688033,119.95817695578093,120.26431274414062,1207500
2018-10-02,120.64466206448535,120.78380825847574,118.92845017722341,119.11398315429688,1193900
2018-10-03,119.42940458567035,119.7448120616918,118.44605999146896,118.807861328125,1099300
2018-10-04,118.26052750417772,118.56665620933929,114.90232682090107,116.43299865722656,2297700
2018-10-05,116.5443166808053,117.51838251583854,113.98392759480443,114.72606658935547,1744800
2018-10-08,114.71680715416619,115.90423533444823,113.96538222943285,115.45894622802734,1180300
2018-10-09,115.06931051584361,115.6537457709437,113.79838766603355,114.1880111694336,1042600
2018-10-10,113.79838192473264,114.05813091389462,110.08766590212358,110.15260314941406,1694400
2018-10-11,110.20829359658582,110.35671859064952,107.48091443906158,108.3993148803711,2018500
2018-10-12,110.51439448637566,110.86691702892684,108.53844080429518,110.440185546875,1260800
2018-10-15,110.26394197313348,111.58124463928293,109.23421757248184,109.26204681396484,1517500
2018-10-16,110.26394578062082,113.04698326710266,110.13407126412876,112.8150634765625,1159000
2018-10-17,112.527478585153,113.06552708857289,111.2472768869566,111.86882019042969,882600
2018-10-18,111.8409846594763,111.93375822712431,107.9540142299544,108.19520568847656,1629000
2018-10-19,108.26015155986059,109.47541603205002,106.33985604528635,106.85008239746094,2438700
2018-10-22,107.69425772507164,107.91690579339453,106.2285302022414,106.32129669189453,2320100
2018-10-23,104.37317957311825,107.04489288565655,102.56420104600346,106.5439453125,2646700
2018-10-24,106.00587826812365,106.49755409285096,98.83492342276581,99.23382568359375,2977700
2018-10-25,100.18934836462087,101.59014586515897,95.6066110912493,100.1336898803711,5415300
2018-10-26,98.38036965710901,105.07820669619173,94.97578204094278,95.61588287353516,3701500
2018-10-29,96.7198204003004,97.72170840219637,90.43015753043967,92.32261657714844,3127800
2018-10-30,92.3133485575387,94.68820477158425,91.14447091822512,94.44700622558594,2928100
2018-10-31,96.25599568648461,98.7236186758799,96.25599568648461,97.15584564208984,2585300
2018-11-01,97.41558495121077,100.92221084121275,97.10944914744746,100.60679626464844,2176300
2018-11-02,101.07063629585687,101.27472683266426,97.18366563419137,98.14845275878906,2129800
2018-11-05,98.15772867304538,98.78855077864151,97.19294150697895,98.16700744628906,1363200
2018-11-06,97.75882484318925,98.64012426932301,97.10017350567902,98.4453125,1433000
2018-11-07,99.07611629721643,101.38603493842746,97.82374403231073,101.14483642578125,2107700
2018-11-08,101.20979548771489,102.68480904045803,99.30805744601038,99.90177154541016,1960400
2018-11-09,99.54923943369796,100.64390102706572,98.86275889882893,99.41936492919922,1614300
2018-11-12,98.96481878048404,99.3637211253991,96.89609102019645,97.10018157958984,1212700
2018-11-13,97.70316229488623,100.56041561467399,97.40630526670242,98.55662536621094,1741900
2018-11-14,99.61416694724066,100.02234796583386,97.64749202702754,98.80709075927734,1454800
2018-11-15,98.16700106485172,102.02614947824992,97.87014403902339,101.91482543945312,2467800
2018-11-16,101.37677954048218,102.91673037475996,101.18196776222362,102.03543090820312,1500700
2018-11-19,101.75712875403332,102.22096833142957,98.7050634854503,99.28022003173828,928800
2018-11-20,97.40631923830107,100.10586919731108,96.19106171074128,99.50287628173828,1920000
2018-11-21,100.6624654575299,100.9871517409858,99.43792927590331,99.60491180419922,1198000
2018-11-23,99.35443113960173,103.00948909321271,99.25238587142061,102.30445098876953,746600
2018-11-26,103.00948537371221,104.085589420725,102.61058308821607,103.39910888671875,1289400
2018-11-27,102.53637414313198,103.28779198118725,101.50664973221096,102.73118591308594,959000
2018-11-28,103.324889882947,105.4307252866972,102.57347211843825,104.4010009765625,1488200
2018-11-29,104.87413353762652,105.22664907608822,103.36201195308489,103.55682373046875,1722300
2018-11-30,103.15790730997021,104.97616447242446,102.67551731915118,104.89266967773438,1574800
2018-12-03,105.97806406124083,108.05607045209494,105.18025942642957,105.98734283447266,2069100
2018-12-04,105.0318128560451,105.53276034315208,100.71810428175893,101.23760223388672,1634200
2018-12-06,99.62345017218482,102.30444199478127,98.52878863690248,102.267333984375,1597600
2018-12-07,101.65507244505086,102.4899850092515,97.11872243679514,97.33208465576172,1419200
2018-12-10,97.42486847613394,99.61419199942961,95.82926616448508,97.27644348144531,1540600
2018-12-11,99.16890530942923,100.06875524238411,96.33948099216187,96.49718475341797,1364600
2018-12-12,98.08351632829039,99.52141471560917,97.37847821638525,97.9629135131836,965500
2018-12-13,98.4453030129933,98.92769300326364,96.61777415803073,97.47123718261719,816800
2018-12-14,96.86824481153884,100.18933751291276,96.30236002419073,99.34514617919922,1503600
2018-12-17,99.11323694904242,100.88510752209528,97.86087151257004,98.65867614746094,2144500
2018-12-18,99.51214011057817,100.53259284592944,97.35065305260848,97.85160064697266,1828300
2018-12-19,98.37455847766938,99.85942598950882,94.72310464493931,95.2087173461914,3020600
2018-12-20,92.07087961849048,94.51763858431832,88.7742967527383,90.79147338867188,3822200
2018-12-21,90.84752245592934,91.78139913763077,86.33689637333214,86.40226745605469,3293500
2018-12-24,85.51509241495721,86.00070518262663,83.56329345703125,83.56329345703125,1390100
2018-12-26,84.98275984601335,88.26066829219211,83.5912858830705,88.22331237792969,1594000
2018-12-27,86.75713721540066,88.53150417323357,84.88938402292663,88.49414825439453,1278500
2018-12-28,88.89571287219152,90.78214040637879,88.13926800645349,89.68950653076172,1704400
2018-12-31,90.20313533429957,91.50123033386603,89.65215157271709,91.32379150390625,1879200
2019-01-02,90.02570362925265,91.99618378068769,89.60545489380782,91.32379150390625,1352200
2019-01-03,90.30587277285441,90.87553812185392,85.8045874270134,86.43029022216797,2807800
2019-01-04,88.53150935175286,93.3129532442255,88.25134350652867,92.22966003417969,2261400
2019-01-07,93.079479904027,95.91846565022333,92.27634545033729,95.0966567993164,2150300
2019-01-08,96.8803614499106,97.87960917808186,95.75037156103754,97.05780029296875,1882300
2019-01-09,97.70216811551829,98.13175047744,96.2359822036656,97.45935821533203,1454000
2019-01-10,96.56283118991928,98.43058418343836,95.4515158788035,97.9636459350586,1670800
2019-01-11,97.21655471989183,99.4111633519741,97.07647180190506,99.38314819335938,1305600
2019-01-14,98.08506779712003,98.96291416736074,97.3566451175219,98.02903747558594,1131700
2019-01-15,98.43994174986366,98.79481231425034,96.64689315502794,98.63605499267578,1452700
2019-01-16,98.69207527516913,99.68198215009471,98.06637968912798,98.67340087890625,1169400
2019-01-17,98.01035976580194,100.56918713077769,97.88895835611591,99.96216583251953,1059200
2019-01-18,100.92404671221398,102.87585256599989,100.49446431913549,102.1194076538086,1877500
2019-01-22,101.80189152768912,102.52097338438122,100.70925047608627,101.44701385498047,2066400
2019-01-23,101.80188835453924,103.09997623551212,99.82206743270174,101.1481704711914,1505900
2019-01-24,101.6431193666486,102.5676622727593,101.12015078333047,102.49295043945312,965800
2019-01-25,103.66030505971432,104.51946984212198,103.06262459152524,104.35137176513672,1214100
2019-01-28,103.31476411704837,105.21987320697703,103.0065902586832,104.79029083251953,1470700
2019-01-29,104.63153600896443,105.44401122284388,103.819060795085,104.64087677001953,2305700
2019-01-30,109.1234775977461,113.40063406959167,108.79662221778257,112.98039245605469,4819900
2019-01-31,112.69088398421701,113.4286473294561,111.3180842864248,112.11188507080078,2551900
2019-02-01,112.56949420669216,112.99907661818489,110.04802293282586,110.48694610595703,2042400
2019-02-04,110.48695516493171,111.59827076887885,110.08538788051575,111.13133239746094,1402600
2019-02-05,111.4675041200944,112.30799442908405,109.91726564741212,110.40288543701172,2070000
2019-02-06,109.21686819170115,110.67372056827958,109.17951939671099,110.3375244140625,2856100
2019-02-07,109.63710679524392,109.63710679524392,106.8354771861231,108.03083801269531,1688800
2019-02-08,106.77011173828838,108.11488917656955,105.35061533826953,107.24638366699219,2122500
2019-02-11,108.43239831589786,109.3569340331647,107.9934752317161,108.42305755615234,1569200
2019-02-12,108.93671343938624,109.09547076106108,107.71333017405186,108.60051727294922,1771400
2019-02-13,109.97330706898926,110.88850211922603,109.65578532968367,110.04801177978516,1296400
2019-02-14,109.26355542017643,109.81453916002954,108.32033811772759,109.46900939941406,971000
2019-02-15,110.104039636239,110.58965227625518,109.48767773265578,110.1694107055664,1325500
2019-02-19,109.80520727728934,112.74691985669463,109.80520727728934,111.4675064086914,1935300
2019-02-20,111.56088811752689,113.26988385747158,111.34610050808323,112.84030151367188,1119600
2019-02-21,114.89483760399244,116.03416820238424,112.54147169372274,112.97105407714844,1974000
2019-02-22,113.02708679905342,113.40997963531356,112.39205040897099,112.93370056152344,838200
2019-02-25,113.73683668378133,113.73683668378133,112.5041198056774,112.58816528320312,872900
2019-02-26,112.08386969503466,112.80295868814468,111.49552998469183,111.7476806640625,909600
2019-02-27,111.13131601131437,111.99048077806137,109.45967603312941,110.62702178955078,1267700
2019-02-28,110.39354027287429,111.53287074350905,109.53437560236398,110.64569091796875,1059300
2019-03-01,112.03717857292524,113.23253949940711,110.76710580730997,111.15933227539062,1378900
2019-03-04,111.30876109457134,111.78503305998935,108.80597136731349,109.89860534667969,1278600
2019-03-05,110.33751944584064,112.03717453788992,110.22545169117667,111.51420593261719,1189600
2019-03-06,111.42028339069834,112.04966864886367,109.90787530249779,109.99241638183594,1050100
2019-03-07,109.93603835484325,110.00179490628554,108.02909119609008,108.69605255126953,1775200
2019-03-08,108.02910986491703,109.59787869680576,107.61577880332132,109.47576141357422,1048000
2019-03-11,109.57907370277448,110.18967433868958,109.17513855903924,109.79512786865234,740900
2019-03-12,110.22725411567518,110.22725411567518,108.37667468008247,109.24090576171875,902800
2019-03-13,109.8890710065268,111.6457133412639,109.26907453525978,110.02058410644531,995600
2019-03-14,109.94543715330764,110.1708871690424,108.47060545963232,109.39119720458984,991600
2019-03-15,109.75755598180952,111.26996387003283,109.69179942870966,110.07695007324219,1142000
2019-03-18,110.49966651443599,111.53299398566304,110.26482066496193,111.12905883789062,1309100
2019-03-19,111.7396613957011,112.20935313282793,109.87968613015806,110.32119750976562,1084200
2019-03-20,110.00180335908452,110.00180335908452,108.21697332530889,108.9684829711914,1548000
2019-03-21,108.56453919736803,110.8566369856454,108.29211715147223,110.63117980957031,728200
2019-03-22,110.17086991256579,110.3305633500759,108.15119442753128,108.57392120361328,1423000
2019-03-25,108.18878764228276,108.59272280284894,106.95819764547903,107.55940246582031,1559000
2019-03-26,105.02306454797316,108.7899867343123,104.59094188711234,106.25365447998047,2616100
2019-03-27,106.59184303339804,106.85486925716889,103.92399026316421,104.26216888427734,1860000
2019-03-28,104.54397080625424,105.93425410987884,104.02730711218199,105.63365173339844,1342500
2019-03-29,105.9906296414491,107.86000058129801,105.71820759824676,107.67212677001953,1558500
2019-04-01,108.77120875070327,110.06755531033781,108.32030154865436,108.60211944580078,1615500
2019-04-02,108.60211451080609,109.44756099690055,108.188783524954,109.21271514892578,1090700
2019-04-03,109.87027807830614,109.96421498190647,108.55513992712272,109.5602798461914,981900
2019-04-04,109.9172711852969,109.9172711852969,108.62091729954504,108.84637451171875,763400
2019-04-05,108.81818034234627,110.35877586377894,108.81818034234627,110.1614990234375,911800
2019-04-08,110.17087150218909,111.73963988208989,109.83269294321427,111.24176788330078,1843100
2019-04-09,110.4151290126228,111.13845109890188,108.03849008594283,108.32969665527344,1229000
2019-04-10,108.81816325392482,109.68240137826216,108.5739287443909,109.44755554199219,1015600
2019-04-11,109.78573942474434,111.8054079807214,109.77634358410018,111.73026275634766,1264400
2019-04-12,112.51934451728803,114.6611375608779,112.32207485979178,114.54841613769531,1757200
2019-04-15,114.96174335633164,115.09325646520578,114.17266470308675,115.03689575195312,1550700
2019-04-16,115.82597006510757,116.84049863749917,115.41263909717968,116.58686828613281,1654000
2019-04-17,117.08475344583682,117.24444691338076,115.60992170579591,115.76961517333984,1982700
2019-04-18,116.11719317051451,116.38961524123404,112.26572231485896,113.656005859375,2415400
2019-04-22,112.78237795721724,113.45873520737766,112.49117137275873,113.11116790771484,1351200
2019-04-23,113.64661178987485,115.1308321790623,113.19570458496823,115.0556869506836,1235900
2019-04-24,115.2999194990355,115.2999194990355,112.81994783208292,114.13508605957031,1235100
2019-04-25,113.7969121716073,114.49205392771461,112.92328526405508,113.43994903564453,1142300
2019-04-26,114.00357053041644,114.27599257772142,113.23327642549172,113.8156967163086,1126300
2019-04-29,113.82508929297491,115.14022753760277,113.51509103883387,114.86780548095703,1618300
2019-04-30,114.49205489610712,114.49205489610712,112.53814272276745,113.60903930664062,2259300
2019-05-01,119.54595060840172,122.965298933734,117.84566153742901,121.20865631103516,3795200
2019-05-02,121.01137728684832,121.16166773813659,117.93958953458989,118.14624786376953,1803600
2019-05-03,119.104431297078,123.0968038868939,119.04807058216419,122.95590209960938,2134100
2019-05-06,119.60230615427557,121.77228689865167,119.44261268037832,121.34016418457031,1224300
2019-05-07,120.27865406540033,120.55108330063716,118.06171565367328,119.56472778320312,1309000
2019-05-08,119.11382630261461,120.72956701012461,118.67231492708257,119.60230255126953,1065700
2019-05-09,118.50321403877705,120.0907670669961,117.43231756599444,119.61168670654297,1057900
2019-05-10,118.63472792928886,119.77138095914447,115.98566708416365,118.42806243896484,1508600
2019-05-13,116.10778670817328,116.10778670817328,112.50994656916131,114.5014419555664,1761100
2019-05-14,114.79265081292735,117.46050344685152,114.67992938960035,116.08900451660156,1504100
2019-05-15,114.9523328451692,116.91564043106446,114.18203885369502,116.26746368408203,835200
2019-05-16,116.95323242490217,118.58775752193246,116.22051452509295,118.09928131103516,722600
2019-05-17,116.80293562533895,118.4844328737181,116.6338534832969,117.3102035522461,752900
2019-05-20,116.20171655742871,116.46474991344921,114.98991835294765,115.6474838256836,763800
2019-05-21,116.53053185871448,117.59203268660838,116.4835598145988,117.1317367553711,1033500
2019-05-22,116.39899721724706,117.75170440119057,116.26747695142238,117.38534545898438,929500
2019-05-23,115.97627506087082,116.89687395708935,115.26234166177849,116.87808227539062,1545700
2019-05-24,117.27263402638289,118.33414198022344,116.09840463810082,116.18295288085938,718000
2019-05-28,116.58686765341756,117.34776587031341,115.43142298431071,115.62869262695312,1179600
2019-05-29,114.85840793382083,115.35628716804317,113.63721378453344,114.4262924194336,1015900
2019-05-30,115.03688889977599,115.63809369508328,114.44507994509344,115.49718475341797,854100
2019-05-31,114.2102289483157,114.79264203611298,113.66538488747051,114.37931823730469,1041500
2019-06-03,114.51159980154237,115.22021120429541,113.46285434879846,114.03919219970703,1183800
2019-06-04,115.16352394548252,115.16352394548252,110.7039950561148,114.80449676513672,2833800
2019-06-05,115.69261120337322,115.69261120337322,109.96703375206367,111.9322509765625,2251100
2019-06-06,111.94170593885501,112.29128294285154,110.34496597454293,112.0928726196289,2023900
2019-06-07,112.30072061693228,116.21225445862645,112.30072061693228,114.29428100585938,1154600
2019-06-10,115.28633257556652,117.46886030610497,115.06902914444457,116.62797546386719,965200
2019-06-11,117.61059739631838,118.64989265810803,115.68317355398248,116.07999420166016,981700
2019-06-12,116.49572094924689,117.79956337395002,115.541455546909,117.41218566894531,1008400
2019-06-13,117.29880713961707,117.29880713961707,115.39027642141804,115.71151733398438,1010000
2019-06-14,115.78710470107056,117.39328764465226,115.53200056246057,117.2799072265625,801300
2019-06-17,117.25155851387487,117.5161056021763,115.28634127453917,115.46585845947266,908700
2019-06-18,116.35397877771126,117.5822340591616,115.21075339361578,115.8626708984375,873100
2019-06-19,116.44847950492104,116.79806374226078,115.00291332647474,115.881591796875,781400
2019-06-20,112.63141168008782,114.71945226902763,111.57321613104061,112.18734741210938,3429800
2019-06-21,111.82831669138082,112.18734383718977,108.42698374632766,108.5025634765625,2822900
2019-06-24,108.2663674226432,111.03467617320143,108.07740727102623,110.63785552978516,2455100
2019-06-25,110.2126980355014,110.93075962873785,108.1341002042103,109.63636016845703,1617900
2019-06-26,110.25047574610794,110.72288329362456,109.15448677585314,110.11820220947266,1179500
2019-06-27,110.7134325610072,112.92429641211963,110.14654494854507,112.62195587158203,1099400
2019-06-28,112.99988892315207,114.64386524289277,112.73534183817856,114.52104187011719,2067000
2019-07-01,115.26745289428807,116.11778800485392,111.24253817652158,111.55432891845703,2199900
2019-07-02,111.72438227637315,112.51802347692491,110.81736067215674,112.47078704833984,1105600
2019-07-03,112.02673835763827,112.1401187770373,109.4190463784039,110.1087646484375,1634600
2019-07-05,110.11821618495178,110.27883304148376,108.74822979826364,109.03167724609375,2210100
2019-07-08,108.65374597204924,108.95608654207153,105.3752361359016,105.71537017822266,2900300
2019-07-09,104.99730694177185,106.09329599580138,103.87298179443125,105.08234405517578,3188700
2019-07-10,105.69647608804968,106.07439639087562,104.05249249561244,104.2886962890625,2098700
2019-07-11,104.26981608146485,104.65718660238615,103.51396096538963,104.30760955810547,2225900
2019-07-12,104.13752236345744,104.78944709469475,103.21160038587932,104.06193542480469,3208100
2019-07-15,104.35484035912853,107.03811938868083,104.35484035912853,106.62239837646484,3594300
2019-07-16,106.35784701761325,108.71043485262202,106.3106033741586,108.22858428955078,2473100
2019-07-17,108.04907034282537,108.48368448387603,104.95007753994715,105.5925521850586,1923400
2019-07-18,105.21461523038562,105.7342664440087,104.15641967190203,104.87448120117188,1955600
2019-07-19,105.38468842727653,106.6035009020649,104.01470206025026,104.07139587402344,1931600
2019-07-22,104.47765973341957,105.73426559748941,104.02414529530964,105.46971130371094,3048800
2019-07-23,106.25390011950516,107.76560276439781,106.16887022465188,107.45381927490234,2054800
2019-07-24,107.24595432873821,109.22061424929427,106.94361381239199,108.97496032714844,3141300
2019-07-25,106.23500754783652,109.55130321512712,105.48860278617192,106.80189514160156,3491500
2019-07-26,108.20967163494188,108.97496955491688,107.10423970422976,107.67112731933594,2323000
2019-07-29,107.47271768625585,109.5985516624675,107.47271768625585,109.21117401123047,1995700
2019-07-30,108.40808479928792,109.58910369873047,108.37029132950168,109.58910369873047,1581300
2019-07-31,109.54187187825899,110.5622667719654,108.47422613487191,109.91979217529297,2462300
2019-08-01,109.61745199550867,111.45984588763855,107.57665499260031,107.75617218017578,2533300
2019-08-02,107.23651956030491,107.23651956030491,103.75959951882552,104.619384765625,2006600
2019-08-05,102.76754149807154,103.45725973465095,100.85901805181726,101.74714660644531,1894200
2019-08-06,102.31402697768705,103.09822523252225,100.60391397118734,101.15190124511719,2026600
2019-08-07,100.79287659557993,102.32347967444795,99.92364842117613,101.4448013305664,1355800
2019-08-08,101.90777846297955,104.36429679234611,101.54875124530176,103.68402862548828,2011800
2019-08-09,103.69345398298391,104.03358798501885,102.36126127361919,103.2210464477539,904900
2019-08-12,102.65417649083808,102.93761673567221,100.80233949945604,101.37867736816406,834300
2019-08-13,99.45123403227055,103.21159388894858,98.54421245063415,103.01318359375,2318600
2019-08-14,101.03852617886855,101.50148354613805,97.19312912140354,98.4402847290039,1910800
2019-08-15,99.00717524495877,99.50792609487775,97.83560653869863,98.13794708251953,1217700
2019-08-16,98.79931831925656,99.94254376691562,97.83561005381722,99.37565612792969,988300
2019-08-19,100.66061015455642,102.436860098162,100.66061015455642,101.81328582763672,1350200
2019-08-20,101.67155944425825,102.44630758331341,101.09522162282322,101.6904525756836,949000
2019-08-21,102.65415524564969,102.69194871214619,101.2085893919006,101.72823333740234,778500
2019-08-22,101.88886364866039,102.1439677791829,100.282680755999,101.12356567382812,944700
2019-08-23,100.80234514397637,101.13302905231721,96.50343271043953,96.87191009521484,2184100
2019-08-26,97.57106882489603,97.97733967543208,96.45618652866004,96.83411407470703,1665600
2019-08-27,97.77893015650963,97.84506693699545,96.021573179751,96.15384674072266,1174600
2019-08-28,95.68140765997396,97.66552483919249,95.13342046249174,97.48600769042969,1369400
2019-08-29,98.08126625768458,99.14891207591185,97.48603526060049,97.67499542236328,1191100
2019-08-30,98.46863535854581,99.67799758826847,98.21353123324549,98.52532196044922,1209000
2019-09-03,97.31596383140263,97.31596383140263,95.0861994232564,97.17424011230469,1831300
2019-09-04,98.05292391826953,99.85752447682906,97.89230705835523,98.95994567871094,1234900
2019-09-05,99.5835123328586,101.49203565074248,99.56461199429613,101.03852844238281,1304200
2019-09-06,101.59598712944278,102.87148633114073,101.05744270168726,102.42742919921875,1728600
2019-09-09,103.0509806141066,104.59102660139006,102.50298613702402,104.50599670410156,1404300
2019-09-10,104.74219479590225,107.63332648084366,104.44930444329793,107.47270965576172,1743900
2019-09-11,107.64278939868284,108.79546502507196,106.1594299143216,107.54830932617188,1386500
2019-09-12,107.79395127956087,108.41753270546474,105.67756747428501,107.01920318603516,1012800
2019-09-13,107.70892760732544,109.24897371406698,107.19872655891821,108.49312591552734,1085100
2019-09-16,105.90432059458139,107.88843806182514,105.39412678637444,107.64278411865234,1206700
2019-09-17,107.39714752647168,108.45534319940506,106.84915295254001,107.7939682006836,720900
2019-09-18,107.00977333434442,107.8790016026649,104.85559579617276,106.75466918945312,1790700
2019-09-19,107.29695013772046,108.61937163813592,106.86883078464123,106.99250793457031,1238300
2019-09-20,107.2779377783613,107.77265369236456,105.4703088176437,106.25044250488281,1434700
2019-09-23,105.56543740303921,105.56543740303921,103.47239809119014,104.22399139404297,1646500
2019-09-24,104.97557850657195,106.202863234467,102.7683706202,103.35823059082031,1439800
2019-09-25,103.39629300026704,104.46184445243412,102.3878294573873,104.32865142822266,1116200
2019-09-26,101.11296871084787,102.70177633733643,100.03790869729383,101.73136901855469,2549600
2019-09-27,102.09288596165159,102.85399510516346,100.68484348217176,101.82649993896484,1632200
2019-09-30,102.74934301850196,103.9575959880462,102.38782016537668,103.06330108642578,1301900
2019-10-01,102.94913048105536,104.02419041700959,99.12457487212889,99.56221008300781,1595200
2019-10-02,98.65839470011665,98.943812447104,97.21229601961866,98.00194549560547,1635700
2019-10-03,98.07804788816497,99.40047663800938,96.7366019348111,99.11505889892578,1260800
2019-10-04,99.45758069940267,100.17111795663712,97.76412010358914,98.2873764038086,1634300
2019-10-07,97.8116593207743,98.70596143868967,96.74611527404052,97.61186981201172,1758200
2019-10-08,96.36556376749552,97.80215381422012,95.58543016924618,96.11820220947266,1318400
2019-10-09,96.8602909993583,97.38355449922369,96.35605922229284,96.92688751220703,944100
2019-10-10,97.33597619701904,98.75354185704151,96.86980063702896,98.5727767944336,1213900
2019-10-11,99.89519458786057,103.20600994507285,99.89519458786057,102.34024810791016,1960800
2019-10-14,101.79796181528994,103.31065701614078,101.69330912433453,102.71128845214844,1183600
2019-10-15,102.90156183872483,105.18487463448952,102.67322475236888,104.15738677978516,1439400
2019-10-16,104.22398358296229,104.5189099139307,101.93114766221937,103.05377960205078,1032700
2019-10-17,103.71025179910518,104.30962041211622,102.97768290250511,103.84344482421875,558400
2019-10-18,104.16690283934335,106.22189321283413,103.91003267189444,105.77474212646484,1737500
2019-10-21,106.55487871087126,107.45868951083237,95.13828456327792,106.62147521972656,2161300
2019-10-22,106.31704269519103,106.58342875490564,102.99671829350413,103.1394271850586,1367500
2019-10-23,103.00621067194444,104.5664851131077,102.34976148775414,104.34766387939453,1056100
2019-10-24,104.83287495398673,105.24196985573737,103.26309185385176,103.81489562988281,869000
2019-10-25,103.59607282619358,106.09820698474769,103.59607282619358,105.95550537109375,944200
2019-10-28,106.088698506083,107.49674099125275,106.0221020001422,106.74514770507812,961300
2019-10-29,107.41111558109554,108.36249834574922,106.79271533237575,107.76312255859375,1569300
2019-10-30,109.85617246099844,110.1225584821479,103.23454908116659,104.10030364990234,3557300
2019-10-31,103.76732367941936,104.23349922791355,101.95018627126245,103.53899383544922,2222300
2019-11-01,104.52843295605462,106.26945799870806,104.02419396477178,105.77474212646484,1311800
2019-11-04,106.7546571646726,107.95340145820722,105.67959727366552,107.77263641357422,1508200
2019-11-05,108.143687819918,108.96187765918033,107.0020312927253,107.99147033691406,1448300
2019-11-06,108.10563291119072,108.15320495808353,105.94599698989715,107.29695892333984,1336800
2019-11-07,109.03797516183585,110.18914739301945,107.3920798467792,109.39949798583984,2592400
2019-11-08,108.98090000641815,109.31388252666615,107.43014143451748,108.96186828613281,988000
2019-11-11,107.95340739466623,108.66694449411968,107.3540315857015,108.40055847167969,908900
2019-11-12,108.47665947518426,109.34242127383463,107.74409794118927,108.31492614746094,1168300
2019-11-13,107.9914597372205,109.46609866856446,107.3445191663838,109.209228515625,1232000
2019-11-14,109.03798343797632,110.04644688464522,108.76208155458158,109.6373519897461,1565100
2019-11-15,110.36041806157075,112.47248929272587,110.36041806157075,112.15853118896484,2445500
2019-11-18,112.26316036710017,112.78642376372629,111.33080211269565,112.64371490478516,1651100
2019-11-19,113.69024427285117,114.26107249951365,113.00524749746633,113.08135986328125,1614000
2019-11-20,112.38684274186082,113.27162899833937,110.71241431161225,111.31178283691406,2435000
2019-11-21,111.03588323302513,113.0718417988012,109.90373540364024,112.91962432861328,2252200
2019-11-22,113.62364405159407,114.21350397965767,112.59614892211854,113.33822631835938,1642400
2019-11-25,113.97565055543093,114.2896013305197,113.41433098707869,113.61412048339844,1375000
2019-11-26,113.6807410052945,114.55601879217403,112.80547047689046,113.91858673095703,2379800
2019-11-27,114.67968749348726,115.41224908073805,113.76636084536065,115.40274047851562,1218900
2019-11-29,114.77481168643784,114.98411704788295,113.92808163948204,114.18495178222656,751600
2019-12-02,114.31815262051174,114.56550690485867,112.68177315926668,113.35725402832031,1553000
2019-12-03,112.1204707593664,113.08136949885169,111.2071440671877,113.07185363769531,1918400
2019-12-04,112.96718909196676,114.32766675562397,112.96718909196676,114.26107025146484,1957500
2019-12-05,114.88900259177802,115.32663786068582,114.22303019767658,115.1173324584961,1694200
2019-12-06,116.06871080107142,116.53488637765346,114.98413490377222,116.13530731201172,1740100
2019-12-09,115.45030982722683,116.18287870190103,114.17546026544613,115.8974609375,1957800
2019-12-10,115.7071822255312,115.94502793267739,114.45135718213828,115.67863464355469,1748600
2019-12-11,116.07822990565961,117.55286904867769,115.92600515727102,117.32453918457031,1589700
2019-12-12,117.25794114140847,119.32244026977483,116.18288108922805,118.91334533691406,1460500
2019-12-13,119.51271381836295,120.67339477482207,118.54229926619921,119.53173828125,2485500
2019-12-16,120.43555289528476,120.95881637224814,119.87424049133786,120.06451416015625,1553800
2019-12-17,119.87422938913562,121.12053849896161,119.18923263127036,120.87318420410156,1656200
2019-12-18,121.12054634073573,121.52013264767746,120.11208285885064,121.38693237304688,1479400
2019-12-19,121.38694166552997,121.96128838336475,120.77431198275332,121.42523193359375,1952300
2019-12-20,123.41627120882822,126.82403924059942,122.72707561594872,125.47433471679688,4295700
2019-12-23,125.34987686144999,128.26944552028698,125.215864592171,127.69509887695312,1743700
2019-12-24,127.80995186489142,127.93438241505429,126.9292978960019,127.2739028930664,573600
2019-12-26,127.37924043680955,128.527919262844,126.60386798814866,128.43218994140625,820300
2019-12-27,128.556623997329,128.84379733051216,127.57067341818609,127.62810516357422,624300
2019-12-30,128.00142711400076,128.00142711400076,127.04419240007987,127.64725494384766,803800
2019-12-31,127.44622000635042,128.23115942597104,127.15904669170284,127.8003921508789,814800
2020-01-02,128.79593263199894,129.03524130853324,127.76211739662176,128.8916473388672,1014400
2020-01-03,127.11119687371897,127.90570347426835,126.17311090220902,127.7812728881836,1229400
2020-01-06,125.96251877525404,126.23054334000643,124.81383998256622,126.00081634521484,1518000
2020-01-07,125.47431628172684,126.45069968807155,124.86168670654297,124.86168670654297,1211400
2020-01-08,124.77556545356133,127.03464022793085,124.45967620812577,126.56558990478516,1429600
2020-01-09,128.19288635253906,129.28413347169453,127.25480031129,128.19288635253906,1227300
2020-01-10,128.43217310009342,128.73849520353124,127.01546988729804,127.49408721923828,835400
2020-01-13,127.5132632038178,127.97273185074809,126.84318711116515,127.41753387451172,1244700
2020-01-14,127.68555180688115,127.905711725304,126.8814780651457,127.26436614990234,1112300
2020-01-15,127.22607733332609,128.1450145369816,126.37413896861212,126.94847106933594,872900
2020-01-16,127.44623464514605,128.4034693997607,127.20692595649238,128.31732177734375,800600
2020-01-17,127.79083465969738,129.53300885481855,127.55152598055936,129.27455139160156,906000
2020-01-21,127.50366377726607,127.64725775125788,122.73663888684439,124.13419342041016,3369900
2020-01-22,124.98613198889873,125.80933974435217,123.2822409187706,123.60771179199219,1836700
2020-01-23,121.31038013455786,124.22037506001644,118.1897923659949,124.04806518554688,2123100
2020-01-24,123.52156502466347,123.52156502466347,118.69710833830511,121.09976959228516,2689600
2020-01-27,113.51847155145272,114.37041724326266,110.8669343659078,111.91032409667969,4937300
2020-01-28,114.1310987850493,116.40931478765077,112.28363548484482,115.27977752685547,2576700
2020-01-29,116.2848726763389,118.52479833237636,115.57651375162324,116.43802642822266,2121300
2020-01-30,110.56061809060151,114.97347105058869,110.55104369784075,114.58100128173828,4088500
2020-01-31,114.59056853136991,115.44250685592391,111.69014847102073,112.07304382324219,2020100
2020-02-03,111.38382309118032,114.26510139719078,109.37363181147657,111.469970703125,3064500
2020-02-04,116.75392810579673,116.8783659989476,111.71887108272975,112.95370483398438,3308000
2020-02-05,114.38954464592443,115.65309413566251,112.58037167887036,113.20257568359375,2455000
2020-02-06,113.82479130670653,115.1553470679591,111.61357399661944,111.68058013916016,2518700
2020-02-07,108.52170799675666,109.42150371022794,105.79358307251145,106.779541015625,5071200
2020-02-10,106.04246704154437,106.42536241157491,104.83634918204078,105.00865173339844,2737600
2020-02-11,106.31049079479132,109.10562186240519,105.53513297118563,108.22496032714844,3238600
2020-02-12,109.67038863321999,112.98242010110384,109.56509222299671,112.21663665771484,3994700
2020-02-13,110.5606155783745,111.02009147986597,108.57913990299083,108.76101684570312,3140500
2020-02-14,108.5025636164368,108.76102110336912,107.63148374206972,108.32069396972656,2555700
2020-02-18,107.6793387161561,107.93779619736557,105.97546197057758,106.6455307006836,2977800
2020-02-19,106.45407831084232,107.46874483400387,105.9371706566501,106.26263427734375,2531900
2020-02-20,106.12863403738108,106.24349754926692,104.74063907607241,105.1043930053711,2867900
2020-02-21,104.18543635127492,104.39602918431407,100.65324476216564,101.57218933105469,3352400
2020-02-24,95.675607422413,96.6807068004984,92.26785415337446,92.47844696044922,7476900
2020-02-25,93.5984129892708,94.15361089881591,85.47149198035603,85.72037506103516,5906100
2020-02-26,86.57231808905871,87.08922576006087,78.32095144199192,78.81871032714844,9748000
2020-02-27,76.10973833534752,77.12440485091935,67.48505104362191,73.70707702636719,14785900
2020-02-28,70.75878642505823,77.88061484488824,70.33760812821744,76.97124481201172,9924700
2020-03-02,78.01463302952129,78.02420742200634,73.49648378863728,77.11483001708984,7890200
2020-03-03,78.26351935273908,78.43582190899576,73.49648683171905,74.84619140625,7591300
2020-03-04,76.53090567272241,76.72235698040835,72.09891196926192,75.96614074707031,10264600
2020-03-05,72.53422625670369,73.39462100743505,62.04513846500901,63.591915130615234,16079000
2020-03-06,60.614371812475035,67.99057143041323,58.35220853393728,62.8475341796875,16949000
2020-03-09,54.359593177221996,54.42726443747723,45.784641419353406,46.664371490478516,19180300
2020-03-10,49.33256031353263,50.94701211742315,38.86280638216182,49.951271057128906,30322600
2020-03-11,46.94472039109833,49.3035558533337,39.82953997594071,42.89409255981445,23724700
2020-03-12,32.86904170949852,38.244098093132976,28.04502669163761,29.26311492919922,28866300
2020-03-13,35.77891633435804,36.097941150325696,27.658331926163,31.254592895507812,27483000
2020-03-16,28.90541954637224,34.299808874841965,28.306043978710854,28.944089889526367,25379100
2020-03-17,30.18151463987479,30.394197862471835,25.937541745517947,26.739933013916016,18129200
2020-03-18,25.1544829945676,25.42516802179332,18.609676753520077,21.58722496032715,24554800
2020-03-19,21.03618579633361,23.346685368251674,19.866433709478574,21.66456413269043,17031500
2020-03-20,23.636708455882953,27.16529635589053,21.268203263929394,23.017995834350586,22221500
2020-03-23,23.23067689297096,28.344711608393656,22.012588779536557,27.252300262451172,20278800
2020-03-24,33.352407132542965,38.2730957526536,31.070908547340203,33.32340621948242,28057200
2020-03-25,39.15282773767943,43.93817408762388,33.55542259084861,40.99929428100586,32761400
2020-03-26,41.40532275611075,48.21114436946872,36.5909721255945,39.2591667175293,35085100
2020-03-27,36.26228461499863,36.28161978760087,31.708956569673635,33.35240936279297,31129200
2020-03-30,31.23525454623716,31.544609900545975,27.16529332586552,28.779743194580078,25443700
2020-03-31,27.687328751745476,34.46415269841084,27.358638241935374,31.09990692138672,26187400
2020-04-01,29.292112720148577,29.833486441696888,24.748452663083455,24.912797927856445,24415500
2020-04-02,24.651777230898617,27.020282055350187,23.15333660736609,23.994396209716797,29239400
2020-04-03,24.85479281628076,25.338161032954318,21.50988564197337,23.57870101928711,26467300
2020-04-06,25.908534289887488,29.2051052037036,24.990135833689315,28.625064849853516,33519300
2020-04-07,34.13546789465926,38.427776721613846,30.597210530315593,32.43400955200195,51068300
2020-04-08,33.71976558980422,36.542634017681074,32.53068029824185,36.31061935424805,28694300
2020-04-09,39.46218537848287,43.6191517745834,35.53723368746118,38.882144927978516,46241200
2020-04-13,35.1118719417633,35.47923287109989,32.143990965671726,32.2599983215332,34049200
2020-04-14,34.75417882908171,37.7027244942779,34.18380413152778,36.5813102722168,32458600
2020-04-15,33.85510976951301,36.59097191225733,33.25573422349452,35.74991226196289,22565500
2020-04-16,35.28587938310252,35.83691884830725,31.91196764959006,32.87870407104492,24760200
2020-04-17,35.87558954605652,36.35895776157804,33.8357750865066,36.14627456665039,24741700
2020-04-20,34.32880617164241,35.972258704480296,33.748765836667395,34.792842864990234,15153000
2020-04-21,33.35240789051786,34.580163638009985,32.385671429923136,33.28473663330078,15515200
2020-04-22,34.164465281727146,34.551161325431806,32.50167745672661,32.87870407104492,9840700
2020-04-23,33.22672616929765,35.96259171545083,32.99471151848284,35.653236389160156,21504000
2020-04-24,35.86592040612172,36.23328128546971,33.83577535966458,34.49315643310547,14773900
2020-04-27,35.121540852091876,38.26343465931233,34.66717349064166,38.1570930480957,19029200
2020-04-28,40.50625930297968,41.579333679897765,38.25376157247658,40.20656967163086,23428800
2020-04-29,43.503138552801055,46.98338816190244,42.94242966352882,46.46135330200195,28659800
2020-04-30,45.929642944153926,46.9447190746797,42.90376078577648,45.21426010131836,21274400
2020-05-01,41.69533961292898,43.25178571919301,39.24949415116844,39.413841247558594,20273800
2020-05-04,36.358950753429966,40.361238216462546,35.78857622154136,39.99387741088867,22844900
2020-05-05,40.245243956502215,40.86395476379406,35.78858783248107,35.96260070800781,25370100
2020-05-06,36.93900463995151,37.21935913932149,34.802517636768144,34.90885925292969,15416900
2020-05-07,35.266543447648054,37.673718707524245,35.23754253573125,36.764984130859375,13834900
2020-05-08,38.95947434210586,40.013217115842366,37.26768572202106,38.59211349487305,15948800
2020-05-11,37.80905651910265,38.16674791028959,36.5232954959349,36.80364990234375,9389600
2020-05-12,37.65438950790734,37.91540881996908,35.111871338838384,35.13120651245117,10499900
2020-05-13,35.749909664058215,35.7789105743657,32.28899545998666,33.381404876708984,22563500
2020-05-14,31.902304250690392,34.67683695142203,30.3651930801903,33.98078918457031,22829500
2020-05-15,33.255735413184915,36.997004448630975,33.226730811925584,36.204280853271484,18249400
2020-05-18,39.829542538306214,43.4838051447812,39.829542538306214,42.24638366699219,29372600
2020-05-19,42.304382544064175,42.83609050554542,39.55885106580635,40.74794006347656,17966900
2020-05-20,41.763011660445514,42.16903916315974,38.3891001276054,39.37517166137695,22451000
2020-05-21,39.82954266940158,43.57081171633559,39.00781447025957,41.908023834228516,28093800
2020-05-22,43.16478749925327,43.88983989607517,40.62226939514513,41.705013275146484,15272600
2020-05-26,45.54295940879232,48.68485319272175,45.11759296707907,47.91146469116211,27211800
2020-05-27,52.33911128604694,53.479860602382786,47.66010667824089,52.48412322998047,31922200
2020-05-28,51.662397467623954,52.88048752834225,49.62258654109402,49.98027801513672,21502300
2020-05-29,48.336815491833775,51.06301159054869,47.45708559739465,50.14461135864258,19047800
2020-06-01,50.27029502611189,54.204912053323405,49.84493231888603,53.789215087890625,19886400
2020-06-02,55.35533157209752,56.49608096194893,53.5475353103393,54.137245178222656,18216000
2020-06-03,52.88048064104574,56.844098317738194,52.78380479051262,56.17705154418945,18385800
2020-06-04,55.53900432194854,58.31353662769503,53.73120837102168,55.771018981933594,33102100
2020-06-05,62.702525719586184,72.10886709510741,62.451172181493,67.13018035888672,61286500
2020-06-08,72.56322951092795,73.03693564227073,67.76821800483745,72.6212387084961,32661300
2020-06-09,68.47394471655363,69.33433956942845,64.4136471897466,67.58454895019531,22273600
2020-06-10,65.58339572269324,65.58339572269324,58.77757407360693,61.474769592285156,25167000
2020-06-11,54.15657820060469,58.0041889590159,52.271441321875265,52.69680404663086,29730900
2020-06-12,58.58422292484818,60.61437152763014,55.103973445517106,59.14493179321289,25974100
2020-06-15,53.89555668992401,59.72497626032342,53.47985972446596,58.80657958984375,20473000
2020-06-16,64.2879698791504,64.66499648087378,58.52622188482946,60.421024322509766,21519800
2020-06-17,57.047113605678916,58.236202628458166,54.87195669560086,56.09971237182617,21778900
2020-06-18,54.66894366979665,59.63796826549151,54.340253140348004,57.37580490112305,21486000
2020-06-19,58.93225547831684,59.086933169028676,52.89982185274802,53.43152618408203,24765400
2020-06-22,51.720399722305345,52.33911045603709,48.675178450448726,50.134952545166016,26221000
2020-06-23,50.86966915890966,52.78380681935957,49.64191346849753,52.55179214477539,18591800
2020-06-24,50.173623635223485,50.714993691398085,44.97258045964445,46.63536834716797,26872900
2020-06-25,43.84149242167609,47.553760189115735,43.744820260863094,46.964054107666016,21698800
2020-06-26,47.00272826536586,47.283082739423655,43.918840114151536,44.866241455078125,14396000
2020-06-29,44.5568829459803,48.81052478372529,43.561145586646475,48.6268424987793,17409100
2020-06-30,47.95012624898256,49.08120980852124,46.19066621219518,48.6268424987793,14819000
2020-07-01,50.260627651732634,53.76987816992252,48.77185269309082,49.13921356201172,17917100
2020-07-02,51.20803202344068,51.836408516593245,47.718112774821314,47.863121032714844,13823700
2020-07-06,48.61717083197055,49.77725516341285,46.29700216908594,48.35615158081055,13304500
2020-07-07,47.28307807166582,48.09513681055224,45.842639185760035,45.97798538208008,9986200
2020-07-08,45.40761362757664,48.752520961968045,44.962912044220786,48.40449523925781,12332700
2020-07-09,49.22621766157453,49.40023051547005,45.0015804593485,45.55261993408203,13952500
2020-07-10,45.46561449118202,50.22195978759346,44.59555389067987,50.04794692993164,20560000
2020-07-13,50.35730537426346,51.140363281518276,47.718115122443805,47.892127990722656,13636900
2020-07-14,47.0993945077768,47.0993945077768,45.571949357955425,46.54835510253906,10562700
2020-07-15,49.7772576323518,56.72809084950475,49.64191144192847,56.41873550415039,33940100
2020-07-16,53.566867175488845,54.282253779517525,51.962084797172174,52.1457633972168,16256700
2020-07-17,50.37663810306747,52.56146090529177,49.78692826560056,51.37237548828125,10959700
2020-07-20,52.029754002078924,52.957820083285846,50.24129309426516,50.65699005126953,7672500
2020-07-21,51.140357952807484,52.16509619499954,50.23162336030447,51.04368209838867,8713200
2020-07-22,50.32830005495481,50.90834043992441,49.670918985158956,49.738590240478516,7258700
2020-07-23,48.8201904853361,49.71925567444704,47.756781870679255,48.771854400634766,11370100
2020-07-24,48.33682057039591,50.67632091585583,47.95012453071005,49.13921356201172,7006500
2020-07-27,48.89752791958783,48.90719366076261,46.6160294704506,47.66010284423828,7319600
2020-07-28,47.708440427858065,50.260627651732634,47.61176826183997,49.13921356201172,10081400
2020-07-29,49.45823603221352,49.72892105481907,47.96946103226932,49.303558349609375,4947500
2020-07-30,48.53017032929699,49.00386912268989,47.466758025957304,48.6268424987793,5437600
2020-07-31,48.356155324730715,48.62684033749571,46.28734001218292,47.08972930908203,7490700
2020-08-03,45.99731905347094,46.35501048399625,44.18951935495853,45.813636779785156,9292700
2020-08-04,45.687965760267524,48.42383184894255,45.581627842111004,47.495765686035156,7519900
2020-08-05,48.87819883728246,49.1585496199487,46.77071296925385,47.8824577331543,9849900
2020-08-06,47.27340954815698,49.864263291764985,46.935049608978936,49.40022659301758,8729700
2020-08-07,49.02320692030967,50.58932270202891,47.81478629801172,50.36697006225586,8397400
2020-08-10,49.4098938996719,56.322056374207854,49.4098938996719,55.40365982055664,19738000
2020-08-11,59.4349565028132,60.12133849723204,56.35106855495741,56.71842575073242,18211800
2020-08-12,58.506888945516565,58.7485730520226,53.199504344009156,55.287654876708984,12710500
2020-08-13,54.82361817625789,57.66582543929864,54.51426283559865,56.5540771484375,8594100
2020-08-14,56.003047676338944,58.72924440557306,55.684022850161206,58.4875602722168,9203400
2020-08-17,58.34254772966241,58.53589577196215,56.61209215498798,58.2845458984375,8097400
2020-08-18,58.004188335388676,58.564897259444784,56.75709740110415,58.39088439941406,7827000
2020-08-19,58.20719712269155,62.01614085725411,58.04285370663513,59.057926177978516,10438600
2020-08-20,57.9655194364198,59.705644392298815,57.29847258154484,59.48329544067383,5405900
2020-08-21,59.46396026820987,60.933400185207525,59.2512807467204,59.48329544067383,5980700
2020-08-24,60.943064069793415,63.03121087659045,59.16426893084897,62.286827087402344,12221500
2020-08-25,62.431842285673866,62.92487256926903,60.61437671036278,61.938804626464844,7931400
2020-08-26,61.60044293952342,61.948468624258496,59.83131360472232,60.74971389770508,5710300
2020-08-27,61.90980070052475,65.3223790542889,61.84212944671916,64.3846435546875,9902900
2020-08-28,65.55440077190259,68.8799767462331,64.4233208186382,67.78756713867188,13883000
2020-08-31,67.7972391844069,69.17001084451985,65.93143713905457,66.5501480102539,8218300
2020-09-01,64.76166623201681,66.8691517768976,63.485574540889836,66.23110961914062,6146000
2020-09-02,66.87883365050848,66.87883365050848,64.51033209481416,66.09577941894531,6132200
2020-09-03,68.73496299819789,71.96386671172947,66.63714658399778,67.86489868164062,12987800
2020-09-04,70.05938581399849,70.6877659287242,66.29878193011527,69.55667877197266,7898800
2020-09-08,67.69088216455626,71.05512821511329,67.23652223407036,69.1313247680664,7383800
2020-09-09,68.27093840573016,68.44495128125732,65.36105929993172,67.77790069580078,6760600
2020-09-10,68.37726302865747,71.60615879101448,67.75854499947194,67.806884765625,6334400
2020-09-11,68.14525679951589,68.23226692363981,65.88309683089653,67.03350830078125,4109400
2020-09-14,67.99057431133997,68.81229879469889,67.05283880215099,68.58028411865234,4715900
2020-09-15,68.33858605315179,68.48359058630118,64.71332521217592,65.4383773803711,8654800
2020-09-16,65.43840034409001,68.87998014998374,64.77134975507244,67.2945327758789,6676100
2020-09-17,65.78642216189341,68.07758295996624,65.26438356375152,66.463134765625,5638300
2020-09-18,66.22145682508531,66.78216582090513,62.3738419277879,63.27290725708008,9855000
2020-09-21,60.02466040382021,60.53702949165324,57.153452250598676,58.6905632019043,8709800
2020-09-22,58.970924997129956,60.96240346398781,58.642234447994326,60.295352935791016,5057600
2020-09-23,60.92371982085572,62.93452933301091,59.1352555191544,59.20293045043945,5252900
2020-09-24,58.62289703790515,59.20294111366268,56.33173271135103,57.97518539428711,6456400
2020-09-25,61.117069979309925,62.75085668418594,59.724967349090704,62.44149398803711,7922100
2020-09-28,63.93027953542314,64.60699948375307,61.21375243915943,63.89160919189453,5677500
2020-09-29,63.66926206586066,64.02695720128276,61.39742923568252,62.25782775878906,4396300
2020-09-30,64.25896625743925,65.94108543846248,62.04513913455749,62.576847076416016,7994700
2020-10-01,62.9828794560277,63.72726325673312,61.45543413699587,63.36957550048828,5432000
2020-10-02,60.42103097597208,63.57259401685074,60.227682939287554,63.08922576904297,4949000
2020-10-05,62.83787139074099,63.90128004684611,62.354503149273754,63.07955551147461,3575800
2020-10-06,63.804613374266296,67.58455688870347,63.58226071875219,63.9786262512207,7355400
2020-10-07,65.2257075356578,66.35678737861275,63.90127598304376,65.75740814208984,4551400
2020-10-08,66.52112414648266,67.05283207534535,65.01301784005446,66.98516082763672,4740300
2020-10-09,67.09150141266217,69.71135592860784,66.5114611015812,68.72528076171875,6369900
2020-10-12,68.01957124186788,68.37726635219339,66.87882203596861,67.5072021484375,4336100
2020-10-13,62.05481310942276,62.48984154782279,58.033186065205804,58.593894958496094,23821400
2020-10-14,59.30927823285906,60.40169142632547,57.656159830228546,57.917179107666016,18061300
2020-10-15,56.718426171809405,57.569155286701836,55.92570257195745,57.40481185913086,7955200
2020-10-16,57.51115382846763,57.98485263034664,55.974042704198354,56.87310791015625,6332200
2020-10-19,57.540156385779056,58.84524917348179,56.81510401754264,57.72383499145508,6251900
2020-10-20,58.77757513997024,59.976329954844395,58.02352189269221,59.73464584350586,6258700
2020-10-21,59.51229363261346,59.521959373900714,58.02351870352257,58.67123031616211,3869300
2020-10-22,59.06759435327499,61.349092916401304,59.048262869959586,61.28142166137695,6314300
2020-10-23,61.78412756591878,62.615517831226974,60.78839018327512,62.33517074584961,5040600
2020-10-26,60.15034255622703,60.19867864072941,53.953562115166726,56.32206344604492,12161300
2020-10-27,56.15771833233601,57.433810101418324,55.37466051084183,55.471336364746094,5285500
2020-10-28,53.296181102242926,53.76021415205937,51.295036961494034,51.3530387878418,9382600
2020-10-29,51.256370801085794,52.561463629698146,49.62258740772414,52.0394287109375,8947300
2020-10-30,51.20803222491965,55.877367478233914,49.661251653320704,54.543270111083984,17043800
2020-11-02,53.17050211437388,55.2006470836182,52.058753776859746,55.12331008911133,7320100
2020-11-03,55.007302422734035,56.69909111620187,54.46592871321392,55.65501403808594,4837500
2020-11-04,55.30698560582336,56.660417968679845,54.523931523830626,55.08463668823242,3503500
2020-11-05,55.848360617172204,58.313537626630456,55.71301811522803,58.16852569580078,4516500
2020-11-06,57.82050462015593,57.98484803575916,56.26405844741169,56.62174987792969,4250900
2020-11-09,70.83276732236115,76.23682721709099,68.8702937617428,72.9209213256836,27736800
2020-11-10,71.56750524662891,72.14754569850908,68.98632044161279,71.2774887084961,11446100
2020-11-11,71.35481596322467,71.46115756418797,67.38152851083629,68.52227783203125,10404000
2020-11-12,65.80574640257348,68.75429537056048,65.41905036774698,65.83474731445312,6968100
2020-11-13,67.04316350694008,68.76395300698724,66.36645102117308,68.2612533569336,4567000
2020-11-16,73.26894848032882,74.66105117747138,71.5578210191556,72.98859405517578,12110100
2020-11-17,72.12820983516637,74.18735589582924,71.28714643683779,72.83392333984375,5924500
2020-11-18,71.64483020074611,73.94566001716842,71.58682838098485,71.6641616821289,5810000
2020-11-19,71.39347368117552,72.55356165681468,70.78443247250347,71.96385192871094,3532400
2020-11-20,72.23454875112736,72.64057629013199,70.11739356463875,70.16573333740234,4593000
2020-11-23,71.11313633933895,73.90700430341784,71.11313633933895,73.25929260253906,4973100
2020-11-24,76.49784715832496,79.84275415085618,75.73412453241097,78.91468811035156,8096200
2020-11-25,77.77393988131558,78.91468912029589,76.82654234633986,77.41625213623047,5114000
2020-11-27,77.89963470714501,79.41741082948312,77.75462274628677,78.76969909667969,2194300
2020-11-30,79.2723911748784,79.2723911748784,75.11542137034039,76.1884994506836,5833900
2020-12-01,77.3389171132414,77.9962982037285,75.55045613012047,75.68579864501953,3469200
2020-12-02,74.78672466387327,78.66333949450556,73.4429617267427,77.9576187133789,3845200
2020-12-03,78.5376690187996,82.2692723954579,78.32498581459411,81.59255981445312,5937600
2020-12-04,80.23912686825864,80.96417921947784,77.75461443977204,79.97811126708984,8543100
2020-12-07,79.5140628982893,79.69774516062127,77.62893001082423,78.90502166748047,5566400
2020-12-08,77.98662901635176,81.06085127618438,77.83195501696366,80.07478332519531,4374300
2020-12-09,81.11886391330246,82.14360225141824,78.1799840443896,79.63008880615234,6767500
2020-12-10,78.06396030198172,79.87175993261673,77.67726428666354,77.9576187133789,4513000
2020-12-11,78.29597882741554,78.75034611468143,73.72331979413467,73.91666412353516,6149100
2020-12-14,76.1884945563167,76.78787378923379,71.49015498626187,71.59649658203125,6263400
2020-12-15,72.16688586028236,72.22488769383128,68.39661179169498,71.58684539794922,7261100
2020-12-16,71.59650002086866,72.15720893901785,69.94338155579891,71.20014190673828,3570000
2020-12-17,71.55783258221672,72.00253786336302,70.19473795067907,71.48049926757812,3298300
2020-12-18,71.28714860349497,72.01220099027962,69.1990015648746,69.88538360595703,4961400
2020-12-21,66.71448048366261,69.83703489978669,66.46312695654612,69.4310073852539,4991100
2020-12-22,69.4310024015925,69.48900422075866,66.28910935280379,67.37185668945312,4562300
2020-12-23,67.81656704144889,70.44609150508825,67.77789669632313,69.04431915283203,3764200
2020-12-24,69.36334001616144,69.46001218566053,67.7392224914902,68.30960083007812,1712400
2020-12-28,69.50835650479783,71.5288322692599,68.83163652281215,70.46542358398438,3917600
2020-12-29,71.59649334374063,71.9251875455102,68.50293990386172,69.21832275390625,3461300
2020-12-30,69.2183216925813,71.60616167469377,68.82196362149286,71.29680633544922,4429400
2020-12-31,71.05513235860134,73.23028947161976,68.83163547060354,72.20555114746094,6275500
2021-01-04,72.31189384472746,72.73725289339497,67.56521404384566,68.36760711669922,5732800
2021-01-05,68.15491387670605,70.83277036815223,68.0872426260374,70.13672637939453,4029500
2021-01-06,70.28173859755786,71.60617022004836,68.77363206071755,69.79837036132812,3612500
2021-01-07,70.22374186602381,72.93060713561162,70.22374186602381,71.51917266845703,3993700
2021-01-08,72.41823390451077,72.97893546245677,69.56635683764671,70.54276275634766,3104200
2021-01-11,68.92830764320082,70.66842872200282,68.49327184179033,69.72103118896484,2723400
2021-01-12,69.74037002354916,70.29140952960238,68.45460871755361,70.05939483642578,2763100
2021-01-13,69.39234288246935,70.09806375334098,68.41593697913649,69.84671020507812,2772100
2021-01-14,71.14214157815971,73.98434949139704,70.92946572548942,73.31729888916016,5228200
2021-01-15,72.5438912193251,73.752311567377,70.44607526525401,70.4944076538086,3125000
2021-01-19,71.53850450791498,72.18621622452834,70.04972933983868,71.03580474853516,2505600
2021-01-20,71.5771705515145,72.65991807473144,69.86604283514144,70.39775085449219,2432300
2021-01-21,70.08838352815275,71.06478928109584,68.65761052258425,70.2430648803711,3098400
2021-01-22,69.2859983935518,69.875708207821,68.3095999065144,69.56635284423828,2636600
2021-01-25,68.3772622597641,68.50293532449099,64.68432986094767,66.14409637451172,7703000
2021-01-26,66.704820446502,66.79182319374601,64.26864764068269,64.28797912597656,4754600
2021-01-27,63.25357382651313,66.25045570684816,62.19982713395183,63.9786262512207,4557600
2021-01-28,66.98516560927403,68.23225644230865,65.20636680942155,66.7531509399414,5089900
2021-01-29,66.36646119837533,67.02384230347727,62.12248861748376,62.83787155151367,5937800
2021-02-01,63.756263950458965,64.33631170296532,62.509180459165556,63.56291961669922,3547900
2021-02-02,64.93568787968142,66.61781467278993,63.649926585426975,66.39546203613281,3839200
2021-02-03,66.70482748797728,67.70056503704721,66.03777685290065,67.11085510253906,2907700
2021-02-04,68.05825300390973,69.47935687928242,67.55554587931896,68.48361206054688,3588800
2021-02-05,69.28600023856413,70.56209206927558,68.66728949492305,69.1989974975586,3131300
2021-02-08,70.08839522639447,70.08839522639447,68.23226294364974,68.3482666015625,2701200
2021-02-09,68.396595123788,68.396595123788,66.0377561261072,66.59846496582031,3017000
2021-02-10,66.94648906384984,68.3385917020523,66.26010717296187,66.48245239257812,4418300
2021-02-11,66.70482243057772,67.5072155430061,65.16771484529855,65.7284164428711,3277700
2021-02-12,64.44265815004327,66.02810540817877,64.43298871994337,65.38038635253906,3173500
2021-02-16,66.70480832842016,72.27321178448601,66.10542913459626,71.7318344116211,9398900
2021-02-17,70.91978354997784,74.10034722046811,70.07872021897812,72.611572265625,5978000
2021-02-18,71.83817723403823,73.45263257604536,70.47508278880439,72.6212387084961,3583600
2021-02-19,74.07133392212644,77.07788424122892,73.95532291723195,76.24649047851562,5659900
2021-02-22,76.92321141717062,85.79785144473192,76.38184141895498,83.36167907714844,15159300
2021-02-23,84.40574829849041,87.46063870261983,80.01676438752706,87.05461120605469,10128200
2021-02-24,88.6207350094368,93.8507831224114,88.5724026088102,93.44475555419922,9811100
2021-02-25,94.7498452833161,95.93892703357947,85.56584864447956,88.58206176757812,10355800
2021-02-26,87.9730223552638,91.09558452589123,86.30056494873412,90.16751098632812,5564400
2021-03-01,89.69380423083388,90.0224984502844,86.72592370443611,88.31137084960938,14470200
2021-03-02,89.61646388556309,92.32332883300664,88.93008190706149,90.50586700439453,19538300
2021-03-03,90.90222917738105,94.1214633955812,90.80555700541515,91.33726501464844,8771600
2021-03-04,92.94203591778195,93.1740505861434,84.96646070257906,88.5627212524414,6512100
2021-03-05,86.91927530750512,87.53798602800008,77.87062180074942,83.63236999511719,9546100
2021-03-08,85.0631426407696,86.62925842729682,82.40461726355242,84.98580932617188,4828500
2021-03-09,86.0395397045424,87.2479602060107,82.55929013543641,86.5809097290039,3774800
2021-03-10,87.00626646595383,89.02674178025804,83.58401909988612,84.41541290283203,5553700
2021-03-11,85.61418804691678,86.68726622675702,83.42936871508208,85.06314849853516,4751600
2021-03-12,84.81179192981769,87.31563579283983,84.73445124373782,87.21896362304688,3922600
2021-03-15,89.18144087505884,93.6767670121765,88.93975675344622,91.40493774414062,7997300
2021-03-16,90.39951974287662,90.8732184975325,85.40148712004634,86.542236328125,5421100
2021-03-17,86.58091165881866,88.40804290771484,84.99546451560306,88.40804290771484,3985800
2021-03-18,88.58206257113746,89.09443911009947,85.28549495145427,85.46917724609375,4037300
2021-03-19,85.80751406515265,88.01167159798793,83.65168892083001,87.70231628417969,6079500
2021-03-22,86.48423346314658,87.25762549765936,84.92778734100906,85.94286346435547,3828000
2021-03-23,84.48310013405225,85.13081180348777,80.27779793427128,81.10919189453125,6076400
2021-03-24,83.13932893874731,86.13621025095159,77.88028065498379,78.8663558959961,8644500
2021-03-25,77.33891828803877,81.44754832209082,76.23683929248334,80.67415618896484,4898100
2021-03-26,82.1339419096233,83.45837372714149,78.96304699312793,81.74724578857422,3321400
2021-03-29,81.83423093622145,82.36593148667899,78.88568221094559,80.11344146728516,2536100
2021-03-30,80.37446167618062,83.11032738923649,80.29712099598655,82.51094818115234,2715700
2021-03-31,82.29827706916174,83.95139562880428,81.63123388758869,82.76231384277344,3189700
2021-04-01,83.62270490959075,84.89879675885128,82.63663695245877,83.78704833984375,2397600
2021-04-05,86.46490950623036,88.26303987369026,85.76885808971507,86.18455505371094,4770900
2021-04-06,86.18456611587268,89.22978776618757,85.63352656967207,87.74101257324219,3563100
2021-04-07,89.90648301592377,92.12997963215426,87.87633810036426,88.01168060302734,5531500
2021-04-08,87.9053551434372,87.9053551434372,84.52177720469923,86.80327606201172,4802300
2021-04-09,86.40689821043702,87.46064473923968,85.72051624012222,86.89026641845703,2348800
2021-04-12,86.06853424952818,86.06853424952818,82.87830878701803,84.1640625,3545300
2021-04-13,82.05658628149556,83.9610582462937,80.81916481975826,83.65170288085938,3996000
2021-04-14,83.86438607752304,85.77852747188236,83.48735945638788,83.65170288085938,2276300
2021-04-15,84.17373644878961,84.18340587777708,81.06084412001707,81.68922424316406,3444500
2021-04-16,82.39494759152133,83.9320549454019,81.88257109794765,82.54962158203125,2459100
2021-04-19,82.28862551397332,82.88799751083081,80.63550674340259,80.99319458007812,2564200
2021-04-20,80.23912312498946,80.24879255439319,76.4011783448165,78.37332153320312,4626900
2021-04-21,78.45066905388154,81.9019180904179,77.38726037082036,81.87291717529297,3265900
2021-04-22,81.59255073424751,83.67103539547344,80.82882812032668,81.37986755371094,2982200
2021-04-23,81.83423991109056,83.10066226856839,80.50980835265318,82.95565032958984,2512100
2021-04-26,84.49276304558094,85.88485844963132,83.7870422265532,84.04806518554688,2229500
2021-04-27,84.11573891208391,85.28548910832005,82.96532019919447,84.7151107788086,2112200
2021-04-28,84.35743390128219,85.48851390111233,83.70971480360568,84.5604476928711,1943400
2021-04-29,87.06427598850807,89.37477534575417,81.90190726162409,82.07592010498047,6561300
2021-04-30,81.35087398569819,84.56043871426377,81.02217975639688,84.05773162841797,3741200
2021-05-03,84.55077347544056,85.73986261670248,83.80638961508998,84.98580932617188,2749100
2021-05-04,84.1060685708088,84.20274073772151,80.17145163499207,81.1961898803711,4689900
2021-05-05,81.28318982755243,81.97924114325146,79.65907254945893,80.2391128540039,3109800
2021-05-06,80.34546327833772,81.08018501193807,76.39150754318597,78.015625,5478700
2021-05-07,78.39265271633845,81.747229272075,77.77394199791244,81.48621368408203,3668900
2021-05-10,81.10918268283224,82.03724871026643,80.26811938815135,81.13818359375,3584500
2021-05-11,78.67300425553896,80.2101189410435,77.17456728607186,78.57633209228516,3634800
2021-05-12,77.45493306986727,78.30565855699368,75.21210462597547,75.45378875732422,3686600
2021-05-13,76.21748530757502,77.3292335124673,73.59763085553887,75.85012817382812,3787800
2021-05-14,77.05856476244212,81.67956400631984,76.903890759302,81.46688079833984,4401700
2021-05-17,81.22517541152224,81.94056553755483,79.95875330087313,81.7278823852539,2397600
2021-05-18,82.0372634959398,84.36709472547057,81.15752970294203,82.15327453613281,3451600
2021-05-19,79.81375650424016,81.25419908100956,78.84702008388604,81.1961898803711,2823700
2021-05-20,81.93091295623616,82.14359615226793,80.17145293762825,81.84391021728516,3146100
2021-05-21,82.559298830177,83.02332822126662,79.92977436195523,80.06511688232422,3707200
2021-05-24,80.69348780084864,83.24567128506317,79.51406822279537,83.01365661621094,4098200
2021-05-25,84.10606281409103,87.62498255327522,84.09639338537752,86.03953552246094,7172000
2021-05-26,87.22861819708488,89.48110813454001,86.58089928099412,89.41343688964844,5894000
2021-05-27,89.79047905214667,91.9656360702515,89.62613562537051,91.60794830322266,5393400
2021-05-28,91.57895278059047,91.57895278059047,89.06543195566297,90.16751098632812,3786700
2021-06-01,91.79162525370378,94.29547655661894,91.75296228528507,93.04838562011719,3903500
2021-06-02,93.29006787077043,94.46948752550428,92.17831947283537,93.75410461425781,3576400
2021-06-03,92.8066886076194,92.91303019503134,90.79587525097388,91.56926727294922,3449800
2021-06-04,92.56502033302182,92.64236102355191,90.19651884654787,90.94090270996094,2721400
2021-06-07,91.47260753052346,92.97104463502953,91.10524295119359,91.33726501464844,3017200
2021-06-08,91.79161834716797,92.78736303595691,90.81521989236067,91.79161834716797,3253300
2021-06-09,92.1493179870486,92.29432992946376,89.4811233236967,89.70347595214844,2560300
2021-06-10,89.9064862482748,89.91615567755929,86.60991154554358,87.61531829833984,4126600
2021-06-11,85.49817533989305,87.71200273020763,85.20815145009628,87.0932846069336,3900100
2021-06-14,87.00628793986562,87.35431368167424,84.48310499956037,85.02447509765625,3047700
2021-06-15,85.47883396827814,86.00087252920284,83.80638406302492,84.03839874267578,2432900
2021-06-16,84.8697946328484,86.08788463653487,84.05773217185279,85.57550811767578,3330400
2021-06-17,85.33382869368185,86.8322732379615,83.1103391408065,83.53570556640625,3482800
2021-06-18,82.56896790699535,83.74838024007535,81.6892341527479,82.79131317138672,4091200
2021-06-21,83.34234859653344,84.61844041745508,82.13392803219045,84.49276733398438,2822900
2021-06-22,83.91272499625553,84.04806750628065,81.70855974238867,82.8106460571289,3118900
2021-06-23,82.85897816012574,83.94172561211042,82.85897816012574,83.29401397705078,1938500
2021-06-24,84.09639599657436,85.14047306165988,83.11032812995799,84.07706451416016,3585200
2021-06-25,84.3960955578566,86.89993943856669,83.85471812708681,86.25222778320312,5350300
2021-06-28,85.07281011684265,85.42083583918794,80.09411577692735,80.67415618896484,9627200
2021-06-29,80.73215043189282,81.95023285875347,79.68807345834429,80.2391128540039,5372500
2021-06-30,80.65482212790431,82.54962468035245,80.04578082106468,82.44328308105469,3732600
2021-07-01,83.04265893120592,84.20273967068464,82.49161947361152,83.03298950195312,2581700
2021-07-02,83.4873567592489,83.4873567592489,82.1435937425913,83.1780014038086,2258700
2021-07-06,84.58943591400642,84.89879127032452,79.83309454476037,80.21012115478516,4788200
2021-07-07,79.66874783069377,80.65481568330297,77.62893349895388,77.78360748291016,5203700
2021-07-08,75.84046878546353,77.8416128689338,74.54504553001742,76.80720520019531,4500500
2021-07-09,77.69660535995365,79.79442153019805,77.13589649053131,79.5914077758789,2876800
2021-07-12,78.52799658821604,79.2627109003358,77.35823911965169,78.82768249511719,2414900
2021-07-13,77.81260955881449,77.94795206265731,75.8211349660301,75.89847564697266,2888900
2021-07-14,76.37217870085223,77.24224297130114,73.442968470019,73.66531372070312,4095400
2021-07-15,72.60190330332928,73.1046103695556,69.97237907399823,71.74150848388672,6498100
2021-07-16,73.36562546506595,73.93600378150917,69.62435290823362,69.98204803466797,5115500
2021-07-19,66.63715173976361,68.47395268891823,64.67467769234389,67.19786071777344,10445500
2021-07-20,67.284844157235,72.80490747562071,67.0431600852797,72.39888000488281,7762900
2021-07-21,73.11427283998628,76.52685860046374,73.11427283998628,76.27550506591797,7363200
2021-07-22,75.405438435566,75.75346412608691,73.76198952247208,75.17342376708984,4791600
2021-07-23,75.44411336425773,76.23683695740503,74.40003622920116,75.13475799560547,4575200
2021-07-26,74.85440595356783,78.19931328983678,74.52571171499523,78.18964385986328,4651600
2021-07-27,77.3002467672017,78.228312887458,76.36251121713465,77.88028717041016,3946900
2021-07-28,78.43132537008321,79.05003610674673,75.47311419943492,77.42591857910156,2933700
2021-07-29,78.24764897028804,79.38839825221534,77.27124311124184,77.35824584960938,3356200
2021-07-30,76.11115664254363,76.8265394816522,73.86832858901391,74.31302642822266,5983200
2021-08-02,74.40970401074696,76.69120256987921,72.58257275267437,72.96926879882812,5211900
2021-08-03,72.60190925348181,72.66958051306447,69.40201381725115,72.01219940185547,6002300
2021-08-04,70.71677430221298,71.7608514606482,68.38693586768333,70.23340606689453,7719100
2021-08-05,70.18505591091787,75.82113047115607,70.15605500118697,75.50210571289062,6755800
2021-08-06,76.14017918468325,76.44953461183034,73.97468381903839,76.29485321044922,4235400
2021-08-09,75.66646030211541,75.85014259171015,73.26895798557642,74.81573486328125,3299800
2021-08-10,75.05741402875897,78.64400521266757,74.65138650807803,78.06396484375,3798200
2021-08-11,77.19390303608904,79.2723878512131,75.99515191912057,79.06937408447266,4295800
2021-08-12,78.87602309668257,78.93403229886569,76.22716729955123,77.6676025390625,2603400
2021-08-13,77.42592716847759,77.71595108529392,75.61813453058144,76.2658462524414,2968900
2021-08-16,75.3667767682226,76.12083005925787,73.52031388576624,75.8211441040039,2678600
2021-08-17,74.4870472401774,74.81573409648985,72.68891683339535,73.49130249023438,2845200
2021-08-18,73.23027426986911,75.9758018045114,71.92518174810287,74.64170837402344,3814100
2021-08-19,73.47197688482946,74.2260302043386,71.06480497048538,73.9553451538086,5516500
2021-08-20,73.64598559168569,75.77280290466736,73.48164215967458,75.60845947265625,3815200
2021-08-23,76.53651983059386,78.27664831931764,76.22716447433335,77.58059692382812,4642100
2021-08-24,78.30565227087278,80.76116373332935,78.30565227087278,80.1037826538086,5131000
2021-08-25,80.19077757492346,81.42820630295458,78.49898895624901,80.63548278808594,3812200
2021-08-26,80.13278950276383,80.52915501601144,77.51293442027182,78.13164520263672,3310400
2021-08-27,78.34432242656685,80.91583753621774,78.08329945594423,80.490478515625,3203900
2021-08-30,80.92550616081992,81.0125162753665,78.48933358772115,79.16604614257812,2942400
2021-08-31,78.8373619394804,80.64515441479405,78.74068239216004,79.97811126708984,2923600
2021-09-01,80.66449030526101,81.0028465815857,79.16604588431984,79.50440216064453,3513900
2021-09-02,79.8621076093037,81.15753105612649,78.08330850809102,80.17146301269531,4047300
2021-09-03,79.76543011281633,80.1327873249823,76.072497004108,76.78787994384766,5111200
2021-09-07,75.40543194177043,78.99202275546574,74.84472311359484,78.74066925048828,4218700
2021-09-08,78.73100323811319,79.92975413326366,77.11654808124652,77.61925506591797,2430600
2021-09-09,77.48392402382817,80.18111946798959,77.22290106518584,78.93402862548828,2797600
2021-09-10,79.6977481004196,80.5194725335841,78.7600126485115,78.84701538085938,3082700
2021-09-13,79.61074277671429,81.8729098366757,77.46458674246824,81.05117797851562,4024300
2021-09-14,80.7611608289186,82.0952544236679,79.24338495549885,79.67841339111328,2539200
2021-09-15,79.27238852915156,80.77083296988711,78.04463648866523,80.490478515625,2192300
2021-09-16,80.2971333410713,80.96418390297599,79.55274946269634,79.79443359375,2282300
2021-09-17,79.77510140418018,82.01793003289195,79.77510140418018,81.00286102294922,5422400
2021-09-20,78.97269515760071,80.60647458125365,78.06396062419411,80.20044708251953,3457100
2021-09-21,80.98350578404325,82.06625321797762,79.49473820385204,80.16178131103516,2975500
2021-09-22,80.52915656224052,83.32302456689322,80.52915656224052,82.49163055419922,4821200
2021-09-23,83.74837275026378,86.26189332297275,83.40034705175373,85.22748565673828,5090500
2021-09-24,85.22749014237493,88.28237353099598,84.87946442554782,87.67333221435547,5984100
2021-09-27,88.90109236146343,92.06232501416704,88.78508132010056,89.33612823486328,6276600
2021-09-28,89.01709294095447,91.4726043774383,88.63039689080651,88.91075134277344,4014400
2021-09-29,89.37478139124443,89.83881813012091,87.15129199308183,87.65399169921875,3248000
2021-09-30,87.31562713799762,87.50897145841898,85.33381466342009,85.99119567871094,3201000
2021-10-01,89.22978051865277,90.79588890401081,88.38871712145432,89.25878143310547,5114400
2021-10-04,88.96875667970322,90.09017453182418,87.38330944958419,88.03102111816406,3290100
2021-10-05,88.69807952358913,89.47147172308698,87.40265607138704,87.98269653320312,2253100
2021-10-06,86.35856124694027,87.7023242041065,85.48849704340485,87.07394409179688,2423200
2021-10-07,87.8666777173372,87.8666777173372,85.5851790438308,85.83653259277344,3003000
2021-10-08,86.20387815903248,87.05461086347412,84.67643296297864,84.81178283691406,2565700
2021-10-11,84.59909515890062,85.76884518964717,83.62268943672228,84.41541290283203,2253300
2021-10-12,84.54110035986376,86.27155950594481,84.13507281737247,85.72052001953125,2997500
2021-10-13,85.55616709367406,85.65283925368554,83.56469257010787,83.84504699707031,2753200
2021-10-14,84.42509638473427,85.20815055308263,83.85471804096889,84.0093994140625,2070400
2021-10-15,84.64745122595903,85.65285813809541,83.40036017270185,83.44869995117188,3269900
2021-10-18,83.3230087148566,83.73870564211809,81.77622464790304,83.0233154296875,2428800
2021-10-19,83.12001447575355,83.12001447575355,81.30254498316529,81.66024017333984,2912800
2021-10-20,81.68922161448928,82.5786172867721,80.83849628129872,81.11885070800781,2365800
2021-10-21,81.31220430681151,82.09525847985223,80.44214001698079,80.9448471069336,1793400
2021-10-22,80.4711326772603,82.04691766711646,80.10377551506002,81.81489562988281,2315800
2021-10-25,81.76656938377772,82.75263730150017,81.24453082417865,82.0855941772461,1907100
2021-10-26,83.40035373123376,83.86439049161608,81.57322235552894,81.61189270019531,2231400
2021-10-27,81.88256440824529,82.29826132622318,80.6354810299245,80.71281433105469,1987700
2021-10-28,80.63547770829612,81.950232280705,79.77507562229468,81.4475326538086,1895700
2021-10-29,81.20584699155796,83.43900542362982,80.75147976281673,81.62154388427734,3366300
2021-11-01,81.62155683153519,85.47883311032497,81.15752010127734,85.34349060058594,3315800
2021-11-02,84.82143708653861,85.61416052190393,83.52601404302477,84.860107421875,2156700
2021-11-03,84.27041462126368,87.33496739924959,83.8643870821946,86.78392791748047,2829000
2021-11-04,87.25763961847264,87.85701153538338,85.26615738878728,85.77853393554688,1782800
2021-11-05,90.42852443817593,94.78850770095825,90.28351250193536,93.45440673828125,10283900
2021-11-08,94.10211538300601,95.00118050850793,90.12883565968623,90.59286499023438,4918300
2021-11-09,89.11376385160696,89.90648742419359,87.43164453916482,88.31137084960938,3738600
2021-11-10,87.06428157019259,88.45638440629126,84.92779491933287,85.79785919189453,2739600
2021-11-11,86.03955279549669,86.10722405885059,83.30368659376207,83.42936706542969,2759500
2021-11-12,83.46801715370532,83.75804102366577,80.69348840882364,81.75689697265625,3909200
2021-11-15,82.36593336999394,84.03839048655489,82.18225848047125,82.42394256591797,3021200
2021-11-16,82.17258828182072,82.23059010158823,80.04577130006581,80.56780242919922,3514100
2021-11-17,80.19078957410184,81.2058658474405,79.29172433576633,80.5001449584961,2417100
2021-11-18,80.96417597390221,81.1671897390318,79.34972790671914,80.18112182617188,2285800
2021-11-19,79.27239488463657,79.29172636982594,76.0821614085457,77.79328918457031,4430500
2021-11-22,78.30564345192052,79.09836695480433,76.27549861532665,76.63318634033203,3096500
2021-11-23,77.30023852928618,77.79327613849641,75.64712023728927,76.21749114990234,2262600
2021-11-24,75.57946447465525,77.29058493874714,74.53538722082904,75.73413848876953,2147700
2021-11-26,68.66729187651335,69.15066012272348,65.66074079503719,65.71875,10722900
2021-11-29,69.73071171875878,70.10773842117943,65.79609385903363,67.56522369384766,7839900
2021-11-30,66.49212895626171,67.82622991957635,64.65532830610145,67.4975357055664,8624200
2021-12-01,68.64795354770432,69.9723776898814,62.06447367528052,62.132144927978516,9692100
2021-12-02,63.80460774244014,66.99484107980776,62.112818900784525,66.58880615234375,7070300
2021-12-03,65.73808847103213,66.8111666817114,63.968958731737665,64.53933715820312,4668700
2021-12-06,66.41479277416781,71.95419601217286,65.46739516055347,69.84671020507812,8184800
2021-12-07,70.53309569705547,71.97353104837705,68.696294831773,69.25700378417969,5259900
2021-12-08,70.77477598525911,74.92207632086861,70.23340592300801,72.86293029785156,6857200
2021-12-09,70.80377562713127,72.91126138596277,70.80377562713127,72.2152099609375,2760300
2021-12-10,73.18193837395091,73.46229279910396,71.03578988334013,72.98859405517578,3503900
2021-12-13,71.4321497349272,71.63516348739923,68.53194062713278,69.75003051757812,4254300
2021-12-14,68.754293425731,70.86177901152764,68.71562308578086,69.21832275390625,4257100
2021-12-15,68.86064165159831,69.03465451033394,65.90242305309278,68.28059387207031,4385300
2021-12-16,68.83162053382874,69.94336873657322,66.09576245305931,66.51145935058594,5156400
2021-12-17,66.32777993060638,70.80376646569009,66.31811050217279,70.00138092041016,7720900
2021-12-20,67.81655464063863,72.0798579964807,67.34285590679237,70.2430648803711,6111800
2021-12-21,71.82852174070601,74.64172099664172,71.6931792267085,74.02301025390625,6787400
2021-12-22,73.81032825087479,77.30024750904245,73.05627498190586,76.81687927246094,4272700
2021-12-23,77.80294065334365,77.88994338003178,75.24108798374553,76.88453674316406,3859500
2021-12-27,74.22601091705299,76.15948349056565,73.03692941468573,75.85012817382812,2967100
2021-12-28,74.96075082774358,77.38726156400278,74.9510813973481,75.64713287353516,2363500
2021-12-29,74.86407266845046,76.15949596458485,73.81999553759921,75.61812591552734,3038600
2021-12-30,75.48278230229927,77.28091265400056,74.15835073661412,74.77706146240234,5293900
2021-12-31,74.09067984775712,75.58912427345403,73.69432174440841,74.34203338623047,3085400
2022-01-03,74.98974864759215,79.03070743920223,74.98974864759215,78.14131164550781,4677100
2022-01-04,79.49473543434212,80.75148829762546,79.01136724639932,79.63973999023438,4519400
2022-01-05,81.20585508939575,81.20585508939575,77.25190687593259,77.92861938476562,3362000
2022-01-06,78.63433898741238,80.11345194549729,74.89307366130622,75.3281021118164,5830400
2022-01-07,76.16916359806835,79.75575483972668,75.79213698342055,78.32498168945312,5106900
2022-01-10,78.9533625456692,79.04037265977392,74.6223874653497,77.2615737915039,4035500
2022-01-11,76.8072100664923,79.59141583771225,75.95648462284953,79.0113754272461,2990700
2022-01-12,79.31106708504828,79.92010845354699,77.96730387673122,79.52375030517578,2599900
2022-01-13,79.72674651722566,82.48194358958476,79.5624031108563,80.71281433105469,4265000
2022-01-14,80.54848281001475,81.43787859695615,79.09837809737002,81.35087585449219,2589200
2022-01-18,80.23911937903235,81.52488053200017,79.19504232057969,79.5914077758789,2528200
2022-01-19,79.64940982493935,80.04577528136608,78.02529241015296,78.91468811035156,3083800
2022-01-20,78.8760181167353,82.31760466296525,78.22830650889242,78.47966003417969,5003800
2022-01-21,78.14130168533535,78.26697475681233,74.97040760721475,76.45917510986328,5059300
2022-01-24,74.55471407893285,76.27550369673676,71.02612473170761,76.11116027832031,5615500
2022-01-25,74.97042040765598,77.97697158819572,73.36563423706708,77.50326538085938,4118500
2022-01-26,78.78901389770724,81.13818356416033,77.71593594046242,78.4119873046875,4343500
2022-01-27,79.15637071410544,79.54306673426629,72.97892594716872,73.44296264648438,4027600
2022-01-28,73.15294714966159,73.90700041858477,69.51802332123114,72.04119873046875,5426500
2022-01-31,71.78016952042572,75.35709084257901,70.33006508566964,75.22174835205078,3954600
2022-02-01,75.34744360338857,79.10804792013977,75.18309279633938,78.52800750732422,4679000
2022-02-02,78.05429810079849,79.23371773770228,77.06823017726384,78.53766632080078,3430300
2022-02-03,77.77394643137545,78.52800707707969,76.36251206353221,76.72020721435547,4822300
2022-02-04,75.54078374762601,76.07249173224209,72.41822922157482,73.0659408569336,8205700
2022-02-07,74.16802191909387,80.12311463946048,74.16802191909387,79.23371887207031,6927600
2022-02-08,80.64515948702964,83.6903810288045,79.29172687117256,83.41002655029297,6361900
2022-02-09,84.10607093560375,86.61958422407376,84.0867394519231,85.12114715576172,5728700
2022-02-10,84.45409522164134,87.53798679743728,83.8740548380306,84.90846252441406,5284700
2022-02-11,85.19846371651447,86.51322561673659,80.99316247159781,81.16717529296875,5555600
2022-02-14,81.60223025860957,83.32302002222178,79.82343129046596,79.99744415283203,4028400
2022-02-15,82.8106500136651,84.00940117785319,81.0318510638116,83.40035247802734,3551400
2022-02-16,82.98464299771679,85.8461890240496,82.65595618592658,84.1640625,4238900
2022-02-17,82.59796149624849,83.3906850599735,81.72789724932748,82.30793762207031,2697500
2022-02-18,81.77623829883314,82.50129068539593,80.20046043392449,80.90618133544922,3985200
2022-02-22,79.55273860386175,81.95024072631442,79.27238416503377,80.28746032714844,3491800
2022-02-23,81.32188574793096,81.73758278249271,77.16491540231347,77.38726806640625,4613800
2022-02-24,73.21094239020543,78.87601025655427,73.03692956321093,78.6729965209961,4650300
2022-02-25,79.28204272230131,81.08017275537263,78.06395296992119,80.97383117675781,3125800
2022-02-28,79.14672935674083,79.46574683435024,76.46886480178166,78.03498077392578,4949400
2022-03-01,76.8265411030523,76.8265411030523,70.62009532940478,71.21946716308594,7786600
2022-03-02,72.24421779578493,73.45263835229696,71.40315443323162,72.94026184082031,4290100
2022-03-03,73.55896685776045,74.61271333644741,69.25699296122764,69.46000671386719,5136800
2022-03-04,67.67155477746448,68.65762275895159,65.94109556308133,67.28485870361328,5647600
2022-03-07,66.03776646564836,67.16885375060905,60.95273421295122,61.17508316040039,9472700
2022-03-08,62.625180249714724,64.83900740021392,59.40595008708273,62.393165588378906,6770500
2022-03-09,66.23111737821696,68.13558939712266,65.01302736538142,65.79608154296875,4942600
2022-03-10,64.77133939668299,68.60928412013685,63.96894640714402,67.20751190185547,4325700
2022-03-11,68.09692047950115,68.09692047950115,66.01843555809064,66.15377807617188,2844000
2022-03-14,65.85408782958984,68.10657809106831,64.28797216816699,65.85408782958984,3950100
2022-03-15,67.0818441652545,69.33434194750531,66.69514809577916,68.3482666015625,3836200
2022-03-16,69.61468683763763,72.23454146892823,69.2666611605439,72.07019805908203,4873000
2022-03-17,70.04004253706876,72.466552734375,69.43100131848661,72.466552734375,2736500
2022-03-18,72.03153278229782,74.29369246677952,71.14212966965455,73.64598083496094,4270400
2022-03-21,72.79526489967759,73.31729614423234,71.78018857563494,73.13362121582031,3160100
2022-03-22,73.21095352652085,75.1637578815166,72.49556325360541,74.34203338623047,3117400
2022-03-23,73.47196682780468,74.51604391603124,72.59223315838783,72.9499282836914,3186800
2022-03-24,73.20127814239427,74.43869949942956,72.49555735641565,74.31302642822266,2455000
2022-03-25,74.31302790639383,75.21209303143776,73.81032086034065,74.38069915771484,2883900
2022-03-28,74.71906202756917,76.14016580670308,74.34203539746595,75.92748260498047,1992500
2022-03-29,77.33891232633113,78.49899306098072,76.40117683427621,78.25730895996094,3383400
2022-03-30,77.72562182923808,78.97271289163533,77.20358319551727,78.76969909667969,3419700
2022-03-31,78.7503658686142,82.55931059327867,78.7503658686142,80.99319458007812,5446800
2022-04-01,81.53454807822037,81.69889887902885,79.81375838944311,80.8771743774414,2556900
2022-04-04,80.45180489997225,80.98350549798714,79.39805838194881,80.64514923095703,2241600
2022-04-05,83.05232989842547,84.7054483018212,80.181121533091,80.66448974609375,3637200
2022-04-06,79.22404594552569,79.31105605785042,76.20783306305309,77.62893676757812,3155600
2022-04-07,77.4452504794474,77.62893274825657,74.2356860555504,76.55585479736328,3077000
2022-04-08,76.36251302948605,76.52686383771375,74.4870492604545,75.27010345458984,1999600
2022-04-11,74.43871188693576,77.31958995588228,73.98434454337176,76.13050079345703,1829500
2022-04-12,76.74920997581991,77.60960486887474,75.86948359807792,76.15950012207031,1934700
2022-04-13,77.52260313577564,79.7944324602863,77.45493187506645,79.24339294433594,2497400
2022-04-14,79.75575105557817,82.0662504051998,79.61073912399084,79.83309173583984,2276800
2022-04-18,79.24339333257359,80.17145950210981,78.295988302389,78.6150131225586,1514000
2022-04-19,79.3013976541613,82.07593419520876,79.3013976541613,81.66990661621094,2438000
2022-04-20,81.66989279135296,83.11999736425926,81.2058560827531,81.5442123413086,1867700
2022-04-21,84.15442156798075,84.76346295330136,80.32613825117639,80.6258316040039,4374100
2022-04-22,80.23912279142476,80.915835334601,78.43132303234889,79.00170135498047,1900300
2022-04-25,77.40658132213488,79.72675009938295,77.00055381441011,79.63973999023438,2632800
2022-04-26,79.17572388191907,79.41740801624995,75.96615887302957,76.05316162109375,2367400
2022-04-27,76.17883239599001,77.75461009605549,75.2604283770501,76.95221710205078,2029800
2022-04-28,78.24765795105158,78.62468461181084,75.99516004145893,78.00597381591797,2386100
2022-04-29,77.91895321640509,78.79868689031358,74.55471463798293,75.14442443847656,2861500
2022-05-02,75.18309440485086,76.17883919596436,73.60731656412625,75.7728042602539,3003300
2022-05-03,76.37217789821385,76.65253234772396,73.77165454376185,75.01874542236328,2406700
2022-05-04,75.13474562625944,75.52144161731691,71.61582612130037,75.22174835205078,3799600
2022-05-05,75.00907358284208,76.34317453251585,70.52341728603261,71.14212799072266,4510600
2022-05-06,70.12705827068265,70.75543839621399,67.42986287077794,67.52653503417969,3808200
2022-05-09,66.44380105997848,66.44380105997848,59.12560256378645,59.367286682128906,5978200
2022-05-10,63.611259876751525,64.06561980213971,58.071856902167255,58.89358139038086,5050900
2022-05-11,59.29961087018486,62.393168084964195,57.8301711009695,57.9461784362793,4238200
2022-05-12,56.69909561324415,58.33287892490772,54.282254430886034,55.8580322265625,5533900
2022-05-13,57.201793066858436,60.488698419720215,56.72809427906199,59.5799674987793,4633600
2022-05-16,59.512297095589396,60.94306659679215,59.09660012772159,59.34794998168945,3496200
2022-05-17,61.00106159127821,62.31582360399452,59.840980933287554,61.793785095214844,3103300
2022-05-18,60.053669045503966,61.05907586878134,56.98911617708814,57.61749267578125,3197700
2022-05-19,56.650760009653176,57.8011788573393,55.365002323648234,55.51968002319336,5054600
2022-05-20,56.16738361357608,57.037447852551246,51.797738311497994,53.566864013671875,4851900
2022-05-23,53.56686178118293,54.32091496499716,51.78806672392876,53.53786087036133,3406900
2022-05-24,52.58079343079452,52.696800768910975,47.53442812514379,48.075801849365234,6000200
2022-05-25,47.48609570034123,49.99961280524068,47.27341617870876,49.390567779541016,5925200
2022-05-26,50.270294354770016,54.301583497303334,50.18328792856679,53.6828727722168,5500000
2022-05-27,54.378927084738,56.27372970341697,54.378927084738,56.25439453125,4039400
2022-05-31,55.85802372375936,56.863430387649295,55.509998056427726,56.13837814331055,4566100
2022-06-01,56.157718569994564,57.1631253280133,52.73547077124238,53.72154235839844,3664200
2022-06-02,53.66353784769081,55.86769942569927,53.46052408155263,55.82902908325195,3029200
2022-06-03,54.80427883233479,55.34565248115812,53.67319914566162,54.45625686645508,3359800
2022-06-06,55.11364304059335,55.55834460749225,54.04056868569048,54.91062927246094,1827900
2022-06-07,53.905225600264686,55.287659089850706,53.58620447302557,54.852630615234375,5169100
2022-06-08,53.89556106165792,54.5819431066968,51.991088934627506,52.0394287109375,4832900
2022-06-09,51.91375015235654,51.942751066903426,47.70844421612746,47.727779388427734,6625800
2022-06-10,46.45168040577727,47.82444792642396,44.102510804232196,44.228187561035156,9514400
2022-06-13,42.70074880711424,42.74908858164927,39.558855228302825,39.92621612548828,7564000
2022-06-14,40.49658727013382,40.76727228246469,37.702719659754905,38.176422119140625,6804400
2022-06-15,38.59211900073097,39.065821504571744,37.509375161989695,38.36977005004883,8618200
2022-06-16,37.08400488082398,37.238682540572526,33.681092678549795,33.990447998046875,10053100
2022-06-17,34.32880981585256,36.21394663634975,32.965711564934324,36.059268951416016,11847400
2022-06-21,36.56197094444409,36.73598379428366,35.19887274590531,35.798248291015625,7083200
2022-06-22,35.10220152322158,36.46529975840861,34.83151281185632,35.46955871582031,5521100
2022-06-23,35.256881933739486,35.730580761610646,33.7004355522628,34.87018585205078,6033900
2022-06-24,35.34388762916548,40.40958480415074,34.87985455351999,40.370914459228516,12593500
2022-06-27,40.35158169797935,40.44825386941944,37.625381472123856,38.98848342895508,7084800
2022-06-28,39.35583757380389,41.38598620662158,38.640454709976126,38.8047981262207,6073200
2022-06-29,37.43203095803542,37.46103186712484,34.367474949568745,34.821842193603516,11802400
2022-06-30,34.00978712545693,34.299807310269934,31.902301461178762,33.7487678527832,9465200
2022-07-01,33.710095825483,34.647831274360186,32.93670747539146,34.116127014160156,6907100
2022-07-05,32.84003905489356,35.26654597113798,31.554277780080984,35.092533111572266,9215000
2022-07-06,34.8025179041108,35.47923426758557,32.55001983628048,32.56935501098633,7569000
2022-07-07,33.27506802914152,34.63817001269592,33.13005976913854,34.31914520263672,7575300
2022-07-08,34.04846003901857,34.6768365389493,32.762698749212944,33.294403076171875,5903100
2022-07-11,32.84003675077463,32.936708915836455,31.186914700886494,31.505939483642578,5911200
2022-07-12,31.32226351150492,32.89804132292902,30.94523318553132,32.22132873535156,7652800
2022-07-13,31.167581653220275,32.12464857782156,30.703546802266917,31.53493881225586,5790300
2022-07-14,30.89689840637189,31.621950799005937,30.0558386635024,30.239519119262695,6283100
2022-07-15,30.7712227807298,31.689621351163094,30.065505576902382,31.670286178588867,5724500
2022-07-18,32.81103269069567,34.62849818864443,32.81103269069567,33.217063903808594,8297400
2022-07-19,34.560829548711666,35.63390764362989,34.46415737474718,35.15053939819336,7958400
2022-07-20,35.06353134344575,37.789727826490214,34.899184229945135,37.6640510559082,7494800
2022-07-21,34.783170431998876,35.2858737332004,33.88410540897777,34.560821533203125,10386600
2022-07-22,35.24720534849425,35.24720534849425,33.29439753920469,33.7100944519043,6227500
2022-07-25,33.73911084633414,33.81644786133022,32.201999412282426,33.27507400512695,4806200
2022-07-26,32.93671092213228,33.033383093082755,31.902303204173037,32.018310546875,4363800
2022-07-27,32.985045205457126,33.7874381941734,32.414670577275295,33.7487678527832,7185800
2022-07-28,35.150531133219154,37.01633241692127,34.17412544184852,36.60063552856445,10542600
2022-07-29,35.769248651453736,37.46103743902249,35.179538826880666,37.422367095947266,6717600
2022-08-01,35.54690003595556,36.059269179069524,33.362073573690225,34.5994987487793,23159500
2022-08-02,34.222473038927056,36.49430230320933,33.93244914322547,35.44055938720703,16074500
2022-08-03,35.81758323906018,37.789726399769634,35.73057681468162,37.54804229736328,10724300
2022-08-04,37.81872774399091,38.43743846317008,36.82299041079987,38.137752532958984,8229500
2022-08-05,37.47069959702977,39.597520321259346,37.084007266683095,38.35042953491211,6861100
2022-08-08,39.1044869230565,40.844611652340454,38.65011964883768,38.89180374145508,7451000
2022-08-09,37.625378272948744,38.08941498226499,36.049600623178605,36.70698165893555,6013500
2022-08-10,38.49544126624832,41.11529589677117,38.10874525007827,40.29357147216797,9254300
2022-08-11,41.90802259221491,42.468731489445354,39.984219169635814,40.332244873046875,7516700
2022-08-12,40.62226839310983,41.11530238815181,40.24524174611176,40.96062469482422,5768000
2022-08-15,40.50625501399906,41.598664447058304,39.99388223479646,40.97995376586914,5048500
2022-08-16,40.89294950660349,42.93276392679886,40.235568451152666,42.61374282836914,7460200
2022-08-17,41.33764706945063,41.67600702400159,39.829540637325756,40.467586517333984,6184100
2022-08-18,40.293577525671225,40.47725613265336,39.20116425050773,40.419254302978516,3676300
2022-08-19,39.37517387805745,39.703864407818735,37.72205548770225,38.33110046386719,6228100
2022-08-22,37.05500814345848,37.16134605016377,36.465298346842225,36.52330017089844,7155200
2022-08-23,36.97766906423398,38.28276179137831,36.95833389277468,37.6640510559082,5466800
2022-08-24,37.71238757491325,40.59326546280559,37.63505057599239,40.544925689697266,6559300
2022-08-25,41.066961506375826,43.155111966435385,40.96061991316338,42.652408599853516,7858600
2022-08-26,42.52673896070319,43.43546991537921,40.87361679338484,40.89295196533203,6261100
2022-08-29,40.02289065404961,41.49232681824738,39.73286676772491,40.7866096496582,4580500
2022-08-30,41.71467983830515,42.52673861444022,39.48151728198199,40.35158157348633,5806500
2022-08-31,41.39564830719005,41.51165563126625,39.18182128248385,39.49117660522461,5405000
2022-09-01,38.766129567751406,39.64585957607493,37.509372939833064,39.55885314941406,5102800
2022-09-02,40.61259446121545,40.95095441323171,39.036816787546094,39.636192321777344,4398100
2022-09-06,40.51592418651621,41.1926404343095,38.85313632413386,40.4385871887207,5108300
2022-09-07,40.27423964754119,42.59440856164923,40.27423964754119,42.33338928222656,5491600
2022-09-08,41.39565440493,43.67715301207141,41.18297120628929,43.65781784057617,6233700
2022-09-09,44.344200886988375,46.045659140920925,44.14118711317584,45.66863250732422,7783100
2022-09-12,46.529026845158526,47.21540884657825,45.56229038530869,46.442020416259766,7679800
2022-09-13,44.14118375909763,45.83297245459845,43.93817000071114,44.89523696899414,8157800
2022-09-14,45.330271404732855,47.3797516395587,44.40220530078986,47.31208038330078,6103900
2022-09-15,47.25407682220493,50.3766349885157,47.25407682220493,49.13921356201172,9175700
2022-09-16,48.10480683970075,49.342232073128834,47.19607585311123,48.76218795776367,8034800
2022-09-19,48.298157723768625,50.6763287798028,48.23048645949339,49.042545318603516,6233700
2022-09-20,49.02320409874453,49.76759160177317,47.225073726208706,47.843788146972656,6120600
2022-09-21,47.408755217500364,47.805117004659685,44.382869171445954,45.204593658447266,9610600
2022-09-22,45.55261851191004,46.935051870360496,44.64388761600972,45.43661117553711,8499300
2022-09-23,43.976839916906975,44.508544192795846,41.830683955246215,42.94242858886719,10934200
2022-09-26,43.40646716164436,44.74056077919405,42.52673715827167,42.5750732421875,6800700
2022-09-27,44.14118184348135,46.1616609739366,43.26145190751126,44.23785400390625,7913400
2022-09-28,44.3732016286443,46.06499030552149,43.93816951702884,45.813636779785156,6787800
2022-09-29,44.5858832936235,44.740560975516985,41.88869144609381,42.188377380371094,9656300
2022-09-30,39.99388153694584,40.544920958252796,36.46529609241943,36.63930892944336,20527500
2022-10-03,37.1516812450719,38.05074641866902,35.69190717275537,36.339622497558594,10575700
2022-10-04,37.57704130594459,42.546065609645126,37.39336272503113,42.391387939453125,14696000
2022-10-05,40.71893623683862,42.32371851732362,40.09055978795746,42.02403259277344,8812500
2022-10-06,41.743681564505884,43.98650990647059,41.192642065097736,42.55574035644531,8792300
2022-10-07,42.14970779418945,42.77808796254737,41.13463525806327,42.14970779418945,7890000
2022-10-10,42.0046972346644,42.401059010369906,38.872469682210955,39.636192321777344,6049700
2022-10-11,39.75219515967312,40.206562395470584,37.5480376014844,39.33649826049805,7361900
2022-10-12,39.67485771787236,44.13151254766801,38.93047034158183,43.851158142089844,11577800
2022-10-13,42.53639945770775,44.46020641945258,42.072366451615,43.261451721191406,10501100
2022-10-14,44.353869633241096,44.95324520336672,43.029438033318776,43.12611389160156,6878300
2022-10-17,44.469876661224106,44.88557362938619,43.27112184163434,43.60948181152344,5619600
2022-10-18,45.40761091927493,47.48609201379184,45.40761091927493,46.90605163574219,10644400
2022-10-19,46.34534142200941,47.09939831738386,44.89523683034421,45.13692092895508,6150800
2022-10-20,45.25293757038907,47.35075403666185,45.25293757038907,45.9393196105957,5341700
2022-10-21,45.59128767953309,47.708439030913986,44.95324181419866,47.56343078613281,5793100
2022-10-24,47.57309846711821,48.31748595499515,46.15199843372294,48.075801849365234,6739900
2022-10-25,47.969461140082714,49.3615639744557,47.51509752080318,49.206886291503906,6711000
2022-10-26,48.98453375961897,51.18869535570078,48.71384873588187,49.0135383605957,5954600
2022-10-27,49.670917296796425,50.31862891506923,48.443161625463446,48.646175384521484,3981900
2022-10-28,48.48183792781207,51.043687491790315,48.172482536598146,50.91801071166992,4566200
2022-10-31,51.66239483248016,52.46478786035344,50.12528372137237,51.604393005371094,5400200
2022-11-01,53.07383774476285,53.218846013689536,50.2509651184082,50.2509651184082,6661400
2022-11-02,49.786928186211306,50.7149943119874,47.863120989002255,48.00813293457031,6787700
2022-11-03,44.62455701594214,52.39711941735409,44.27653128337039,51.981422424316406,14431800
2022-11-04,54.12758036806286,54.57227829032788,51.44971971611655,52.880489349365234,7142300
2022-11-07,53.4508586638988,53.76021402973922,50.00927560916557,50.27996063232422,5505100
2022-11-08,50.792335906093854,53.093166089662816,50.77300073381928,52.50345993041992,6970600
2022-11-09,51.778410207395275,52.01042491091532,50.560320106589764,50.78266906738281,4301900
2022-11-10,53.18017477604748,56.05138344394959,53.18017477604748,55.80003356933594,6429800
2022-11-11,56.418736927213004,57.491814921892846,55.10397483239109,56.53474426269531,5152100
2022-11-14,57.20178662655148,57.83983614186374,55.60667390169008,56.13837814331055,5712800
2022-11-15,57.90751444213869,59.32861450640854,57.636825730243636,58.66156768798828,6670500
2022-11-16,56.52508206195678,58.545561413216014,56.08038048710696,58.139530181884766,4978700
2022-11-17,56.718425617148064,56.940778245392,55.152313604439655,55.88703536987305,5593900
2022-11-18,57.12445851671064,58.10086073487587,55.45200485569843,56.737762451171875,3996100
2022-11-21,56.66041550330847,57.03744207272322,55.25864712158706,56.805423736572266,3324500
2022-11-22,56.95044637059355,57.79150608271564,55.61634898433272,56.8441047668457,2827100
2022-11-23,56.74742774869076,57.453144882271914,55.935369020440014,57.36613845825195,2242500
2022-11-25,57.36613751343058,58.30387299155603,57.10511824566968,57.694828033447266,1075800
2022-11-28,57.15346058400792,57.92684904288215,56.051381569136254,56.167388916015625,2537600
2022-11-29,56.40906673112942,58.332873764740214,56.3994009898901,57.9365119934082,2676200
2022-11-30,57.94617773464753,58.284537682930285,56.138381722748534,57.9365119934082,4226600
2022-12-01,58.38121535081362,59.724978465977266,58.352214436554746,58.88391876220703,4022300
2022-12-02,57.617492849324925,58.8259134517672,57.13412460834802,58.497222900390625,2948500
2022-12-05,57.617486658998565,59.51229276278659,57.19212398024967,57.44347381591797,3809600
2022-12-06,55.896698914943265,56.73775855881314,54.378923046708564,55.71302032470703,4813900
2022-12-07,55.722687472026706,56.54441565370394,54.18557639428021,54.659278869628906,3118400
2022-12-08,55.68401677421789,56.476740350104095,54.678613691893524,55.190982818603516,2194800
2022-12-09,55.34566254458568,55.635682746122555,54.30158539368459,54.34025573730469,2024400
2022-12-12,54.137237013432014,55.15230946987255,52.986822054506966,55.103973388671875,3139400
2022-12-13,57.81083188102939,58.15885755038766,53.25750464514035,53.905216217041016,3967200
2022-12-14,53.91489513535986,54.45626890385227,52.368114520156034,53.441192626953125,4581300
2022-12-15,52.40677622752443,53.315510749422145,51.93307748500056,52.8418083190918,3974000
2022-12-16,52.00075320822856,53.10283214315431,51.25636571812102,51.633392333984375,3820600
2022-12-19,51.720400781112424,51.720400781112424,49.10054585091852,49.75792694091797,3762600
2022-12-20,49.342223442514616,50.560309602449834,49.013532940975516,49.18754577636719,3424500
2022-12-21,49.54524655305923,51.826745325844364,49.19722081649103,50.08662033081055,4706000
2022-12-22,49.40023144489775,49.777261760636144,46.74170618990643,47.85345458984375,4268400
2022-12-23,47.79544816998189,48.36582281594844,46.79004507713467,48.13380813598633,2390000
2022-12-27,47.81478467199927,48.65584805173814,47.109067495113074,47.273414611816406,2568400
2022-12-28,47.11874131818422,47.65044568592748,46.316348207304145,46.40335464477539,2592100
2022-12-29,46.70304303090818,48.56884482639569,46.34534786005421,48.14347839355469,3246300
2022-12-30,47.40875524403857,48.066136309130336,47.070395282055195,47.78578186035156,2015800
2023-01-03,48.85885869687049,49.177879792228275,47.0607283970877,47.08972930908203,2963000
2023-01-04,47.660104014432605,51.188693366731314,47.25407649460341,50.88900375366211,4585900
2023-01-05,49.293893467751474,52.058756631555404,49.07154083781034,51.604393005371094,4466700
2023-01-06,51.98141943009997,53.30584733582465,51.53672154756568,53.16083908081055,3117900
2023-01-09,54.0019010843151,55.5390122555632,53.257513542233234,55.384334564208984,5368400
2023-01-10,55.838696390705834,57.25013442715583,55.17164955991596,56.96977996826172,4299900
2023-01-11,57.25980154310327,57.694833698755815,56.55408435184783,57.23080062866211,4078600
2023-01-12,58.1008547668103,61.26208316127922,57.41447282440016,60.36301803588867,7654400
2023-01-13,59.550961781013484,61.416763359874764,59.396284101886444,61.36842727661133,4459800
2023-01-17,61.436096766713554,62.344827644516506,60.67237413453724,62.02581024169922,4217000
2023-01-18,62.83786709256557,63.08922062610762,59.80231533383533,60.15034103393555,4063700
2023-01-19,59.01925902788809,59.62830401874155,57.946180987558094,58.75823974609375,4072500
2023-01-20,59.49296477395972,61.30076098661614,59.125603873356575,60.89473342895508,3567900
2023-01-23,61.21374589471712,61.74545015406607,60.85605447483604,61.271751403808594,3254300
2023-01-24,60.60470807777668,62.56718562285879,60.585372905807596,61.85179901123047,3012900
2023-01-25,60.79805622182785,61.822798211238165,59.7829836623234,61.755126953125,2537300
2023-01-26,62.38350339055709,62.547846820735344,60.88506259573795,61.803462982177734,2552400
2023-01-27,61.871125169474844,62.451165492816095,61.18474325969953,61.68744659423828,3024400
2023-01-30,60.80771697146944,62.56717680686386,60.46935704139731,60.91405487060547,2638400
2023-01-31,61.72612248596847,62.79920056382982,60.97206921517162,62.779869079589844,2566700
2023-02-01,62.837867816054796,65.20636911426065,62.11281549510032,65.03235626220703,3822200
2023-02-02,65.87342740030176,67.84557083160848,65.35138878240164,67.03350830078125,4233300
2023-02-03,65.81541122025104,67.08183345435039,65.36104396433704,66.16343688964844,3062900
2023-02-06,65.53506377209234,67.18818218981855,65.2450398915311,66.79181671142578,3973000
2023-02-07,69.99172560793515,73.25929239427346,67.79722957453195,71.54817199707031,15165700
2023-02-08,71.92519069198602,72.94992893084715,69.72103284769642,72.03153228759766,8118300
2023-02-09,72.95959255872647,73.76198548886114,70.44607955677957,71.08412170410156,5147600
2023-02-10,70.31075042753807,70.53309569705547,68.5029504777914,69.25700378417969,4147300
2023-02-13,69.35368175699476,71.69318993912289,69.20866979158288,71.52883911132812,2959100
2023-02-14,71.34515433708562,73.21095601661696,70.89078701671889,72.86293029785156,3517700
2023-02-15,72.50523331141707,73.4719697555693,71.40315435513264,73.23028564453125,2610800
2023-02-16,72.49556506776882,72.58257518448507,71.12280106476271,71.44182586669922,3212900
2023-02-17,70.9487794568953,71.25813479090773,70.11738561380945,70.60075378417969,2019400
2023-02-21,69.60501575263667,71.15179240535046,69.00563657287944,69.37300109863281,2982800
2023-02-22,69.2183275072189,70.3204064568328,68.72528985851363,69.1313247680664,2044600
2023-02-23,70.01105086820718,70.16573223813633,68.2709297101863,69.32466888427734,2066600
2023-02-24,67.83589935302734,68.29993612457842,66.80149157905096,67.83589935302734,2875100
2023-02-27,69.12164589675938,70.17538493027602,68.78328966469498,69.64368438720703,2459700
2023-02-28,68.82197598651138,69.07332217407212,67.3622017598597,68.29026794433594,3662300
2023-03-01,68.48359359011471,69.81769435850161,68.27091780696325,69.12164306640625,2326900
2023-03-02,68.4449469843921,69.64369817631535,67.44920219628906,69.5760269165039,2315800
2023-03-03,70.32041679705853,71.91553362993074,69.60503379269464,71.5578384399414,3100600
2023-03-06,71.61582796481184,73.30761651557673,71.27747172978141,71.69316864013672,3288000
2023-03-07,71.69317674452037,72.66957522232384,70.66843111965761,70.82311248779297,2220800
2023-03-08,70.82311603755265,71.06480015566751,68.6769598885944,69.79837036132812,2950800
2023-03-09,69.36333661201672,69.60502071171017,65.64140295186046,65.9797592163086,4249400
2023-03-10,66.10542218428958,66.58879030976128,62.77985449646061,64.635986328125,5226800
2023-03-13,62.663856092463625,63.42757876936257,60.981736742729126,62.07414627075195,5875600
2023-03-14,64.25896935735815,64.45231368611765,62.10314395118425,62.42216873168945,4137100
2023-03-15,60.43069496405922,60.894731713754446,58.23620642798562,59.99566650390625,5749100
2023-03-16,58.70024573705424,63.07956122103708,58.34255055077113,62.71220397949219,4607100
2023-03-17,62.209491905594625,62.61551946287383,59.70564423895168,59.8216552734375,4867300
2023-03-20,59.91832154453314,60.86572277265346,59.057926739801765,59.30927658081055,3755700
2023-03-21,61.19441523523038,62.15148592284269,60.933395956790655,61.28142166137695,4113500
2023-03-22,60.914067168632634,61.474776126511166,58.69057388588117,58.729244232177734,4380900
2023-03-23,59.183603332934126,60.45969508040785,58.28453818978581,59.69597244262695,4243800
2023-03-24,58.777572578288954,59.299611121102025,57.549816903661196,58.82590866088867,3978400
2023-03-27,60.22767671601448,61.38776112844405,58.10085590786138,58.47788619995117,3671800
2023-03-28,58.680901361273925,60.720715795079734,58.680901361273925,59.811981201171875,2863100
2023-03-29,61.00107134378913,62.05481795838921,60.58537435602079,62.01614761352539,4028000
2023-03-30,62.93454164533726,63.39857838826972,62.28682999166418,62.56718444824219,2669800
2023-03-31,62.69285572364882,63.46624781435713,62.625184468882864,63.127891540527344,2326300
2023-04-03,62.112815856933594,63.12789206242856,61.54244121361446,62.112815856933594,2444600
2023-04-04,62.78952865634539,62.78952865634539,59.99566463022831,61.67778396606445,2595100
2023-04-05,61.20408558521865,61.84213149062094,59.69597540526465,59.92799377441406,2607700
2023-04-06,60.22767927407196,60.25668387488413,58.69056819207338,59.241607666015625,3084700
2023-04-10,58.700238475687634,60.382357834994124,58.53589136138361,60.27601623535156,2821100
2023-04-11,60.498363696773765,61.51343614590081,59.75397625066551,61.32975387573242,2383900
2023-04-12,61.803460618085666,62.21915758038561,59.43495561349005,59.53163146972656,2954400
2023-04-13,60.005332289459034,60.189010890816654,59.086931907056986,59.85065460205078,2786900
2023-04-14,59.80231395052269,60.9237280205686,59.48328917020807,59.889320373535156,2254400
2023-04-17,59.76364740354913,61.05907440185547,59.37695134609978,61.05907440185547,2352800
2023-04-18,61.17508386545912,62.31583321790716,60.865728483894266,62.3061637878418,2415600
2023-04-19,61.99680246339633,62.64452145463317,60.60470337979812,62.325496673583984,2799900
2023-04-20,61.4651038673971,61.64878246112162,59.92799279923954,60.16000747680664,2190300
2023-04-21,60.02466378740049,60.95272985504539,59.12559863192989,60.923728942871094,2556300
2023-04-24,60.73038048462233,61.24274959763486,59.49295907003808,60.33401870727539,2270000
2023-04-25,59.579968973083986,59.93766043016192,58.24587162769767,58.3812141418457,2537000
2023-04-26,59.24161116609614,59.444628632548515,57.395144610259344,57.578826904296875,3553500
2023-04-27,58.37154913956253,59.80231867381148,57.40481266876133,59.608970642089844,2974600
2023-04-28,60.49836566323028,63.8529421502795,60.082668716335725,63.253562927246094,5585200
2023-05-01,63.340557450274304,66.45344943378576,62.93452998519344,64.75199890136719,5421400
2023-05-02,64.28797516919457,65.7380798722591,63.81427636469872,65.55439758300781,3703200
2023-05-03,65.62206327284589,66.64680885814731,64.81967767736481,64.84867858886719,4288600
2023-05-04,70.76508995737926,70.99711196587782,68.23224572397359,69.48899841308594,10164700
2023-05-05,70.75544724036935,73.46230503203161,70.03039486080753,73.0949478149414,5900100
2023-05-08,74.03267707800818,75.77279821485143,72.59223449662474,75.7437973022461,5377400
2023-05-09,75.27975798323148,75.27975798323148,73.71364252935449,74.4000244140625,4045800
2023-05-10,75.13475381014293,75.3474369971712,73.30762261338313,74.5933837890625,3040000
2023-05-11,74.1970140038114,75.34743260719367,73.54930242695455,73.81031799316406,2325700
2023-05-12,73.59764015747513,74.04233802051448,71.4708230080498,72.611572265625,2369100
2023-05-15,72.62125324443963,74.22603210318421,72.43757093733198,73.5879898071289,2064600
2023-05-16,74.43870266365256,75.1637549623245,73.10460908931701,73.91666412353516,2812700
2023-05-17,74.87373524235764,77.41625683100801,74.83507227482542,76.94255065917969,7319000
2023-05-18,76.45917761893753,77.56126389017034,76.10148987468327,77.46458435058594,2617900
2023-05-19,77.43558530919383,77.43558530919383,76.20783330832043,76.95221710205078,2286700
2023-05-22,77.33891131686215,78.46032907125105,76.34317401375569,77.6579360961914,3543700
2023-05-23,77.10689890443501,78.36365182474194,75.9178098628725,76.22716522216797,3185700
2023-05-24,75.0670824506858,75.40543871337958,73.77165184772674,74.69005584716797,3481100
2023-05-25,75.79212976177313,77.01021960298019,74.57403992056607,75.30876159667969,2854400
2023-05-26,75.87914706515429,76.54619762129843,75.45378801359094,76.37218475341797,1972800
2023-05-30,76.58485665364671,78.37331746867889,76.58485665364671,77.59026336669922,2920500
2023-05-31,77.96728651502684,78.4119843418982,75.88880192972704,78.27664184570312,4122000
2023-06-01,78.20898145454001,80.89650764579876,78.00596768206512,80.46147918701172,4938300
2023-06-02,81.38953602928892,83.71936680784961,81.38953602928892,83.36167907714844,4415800
2023-06-05,83.32300938594548,84.9761276795937,83.0039846163959,84.68610382080078,3198200
2023-06-06,84.82143893165531,87.93433092563275,84.65709553460991,87.70231628417969,5284900
2023-06-07,87.8763549213818,89.03643584501395,87.12230158345943,87.98269653320312,4629700
2023-06-08,87.9730105934788,88.52405003513871,87.11261580519604,87.23828887939453,3214000
2023-06-09,87.97300865445317,89.04608660281478,87.80866524359749,88.1856918334961,5330300
2023-06-12,89.7034768898281,91.40493512234956,89.18143831704491,90.44786071777344,6232400
2023-06-13,90.8732139611863,93.40606577149528,89.98381831809621,92.61334228515625,5862800
2023-06-14,92.61334428993204,92.90336076646308,89.99348231890673,91.56926727294922,4322700
2023-06-15,90.1481735591335,93.04838289615655,89.5197933943224,92.71969604492188,3584400
2023-06-16,93.33841795519095,93.45442162216779,91.67562988945299,92.12999725341797,3913700
2023-06-20,91.54028629214656,93.52209179454738,91.35660398742493,93.38674926757812,2706400
2023-06-21,92.99036797552144,94.45013449249625,92.05263257516282,94.11177825927734,3021600
2023-06-22,93.97644809205023,94.44048482676598,93.43507804789326,94.1697998046875,4788900
2023-06-23,93.40606611507941,95.0785158223015,93.07737193018146,94.6628189086914,4872900
2023-06-26,91.11491495272702,94.87551934056764,90.53487452894655,94.00545501708984,5418200
2023-06-27,94.95286778122981,98.33644580102171,94.65318180253068,98.05609130859375,5630600
2023-06-28,98.05608247247586,101.71034522445655,97.6500549168367,99.69953155517578,4766100
2023-06-29,99.95087683691877,100.52125515412105,98.11407618284996,98.18174743652344,3409400
2023-06-30,99.60284082237465,101.26562845539175,99.21614482331742,100.28922271728516,3653200
2023-07-03,100.05722818617794,100.4535936932006,98.8584769861242,99.76720428466797,1906700
2023-07-05,99.28383907221483,100.70494295701631,98.65546622572877,99.80587768554688,3014900
2023-07-06,98.0077389981934,98.91647362465743,97.32135700129898,98.384765625,3050000
2023-07-07,98.5394500826378,99.71886977289878,97.9884105819306,98.61679077148438,1990800
2023-07-10,98.46211147910154,100.02822727114977,97.60171658039997,99.76720428466797,2435600
2023-07-11,99.8348597932361,99.97020966803599,97.17633482610246,97.91105651855469,2390000
2023-07-12,98.83912981096327,99.10981482927393,95.89058814652105,96.006591796875,4127600
2023-07-13,96.85732918227262,97.5437111901391,95.00118955646083,95.96792602539062,3406100
2023-07-14,96.0549403957977,96.23862269322346,94.14079885729694,94.50816345214844,2846200
2023-07-17,94.30514147018157,96.57697060010086,94.0634573632622,95.47489166259766,2919000
2023-07-18,95.67790205094855,97.4760323330233,94.89484793235944,96.0645980834961,3081200
2023-07-19,95.87125704306544,96.17095037382134,94.89485848740554,96.10327911376953,2529400
2023-07-20,95.85191687493965,98.85846771101424,95.35887923887621,97.74671936035156,3128200
2023-07-21,98.67479372212301,99.4481858681531,97.9497413510751,98.97447967529297,3436600
2023-07-24,98.77146563970764,99.51585686905898,96.61564739240667,99.50618743896484,3169000
2023-07-25,98.71345248481087,99.09047908346965,97.60170417119076,98.23975372314453,2168300
2023-07-26,98.83913815165319,99.16783239849174,96.19995162479904,97.52437591552734,3451000
2023-07-27,105.37427327547894,108.35182331799759,102.23237980625595,106.03165435791016,12693200
2023-07-28,107.30774997370082,109.19288317164184,104.58155337750163,104.95858001708984,4045100
2023-07-31,106.0219837554698,106.63103243392895,103.92416744783294,105.4806137084961,3208500
2023-08-01,103.4987929922358,105.08424004255653,102.0486884431171,103.86615753173828,3248000
2023-08-02,102.95742862998551,103.53746900629935,100.62759031975426,101.70066833496094,4673300
2023-08-03,101.12062228178586,103.51813171173187,100.68559386787615,101.23663330078125,2449100
2023-08-04,101.50732633326093,102.2323786642128,99.28382956809641,100.46324920654297,2127600
2023-08-07,101.2173029753499,104.63955088025743,101.01428920670459,104.46553802490234,3198400
2023-08-08,102.76408389786866,103.18944290518857,101.64266611581272,102.61907196044922,1901100
2023-08-09,102.40638414830588,102.8704208519876,99.64151753521912,99.73818969726562,2086300
2023-08-10,100.73393449284436,101.37198408604144,99.1001549182538,100.12489318847656,1806400
2023-08-11,99.07114685233506,99.72852788167657,97.89172729596237,99.39983367919922,1751800
2023-08-14,99.26450428657671,100.30858147852851,98.13342434976934,100.29891204833984,1708800
2023-08-15,100.26990066092932,100.86927250897209,99.48684653655684,100.06688690185547,1931000
2023-08-16,99.21615696033845,100.81127354182065,97.72738197599598,97.81439208984375,2024600
2023-08-17,98.38477178378933,98.8391391254643,96.19028314229568,96.21928405761719,3103400
2023-08-18,94.83683712672308,97.0990040846548,94.51781235210487,95.9002456665039,2750800
2023-08-21,96.62530711928744,97.0700123855354,94.52749075185713,95.96792602539062,1784300
2023-08-22,96.67364236169074,96.87665612557666,94.34380404047947,96.054931640625,2677600
2023-08-23,96.12260867250323,100.44392192589254,95.49422848426204,99.00348663330078,3176200
2023-08-24,97.88207407760585,98.41378212160652,95.72624836129292,95.75525665283203,2519700
2023-08-25,95.61021525188085,97.03131869943921,94.91416398159821,96.4512710571289,2328000
2023-08-28,96.6736320845528,97.18600115450289,94.80783069029643,95.04951477050781,1591100
2023-08-29,95.03017177592967,97.81436938742326,93.67673961559917,97.18598937988281,2478700
2023-08-30,97.15700933447994,97.6403775401241,95.43621970248482,95.6489028930664,1794500
2023-08-31,95.6295640344971,96.54796805058912,95.12686434589708,95.6489028930664,2025500
2023-09-01,95.90992366122723,96.43196223660432,93.82177673533276,94.45014953613281,1856600
2023-09-05,94.45981524697903,95.90025045574806,91.41459403164583,95.6682357788086,3053600
2023-09-06,94.45014592558806,95.80357839790798,93.16439208371705,95.57156372070312,3085700
2023-09-07,94.81751301267013,95.05919712574752,92.76802907855287,93.94744873046875,3173100
2023-09-08,93.91843394761302,95.32019864621108,92.71968298894632,94.11177825927734,2783000
2023-09-11,94.98184704541043,95.08818863469608,91.72394286812323,94.4114761352539,2331600
2023-09-12,93.99578889719953,97.02167135038685,93.8507769536227,95.7069091796875,2646200
2023-09-13,94.51780573914003,95.37820784020055,93.58007771439412,94.11177825927734,3310400
2023-09-14,94.93349546105621,97.06998903396737,94.71115025703446,96.4512710571289,4112300
2023-09-15,95.49422071640554,96.13227028273452,93.50274608625158,94.17945861816406,5411600
2023-09-18,93.45440716731639,94.1407891346851,92.70035394613988,92.72935485839844,2523000
2023-09-19,94.96251204192585,95.68756428256,94.10210993080956,95.04951477050781,2991100
2023-09-20,95.38788298198303,95.68757629448316,93.00971221923828,93.00971221923828,1505100
2023-09-21,91.83996010260209,92.2653264885368,90.46719615332097,91.18257904052734,2314200
2023-09-22,92.12997144512617,92.12997144512617,88.0116727819673,88.20501708984375,3585800
2023-09-25,87.44130842163653,89.22010731416145,86.58091357640674,87.94401550292969,3065800
2023-09-26,87.00627565358634,88.6303930941445,86.88060257730754,87.45097351074219,2407200
2023-09-27,88.04069003161491,89.34578279104757,87.19962664745817,88.90108489990234,2248000
2023-09-28,88.4273861894439,91.61761211862719,88.34037607172779,90.9989013671875,2889100
2023-09-29,90.68955200333849,92.7680370290594,88.11803665512741,89.07510375976562,3992100
2023-10-02,88.69806663897788,90.11917035814196,88.0890253488848,88.64972686767578,2685500
2023-10-03,87.49931699687653,87.92467601383079,83.3230158831621,83.89338684082031,5288900
2023-10-04,84.26074847519102,86.57124788966699,84.26074847519102,86.38756561279297,3436100
2023-10-05,86.83226830814644,87.70233259492423,85.71085785288805,85.81719207763672,2762000
2023-10-06,85.15981418533798,88.61107054825821,84.91813006192547,87.85700988769531,2185800
2023-10-09,85.07280576226366,85.77852660078878,83.5453604341121,85.29515838623047,3089300
2023-10-10,86.0202176113524,88.22437566652798,85.94287692066906,86.35857391357422,2351900
2023-10-11,86.35856772532442,87.50897907044289,84.93746398221145,86.2328872680664,1759800
2023-10-12,86.43590266230875,87.26728915764085,84.6764353826141,85.91386413574219,2326600
2023-10-13,85.16948535927649,85.91387660497222,82.48195903200099,83.24568176269531,3201900
2023-10-16,83.79671618463398,85.05347652593272,83.69037458457268,83.81604766845703,2011600
2023-10-17,83.6227035522461,85.15014892485063,82.91698269318248,83.6227035522461,2335600
2023-10-18,82.80097986688735,83.02332512393534,79.98777320785321,80.07478332519531,4635600
2023-10-19,80.09410758301709,81.05117453374832,79.24338222410192,79.34972381591797,4056200
2023-10-20,79.03069701724421,79.57206701582058,77.24223623570747,77.37757873535156,4008900
2023-10-23,77.52259297427617,79.68808040873705,76.74920091701921,78.57633209228516,3863500
2023-10-24,79.2723829711699,80.52914321242154,79.19504229080695,79.73641967773438,3259400
2023-10-25,78.79868730486393,79.75575429118639,78.46999308822365,79.48506927490234,5235200
2023-10-26,81.09951371170621,82.65595986172458,75.74379332214194,80.12310791015625,9953800
2023-10-27,81.37019721323901,82.45294458583398,79.5527355214386,80.05543518066406,5109500
2023-10-30,80.87717298518278,83.28434462211199,80.78049344203724,83.00399017333984,4435700
2023-10-31,83.19733682441016,83.37134968105718,80.48080975038924,81.91158294677734,3394200
2023-11-01,81.93090174669031,82.93630838771142,81.215518947053,82.43360137939453,3712700
2023-11-02,84.03839340044294,86.18454933372212,83.8643805578632,85.38215637207031,3182400
2023-11-03,87.0836227950932,89.68413887822264,87.0836227950932,89.28778076171875,3884300
2023-11-06,89.2974421346538,89.90648339923429,86.76459016216428,87.431640625,2298200
2023-11-07,87.31562965405894,89.9644852733479,87.00627430710266,89.86781311035156,2189800
2023-11-08,90.34151502104882,93.4544074570867,90.04182909262983,92.24598693847656,3787500
2023-11-09,92.32333559935692,93.15472957804948,89.0847698047641,89.5197982788086,2604400
2023-11-10,89.87748912789003,91.90763420208816,89.47146158817317,91.75296020507812,1606000
2023-11-13,90.91189493437976,95.3975513880225,90.67988025591235,94.55648803710938,3907400
2023-11-14,97.40836203546453,99.80586418465978,97.15700850550242,99.39016723632812,3618600
2023-11-15,99.93154816284131,100.51158855000524,97.64038015158808,98.70378875732422,3286800
2023-11-16,98.38476615556824,100.34724736222371,97.6790526710686,100.24090576171875,3124500
2023-11-17,100.82094498034957,102.1357071388096,100.25056664108743,102.02936553955078,2727000
2023-11-20,101.91337095877175,102.74476502773264,101.19798793743853,102.29039764404297,1769000
2023-11-21,101.14962772416449,101.52665433327397,99.3514974150515,101.34297943115234,2626700
2023-11-22,103.01543531562363,104.17552349860256,101.14963364377537,101.46865844726562,2531500
2023-11-24,100.80161122012066,101.52666359231826,100.16356896790613,100.97562408447266,969700
2023-11-27,100.67592801005847,103.56646777813351,100.5309160750739,102.88975524902344,2369100
2023-11-28,102.74474840482925,103.74048576511942,102.04869698290618,102.17437744140625,3011300
2023-11-29,103.083098447544,105.13258224632534,101.86501590851093,102.38705444335938,2611300
2023-11-30,102.96710893143545,104.33987302130204,102.59008227824131,103.88550567626953,3220500
2023-12-01,103.90483658816912,107.0563920955338,103.53747201784795,107.0467300415039,2783300
2023-12-04,107.06605785821297,110.62364815701379,106.97905512124119,110.41096496582031,4200900
2023-12-05,109.35723187062834,110.53664416558999,108.912533980604,110.48831176757812,2137500
2023-12-06,111.17468983027582,115.08997533541361,111.16502040077093,114.23924255371094,3987900
2023-12-07,114.23924327797714,115.8440293077351,114.04589894033548,115.51533508300781,2329100
2023-12-08,115.3316657478566,116.56908727002946,114.89662990372099,116.4627456665039,2650600
2023-12-11,116.2307265240151,116.76242714566762,115.25432064522325,116.40473937988281,1978800
2023-12-12,116.49174522363765,116.93644311701105,115.58301057704931,116.29840087890625,2227100
2023-12-13,116.2984022340059,116.78177047708056,114.51960326417189,116.4627456665039,3285600
2023-12-14,116.97510808675601,119.15026505531138,116.53041021381388,117.35213470458984,3363500
2023-12-15,116.8301014189597,119.6046377548263,116.68508947272304,118.44454956054688,4568100
2023-12-18,118.59922263605922,118.65722446024883,117.05244586089128,117.07177734375,2210400
2023-12-19,117.29414183026492,120.09767916769998,117.00411792874557,119.75931549072266,2999500
2023-12-20,119.10191934650751,120.17499732088609,116.74308758916418,116.79141998291016,1858000
2023-12-21,118.90858368684002,122.96887383809634,118.90858368684002,122.89154052734375,3089700
2023-12-22,122.93021336559282,124.66066516057695,122.59184969977566,123.9452896118164,1856200
2023-12-26,123.45223768316116,124.73799888981921,122.59184286080827,124.68965911865234,2039700
2023-12-27,124.70900054812785,125.62739721432206,123.83894365409698,125.59839630126953,1701300
2023-12-28,125.62738965767744,126.44912148134414,124.52531077429032,125.646728515625,1527200
2023-12-29,125.34704452785819,126.61346684523178,124.88300043733102,125.18270111083984,2006300
2024-01-02,123.02688098869943,123.1815549832386,115.0029656145558,116.14371490478516,4642500
2024-01-03,113.68820958024365,115.21565500232538,112.10276232904448,113.54319763183594,3638500
2024-01-04,114.0845666184406,117.12011837732182,113.71720205964237,115.04163360595703,2737400
2024-01-05,114.61626523554173,119.01491880623756,114.55826341173207,118.57022094726562,2773900
2024-01-08,119.73031003122959,120.59070489730202,118.03852121301307,119.9913330078125,2146700
2024-01-09,118.47354972407715,120.07832832567827,118.28019801715243,119.4596176147461,1347600
2024-01-10,118.66690005968334,120.66804423002371,118.21253274493705,119.4886245727539,1440500
2024-01-11,119.4402938037623,119.49829563175857,117.25546731666448,119.31461334228516,1329200
2024-01-12,118.93758350690558,119.20826853108571,115.78602063477908,117.1781234741211,1572800
2024-01-16,115.94071907964964,119.5756507089858,115.3026693924534,118.71525573730469,1888600
2024-01-17,116.94611256390041,119.49829626791791,116.68508958529978,118.3478775024414,1653100
2024-01-18,119.67231187668794,122.39850850384087,118.48322273982966,121.11274719238281,2868000
2024-01-19,121.81846851301718,122.7755355834961,119.73998356148083,122.7755355834961,2394400
2024-01-22,123.49091401660361,123.99361373330721,121.73145394472014,122.52417755126953,2197500
2024-01-23,121.89579523966037,123.8389449417491,120.66804319545035,121.035400390625,2306400
2024-01-24,122.9882073579684,122.99787678724786,120.7743800922367,121.31575012207031,1485800
2024-01-25,122.37915899520227,123.50057677470346,121.62510577307525,123.46190643310547,1909200
2024-01-26,123.04621199220668,123.29756552991778,118.95692101162284,119.35327911376953,2857900
2024-01-29,119.51762620872088,123.3265702313288,119.46929381096216,123.15255737304688,2587200
2024-01-30,123.74226171334851,125.17302748406551,121.6347760235185,122.15681457519531,2317500
2024-01-31,121.63478589164248,124.82501190989187,120.40703378436885,123.25890350341797,3840800
2024-02-01,125.91741824856719,129.3203345649757,118.23186668767165,122.73685455322266,7838000
2024-02-02,122.01181067086293,122.05048101526819,116.29840188994275,119.33395385742188,5004300
2024-02-05,117.84517398057477,119.68197469901465,116.26938885670464,117.1781234741211,3007500
2024-02-06,117.18778257405688,118.1448495039357,115.58299667842543,116.55940246582031,2963800
2024-02-07,116.99444386637833,117.43914913126461,115.4089966522372,115.45733642578125,3007800
2024-02-08,116.24040029157104,118.91826465584879,114.9159759431957,116.94612121582031,3149600
2024-02-09,116.82042001926528,116.97510137956567,111.73539199700832,113.07915496826172,4447200
2024-02-12,112.76013001590496,115.1189691274603,112.73112910479784,113.12748718261719,3140800
2024-02-13,111.33904177983992,113.89122556916011,110.68166065982628,112.69247436523438,3045600
2024-02-14,113.70753975407663,114.29724955710226,110.69131948494291,112.7504653930664,2598600
2024-02-15,114.1328889168173,116.15337168461912,113.60118835995262,113.89120483398438,2223300
2024-02-16,113.03083241469356,113.64954319890286,111.8707515382047,112.22843933105469,2080000
2024-02-20,111.86106752701973,112.0060794615825,109.33788494271292,111.31002807617188,2265000
2024-02-21,110.70099156774926,111.73539926126507,109.78258752638725,111.07801818847656,1578300
2024-02-22,119.53696188344475,120.7647139128902,117.19746147657514,118.48321533203125,6059800
2024-02-23,117.18779263472598,119.25660802976931,116.58841338569322,117.85484313964844,2583800
2024-02-26,118.73455980564749,118.93757355679881,115.50566389360306,115.59266662597656,2612800
2024-02-27,120.40702119158603,122.47583649103089,118.38653828662113,119.15026092529297,3468200
2024-02-28,117.47780727278398,119.19860430702666,117.14912042815308,118.02884674072266,1957500
2024-02-29,118.47356345171622,119.33395836428893,117.54548990216777,119.2469482421875,2845000
2024-03-01,119.15027254547137,122.26316522736612,118.42522017704052,120.12667846679688,2622400
2024-03-04,121.28674643559637,122.98820454480109,120.96772165719298,121.13207244873047,1973200
2024-03-05,120.3393483213366,122.73685042322843,120.16533547719823,121.90545654296875,2025800
2024-03-06,123.74227208415354,124.631667894611,122.050483208003,122.7755355834961,1702300
2024-03-07,124.05162872666965,125.0183651796472,120.10733485276009,120.21367645263672,2351300
2024-03-08,121.21909046279653,124.05163610922956,121.16108863236249,123.22990417480469,2451600
2024-03-11,122.64018506617775,124.13862949473001,121.87646239538644,123.54891967773438,2011300
2024-03-12,124.45767138854701,125.44373206950794,122.95922675412325,125.42440795898438,2493500
2024-03-13,125.78209540717761,128.66296624843466,125.67575379468677,127.71556854248047,3621400
2024-03-14,127.8025662071801,128.14092989288417,124.322323552874,124.42866516113281,2406000
2024-03-15,124.4673094169289,126.25577762748802,123.99360327841514,124.63165283203125,2953100
2024-03-18,125.44371118157848,126.87449168846828,123.90660383082553,123.99360656738281,2786700
2024-03-19,123.98393660533988,125.28903657536019,122.99786877585369,125.10535430908203,1689600
2024-03-20,125.10536721241968,131.04112841007515,124.69933967461324,131.02178955078125,3017900
2024-03-21,132.2398687467444,132.86825627212238,130.26773293533202,131.27313232421875,2654800
2024-03-22,130.97345270322535,131.80484665669982,130.70276767197578,131.49549865722656,1563700
2024-03-25,132.26885998405177,133.70928754682146,131.4277894209431,131.73715209960938,2407000
2024-03-26,132.2495663350372,133.29364360559097,131.39883342912756,132.31723022460938,2073000
2024-03-27,132.15286999838548,136.90921157064685,131.00245126065528,135.07241821289062,2821900
2024-03-28,135.02409704964253,135.61380695651044,132.42357327593368,134.38604736328125,2770000
2024-04-01,135.4494472472496,135.90381456772957,133.89300094227585,135.8844757080078,2214500
2024-04-02,133.50630193565883,133.50630193565883,130.8284379934586,132.87791442871094,5241300
2024-04-03,132.636233063955,134.67604748775017,132.3655480481058,133.88333129882812,1687300
2024-04-04,135.2947756487139,136.98656459153764,130.2097467652976,130.548095703125,4200200
2024-04-05,132.44289626660003,132.5975776419506,130.08405692180136,131.49549865722656,1917100
2024-04-08,132.5588769622522,134.8597140805782,131.97884403199566,133.68995666503906,1596200
2024-04-09,133.06160531108566,133.5256346799612,125.3760534305115,128.7499542236328,3915400
2024-04-10,127.27086696115013,129.12701420652672,125.81110001165302,126.54581451416016,2178600
2024-04-11,126.53614308214529,129.33001104746813,125.81109068888266,129.30101013183594,3514300
2024-04-12,127.00984722870047,127.0581722531509,122.12782490970038,123.42324829101562,3868000
2024-04-15,126.61347420688551,128.00557705695422,122.06014640633522,122.93987274169922,3353100
2024-04-16,121.4704202782658,124.05161186227824,120.90004201323083,122.3888168334961,3058200
2024-04-17,125.19237005108837,125.84008170128261,122.43717264863892,123.71326446533203,2296200
2024-04-18,124.15794897029686,126.27510404988458,122.87219516170343,123.39423370361328,1981200
2024-04-19,123.74226027753966,125.40504808011725,122.96886820055964,124.91201782226562,2965300
2024-04-22,125.65638362345888,129.4943280208411,125.23101727948317,127.59953308105469,3315200
2024-04-23,128.1505537901278,132.9745729447909,128.01521130639097,132.12384033203125,2649900
2024-04-24,132.16254539889104,133.53530937557906,131.71784014529163,132.18186950683594,3002600
2024-04-25,134.61805229501198,136.25183927552132,132.085207485689,132.8972625732422,5711300
2024-04-26,134.62769110617998,136.08747235214219,133.65129275885295,135.9134521484375,2759900
2024-04-29,136.30984048200574,138.84268527978915,134.44404619996897,138.59133911132812,2662600
2024-04-30,137.6052756202411,137.6052756202411,134.8210844147248,134.9854278564453,2947300
2024-05-01,133.89298465211306,134.71471645119044,130.23872242437727,132.94558715820312,4288400
2024-05-02,134.482691419315,134.61803391542867,131.78550354989707,132.81024169921875,2378400
2024-05-03,134.06700821496304,136.2518421046093,133.39997243355495,133.61265563964844,2090900
2024-05-06,134.94674155708032,138.52366357896946,134.76305926588233,138.48500061035156,2586700
2024-05-07,137.9629426657137,139.1423473703466,136.84152502715605,136.88018798828125,1657000
2024-05-08,135.51711932999743,137.01556389770937,135.3721147513793,136.96722412109375,1287900
2024-05-09,136.26149276089825,137.65359553843436,135.69112182464374,137.0252227783203,1195800
2024-05-10,138.24328984873958,138.24328984873958,135.75877049604478,136.34848022460938,1154200
2024-05-13,137.2765691342121,138.04996120634038,136.04880977287954,136.1551513671875,1221000
2024-05-14,137.30558260782885,137.30558260782885,135.43011145548576,136.1165008544922,5311600
2024-05-15,136.88018852255342,136.88018852255342,134.56968936664433,135.9617919921875,1782900
2024-05-16,136.30984078672375,139.53873702109334,135.73946981592505,138.10797119140625,2658600
2024-05-17,138.3979925067019,139.16170780495383,136.6192009946202,137.19923400878906,1286600
2024-05-20,138.53333752673458,145.88052576449286,138.53333752673458,142.78697204589844,3493700
2024-05-21,141.97491521978128,145.8128600950997,141.5012090502316,145.7355194091797,2470100
2024-05-22,145.2714857487672,145.84185669542865,141.69456395030585,142.4679412841797,2191200
2024-05-23,142.90298825859983,143.90838767000218,140.33146577679864,141.44320678710938,2464400
2024-05-24,142.11029515473027,144.61413967192283,142.11029515473027,143.4927215576172,1870400
2024-05-28,143.63769456163243,145.32948324372356,142.8836413577128,145.13613891601562,1771600
2024-05-29,143.4250340534713,143.6473793279303,141.57856371676806,143.03834533691406,1455400
2024-05-30,142.99967402637643,144.0437513093704,141.79125329391525,142.583984375,1391800
2024-05-31,142.95130617683006,143.86004074939797,139.16170127410845,142.7676239013672,3423100
2024-06-03,143.31868719027852,146.1318939664837,141.7912417387777,145.94821166992188,1850800
2024-06-04,145.45519648488258,150.64656734783082,145.34885486798652,149.9988555908203,2602000
2024-06-05,150.59819011902482,151.70993104093762,149.47677239265408,151.12989807128906,1698200
2024-06-06,150.67555640735006,151.65195499383748,148.0750327771128,149.4091339111328,1412500
2024-06-07,149.02242448875242,150.7045512969389,148.51973213329939,149.428466796875,996700
2024-06-10,148.4230576367426,151.1685858299189,148.4230576367426,150.23085021972656,1187100
2024-06-11,149.45749309601874,149.7765032117955,147.21465697083795,148.09439086914062,1113900
2024-06-12,149.84415115425844,152.33833298877985,149.72814749956413,152.2416534423828,1489900
2024-06-13,151.43926188791798,151.96130784158828,148.42304882663302,150.11483764648438,1197300
2024-06-14,148.45204787851884,148.61639130595282,141.17252354222265,143.56036376953125,3807000
2024-06-17,142.4196152636879,144.41108991175372,139.74175127271994,144.15972900390625,2348400
2024-06-18,145.203816884428,146.48957817774524,143.60870758700173,146.4412384033203,1326700
2024-06-20,145.85152055097873,146.15120648424116,143.9180476899544,145.21348571777344,1341200
2024-06-21,144.64309607728103,146.17054136607766,143.07698782285587,146.09320068359375,2066700
2024-06-24,147.7076471122457,150.46285173495602,145.75485021773116,149.38011169433594,2174600
2024-06-25,150.9172272592575,156.30194159584158,148.8870748210345,155.383544921875,3751900
2024-06-26,154.67782493233284,156.19560817007027,153.57574601973906,156.03125,2391300
2024-06-27,156.24393122031637,156.31160984846025,153.2180563390455,154.88084411621094,1417100
2024-06-28,155.16118500012058,157.09465771040246,153.61440093140465,154.12677001953125,2830300
2024-07-01,154.43615327559303,154.6778373965251,149.38012559603797,151.2652587890625,1915800
2024-07-02,150.87855782105572,152.47366698894305,149.78614096292537,151.4005889892578,1384000
2024-07-03,151.29425745930664,151.52627952240192,149.7281490992901,150.21151733398438,1442400
2024-07-05,150.8108881456201,151.82596438146118,149.33178253813628,151.56494140625,1235500
2024-07-08,152.62835503971925,157.51036229822924,152.35767001453868,155.480224609375,2247400
2024-07-09,154.67781535079217,158.22573597025388,154.6391523874939,157.70370483398438,1930100
2024-07-10,158.544791320011,159.20216508147973,155.1322125405993,157.26869201660156,1930200
2024-07-11,155.64456632608216,157.80038444982023,152.54133587338853,157.75204467773438,2993100
2024-07-12,158.54478280525143,161.1163053837289,158.49644303097983,160.8649444580078,2062500
2024-07-15,161.4449855700184,162.33438132516702,158.74779739145455,162.1410369873047,1744900
2024-07-16,162.50839603530423,166.89737283573436,162.49871923044196,166.3560028076172,1893700
2024-07-17,164.44187980700727,164.67388711952867,158.98948669433594,158.98948669433594,2627300
2024-07-18,160.1882212683585,161.29997699810133,157.63603771877501,158.72845458984375,1651600
2024-07-19,160.44922655058087,163.3784363897789,160.4105488374947,162.69204711914062,1505600
2024-07-22,161.67700403436405,163.88116188972714,159.9948773547545,162.92408752441406,2016100
2024-07-23,162.64373909769864,167.6030868553131,162.53739750243915,165.0509033203125,2160100
2024-07-24,163.94885004424052,165.31195213724618,158.4191157283232,159.03782653808594,2383500
2024-07-25,158.0613690471829,158.30305309771376,146.87622410802726,146.96324157714844,6499200
2024-07-26,149.50579614583185,151.43926917585222,146.99229005754256,148.45205688476562,3435900
2024-07-29,149.65077488426252,151.2652226562978,146.61522364050776,149.97946166992188,2939100
2024-07-30,151.04292238173502,152.61869291174295,149.90216559343003,151.71963500976562,2431100
2024-07-31,153.98178578454193,156.47596768005826,150.4918664919416,151.50694274902344,3728100
2024-08-01,152.5606649493543,152.67666859393964,140.66014253557825,143.1639862060547,4464100
2024-08-02,138.72667207638426,138.93935526245318,132.27854212005423,134.23135375976562,4926700
2024-08-05,128.31491068212276,135.4880925773753,125.75306527354184,135.12074279785156,4038400
2024-08-06,141.04686852035982,148.58741719015796,140.74718252503604,145.2618408203125,5832900
2024-08-07,147.71734038099777,150.71421468494225,142.15860549731437,142.6226348876953,4281000
2024-08-08,144.7204399911794,150.9752258461675,144.52709565626594,150.71420288085938,3313300
2024-08-09,150.35650017697898,153.78841709763256,149.86346995927704,150.56918334960938,3638700
2024-08-12,150.56919666432916,152.72501473983763,148.29736018816467,148.7420654296875,2958600
2024-08-13,149.85379991148366,150.337168098123,146.79892418285516,149.4381103515625,1648000
2024-08-14,149.54445930030718,150.7142021088393,145.32948791538522,147.6303253173828,1720000
2024-08-15,150.2888458256541,155.25787028502285,149.15775126717799,154.92916870117188,2303200
2024-08-16,154.61014867702679,154.8325086746642,152.25132420162484,152.55101013183594,1637400
2024-08-19,153.13104671496936,156.43729833206515,152.5510136997382,156.0602569580078,1654100
2024-08-20,155.4512370927381,155.88626558132395,152.3673451994908,153.55642700195312,2012500
2024-08-21,154.12674308867602,154.43610574885415,151.01386614016906,152.86032104492188,2178200
2024-08-22,153.6820928712241,154.10745926453427,151.30391474100256,152.6380157470703,1405800
2024-08-23,153.21804870479767,158.03239157492064,152.7443425850735,157.65536499023438,1794800
2024-08-26,157.6650521790015,157.6650521790015,156.06026604937546,156.65965270996094,1193000
2024-08-27,156.61127346607512,163.83279447821988,155.8088806034785,163.39776611328125,2078300
2024-08-28,161.106585866126,162.51802724402893,159.69515923944724,161.38694763183594,1409000
2024-08-29,163.09810557225046,163.4364544636671,160.92294865841103,161.29029846191406,974400
2024-08-30,162.6050680436317,163.30111946817456,155.7412480949834,159.14414978027344,2604800
2024-09-03,156.98834088034957,158.2934410661112,153.4404196675771,154.3394775390625,2209300
2024-09-04,153.71111481226941,155.52858428641798,152.11600537036972,153.48876953125,1299700
2024-09-05,153.3727210232953,156.23426720305278,152.36732167708277,152.76368713378906,1167700
2024-09-06,153.9044359586035,156.02159109022182,150.03749025737613,151.34259033203125,1747000
2024-09-09,153.0537124937839,156.37927328757786,153.0537124937839,154.92916870117188,1905500
2024-09-10,154.97751294317354,155.18053408166872,148.95474918417776,153.0343780517578,2146700
2024-09-11,153.11173116468947,157.433044487773,150.82055563522448,156.75631713867188,1752600
2024-09-12,159.36650961137084,161.3289834238907,157.08501100034707,160.06256103515625,1806800
2024-09-13,160.92295744538185,163.98751025006842,160.18822829580316,162.37306213378906,1379600
2024-09-16,164.34520298800413,167.63210114727295,163.20446101255928,164.09385681152344,2078200
2024-09-17,165.58262190007147,166.03698922243782,162.27638493286375,162.7984161376953,1507600
2024-09-18,162.99176017958277,165.79528979160324,162.41171244891746,162.94342041015625,1308000
2024-09-19,166.2786683975852,167.24540484175722,163.32045723861526,165.85330200195312,1882900
2024-09-20,165.70796161471404,169.07037812575777,165.6595236546851,168.65371704101562,2649200
2024-09-23,168.31456235993446,170.67891440540305,167.3068132644358,170.44635009765625,1590000
2024-09-24,171.51225111771498,174.17698948253823,169.0994463299859,174.0607147216797,2050800
2024-09-25,173.34364013526908,173.58588906020438,170.80487613337155,171.90953063964844,1582700
2024-09-26,174.41922949666446,178.69250416790103,173.7312360301635,177.14210510253906,2150800
2024-09-27,177.07428146672234,177.1518028978496,171.92890182377207,172.03549194335938,2389100
2024-09-30,172.68473627260693,173.7893908180077,166.24090576968456,171.861083984375,2357000
2024-10-01,172.0548686216328,172.67502525836372,165.53353190927012,167.85911560058594,2045200
2024-10-02,165.6788784624819,169.69052001618348,164.96183111678067,169.53549194335938,1067800
2024-10-03,168.12076054434644,170.01029927632126,166.78354169447124,167.7913055419922,1141000
2024-10-04,171.51225014413535,174.52582756012987,170.54325438060917,173.87660217285156,1434300
2024-10-07,173.0141987194591,176.1828190461977,172.8107031008401,174.2157440185547,1128800
2024-10-08,175.3882328019119,179.14794108732224,174.9231189764669,177.70413208007812,1322500
2024-10-09,182.4521823981492,187.22933858794013,181.008388358598,187.04522705078125,2861000
2024-10-10,185.1944547871076,189.07043761503837,185.18477015289017,187.58787536621094,1588600
2024-10-11,188.37275947511537,189.99099531678073,188.08207259165556,189.62277221679688,2234900
2024-10-14,190.1654038050355,191.80300888376934,187.7138458967999,190.67897033691406,1579100
2024-10-15,193.49874993436555,198.03364262500676,192.34564270808607,196.14410400390625,2851200
2024-10-16,196.2119304383083,197.0452672715225,194.39021392251442,195.4851837158203,1366000
2024-10-17,196.85148858020165,198.02397999035725,194.6906321111769,194.97164916992188,1344400
2024-10-18,195.301096321788,195.35923370106147,191.9968172665292,193.7410125732422,1457700
2024-10-21,192.9173305728805,194.66152561108225,192.10337781695284,193.7119140625,1138300
2024-10-22,193.4115391122566,197.58790802952691,192.4425434549521,197.04527282714844,1082400
2024-10-23,195.55303398539033,196.44450831953984,193.47938362893993,194.90380859375,1480100
2024-10-24,196.04723012757526,197.88831616543877,194.15767655865506,196.7545928955078,1183300
2024-10-25,196.47357197793897,197.2003187868539,193.24681437207244,194.68093872070312,979800
2024-10-28,199.61309643723928,201.26038602351343,195.23323212298936,197.20999145507812,2835200
2024-10-29,191.72550044421453,207.48136607863626,191.1344124429502,203.5860137939453,4125700
2024-10-30,201.5511090706822,204.87475728177847,200.64995015130083,201.8999481201172,3411500
2024-10-31,202.52011867765938,206.3088957383315,199.79724289272954,199.95228576660156,2433000
2024-11-01,200.01039453635224,200.48519293932466,195.73712019539948,195.79525756835938,1692400
2024-11-04,195.02977756052815,198.47940004390958,193.81853288036882,198.05303955078125,1515700
2024-11-05,199.613115825551,204.41934104239897,198.97357510977466,204.2352294921875,1438500
2024-11-06,213.3631554271076,220.07828821241606,213.3631554271076,219.61317443847656,3377800
2024-11-07,217.0453539109612,217.36512426881637,213.6054161911629,213.6829376220703,1781100
2024-11-08,214.91354419621837,221.00853527036338,214.21588091324577,218.28565979003906,1786800
2024-11-11,222.8690148470703,227.67524010774176,219.18682816636976,227.53958129882812,1973700
2024-11-12,226.74498136418666,230.3108782474788,224.49690436634583,230.05894470214844,2221400
2024-11-13,228.53765805596993,230.71789853643972,225.3981064412407,226.9872589111328,1850000
2024-11-14,227.71398174904454,229.08995382192492,224.3418809678208,225.78567504882812,1404000
2024-11-15,225.27211671694002,226.9872432499025,223.33412531245847,224.3128204345703,1737700
2024-11-18,223.82834676499684,226.06672471328656,220.68879502769937,224.574462890625,1410500
2024-11-19,220.1267433316318,227.61707567827006,218.314726170429,227.3942108154297,1387300
2024-11-20,226.89031793212794,231.28956631574007,226.83218056078763,228.55699157714844,1883400
2024-11-21,228.53765654961725,231.96789504390455,228.08222735828704,230.20433044433594,1403500
2024-11-22,230.13649393739746,234.69077107080767,229.7101334355485,234.00279235839844,1727700
2024-11-25,234.81672840253097,236.69658241541347,230.7275653892321,232.93687438964844,2433600
2024-11-26,234.01246175005392,238.2857363392753,233.5182792654838,236.91944885253906,1615700
2024-11-27,236.58028094489754,237.6752507557845,233.31477035084367,234.12872314453125,1103100
2024-11-29,233.91554056994642,237.40393077313783,233.88647188372815,236.49307250976562,787000
2024-12-02,239.20627826063858,241.78381036223323,236.66751426690152,238.77023315429688,1832800
2024-12-03,239.82639977829768,241.1636183751518,236.12482966236186,238.2760009765625,1226200
2024-12-04,238.3826293733505,242.26831163458863,237.65588259060937,241.9969940185547,1507600
2024-12-05,244.18691354383705,247.77219463476115,242.5686925180489,243.35357666015625,2242300
2024-12-06,245.97954180208433,250.20434847238164,243.88650773345475,250.08807373046875,1896500
2024-12-09,249.95244025675737,250.67918699574224,236.23144349045467,239.4775848388672,2438600
2024-12-10,242.7721765172709,246.73538017303537,236.15394888828328,238.04348754882812,2301500
2024-12-11,240.38844821119343,242.24891812813343,237.59773594293316,237.90782165527344,2019400
2024-12-12,238.91557490900996,240.40783655127964,235.9795191518011,236.58029174804688,1725700
2024-12-13,236.6287527747081,239.32255970378702,235.5725509844242,237.5686798095703,1931700
2024-12-16,239.8264538800275,241.96794104462475,233.9640264947086,235.46597290039062,2009000
2024-12-17,233.48920303376178,235.90199278802356,230.7566281485731,234.56478881835938,1929500
2024-12-18,234.5648042528979,235.33030437648264,221.92909161089767,222.41358947753906,2321800
2024-12-19,226.05698069869027,228.44071641920726,220.83409492108527,223.6054229736328,2311500
2024-12-20,229.49691346558083,233.88646233370483,227.39419479601784,231.03761291503906,6309200
2024-12-23,230.62098455274497,231.3864846764341,225.3496453972557,230.49501037597656,1240500
2024-12-24,231.13451358289564,233.24693162734454,229.4872240606753,232.84963989257812,514100
2024-12-26,230.93104719323765,231.91941209678683,229.16746803763021,230.38839721679688,988000
2024-12-27,228.92182751624514,228.92182751624514,224.3569912640468,226.017822265625,1102000
2024-12-30,221.8026396119777,228.93157065254923,221.0159355772241,226.0566864013672,2178000
2024-12-31,225.26996118457157,228.23225342329775,223.51201483863417,224.055908203125,1217100
2025-01-02,224.88146494693132,226.87251488557095,220.99649524031088,222.43394470214844,1438400
2025-01-03,223.4148823213395,223.87136742315886,217.2280731353802,222.35623168945312,2733100
2025-01-06,224.3570060894866,225.9012780291506,220.77311907556106,221.84149169921875,1541900
2025-01-07,221.4141466619295,221.44328275037688,214.11039915144437,218.85006713867188,1784000
2025-01-08,218.063363022586,221.60839210210364,216.7618868525311,220.6857147216797,2141200
2025-01-10,217.71371718303956,223.83254775162834,215.8974836736112,220.42347717285156,2505600
2025-01-13,216.5384878105903,221.44326484236734,216.5287807218875,220.69540405273438,1877600
2025-01-14,223.0458034709776,223.77423524563133,219.78242852772962,223.12350463867188,1996000
2025-01-15,227.05705170342088,229.21321106086327,224.4152711361038,225.79443359375,2275200
2025-01-16,227.03761859504584,228.00886099721149,223.7548293533144,226.57142639160156,1213600
2025-01-17,228.84414685478976,236.4781132890027,227.70779493923695,234.85614013671875,2933700
2025-01-21,237.9543820660807,242.9174311991154,235.27375844412182,236.28384399414062,2048000
2025-01-22,235.65256169826642,236.01191666437293,228.94127277459455,229.36862182617188,2105000
2025-01-23,228.97040046329312,231.90355672062606,226.29948380889627,231.30137634277344,1776500
2025-01-24,230.06792236939228,230.2913039891914,225.27968925814957,225.42538452148438,2723000
2025-01-27,220.0446719597859,230.66035891422436,220.0446719597859,230.00962829589844,3065800
2025-01-28,239.65408425865928,262.1966141383677,238.9256523916117,257.6220703125,8091000
2025-01-29,258.54471811819616,263.50775215923267,257.69002013195995,261.3515930175781,2697000
2025-01-30,261.8858330525727,267.1402287163427,259.68109368270535,266.8877258300781,2191500
2025-01-31,267.48990216426296,269.11186055108226,258.36022853483263,258.9332580566406,2175800
2025-02-03,250.2503486373194,258.68072650897454,249.37623630647417,253.35830688476562,2877800
2025-02-04,255.43673619944713,258.34074132012,252.27047667659704,256.009765625,1504900
2025-02-05,255.92238280915873,259.817074476357,254.35869670874234,259.1954650878906,1467100
2025-02-06,260.1569846345622,264.1390845494636,259.9530320222284,262.4297180175781,2776900
2025-02-07,262.7890651645061,264.6150056319837,256.04864048901294,256.82562255859375,1453500
2025-02-10,258.243662867542,259.4674081690831,253.30973474524848,253.63995361328125,1595800
2025-02-11,252.09569369100433,252.50362857087862,247.38517659323637,249.288818359375,1781100
2025-02-12,247.7348188565615,250.37659950638914,245.8894493094114,248.92942810058594,1550600
2025-02-13,253.49426198183681,256.40798913105334,246.47218370182014,252.6104278564453,2051900
2025-02-14,253.4360046043663,256.4759981832362,249.99779806839538,255.524169921875,1308300
2025-02-18,257.3792585603676,257.99114606839663,250.7748215174474,254.27127075195312,1894600
2025-02-19,252.32877261947758,256.71880739286354,250.57082618428313,256.417724609375,1649000
2025-02-20,253.74680310010996,253.74680310010996,225.46421386735744,236.87631225585938,8817300
2025-02-21,238.4011658644105,238.9256302392652,224.1821777307755,227.5232391357422,4120900
2025-02-24,231.03915975502184,234.7881562211554,226.29949183597654,230.8254852294922,2622400
2025-02-25,230.67007354431658,232.3211826856898,223.9199417245953,230.73806762695312,2183500
2025-02-26,232.4863017649277,240.625318282112,231.55391730710215,237.08999633789062,2359100
2025-02-27,239.55693477710682,241.4994195993659,230.18445143770003,231.31109619140625,2007600
2025-02-28,231.6413029864692,239.45008504434037,230.67006062593896,239.0227508544922,4458000
2025-03-03,239.57638827693646,244.20921920142956,230.8740636824002,234.1859893798828,2414200
2025-03-04,229.51429050573367,229.51429050573367,214.01327001090013,220.491455078125,4717400
2025-03-05,221.50155824454228,225.31854890813764,218.5684017970447,224.65809631347656,2812800
2025-03-06,217.6359858977599,220.45258276317188,207.42823421271737,209.34156799316406,3351000
2025-03-07,207.75292076732504,208.67881979775578,199.9266134324771,208.5716094970703,4741300
2025-03-10,202.33399805900876,203.11369326031362,196.33024982987217,201.97337341308594,5053500
2025-03-11,199.79991777326705,205.64772024467976,192.0223446503728,201.9148712158203,4894000
2025-03-12,207.70422721982254,211.49555242651613,201.08646970358754,202.10008239746094,3239800
2025-03-13,209.4585503856625,211.5930007551261,200.7745597886933,202.62635803222656,4963000
2025-03-14,206.09605319880853,208.99070166836339,202.08055215526664,206.641845703125,2382500
2025-03-17,210.03358439179112,216.4954112598755,208.70808182581823,213.8444061279297,2660000
2025-03-18,211.66123317793014,212.46044007999978,197.91890470182707,198.22103881835938,3367800
2025-03-19,202.22677730911622,211.11543301684603,199.02022370294299,209.66322326660156,2614800
2025-03-20,206.72958158221357,213.32785675324925,206.62237126640417,209.27337646484375,2271100
2025-03-21,207.3728442786183,211.03746212745796,201.164416665584,210.0238494873047,3608500
2025-03-24,213.38633823504645,220.93975059861938,212.61636916271854,219.68246459960938,2513900
2025-03-25,220.01384080180296,221.7876665960799,217.50902478102347,219.31210327148438,1677700
2025-03-26,219.15615853922873,221.39781927072187,212.97698376917884,214.28298950195312,1735600
2025-03-27,212.7040955141315,213.80542164531045,208.03559107219735,211.72946166992188,1684800
2025-03-28,209.3415849309225,210.43318488704182,200.64785332034242,202.31448364257812,2548600
2025-03-31,194.93649077547732,201.59324106547535,189.38108138075688,200.228759765625,3889000
2025-04-01,199.33211689788644,203.1721766026676,194.34198152989114,202.84078979492188,2078000
2025-04-02,198.93250217993395,207.73344405674356,198.91300534017577,206.6710968017578,2137500
2025-04-03,191.01847770674067,191.01847770674067,182.81206315780298,183.86465454101562,5152500
2025-04-04,174.94677775662433,179.9076605315936,167.63702381136147,173.41659545898438,5322100
2025-04-07,162.47146276765426,184.8198250868225,159.84969528412196,174.99551391601562,4617300
2025-04-08,185.49232373403905,187.94839035836375,171.53555969328977,175.61927795410156,3897900
2025-04-09,175.62901125949466,205.89139432241353,172.83181695712187,204.19552612304688,5736600
2025-04-10,195.72599036256167,199.7999529974434,183.1824417372118,187.62677001953125,3660200
2025-04-11,185.18044128505056,189.0984737331669,180.44371992888995,187.1394500732422,2889400
2025-04-14,191.84692055430682,192.7240999290387,184.098584538702,186.9542694091797,1830200
2025-04-15,189.08871565629113,190.85281548955143,187.14920373298517,188.46495056152344,2119400
2025-04-16,187.12967336241232,189.40057170397006,182.82179412482276,186.8372802734375,1744800
2025-04-17,186.9250057353723,190.06332769020892,184.99523501905512,187.80218505859375,1303300
2025-04-21,184.71260619792994,188.10432773602832,180.79457406752982,184.70285034179688,1684900
2025-04-22,187.89966234904156,195.19967558712088,187.46108006999498,194.6051483154297,1945300
2025-04-23,204.04934606856094,212.52865769882428,201.4860542509716,202.2365264892578,2849200
2025-04-24,200.45291089808845,207.01219152203606,200.0240696914595,205.94984436035156,1516900
2025-04-25,206.79777388221885,208.2012488070333,203.88362860112656,206.59310913085938,1492900
2025-04-28,209.54629103705028,212.86004038847776,207.5287917011918,210.82305908203125,2673500
2025-04-29,216.08607321132314,219.47779477906718,203.48405004338196,211.08619689941406,4247300
2025-04-30,204.45868088997807,210.1992734758197,198.6791094950281,209.45855712890625,2719200
2025-05-01,213.48377944689747,218.57136903542252,211.90487746140056,215.16990661621094,2207200
2025-05-02,219.57523792453821,224.38019019700013,218.12304310910935,224.11703491210938,2208900
2025-05-05,220.88126037418843,225.62772216796876,220.37444663979113,222.94747924804688,1735100
2025-05-06,218.85404779808022,221.47581539944952,217.34336226093333,219.86766052246094,1448100
2025-05-07,221.63173008475664,224.47767399517772,220.2185139858907,222.22625732421875,2151300
2025-05-08,224.82851849579748,229.38981242628967,223.38606463171058,226.93373107910156,1610700
2025-05-09,227.38205703269287,228.55161455928976,224.60434489426078,227.3430633544922,1140300
2025-05-12,239.54552276425486,241.56302210947655,233.4345639448211,236.03683471679688,2562200
2025-05-13,237.2746000187854,242.49863787815738,235.4422985537151,241.49476623535156,1859600
2025-05-14,241.5142480803886,246.3581790448528,241.49475124115415,244.99368286132812,1509000
2025-05-15,243.658460458896,245.22762153912058,241.59224147315888,243.7656707763672,1434000
2025-05-16,245.28610202498163,249.31134463005833,243.14191050502566,248.94097900390625,2437100
2025-05-19,244.5648717072751,248.73631838436597,242.7033323040362,247.58624267578125,1367200
2025-05-20,242.0503086017564,244.886481638763,240.0523063504269,242.8787384033203,1370400
2025-05-21,240.39341179157688,240.88072867327213,230.47164721869237,231.71917724609375,2012900
2025-05-22,231.50478020762088,233.75618205088566,229.8674024567856,232.3527069091797,1141400
2025-05-23,227.08966515053152,235.23760394565159,226.69981759681954,234.029052734375,1200700
2025-05-27,239.5942362025827,250.20799801592943,239.5942362025827,249.05792236328125,2728400
2025-05-28,248.31720992710436,248.40492340396963,244.38943672010507,244.43817138671875,1983700
2025-05-29,244.92547507086456,248.19048935325083,244.6915576068018,247.98582458496094,1426500
2025-05-30,247.5569964489781,252.25473871687444,246.43617347674058,250.45166015625,3481600
2025-06-02,248.2977049783921,255.6561932448103,247.16714105722568,255.28582763671875,1959500
2025-06-03,255.40277013165635,260.8314874242631,255.24685490111554,259.9933166503906,2024700
2025-06-04,261.6157977143243,262.7104605503549,257.2664368035801,259.6317138671875,1136200
2025-06-05,260.5210459518341,266.76652851081843,259.50459059314556,265.2613525390625,2207300
2025-06-06,268.77997272037254,270.4219668497068,266.5417602322507,270.08966064453125,1949400
2025-06-09,271.52642160600664,273.55939234949295,267.08910010895244,267.7928161621094,2113300
2025-06-10,266.8252011591474,267.40185277651307,260.5308606943356,263.599853515625,2025100
2025-06-11,263.88325341267256,265.11476379569166,259.48503613311266,261.899169921875,1981300
2025-06-12,259.30912159524587,262.8961253529101,258.1264981576019,259.7196350097656,1524600
2025-06-13,250.11196040701984,255.9273932051475,249.81875784044243,252.24264526367188,2791300
2025-06-16,256.9732557220039,260.5797673999349,255.2823743402647,258.7227478027344,1969100
2025-06-17,256.5822397210265,260.76543231112703,255.10641359878804,256.4356384277344,1366800
2025-06-18,257.022093048975,263.6682773557145,256.0740315102144,261.7232971191406,1767900
2025-06-20,263.4239236913313,267.47029853284886,262.69088736444695,266.2290344238281,3508100
2025-06-23,262.0164937282708,267.9101046521553,254.44178495437765,267.4898376464844,3017800
2025-06-24,273.9210094118879,279.2868254907463,272.41583321682276,274.1262512207031,2397000
2025-06-25,275.08410418966713,277.99668270164034,273.2466217358371,277.9087219238281,2785800
2025-06-26,279.05225265005413,289.44182466773907,278.99361213551373,289.1974792480469,3838600
2025-06-27,289.4027373039036,303.848438134391,288.8651594539934,302.5094299316406,12060600
2025-06-30,302.01093756030133,307.0640139438269,299.81182879165834,306.05731201171875,3292800
2025-07-01,302.9883391086872,310.80739302116945,302.13802176807656,307.9729919433594,2820700
2025-07-02,309.4487797734631,319.4474044639422,307.8849930464402,318.7241516113281,2940700
2025-07-03,320.5811981689089,326.9146423339844,319.7602011187306,326.9146423339844,1440500
2025-07-07,327.4228789680391,329.01601595747917,320.11205290279696,321.4119873046875,3426100
2025-07-08,326.00561927829483,328.1460873588236,318.2354534897416,322.7314147949219,2329100
2025-07-09,326.3184406316574,327.5010641994331,321.49995575486645,326.0252380371094,1936000
2025-07-10,328.89873011739667,334.8118775560689,326.5920937621873,333.6390075683594,2004100
2025-07-11,330.87302200336705,332.4661589289015,327.77470892503476,330.8534851074219,2285800
2025-07-14,330.52120497718647,336.82529947234906,329.6611042506176,334.29388427734375,1669100
2025-07-15,332.8766551745287,334.2254467290133,326.1913677468133,333.57061767578125,1546500
2025-07-16,333.4239924838626,339.2296120800447,331.3323814226644,331.55718994140625,2206400
2025-07-17,333.0037238768585,340.88141830544697,331.8211003245541,340.6273193359375,1945100
2025-07-18,342.0934051861783,344.7029978265027,341.555827312632,342.1813659667969,1464600
2025-07-21,339.98221430644224,343.8233170480722,338.3890774380646,338.6334228515625,1631100
2025-07-22,342.4061386019401,342.4061386019401,331.00989353686714,340.6566467285156,1727700
2025-07-23,342.5527380608852,347.8599133645631,342.5429546994531,344.8593444824219,2087400
2025-07-24,343.02185493280905,347.13665314778814,340.97913086715783,341.4580383300781,1523000
2025-07-25,342.3767972174247,344.93756232367065,340.54909821272685,344.82025146484375,1652600
2025-07-28,343.67676462226717,346.3254609294712,340.7934764021775,344.03839111328125,2427700
2025-07-29,317.99115631489684,334.42094104220087,313.84703743855124,326.80712890625,5513500
2025-07-30,327.22737985147,330.13020468134226,320.5518759925952,323.6599426269531,2436900
2025-07-31,326.3673552231323,329.4754222975494,308.7158118550936,310.68035888671875,3496100
2025-08-01,302.46051497358826,308.60825386138407,297.1142361918279,307.1421813964844,2827600
2025-08-04,310.79756962550823,312.08772051344243,305.6956364116956,308.55938720703125,2017600
2025-08-05,309.39017956256964,309.84955017598145,302.4214727731095,304.31756591796875,1711700
2025-08-06,306.6730434924329,306.9369556393885,302.1184412175713,306.9173889160156,1384700
2025-08-07,308.4909735030349,309.3412907621425,299.3329122582142,302.7732849121094,1295800
2025-08-08,304.21009204576904,304.21009204576904,294.09418422432407,294.6219787597656,1905600
2025-08-11,293.2144989034792,298.9615078543588,291.10335093209557,296.0097961425781,1446300
2025-08-12,298.756255099729,306.5166377782893,298.4923429709094,305.9986267089844,2202600
2025-08-13,306.9467496636212,311.03222835361254,301.54182937409087,306.3310241699219,1900700
2025-08-14,305.83251596367006,306.8978584535454,303.6725107255678,305.2362976074219,1287800
2025-08-15,305.2265418095878,307.2594826373175,302.01094764002266,306.8489990234375,1407500
2025-08-18,306.89785146156606,322.3502536346394,305.96932692271207,319.4083251953125,3284000
2025-08-19,317.16034713871477,324.4320690401918,312.029093448489,322.6043701171875,3354300
2025-08-20,319.6331182260347,321.88108407899165,310.31867234068125,321.67584228515625,1883600
2025-08-21,318.8316785006093,320.5812001089518,315.1664970969247,317.6783752441406,1473000
2025-08-22,319.3985858157123,337.3335466343412,318.33324330289577,336.8741760253906,2268600
2025-08-25,336.87415582618735,340.09950343022587,333.88334045262724,337.1673583984375,2286600
2025-08-26,337.9786001239885,346.051782993121,337.7831416687029,345.739013671875,2324100
2025-08-27,344.03836000083635,352.5611296575863,344.03836000083635,350.9484558105469,2164100
2025-08-28,351.4957757804217,357.89761380667886,350.83116340143897,357.5653076171875,1578300
2025-08-29,356.6465717127446,358.210388377812,349.0718636365426,355.00457763671875,1962300
2025-09-02,347.45918415981805,350.2056242700855,340.3927039382257,346.0712890625,1712600
2025-09-03,346.6968238300867,350.6454540904349,344.3999709622856,346.9704895019531,1174900
2025-09-04,346.4329492219923,354.4572444820212,345.55328184606526,351.9160461425781,1084800
2025-09-05,353.03025618851285,354.5842893987404,341.43849456287177,344.3022155761719,1455900
2025-09-08,345.993133588339,351.94538476485957,341.50695501176904,343.11962890625,1587300
2025-09-09,342.0347296024545,345.719447784812,337.40192017353195,337.4996643066406,1418600
2025-09-10,338.9657427958795,339.24919183869434,323.72836577082614,333.7758483886719,2288900
2025-09-11,335.7892913823744,347.508089708992,334.83144647323326,342.3084411621094,2333900
2025-09-12,339.87466698953443,340.91068909614904,328.7618430042281,328.81072998046875,2073000
2025-09-15,330.38436593246473,331.4790287670525,320.2489215225392,322.33074951171875,2558500
2025-09-16,321.4315161678847,322.04727141367243,310.3382278638916,314.4237060546875,3128100
2025-09-17,316.0461756039119,317.16040521206634,309.18496586535895,315.76275634765625,2042700
2025-09-18,317.9227237463094,319.4474368388049,313.61246679460453,318.44073486328125,1608300
2025-09-19,320.4052765226151,322.0863742421743,308.9601153231521,321.1676330566406,3628400
2025-09-22,318.62644458896,325.5072203329611,317.2874363886726,321.79315185546875,1529900
2025-09-23,323.95317362830775,332.47594317258825,321.70517784111956,323.11260986328125,2064000
2025-09-24,323.23972005026513,324.71557615849025,318.3625942627125,319.6331787109375,1130600
2025-09-25,316.5939842766697,321.0547295098141,313.42737724440167,318.16259765625,1572300
2025-09-26,319.09397946171237,321.3684375129041,317.15281698266875,320.476318359375,1303000
2025-09-29,330.91734603990216,332.5643766246099,313.7214790900135,320.30963134765625,2022300
2025-09-30,321.2409798542034,324.01544081246664,312.9469473315003,317.231201171875,1803300
2025-10-01,314.3390840990127,314.71163309629105,306.1529092843394,309.81951904296875,2280800
2025-10-02,309.55484417358383,314.9469317205505,305.16273300091956,313.82928466796875,1626600
2025-10-03,316.22140971147275,316.4370944077427,307.7705428355681,307.88818359375,1401800
2025-10-06,308.14310696888066,311.7607100545277,304.59413763514385,311.0744323730469,1468800
2025-10-07,311.0744187717782,311.0744187717782,302.1529888154686,308.574462890625,1129700
2025-10-08,308.819544513933,309.6038361515245,301.73138991193747,302.26080322265625,1879300
2025-10-09,304.41766045009086,305.7411488936551,300.7314238067536,300.9667053222656,1391300
2025-10-10,300.9569303306741,307.0548924358329,297.3687375242164,298.6432189941406,1413900
2025-10-13,302.22158858969703,305.3882252596291,299.36868055158914,300.2118225097656,1337700
2025-10-14,297.05499698382937,311.4567746436458,295.58442769183023,307.701904296875,1555500
2025-10-15,310.17251454589695,312.3097349754534,303.6529959393041,305.054931640625,1087400
2025-10-16,304.40784782534024,305.15294585136326,292.05505961098487,292.6531066894531,2641100
2025-10-17,294.8981620587863,297.03541225511833,290.53549093288785,294.41778564453125,1830100
2025-10-20,296.44719659035354,300.42753548503424,295.5844577310275,296.8981628417969,1112700
2025-10-21,299.47654578572025,311.55482916139647,297.99616307414476,310.56463623046875,1691600
2025-10-22,312.1430480584871,316.0155291904175,307.3097543125339,311.7410888671875,1642300
2025-10-23,310.2509166169835,313.44696365381424,305.2509747251424,310.6626892089844,1188300
2025-10-24,313.0352079490105,316.61361757994314,308.5548957201342,310.24114990234375,1222700
2025-10-27,314.7018507224888,315.6626334985817,309.30976293752406,313.97637939453125,2644600
2025-10-28,289.83946372997974,292.93743719849414,281.3885657340161,287.2022399902344,8597400
2025-10-29,284.3198687071384,286.7021837144576,274.5258571457017,274.5552673339844,4187700
2025-10-30,271.5553176294853,285.11398334327487,269.81024325519815,278.9473876953125,3148100
2025-10-31,278.9473790983797,284.3884733784858,277.9669995943023,281.2022399902344,1999300
2025-11-03,280.0748218891829,281.4473472716265,271.66317853771415,272.34942626953125,2467200
2025-11-04,261.1241149352372,262.2515455022322,251.03600037771594,252.33010864257812,3815500
2025-11-05,252.35951299608791,257.7320039018349,251.08500158212493,251.59481811523438,1991800
2025-11-06,249.99678420292642,251.64381465951382,247.38897102059173,248.5948486328125,1660700
2025-11-07,247.05565258812322,252.6732383165534,246.29095771734094,250.9869842529297,1893900
2025-11-10,254.4771185613774,260.27116510059193,251.13402081613813,259.7809753417969,2626300
2025-11-11,259.3202142658642,262.2613530283894,256.0849436758001,258.3790283203125,2498500
2025-11-12,258.9084371633786,265.2613075505066,257.70255952098375,258.2613830566406,1384200
2025-11-13,258.6437545043649,261.48684937436343,249.79091291086357,250.74188232421875,1533400
2025-11-14,246.91839138654964,249.61443511984385,241.82042077365608,247.9085693359375,1804200
2025-11-17,246.70270981052238,247.38897250488458,239.65377843974858,241.86944580078125,2217200
2025-11-18,244.24195227327525,248.76150241571148,242.63413047419837,246.4870147705078,1572400
2025-11-19,249.88893572514735,252.52614407301553,247.05563950538635,250.97715759277344,2590400
2025-11-20,253.77126742649548,258.231982673823,247.60467131704834,247.76153564453125,1816700
2025-11-21,250.4869900173348,262.32017907459795,249.17328493196305,258.908447265625,2798800
2025-11-24,259.18294668613777,263.01623446242223,244.11451721758792,250.5556182861328,5550000
2025-11-25,254.90846937394525,266.9083042211076,252.93789711311572,261.1828918457031,5202100
2025-11-26,261.2319277323306,263.5848326795265,259.51626351184046,260.49664306640625,1517900
2025-11-28,261.7613466934419,263.6142784524132,260.34959771102865,261.02606201171875,648300
2025-12-01,257.34960935554915,264.2808993480389,255.8790401592317,261.3691711425781,1526000
2025-12-02,262.3005364866171,263.2809160360626,254.13398800401237,259.8789978027344,2105600
2025-12-03,258.2319860435674,264.17308415000787,257.7417962333409,260.55548095703125,1446400
2025-12-04,257.01629452788836,258.6241013577253,253.19282044353596,254.1829833984375,2599200
2025-12-05,254.73200587267073,255.14377844885286,250.97716535218572,252.60459899902344,2389900
2025-12-08,251.78108858196052,252.44773950966578,242.85962850290545,247.45761108398438,2840100
2025-12-09,243.7517759893643,247.16349268632072,240.29103732228566,243.44786071777344,2055000
2025-12-10,245.085096980312,258.17315541853446,240.43809237831763,255.271240234375,2952800
2025-12-11,258.61434554466433,276.104314186358,258.0261117952535,274.2121887207031,4466500
2025-12-12,275.85921710164007,276.9572374684876,271.1926006237267,273.3886413574219,2135600
2025-12-15,275.09451718666276,286.19242125533424,274.71215478796756,281.5846252441406,3234700
2025-12-16,281.7513005081672,284.8689003771252,275.4180269101482,275.9866638183594,2177100
2025-12-17,277.42784252087966,284.7610631123648,277.42784252087966,279.2905578613281,2568100
2025-12-18,281.36890921667435,285.1825997339836,279.4571572736375,281.1042175292969,2318600
2025-12-19,279.6336322673527,294.74128269441593,279.28068011896704,287.82958984375,4774900
2025-12-22,289.21197361035837,295.6432612062907,288.6825602644488,294.8295593261719,1988600
2025-12-23,294.6040843165922,298.03541308567065,285.8002643040127,286.55517578125,1713100
2025-12-24,286.27081290146924,289.43744944508853,285.80021997250424,288.3492126464844,585300
2025-12-26,288.0147412468205,288.82140221509036,279.7613116457911,281.0204772949219,986200
2025-12-29,280.4105638993327,280.6564949429283,275.7673845954129,278.0889892578125,1303500
2025-12-30,277.52825964679147,278.4234522491893,276.2494302267256,277.1151123046875,921100
2025-12-31,277.4298921417313,277.4298921417313,274.02621476570283,274.38037109375,1026100
2026-01-02,273.9671825616062,280.28270497023834,272.72768049522057,278.64971923828125,1340300
2026-01-05,276.4265139756585,281.67959786293926,271.8718658993377,275.6001892089844,2289500
2026-01-06,277.4298777323463,293.1301369939866,277.4298777323463,292.90386962890625,2132100
2026-01-07,291.08399310619035,298.8062343013647,290.52326309113187,297.4978942871094,2363700
2026-01-08,297.08470586229737,309.24352246041406,294.73359063435817,299.37677001953125,2653200
2026-01-09,300.79333382989336,307.2170515697073,298.6980265292726,306.4300842285156,1766600
2026-01-12,301.5114450797107,303.97075539846855,294.46797672428295,296.2288513183594,1596300
2026-01-13,289.46080554187165,291.7922267678747,281.1581720483633,286.97198486328125,2504900
2026-01-14,281.3451143521556,282.54525904777967,269.9339079057245,274.7836608886719,3102800
2026-01-15,277.4102282119339,281.81732349600924,271.2225945030623,273.5835266113281,1615200
2026-01-16,272.2358301778631,273.31793282062773,268.67475331603066,271.5177307128906,2074600
2026-01-20,262.6543674460492,269.54043700455986,260.08686163497015,265.6153869628906,2911500
2026-01-21,267.061450494125,274.4590455008242,266.0973899927345,273.2490539550781,2275300
2026-01-22,277.4102263762087,282.5157574122498,275.7575769134468,280.9024353027344,2349000
2026-01-23,279.3186737525847,283.4404808769443,276.53471723558977,281.4533386230469,2442000
2026-01-26,282.9682703663066,289.096883161615,282.279681413915,288.3787536621094,2283600
2026-01-27,289.27392633078097,290.04122998069505,284.2667739200641,285.8505554199219,2296500
2026-01-28,287.3261417759421,298.0684228995278,286.3916218288837,286.8539733886719,3746700
2026-01-29,311.00437006361557,345.8478911023798,308.92872661027104,340.348876953125,7713700
2026-01-30,332.0462778097484,335.76475411779137,313.31616047029314,319.3660583496094,3353900
2026-02-02,321.65816012394356,335.13516408717805,319.29719795090057,328.6130676269531,2168200
2026-02-03,327.97363460559205,334.30882070710317,319.8972675183183,320.9793701171875,2291700
2026-02-04,324.62896743612316,327.23583041287395,315.8344711893652,323.3009338378906,1663200
2026-02-05,322.17952487515714,332.7742237847221,318.52988644950364,320.7826232910156,1954100
2026-02-06,323.9207104269934,342.53278590536985,323.6452688458322,342.3360290527344,1787600
2026-02-09,339.384856360968,343.5755311505418,335.99099578900604,342.36553955078125,1972000
2026-02-10,342.9754335658328,350.5894792267596,340.8702794056311,341.64739990234375,1945800
2026-02-11,342.2278377061591,344.87402827277333,325.720916262269,328.3179626464844,2739600
2026-02-12,333.4038094823375,341.48017652616255,323.202564604252,327.3833923339844,2026900
2026-02-13,324.03871804571287,327.09811565959035,313.80799323592714,314.4080505371094,2393000
2026-02-17,318.7266237650223,325.25856651393207,315.1557003065366,318.4610290527344,2282400
2026-02-18,315.48038789087116,321.91392305248576,311.42741864889587,313.6309814453125,1726900
2026-02-19,311.1126420665877,313.3161747880855,302.53456537390906,305.298828125,1765800
2026-02-20,304.19703028447043,312.31275453724305,302.2689093318094,309.9616394042969,1641800
2026-02-23,309.79442592734443,316.0902545522688,295.86488820795495,297.71429443359375,2716500
2026-02-24,297.5962194066795,313.5620731878055,295.4615548103165,311.34869384765625,2983400
2026-02-25,314.1228142254971,315.74595312794713,306.4104202110648,307.9056701660156,1946200
2026-02-26,308.89926995490083,315.93289253417635,308.89926995490083,313.7490234375,2450100
2026-02-27,304.3740738993205,309.74519901799135,301.8655594605093,305.8988342285156,2986500
2026-03-02,287.1982808174569,298.9045923293913,280.9614432182315,295.9435729980469,4018200
2026-03-03,284.30617809640967,299.92772525336125,281.53206828200325,296.4059753417969,3642900
2026-03-04,298.8849229935481,301.383590972034,281.4140008840974,282.5354309082031,2075900
2026-03-05,280.5778203076899,284.50287029793805,273.2785734621065,278.4529724121094,3091500
2026-03-06,267.7820213655885,276.35636052851646,262.2735096812808,275.0113525390625,3936700
2026-03-09,265.0722705127657,288.16460779790066,253.33326155474543,287.34375,5464200
2026-03-10,283.33845373320787,290.4491140267019,277.13765445900896,281.8846740722656,2888500
2026-03-11,282.9428669708174,286.5822505985844,277.89913989038087,283.35821533203125,1748500
2026-03-12,277.89914620862396,277.89914620862396,262.5701897451589,263.54925537109375,2642300
2026-03-13,268.29629510063785,274.4377586544944,266.0414563448713,269.5325012207031,2248400
2026-03-16,276.9101834880133,282.6758358146516,274.2894324304504,277.71124267578125,2442500
2026-03-17,282.20114418591464,283.2692130132488,274.7641087184988,274.8333435058594,2000600
2026-03-18,271.9653764972744,274.081776095718,265.7250097273841,266.54583740234375,2269700
2026-03-19,265.7744386336931,272.9147669848753,262.95591258994466,268.99847412109375,2244600
2026-03-20,268.99846387715274,268.99846387715274,258.0308463062122,260.7406005859375,4189300
2026-03-23,273.60704552899836,280.10455246635394,270.88739192802575,275.88165283203125,3534100
2026-03-24,270.3830075541436,273.94328736106405,266.6249528684476,270.3731384277344,1954900
2026-03-25,277.8991524292871,281.5978717041149,273.18180045776955,275.9311218261719,1519100
2026-03-26,272.627994741133,277.7013598376015,270.17535067683457,270.9764099121094,1880200
2026-03-27,266.91176371295256,270.2050037029598,258.0209483271165,258.9110107421875,2217800
2026-03-30,260.6713522457714,265.665643045294,257.8725948885712,258.4857482910156,1727600
2026-03-31,264.5085608518235,273.5180473689439,260.59226804455267,272.14337158203125,2649900
2026-04-01,279.72873948416895,282.3494905405894,274.93225348610804,278.94744873046875,2272100
2026-04-02,268.79079797571137,277.19700023099375,263.1635848750629,270.5709228515625,2243100
2026-04-06,268.998441245861,274.9025626524971,265.55683267659356,272.6576232910156,1752600
2026-04-07,267.85126346257783,268.3457459376263,259.4153936454829,264.75579833984375,2278600
2026-04-08,291.0919541476404,301.0409396218737,274.68502843797563,276.1783752441406,3974100
2026-04-09,271.36210313388534,277.22665795790215,267.45567956640286,272.8455505371094,2077300
2026-04-10,273.24115094790415,278.21564373886645,270.29402435425715,273.88397216796875,1828100
2026-04-13,268.0094860488063,279.40235075302064,267.02052115563725,279.2935791015625,2141900
2026-04-14,281.4099726976102,282.6461789213404,277.2365392790645,278.4233093261719,1868400
2026-04-15,278.957329718563,281.05393042601526,273.96303898803257,279.1946716308594,1906300
2026-04-16,280.7077947087,284.5153156249784,262.2141691137693,263.0152282714844,3146400
2026-04-17,279.8671687779246,292.07099208261155,278.1463795012705,282.3297119140625,5460400
2026-04-20,276.11902144188326,279.4715968716519,271.47087418317875,279.1551208496094,2381500
2026-04-21,277.40465609184116,281.10337518187197,267.40623538045526,268.47430419921875,2299800
2026-04-22,269.0083814709437,269.0083814709437,261.18566463634363,262.70867919921875,2360700
2026-04-23,261.5911155219743,266.68427872402634,255.72653072385432,257.5561218261719,1976300
2026-04-24,258.1198464707736,263.9448643894146,255.66720258174354,262.90643310546875,1743300
2026-04-27,259.1285695482025,262.4515072717982,254.8562641618841,256.0133361816406,2465700
2026-04-28,253.0365706622931,257.1012171775062,251.4740042430931,253.0662384033203,2130100
2026-04-29,251.54324503063887,255.2815313932868,247.6170529100661,251.2069854736328,4313700
2026-04-30,265.05249664253506,278.29472116613346,259.1483748901791,260.8493957519531,5219700
2026-05-01,262.83720240124495,268.8797939053952,255.73644134403355,262.61962890625,2599800
2026-05-04,258.19895797184415,263.99430832012445,253.76841427543837,256.61663818359375,3080700
2026-05-05,258.55497636215597,261.5812064304019,255.64741724861582,261.06695556640625,1776500
2026-05-06,276.9398574220042,285.06915062628116,272.0148010404531,283.91204833984375,3681000
2026-05-07,283.89226404190583,285.6723888037664,277.7508004145916,277.77056884765625,3989500
2026-05-08,277.75080670683116,280.7275706240365,270.46213999955773,272.20269775390625,2295600
2026-05-11,268.2765178975451,268.2765178975451,258.713243490752,260.5527038574219,2208100
2026-05-12,261.78891258886085,261.82847963886826,255.15296599368463,255.27163696289062,2258900
2026-05-13,256.1518155106282,262.0856050751879,253.76840641383234,261.2845458984375,2014900
2026-05-14,269.7303060423272,272.23238629993824,261.51200925803704,262.4515380859375,1662500
2026-05-15,260.671367032014,260.98784305794135,256.2012563438473,257.4176940917969,2114600
2026-05-18,258.60444027544105,261.0471849578936,248.92247986161604,249.8026580810547,2637900
2026-05-19,247.24124238395373,247.25112660110227,238.51856410925208,244.47213745117188,3669000
2026-05-20,238.83502787287767,254.40132603580014,229.53876367299475,251.0883026123047,6644000
2026-05-21,244.4721270670775,259.24728058923256,242.15795275835748,257.4473571777344,3395900
2026-05-22,256.448494770613,258.85167231823885,252.18605831705273,253.27392578125,3179900
2026-05-26,257.2297895563967,265.64586075876804,255.7760098725215,264.75579833984375,4352600
2026-05-27,271.38186090741556,278.35405135636967,269.4929343331443,272.13348388671875,3341400
2026-05-28,268.2863953524582,279.11557301874046,268.0094863892517,278.1859436035156,2900200
2026-05-29,279.8968559233159,285.01971742325435,276.9200918761586,281.4891052246094,4233800
2026-06-01,276.90030056354817,289.8656474015518,272.31151865970384,285.8603210449219,2881300
2026-06-02,286.4734983451498,290.75570341866154,282.5275075615131,287.59100341796875,2774100
2026-06-03,285.6624465151869,293.2573288479322,283.3164024463074,284.72802734375,2074700
2026-06-04,288.28686273822217,297.0646873138742,281.6562515468313,291.5474853515625,2656100
2026-06-05,290.2352870900982,295.24552263532365,277.93836563093856,278.345947265625,2696900
2026-06-08,276.8547904070686,281.0896346109974,269.9657359374961,270.3931884765625,2260800
2026-06-09,273.1865882387417,282.4415880281906,268.216125179433,280.59259033203125,2678600
2026-06-10,276.04957835042933,276.486981524312,264.4385839864322,267.14251708984375,1690000
2026-06-11,265.691131767754,286.5472064958907,264.7765835182163,286.2589111328125,2663100
2026-06-12,287.292768045262,293.03862219267523,281.77556612256507,292.6409912109375,2003500
2026-06-15,306.18052858540665,313.6163523439086,306.18052858540665,311.8170471191406,3049000
2026-06-16,314.13327979782935,317.5629116014283,310.1469585329651,310.991943359375,1880500
2026-06-17,309.17276996602624,315.1273753313866,299.0528835630736,299.6891174316406,2226400
2026-06-18,308.72541707129767,314.0438189215882,306.2799575983096,310.6639099121094,3662800
2026-06-22,309.391449339564,313.6063922354678,305.8325808596994,307.532470703125,2057400
2026-06-23,290.2651133793663,309.10318189465727,277.58051134838666,307.7015075683594,4334300
2026-06-24,313.1789554569015,326.6190770993779,310.16685595525814,319.0540466308594,2305000
2026-06-25,320.2767632772695,331.42056374684876,317.1255065599388,320.7439880371094,1655200
2026-06-26,319.6902540039311,325.3963361485989,316.11151437037796,316.2507019042969,7234400
2026-06-29,317.1155492489945,324.92910276576504,314.6004961063738,319.5411376953125,2071400
2026-06-30,317.6324704922395,319.103738525874,312.57254257789714,315.65423583984375,2126000
2026-07-01,315.74370627696777,318.39794703146146,304.4706991365585,304.4905700683594,2184500
2026-07-02,305.186456024302,309.1230545847639,291.7363831335308,294.5496520996094,2124000
2026-07-06,294.2414788760738,297.2337075124802,283.64444740254413,286.0799865722656,2148000
2026-07-07,284.3204376265128,287.40210045344503,276.1589154402726,280.59259033203125,2665200
2026-07-08,278.0974209144519,281.5667945809267,276.3577587639594,279.29034423828125,2232500
2026-07-09,281.65626414142986,289.12190983549084,281.099574670647,286.3782043457031,1504600
2026-07-10,288.2968083875213,288.91314095357814,282.6205177247618,283.6842041015625,1149900
2026-07-13,284.449680138463,297.9792662912338,283.23688591454464,286.9050598144531,3616000
2026-07-14,284.6584459474856,288.28687817428795,280.96041995189574,281.4176940917969,2263300
2026-07-15,285.40400429094996,295.19582290630746,281.86503690366845,290.4440612792969,2198000
2026-07-16,289.678577165325,293.2573165877539,286.3583115264683,292.2135314941406,1795200
2026-07-17,284.7180926951023,291.0106861122208,283.4456552577444,285.26483154296875,2357300
2026-07-20,287.3822275084199,290.04638840858496,279.6879604544735,284.46954345703125,2397500
2026-07-21,285.6923131419098,287.55126162085014,282.3521459234259,286.19927978515625,1338600
2026-07-22,283.81343847422573,287.7599873260458,281.07968381291533,284.161376953125,1667200
2026-07-23,277.4611926112177,284.8572445576315,276.9939981766755,281.7358093261719,5354000
2026-07-24,284.1116713855153,298.5657872221118,282.879006189444,291.80596923828125,2965300
2026-07-27,299.2318448553934,305.2858655863601,287.5015331254225,303.238037109375,4147600
2026-07-28,300.91185684444946,322.66257851091757,291.41825384862375,320.5948791503906,3439800
2026-07-29,314.7197896071205,326.9272461815576,313.72569695338035,321.6684875488281,2687100
2026-07-30,317.1155427880254,321.58895953581884,309.51074038423627,320.0381774902344,2139200
2026-07-31,319.2329769171999,319.2329769171999,314.5806306053517,316.419677734375,1949000
2026-08-03,325.76418411202246,328.24941581767627,320.6445825285347,322.0860290527344,1987000
2026-08-04,327.60322548847483,332.02694998092534,322.08602333478984,323.81573486328125,1523200
2026-08-05,327.0465423008019,328.76633356502225,323.31869473694655,325.48583984375,1529000
2026-08-06,321.80765897333504,326.0126816095906,318.4674920485727,318.6563720703125,1201100
2026-08-07,321.4299154860346,323.09006356860044,316.3302153109835,318.1096496582031,1161700
2026-08-10,313.1391906738281,315.12737601143976,305.31568622429455,306.1805419921875,1878700
2026-08-11,310.1568960239316,310.1568960239316,301.20011185068944,305.3355407714844,1815100
2026-08-12,306.1805419921875,307.92020416259766,301.4089093168399,306.1805419921875,1325300
2026-08-13,307.42315524650616,311.64804905345085,305.3753267929476,308.0494384765625,1460800
2026-08-14,306.67756627817624,311.1509829661885,303.0988268603067,303.1982421875,1424900
2026-08-17,300.8720884271417,303.4169632123888,298.0488689102989,300.0072326660156,1568400
2026-08-18,297.2336905924479,300.9515872484445,295.384692898492,298.227783203125,1299800
2026-08-19,300.12651601006604,302.42286760770446,297.3529890183508,298.78448486328125,1667700
2026-08-20,294.34089508534447,294.7683476525874,282.5708415104005,285.9209289550781,1987900
2026-08-21,288.595035919607,292.57140653510896,287.47170636675975,290.2750549316406,1488100
2026-08-24,294.1519970209608,297.0945026500106,287.75003819015996,291.2691345214844,1606900
2026-08-25,295.4045809325128,295.47417470024124,288.94297858900006,290.5633544921875,1216500
2026-08-26,291.2691431505927,294.7285964548331,288.01847114334333,288.286865234375,1122000
2026-08-27,287.7798813428049,289.28097100337044,281.8054049421688,283.1175842285156,1340200
2026-08-28,284.31049683001,285.8215067308953,277.7594299316406,277.7594299316406,1107700
2026-08-31,275.3636498770394,276.96412439925894,265.8700776930934,267.1524353027344,2764100
2026-09-01,265.55197735300266,267.41092577486734,261.9931086381887,264.13043212890625,2010900
2026-09-02,266.53610833958743,270.41306348895165,263.57373174875744,264.031005859375,1762800
2026-09-03,265.01515758152345,265.7209548729964,260.49204813063733,263.9812927246094,2317800
2026-09-04,263.6433145359411,264.965474806118,262.4603418046466,263.6234436035156,1486400
2026-09-08,261.44636105860116,269.23009298429145,261.43641042438935,262.9375,2804200
2026-09-09,259.4581901206511,260.949329144333,256.32680423837934,258.22552490234375,2412200
2026-09-10,256.8039438850347,261.9135947268132,255.1935186274471,257.4799499511719,2177700
2026-09-11,262.4404544765603,262.73867013081843,258.3050254928174,258.603271484375,1568500
2026-09-14,254.48772406678108,256.1876140416892,251.2469874163323,253.8316192626953,2160700
2026-09-15,254.8754294519236,255.61104830601653,247.17119623499684,247.82730102539062,1884600
2026-09-16,249.5172495167179,255.44203308251164,247.76765195293208,252.4199981689453,2306900
2026-09-17,257.2799987792969,258.20001220703125,249.72000122070312,249.74000549316406,1808200
2026-09-18,250.0,251.4600067138672,245.05999755859375,245.80999755859375,3198100
2026-09-21,250.5,252.14999389648438,246.3000030517578,250.25,2215000
2026-09-22,259.0,261.6600036621094,231.02999877929688,234.88999938964844,8400100
2026-09-23,236.13999938964844,237.1300048828125,222.22000122070312,230.3000030517578,7591900
2026-09-24,234.3000030517578,243.17999267578125,232.0,238.97999572753906,5474100
2026-09-25,241.8000030517578,246.25,236.72000122070312,242.6999969482422,2691600
2026-09-28,246.0,249.72999572753906,240.1999969482422,242.58999633789062,3365300
2026-09-29,257.20001220703125,261.989990234375,254.2100067138672,260.6700134277344,4038600
2026-09-30,260.20001220703125,269.6499938964844,259.0,265.8599853515625,4286700
2026-10-01,266.1199951171875,270.8599853515625,263.2200012207031,269.989990234375,3093700
2026-10-02,275.17999267578125,279.5,271.55999755859375,277.739990234375,3418900
