Date,Open,High,Low,Close,Volume
2015-01-02,60.59750148931495,61.37285755411423,60.39273019694521,60.974822998046875,8389600
2015-01-05,60.62280773494128,60.62511074499649,59.55985625250927,59.628883361816406,12751200
2015-01-06,59.771528527832324,59.99930183546509,58.637250456269555,59.244651794433594,11070000
2015-01-07,59.460908900802636,60.082117608265555,59.23313565137232,60.03840255737305,9346800
2015-01-08,60.556070769096756,60.99781322954704,60.42492562371909,60.843666076660156,10443200
2015-01-09,60.65040430818165,60.84827355848819,59.76691224271835,59.9417724609375,10523600
2015-01-12,60.05913765255092,60.28000900199347,59.62199395337608,59.82445526123047,6425600
2015-01-13,60.28460962914505,61.15660106186669,59.61508653111724,59.99931716918945,10284000
2015-01-14,59.04679570718941,59.49774337096028,58.46699883239699,58.798309326171875,12225200
2015-01-15,59.062889796922235,59.237750045941986,58.062059917167964,58.239219665527344,10569200
2015-01-16,57.95622171441627,58.69246872296425,57.86419259369073,58.657955169677734,11137200
2015-01-20,58.95015775341385,59.74852290207679,58.499206600382294,59.092803955078125,14933200
2015-01-21,58.9363616189838,59.73472687444123,58.554434016234524,59.19404602050781,9784000
2015-01-22,58.772992065961105,59.58976365996263,58.29443292493857,59.26765823364258,11566000
2015-01-23,59.47933518570517,59.969398932247,59.401110069649484,59.426422119140625,6166800
2015-01-26,59.1158126980176,59.19634081766417,58.393373163392475,59.021480560302734,8552400
2015-01-27,58.39106757544073,58.39106757544073,57.1923719169482,57.746856689453125,11027600
2015-01-28,58.101165134241384,58.211600770262,56.667790832965935,56.68159484863281,11430800
2015-01-29,56.950793288156184,57.24299120821713,56.40781301270322,57.058929443359375,15668400
2015-01-30,59.91187083852156,60.65271685141101,58.64875411987305,58.64875411987305,22151600
2015-02-02,58.97085495236401,58.97085495236401,57.45005049315063,58.7476806640625,13665200
2015-02-03,59.062891141793855,59.92338136770434,58.6096440135466,59.77153015136719,15075600
2015-02-04,59.72549966602338,61.3682476475195,59.612764537580965,60.944908142089844,22170800
2015-02-05,61.48789225840418,62.53473663330078,61.177287843657105,62.53473663330078,16565600
2015-02-06,62.52322760660696,62.68428380733416,61.20949404495974,61.527000427246094,11242000
2015-02-09,61.524709062905565,61.73867835359961,61.03464538195519,61.07605743408203,7834400
2015-02-10,61.37286233468539,61.630546706354245,60.6550252932157,60.86669158935547,9396800
2015-02-11,61.07645894013182,61.38070645273711,60.90819535728136,61.30925369262695,8795600
2015-02-12,61.684946460364934,62.443275451660156,61.555870083225535,62.443275451660156,11641600
2015-02-13,62.867369342907196,62.867369342907196,61.952305977063986,62.14822769165039,8476000
2015-02-17,62.574672126293905,62.692219580789015,62.203572188719946,62.43406677246094,6810400
2015-02-18,62.434047003936364,62.46401241579657,61.80710165330544,62.03068161010742,6429200
2015-02-19,62.24966872353301,62.24966872353301,61.77254328681907,62.02608871459961,5654800
2015-02-20,62.01225049465327,62.925006866455085,61.555868791684944,62.92500686645508,9034800
2015-02-23,62.91577818316336,62.99875986280266,62.29114004349657,62.92730712890625,6654800
2015-02-24,63.11171449488315,63.11171449488315,62.50321251824454,62.802852630615234,9045200
2015-02-25,62.523941744720794,63.208510706675185,62.523941744720794,62.92730712890625,6842800
2015-02-26,62.971104517733025,63.270744574559885,62.6991156432008,63.09787368774414,13459600
2015-02-27,63.03334191865919,63.199298268254566,62.53547286987305,62.53547286987305,7965200
2015-03-02,63.78013237072754,64.14431762695312,63.25691237780006,64.14431762695312,11653600
2015-03-03,64.22731266096767,64.22731266096767,63.04026699279351,63.45515441894531,8807200
2015-03-04,63.42056460297331,63.42056460297331,62.75213191411267,63.09787368774414,8021200
2015-03-05,63.38597674839569,63.41824934930585,63.09785867226662,63.185447692871094,6756000
2015-03-06,63.01717816624701,63.26611609928531,62.060627651975196,62.08137130737305,11590800
2015-03-09,62.35340507018716,62.742941559460355,62.02149223868647,62.560855865478516,8902000
2015-03-10,62.150567146613696,62.20126920570045,61.12717056274414,61.12717056274414,11125600
2015-03-11,61.22626619261529,61.629631640296346,60.63158633634695,61.02342987060547,12105200
2015-03-12,61.40376660522915,62.23354866086827,61.38071573593462,62.13673782348633,9530800
2015-03-13,61.96615441257185,61.96615441257185,60.96580890265108,61.08797073364258,12578800
2015-03-16,61.51669714401303,62.24505377126042,61.4567663068571,62.00764465332031,9849600
2015-03-17,61.786368908972385,61.855514460764404,60.88283420625778,60.9658088684082,14290800
2015-03-18,60.87130536250866,61.767932545715965,59.70039613396603,61.69647979736328,50658000
2015-03-19,61.61580602179385,61.94771874313754,60.62006785776278,61.59736251831055,15407500
2015-03-20,62.003019544083436,62.417906824033444,61.56968876530278,62.15053939819336,15372000
2015-03-23,62.7221514658373,62.888107758762715,61.83705358161268,61.846275329589844,8128000
2015-03-24,61.86473846435547,62.408709283417494,61.62502215252462,61.86473846435547,6534800
2015-03-25,61.864736817203614,62.168991316334,60.60163116455078,60.60163116455078,13054300
2015-03-26,60.15908021298563,61.12716017949257,59.94702212257913,60.47254943847656,9487200
2015-03-27,60.40799769283176,60.67537216678862,60.06687032209667,60.42644119262695,6521100
2015-03-30,60.868980630412324,61.14557682664113,60.389555195633655,60.53707504272461,11237100
2015-03-31,60.361907469137705,61.044169295124824,60.28814753277837,60.30659103393555,7400500
2015-04-01,60.343459170997896,60.4079973516482,59.42148114220261,60.09452819824219,7633000
2015-04-02,59.919357114568996,60.50020784234243,59.75340076865301,60.195953369140625,5083000
2015-04-06,59.67965980150384,60.51865641569639,59.38462702020785,60.11298370361328,8351200
2015-04-07,60.27892065293046,61.02572763528553,60.21438247264141,60.66615676879883,6660800
2015-04-08,60.749150436524744,61.6250270195813,60.6661757648007,61.31155776977539,6604200
2015-04-09,61.37606491481715,61.60655937627194,60.629265110626086,61.25621032714844,5408500
2015-04-10,61.486699309430556,61.486699309430556,60.78599423949171,61.16400146484375,4628500
2015-04-13,61.05340079456393,61.58814986735452,60.39879708165233,60.49099349975586,5059800
2015-04-14,60.40799931919007,60.79523544983865,59.817933924272864,60.41722106933594,5621800
2015-04-15,60.48174774105204,60.767565668101554,60.20515859652631,60.55550765991211,5347100
2015-04-16,60.417237877489654,60.85979056386346,60.25128149936651,60.52787780761719,4121300
2015-04-17,60.02077192671139,60.389564567538535,59.329288362960945,59.48602294921875,11212900
2015-04-20,59.92857050234705,60.12218503987395,59.54134142729327,59.67041778564453,5948900
2015-04-21,59.95622997748517,60.693815212826614,59.91935001230468,60.25126266479492,9619700
2015-04-22,60.68457882028671,64.52000986398829,60.656920611608584,62.703712463378906,20912400
2015-04-23,62.87890496395711,62.89734846547074,62.25195956105542,62.43635940551758,7193400
2015-04-24,62.814375756318604,62.860477482558146,62.058353871286585,62.21509552001953,6219900
2015-04-27,63.05409123742084,63.25692757557496,61.708003851831194,61.86473846435547,7122400
2015-04-28,62.0583318752111,62.233509931867914,61.228557370092865,61.560462951660156,6297500
2015-04-29,61.643456797602845,63.11862036199629,61.56969686084949,62.086002349853516,9812400
2015-04-30,61.938512032018636,62.23354485217457,60.31582800409239,60.89667892456055,11780600
2015-05-01,60.131424013994526,61.45907497634839,60.0668858163321,60.63850784301758,10142800
2015-05-04,60.896656333052285,60.97963098568726,60.361907346733524,60.46332550048828,7426400
2015-05-05,60.63848922856785,61.21011811391401,60.48175465866342,60.81366729736328,8099800
2015-05-06,60.98887461074803,61.44986382619716,60.140656142514544,60.546321868896484,7084600
2015-05-07,60.46329909683308,61.569669520301055,60.426419144833275,61.385276794433594,6660300
2015-05-08,61.90160927792503,64.68598708833598,61.78175465681338,64.04981994628906,18359000
2015-05-11,63.8930779605404,64.26186353177232,63.42286721284565,63.634918212890625,10998500
2015-05-12,63.2016158907406,63.616503316104165,62.66686678336905,63.330692291259766,7438200
2015-05-13,63.49692165328809,63.61698602296698,62.97971261904721,63.404563903808594,5129800
2015-05-14,63.690869323930066,64.67911195218497,63.58927369468895,64.65140533447266,6491100
2015-05-15,64.74375954556011,65.28868216781864,64.014121450995,64.25425720214844,7121000
2015-05-18,64.41126957022601,64.8730653226151,63.84787818859581,64.65140533447266,5553800
2015-05-19,64.78070330226468,65.16861001750136,64.65140106385246,64.79917907714844,4351000
2015-05-20,64.88233151152106,64.94698266319779,64.17116884307703,64.4482421875,4870100
2015-05-21,64.23579632451924,64.5313453441985,63.98642265533847,64.06954956054688,6483800
2015-05-22,64.00489654567485,64.51286766484876,64.00489654567485,64.30044555664062,4511700
2015-05-26,64.01412176509646,64.1896063971593,63.09053030614454,63.30295944213867,6228100
2015-05-27,63.5892912418437,64.41128734420658,63.2660355352593,64.18038940429688,7064800
2015-05-28,64.17115890768235,64.44823220920703,63.54311622586874,64.24504089355469,3893900
2015-05-29,64.03262139004818,64.2819880764098,63.28450723807082,63.43228530883789,6678100
2015-06-01,63.84789073035837,64.14343978808489,63.20137936859578,63.82942199707031,6309400
2015-06-02,63.47846693667574,64.15268499852934,62.81347971929684,63.76477813720703,4457400
2015-06-03,63.96796265622671,64.18962268963223,63.626231192957235,63.681644439697266,4906400
2015-06-04,63.38611402646983,63.86638579432014,62.831960256713515,62.998207092285156,6460000
2015-06-05,63.072049879132926,63.450718642919064,62.8042075601416,63.145938873291016,4413100
2015-06-08,62.97971980212042,63.072077562133664,62.453272818954964,62.50868606567383,4864300
2015-06-09,62.4994292839947,62.887335986664766,62.37012704977135,62.758033752441406,4439700
2015-06-10,63.0074241768816,64.34662926539389,62.905828530559134,64.30968475341797,6807800
2015-06-11,64.37432956009523,64.66987858040639,64.11572504812852,64.31891632080078,5238700
2015-06-12,64.12497342436497,64.41128460280464,63.746297436735794,64.0326156616211,4900700
2015-06-15,63.46924012286163,63.718606849676895,62.961261730250556,63.3306999206543,5995100
2015-06-16,63.21984065722874,63.88482772041707,63.07206966898941,63.737056732177734,5937400
2015-06-17,63.82941507399167,64.1064953683774,63.275261531664825,63.49692153930664,7818300
2015-06-18,63.63545981624495,64.50363109001167,63.61698403905846,64.18961334228516,7596800
2015-06-19,63.977187019426566,64.03260730699844,63.24755585643633,63.44150924682617,8728800
2015-06-22,64.02337661047285,64.13421015162311,63.635469786115166,63.81094741821289,5511700
2015-06-23,63.82018124119042,64.27273917410092,63.81094335173856,64.11573028564453,3888700
2015-06-24,63.8294354151575,64.09727790603452,63.50617966632207,63.59853744506836,4670600
2015-06-25,64.07878229601752,64.07878229601752,63.275262118447756,63.37685775756836,4705100
2015-06-26,63.45073914142749,63.92177282330538,63.18290378235111,63.49692153930664,7025600
2015-06-29,62.79499038730966,63.25678618345846,61.594325545189555,61.622032165527344,9706700
2015-06-30,62.19466556959306,62.32397489837712,61.65898770552613,62.019187927246094,6811000
2015-07-01,62.74884884555856,63.08134256165375,62.370172706386874,62.66572189331055,6260800
2015-07-02,62.942770486605134,63.099779371293195,62.45326805408067,63.0258903503418,5053000
2015-07-06,62.38859989259474,62.91504669189453,62.21311527734716,62.91504669189453,5270600
2015-07-07,62.905833170828615,62.988953044071906,61.446556549139316,62.5918083190918,6500700
2015-07-08,61.88987588620461,62.17618703103026,61.557382342206196,61.63127136230469,5973500
2015-07-09,62.48098008931401,62.74882252863776,61.89911280695896,61.92682647705078,4837800
2015-07-10,62.78575934941394,63.302968384628564,62.721108220012106,63.192134857177734,5110200
2015-07-13,63.77400955685273,64.28198076281676,63.57081825588894,64.20809173583984,6832300
2015-07-14,64.62371764938078,64.92850462639669,64.16192176170071,64.74378204345703,5635400
2015-07-15,64.77147173107011,64.91001187043408,64.36509624776512,64.66987609863281,4506200
2015-07-16,65.04858464699379,65.1963557023983,64.62373317384024,65.17788696289062,6512500
2015-07-17,65.02085990349762,65.53806902302073,64.9100263579802,65.46417999267578,6287600
2015-07-20,65.84285050325812,67.42219140147262,65.78743725833854,67.14511108398438,10198500
2015-07-21,67.27439638761767,67.31134089039566,66.2769229983855,66.51705169677734,10919600
2015-07-22,66.443179610879,66.63713299445168,66.14763059118097,66.47088623046875,6303200
2015-07-23,66.68331361489325,66.72949601548889,65.75972197454045,66.2677001953125,10755700
2015-07-24,70.91336321714572,71.04266547979431,68.71521770567502,69.08465576171875,21196100
2015-07-27,68.60439089577133,69.00153561179685,67.9578795191928,68.21648406982422,10293800
2015-07-28,68.62286031783711,69.43561840829526,68.2072398601631,69.02923583984375,10054300
2015-07-29,69.22319744584583,70.59011630867484,68.9645928885001,70.20220947265625,13746900
2015-07-30,70.09135694215362,70.8948840674899,69.49102107010542,70.54391479492188,6507000
2015-07-31,70.60856880254423,70.66398908526116,69.5649129228891,69.58338165283203,8526300
2015-08-03,69.81428302158531,70.22990345373488,69.27860526914066,69.98052978515625,5810800
2015-08-04,69.75885827448818,70.2668363700555,69.29706256813363,69.51872253417969,6957900
2015-08-05,70.2391661992368,70.3499927165414,69.19550285163906,69.25092315673828,6976400
2015-08-06,69.54644132854166,69.65726779652276,67.93015623700863,67.9578628540039,7767800
2015-08-07,68.05023145117843,68.63209164025457,67.71773790129353,68.53973388671875,6484600
2015-08-10,69.16776519396454,69.43560756804263,68.20722921168428,68.69673156738281,6183500
2015-08-11,68.17031322725425,68.59516463912237,67.62539740978646,67.75469970703125,6476000
2015-08-12,67.41240030994791,68.30050021581336,66.96834682801986,68.03221893310547,7625100
2015-08-13,67.93045292223148,68.85555781995602,67.88419485414916,68.39300537109375,5992000
2015-08-14,68.31899405352777,68.82780456129821,67.948950689512,68.66128540039062,3861500
2015-08-17,68.45774744931543,68.86479577378667,67.99519510168493,68.83704376220703,3473500
2015-08-18,68.69830690039863,69.1331074279315,68.46703062473152,68.892578125,6325500
2015-08-19,68.64277935441564,69.34586104028878,68.15247489671111,68.82780456542969,5886900
2015-08-20,68.05071629528533,68.94806920538527,67.35688759877388,68.41150665283203,12082300
2015-08-21,67.07010817471537,68.10622824877379,65.64544571963152,65.85822296142578,15752200
2015-08-24,59.35472831111139,64.16527052533819,55.50628889333825,63.24016571044922,20950600
2015-08-25,66.3207651820467,66.42252727439661,61.6119780932764,61.95426940917969,14485000
2015-08-26,64.17452983681801,65.67319526664706,62.81462449642475,65.39566802978516,12220000
2015-08-27,66.55204508474999,67.06084851682299,65.49742612170138,66.97759246826172,9122200
2015-08-28,66.70007318716094,67.22738278724478,66.23752065873681,67.03311157226562,6411400
2015-08-31,66.5242906986223,66.68155682340641,65.51592277914551,65.95997619628906,8313300
2015-09-01,64.21154764933308,65.11814668455787,63.36969863006121,63.79524612426758,11491500
2015-09-02,64.7018484536078,64.7110944222108,63.55471312761811,64.40581512451172,9218000
2015-09-03,65.17365428147617,65.75647503671665,64.7481067640896,65.12740325927734,9035200
2015-09-04,64.10050475156254,64.6740721996524,63.49918529207921,63.98024368286133,9469400
2015-09-08,65.451166708926,65.69169594091323,64.34104373635212,65.24764251708984,7984900
2015-09-09,65.4511861242357,66.03399979902322,64.23004766897246,64.38731384277344,9022200
2015-09-10,64.29480112679948,65.35867334840957,64.25779607775316,64.97013092041016,7244200
2015-09-11,64.62782295587637,65.50666970713908,64.25777961819063,65.46041870117188,6452100
2015-09-14,65.42342525069674,65.49743534294194,64.39655815926484,64.7666015625,7059300
2015-09-15,65.20141209915596,65.45118737656065,64.30405900160497,65.22916412353516,6962600
2015-09-16,65.17366767765478,65.78424058331372,64.80363119203626,65.67322540283203,8207600
2015-09-17,65.96000146418413,66.90360563235345,65.21991450476294,65.64546203613281,7663300
2015-09-18,64.5907860591077,65.50663739822554,64.48902401498505,64.56303405761719,14508100
2015-09-21,65.33092210174804,65.97849282276852,64.96087866488284,65.47893524169922,12756500
2015-09-22,64.75735593096641,65.11814634937103,64.11903116394669,64.98863220214844,11394000
2015-09-23,64.90534300074921,65.82119459088635,64.66481382526287,65.63616943359375,10655800
2015-09-24,65.0811169442763,65.34014514178762,64.42429342687578,64.97935485839844,8406700
2015-09-25,65.85822048254529,66.10799570152004,64.9516145696197,65.39566802978516,7756600
2015-09-28,64.93311030316325,65.01636635006267,62.00977565131682,62.16704177856445,15261200
2015-09-29,62.46309139388275,63.554715661825796,62.16705805298251,63.3974494934082,11326700
2015-09-30,64.12826313351987,64.44280242919922,63.14765432426356,64.44280242919922,9309200
2015-10-01,64.84060173359335,65.46967337391798,63.81374174549529,64.74809265136719,8679900
2015-10-02,63.647224965649556,65.43267784586068,63.240176518972156,65.37716674804688,7460400
2015-10-05,65.73795720435808,66.92209044198825,65.60844307261671,66.8203353881836,7286800
2015-10-06,66.8110937436482,67.10712710348578,66.45030330690838,66.68157958984375,5782500
2015-10-07,67.23662566425823,67.7454361919132,67.02384842778694,67.7361831665039,6208900
2015-10-08,67.53266139601811,68.393009282424,67.3753952483287,68.3652572631836,5713100
2015-10-09,68.49478933133838,68.54104035618928,67.90272257250395,68.43928527832031,5947800
2015-10-12,68.21725288227448,69.7806828694852,68.15249580305232,69.3736343383789,5586300
2015-10-13,68.88329327535583,69.6141268157959,68.59651308457134,69.38285064697266,7439400
2015-10-14,69.23485071901017,69.62340016011237,68.19873769737927,68.64278411865234,7568300
2015-10-15,69.34583525330476,69.76213652978772,68.99429807008606,69.69737243652344,6856200
2015-10-16,69.68818739880226,70.8075640203537,69.18862966506966,70.3080062866211,9117400
2015-10-19,70.24320709758189,71.53835521721834,70.24320709758189,71.22381591796875,9952600
2015-10-20,70.90003967471652,71.13131590201088,70.24321603615941,70.56700134277344,8148800
2015-10-21,71.177568918446,71.177568918446,69.66964350640633,69.80841064453125,7277900
2015-10-22,70.20622860752239,71.09432869619748,69.97495232220099,70.696533203125,9093400
2015-10-23,71.65866499991289,71.81593122742427,69.33664841903148,71.2978744506836,11971300
2015-10-26,72.23219032596367,72.4449604947158,71.31633141806167,72.32469940185547,8019400
2015-10-27,72.18589365002924,72.32466071864171,71.28854127205315,71.7140884399414,9527400
2015-10-28,71.99165743211819,72.98151931575143,71.64012013835705,72.96302032470703,10850200
2015-10-29,72.70401556544094,72.8150307322808,72.09344979280336,72.63001251220703,7648600
2015-10-30,72.82427253981973,72.90752860862692,71.75114726636096,71.7696533203125,11186500
2015-11-02,69.55863561818016,70.50223945543382,68.9480630320826,69.58638763427734,29966000
2015-11-03,69.50313663563243,72.6947531446046,69.20710331570953,72.06568145751953,18899900
2015-11-04,72.50047016093662,72.92601754806265,72.06566974900633,72.48196411132812,8640800
2015-11-05,72.54670752961235,73.7400934173559,72.54670752961235,73.32379913330078,9392600
2015-11-06,73.61057526176529,73.61057526176529,72.45419447214475,72.85198974609375,8221600
2015-11-09,72.52823643761631,72.52823643761631,71.50136928013416,72.19519805908203,10157300
2015-11-10,71.96350607542816,73.70582663060603,71.92643452267853,73.65949249267578,8440300
2015-11-11,74.0023639438664,74.37307226023269,73.3721619272456,73.38143157958984,8024400
2015-11-12,73.0849051431741,73.35366863846586,72.41763123357752,72.57518005371094,8939800
2015-11-13,72.30640352517689,73.18683696912616,72.07471163003373,72.38981628417969,9913200
2015-11-16,72.09325092117304,73.13123315656885,71.89863057778798,73.12196350097656,7805000
2015-11-17,73.1590204796699,73.47411800028647,72.72343867238008,73.05707550048828,6942600
2015-11-18,73.17757462549001,74.60479769066208,72.97368460608311,74.5677261352539,7212400
2015-11-19,74.69744560869283,75.07742360905982,74.00237010910075,74.28040313720703,6082200
2015-11-20,74.6881833076967,75.0681613454678,74.12286168406602,74.3174819946289,6764300
2015-11-23,74.68820697165191,74.8642951006223,73.73363735377858,74.24336242675781,5910600
2015-11-24,73.42780497441382,74.32676366722329,73.40926566159442,73.94679260253906,6040800
2015-11-25,73.9375402722547,74.22483605219364,73.73365020751953,73.73365020751953,4268700
2015-11-27,73.80775999289725,74.28041337756886,73.77995810038854,73.99311065673828,3139500
2015-11-30,74.1969705200205,74.2618439331065,73.1775281412383,73.22386932373047,8874600
2015-12-01,73.70581486825058,74.07652326591152,73.00146961976229,74.05799102783203,6702100
2015-12-02,73.98385620719,74.28042154434637,73.18683553783065,73.251708984375,7310000
2015-12-03,73.54826626659982,73.9282372488383,72.36200504789251,72.55662536621094,8689600
2015-12-04,72.8253912947382,74.5121078491211,72.70490699541988,74.5121078491211,9944600
2015-12-07,74.26190043743361,74.59553740735379,73.27952884304479,73.72438049316406,15262400
2015-12-08,73.19610481178539,73.83556961848275,72.62150638061897,73.27951049804688,11344000
2015-12-09,73.05707665380645,73.90970097435444,71.73179897419796,72.17664337158203,15361500
2015-12-10,72.20444282828151,73.31656074601696,71.94494204818152,72.39906311035156,8717100
2015-12-11,71.49084720231455,71.49084720231455,69.98948124769196,70.5362777709961,15625800
2015-12-14,70.61966872169253,71.66692034471185,70.04507749415498,71.24060821533203,10361000
2015-12-15,72.63076541985149,73.6316688620681,72.48247923838278,72.86245727539062,11355300
2015-12-16,73.63166444185744,74.12285708547985,72.42687110778392,74.01164245605469,10497500
2015-12-17,74.1228530742922,74.4008790267988,72.87171154065518,72.92732238769531,7555300
2015-12-18,72.32496064671018,72.46397723216462,70.69384732344434,70.73091888427734,16271200
2015-12-21,71.26838411295672,71.69469608686187,70.8050006103636,71.51860809326172,8442100
2015-12-22,71.75959039857031,71.81519417246457,71.04598270779228,71.71324920654297,5699100
2015-12-23,72.36200979717279,72.89953665676444,71.88008672627163,72.80685424804688,6335900
2015-12-24,72.6122524450406,72.94588940366607,72.45470362309992,72.52884674072266,2188800
2015-12-28,72.32492346253898,72.89025210090654,72.12103351812134,72.77903747558594,3680900
2015-12-29,73.21462803739435,73.5760667747098,73.12195270717811,73.40924835205078,4627100
2015-12-30,73.27951748879377,73.39073215176077,72.5288379581255,72.61224365234375,4230400
2015-12-31,72.51030692065885,73.02930166972435,71.87084197998047,71.87084197998047,6538300
2016-01-04,70.48991730522016,70.78648255304938,69.51681590015859,70.15628051757812,13476800
2016-01-05,70.66603806934997,70.90699965435947,70.00803384203786,70.6845703125,8972700
2016-01-06,69.507542681077,70.29529341732797,69.36852618158028,69.75776672363281,16092000
2016-01-07,68.35837516832483,69.5909706126805,67.97839708612392,68.38617706298828,12470800
2016-01-08,68.6364331601773,69.05348298643878,67.42236938979602,67.5428466796875,9977600
2016-01-11,67.75595831788061,68.65492373614856,67.33891585838494,68.50663757324219,13069500
2016-01-12,69.06269648823803,69.5075479059323,68.59931283553182,69.28512573242188,10236900
2016-01-13,69.75780362892455,69.86901830149452,67.64477434483157,67.74671936035156,12659600
2016-01-14,67.79306915323173,69.06273657335097,67.33895488979303,68.39546966552734,10426200
2016-01-15,66.67165476627449,67.60768483008279,65.48539352331662,66.56970977783203,18470500
2016-01-19,67.59841081942133,67.6725468315683,65.4853824537519,66.16191864013672,16009600
2016-01-20,64.83663273193001,66.1804494198967,63.98400860136174,65.50390625,16586000
2016-01-21,65.54099204000333,67.03308812832411,64.96639370322308,66.31947326660156,11931200
2016-01-22,67.34817467617738,67.82082795568098,66.84771951035115,67.3759765625,8652600
2016-01-25,67.43160440473262,67.57062094206358,66.33801848609703,66.48629760742188,9126200
2016-01-26,66.8940761596422,66.97748183788397,66.31021519992584,66.61604309082031,7500200
2016-01-27,66.70871998924018,67.17210368525396,65.41124422626679,65.71707916259766,9020500
2016-01-28,66.18974875482587,66.58825915658696,64.2528076171875,64.2528076171875,15295600
2016-01-29,65.27225979839486,69.04420465582561,63.724559189649696,69.0349349975586,40427800
2016-02-01,68.6549573130248,69.30369191633132,67.8857383757636,68.9329833984375,12623500
2016-02-02,68.11744039015933,68.77544474816796,67.77453372302332,68.02476501464844,9572700
2016-02-03,68.35839191284512,69.16467533828653,67.12578909588588,68.9329833984375,9941900
2016-02-04,68.67346609285588,69.16465170619985,67.43160111350879,68.28422546386719,14735700
2016-02-05,68.17300068260377,68.21934187611593,65.38343618587157,66.30093383789062,12939400
2016-02-08,64.82737526155374,64.91078800232255,61.44467998845953,62.80702209472656,30542600
2016-02-09,61.5281215934208,64.39183814065905,61.27789736632138,63.326053619384766,14882800
2016-02-10,64.07669642101264,65.8282862126743,64.01182298690199,65.01273345947266,11369500
2016-02-11,62.82559287254949,64.01185457928221,62.49195588369623,63.45579528808594,13962100
2016-02-12,64.35474924341506,65.30931881185086,64.0581838719527,65.26297760009766,8710200
2016-02-16,66.18046064897882,66.49555815782416,65.24442363449465,65.89315795898438,8780700
2016-02-17,66.60818239709936,66.97033420617144,66.20888590445269,66.88675689697266,8494100
2016-02-18,66.75677955340889,67.09107474868459,65.94889831738818,66.15319061279297,6938100
2016-02-19,65.95814936914927,66.59888264913654,65.28027849679475,66.42244720458984,7750900
2016-02-22,67.11892735106525,67.96395323260715,66.9517797637617,67.84323120117188,7481500
2016-02-23,67.74108740290383,67.89895413526999,66.84963593465896,66.99821472167969,6177000
2016-02-24,66.16246357986066,67.0353460682048,65.35458252673627,66.71961975097656,7728600
2016-02-25,66.82175732603757,68.10321706411018,66.80318852604704,68.03821563720703,6840900
2016-02-26,68.47468125273276,68.63254798977746,67.49965950136274,67.53680419921875,6714100
2016-02-29,67.65748758815684,68.62322802796636,67.2210464477539,67.2210464477539,7786100
2016-03-01,67.77820970420248,69.31039428710938,67.69463947758669,69.31039428710938,8705300
2016-03-02,69.18041396908195,69.27327216822255,68.40039659474925,68.99469757080078,5739100
2016-03-03,69.16183730988621,69.18040611375528,68.1218071775766,68.63253784179688,6588300
2016-03-04,68.92040333580252,68.94826008512504,68.35395915082468,68.62325286865234,9475300
2016-03-07,68.14964559329255,68.20535907453838,66.25530930007287,66.80318450927734,16671900
2016-03-08,66.39461556204122,66.41318436524298,65.47530748410807,65.57745361328125,12394400
2016-03-09,65.93029088739637,66.00458023940989,64.9088370933894,65.63314056396484,9291600
2016-03-10,66.0603232163839,66.30176017595231,64.61171562822489,65.20601654052734,10135100
2016-03-11,66.06960535089364,66.86819845994351,65.63316410703787,66.51532745361328,9466400
2016-03-14,66.4874686922077,66.59890275682204,65.88387990697356,66.38532257080078,7916500
2016-03-15,66.09747417199314,66.77535247802734,65.61460729172838,66.77535247802734,6442800
2016-03-16,66.56178095469377,67.62966808272421,66.40392128901489,67.2025146484375,7561800
2016-03-17,67.11890277885632,68.4096503642479,67.01675667486502,67.91749572753906,7411700
2016-03-18,68.25180456175343,68.80896073308762,67.90822149852855,68.51181030273438,15026200
2016-03-21,68.32607407396765,68.66036909649335,67.92677763509654,68.50250244140625,7397400
2016-03-22,68.01037196853099,68.39109974545399,67.7225094632847,67.7503662109375,6796800
2016-03-23,67.74107939431683,68.87396771522313,67.57393182099253,68.63253784179688,7287100
2016-03-24,68.3910974225758,68.86468337046479,68.16823636429727,68.84610748291016,6303900
2016-03-28,68.84614168271048,68.96685667328042,68.45613286582714,68.7904281616211,7283300
2016-03-29,68.73466756324784,70.19256288873015,68.64180938725129,69.99755859375,10541500
2016-03-30,70.4804378624181,71.50189204615236,70.42471728483697,71.29759979248047,9691900
2016-03-31,71.1489923709885,71.42756678043679,70.5268279788484,71.01898956298828,7490800
2016-04-01,70.80546618759166,72.66265874333178,70.38760069640108,72.0497817993164,10183400
2016-04-04,72.40263165813614,72.71835089928031,71.99404714877284,72.27262878417969,6905800
2016-04-05,71.6318815018437,71.93831982495149,71.1118701059933,71.4740219116211,6012000
2016-04-06,71.57617740992121,72.6904897142593,71.50188803373204,72.62548828125,6220400
2016-04-07,72.16120414276126,72.41192906431597,71.67833727419938,72.04048919677734,7542100
2016-04-08,72.5047608703473,73.0062034463195,72.25403604004939,72.45832824707031,5327500
2016-04-11,72.76477884226995,73.1547874389956,72.21690355052455,72.26333618164062,5957200
2016-04-12,72.17049553912032,72.9412320613122,72.10549409053947,72.91336822509766,5962900
2016-04-13,73.3869488372143,74.22268674627767,73.27552183908988,74.01839447021484,9187300
2016-04-14,74.06481678971578,74.90983544113553,73.64694435109335,74.5941162109375,11470300
2016-04-15,74.51983625860142,74.92842080547965,74.19482904386915,74.36197662353516,7186700
2016-04-18,74.47339503538971,75.72700528068923,74.12981905568921,75.63414001464844,7761200
2016-04-19,75.6805778952206,75.8941581034485,74.63126691167845,74.984130859375,8324700
2016-04-20,75.10485824904788,75.81059334609192,74.79842688677869,75.35558319091797,8521300
2016-04-21,75.68056535710977,75.8384249587718,74.91911700745389,75.0212631225586,9536900
2016-04-22,72.43047780589764,73.69336875492425,71.76188764645717,73.46121978759766,18216000
2016-04-25,73.07120875516996,73.21049246316288,72.26332782569098,72.56047821044922,11184600
2016-04-26,72.84834856404017,73.08049754873709,72.53262934547227,72.92263793945312,6071800
2016-04-27,72.81122325223475,73.35909154798532,72.58835508837346,73.13623046875,6319400
2016-04-28,72.75549655968447,73.60980319553877,72.05904954650697,72.13333892822266,8322600
2016-04-29,71.98475242753447,72.43976952816669,71.37188280581756,71.72474670410156,8092700
2016-05-02,72.25403159689195,72.86690818026679,71.65045003914929,72.85762023925781,7636800
2016-05-03,71.90119053017452,72.76478511718236,71.43689251747409,71.67832946777344,7666300
2016-05-04,71.0933085803113,71.85475702857286,70.8983042674837,71.56689453125,8854000
2016-05-05,71.63188940268681,72.15190085589335,71.51117448237092,71.836181640625,6002300
2016-05-06,71.71547636743192,72.24477583482523,71.29760389235783,72.17048645019531,6172600
2016-05-09,72.1426261330587,72.76478375814708,72.04048000540236,72.63478088378906,9242300
2016-05-10,72.82048850950042,73.66551417600803,72.81120765146422,73.54479217529297,6802600
2016-05-11,73.61923186976541,73.79597983410186,71.89828838132198,71.9075927734375,8432500
2016-05-12,72.37271791403933,72.73551116219507,71.69363918710779,72.45643615722656,7512800
2016-05-13,72.28896866373057,72.81920532005448,71.4703598022461,71.4703598022461,7562700
2016-05-16,71.64710254984689,72.61455328334975,71.59129040468116,72.37269592285156,8597900
2016-05-17,72.15873752078103,72.4843201961212,71.18198239759045,71.43315124511719,7169900
2016-05-18,71.35873685551088,72.44711636868568,71.07036461625192,72.02851104736328,6288500
2016-05-19,71.50758655548188,71.86107537451069,70.90292883839798,71.51688385009766,5552200
2016-05-20,71.94477379086891,72.5959461903428,71.79593904912912,72.25175476074219,6302100
2016-05-23,72.33550290918797,72.54945424871283,71.75875124706072,71.82386779785156,5934300
2016-05-24,72.24245353420623,73.9540920054265,72.24245353420623,73.84246063232422,7582300
2016-05-25,73.95410782980872,74.11224698599804,73.4424727984072,73.5447998046875,5846700
2016-05-26,73.86110369504144,73.86110369504144,73.36807732169643,73.48900604248047,4284000
2016-05-27,73.34013958464023,74.10294342041016,73.34013958464023,74.10294342041016,4374600
2016-05-31,74.28897809942961,74.29828248803084,73.26571536553483,73.43315887451172,8639600
2016-06-01,73.20060025594012,73.78664900011354,73.08896888207269,73.6936264038086,4507000
2016-06-02,73.74013991193706,74.3727035522461,73.42386164036742,74.3727035522461,5627500
2016-06-03,74.0006026205412,74.60525300638999,73.63780955016445,74.36339569091797,7628000
2016-06-06,74.6889944905794,75.25644164098773,74.57736309966997,74.92155456542969,7620100
2016-06-07,75.07039383191379,75.34946877736489,74.92155906559837,74.97737121582031,5515700
2016-06-08,74.97738432676384,76.00995186945421,74.85645561441315,75.95413970947266,8860900
2016-06-09,75.56342540747791,75.85179763974742,75.33086532411977,75.5913314819336,6670900
2016-06-10,75.11690662593597,75.11690662593597,74.27038451923714,74.586669921875,7859900
2016-06-13,73.48897460063672,74.58665830260895,72.91222313106847,72.93083190917969,10424600
2016-06-14,72.67036115206167,73.25640987608958,72.52151932535489,73.0889663696289,7891700
2016-06-15,73.08896299195301,73.34012469145257,72.60524127184813,72.71686553955078,7424000
2016-06-16,72.45642862039149,73.04247755325859,71.75874827771433,72.88433837890625,9650800
2016-06-17,72.85645405821377,72.86575845276943,71.47039735071182,71.61923217773438,14602200
2016-06-20,72.83782306333468,72.91223689832219,71.92618438732315,71.94478607177734,9957500
2016-06-21,72.38202025046644,72.56807263245996,71.76806513281952,71.93550872802734,9201000
2016-06-22,72.16806246931132,72.33550604963902,71.1913070678711,71.1913070678711,9626700
2016-06-23,72.33549856539102,72.78201000195152,71.50758514197925,72.77271270751953,13566200
2016-06-24,69.58198457833775,70.73548068413712,69.25639476144568,69.81454467773438,18375000
2016-06-27,69.0052136947277,69.3773111692213,68.14009008282689,68.22380828857422,16318400
2016-06-28,69.80523109979235,70.23314077470631,69.2935961095854,69.91686248779297,14815200
2016-06-29,70.67964223866291,71.40522834331614,70.42847345033319,71.3866195678711,12178100
2016-06-30,71.61917968023272,71.758717107591,68.6517187377771,68.99590301513672,24877300
2016-07-01,69.3029187042363,70.64246732344006,68.93082107699394,69.28431701660156,13821400
2016-07-05,69.07032990005462,69.74010393160219,68.67963074737487,69.46102905273438,11081000
2016-07-06,68.94938917059487,69.53543779704779,68.67961872748131,68.89356994628906,11263800
2016-07-07,69.13545453644973,70.03778870719235,69.08893968545831,69.31220245361328,8806700
2016-07-08,70.04710922968967,71.20990980058643,69.57268460955578,71.08897399902344,10975000
2016-07-11,71.45173150888955,71.80522724800963,71.06103241560012,71.18196105957031,8185900
2016-07-12,71.33083232604268,72.15874569303061,71.20990363212643,72.07502746582031,10245500
2016-07-13,72.2610886949389,72.35411133370609,71.81457009281506,72.05643463134766,6559200
2016-07-14,72.61455154992008,73.0610699920969,72.27036720005428,72.68897247314453,6607400
2016-07-15,73.16340466224821,73.25642727745213,72.60526187385413,72.83782196044922,8153400
2016-07-18,72.88434792598274,73.20993070911236,72.77272359872252,72.84713745117188,4864200
2016-07-19,72.32618895757584,73.38666241438914,72.21455755790097,73.22852325439453,9395500
2016-07-20,73.25643581147013,74.18667626621895,73.25643581147013,73.82388305664062,7922100
2016-07-21,73.8982670317061,74.16803748030202,72.93081659103491,73.29360961914062,9018000
2016-07-22,74.40063443101656,74.49365705672888,72.86573626666315,74.33551788330078,12532400
2016-07-25,74.57735027154631,74.57735027154631,73.23780929690018,73.43315887451172,7979900
2016-07-26,73.47038740454954,73.54480124015713,72.50293656994317,73.01456451416016,9673200
2016-07-27,72.98664890850868,73.29362989325763,72.12152519514244,73.05176544189453,10194400
2016-07-28,73.20059043294064,74.41920260449544,73.07035739615624,73.66571044921875,8709700
2016-07-29,73.7122594473525,73.81458647597688,72.55876314860848,72.60527801513672,7777700
2016-08-01,72.84712116355611,73.05177518067187,72.3075871423619,72.80061340332031,8908800
2016-08-02,72.62387185318963,72.9959694536772,72.32619519223384,72.81922149658203,7910000
2016-08-03,72.81921176798745,73.2192153930664,72.75409522888951,73.2192153930664,7272700
2016-08-04,73.33083592593405,74.09363259831447,73.25641500736782,73.93549346923828,5954400
2016-08-05,74.16808928141205,74.64250689740915,74.10297272055914,74.54948425292969,6662500
2016-08-08,74.63317677827781,74.73549667418526,74.23317319547697,74.3727035522461,5119700
2016-08-09,74.3820216298006,74.86575061285019,74.37271723858052,74.47504425048828,4455700
2016-08-10,74.39132972451063,74.62388983639309,73.96341997030746,74.1215591430664,5945500
2016-08-11,74.41922950164495,74.67969566935339,74.27038763599968,74.5308609008789,6577700
2016-08-12,74.23318876146226,74.49365494494151,74.09365127826374,74.43783569335938,4420400
2016-08-15,74.54016122098297,75.48901041006847,74.43783420849,75.26575469970703,6290300
2016-08-16,74.80992109449276,75.26574393848814,74.62387587865346,75.17271423339844,6182600
2016-08-17,75.20997719489179,75.34975679430356,74.92110456973036,75.33111572265625,4655400
2016-08-18,74.5577410626924,75.0982117082451,74.46455695894134,74.80001831054688,7453900
2016-08-19,74.55769869193651,74.9863510131836,74.30609393435381,74.9863510131836,8480900
2016-08-22,74.86520391384869,75.5547815173887,74.51110168381882,75.53614044189453,7954500
2016-08-23,75.82502595842782,76.18844875363112,75.29386901855469,75.29386901855469,10007800
2016-08-24,75.29386668784863,75.46160082732628,74.72543472125705,74.81861877441406,5028000
2016-08-25,74.81860311803884,75.03292568450256,74.54836444379177,74.8465576171875,5773700
2016-08-26,75.12612438485276,75.6106856743073,74.70678552698199,75.07952880859375,7932200
2016-08-29,75.05159414934734,75.4709260085975,75.05159414934734,75.3591079711914,4766700
2016-08-30,75.48022777084634,75.65728243201129,75.2193096024897,75.63864135742188,4128700
2016-08-31,75.43362001515386,75.66658364350145,75.20997692259618,75.38703155517578,7386100
2016-09-01,75.61071880898254,75.99278279517428,75.45230515545957,75.75981903076172,6240600
2016-09-02,76.01138867573776,76.55186611570194,75.94615913018947,76.4120864868164,6408900
2016-09-06,76.41204795397626,76.90592956542969,76.23499337270665,76.90592956542969,8140400
2016-09-07,76.85936162292816,77.58620698911936,76.74753652448123,77.56756591796875,9304700
2016-09-08,77.36259037121681,77.93102242678184,76.9618924813839,77.31600189208984,7961100
2016-09-09,76.7848345648947,77.16689132413379,75.78775024414062,75.78775024414062,11563000
2016-09-12,75.79707386087992,77.46509497858025,75.64798077438951,77.31600189208984,9882700
2016-09-13,76.79416938249217,76.82212389330664,76.05800312325896,76.30960083007812,8834300
2016-09-14,75.908896992833,76.61710868595647,75.89957645345956,75.93685150146484,10999500
2016-09-15,75.87161161060241,76.53322762623061,75.65728900062479,76.4214096069336,10580300
2016-09-16,76.1698116399767,76.65438013178589,75.87161837943572,76.47732543945312,11702000
2016-09-19,76.81278664534149,77.38121860655696,76.6264185407901,76.88733673095703,8361700
2016-09-20,77.31600481402045,77.55828908689851,76.71029768656973,76.8593978881836,6473300
2016-09-21,77.26939854007844,77.5769123312723,76.66369149637512,77.54895782470703,7536200
2016-09-22,77.73531421710045,78.0801030015415,77.53030505389157,77.67940521240234,6599400
2016-09-23,77.65143382051811,77.76325180559343,76.89662687383317,76.91526794433594,8283700
2016-09-26,76.55186542450865,76.65437001080002,76.12321311342068,76.23503112792969,8486800
2016-09-27,76.21639893590961,76.76618981200753,75.94616021207784,76.56118774414062,7969500
2016-09-28,76.76620380627787,77.3532769410846,76.35619248631275,77.31600189208984,7974300
2016-09-29,77.08303402307776,77.39986125826384,76.21640873164345,76.3375473022461,5885400
2016-09-30,76.56118157562048,77.38121110948055,76.11388821475067,77.06437683105469,9776800
2016-10-03,76.80345976086141,77.44644175456169,76.69164175116529,77.2134780883789,8155400
2016-10-04,77.6048543554108,77.83781801863404,76.9525589421804,77.09233856201172,5772000
2016-10-05,77.3066669485551,77.76327377206006,77.25075794022435,77.67008972167969,6163400
2016-10-06,77.45576208412304,77.79123033128543,77.23211184635686,77.67940521240234,7687100
2016-10-07,77.80054096210915,77.99622958100431,77.00846594958499,77.23210906982422,8238100
2016-10-10,77.4650629379988,77.847126700052,77.28801541536369,77.45574951171875,7371500
2016-10-11,77.04574248431406,77.14824706422434,76.01138325757341,76.44935607910156,6227400
2016-10-12,76.26297102169357,76.91527345581093,76.24433705934089,76.64503479003906,3923600
2016-10-13,76.08596061530864,76.53324702484383,75.58275807246457,76.29096984863281,6810900
2016-10-14,76.44935655838043,77.52099083085102,76.44935655838043,76.83141326904297,6698100
2016-10-17,76.95257009662345,77.0550746920589,76.44936765798253,76.55187225341797,8473700
2016-10-18,75.94615609639858,76.7568722239595,75.80637647309678,76.02070617675781,11680400
2016-10-19,76.08595266673929,77.22281676223304,76.08595266673929,77.16690063476562,8440900
2016-10-20,77.39052886511622,77.43711733032215,76.57049225124277,76.87800598144531,6945200
2016-10-21,76.43074450340018,76.91531308808445,76.02073313500138,76.7382583618164,8043200
2016-10-24,77.59553389700217,77.89372710185118,77.07369756588808,77.50234985351562,16267000
2016-10-25,77.50236212256107,77.50236212256107,76.13253442704863,76.44004821777344,15085900
2016-10-26,76.05795390226248,76.65434011198232,75.86226534371232,76.17909240722656,8748400
2016-10-27,76.3748223492365,76.66369507655185,76.04867457493074,76.3375473022461,7039200
2016-10-28,76.89664809659301,77.67940975558172,76.51459135966607,76.61709594726562,10919600
2016-10-31,76.8221071834153,77.25075951147349,76.74755709779976,76.88733673095703,10024000
2016-11-01,77.00848751655178,77.05508310483253,75.78775988607316,76.05799865722656,10881500
2016-11-02,75.37772460489072,75.8343314080913,75.03293581337932,75.08885192871094,9170900
2016-11-03,75.247274939251,75.6013772030789,75.0515862848076,75.15409088134766,7563100
2016-11-04,75.15408117793146,75.70387202521727,74.85588796544882,74.88384246826172,7588100
2016-11-07,76.07662054623478,76.90597069761718,75.89956587026973,76.88733673095703,7277900
2016-11-08,76.7755022924022,77.4930343378377,76.55185917216296,77.23210906982422,7152000
2016-11-09,76.23501371012304,77.623482021935,75.68522297243479,77.56756591796875,12158500
2016-11-10,77.62352275575063,78.23854334623384,75.87163084151811,76.29096984863281,17171600
2016-11-11,76.03000852258572,76.99913809753484,75.96477898915096,76.30024719238281,7368000
2016-11-14,76.43071531299192,76.61709050880144,72.032367334189,73.03876495361328,21773500
2016-11-15,72.89898554444402,74.11971274614774,72.49828779823413,73.21581268310547,18523400
2016-11-16,73.57535257496795,74.8826962058237,73.54733923903777,74.77997589111328,9997700
2016-11-17,75.00406793368599,75.82582308841206,74.87333432098974,75.70442962646484,8081800
2016-11-18,75.77914630682807,76.10598038050496,75.20017800170866,75.47098541259766,7920800
2016-11-21,75.85383956573564,76.36743383885802,75.54567872719389,76.28339385986328,8942100
2016-11-22,76.28341027966323,76.28341027966323,74.01423774055858,74.639892578125,18133900
2016-11-23,74.6866017796081,74.69593480937439,73.72476537991369,74.3037338256836,12802600
2016-11-25,74.69589604528694,75.05075047685733,74.46244218217865,74.82662963867188,6495700
2016-11-28,74.38777580445415,74.71460993485735,73.81814755241585,73.84616088867188,11793100
2016-11-29,73.88350095106162,74.31305531930374,73.72474686704624,73.91151428222656,8575200
2016-11-30,74.19166178997963,74.19166178997963,72.16528323215354,72.20263671875,15353900
2016-12-01,72.4360863575534,72.48277999413354,70.26963413498112,70.4377212524414,21053000
2016-12-02,70.40973625809353,71.2034785282725,70.19495541761023,70.70855712890625,13629600
2016-12-05,71.55831842557626,72.46412109701217,71.48361855920844,72.19331359863281,12119200
2016-12-06,72.78159180791295,72.80960513664182,71.6329954588943,72.00652313232422,13896600
2016-12-07,72.15591353736151,74.22898488578981,72.137240363933,74.06089782714844,13919800
2016-12-08,74.40644860930193,74.58387590395542,73.74344019829375,74.03292083740234,13320100
2016-12-09,73.9115160554155,74.63989118097196,73.61269530840649,73.90217590332031,10728300
2016-12-12,73.76213333370153,73.79948683344065,72.76295037014754,73.3045654296875,11942300
2016-12-13,73.59402618802986,74.23836141599256,73.07109158240777,73.95821380615234,12995100
2016-12-14,74.032911311409,74.68658660923572,73.8835044965435,73.89283752441406,20146200
2016-12-15,74.11694881854778,75.06943762254369,73.89282793865053,74.23834228515625,14070900
2016-12-16,73.97688917262937,74.20100297086428,72.99637972812168,73.16446685791016,19141700
2016-12-19,72.87497309751568,73.39790757391795,72.8562927951025,72.93099975585938,8699100
2016-12-20,73.22049887568922,73.37924584873832,72.54815037283531,73.1738052368164,6917400
2016-12-21,73.28586961781382,73.35123644106487,72.8189617018922,72.96836853027344,9343600
2016-12-22,72.85630840661595,72.89366189499842,72.08124667714034,72.74425506591797,12074000
2016-12-23,72.91236295520028,73.28589082089658,72.74427577185952,72.97772979736328,6192900
2016-12-27,73.08975988368212,73.63137476016159,73.0524135210173,73.16446685791016,3776000
2016-12-28,73.2111398337934,73.44459371902587,72.80959886621565,73.11775970458984,7587100
2016-12-29,73.29519691679926,73.62203100750479,73.11777676724415,73.14579010009766,6241100
2016-12-30,73.23918356324546,73.3419038853449,72.78161575308894,72.85631561279297,7127300
2017-01-03,73.54732071659265,74.62121011164484,73.29518650782019,74.23834228515625,13785200
2017-01-04,74.18232099698864,74.94804958094419,74.10761403161533,74.84532928466797,8033100
2017-01-05,75.02275977604086,76.13400288487851,74.91070643696435,75.7231216430664,7805100
2017-01-06,75.91922850659579,77.03046448031728,75.58305424369453,76.76899719238281,8898300
2017-01-09,76.8343529326824,76.99309988825408,76.24605161967952,76.33943176269531,7305300
2017-01-10,76.2927535977202,76.4795210460681,75.76047883771564,75.9285659790039,6017500
2017-01-11,75.87252977375769,76.3861312866211,75.55503583813214,76.3861312866211,7499200
2017-01-12,75.68577547339032,76.07797641006061,75.18151407290736,75.9845962524414,6884000
2017-01-13,75.65773964532781,76.43280833257707,75.44296603887669,75.79781341552734,7291200
2017-01-17,75.41498134825547,76.09666303127226,75.41498134825547,75.88188934326172,6326500
2017-01-18,75.89118936893016,76.41413094053938,75.62038911911249,76.19001007080078,8512300
2017-01-19,76.37679693316578,76.43282360265968,76.02194948562216,76.32077026367188,6479400
2017-01-20,76.65693110916811,76.83435838059229,76.20870354113163,76.42347717285156,9048500
2017-01-23,76.29276831064443,76.8530636392904,76.1060079507298,76.7129898071289,7414200
2017-01-24,76.94639750090757,77.96425296130491,76.43279613363117,77.72146606445312,8397500
2017-01-25,78.24442477518588,78.69265235825637,77.92692370643272,78.3471450805664,9360900
2017-01-26,78.36583006967732,78.36583006967732,77.58142811888405,77.7308349609375,8428200
2017-01-27,77.80552430763906,78.25375898109604,77.43199660049966,78.22573852539062,5445900
2017-01-30,77.94559625549478,78.1977233553273,77.18920783154893,78.16036987304688,8792800
2017-01-31,76.69429360255964,77.76818326064651,76.66628026682295,77.23590850830078,7479400
2017-02-01,77.41332666548776,77.590746812367,76.61958470733155,76.98377227783203,7534400
2017-02-02,76.70362865594515,77.22656322012564,76.17135393899028,76.85304260253906,11142300
2017-02-03,80.06534963000821,81.07387221408659,79.47704835151974,80.38285064697266,28079600
2017-02-06,80.3735278659139,80.40154120078446,79.85059328313167,80.1494140625,9665300
2017-02-07,80.27079401449843,80.63498155528106,79.99998661568222,80.10270690917969,8600300
2017-02-08,80.12138174297615,80.15872809765483,79.44903336759714,79.45836639404297,7587700
2017-02-09,79.7198541348361,80.09337473992751,79.26227928203605,79.91595458984375,6554700
2017-02-10,80.1213949344827,80.43888887265865,79.58912023707975,80.21477508544922,10432000
2017-02-13,80.49491899570764,80.9618268950434,80.30815868575299,80.71903991699219,6046300
2017-02-14,80.79371447819946,81.2139357307436,80.55092757613957,81.10187530517578,5952000
2017-02-15,81.41532010148417,81.9018325805664,81.11593055205275,81.9018325805664,8049700
2017-02-16,81.9112025327117,82.03282710132673,81.20014957170534,81.78022003173828,8680600
2017-02-17,81.64923082391633,82.0328275345148,81.37791502618936,81.82699584960938,5887200
2017-02-21,81.87376522534217,82.36962849315832,81.55565981666152,82.25735473632812,9301300
2017-02-22,81.96731558560175,82.47253673788096,81.87375769918172,82.14508056640625,8389900
2017-02-23,82.54742340260803,82.79067259020371,82.21060914807755,82.50064086914062,6040500
2017-02-24,81.73342028859527,82.73450469970703,81.67728698229294,82.73450469970703,5151300
2017-02-27,82.63157331178081,82.68770660750769,82.2479838943003,82.33218383789062,6131600
2017-02-28,82.48190893905065,82.68773346958308,82.10767019061008,82.27607727050781,8521900
2017-03-01,83.02454741482647,83.39878616229994,82.72515784444977,83.2584457397461,11131400
2017-03-02,83.26780924600243,83.38943381341942,82.42577379231709,82.82807922363281,10544200
2017-03-03,82.62223929963682,83.18360097143416,82.50061474435283,83.07132720947266,5700600
2017-03-06,82.8280580563226,83.52039496886067,82.58480184564364,83.21165466308594,7347600
2017-03-07,83.25842997056027,83.54846869237421,83.12744750445425,83.32392120361328,5688400
2017-03-08,83.42685857659026,83.54849028226907,83.14618485012335,83.23038482666016,5866800
2017-03-09,83.28651280052316,83.7356007272711,82.99648116037974,83.37071990966797,5953900
2017-03-10,83.73562363389587,84.07243788659275,83.36138478223128,83.95081329345703,12246700
2017-03-13,84.01628092313769,84.49342836522507,83.83851591255001,84.30631256103516,8944100
2017-03-14,84.13789435715302,84.23145224687754,83.49233278343783,83.7823715209961,6009400
2017-03-15,83.96946044601754,84.29691652433372,83.65136229508386,84.12850952148438,6350700
2017-03-16,84.49341358485891,84.51212944481018,83.7075187791248,84.24080657958984,9174400
2017-03-17,84.43727540990453,84.79279821036836,84.36242625043572,84.42791748046875,8613400
2017-03-20,84.47469659146599,86.12134234349669,83.23971406194508,83.43618774414062,9438000
2017-03-21,83.72622701055847,83.93205864076178,82.33219524873941,82.3883285522461,11092100
2017-03-22,82.19187214215569,83.30523048264249,82.19187214215569,82.81871795654297,7828600
2017-03-23,82.77194472646158,83.63268889440182,82.7251622038082,83.13682556152344,7710700
2017-03-24,83.32391734261877,83.83849639134046,83.2397173917418,83.44554901123047,7597600
2017-03-27,82.62224440148856,83.25844814920175,82.39770400171055,83.22102355957031,5230000
2017-03-28,83.38006591796875,83.66073958629063,82.79063765227491,83.38006591796875,7045500
2017-03-29,83.25842278205532,83.63266142633617,82.85611748860488,83.43618774414062,4738000
2017-03-30,83.34264425384006,83.36135297717973,82.89355637558162,83.27715301513672,6227100
2017-03-31,83.24911031100797,83.59527532745237,83.14619445800781,83.14619445800781,6429800
2017-04-03,83.3987749879857,83.69816451824823,82.70643803763038,83.60460662841797,9125800
2017-04-04,83.27715552633116,83.57654507486156,82.94969932294009,83.06196594238281,4859900
2017-04-05,83.38946400940189,84.39054898405887,83.22105685768325,83.29590606689453,7251600
2017-04-06,83.2678050327801,83.51106129331657,83.06197336140391,83.35200500488281,8473900
2017-04-07,83.23973335239052,83.49234039146582,82.81871210325154,83.02454376220703,5439500
2017-04-10,82.91228515641093,83.5017063965853,82.81872011110417,83.13682556152344,5999400
2017-04-11,82.893550750717,83.12744903564453,82.45382083297176,83.12744903564453,7058500
2017-04-12,82.98712303195599,83.46427761461752,82.85614054071719,82.96841430664062,5912500
2017-04-13,82.77195564146285,83.99758080608615,82.73453104600719,83.14619445800781,7242700
2017-04-17,83.35199128882171,84.10982660309239,83.03389304032017,84.02561950683594,6122800
2017-04-18,83.86660616127661,84.1285712160381,83.49236730961204,83.95081329345703,6823500
2017-04-19,84.28760363094894,84.7834741150601,83.82916487636717,83.9695053100586,7301300
2017-04-20,84.33436110812245,85.60676828980951,84.10982076370969,85.27931213378906,12178300
2017-04-21,86.79496838108625,86.82304216989559,85.15768046297514,85.27931213378906,19442600
2017-04-24,86.21490778207769,86.54236394779186,85.14833219203211,85.9342269897461,11705400
2017-04-25,86.06520886122196,86.40202295448849,85.68161939489616,86.17748260498047,7769200
2017-04-26,86.09331244275761,86.52369174277378,85.84070533345532,85.90619659423828,11295200
2017-04-27,86.02780413943476,86.07458666130277,85.40095831926304,85.70034790039062,5856800
2017-04-28,85.5038748995444,85.65357326041362,85.1202853413358,85.3448257446289,6888500
2017-05-01,85.41029931836786,85.76582214484498,85.26995891859741,85.38223266601562,9042100
2017-05-02,85.719051804011,86.77626955341495,85.63484470400007,86.57979583740234,11627700
2017-05-03,86.44882724037531,86.58916767092029,86.05587974525803,86.48625183105469,4909000
2017-05-04,86.7294898609156,86.86983027349513,86.30847576118694,86.65464782714844,5257000
2017-05-05,86.91659529094696,86.99144444765422,85.85001979089814,86.15876007080078,8844500
2017-05-08,86.1213723066499,86.22428814808359,85.62550182610077,85.99974060058594,5223600
2017-05-09,85.98102705706033,86.20556745396766,85.91553581054525,86.0745849609375,3969500
2017-05-10,85.79390015447422,86.45817765878982,85.77519142976584,86.30847930908203,6747600
2017-05-11,86.18685245889999,86.36461032193282,85.71905583553256,86.16813659667969,7052200
2017-05-12,86.25232437459532,86.80432084024147,86.05585069336492,86.7575454711914,5898800
2017-05-15,86.75757563326826,87.40313019945597,86.74821770100152,87.22537231445312,7040100
2017-05-16,87.33762849017336,87.68380056247696,86.98210562473372,87.1505126953125,5497400
2017-05-17,86.6771963240424,86.93962612813678,85.955507212107,86.00237274169922,8240200
2017-05-18,85.62745292244573,86.67717908066882,85.62745292244573,85.95549011230469,8239800
2017-05-19,86.20858119071939,86.98649617126121,85.95551873806907,86.67720794677734,9361300
2017-05-22,86.72408242912027,87.7269435872016,86.63035849064764,87.45513916015625,9186200
2017-05-23,87.68946309005226,88.16746452942618,87.60511368052221,87.97064208984375,7616100
2017-05-24,88.12056895450013,89.02970597329221,88.12056895450013,88.86100006103516,6825300
2017-05-25,89.12343461894277,89.39523900036892,88.93598677345844,89.07657623291016,7262400
2017-05-26,89.03907745814068,89.15155044601549,88.46735228346063,88.72978210449219,4133900
2017-05-30,88.7204165553342,88.92660631135905,88.42048858145847,88.77664947509766,6292700
2017-05-31,89.11406447556121,89.53582569019302,88.53296473145193,89.25465393066406,9866000
2017-06-01,89.41395568847656,89.46081405753648,88.67352481085591,89.41395568847656,8911900
2017-06-02,89.42333978038567,90.15439620206205,89.42333978038567,90.11690521240234,8570200
2017-06-05,90.27624224321161,90.52929750101418,90.07941989810394,90.49181365966797,14510500
2017-06-06,90.2294034932582,90.53869890622208,89.56395427640358,89.77952575683594,7030300
2017-06-07,90.00442840916155,90.18250881478997,89.75137317808282,90.06066131591797,6720300
2017-06-08,89.85447160758613,90.08878491997099,89.31086300669132,90.06066131591797,7720300
2017-06-09,90.0606672597304,90.2106312218779,87.8300069528507,88.62667083740234,16887100
2017-06-12,87.81128205101498,88.1393193434432,86.97712701426465,87.6332015991211,15610000
2017-06-13,88.10182400941846,89.3577401959515,88.07370755011941,89.11405944824219,8700100
2017-06-14,89.33900451660156,89.97633719106534,88.99221814276734,89.33900451660156,6347000
2017-06-15,88.51423190893452,88.59858130026313,87.66132770410984,88.26116943359375,12793900
2017-06-16,88.39238436500102,88.51423190893452,87.85815010122073,88.26116943359375,14705100
2017-06-19,88.8047560167301,88.89847992276037,88.33612933590302,88.84224700927734,5984300
2017-06-20,88.84226230106185,89.00159368380547,88.41112653857371,88.4579849243164,5626700
2017-06-21,88.67354812830354,88.8235049596718,88.16743041491772,88.60794067382812,5611400
2017-06-22,88.56107989877475,88.57982897287552,87.97998731382988,88.05496215820312,5846500
2017-06-23,88.25178918156107,89.64829483406965,87.99872674310947,89.58268737792969,11637300
2017-06-26,89.78888613870843,90.22938926722222,89.13280441307383,89.24527740478516,6970800
2017-06-27,89.17965635158087,89.35772962296363,88.69228061247689,88.94534301757812,6283600
2017-06-28,89.17969689893519,90.35126410162567,88.72044455767056,90.19193267822266,5571300
2017-06-29,89.77949244724303,89.77949244724303,88.11118275484714,88.49545288085938,8872500
2017-06-30,88.45796518216817,88.6829111259663,87.89561462402344,87.89561462402344,9036600
2017-07-03,88.45796930136437,88.48609290865524,87.49259948730469,87.49259948730469,6197700
2017-07-05,87.86749531065334,88.47671137494223,87.83937885626194,88.1111831665039,9339600
2017-07-06,87.58632782558803,88.07370360050321,87.34264708880644,87.39888000488281,8215700
2017-07-07,87.63318789122783,88.48609186880363,87.63318789122783,88.0268325805664,6175800
2017-07-10,88.24243006011156,89.3858806245978,88.24243006011156,89.12344360351562,8851800
2017-07-11,89.1140749538693,89.62956014895644,88.97348548223552,89.42337036132812,5554100
2017-07-12,89.95756412453771,90.39806711630187,89.62951978822011,90.14501190185547,5974800
2017-07-13,90.36995966291184,90.58553106389863,89.76074359995793,89.92008209228516,6721700
2017-07-14,90.1075456051454,91.26037048847185,90.0888036825482,90.84797668457031,6195800
2017-07-17,91.01666408101441,91.18536995278554,90.52928838448678,90.75423431396484,5914900
2017-07-18,90.77297059974532,91.61649990625493,90.5480318349009,91.45716857910156,7435000
2017-07-19,91.51341133045374,92.16011839348268,91.4290619660631,92.08513641357422,6390400
2017-07-20,92.89121025839133,92.91932672391448,91.78525066018705,91.9539566040039,8572900
2017-07-21,93.3504638671875,94.18461905933624,92.87246249449932,93.3504638671875,17400200
2017-07-24,93.3036034790753,94.11900957605543,92.919326051233,94.07215118408203,9186000
2017-07-25,94.3345636258017,94.52201146040574,93.53789960271976,93.71597290039062,6774900
2017-07-26,93.73471375669962,94.65321807668288,93.59412431773356,94.52200317382812,7205400
2017-07-27,94.63447519669587,94.83129754898461,92.36632372669126,93.32231903076172,10543900
2017-07-28,92.9005563336187,93.341059409647,92.32883120755719,92.92867279052734,6558800
2017-07-31,93.25670196653856,93.72532860958648,92.91929021149004,93.31293487548828,7576600
2017-08-01,94.06273979161091,94.72818876260409,93.68783704932143,94.54074096679688,6018100
2017-08-02,94.6907201937597,94.92503356933594,93.9502890688576,94.92503356933594,5955600
2017-08-03,94.60636473778989,94.75632157018056,94.03463956603062,94.2783203125,5697500
2017-08-04,94.6251167392546,94.98127051095963,94.29707942970035,94.55950927734375,4618000
2017-08-07,94.58759971535869,95.16869932574464,94.27830441544319,95.12183380126953,7047100
2017-08-08,95.13123048395131,95.33742739856667,94.59699627366456,94.92503356933594,6283700
2017-08-09,94.43765335465562,94.9437710421366,94.28768938028679,94.63447570800781,6902100
2017-08-10,94.23144854665205,94.5501112393937,93.19109680158913,93.24732971191406,8560800
2017-08-11,93.30355905847274,94.00649895951396,93.28480999006729,93.8096694946289,5268200
2017-08-14,94.64383439341111,95.70292796998264,94.42826300402814,95.47798919677734,5657600
2017-08-15,95.93727518989867,96.33091996982343,95.57174687272894,96.1903305053711,5386000
2017-08-16,96.46726085743484,97.56561154077504,96.35460675060843,96.99296569824219,13408300
2017-08-17,97.00235766780722,97.1901073548495,95.90400695800781,95.90400695800781,7381600
2017-08-18,95.82891377889906,96.7770591039053,95.69748755241915,96.23258209228516,5670900
2017-08-21,96.33580706188802,97.0210996528254,96.06356508665631,96.89906311035156,5395000
2017-08-22,97.10561880335668,97.81907331932365,96.82398712029152,97.69703674316406,5481000
2017-08-23,97.41539299189526,97.60314981140904,96.6831593012673,96.86152648925781,5057200
2017-08-24,96.99293792473061,97.1619154554886,96.35457915988813,96.89906311035156,4082300
2017-08-25,97.3027574746641,97.51866888969053,96.84276574673764,97.02112579345703,4467400
2017-08-28,97.3027680988208,97.4717456935569,96.93665117059125,97.4248046875,3919900
2017-08-29,96.61745838592701,97.69703695711944,96.3546059676592,97.4154052734375,7135300
2017-08-30,97.34969212484077,97.63132380839534,97.1807145471463,97.37786102294922,8712700
2017-08-31,97.68766555496775,97.80970931636175,96.72074090923805,97.18073272705078,13766000
2017-09-01,97.66884835315524,97.70639971146213,97.1055923029305,97.53742218017578,4466800
2017-09-05,97.06806696212936,97.12439043359164,95.99787803119897,96.70195007324219,6337500
2017-09-06,97.01172478267851,97.39662089103903,96.7864237614523,96.86152648925781,6372200
2017-09-07,97.35905861260298,98.9831208989261,97.26518379446519,98.1570053100586,6508600
2017-09-08,97.94112118846424,98.35417193560521,97.68765123057693,98.03499603271484,5787200
2017-09-11,99.02071926220938,99.64968872070312,98.71092576932993,99.64968872070312,6956000
2017-09-12,100.10965427252356,100.10965427252356,99.2835456706419,99.70598602294922,5212400
2017-09-13,99.75294199178859,99.75294199178859,98.79539987832499,99.34927368164062,6215700
2017-09-14,99.03947733326198,100.29741607196505,99.03947733326198,99.5839614868164,8154000
2017-09-15,99.26476580523727,99.64027231734505,98.52314241342695,98.85171508789062,12622900
2017-09-18,98.89865304529502,99.0582409918766,98.2133602571782,98.4104995727539,7330300
2017-09-19,98.6921269816235,99.44314005907512,98.41050244922279,98.95498657226562,9754400
2017-09-20,99.03948195270634,99.2929447741117,98.06316771664787,98.54193878173828,8198600
2017-09-21,98.57009270029715,99.14273857372183,98.24152715706782,98.8611068725586,4777600
2017-09-22,98.76723674819121,99.2084564254184,98.62642089087734,99.0958023071289,4959400
2017-09-25,99.03947678585196,99.18029264026073,96.45787904972785,96.71134185791016,9395300
2017-09-26,96.79580311796444,97.65007327895162,96.5798845889912,96.63621520996094,6263600
2017-09-27,96.75826061104762,97.74396420302578,96.59867268844245,97.52804565429688,8337400
2017-09-28,97.39664452187158,98.55132596491708,97.38725488807016,98.17581939697266,5947800
2017-09-29,98.33538035004597,98.97373919155058,98.27905688709237,98.79537200927734,7676300
2017-10-02,99.07701387342678,99.49945421355598,98.66395600329808,98.98313903808594,4885600
2017-10-03,99.18027777418996,99.41496844229633,98.84232263914153,99.12394714355469,4411100
2017-10-04,99.23661342004569,99.26477515772366,98.4762178539733,98.8611068725586,4146800
2017-10-05,99.13332340304424,99.74352049024607,98.71088312231443,99.734130859375,4396100
2017-10-06,99.78109492446902,100.41006425666315,99.38681628299135,100.19415283203125,4587000
2017-10-09,100.07208937881522,101.0577929505563,100.01576591603803,100.45698547363281,4787000
2017-10-10,100.99209451642463,101.01086661934525,100.27863284819183,100.7386245727539,4015600
2017-10-11,101.10474886039084,101.94024716425385,101.01087401453273,101.7994384765625,6473100
2017-10-12,101.85575617383925,102.052895487616,101.29249996844982,101.48963928222656,6496100
2017-10-13,101.8557607052352,102.56922241697121,101.76188586052582,102.00596618652344,5154600
2017-10-16,102.1280062948605,102.3720866292861,100.59782550290579,101.66801452636719,5552200
2017-10-17,101.62107242085993,101.78066037686737,100.72925063169674,100.95455169677734,5979400
2017-10-18,101.02963084853579,101.38635804846605,100.8794253987609,101.1986083984375,4817300
2017-10-19,100.70109086620464,101.17986193984784,100.35375318482177,100.46640014648438,10840200
2017-10-20,101.10476745382081,101.10476745382081,100.41947450705695,100.96395874023438,7848900
2017-10-23,101.4333128989813,101.60229047196721,100.54148403403687,100.94515228271484,6316700
2017-10-24,100.97331670362264,101.98718216850583,100.61658944547096,101.77127075195312,10511200
2017-10-25,102.71004540753627,103.83655794676895,101.38638636985542,102.78514099121094,13261300
2017-10-26,103.62063358802519,103.95858876346391,102.95411287040761,103.07615661621094,7380100
2017-10-27,103.3296468545338,103.38597034466568,102.0341564461459,102.99169158935547,7862700
2017-10-30,102.95410024123372,103.48919467634079,102.25002823913543,103.30144500732422,5148600
2017-10-31,103.8083886750342,103.91165315255982,102.00596587817316,103.24513244628906,8002500
2017-11-01,103.73326195529972,104.57814968420621,103.65815923224362,104.26835632324219,6167300
2017-11-02,104.22139734227216,104.54996990838383,103.4516124692859,104.18385314941406,5506600
2017-11-03,104.1463326655098,104.59693473526106,103.74266443183764,104.54061126708984,3757600
2017-11-06,104.5406174932439,105.28224090449395,104.39041201958715,105.06632232666016,4094700
2017-11-07,105.37611184016184,105.5826407776922,104.72836329285128,105.22590637207031,3697900
2017-11-08,105.15081921890669,105.99570713908844,104.97245200181513,105.58264923095703,4417800
2017-11-09,104.95368175839536,105.34796040740567,104.13695556070977,105.27285766601562,4334700
2017-11-10,104.86915965003188,105.12262953980859,104.46549148225272,105.02874755859375,4198900
2017-11-13,104.71898661995077,105.0100007777499,104.52184014161895,104.57817077636719,7185600
2017-11-14,104.27775471718297,105.17896598302015,104.02428479611568,105.12264251708984,5679600
2017-11-15,104.52184418075277,105.01939446893425,103.39533171293382,103.49859619140625,6895100
2017-11-16,104.15219314518603,104.80108946616114,103.98291615601349,104.4061050415039,5655100
2017-11-17,104.095776511735,104.30267142001495,103.16474942447526,103.27760314941406,8812400
2017-11-20,103.39984130859375,104.0863554819157,103.15533570155316,103.39984130859375,6873200
2017-11-21,103.87005218011812,104.84809611264821,103.72899401547342,104.81047821044922,6456500
2017-11-22,104.85749224513557,105.00796383938514,104.10514862364876,104.21800231933594,4067600
2017-11-24,104.678837666093,105.47820567325033,104.51896693461453,105.29952239990234,3045600
2017-11-27,105.32772975404876,105.83556074063449,105.24309484372556,105.68508911132812,6620500
2017-11-28,105.89200917025846,106.85124809776129,105.85439125399522,106.60673522949219,6671300
2017-11-29,106.85119667972513,106.85119667972513,100.53153328627442,103.31519317626953,14505400
2017-11-30,103.91706633067243,105.88255310058594,103.47506499105882,105.88255310058594,18533300
2017-12-01,105.68506653599296,105.74149697236987,103.22115511891455,104.13336944580078,13101800
2017-12-04,104.69763119815102,104.81047772934879,100.59737315073788,101.02996826171875,18909100
2017-12-05,102.40298759166504,102.73213525998554,100.24941116910937,102.11145782470703,12081500
2017-12-06,102.02680676415605,103.60672260778179,101.81051281897895,103.20233917236328,7532100
2017-12-07,103.23057430945053,104.77287978111632,102.92963823141669,104.76347351074219,7384900
2017-12-08,105.44998159384058,105.90138930269153,105.15845178336562,105.89198303222656,7594900
2017-12-11,105.79791959988488,106.59728022410789,105.47817822014792,105.67566680908203,7538600
2017-12-12,105.67569117818273,106.95467134182807,105.32773091274551,106.70075225830078,8754400
2017-12-13,106.973459237311,107.5565259497375,106.44682296472004,106.5596694946289,8088900
2017-12-14,106.7853975958603,107.29322142861268,106.19292449951172,106.19292449951172,9815600
2017-12-15,107.18036436199257,107.39665834826359,105.69448939374439,107.03929901123047,16388000
2017-12-18,107.85745488587744,107.91387814711676,106.50323921708909,106.78536987304688,8961800
2017-12-19,106.53147397851889,106.53147397851889,105.40296545941986,105.45938873291016,7899400
2017-12-20,106.0048211886552,106.36218049015025,105.31830704315455,105.44056701660156,6201900
2017-12-21,105.89199397910659,106.36220710261495,105.62867577792316,105.71331787109375,8866400
2017-12-22,105.69450804264153,106.37161610586418,105.56284893866858,105.97663879394531,6190100
2017-12-26,105.39355299401919,106.68193933708183,105.39355299401919,106.25874328613281,3948900
2017-12-27,105.97663268832089,107.27441828480634,105.93901477865546,107.2273941040039,7073100
2017-12-28,107.49069510190762,108.07375463232684,107.19915816181701,107.53771209716797,6937100
2017-12-29,107.91390839935337,108.04556749574107,107.2273941040039,107.2273941040039,5249000
2018-01-02,107.74462517809894,108.22424453006325,107.1615583742427,107.68820190429688,6080900
2018-01-03,108.10197423830174,108.89193587068367,107.82925699098485,108.7602767944336,6946100
2018-01-04,109.32455122098573,110.36842492921544,109.11765629865077,109.16468048095703,7805300
2018-01-05,110.02045325136764,111.91071182135072,109.48441063300015,111.779052734375,8590500
2018-01-08,111.54395400118327,113.30255360723224,111.03612298379669,112.23046112060547,6660700
2018-01-09,112.82291185645843,112.82291185645843,111.59095605432836,112.01414489746094,6562400
2018-01-10,111.61914423918196,111.95769811251988,110.46241730946413,111.8918685913086,7490300
2018-01-11,111.72263143582278,112.83233459914572,111.60977771289964,112.70066833496094,5982100
2018-01-12,112.96397930634664,113.1802732791422,112.57840118327782,112.93576049804688,5585800
2018-01-16,113.96082529457775,114.67555107814228,112.76648740713173,113.21788787841797,8803800
2018-01-17,113.97964214617575,114.88245752950647,113.5376478994991,114.71318054199219,7991500
2018-01-18,115.22100848923488,115.86049855683254,114.76020168570896,115.77586364746094,8661000
2018-01-19,115.71943655807678,116.28369079325785,114.65675045402251,115.3902816772461,8250700
2018-01-22,115.55016591078495,116.92318725585938,115.10816446359262,116.92318725585938,9355000
2018-01-23,117.17709691627257,118.03288815716331,116.81033129157143,117.22412109375,5683300
2018-01-24,117.60030191709654,117.97646666594576,116.3401270488271,117.13008880615234,6425200
2018-01-25,117.55328268679466,117.99528417767829,117.20532238708387,117.76017761230469,7166400
2018-01-26,118.27737191277365,118.85103233245489,117.32754684238013,118.79460906982422,5604900
2018-01-29,119.18958946395631,119.32124853022312,117.2617204651174,117.40277862548828,6257900
2018-01-30,116.44356338797314,116.88556481803498,115.52194262158015,116.18965148925781,8154400
2018-01-31,116.4059360499991,117.06423859405047,115.71002277760779,116.82913208007812,7338200
2018-02-01,117.30874883972133,118.73820051911096,116.7068767141515,118.2303695678711,11169700
2018-02-02,116.34951170570986,116.34951170570986,113.50942102527759,113.70691680908203,13937700
2018-02-05,111.62857369181437,113.91380937093342,108.15840630861999,109.34333801269531,16623900
2018-02-06,108.33708518281111,113.13326409171914,106.50325713520404,112.82292175292969,19053300
2018-02-07,112.93576287596285,115.16457523640521,112.10819052044474,112.52198028564453,9294000
2018-02-08,112.40914199114543,112.68186644880451,106.77599108951796,107.0769271850586,12673400
2018-02-09,107.72581453108091,110.22734427040511,104.40610431244043,109.39036560058594,17695500
2018-02-12,110.77276445279658,111.76020731461789,109.9169734643381,111.4122543334961,11526300
2018-02-13,110.82921018586491,111.72261925142,110.15210227193558,111.29942321777344,7803900
2018-02-14,110.61290911008942,113.74452224870637,110.50005540671688,113.63167572021484,9206400
2018-02-15,114.64910477663237,115.22376398487991,113.01933923510893,115.19550323486328,6921300
2018-02-16,114.58315782462206,115.86436450139946,114.52663632597304,114.79041290283203,6371400
2018-02-20,114.31938920208823,115.92090125317927,114.0085065631421,114.94115447998047,6182800
2018-02-21,114.97882761496645,115.71363583243637,113.43384439172907,113.45268249511719,7676100
2018-02-22,113.67877018775441,114.34763423003508,112.68960809172192,113.40557098388672,4994000
2018-02-23,114.52665444861012,115.83612208192149,114.19693367536154,115.807861328125,5036900
2018-02-26,116.42017960578693,117.38108097027656,116.17524114528082,117.37165832519531,6270500
2018-02-27,117.475305215109,118.04054901516044,116.20352103974024,116.22236633300781,7287200
2018-02-28,116.48614782193368,117.73909394392183,115.76075493557263,115.8172836303711,6780900
2018-03-01,116.11872484169726,116.81584967406201,112.68961499077105,113.42442321777344,8819600
2018-03-02,112.19032065372397,113.97082699367382,111.03158676071257,113.77298736572266,7581900
2018-03-05,113.47152137645416,115.22375968583675,112.52004262032118,114.81867218017578,5810200
2018-03-06,115.71364453090285,116.09988677206067,113.6787842181386,114.04618835449219,7464400
2018-03-07,113.07585796587591,115.15781701879601,112.76497534856095,114.79041290283203,7254100
2018-03-08,114.89405380797552,115.70422892393454,114.14982284390278,115.13899230957031,6948900
2018-03-09,116.10928592765525,117.56006407475314,115.75130450981484,117.2962875366211,6397700
2018-03-12,117.52240072314675,117.73907845205431,116.3259834533792,117.04194641113281,8636000
2018-03-13,117.05136415683113,117.75791162659067,115.77958014873846,116.06219482421875,9479500
2018-03-14,116.85353814674647,116.85353814674647,114.83752316394592,115.4781265258789,7855000
2018-03-15,115.99624889842626,117.21151139021968,115.59116140116177,116.2600326538086,5861900
2018-03-16,116.67454403673153,117.80502436505394,116.18467425895288,117.31514739990234,9447100
2018-03-19,116.75934183997036,117.10790070325777,115.19551312267255,116.0716323852539,17387800
2018-03-20,116.23176338370048,117.91805749540195,116.15640378468596,117.67312622070312,7779700
2018-03-21,117.66369830569528,118.17241330996406,115.93972087801306,116.0810317993164,7359500
2018-03-22,115.12012882700758,115.57232235947546,112.76497064979897,113.03816986083984,10501500
2018-03-23,112.94397518270685,113.35848535933138,109.99531946570212,110.2214126586914,10024300
2018-03-26,112.19034187249648,113.74474812802508,110.97508624872567,113.65054321289062,8735400
2018-03-27,114.4795165990202,114.55488337979027,109.97645566489997,110.59822082519531,9008600
2018-03-28,110.15546122938309,111.22941280930436,109.3076028275051,110.21198272705078,9420400
2018-03-29,110.86200075398368,113.60340100497207,110.2590808641659,112.68960571289062,12918100
2018-04-02,112.35988929589396,112.8874496438312,109.99531553166906,111.53087615966797,9877100
2018-04-03,112.00192320121229,113.03819156064075,110.68303293131528,112.29396057128906,7084800
2018-04-04,110.12722087111783,113.16066638873093,109.94822651219846,112.86862182617188,8425700
2018-04-05,113.98967630064207,114.94116238801288,113.39617892058085,114.16867065429688,6816000
2018-04-06,113.21715640046799,113.57513783134436,110.33444528966233,110.8808364868164,8383800
2018-04-09,111.75697362706227,113.67878374081242,111.75697362706227,111.90770721435547,7024800
2018-04-10,113.57514990494333,114.14039363860837,112.7084533881368,113.72588348388672,8947200
2018-04-11,113.0382026600266,114.61145424129994,112.68964374858012,112.84037017822266,5874900
2018-04-12,113.42443751796353,114.91289945063393,113.41501487127299,114.05561828613281,5666000
2018-04-13,114.67736026056701,115.37448503897288,113.6599302462198,113.75413513183594,9174300
2018-04-16,115.03534990117366,115.75132002016406,114.47011335981179,114.81867218017578,6903200
2018-04-17,115.78900562992433,117.0607896691643,115.42159432426836,116.62744140625,5979600
2018-04-18,116.87238667436438,117.63546293908941,116.2317832552997,117.26805877685547,5171000
2018-04-19,117.10790374942532,117.49415320918084,116.01511389811144,116.77818298339844,7294100
2018-04-20,116.87236891714795,117.58833902670237,116.16582145291427,117.00425720214844,7479400
2018-04-23,117.09845728196004,117.72963789369797,116.72163056883964,117.24918365478516,8004300
2018-04-24,117.63545234269645,117.79560138619328,113.56573898445863,114.2440185546875,9434400
2018-04-25,114.12154822673072,114.31938065835499,112.4540993388276,114.18749237060547,8001200
2018-04-26,117.88977956541085,120.1978313599843,116.60857313305384,119.7173843383789,14345800
2018-04-27,119.11450682797887,119.69858157642541,118.12533731466789,118.70941925048828,6842700
2018-04-30,119.39710340913815,120.48990031251766,119.32174380578694,119.52899169921875,8449200
2018-05-01,119.51013977389196,120.17900379262458,118.23835587384059,120.12248229980469,6407300
2018-05-02,120.47104005885824,120.67830230129397,118.69996382104571,119.05794525146484,8515300
2018-05-03,118.52096299481452,120.07536863494661,118.05935406224683,119.81159210205078,6778600
2018-05-04,119.010847725145,120.92323490240649,118.76590927667954,120.73482513427734,5798400
2018-05-07,120.9609278528818,122.01604857502296,120.81962410090775,121.77110290527344,5737300
2018-05-08,121.65803771200379,122.43995187137135,120.87612355263624,122.3740005493164,5044700
2018-05-09,122.47763019961725,123.41027793294948,122.08196538464877,123.2595443725586,6119400
2018-05-10,123.68347796776158,124.11683338835039,123.14650938925972,123.41028594970703,6585800
2018-05-11,123.4102559383333,124.4371011828442,122.68486338613471,124.18275451660156,5437100
2018-05-14,124.75743540519136,124.82338673579736,123.09940917892976,123.6081314086914,5017000
2018-05-15,122.99576392748901,123.78709353232286,122.37399879165824,123.50448608398438,5532300
2018-05-16,123.49508857843053,123.78712593465224,122.97695082961128,123.30667877197266,5124200
2018-05-17,123.21230227364263,123.41989039223459,122.29703131380832,122.59896850585938,4911700
2018-05-18,122.30646190180094,122.98583858122115,121.7875060031653,122.59896850585938,6082700
2018-05-21,123.56144235637431,124.08984333131471,122.65561622728985,123.28781127929688,5591800
2018-05-22,123.6086148823558,124.34460395654523,123.1368262759346,123.3349838256836,6645500
2018-05-23,122.72164744119854,124.46727100771773,122.47632255419634,124.43896484375,6569100
2018-05-24,124.38232898305921,124.75032344286176,123.13680041274742,124.44837188720703,6035200
2018-05-25,124.4389700920876,124.64655823516983,123.54256020248434,123.87281799316406,7509600
2018-05-29,123.03299854731485,123.65576279289833,121.77803946982391,122.37249755859375,10401900
2018-05-30,122.85373703633263,123.70296507537944,122.54235486179988,123.26891326904297,10631300
2018-05-31,123.27834881650274,124.15588305237047,122.64615385411261,123.34440612792969,11086000
2018-06-01,124.40122672587535,125.03342178379445,123.00473636506669,123.46709442138672,8323400
2018-06-04,124.49561199699404,126.03364785942287,124.01437827923566,125.56185913085938,7178000
2018-06-05,125.85431769673733,126.08076698520215,125.21267778445133,126.02415466308594,6198200
2018-06-06,126.43932839829964,128.61898914389894,126.07133391394967,128.59068298339844,8065800
2018-06-07,128.6662178782229,128.87380606295275,125.54297891412688,126.28839874267578,8309200
2018-06-08,125.91098067918726,127.30747131202637,125.71282307420789,127.13763427734375,5261000
2018-06-11,127.28855571574219,127.5622011605052,126.26006004589057,126.35442352294922,7988700
2018-06-12,126.47707616322138,127.50558620975474,126.00528758332631,127.25081634521484,5743300
2018-06-13,127.55275386617915,128.10947533419974,126.73184634243377,126.81676483154297,4881600
2018-06-14,127.34518255937189,128.04342045801417,127.1470250165021,127.38291931152344,6464100
2018-06-15,127.47728729248047,128.07173114640142,126.43934659857776,127.47728729248047,10044500
2018-06-18,126.78846499212825,128.6190070816205,126.55257068982968,128.5152130126953,8713300
2018-06-19,126.96772408483449,127.60936395833721,126.03359203069209,127.4866943359375,6557600
2018-06-20,127.87359664627829,128.97758033293613,127.85472106933594,127.85472106933594,7192000
2018-06-21,127.63763646856604,128.43966810170102,126.68461469564672,126.93938446044922,8689800
2018-06-22,127.94906000851236,128.18495428257094,126.68465575719702,127.69429016113281,6031900
2018-06-25,127.29801227313612,127.29801227313612,122.22156198026471,123.54256439208984,10086200
2018-06-26,124.65596788757072,126.24117046175898,124.18417935032276,125.0711441040039,7733900
2018-06-27,125.50519657180425,126.11853038260952,123.61804219611778,123.62748718261719,7282100
2018-06-28,123.60861299636325,125.60899204975722,123.27835521776915,125.25044250488281,6576500
2018-06-29,125.75993911712594,126.6185976269654,124.97676849365234,124.97676849365234,7259000
2018-07-02,124.51446143160311,125.54295718842098,123.75015175762884,125.02398681640625,7554400
2018-07-03,125.50521193211051,125.88265149214895,124.00492747530612,124.03323364257812,3621600
2018-07-05,124.67484778944491,125.80713743858692,124.3917717776984,125.7693862915039,4729300
2018-07-06,126.04298148973125,126.70348232204705,125.02391689222758,126.52420043945312,4839800
2018-07-09,127.32628166108773,128.29816481145508,127.18473647351905,127.8735580444336,8960700
2018-07-10,127.92078285872172,129.5814737414999,127.7037497109191,128.9775848388672,6561900
2018-07-11,128.92098209874652,130.97797387716918,128.89267592916076,130.35520935058594,10648700
2018-07-12,131.16667127240817,132.05363621089776,130.83642786623102,132.00645446777344,11816100
2018-07-13,131.9026467789965,132.12911048391308,129.77959813813086,131.55352783203125,7865700
2018-07-16,131.55353112477366,131.67620076773778,130.36462903935526,130.647705078125,4969900
2018-07-17,130.3835096673404,132.01590882869925,129.66639607361145,131.76113891601562,5412600
2018-07-18,132.01584975734252,133.20475148813833,131.5063101599721,132.94998168945312,7008600
2018-07-19,132.99716001260003,133.03491115106087,132.0347075516196,132.2234344482422,7937000
2018-07-20,132.10087185810355,133.48793216444184,132.02538391787093,133.03501892089844,7153600
2018-07-23,132.72356281460262,133.0160694218058,131.76111010876923,132.1291046142578,7723600
2018-07-24,133.03494499583826,133.48785798770626,131.63844047432488,132.1291046142578,8336700
2018-07-25,132.42164237565467,134.71454283224955,132.00646603633064,134.5918731689453,8376000
2018-07-26,133.61997936887406,134.7333936497422,131.65733689620373,134.4597625732422,10520800
2018-07-27,135.00707182024578,135.0636841671737,131.35543146489368,132.7707977294922,7014900
2018-07-30,132.22351587749543,132.4971470095675,127.67546554740048,128.77944946289062,12812400
2018-07-31,129.392713678321,130.23249660035236,127.97734823234626,129.02471923828125,7683300
2018-08-01,129.9683504329462,130.91192779064713,129.65696817716318,130.44956970214844,7087700
2018-08-02,129.69468171372193,131.3365112053662,129.2700748583548,131.0817413330078,12300000
2018-08-03,131.4308600829983,131.96870599072105,130.15703951885982,131.93096923828125,4617500
2018-08-06,131.77049121908695,132.34607362927704,131.20435379128887,131.82711791992188,5143000
2018-08-07,132.08192945994878,132.75187559196345,131.97813539436467,132.36500549316406,10034500
2018-08-08,132.08190012414065,133.03492207770142,131.94036933789002,132.74240112304688,5389500
2018-08-09,132.78963685575067,133.2708705204013,132.00646592502213,132.11026000976562,5679300
2018-08-10,131.98756876264108,132.79904564091103,131.39311058500036,131.8460235595703,6523500
2018-08-13,132.6009026710098,133.27084881759112,131.94040151104295,132.29896545410156,4817500
2018-08-14,132.38386422707936,133.0349347012958,131.98756359013092,132.81790161132812,5888700
2018-08-15,132.43107530189945,132.75188811748532,131.00626441282407,132.02532958984375,5288400
2018-08-16,133.31053082020986,133.7074272258146,132.69627505336678,132.9136199951172,5931700
2018-08-17,133.0364477798105,133.91530097696273,132.83800682591118,133.5561981201172,7699600
2018-08-20,133.75462584651305,133.8113376757895,132.96083327044678,133.18763732910156,4662200
2018-08-21,133.24436019155644,133.67906444881214,132.11036852063197,132.337158203125,6854300
2018-08-22,132.15761024817417,133.74519557227737,132.15761024817417,133.37664794921875,4191700
2018-08-23,133.25380325331227,134.6145990088368,133.0270135737157,134.2838592529297,4426800
2018-08-24,134.49178954265201,136.43847829933267,134.49178954265201,136.26837158203125,5714000
2018-08-27,137.01489132728156,137.5913391110623,136.7502937628726,137.40232849121094,7194900
2018-08-28,137.61970396564286,138.12999520844568,136.9014981327139,137.21334838867188,4925700
2018-08-29,137.45902235140912,139.19781023854392,137.42121446458918,138.94265747070312,5192900
2018-08-30,138.74428730580573,139.585332973013,138.30958290253972,138.66868591308594,7804600
2018-08-31,138.66863548070344,139.5191256053768,138.44183138503038,138.8103790283203,5786600
2018-09-04,138.84816282616794,139.72701601861166,138.60246922092338,139.67031860351562,7638100
2018-09-05,138.91431067374074,139.6892137498718,134.70908442499712,134.82247924804688,11363400
2018-09-06,135.408398468882,136.74084558080443,134.69965184587906,136.55184936523438,9589200
2018-09-07,136.0699034984297,136.4951485778516,134.89810391960154,135.32334899902344,13626200
2018-09-10,136.20223618986884,136.495182552621,135.33284186768856,136.1549835205078,5362700
2018-09-11,135.56904154214843,137.51572968886467,135.3705861707279,137.4873809814453,9895900
2018-09-12,137.82759770051072,138.72534053026493,137.09050237338732,138.50799560546875,6964100
2018-09-13,139.05611153045888,139.92552026388057,138.99941409555964,139.5097198486328,5803400
2018-09-14,139.7742712224998,140.2089610258278,139.24507611262996,139.70811462402344,4928300
2018-09-17,139.6986706049957,139.76481278433897,137.80867981997702,138.13941955566406,7708600
2018-09-18,138.15836849907762,139.9444097958536,137.92211957400414,139.5097198486328,5692100
2018-09-19,140.12391487155452,140.6342204555947,139.15057077622026,139.31121826171875,7432300
2018-09-20,139.8498533403031,141.26734622647064,139.10329901201086,141.03109741210938,7172700
2018-09-21,141.70209500888427,141.99504135362835,141.13510626987647,141.79660034179688,15628100
2018-09-24,140.95554734169409,141.4185859578292,139.1695062321293,140.90829467773438,6706700
2018-09-25,141.47531682746987,141.71156575954336,140.8988688564309,141.3524627685547,4230700
2018-09-26,141.7493520867086,142.14624854221262,140.84214988877818,141.05950927734375,5852400
2018-09-27,141.65482498343434,142.35412687062004,141.33352996208723,141.7682342529297,5868500
2018-09-28,141.56975303783028,142.09894813404472,141.3240594344407,141.8343505859375,6035900
2018-10-01,142.59033964798698,143.22348476601923,142.32574211864468,142.49583435058594,9802100
2018-10-02,142.54308168972966,142.54308168972966,140.96494133440618,141.43743896484375,8047500
2018-10-03,142.42026600244668,142.42026600244668,140.98386892750167,141.15396118164062,7521100
2018-10-04,140.97443334380094,141.0689386693554,138.06385965396757,138.6875457763672,9208900
2018-10-05,138.57411004083315,139.30176045837294,136.45731538048278,137.36451721191406,7085700
2018-10-08,137.03378462376205,137.03378462376205,132.4694548829046,134.0854034423828,11637300
2018-10-09,133.6790926614375,135.4084220333631,133.3577831776168,134.48233032226562,10798000
2018-10-10,134.72798504066373,134.84137986091244,127.77281914889431,128.06576538085938,15450100
2018-10-11,126.71443599816743,129.69118030721881,124.98509260022014,126.37423706054688,15657200
2018-10-12,130.8629994361344,133.2254886669546,129.87075107529196,132.35609436035156,12993300
2018-10-15,132.2048840610308,132.35608682387127,129.6723026711543,129.68174743652344,7953000
2018-10-16,131.08031446681557,134.32164167320616,131.0519513397137,133.9436492919922,11059500
2018-10-17,134.51065868080443,135.0020603880204,132.98921531880796,134.61460876464844,9170600
2018-10-18,134.62403520624127,134.62403520624127,130.36209722467518,131.62838745117188,10222600
2018-10-19,132.20486279671468,134.368910535764,131.71347552575344,132.37496948242188,8696900
2018-10-22,133.2160709531891,133.7547111090628,131.83637061763926,132.9042205810547,6099500
2018-10-23,129.36043744436873,132.33716759422015,128.1319403722362,131.4677734375,10736100
2018-10-24,132.01585353982495,132.46944729108333,126.6293826827398,126.87507629394531,13849600
2018-10-25,127.99963738570929,133.14985996854764,125.21190354907999,132.790771484375,14985900
2018-10-26,130.3904859996312,132.17652706780092,128.5760962176404,130.1636962890625,12034900
2018-10-29,131.930836930046,133.72632281092334,124.99457265321897,126.9412612915039,12768200
2018-10-30,125.75998600721053,127.44207661810043,122.65094315418867,125.45758056640625,15107600
2018-10-31,127.564981260676,131.4678038961045,127.564981260676,130.26766967773438,13205300
2018-11-01,131.35435126852295,133.12148792674932,129.92741350690807,133.0836944580078,16024000
2018-11-02,133.34832224860486,133.6696172739913,130.2676419555998,132.0914764404297,17063100
2018-11-05,132.1103973388672,132.49784902362578,130.47555886983574,132.1103973388672,6280000
2018-11-06,132.1103925059699,133.1593382364011,132.0347911249176,133.04592895507812,4732700
2018-11-07,134.5106456185791,136.92983160458272,134.49175609206893,136.81643676757812,20502100
2018-11-08,136.6463010591484,137.4589974447144,135.74854415339195,137.24163818359375,5927400
2018-11-09,136.26832110665677,136.61797917734637,134.529533193251,136.01316833496094,8339800
2018-11-12,135.5312553090502,135.73915547633578,131.51502436205953,132.03477478027344,11335100
2018-11-13,132.63012657018092,134.09485808584654,131.36382161867238,132.03477478027344,6287000
2018-11-14,134.20825053476597,134.75634959624378,130.79681656934207,131.81741333007812,6613900
2018-11-15,131.44822330002623,134.34509924311905,130.57725372730837,134.27882385253906,8565000
2018-11-16,132.93450195204585,134.27880299052364,132.46115590559418,132.70729064941406,8628000
2018-11-19,132.981891374436,133.07656639884638,127.09346310154942,127.5762710571289,16253000
2018-11-20,123.36346192308412,127.35850428099295,122.6345048627969,126.26033782958984,12720200
2018-11-21,127.19755716684334,128.54185827915904,126.50647594577012,127.25435638427734,7416300
2018-11-23,125.52194509903293,127.09345799061252,125.42728452380983,125.78701782226562,3676000
2018-11-26,127.4247346691848,129.24238137163013,127.09338672824359,128.69329833984375,9144600
2018-11-27,128.0685419562015,129.04363393632804,126.97037534612805,128.6649627685547,7877900
2018-11-28,129.7631268293512,133.9948283271798,129.57377680380532,133.84336853027344,11265100
2018-11-29,133.1901433108022,133.19960503355932,131.31569658303607,131.68490600585938,8751500
2018-11-30,131.59966618387526,134.67641556880213,131.23993300172367,134.15574645996094,11362800
2018-12-03,137.27037048339844,137.9519900303944,136.18168021978425,137.27037048339844,11285600
2018-12-04,135.5000580491939,136.65502367894226,131.1168685781756,131.24940490722656,13988900
2018-12-06,127.84130054495577,133.5877287827097,126.36446311417325,133.5309295654297,16391900
2018-12-07,133.31323001491796,134.55339474126757,128.74070401303123,129.80099487304688,14007700
2018-12-10,128.98682468683407,130.89914715992452,127.67092297977065,130.52993774414062,15744300
2018-12-11,132.48010360749325,132.58424032324302,128.67439706735524,129.51695251464844,12466300
2018-12-12,131.87423147038123,133.37000693791452,130.4068556143207,130.45419311523438,10387200
2018-12-13,130.9275643305557,131.7133207711338,128.89216696412902,130.20806884765625,8780900
2018-12-14,128.4566700989832,129.4317619334139,127.37744154216784,127.8886489868164,9351200
2018-12-17,127.05558815248607,127.26384718220112,123.72322699635941,124.39537048339844,11796200
2018-12-18,125.23787941729132,127.01766501534738,124.77400957828107,125.58816528320312,12761900
2018-12-19,125.8437762265656,128.627053362857,122.61556708486142,124.26280212402344,13819000
2018-12-20,123.2214423129291,124.97281396120205,120.3718971826589,121.89606475830078,18091700
2018-12-21,120.4003104723562,123.38239225246437,116.3957994151787,117.63597106933594,25448600
2018-12-24,115.57219320347785,118.53533738657663,115.11777773924302,115.24085235595703,8617700
2018-12-26,116.46205549670916,123.29718063353134,116.44312483325527,123.28770446777344,13499500
2018-12-27,121.16715446329138,124.97285461425781,119.77551552319431,124.97285461425781,10883000
2018-12-28,125.98579771222875,126.49700513615903,122.74811217300004,123.95987701416016,7381300
2018-12-31,124.66042883335636,125.37992419005512,123.28772795677001,124.90657806396484,7976000
2019-01-02,123.06998069691983,126.61061457268964,122.69130961138738,125.83432006835938,8788000
2019-01-03,124.21548866789419,124.28174960963153,121.06299471748656,121.29967498779297,9428300
2019-01-04,123.48657670896415,127.41534495527074,123.1931043340608,126.52545166015625,11065800
2019-01-07,127.28277069363801,129.85777478080396,126.89462340250859,128.80694580078125,12928000
2019-01-08,130.61515095220773,130.82342443483128,128.7123044377432,129.5075225830078,9243000
2019-01-09,130.92752527454823,132.0446150610489,130.2837671105876,131.0316619873047,9987600
2019-01-10,129.51692339096982,131.41978345584235,129.09091490246962,131.27777099609375,12514900
2019-01-11,130.40687557333746,131.2115698758982,130.0850036304649,130.70034790039062,5860100
2019-01-14,129.68741292807334,130.76664181817267,129.36552649424053,129.7915496826172,8666700
2019-01-15,129.65892840148138,130.37840904193746,128.0400789037403,130.01866149902344,7594900
2019-01-16,131.02215259728678,131.46709894393138,129.76306508783165,130.01866149902344,7258000
2019-01-17,129.66842654484148,130.5583194881076,129.30867890087194,129.96189880371094,5864900
2019-01-18,130.9369932397837,131.211542061678,129.35601903099587,131.1168670654297,10263500
2019-01-22,130.54884444089413,132.08249557886847,129.67788937809908,130.69085693359375,8102300
2019-01-23,131.37244005406686,131.5712372652419,128.8920974334583,129.7062530517578,5465800
2019-01-24,129.8009674010847,130.94647131270756,129.24242247306785,130.35951232910156,4924800
2019-01-25,131.5901810730933,132.44219805009374,130.35947864880276,131.27777099609375,9756300
2019-01-28,130.17963861652262,130.17963861652262,127.62357257747986,128.7406768798828,9857200
2019-01-29,129.30868100339237,129.403355999253,126.9608884488862,127.8034439086914,7457700
2019-01-30,128.84483874875616,130.54887347714842,128.28627926583982,130.26487731933594,8078100
2019-01-31,127.22599021390477,128.4945545545954,126.19409897164358,127.81293487548828,20095700
2019-02-01,128.17265951971487,132.8682593026971,128.04958490817972,132.6789093017578,13248300
2019-02-04,132.3381199078707,133.97590810693012,131.76063698495972,133.95697021484375,11882700
2019-02-05,134.4302612418618,135.32961573433485,134.2693253386086,134.9320068359375,8455700
2019-02-06,134.3923951010195,134.8278653070653,133.53090196268738,133.94744873046875,6146900
2019-02-07,132.46117240627618,133.5404009488105,131.7890290259959,132.69784545898438,10675300
2019-02-08,131.29678535907084,132.91562144740456,131.13584936724348,132.89669799804688,5950700
2019-02-11,133.72975138188585,134.70484331191102,132.96293291704842,133.29428100585938,7600100
2019-02-12,134.23151787116078,135.18768650311034,133.72031029749533,134.42086791992188,6090000
2019-02-13,135.27287539276722,136.98638631201078,135.25393750021007,135.8408966064453,6885600
2019-02-14,135.5942593791358,136.06843151310872,135.04421796725697,135.7649688720703,6314000
2019-02-15,137.08320172105167,137.4246063232422,136.39091428098905,137.4246063232422,6536000
2019-02-19,136.9599108941809,137.39615573105087,136.58057888258074,136.9788818359375,8406700
2019-02-20,136.8935147141468,137.35819419127202,136.10638715565696,137.25387573242188,5283100
2019-02-21,136.8935413704603,137.53840871758683,135.78396551454597,136.56161499023438,8573400
2019-02-22,136.95989498452687,138.72381612768393,136.95989498452687,138.33499145507812,9680800
2019-02-25,139.32129638110402,139.59630992380846,138.27811162479972,138.51519775390625,9731200
2019-02-26,137.69961446350285,139.78596940813705,137.52891940439645,139.44456481933594,7332500
2019-02-27,138.93244057706042,139.87130664770874,138.38239914410755,139.61524963378906,9731200
2019-02-28,139.6532036814806,141.1326332336905,139.6247545045716,140.46878051757812,6250200
2019-03-01,141.73954520392695,142.18525371122993,140.7153316251991,141.7490234375,7016800
2019-03-04,142.3180544294246,142.43185112953577,139.35920999124656,140.31704711914062,6979700
2019-03-05,140.3549610042274,141.57831882430094,140.1937442044091,140.3075408935547,9678600
2019-03-06,140.35502302290232,140.84816634474868,139.80498133134148,140.17483520507812,8186400
2019-03-07,139.6531882421646,140.17478054547908,138.49620694048042,139.2454071044922,8761700
2019-03-08,137.92722965622642,139.8618461149064,137.0357834898563,139.7385711669922,5168100
2019-03-11,140.4592950023624,143.17156066829227,140.37394747605887,142.88705444335938,9361500
2019-03-12,143.200031235616,145.22948805311174,143.07674180992373,143.89231872558594,9465100
2019-03-13,144.43285362459176,146.082963603541,144.1862748217882,144.5940704345703,8308900
2019-03-14,144.67941128408737,146.69938937407906,144.43284696324255,146.2346954345703,9364900
2019-03-15,145.7794869150804,148.7193600325369,145.4380823883473,147.4296112060547,20162000
2019-03-18,147.8658774995146,148.33057152899875,146.4433607033757,146.95547485351562,9689400
2019-03-19,147.89431754243435,147.89431754243435,146.17781636308175,146.6045684814453,9236100
2019-03-20,146.36748792656007,146.8701093582724,144.82169621815314,145.80796813964844,6391400
2019-03-21,145.40018489979258,148.5866085108004,145.39069219366715,147.7520751953125,7027100
2019-03-22,146.98389001996347,147.63823543947802,144.954433772575,145.16307067871094,8119800
2019-03-25,144.4897331476784,146.10191550800516,143.71208390259525,145.1251220703125,7568000
2019-03-26,145.82697256963237,147.5624451546935,145.82697256963237,147.27793884277344,15594400
2019-03-27,147.43909250873733,147.80894621451495,145.43808541579028,146.253662109375,12253800
2019-03-28,146.9270148140956,147.0692751795578,145.67520752744753,146.68045043945312,16902200
2019-03-29,147.685672923027,148.21674348454468,146.9269944906071,148.12191772460938,12164400
2019-04-01,149.39265365342757,149.58231959040472,148.46328043283103,149.1365966796875,6420100
2019-04-02,149.51594881092456,149.98062820391556,148.65295212310704,149.62974548339844,6215100
2019-04-03,150.36002099262384,150.8910915889359,149.69618274723376,150.27467346191406,8209300
2019-04-04,150.34103520684295,150.49277378240365,148.44434642409533,149.49700927734375,5100200
2019-04-05,149.83845718295547,150.43591895294503,149.10822773858945,149.50653076171875,4178300
2019-04-08,149.4116371476657,149.6961433123384,148.24517779015065,149.60130310058594,5604700
2019-04-09,148.47281418539635,149.82895435954038,148.387466652429,149.3547821044922,6364100
2019-04-10,149.82891236502823,150.57809795096122,149.38318941256443,150.3694610595703,3918600
2019-04-11,150.89107316169103,151.07126090713226,149.30733980160315,149.7056427001953,5771400
2019-04-12,150.51175388361045,151.39370727539062,149.70565531364088,151.39370727539062,6745100
2019-04-15,151.5738836183801,152.19030167562644,150.96694379549913,152.15237426757812,8142800
2019-04-16,152.72143453196122,152.77834737313802,151.30841009381405,151.95327758789062,6021400
2019-04-17,152.56015540409163,152.74983585609374,152.02908486789414,152.15237426757812,4609100
2019-04-18,152.61705558104453,152.77828686129652,150.78675785609445,151.8868408203125,7859400
2019-04-22,150.97644563971608,152.1903254753058,150.85317069134103,152.1144561767578,4602600
2019-04-23,152.68347631565285,153.51802417082405,151.6118423171344,153.30938720703125,6522900
2019-04-24,153.39474249270722,153.66027782901952,152.35155762105848,153.14817810058594,7376500
2019-04-25,152.22823567263276,153.25244928395068,150.35999618771754,152.70240783691406,8862500
2019-04-26,152.9300298390719,154.60860366657667,152.11445298503008,154.51376342773438,7525400
2019-04-29,154.77931416366386,156.0026722170301,154.67499568852494,155.67074584960938,10003600
2019-04-30,156.4578410466966,157.14065011118606,155.4525983880276,155.93624877929688,6432700
2019-05-01,156.9889751445806,157.17865566090128,154.34309980077057,154.3810272216797,5248100
2019-05-02,153.72665982132185,154.65603344353838,152.14291166317298,152.79727172851562,6054900
2019-05-03,153.9163176044894,154.33359150618264,152.8541619082005,153.66973876953125,4317500
2019-05-06,150.03755466101245,154.24819110204945,150.02806195705332,153.89730834960938,10442400
2019-05-07,152.6360614013742,153.4231891606177,150.48331509455602,151.93429565429688,6413600
2019-05-08,151.51700453118846,153.3473024668562,151.27991840663532,152.4558563232422,5445900
2019-05-09,150.65396175899681,151.59282773617986,149.05125772902065,151.5548858642578,6813700
2019-05-10,150.65400419494085,153.06279279946034,149.14613994945307,152.408447265625,5192500
2019-05-13,149.0702962940521,150.52126243577183,148.34006686940262,149.20306396484375,9730000
2019-05-14,149.93328795734035,153.17662477253515,149.78154934747866,151.93429565429688,9756700
2019-05-15,151.09028442827278,154.73192460039965,150.88164743679337,154.3810272216797,7547000
2019-05-16,155.24533631726925,157.2874219742138,154.68495588525988,156.59405517578125,9745500
2019-05-17,155.0933194041147,156.90744654117373,155.0078406157531,155.85316467285156,4582500
2019-05-20,155.1503105155349,156.47053597535944,154.18150749327359,155.2642822265625,4747400
2019-05-21,156.3185638408572,156.5845074948244,154.99833838264777,155.63470458984375,9095700
2019-05-22,155.3877778997352,157.31587684647073,155.24529875283463,155.9956512451172,5416400
2019-05-23,155.29282355062992,156.00517595223832,152.74735792544902,153.4027099609375,6138000
2019-05-24,154.58050739883336,155.2073811375366,153.6022110306374,154.4760284423828,4105600
2019-05-28,155.19781267426364,157.44885575936857,155.13133399699927,155.4922637939453,10202300
2019-05-29,155.10281121721061,155.29276889221074,153.37416304117372,154.56141662597656,6456000
2019-05-30,154.62795080230896,155.29281008760117,153.81111953956557,154.58995056152344,4750600
2019-05-31,152.83285010641086,153.9916112738327,152.50041315943733,153.2317657470703,5079000
2019-06-03,153.43118764932277,154.65644177431554,148.8816371400451,150.63877868652344,8034600
2019-06-04,152.24392743818677,154.2195195593562,150.6862509859169,154.18153381347656,6684800
2019-06-05,155.2928241805355,157.0974444747914,154.52348590253328,157.08795166015625,7769300
2019-06-06,157.55334881089075,158.99703914251904,156.66053154434562,158.5411376953125,13738500
2019-06-07,159.56689339046338,162.99568257219835,159.37693570166232,161.5139923095703,10528800
2019-06-10,163.21418068837895,163.3851528030462,161.95094067560103,162.24539184570312,7565900
2019-06-11,163.31864764514222,163.53709831017565,159.96584370762716,161.76097106933594,6082900
2019-06-12,161.82747657137372,163.00522328373046,161.18160284824694,162.9767303466797,6772000
2019-06-13,163.49912675273632,163.55611262744387,160.25080145878295,160.84918212890625,6901400
2019-06-14,161.24807938655172,162.0744034614279,160.36475495061046,161.1436004638672,4999900
2019-06-17,161.21006401891748,161.86543042763918,160.54520479733168,161.04859924316406,6410200
2019-06-18,162.08386392391955,162.10286404048225,159.13948354177407,160.7826385498047,6969300
2019-06-19,160.8871100409183,162.60625094317075,160.71615247825625,162.12185668945312,6323900
2019-06-20,163.8505154081566,165.20874127667471,163.1286703231317,165.01878356933594,11474100
2019-06-21,164.5723914091787,166.03508184378174,164.4679124857895,164.73385620117188,11728200
2019-06-24,165.83565873548946,165.95912330693926,164.05002392868246,165.12330627441406,5554900
2019-06-25,166.0350387163127,166.1585177281115,162.02686941336722,162.68223571777344,9899900
2019-06-26,162.78674913314694,163.73655221216472,162.2453689143861,162.4733123779297,7129900
2019-06-27,163.48007438754578,163.7460180464258,161.7704407212721,162.63475036621094,5873400
2019-06-28,163.3281043017868,164.83828735351562,161.96038588028094,164.83828735351562,8442700
2019-07-01,166.52902738029354,166.72847797293102,164.06904011876912,165.20880126953125,6103200
2019-07-02,165.3607303545785,166.51949132997441,164.60088495373512,166.4814910888672,5238100
2019-07-03,167.16535983032867,168.10567019679897,166.89941609911722,167.99168395996094,4066600
2019-07-05,167.03239087164854,168.14365887344613,165.7501507580416,167.792236328125,5840400
2019-07-08,167.4503041251961,167.74474079318276,166.59547256446294,167.3458251953125,6720300
2019-07-09,166.62398227462373,168.9605047177638,166.50051770349307,168.80853271484375,4894300
2019-07-10,169.615851845428,171.21151421453413,169.615851845428,170.3092041015625,5110600
2019-07-11,171.07856206275588,171.85740770849887,170.45170291286155,171.66744995117188,6986600
2019-07-12,172.2467877817652,172.2467877817652,169.9387588491661,171.27798461914062,7196700
2019-07-15,171.49645887935623,171.9808677738025,170.907585548841,171.50596618652344,4490400
2019-07-16,171.31599314295272,171.80040203509625,169.75831652379597,170.3092041015625,6800200
2019-07-17,170.5466646215012,171.16404541295032,170.0242699496126,170.15724182128906,3994200
2019-07-18,169.6633062109887,171.55340481291807,169.61581316474803,171.46792602539062,4736300
2019-07-19,172.71220104805394,172.71220104805394,170.14773544562712,170.2427215576172,5327100
2019-07-22,170.62264169790433,171.8953744735291,170.14774011062528,171.50596618652344,4862100
2019-07-23,171.80991941581217,172.1708493097473,170.07177762696165,171.8194122314453,7193000
2019-07-24,171.714917851479,174.22239777379949,170.25222726881162,174.12742614746094,8169300
2019-07-25,174.6402657778849,174.75425198832284,172.1992797047214,172.47471618652344,6085800
2019-07-26,173.25358305275452,174.59280887191775,173.06362533559576,174.46932983398438,5056300
2019-07-29,174.6593021841832,174.83027428894158,173.55752704237239,174.01344299316406,4621800
2019-07-30,173.37706638167407,174.17491206873194,172.1708267759662,172.4177703857422,5236600
2019-07-31,172.6647041407741,172.9116622293015,167.22233627916032,169.06495666503906,7981200
2019-08-01,170.19523913582623,173.24409931707225,169.22643580580888,170.17623901367188,8417300
2019-08-02,169.06495615484704,169.32140705644946,165.92111013172175,168.51406860351562,8264600
2019-08-05,163.3756170905894,164.7908288497199,158.59810891794726,160.3837432861328,16858300
2019-08-06,163.1667006723484,164.2684759660873,161.59003822686475,163.8220672607422,10281300
2019-08-07,162.89124562262856,166.90890902226258,161.78947045383669,166.51950073242188,8292800
2019-08-08,168.5520454837972,170.9170456605147,167.70672139989557,170.8695526123047,7602800
2019-08-09,170.65109854778882,171.0595213627637,168.9224646719105,170.06222534179688,5373700
2019-08-12,168.53303978708303,169.6822932543673,166.78540581641622,167.48825073242188,7394400
2019-08-13,165.63614773151224,169.93875424368204,165.46519014483502,169.64431762695312,6667700
2019-08-14,167.39329627124962,168.3525921430469,164.4679011115126,164.80032348632812,7293500
2019-08-15,165.75150761465102,168.37675606010276,165.04764843392,167.6633758544922,6698000
2019-08-16,169.30889832362212,170.02227851318793,168.54795655200047,169.5276641845703,8312200
2019-08-19,171.61076517844293,171.61076517844293,169.423062664139,170.96397399902344,5285000
2019-08-20,170.6690683324196,171.81048823835263,169.77497735961566,170.4883575439453,3793600
2019-08-21,171.86756852682592,172.81874217342852,171.43954328860636,172.10536193847656,3695900
2019-08-22,173.06601248414805,173.42746305241363,169.8890965313832,171.2968292236328,6659900
2019-08-23,170.78322554462503,171.6868375764866,165.73249596914678,166.6741485595703,7051900
2019-08-26,167.79653692246737,168.9950104239665,166.7882952367012,168.91891479492188,7754400
2019-08-27,169.6132810280656,170.44079740448808,168.30065683338955,169.67034912109375,4022100
2019-08-28,168.34826294485342,170.25061062234818,167.4351296736011,169.94622802734375,4401900
2019-08-29,171.5916738463382,172.53334072791563,170.55489833396013,172.32408142089844,4679200
2019-08-30,173.1040822665601,173.28479305229934,170.89735262982921,171.9912109375,4061200
2019-09-03,171.70587358366282,172.40022629329522,170.3552087248367,170.4503173828125,4644000
2019-09-04,172.06729030473602,173.3038188290645,171.25880149118956,172.8948211669922,4154800
2019-09-05,174.75913819856686,176.61392399342418,174.42623611494352,175.71031188964844,6386800
2019-09-06,175.71977085869912,177.5935835294805,175.53904559901662,176.6709442138672,7990900
2019-09-09,177.7933909094708,177.91704813810574,170.74519012494446,172.6855926513672,7290500
2019-09-10,170.64999825715464,170.92583211682253,165.3234221894968,167.73941040039062,15255200
2019-09-11,168.7382558836929,169.24237692493276,165.9322955847367,166.43641662597656,9113600
2019-09-12,168.21505493018006,170.65005699451652,168.05334264803025,169.2898712158203,7748800
2019-09-13,169.92717280254763,170.0413235139576,167.42559588355098,168.61456298828125,6103200
2019-09-16,167.56822225868908,168.54792973538372,166.9404443084513,167.5111541748047,4253600
2019-09-17,168.19601478992618,169.55618595293382,166.49340606641658,167.83456420898438,5924700
2019-09-18,168.4433472542844,168.52894940408623,164.39135251231613,166.73123168945312,9542500
2019-09-19,167.59677211293376,168.74769846362315,167.03558321678432,167.36849975585938,6964500
2019-09-20,168.73819572973835,168.95697611399063,165.45664961728932,165.561279296875,12820400
2019-09-23,164.45789814412558,166.69316175345475,164.35326847488557,166.36976623535156,8803500
2019-09-24,167.5112027043276,168.54797856527003,164.93351556331686,165.96078491210938,10039900
2019-09-25,165.313992447591,167.0926826274048,163.97283404335548,166.7217254638672,7797300
2019-09-26,167.07359313964844,167.83453472247953,166.08437924159549,167.07359313964844,10419000
2019-09-27,168.07236182545284,168.19601903020956,163.94427213999148,165.5041961669922,9212600
2019-09-30,165.6659124635183,166.88341357136537,163.6113739013672,163.6113739013672,16464000
2019-10-01,164.57206450298207,166.284179929086,164.38183268091666,165.78004455566406,8146200
2019-10-02,164.2106067242793,164.495961701819,160.3583508118861,161.53781127929688,10596200
2019-10-03,161.61393147809233,164.6862185532143,160.39643026833008,164.4293975830078,7242800
2019-10-04,166.15098372664536,167.90115403621368,165.9227113703475,167.38751220703125,6027600
2019-10-07,166.13197239236172,167.11167996810042,165.3139625752273,166.36024475097656,5248300
2019-10-08,165.09521643158425,166.112964683978,163.48773065028396,164.00135803222656,5336500
2019-10-09,165.608854997851,167.39706621456176,165.1618021936733,166.3412628173828,6277300
2019-10-10,165.39959562084192,167.31144955032426,165.1142406054878,166.3412628173828,4762400
2019-10-11,168.23408485848785,170.45032128404083,168.2150718347125,168.41481018066406,8754400
2019-10-14,168.71917707190136,169.69888471450088,168.46235613717647,168.7001495361328,7240900
2019-10-15,169.43258526714948,170.669099535048,168.88090274875555,170.02230834960938,4400200
2019-10-16,169.23283380759662,169.55622940301922,167.66340290752353,169.18527221679688,6509000
2019-10-17,170.15542772286523,170.44078267710628,168.83329713151235,169.25181579589844,4887900
2019-10-18,169.21382641521055,169.49918148022374,166.02740264488736,167.13076782226562,6311900
2019-10-21,167.4065540752549,168.10090674137408,166.08442334805176,167.8155517578125,4898200
2019-10-22,168.35772224127908,169.1091429770939,162.44142146243414,162.51751708984375,10094700
2019-10-23,162.64118907607448,163.76356702639154,161.8707262212074,162.955078125,7122300
2019-10-24,164.9525554688454,168.2341021127213,164.93352792935994,167.55877685546875,7872600
2019-10-25,166.3887595690428,170.40271256676593,165.02858854361406,169.16619873046875,10130100
2019-10-28,170.19348008081926,171.38244704448817,169.64181218178294,171.05905151367188,10086500
2019-10-29,171.02096883741697,171.21120060200187,168.70961008213823,168.95692443847656,7572800
2019-10-30,169.10914396030654,170.65956153605794,167.7775067572886,170.49786376953125,5374800
2019-10-31,170.4979103410074,170.92593566505272,169.318449557767,170.126953125,6830800
2019-11-01,171.33489795853401,172.46679681681357,170.7927220628848,172.0958251953125,7000200
2019-11-04,173.18964052658518,173.49400844302747,170.07929969413405,170.21246337890625,7154800
2019-11-05,170.32664873604458,170.7927144707903,166.62656981996543,167.7584686279297,7447500
2019-11-06,167.75849886696588,169.48964194736882,167.53973298237122,168.13897705078125,6992500
2019-11-07,168.69064080991723,171.82950202391618,168.21505401824984,169.7178955078125,7227200
2019-11-08,169.67036314452093,170.6881114197409,169.1186806767231,170.23155212402344,3894100
2019-11-11,169.78451311041425,171.55369685278745,169.49915808478772,170.7737274169922,3617300
2019-11-12,171.15420584510215,172.2195157941505,170.14596399850143,170.96397399902344,6118700
2019-11-13,170.6405339070662,172.0482812509211,169.21377354157653,170.65005493164062,6138300
2019-11-14,170.5452515836883,171.27888606618754,169.64964849509101,171.25982666015625,9811000
2019-11-15,171.5265837312717,172.14587625621817,170.62145829555539,171.27886962890625,7808800
2019-11-18,171.08832675003043,171.80290178945137,170.52618333675548,171.174072265625,7173700
2019-11-19,171.8695569603573,174.33721882979768,171.6885289902017,174.13714599609375,8549900
2019-11-20,173.69886702588585,174.56588807363175,171.83145273327105,173.07957458496094,6040500
2019-11-21,172.6127439671898,173.2225140831089,170.85013426773696,171.39320373535156,5112200
2019-11-22,171.62187150766334,171.94580869876322,169.9259479330039,170.9930419921875,6865600
2019-11-25,171.8790962121684,172.78423615152315,171.60280028304157,172.42218017578125,5457800
2019-11-26,172.8890542993156,174.28008556027856,172.650862620843,173.9275665283203,7079000
2019-11-27,174.356320004052,175.8235744423092,173.65126735612375,175.66160583496094,11452700
2019-11-29,175.24239167681046,176.11894993196762,174.69932215710043,175.7949981689453,3139100
2019-12-02,175.53778178489284,175.66163159804853,171.37418047733453,173.2034912109375,6883200
2019-12-03,171.40270955306787,173.53691202092898,171.17405486805535,173.30824279785156,4543300
2019-12-04,174.03236870443772,174.03236870443772,171.94580730782533,172.06967163085938,10650400
2019-12-05,172.68896645843162,173.43212333035225,171.56470871713955,173.29873657226562,4638600
2019-12-06,174.10860527895204,174.62309293946652,172.774723074316,173.56552124023438,14526700
2019-12-09,173.308264186596,174.60402753448744,172.7366128654498,174.28009033203125,10233100
2019-12-10,173.9275403050842,174.49919152439026,173.30823331158916,173.65122985839844,8625700
2019-12-11,174.42304633951176,174.43256877496947,172.63183988474515,173.41310119628906,7138800
2019-12-12,173.07964392008222,174.6707629479441,172.28884562394674,174.0133514404297,11192100
2019-12-13,173.8799145082535,176.75727387652785,173.44163545027843,176.3952178955078,8558100
2019-12-16,177.52902859861035,177.99588953541362,176.99548154973047,177.4432830810547,8249900
2019-12-17,177.69100105697873,177.95777458720926,175.40436664412647,176.75729370117188,10208700
2019-12-18,176.75733613773636,177.6338800243759,176.16661071777344,176.16661071777344,8968500
2019-12-19,175.78547286174287,177.76722953071436,175.78547286174287,177.72911071777344,5854200
2019-12-20,178.73906204938405,179.28213157942594,177.50046227021178,179.1201629638672,11259500
2019-12-23,179.26302874501758,179.5107573636795,178.16735297775983,178.2435760498047,5831700
2019-12-24,178.26267816705416,179.1392218985078,178.08165014482833,178.71047973632812,2420900
2019-12-26,179.0153392451583,180.244401922742,178.83431124145272,180.22535705566406,5237000
2019-12-27,180.77799326660525,180.92090248355296,179.56797525686204,180.44451904296875,5448600
2019-12-30,180.36825096216924,180.53021954700293,178.28168968672964,178.95816040039062,4833600
2019-12-31,178.22455122154128,179.12015431922816,177.72910842616966,179.02487182617188,5273000
2020-01-02,180.0729277043793,182.11184810321308,179.80615415971457,182.09278869628906,8733000
2020-01-03,179.51078229657793,181.94034035497398,179.0439213672334,180.6445770263672,4899700
2020-01-06,179.1201268901493,180.27298091209516,178.31980640807362,180.25392150878906,10109500
2020-01-07,180.6350569500296,181.12097732999814,179.69182710763016,179.77757263183594,4392300
2020-01-08,180.5397192053453,183.40754097599483,179.88230803108166,182.8549346923828,5712000
2020-01-09,183.88401591114672,184.76055973465225,183.42669185933286,184.12220764160156,6748000
2020-01-10,184.36037889390673,185.37984636528773,183.9888004171937,184.6176300048828,6586400
2020-01-13,185.25596580186357,186.36117870075012,185.10351963552063,186.1039276123047,11290500
2020-01-14,187.44731303775865,187.64738588982866,185.92288060625484,186.78990173339844,6236500
2020-01-15,187.6950282085212,190.69623731135016,187.04715387114888,190.36277770996094,10831100
2020-01-16,191.5060915562287,191.98247486855763,190.34371511110092,191.4584503173828,9983700
2020-01-17,192.2302051147072,195.07898279558464,190.53428154331468,195.03134155273438,12518900
2020-01-21,194.48823129581257,198.54701137295035,194.17381660463056,197.49896240234375,14861700
2020-01-22,197.70859128647072,200.20484965620048,197.49898147211027,198.08016967773438,8065000
2020-01-23,198.0802197269891,198.55660314580155,195.6030346720053,196.76541137695312,8520800
2020-01-24,197.6228936858339,198.1659777559749,194.56452030978826,195.31719970703125,7812900
2020-01-27,190.5533200443397,193.72603456764568,189.695835919366,192.1634979248047,7198900
2020-01-28,192.83047392279798,194.21198288845517,192.2492855876924,193.2687530517578,7215700
2020-01-29,194.6501994224325,196.19367650473106,192.94473924116843,195.18374633789062,7041700
2020-01-30,194.36444019974422,198.65189108650327,193.71656571068468,198.37559509277344,8571900
2020-01-31,191.97298256722834,194.34536253062288,188.89553541915447,189.57200622558594,16699600
2020-02-03,190.49618608169962,192.7065973791271,190.41044056344342,191.32508850097656,10885900
2020-02-04,193.88804200709598,195.2409691060172,192.6780241116262,193.94520568847656,10205900
2020-02-05,195.79353528714452,195.88881776187745,190.5056777768861,193.2305908203125,8672400
2020-02-06,193.45930503893672,194.96467835389387,192.91622097514403,193.44976806640625,7001200
2020-02-07,192.4398435807902,194.2024680620002,191.5918816689483,193.16395568847656,5691100
2020-02-10,192.43031043148358,196.3938237812758,192.3255055026839,196.26043701171875,6239500
2020-02-11,197.6990982395455,197.86106684052314,194.02141804739802,194.3072509765625,10231900
2020-02-12,195.31719913543338,198.31840881911648,195.31719913543338,197.64195251464844,7355800
2020-02-13,197.14576620497428,198.91094324195276,196.60191021269162,197.88999938964844,9495300
2020-02-14,198.73921327984863,201.11504384648617,198.4720533638159,200.6475067138672,6548800
2020-02-18,200.37080447414868,201.80202450610687,199.76015117621142,201.51577758789062,7651500
2020-02-19,202.7752679618311,204.34960424909212,202.01194766289822,203.52903747558594,5927500
2020-02-20,202.40308433721992,203.89155042004654,198.72961480376486,201.75425720214844,8531900
2020-02-21,200.2753678745568,200.58070177853045,197.90908835524837,199.2353515625,9231500
2020-02-24,188.81612410187995,194.42651237363242,185.11402957598878,189.6748504638672,13316800
2020-02-25,189.67479788948145,190.72436498243468,179.11240250458755,179.76121520996094,18539000
2020-02-26,181.2878406096017,184.63688968694828,178.4540242521851,178.6257781982422,14214700
2020-02-27,173.76915483616236,177.79565420575273,171.74636892771,171.7559051513672,17536600
2020-02-28,165.82112514958484,173.96954496898425,165.04826876128124,173.42567443847656,22659000
2020-03-02,177.77660103596713,183.61597355379382,174.7042478272634,183.51101684570312,17434500
2020-03-03,184.34108260073907,185.14256208703998,176.0400117860654,177.21360778808594,15226400
2020-03-04,181.63134493364012,185.57197499795282,177.63346840355112,185.38113403320312,10789100
2020-03-05,182.47098343850183,183.11979607559005,177.12775716984,178.38723754882812,10106900
2020-03-06,175.124086822902,177.4617579908007,171.7273267469192,175.906494140625,15183200
2020-03-09,163.35944504701212,171.33611116899934,160.59241118415815,163.28311157226562,20486400
2020-03-10,171.2406893711903,174.236709076162,163.99872026000236,174.2271728515625,16119400
2020-03-11,169.50410812946748,170.53458802499614,162.3957201099617,165.01962280273438,14598200
2020-03-12,151.23220825501622,164.11318498336146,149.79145239557306,152.73976135253906,27467700
2020-03-13,160.98359603750578,168.23511514371123,154.77210766438773,167.767578125,19948900
2020-03-16,144.20972252194807,157.72997865753246,141.19461564672372,145.03982543945312,23692000
2020-03-17,148.60833435854278,156.19379698861513,142.40638139975928,150.65020751953125,22298000
2020-03-18,141.6526499573835,143.77084260289107,133.38973461384097,141.67172241210938,22787500
2020-03-19,140.18322588818083,150.03956265754888,134.9831294900935,145.26882934570312,19362800
2020-03-20,147.72098786984256,151.0032400390447,138.99053749204018,140.09735107421875,18692100
2020-03-23,134.84952943509575,136.77690948228388,127.78883645076468,129.51585388183594,30344100
2020-03-24,138.19859189541097,148.13126162824798,136.99637240463952,147.44427490234375,24488300
2020-03-25,152.0146692983026,160.46839564332294,146.53786163636164,154.3618621826172,20619600
2020-03-26,154.64807670381552,161.7564656875217,154.37136604739175,161.1362762451172,17062900
2020-03-27,153.69393022987825,159.43789661998045,150.89827322745808,154.15191650390625,14950700
2020-03-30,153.65577525645566,158.26430547740614,153.32183265324423,157.9780731201172,15714500
2020-03-31,158.79861775165745,160.47792515002484,153.17869464406974,153.7321014404297,20613100
2020-04-01,149.1522185460921,150.82197526452862,144.4768909989959,146.0894012451172,12595200
2020-04-02,145.53601772809208,151.089159378219,144.35287039392614,150.1731719970703,14051100
2020-04-03,148.42703684658815,150.4879969145768,143.6944780524525,144.8871612548828,11994700
2020-04-06,152.6825921775098,162.90149740123454,150.99374807509082,161.670654296875,16479100
2020-04-07,169.60916037925605,170.60148138253257,160.39211170131236,160.85963439941406,15379000
2020-04-08,163.16860748500304,167.929804337913,160.22983416199494,166.9184112548828,11146500
2020-04-09,168.18743869718168,169.06525189222668,164.92425881153946,165.72573852539062,12231800
2020-04-13,164.36129039862496,164.4185514250968,158.53145400783185,161.24124145507812,14043700
2020-04-14,165.15323968016313,167.38593934056374,162.99687349863805,166.6130828857422,9980500
2020-04-15,160.96451076945985,161.59425095025,157.38646141377035,158.35015869140625,12118700
2020-04-16,159.44746966762773,160.29665972308143,152.47265900556548,154.97251892089844,20308200
2020-04-17,161.8709784456853,163.14954606187663,157.3864919613067,161.76602172851562,15375800
2020-04-20,159.65738428498966,159.7527902286148,155.71675337924313,156.6899871826172,10505200
2020-04-21,154.57172486387046,155.11559532862066,151.8524016583583,153.16912841796875,10562100
2020-04-22,157.10976765388563,160.01036663500665,155.4495474870717,158.95126342773438,14502500
2020-04-23,160.18213542338074,162.59612514996678,158.58871235288748,158.75091552734375,11411300
2020-04-24,160.7164667554713,161.0122498924808,156.48958945421674,159.6478271484375,8391400
2020-04-27,160.91680478995218,164.44715856159084,160.82139887341523,163.8842010498047,9903300
2020-04-28,166.97564786368042,166.98518408798904,162.567495418998,163.39759826660156,8614400
2020-04-29,168.74085775161305,173.8932443532448,168.0252476925462,173.45433044433594,12862800
2020-04-30,173.44478730313642,173.4924975503302,169.51370752764282,170.5251007080078,11331600
2020-05-01,166.45083163709086,171.4028536358468,166.27909227855557,167.5194854736328,10109600
2020-05-04,165.0196704539256,168.82672106513974,163.84607407809582,168.07293701171875,9386200
2020-05-05,170.87810876941677,172.79595272709957,170.0861653551225,170.25791931152344,13513000
2020-05-06,171.4792059255947,172.23297523603583,169.7235799029796,170.58230590820312,8540500
2020-05-07,173.41616657917695,176.49805641211748,173.37800711634307,174.34169006347656,9262200
2020-05-08,176.5457808653312,177.2327677246061,175.20043038599084,176.60302734375,6470100
2020-05-11,175.4389105239593,176.15452039173087,173.1107907580166,175.14312744140625,8683100
2020-05-12,175.14314825379574,175.553438864149,171.14527165464875,171.24069213867188,8219700
2020-05-13,170.60034948133557,173.07572360122086,167.29346794299659,169.25274658203125,13377100
2020-05-14,168.15363621620642,173.03748964222768,166.12746318694093,172.8941192626953,9695100
2020-05-15,172.0148653262868,175.99076535229793,170.95398850644975,175.36953735351562,10785900
2020-05-18,179.67991912156324,184.29616560220637,179.17337583540052,182.91033935546875,11802200
2020-05-19,182.68094456713146,185.89224564071725,180.85546965745792,180.97972106933594,7446800
2020-05-20,184.45863798503385,186.36057426923995,183.8947523844978,185.28057861328125,9545600
2020-05-21,184.93649251325118,185.05117714421434,181.61050696383424,182.18394470214844,11338100
2020-05-22,182.54714894651917,182.90076964686844,180.85547756661916,182.41334533691406,5807600
2020-05-26,187.1347213761703,187.58392232669064,184.22925077776202,184.6688995361328,9662200
2020-05-27,185.71070150654904,185.71070150654904,180.17694756492958,184.28665161132812,7650300
2020-05-28,184.97470488493732,189.51448931545795,184.1814501231873,185.662841796875,8352200
2020-05-29,185.89226180748807,188.0331342372334,184.72625262330092,186.59951782226562,10211900
2020-06-01,186.0929851685928,187.21120428622027,184.95564708095856,185.74891662597656,6011300
2020-06-02,187.26852630817655,188.7786039379567,186.29366311254643,187.66993713378906,8462100
2020-06-03,189.23735954969092,189.37116315997193,186.91490804620642,188.15736389160156,8879400
2020-06-04,187.30673505964606,187.76550275329822,184.57330619817034,185.07029724121094,7829800
2020-06-05,187.516986442663,190.92899982405123,186.8288495352149,190.7760772705078,8561200
2020-06-08,190.74745207524788,191.1106395815492,188.40588142096496,190.76657104492188,7628100
2020-06-09,189.58142475996667,192.74493580644457,189.4667401198646,190.26956176757812,6892300
2020-06-10,191.0532259162391,193.2323211397003,190.14527200371302,191.60755920410156,8405300
2020-06-11,186.50391889924427,187.66992796675822,180.39671416592074,180.52096557617188,11974600
2020-06-12,185.61511696121815,186.37014858232385,179.53658230103923,183.75140380859375,11706300
2020-06-15,178.7241763727002,183.96165082687315,177.96914482508498,183.2735137939453,6752700
2020-06-16,188.14780624643276,189.60054153273802,183.3117428647909,184.3439483642578,11057200
2020-06-17,185.08943096434697,186.72374542984974,184.51597859331116,184.9938507080078,5968900
2020-06-18,184.07636167487016,185.65333396783748,183.60804170849454,185.32838439941406,5803200
2020-06-19,188.17650461723164,188.37721734760996,182.9007917182326,183.69406127929688,11483300
2020-06-22,183.49334753287846,187.66994532345262,182.8243148774957,186.3319091796875,6674500
2020-06-23,187.56481314554264,191.2922099682833,187.1538501091765,189.2086944580078,9866800
2020-06-24,188.3007207466211,188.74035489873853,182.250858391189,182.93899536132812,9453100
2020-06-25,182.64274520851055,185.643781787064,181.49584035882054,185.39527893066406,9936600
2020-06-26,184.55425598288915,185.5386715829307,180.71215927599238,180.8937530517578,11836000
2020-06-29,181.50539414033824,182.97723386959407,179.01090106281058,182.91033935546875,8020400
2020-06-30,183.01546572116987,185.17544240575268,181.744324160055,184.62110900878906,9040100
2020-07-01,185.27102591786576,186.7046422713695,184.1336879440595,185.20411682128906,6394100
2020-07-02,187.32589543717208,189.1609228669446,186.3701510726967,187.010498046875,6299300
2020-07-06,189.9350381155526,190.36512008281355,187.0200154297855,189.00796508789062,7292200
2020-07-07,188.1000537800123,190.09755608392962,185.23282056858952,185.60556030273438,7660100
2020-07-08,186.44659442899302,186.86712424225232,184.5733292381562,186.43704223632812,8368000
2020-07-09,186.3701643489254,186.8384843709401,181.543652047804,183.70364379882812,8548200
2020-07-10,183.1683858490503,184.28661949269744,181.05619915216212,184.028564453125,7674200
2020-07-13,185.04166346437083,186.5517412814951,180.3489552241525,180.65480041503906,8564100
2020-07-14,181.11357533400553,184.90788201032166,178.89624118471613,184.77407836914062,8003900
2020-07-15,186.58997290694037,189.0175718207968,185.8922835866282,187.8515625,7681100
2020-07-16,186.68550646344792,187.04869390696103,183.9998677368336,184.93649291992188,5064000
2020-07-17,186.2076579799532,186.91491399021527,184.57332886058424,186.45614624023438,6395000
2020-07-20,186.12167706193358,190.65189636353483,185.09902351343538,189.6865997314453,6985300
2020-07-21,191.14884596474215,191.31132073379223,187.0200238918239,187.7846221923828,7218700
2020-07-22,187.78463482634766,190.19311453092345,187.56481772207903,190.05931091308594,6823400
2020-07-23,189.65786153359903,192.05677397449233,187.73680655919864,188.6925506591797,6106700
2020-07-24,187.01049517359206,188.7403901133536,185.44307502327482,186.5135040283203,7160300
2020-07-27,186.5230953610334,189.0558123880114,185.6055742477017,188.19564819335938,5604700
2020-07-28,188.94111160634353,190.54675518837902,188.0044861834895,188.0331573486328,6897300
2020-07-29,184.54466088459571,190.08798066613028,184.50643752985428,189.7917022705078,9471300
2020-07-30,186.56125796912465,187.86107061601336,183.6175641928326,185.47171020507812,10499400
2020-07-31,185.81583644237725,186.07389153034586,181.05623310780658,181.97373962402344,14180800
2020-08-03,183.31177712599444,184.78361707151794,181.7921470442165,182.2509002685547,11405200
2020-08-04,182.67140754137796,184.40130234192225,181.66787313815882,183.78005981445312,8204000
2020-08-05,184.9938643245917,189.4093983226769,184.55423011347102,187.4214630126953,8876800
2020-08-06,187.30674733147615,190.11663765932363,186.16940938129983,189.97328186035156,7480300
2020-08-07,188.84549845047565,189.21823811593723,186.6568505857909,187.66993713378906,5654000
2020-08-10,187.66995430297143,189.53365280078174,186.6855388250639,188.08091735839844,5525400
2020-08-11,189.0652919494903,193.91090662213068,187.65078027797887,189.0175018310547,11549600
2020-08-12,190.1931446778698,191.36870626259844,189.4667841492616,189.9446563720703,5432500
2020-08-13,188.69066680929578,191.38036548494256,188.59494206983473,189.12139892578125,7014800
2020-08-14,188.57581972266786,189.59045243942356,187.3889145837651,188.22166442871094,5014400
2020-08-17,188.85339400213493,191.87811476958458,188.288655993336,190.89219665527344,6256200
2020-08-18,191.41864781736678,191.53352042654907,188.39394174573425,190.49017333984375,6519900
2020-08-19,190.4040335186027,194.15621263394135,190.38488564911128,192.3854217529297,9467600
2020-08-20,191.3420874813306,195.6877339980497,191.05494244742286,195.41014099121094,8849200
2020-08-21,195.74517703274603,196.3577774915606,194.63483413691114,195.39102172851562,9998300
2020-08-24,196.23336681161035,197.6117216960824,195.90792596542923,197.5734405517578,6159600
2020-08-25,198.31999452931487,199.2867501773196,196.7406238898474,199.1910400390625,5828300
2020-08-26,199.19110338431827,201.7755116278583,198.42534900701568,201.2586212158203,7035200
2020-08-27,202.1679529092557,203.09641306756885,200.100420572889,201.9956512451172,8619600
2020-08-28,202.92407254810874,206.90598238268555,202.1774662798188,206.47525024414062,7349800
2020-08-31,206.3125298456631,206.71456211598056,202.50292136045982,202.91452026367188,9326900
2020-09-01,203.12509838254473,204.73316900482288,202.081751199053,204.21629333496094,5642900
2020-09-02,204.96292496838103,208.04507531418736,204.61833627737326,207.21231079101562,9863800
2020-09-03,205.72861042742653,205.72861042742653,198.22425269554216,200.0142059326172,11310200
2020-09-04,199.56439789468155,201.48834308610458,191.58142821328542,195.8983612060547,13243600
2020-09-08,192.18448287219803,193.59155243161604,190.68170313794909,191.552734375,14186900
2020-09-09,195.60161342513294,197.45854815285583,193.3043506456605,195.3240203857422,7532600
2020-09-10,196.0897862653841,198.13817063360622,191.86857825524953,192.9119110107422,7243000
2020-09-11,192.95022426578285,193.74469315152697,190.3945305421614,192.0887451171875,7439000
2020-09-14,194.6444423132721,197.57343911875662,194.44342614176574,196.20465087890625,11730500
2020-09-15,197.8988388677368,199.29634132681014,196.00360861166394,196.59706115722656,6328600
2020-09-16,197.88928060798264,198.85603634497224,196.17590393281154,196.34820556640625,6135000
2020-09-17,194.16579733195147,196.77891925061655,193.35218082783408,196.48219299316406,7474900
2020-09-18,196.67361134927384,196.91290858266657,193.08415284838264,193.93605041503906,9084100
2020-09-21,191.35170119382406,192.63433124810715,186.3647389124628,188.99700927734375,9656000
2020-09-22,189.60957308380927,192.11741829582434,188.3748056508925,191.9738311767578,7543100
2020-09-23,192.20357155809177,192.48114996683427,186.24028763664674,187.0060272216797,6310600
2020-09-24,186.79545776640495,189.2075785266922,184.8619461891917,187.14962768554688,9865300
2020-09-25,186.67102956527157,189.65745499858417,185.2256646210219,188.80555725097656,5496100
2020-09-28,192.04086692938856,193.0841996143508,191.27511267595344,191.744140625,5565300
2020-09-29,191.9930047579065,193.71594817861435,190.8347994400689,190.9018096923828,5513500
2020-09-30,192.25148044389437,193.86911812333716,190.37538295337833,191.40914916992188,9157600
2020-10-01,193.553259710477,196.41524644283828,193.00765478491314,194.6444549560547,7234600
2020-10-02,191.43782460239933,194.1466715731889,190.86350528637337,192.8353271484375,6019700
2020-10-05,194.0318397189553,194.93158534726507,192.4429020551431,194.8262939453125,6090500
2020-10-06,195.3718454848897,196.31946784372198,191.160219767836,191.8685302734375,5841100
2020-10-07,193.35222864835933,194.10840172999806,191.4282835123807,193.80210876464844,6713400
2020-10-08,195.26655905278534,195.5537186783838,193.57233040674527,194.29022216796875,3955600
2020-10-09,195.26658509052965,198.21472940240525,194.96027755423478,197.79356384277344,5562900
2020-10-12,198.08071781590925,199.06662143601963,196.9225125601963,197.56382751464844,6622700
2020-10-13,194.67311592223217,196.42477365672815,194.33809390862544,195.5728759765625,5621700
2020-10-14,195.9461787644286,196.1950426618611,192.5194401793172,193.5436248779297,5320000
2020-10-15,192.40459866918894,195.93662920612303,189.14059454930862,191.00711059570312,8885500
2020-10-16,191.42821501857688,193.97432641430424,190.8730436991276,191.6866455078125,6385900
2020-10-19,192.25146609058368,192.46204889335488,188.08768702416506,188.53756713867188,7449600
2020-10-20,189.0927403201245,191.11241023318433,188.2887048509426,189.23631286621094,7427000
2020-10-21,189.3607690114852,191.83988589841084,189.3607690114852,189.93507385253906,6067200
2020-10-22,190.80608209016097,191.21768102048287,187.37934317269213,189.51388549804688,4908200
2020-10-23,191.19853441334422,191.32297367772634,187.62822294163706,189.53302001953125,5877200
2020-10-26,187.60909239490033,188.01111012593782,182.55513433964487,184.80453491210938,12608700
2020-10-27,184.73750884328967,185.40753833767397,181.119334968067,181.92337036132812,8690400
2020-10-28,176.1036283982805,176.79280564777227,171.6622720157475,173.12677001953125,17809500
2020-10-29,175.16556682106764,178.9943223799981,171.6622519793159,176.95550537109375,16820900
2020-10-30,174.84015860233828,176.3333712109854,171.55699250541372,173.9308319091797,10252900
2020-11-02,176.61098219806237,178.91781178202996,176.0175295404047,176.83114624023438,8057100
2020-11-03,178.8316576416073,181.41606552657888,177.2331534512525,180.27700805664062,6467900
2020-11-04,184.63224939528558,188.45144008237912,183.33047132144705,185.666015625,8102700
2020-11-05,189.86802556929234,192.38543751121966,188.843826248013,189.17884826660156,7132100
2020-11-06,188.90126531313115,191.131502952104,187.06344947983962,189.9733123779297,6180500
2020-11-09,205.49894123113185,208.33221293989604,203.192111871149,203.57498168945312,17916900
2020-11-10,202.8666646114035,204.89590087384616,201.5361723176336,204.17800903320312,7943600
2020-11-11,203.08683760399148,205.10650746776543,202.60824298798389,203.59414672851562,5337200
2020-11-12,202.68339044137326,203.74747167341985,198.5708689717373,199.64453125,7302500
2020-11-13,201.22632329693784,202.53964365117,198.72429472535427,201.77273559570312,6377500
2020-11-16,205.69352942198185,206.19200717670927,203.06687433838982,203.90087890625,12083200
2020-11-17,201.84945210956167,203.31615717657436,200.83330503072213,201.99325561523438,7268800
2020-11-18,201.0441581597435,202.4149939026562,199.07896106186712,199.2323455810547,6977900
2020-11-19,198.66674319760412,200.09509438180285,197.0274773431104,198.98309326171875,5657200
2020-11-20,198.56130674391173,199.50076132642718,195.3786437923553,195.4457550048828,9653500
2020-11-23,196.23185014062156,200.35396820137615,196.23185014062156,199.54872131347656,6101900
2020-11-24,202.12745583351338,204.97459253346884,200.73742846879577,201.00584411621094,10110800
2020-11-25,200.99628554014672,203.1819644149349,200.22937733569043,202.1658172607422,6772900
2020-11-27,203.2298410424689,203.25859881203482,200.17180477316663,202.27120971679688,3512900
2020-11-30,200.8715829587616,201.83021419573248,198.05321940921064,201.64808654785156,7725500
2020-12-01,203.35448648127945,204.83077242234262,202.3095671233419,202.46295166015625,8047900
2020-12-02,202.27120737985862,202.65465405467603,199.85545237136066,201.48512268066406,9728900
2020-12-03,201.10169606623498,202.37667759713722,199.02146766135908,199.44326782226562,9203300
2020-12-04,201.06336495895326,203.92008257528724,199.884237747308,203.88172912597656,5720100
2020-12-07,203.2010735420006,205.62640950960196,203.03810797974683,203.85293579101562,10624500
2020-12-08,201.26466986967574,204.3131254850003,201.20715432312238,203.968017578125,8646200
2020-12-09,204.409018521991,204.66785315800067,200.30607631272844,200.91001892089844,6251100
2020-12-10,199.8842162157598,200.64154316873848,198.676345988576,199.02145385742188,10492000
2020-12-11,196.86452963536019,198.3312343935105,196.04010611013717,197.7081298828125,9227600
2020-12-14,199.25154578494778,202.5588212466009,198.40794545754935,198.67636108398438,11967700
2020-12-15,199.91294882060552,200.77572569788964,197.63141645646016,199.7404022216797,9796100
2020-12-16,199.85546394218872,200.47858310928436,198.57090141687115,199.65415954589844,7504400
2020-12-17,200.3539619384313,203.01895605142715,200.2101730799278,202.4437713623047,6517200
2020-12-18,202.29042371061445,203.21070176138912,201.18798870643835,202.56842041015625,13298200
2020-12-21,199.65414758089946,201.12085231904655,196.3181000810465,200.363525390625,7576700
2020-12-22,199.76918941810766,199.77877046583114,197.09461434787806,197.32467651367188,7396200
2020-12-23,198.75301177549193,198.75301177549193,196.62484930569386,196.80699157714844,6523100
2020-12-24,198.09156711840916,200.18139091518194,198.05322830333142,200.06634521484375,3367900
2020-12-28,201.16877700291846,204.62943645796742,200.30600008706514,203.83377075195312,5816200
2020-12-29,205.73190788181734,206.33585041081065,204.70616515019728,205.5018310546875,6093400
2020-12-30,207.06436594092384,211.2727568673062,206.72883912657235,209.3267364501953,8875100
2020-12-31,209.3650769073141,210.72634627002267,207.25609090394042,209.68142700195312,5922200
2021-01-04,211.1385537111701,211.1385537111701,205.3771845943237,208.75155639648438,10318300
2021-01-05,207.36154090856056,209.42260704714366,204.80199700959878,205.63600158691406,6869700
2021-01-06,204.9554268359525,207.22737891223332,203.2969983621404,203.82423400878906,7206200
2021-01-07,203.4215839114943,206.31665488867876,203.4215839114943,204.96498107910156,10967900
2021-01-08,205.31004732069957,207.17937528045894,203.94879273904013,206.53709411621094,6513000
2021-01-11,205.1087656146732,205.97152795986005,203.68998071573702,204.08302307128906,7353100
2021-01-12,203.55575926847715,203.98714041215098,198.88722968945507,200.2197265625,9331600
2021-01-13,200.7469839213456,202.2712041768046,199.99925267800523,200.68946838378906,6688500
2021-01-14,201.8589926209225,202.4725160458114,193.38468111598198,193.50930786132812,12887500
2021-01-15,193.20256904375316,194.85141624861757,192.13848758744592,193.25050354003906,8755000
2021-01-19,194.65009339168077,195.72375579444963,191.79337613999755,193.31759643554688,9772000
2021-01-20,194.63096814993307,198.6188790258217,193.8640599618688,197.48768615722656,12675700
2021-01-21,197.52596816070167,198.59963045908148,196.27974463433836,196.6536102294922,6513500
2021-01-22,195.55120934915954,196.8357718146806,193.45180440596513,193.66270446777344,7316200
2021-01-25,192.05217180527035,193.29839529537406,187.65205809166434,192.6656951904297,19282400
2021-01-26,193.413448860688,195.07189156758085,192.65613655791353,193.65310668945312,9605300
2021-01-27,189.4639018926334,191.4386801589043,185.93614549998517,186.90435791015625,13772400
2021-01-28,191.72627540058747,193.64353815459333,189.9719782253656,190.01991271972656,11041300
2021-01-29,189.63647633404463,194.6501146127406,184.8337235124095,185.25552368164062,21503000
2021-02-01,187.06733468617017,190.96897158622224,186.95230359660457,190.1541290283203,12970700
2021-02-02,192.54110093441648,195.8963104579011,191.72625848483486,194.22828674316406,11305100
2021-02-03,194.66924934687458,195.0910347975718,192.6656989751926,193.0299835205078,13458600
2021-02-04,194.83222862571398,201.0058018455422,194.69802083022972,200.59359741210938,14534800
2021-02-05,201.29341970327363,201.43722319154006,200.02803384634515,200.13348388671875,10284000
2021-02-08,201.3125973403287,201.93570190964596,197.3917983598849,198.3312530517578,8637100
2021-02-09,197.24799326819638,199.04064394811184,195.27321490788444,197.9765625,7619400
2021-02-10,199.36657672220088,199.36657672220088,197.42055611825248,197.89987182617188,8467600
2021-02-11,199.06160420247997,203.15170854307374,198.92718804058993,202.25880432128906,8411100
2021-02-12,201.0106380837494,202.71005386126706,199.397629553327,201.5867156982422,6911000
2021-02-16,202.25881109781002,202.63325717921086,199.08081736715556,199.60887145996094,9652700
2021-02-17,197.07416668454272,199.97373231499574,196.88214567231879,199.23443603515625,8373200
2021-02-18,197.6694065158728,201.3370553722959,196.78609833762295,201.0010223388672,7328600
2021-02-19,200.99142894014904,201.1738540040089,195.6339599369391,196.56527709960938,15011500
2021-02-22,195.43232612675078,202.24916575072623,195.00987120493187,200.01210021972656,8337700
2021-02-23,199.1288155831439,205.37920407018802,198.31272264607566,203.65098571777344,10571700
2021-02-24,203.89100836011454,211.7351841002673,202.86367330803017,210.67904663085938,12039000
2021-02-25,210.54461132246806,211.6583535252542,204.10221729565478,205.22555541992188,11404300
2021-02-26,205.51361722344086,206.62735955090483,202.33562347633088,203.91981506347656,11730000
2021-03-01,206.39695081879327,209.11409156133627,206.22412163980303,207.99075317382812,6982000
2021-03-02,208.3075838897555,209.23888655329097,206.25292824544994,207.1650390625,6155200
2021-03-03,206.5697166515267,208.5283687502758,204.37104931399494,206.2816925048828,6484600
2021-03-04,207.35701249685604,208.36514091605528,200.3481371184485,203.06527709960938,10658900
2021-03-05,205.206373049482,207.48186663047554,201.26989119105838,206.8193817138672,7582000
2021-03-08,208.32673318483833,217.11183574481385,207.20339508377816,211.48553466796875,14750400
2021-03-09,213.20420700576724,216.02696164868598,211.40878761259438,211.57200622558594,9228600
2021-03-10,211.91762237348547,215.24923892050242,210.65025733127385,214.26991271972656,7822900
2021-03-11,215.57568370978748,219.12812381212532,214.88439632605787,217.13107299804688,10053400
2021-03-12,216.2957687089003,217.50551427842186,214.50994544897944,215.41246032714844,8172400
2021-03-15,215.2876123674131,218.0335549910757,212.89692395555522,214.36590576171875,9306100
2021-03-16,214.78839767536175,216.5838169361335,213.4346252994652,215.73890686035156,8949300
2021-03-17,216.0749266959753,217.2174714051871,212.91612489400583,214.12588500976562,8675600
2021-03-18,212.59923623954887,213.6457775420438,210.82302410186026,211.85995483398438,9321800
2021-03-19,210.38142171447416,211.38955031869034,198.62956608896667,198.6487579345703,32209700
2021-03-22,198.31272440257285,203.823802033193,198.0054790704162,199.70489501953125,11371600
2021-03-23,200.71300865647868,201.58672102310882,199.2248203216141,199.84889221191406,8820700
2021-03-24,200.42499964799256,202.71968528549672,199.63769441365534,199.77212524414062,10101600
2021-03-25,199.38801712480256,200.49216335279453,197.57339183471845,199.67605590820312,8390800
2021-03-26,199.94494255426397,205.17759238253385,199.41687374951783,205.01437377929688,7399900
2021-03-29,203.97737175506785,206.7041074440219,202.7004111439832,205.95521545410156,7792300
2021-03-30,204.51508951906453,205.60962537765377,202.97890680803013,203.44935607910156,5498000
2021-03-31,204.07342265298723,205.57120687571907,203.11330305890144,203.28611755371094,13180000
2021-04-01,205.25436252993322,209.05644251080267,203.83338965437122,208.21153259277344,6138400
2021-04-05,209.88217084716058,211.71598832743982,208.64360823846891,210.3046112060547,10440500
2021-04-06,208.94125361876124,210.65026558793198,206.75218177846915,209.93017578125,7828100
2021-04-07,210.38140966600534,212.22483760658574,209.920556343426,210.5254364013672,5614300
2021-04-08,211.1975085212333,213.93385522756844,209.4116854882094,211.8983917236328,11042000
2021-04-09,212.1864271249862,213.7226243126928,210.75584367706276,213.64581298828125,5724900
2021-04-12,211.4567370973814,213.06013500401076,210.47741104443742,212.63768005371094,6315200
2021-04-13,212.18645146311295,212.7817209827531,211.43755927702892,212.20565795898438,4764000
2021-04-14,212.18643672486357,214.2026937936665,211.29353250742355,213.12734985351562,4972600
2021-04-15,214.96117414384867,218.5520266799453,214.93237172820653,217.255859375,8698100
2021-04-16,218.11042311172483,218.7153033012756,216.75665061619026,217.3807373046875,6829400
2021-04-19,216.74698679623742,218.5040073176669,216.10370846056568,216.78538513183594,6541600
2021-04-20,215.81569830418584,216.39177596643435,212.9737522844275,214.37551879882812,5799100
2021-04-21,214.40431666145915,218.78245992068196,213.98186167148796,218.37921142578125,9490600
2021-04-22,218.2351788999513,221.72040294028417,217.8415263643211,218.49441528320312,7303000
2021-04-23,219.4929337836954,222.57492402564006,218.62883203749283,220.82749938964844,5345200
2021-04-26,221.56685083225904,223.6599049687055,220.36670107963639,221.15399169921875,5650000
2021-04-27,221.81641807320693,221.9412383025705,219.857780640777,220.7410888671875,6642100
2021-04-28,221.73960894242953,226.84745202201827,221.47077663826818,224.13990783691406,10111400
2021-04-29,225.8489407152367,228.02841641844668,223.85189008920355,227.4139404296875,7411400
2021-04-30,225.93533365619083,226.52099250219274,223.0261580171867,224.24551391601562,10260200
2021-05-03,224.7160097152644,226.33861428732195,222.16208789948462,223.33343505859375,8174400
2021-05-04,222.36372112635198,223.12220921849308,221.04834721808143,222.7765655517578,5884500
2021-05-05,224.5239853383294,224.5239853383294,219.54096202575198,220.06903076171875,6523200
2021-05-06,220.4722897840238,222.34452025525604,219.540972509825,222.0948944091797,6124100
2021-05-07,223.0742035764471,223.9191135853605,221.50921845572725,222.86297607421875,4528700
2021-05-10,222.36368368944935,222.74772563215902,216.1805117201011,216.9582061767578,9627400
2021-05-11,214.81717887097545,217.39029253805185,213.18496372216592,216.48777770996094,7633300
2021-05-12,214.71150441752874,216.02686329707686,211.52390100253186,211.83114624023438,7721300
2021-05-13,212.98503911324426,216.24457218400087,212.3889049091051,215.1292266845703,6650100
2021-05-14,217.12916338071577,218.75411020200855,216.2637917192981,218.2060546875,4777200
2021-05-17,217.4752776765256,218.41757216887385,216.6483895379408,217.72528076171875,5534200
2021-05-18,219.6002567202695,220.3598465836859,216.75416785474968,216.8887939453125,6900000
2021-05-19,214.1869145435282,216.1964905279596,213.2542445233757,215.9464874267578,9311900
2021-05-20,216.76376654861915,218.8406407700845,216.57146664030773,217.72528076171875,7478600
2021-05-21,218.14833916684356,220.4848115531302,217.831037730766,218.04257202148438,5603900
2021-05-24,219.17716135570802,221.25403557162022,218.86948443754096,220.49444580078125,4040100
2021-05-25,221.0521315177802,221.33097888061317,219.62909446299443,220.2060089111328,4689100
2021-05-26,219.27333457423705,220.52330607303563,217.66760748659306,218.3310546875,4295600
2021-05-27,218.99447681566824,219.62907973174674,217.6579726162838,218.12911987304688,5969600
2021-05-28,218.83098717029776,220.60016956622584,218.40791862528437,218.55215454101562,5779700
2021-06-01,220.60981142911578,221.2251799052434,217.57142315943602,217.907958984375,5091500
2021-06-02,220.39832719967885,224.1386175483417,219.97525852533423,220.82139587402344,9081100
2021-06-03,220.18675597851072,221.52326015501203,219.00409759809915,219.3310089111328,6382400
2021-06-04,220.5233233225735,221.82135889968959,219.92717444545895,221.2829132080078,5085700
2021-06-07,223.88858071874,225.64813874175658,221.22518235545877,222.41746520996094,5421300
2021-06-08,223.21549685702212,223.88856847755437,221.30209315000025,223.11935424804688,4170600
2021-06-09,223.55205955886854,225.81162387894094,223.18667945480334,223.36936950683594,4659000
2021-06-10,224.12894981886694,225.24429506052599,223.19627993801475,224.94622802734375,4452500
2021-06-11,225.3693035432786,226.37889634633837,224.715480956332,225.91737365722656,5378300
2021-06-14,225.66737738885482,226.1673688755319,222.65784795173488,225.0712432861328,5805800
2021-06-15,225.41741290247123,225.76355863435862,223.66744984916733,224.0135955810547,7093800
2021-06-16,224.62893296910042,225.1673785503064,219.22522809430092,220.76365661621094,8905400
2021-06-17,220.3886305228113,224.35967336845894,220.3886305228113,223.21546936035156,6876700
2021-06-18,221.5809193181198,223.24433458737937,220.39826109432005,221.54246520996094,8840000
2021-06-21,222.54246144665692,225.96544969413878,221.53286858968687,225.30201721191406,7298400
2021-06-22,225.28277846239982,227.00388241321778,224.2635757647771,226.85003662109375,8858400
2021-06-23,226.38853294101187,226.84044582363916,224.9366516686298,225.64816284179688,6814700
2021-06-24,227.87886256658845,229.0807553016443,226.35005852876753,227.1481170654297,4611500
2021-06-25,227.30194799187208,229.30189926188953,227.225039767851,228.18655395507812,7825200
2021-06-28,228.84034935190073,229.19610486398344,222.93665353111246,225.08082580566406,9301700
2021-06-29,225.54239830317692,227.41734810348336,225.13854941860998,226.86927795410156,11897700
2021-06-30,226.06163610033155,227.3019831381631,224.8212890625,224.8212890625,7797100
2021-07-01,225.18660115282816,227.15770800847977,225.04237990524868,226.10003662109375,5329600
2021-07-02,226.7538938010259,229.59035773488222,226.74428394085513,229.44613647460938,4383700
2021-07-06,230.28265740593204,231.34993878494652,228.08079628120382,230.37881469726562,8048700
2021-07-07,231.01340089067912,231.76338080750136,229.1288412381924,230.76341247558594,4366100
2021-07-08,227.85002143171502,227.9461787204518,225.5231588253999,227.50387573242188,6388000
2021-07-09,229.57114530912486,230.23459251294523,228.28271968893253,229.2923126220703,5615900
2021-07-12,228.43652990521574,229.33073100823538,228.13846287087586,228.71536254882812,7010700
2021-07-13,229.08078052151248,233.14798187667432,229.08078052151248,233.0229949951172,8079200
2021-07-14,233.85950477398254,237.3113375241916,233.47490492991145,236.5229034423828,8693400
2021-07-15,235.8690333603294,239.22472301948497,235.8690333603294,238.98434448242188,10135100
2021-07-16,240.3689491911296,240.8208620558703,237.994007853975,238.57090759277344,8674500
2021-07-19,234.5998612388142,235.04214956662605,229.70574267903385,231.1576385498047,11474600
2021-07-20,231.37879526392953,234.8114082786247,230.2922794349291,233.35951232910156,7072300
2021-07-21,233.92679201190396,237.3978589905913,232.97490230808828,234.28256225585938,11241400
2021-07-22,234.3979338859852,235.9075182441175,233.79217523634705,234.74407958984375,10293600
2021-07-23,237.26323261214966,240.38815368183353,237.26323261214966,239.43626403808594,6766000
2021-07-26,239.61897389124147,240.7247094156306,238.16707797672368,240.6189422607422,4879000
2021-07-27,239.59972553842312,242.9457908421036,238.66705559189487,241.2727508544922,7038300
2021-07-28,240.4266503508686,241.82084313243274,236.44598179034162,237.43634033203125,9036500
2021-07-29,238.56129112148247,240.74393248522188,237.59016705157936,238.37860107421875,7495300
2021-07-30,237.69594996718055,238.89784280885212,236.53251124096334,236.90750122070312,5804700
2021-08-02,236.76328390668544,238.2920881056808,229.19615647235946,230.55189514160156,9989500
2021-08-03,231.36920793432205,232.09995357498602,225.02320721310787,227.96543884277344,9839000
2021-08-04,227.8788859478524,228.40772173984604,226.00393602309654,227.56158447265625,8171800
2021-08-05,227.50390510893507,231.0038166663628,227.33082490116826,230.96536254882812,5337500
2021-08-06,230.76341354416675,233.26335639284565,230.62880213979437,232.10952758789062,4509700
2021-08-09,232.44606235822042,232.8595064298987,228.88846268353032,230.76341247558594,5226900
2021-08-10,231.25379739525889,232.05185601926738,226.49430457782665,228.90771484375,7185700
2021-08-11,228.91732710892265,229.1865499401451,225.55202704709814,226.0135498046875,7375700
2021-08-12,225.1951563084928,225.4069790004146,222.43185304325598,223.1732177734375,9867000
2021-08-13,223.37540557291786,224.59819746705708,222.79770468188755,224.00123596191406,5445400
2021-08-16,223.57762617682525,226.72605372156033,221.64233829517758,226.6105194091797,7575900
2021-08-17,226.2638692458464,226.90896021645574,224.5500419647545,225.81134033203125,6850500
2021-08-18,225.2240278800264,225.63805028000243,222.86510950923216,223.0191650390625,4996500
2021-08-19,220.5254646492523,223.78944130170083,220.39066971667359,222.96142578125,5761300
2021-08-20,223.2502365295024,223.52946401737404,221.73860886168157,222.7592010498047,5522200
2021-08-23,224.0493664912868,225.9268722353491,223.3753919538725,225.4358367919922,6342000
2021-08-24,226.30238326240774,227.40964083578226,225.2529075303707,225.53213500976562,5081800
2021-08-25,226.2638625762956,226.2638625762956,223.45241549365184,223.94345092773438,5277100
2021-08-26,223.5005423088262,223.98195474497734,221.59413848375766,221.9503936767578,5889100
2021-08-27,222.43183317611337,224.38636672937113,221.67119320718444,224.0397491455078,6369000
2021-08-30,224.0397642467518,224.98332868637985,221.37273473257696,222.634033203125,6448000
2021-08-31,222.32590163988792,223.22132174677992,220.15954561045515,220.58319091796875,9405100
2021-09-01,220.58317582711885,222.2007144998271,220.26544186822093,221.56524658203125,8177600
2021-09-02,221.86377174325543,221.97932074081996,213.70865699321192,215.8461151123047,19708800
2021-09-03,215.67279505889354,218.8501204244091,215.04696469984887,216.7415313720703,11532000
2021-09-07,218.31092732454928,219.52408143298686,217.46363669491788,217.8583984375,9662600
2021-09-08,218.9271401971314,221.66155950873778,218.59976855100396,220.5735626220703,10652600
2021-09-09,220.78539966635174,221.44975127081113,218.65756463140534,219.03306579589844,5853000
2021-09-10,221.3053231109819,221.48824751263325,216.46231473360206,216.54896545410156,6715400
2021-09-13,217.14590974712448,218.7538256502613,215.10472555489807,216.2793731689453,6808100
2021-09-14,216.63561213790393,217.41549799095355,214.01672711806896,214.7388458251953,6575700
2021-09-15,214.24786067815072,216.48160743019548,213.13097995635528,215.48989868164062,6535800
2021-09-16,215.53801061385533,216.82819262096396,214.4692742487922,215.99053955078125,5928500
2021-09-17,214.18038314242827,215.38391419480374,211.1474907670586,213.50640869140625,13787400
2021-09-20,208.89451844133626,212.30291247668276,208.26867337647886,211.86964416503906,8822600
2021-09-21,212.54365459055165,213.91086455811464,210.83944993954492,211.98521423339844,7033600
2021-09-22,213.16946433822588,215.76910377700847,212.88062857084526,214.4692840576172,6005900
2021-09-23,216.63563747667172,220.19808724353476,216.01943002884428,219.8225860595703,7952700
2021-09-24,220.41953367292987,223.3272694643202,220.12106025533032,222.98065185546875,6461200
2021-09-27,223.10578982541637,224.65593852168607,220.26545927279707,221.06460571289062,6881100
2021-09-28,220.36173760470749,220.36173760470749,215.67278488462554,217.17478942871094,6951400
2021-09-29,218.36869228987047,220.50616476307948,217.68508014023206,218.25314331054688,6432700
2021-09-30,219.11973090252528,220.28474100841277,214.35374975066492,214.4692840576172,7128500
2021-10-01,215.8364621415314,222.95173776502364,215.1624876308808,221.89263916015625,7925400
2021-10-04,221.44973232784974,221.76746631547914,212.60136893332063,216.37564086914062,10283400
2021-10-05,217.09780051753367,218.92717703158806,215.59579570468694,215.94241333007812,5814000
2021-10-06,213.78566372774182,218.19540413907632,213.02503841643258,218.08949279785156,5420900
2021-10-07,220.40030695315914,222.56666352434945,219.99592215618912,221.97933959960938,6561900
2021-10-08,222.41259024019323,224.07827349069726,221.62306663415245,221.70973205566406,3735200
2021-10-11,221.4593678873663,221.7578559714245,216.5104480884088,216.7415313720703,5620200
2021-10-12,217.174807747409,217.8102757824446,214.6329502988105,215.720947265625,5448200
2021-10-13,214.83513918145752,217.46364722276135,210.5024268381566,214.19004821777344,9076000
2021-10-14,215.7883069059848,217.26142779365958,214.76771488618834,216.80889892578125,5590500
2021-10-15,218.77311471401563,222.49924305292348,218.30132513831558,222.40296936035156,6355100
2021-10-18,221.62301740882918,224.10710729028136,219.65886117478445,222.07554626464844,5580200
2021-10-19,223.3272402496832,224.9544167369444,222.10444847125822,224.83888244628906,4409700
2021-10-20,224.78111136360798,225.10846830909236,222.7110289791908,222.8169403076172,5401800
2021-10-21,222.12373846843292,222.24891042756366,217.88731407981595,221.68084716796875,5982200
2021-10-22,221.7289753013913,224.16493620511116,220.20772464408142,222.634033203125,3788000
2021-10-25,224.77150919734737,226.12909606926488,223.65462859244172,225.18553161621094,4938700
2021-10-26,226.77414424365685,228.1509914703564,222.73028266041928,223.2020721435547,7814500
2021-10-27,216.39493438324666,216.39493438324666,207.64285802693166,207.75839233398438,22958100
2021-10-28,211.0993549591138,211.81185065933334,201.2400228980661,202.03916931152344,23199400
2021-10-29,201.43261613434623,205.72680722417266,200.78751048326586,203.89744567871094,14329800
2021-11-01,205.55350663223305,207.24807327809498,203.58933548052153,204.56179809570312,13210300
2021-11-02,205.23576416245297,205.41870324851416,200.0942825983555,201.36520385742188,14688700
2021-11-03,201.8947952256068,202.33768653919947,199.0448264984157,200.36390686035156,11486700
2021-11-04,201.38449394833614,204.46553121537994,200.1424413882884,201.01861572265625,11368200
2021-11-05,204.07074521209054,209.53959856763652,203.50268201756668,208.6152801513672,14273600
2021-11-08,210.25204486150048,213.37160247258467,210.04022223220548,212.29324340820312,13500100
2021-11-09,211.52301444519827,212.2162495806841,205.0046854561504,205.45721435546875,11535000
2021-11-10,205.97321615879866,209.25257774986096,205.76102061518117,207.91189575195312,10063600
2021-11-11,208.7896489649153,209.08864781498127,202.70353002095578,202.9542999267578,13546900
2021-11-12,203.99596971983945,206.0021729848278,203.92844625888674,204.56503295898438,7660500
2021-11-15,206.04073674250768,208.72210089250393,204.29495807478412,204.767578125,9596900
2021-11-16,204.63255525733268,207.9987204494331,204.15029528437557,207.54539489746094,8719600
2021-11-17,198.64287649407618,199.9546241866087,192.38315157211514,197.78445434570312,38379600
2021-11-18,199.1733867224597,200.4947744574886,194.12895107307497,196.11585998535156,18292200
2021-11-19,194.8716011903824,196.27980677113132,192.75931489536836,193.7334747314453,18032600
2021-11-22,192.90399999812757,194.5436810546302,187.695597885141,188.6408233642578,21185800
2021-11-23,189.9815114930456,191.86232260812892,187.48340814743727,191.4475860595703,14742700
2021-11-24,191.1389030109596,196.71382674455947,190.62770865153095,196.03866577148438,12026800
2021-11-26,186.46098631965756,192.12271318586195,185.71830190690238,190.63734436035156,10987600
2021-11-29,193.86853381680947,194.10966383399457,188.42864121781025,189.3256378173828,14633500
2021-11-30,188.34183009162078,190.64703237110743,185.72797433864937,186.89505004882812,16023000
2021-12-01,189.07485955807525,189.82718400111656,183.35526286708057,183.4131317138672,13204900
2021-12-02,185.18781516126074,192.36384535354443,185.0431430676281,191.254638671875,13976300
2021-12-03,191.23536407811915,191.42826511401688,187.15543431772392,189.35455322265625,10660500
2021-12-06,191.7176149104668,196.9742451551092,190.72416064129644,195.48887634277344,10722100
2021-12-07,198.69110932878104,200.56228038307012,198.585011545783,200.0124969482422,11897200
2021-12-08,200.29224450348948,202.04766340619062,198.41143328009238,201.57505798339844,11749200
2021-12-09,201.1217096953234,204.6711361458059,199.81960183960223,203.88987731933594,10176800
2021-12-10,204.38174201238058,206.64836945462056,203.37864788485155,205.82852172851562,8882700
2021-12-13,204.91226123024646,205.7514035978435,202.52989576709678,203.5330047607422,8844300
2021-12-14,203.25325129293415,205.7995829506787,201.0541473484004,202.5298614501953,9832300
2021-12-15,201.9704651827872,204.9508429181854,200.48511098295674,204.7772216796875,10892500
2021-12-16,207.65150151938568,208.59674170315057,204.10207503168675,206.76414489746094,8548400
2021-12-17,205.24984436384776,205.64530106793478,200.41759008795952,204.36248779296875,11578400
2021-12-20,201.6714659628549,202.327347159627,199.52059066829062,201.33389282226562,9434400
2021-12-21,203.1375176384691,208.49060552391018,202.89638768612855,207.73828125,6993700
2021-12-22,206.262583543422,211.1719862318263,206.262583543422,210.2267608642578,6003400
2021-12-23,210.68974432049922,210.76690768408508,208.93431091308594,208.93431091308594,4798200
2021-12-27,209.95669200594074,210.38108313135663,207.25604796676012,209.90847778320312,4818400
2021-12-28,208.34596950041404,211.93398524310965,207.93123294566226,210.3135986328125,4279800
2021-12-29,210.0338797970427,211.17202110371562,209.61914324185872,210.42933654785156,3223100
2021-12-30,210.23639622798936,211.37452260474927,209.44548287404692,210.1399383544922,3812800
2021-12-31,209.11760712302683,210.24609390953697,207.8444482039164,209.0211639404297,4723300
2022-01-03,209.80236222301983,214.18127587325233,209.3104476796066,213.57362365722656,7694500
2022-01-04,214.123407287632,218.7434509061529,213.94014616084428,214.5670928955078,10629300
2022-01-05,214.74071370573736,217.27740579670487,212.117218354428,212.1943817138672,9594600
2022-01-06,210.07243621726525,214.0366135771059,209.83130624335135,211.9532470703125,7877500
2022-01-07,209.59984123981857,212.38730348296806,207.98909458750524,209.26226806640625,10702100
2022-01-10,206.38795944231612,206.60015499293922,199.17335487334637,204.44927978515625,11978600
2022-01-11,203.9188330640358,207.32358776097072,201.33392632012044,206.77381896972656,8803100
2022-01-12,206.87025511442076,209.86027314064825,206.22402845041063,208.05662536621094,6923300
2022-01-13,209.1561635038664,212.65736102265805,207.0438623933468,207.37179565429688,8867700
2022-01-14,206.57125255940855,210.5064960383799,206.1275815884299,207.0535125732422,8838100
2022-01-18,208.22059200775908,209.21404647663815,206.72558299464532,208.05662536621094,9099300
2022-01-19,205.44273923845932,210.48717420780704,204.58431711390566,207.06312561035156,9399800
2022-01-20,207.10171017595604,211.8085719082204,206.3493858456227,206.74484252929688,8532700
2022-01-21,207.81548531549026,207.95051752655996,198.51751312030106,198.62359619140625,16200200
2022-01-24,195.0066484027055,195.52749744944035,188.70833391979585,194.68836975097656,16054000
2022-01-25,192.53746096117624,198.09310509759638,190.00078358942076,194.83302307128906,12125500
2022-01-26,197.03216668100168,203.37871076404903,196.4438088258396,198.5657501220703,10817600
2022-01-27,202.06693268205478,203.47513830671517,198.54644069651388,198.83578491210938,12009800
2022-01-28,212.811641117804,220.02624486479093,208.43272784478725,219.91050720214844,26425300
2022-01-31,217.54744919617204,218.34800241599473,214.17162981295584,218.14544677734375,12380600
2022-02-01,218.84960429353035,226.2860607228773,218.38663876748262,224.1158905029297,12247200
2022-02-02,223.09345867163597,227.4820272163411,221.84921974294824,227.06727600097656,10590500
2022-02-03,224.77173115145217,225.20577691925095,222.37008580449455,223.324951171875,9968000
2022-02-04,220.39281043057392,222.051785935934,216.9687616357642,220.28671264648438,10848100
2022-02-07,219.91050434206448,221.76238050727767,217.9911047295856,219.10031127929688,5984500
2022-02-08,218.2322752473603,220.39280520054658,216.775855443426,219.85267639160156,7542000
2022-02-09,221.96499082021873,224.87783060414083,221.9553362011429,222.67872619628906,7772800
2022-02-10,220.29727725913472,222.15216640190297,217.24443242898863,217.9400177001953,6794600
2022-02-11,219.54378861215852,221.33105967451908,215.9595909015361,217.0706024169922,7535200
2022-02-14,215.71804633884847,219.55342155960676,215.25432766040757,217.6985321044922,8280800
2022-02-15,219.5630694441947,221.51455877295646,217.28309862465022,220.09442138671875,9461700
2022-02-16,219.7852868321496,222.0845837808567,217.94972330020167,221.06053161621094,9561300
2022-02-17,220.65475755146915,221.05085764374394,216.56820454513718,216.9932861328125,8131200
2022-02-18,216.98363104875816,218.08497210057132,214.3172155349521,215.13839721679688,8121200
2022-02-22,213.52505064716559,216.7324592989416,212.46234657321298,213.81488037109375,9928800
2022-02-23,215.28332265626923,216.6744935201792,208.11494226600996,208.62696838378906,8669900
2022-02-24,196.4735385673455,210.47217514823225,194.61864923581882,209.93116760253906,13463400
2022-02-25,209.92149876997053,213.19654030291028,206.984594326169,211.83436584472656,8463600
2022-02-28,208.67524223998916,211.23537241722698,206.00884167380846,208.79116821289062,8409400
2022-03-01,207.2067820050548,207.85405992048706,200.25094356879023,201.88363647460938,9317800
2022-03-02,199.88384042648892,203.40040436373593,199.19792538106844,201.41026306152344,8865700
2022-03-03,203.4100905594779,204.32787238076654,199.55538922044346,200.20266723632812,8610000
2022-03-04,198.0482877572002,199.37182525571097,190.18432218908055,193.4980010986328,10912300
2022-03-07,193.06325441602982,193.39172119287917,183.60524801506836,184.2332000732422,13412400
2022-03-08,183.56657541756573,189.7592097772554,180.3398415226193,185.2089385986328,11070900
2022-03-09,189.83653162429187,193.70088850214006,188.6192645146563,192.98597717285156,8457600
2022-03-10,190.22299116484862,193.15991110648028,189.64334638733067,191.2567138671875,7061600
2022-03-11,193.94240734286632,194.02935183314054,189.79789115159693,190.03941345214844,5432100
2022-03-14,191.6914328108368,197.49762406591236,191.44025490539255,193.5366668701172,7994700
2022-03-15,195.23694850673814,199.4104606191192,194.57034464923143,199.1496124267578,8277700
2022-03-16,202.87875099603085,206.42429692304677,199.98048312465897,204.68533325195312,9232300
2022-03-17,202.81107793451656,206.29866017942427,201.64211837724667,206.2117156982422,6668500
2022-03-18,204.52108491264607,211.82471705676258,203.1588955746088,211.6798095703125,14620800
2022-03-21,209.0037027674982,210.66537712257264,207.27440984402784,209.67996215820312,6101500
2022-03-22,210.45286726699132,212.12421219261012,209.81524485865182,211.06150817871094,6259900
2022-03-23,207.99900974805547,209.9215178404441,206.93630572109333,207.4000244140625,6008000
2022-03-24,207.69952239650573,210.2789787913153,206.74308878170388,209.9408416748047,5487000
2022-03-25,211.01318682277528,211.50588697409714,208.37576761524008,211.02284240722656,5051400
2022-03-28,211.09048177671272,213.48637876952924,210.13404819999147,213.28350830078125,4316800
2022-03-29,217.2154606310782,221.05083537714887,216.19140858647782,220.3842315673828,8032500
2022-03-30,218.18155967206198,218.49071526113696,215.17702196948267,216.35565185546875,7084000
2022-03-31,216.3170335433894,218.2588675036683,212.96470288295512,214.24960327148438,10759500
2022-04-01,215.51515837209237,218.9447776281493,214.69397673988516,218.68392944335938,6559600
2022-04-04,218.10426859982832,221.46626926141798,217.33140911754765,220.0171356201172,8521200
2022-04-05,219.13797637440584,221.22473221646814,217.66951692169363,218.42306518554688,4658000
2022-04-06,215.2253202958166,215.31226477357086,211.2063862554396,211.58316040039062,7430000
2022-04-07,210.9069467969651,211.2643951106863,206.43394874644324,208.8201904296875,6995100
2022-04-08,207.5256128006233,211.9696288909745,205.85428265965967,209.6220245361328,5438600
2022-04-11,207.95068066278353,209.9311662840324,206.17308024057036,207.46763610839844,6942700
2022-04-12,209.15832329433945,209.6317123352411,203.55500267813753,204.23126220703125,7446600
2022-04-13,203.29413734554282,206.59817528547975,200.14469195236862,206.037841796875,8052900
2022-04-14,207.0039038214195,208.62692634134208,205.32290357605774,205.57408142089844,8191600
2022-04-18,204.49210456526419,208.51103928073093,204.34719707799925,205.9412384033203,4744400
2022-04-19,205.87358379258816,209.16793627112213,205.23596147751098,208.38540649414062,5028800
2022-04-20,211.24507920586876,213.33183552639073,210.01814172926296,210.40457153320312,7178300
2022-04-21,212.06623115027722,216.32668798315885,208.04731135437916,209.11000061035156,8850300
2022-04-22,208.90715711171882,209.21629802454282,200.89826849926348,201.11080932617188,6201100
2022-04-25,199.35248673075185,203.3907319926168,198.36707174564603,202.8303985595703,6839400
2022-04-26,199.96115839179822,201.4875812486947,194.2805633544922,194.2805633544922,8155300
2022-04-27,209.9988263024577,214.2786095644889,205.82532819437208,206.84938049316406,15955800
2022-04-28,212.9260382268485,217.30242080379708,211.83436753472608,213.17723083496094,10799100
2022-04-29,211.20642360934514,213.69893560190343,205.14905472623968,205.90260314941406,7965000
2022-05-02,204.58869347383697,204.94614172472194,199.94180724693325,204.35682678222656,8803700
2022-05-03,206.3663175652473,206.3663175652473,199.2752262733376,201.48756408691406,6616900
2022-05-04,202.25077364080383,207.51595666915767,198.36709104973414,207.24545288085938,7191100
2022-05-05,205.07177299915912,207.30343684911367,196.18375468385707,198.28016662597656,7749600
2022-05-06,196.84062484295077,198.7438212661389,193.4303320065746,195.94216918945312,8825300
2022-05-09,193.26614725704238,193.94240674824295,185.5664151597592,186.45521545410156,10314100
2022-05-10,190.03939710732794,191.04412330501364,184.49404025672118,187.01553344726562,11016500
2022-05-11,186.92859320881973,191.5948055290575,184.90945570059708,190.04905700683594,9427300
2022-05-12,188.29223915431712,189.77317730198055,183.85909873632653,187.7501983642578,9308600
2022-05-13,190.68303313454194,194.1095136273121,190.199066045368,192.84152221679688,6684500
2022-05-16,190.99282364540807,193.52880705709833,189.5989957408279,191.46710205078125,5161300
2022-05-17,196.34548433591365,198.2329533215482,193.7320498347981,197.45860290527344,7265600
2022-05-18,196.31645017180753,198.87179624179868,192.74477008965385,193.5771942138672,8748200
2022-05-19,190.05391632339322,193.99340146418945,187.1113876161907,191.04119873046875,9012400
2022-05-20,193.26744184496525,195.1936364382853,187.7986189029764,192.64796447753906,6966600
2022-05-23,194.43868468953212,201.29166263740123,194.33221130506422,200.90447998046875,12187400
2022-05-24,197.37149260154771,198.10711737467923,192.64796834905653,196.13253784179688,7458500
2022-05-25,194.15792467343462,198.3781185292379,194.04177729146437,197.3037109375,5457200
2022-05-26,198.5330050576434,203.01454559726125,198.1071116021067,201.86270141601562,9212300
2022-05-27,203.26620794730013,206.39263167693272,202.9177510000388,206.05386352539062,4897200
2022-05-31,203.63402699039526,207.47672742278132,202.40474626839753,205.3666229248047,9586400
2022-06-01,205.2504558985645,207.24439804412577,202.12403247915057,203.19842529296875,5246100
2022-06-02,205.09560557409685,208.3478655292359,204.311581126167,208.15428161621094,5337200
2022-06-03,206.12163633807344,207.34124318669765,204.4955135659178,205.8312530517578,4352500
2022-06-06,208.54144832646415,210.60315317443806,205.28918838872625,206.1119384765625,3965100
2022-06-07,204.35029490088874,208.0768480499021,203.96312706934458,207.62191772460938,4493300
2022-06-08,206.90566460027816,208.65763837712834,206.00549264293954,206.6540069580078,3646300
2022-06-09,205.77314065128226,206.8572370650214,199.41382024747213,199.5009307861328,5138600
2022-06-10,195.18397371313569,196.8972218055978,192.79317446728686,193.1125946044922,5162500
2022-06-13,186.80166500125458,189.60866885087074,184.9529067542729,186.09506225585938,7119200
2022-06-14,186.54027069724904,188.1083192950814,185.6013733895461,187.3146209716797,6441200
2022-06-15,189.695774508488,192.45439338258947,186.06602060546314,189.87001037597656,6490000
2022-06-16,185.2723169836912,185.71755851257947,181.51672698947291,182.9879913330078,9887200
2022-06-17,180.93596615455306,185.17552345560043,179.9486837232321,183.91720581054688,15089300
2022-06-21,189.4344493055189,190.4217317666815,187.51792854548273,188.15676879882812,6241600
2022-06-22,185.11742809585246,190.09260962487716,184.90448137609033,187.6050262451172,5138500
2022-06-23,189.8506275903813,191.128307919262,187.24688203460565,190.3345947265625,4752800
2022-06-24,191.38963859532663,199.04600219665338,191.17669187489622,198.920166015625,7754800
2022-06-27,199.15249344327816,200.44952193365862,196.11318016085357,197.03271484375,6121200
2022-06-28,197.4585939362871,200.1591240900688,191.16702109027793,191.7671356201172,4354200
2022-06-29,190.9927852689417,194.20631916368413,190.9927852689417,193.10287475585938,4324600
2022-06-30,189.10530444887965,192.47372617945445,186.66612084060648,190.57656860351562,7045200
2022-07-01,190.47978940840306,193.3932811805169,188.46649900861433,192.79315185546875,4131800
2022-07-05,189.93776320398695,194.13860972541923,187.91478385237625,194.10955810546875,4110200
2022-07-06,193.58686251005267,196.01637231753185,192.29950810202016,194.6709442138672,4111200
2022-07-07,196.04543147944372,196.90689252488565,193.6255954226398,196.29710388183594,4650700
2022-07-08,195.83250139345873,197.55542350105043,194.03214275895752,197.04241943359375,3621800
2022-07-11,195.52271227546007,200.11072579142055,195.52271227546007,198.48458862304688,5353600
2022-07-12,196.73264018537023,201.44647534942513,196.25834707651168,198.25230407714844,6779500
2022-07-13,194.00305836370677,198.9782546829731,193.10288658328236,197.60377502441406,7597300
2022-07-14,193.58684763694413,199.47188957744777,191.63161634034978,199.30734252929688,5605500
2022-07-15,202.65640216517508,204.92137967994486,200.53662365889994,203.30491638183594,7245700
2022-07-18,204.71812107249673,206.08291209099494,200.01395940175271,200.56568908691406,4648900
2022-07-19,201.5432731440823,207.24440535447036,201.23352709098933,206.808837890625,4927100
2022-07-20,205.2020567792591,207.26376141559396,204.4373952360692,206.5281219482422,4460300
2022-07-21,206.31520741668652,209.94496134568877,205.90867674897905,209.2577362060547,4801300
2022-07-22,210.94193836485624,211.07746336065074,205.3182418196627,206.8475799560547,5071500
2022-07-25,207.69934926987298,207.91229600297345,204.83425716875206,207.3992919921875,4357200
2022-07-26,206.9927369430173,208.25103960179234,204.96006919198936,205.6763458251953,6141000
2022-07-27,204.01149833027742,209.89654012114278,194.7483608170203,203.7211151123047,17432200
2022-07-28,203.88568189617345,205.89898702767127,201.25289939879212,204.5729217529297,7477100
2022-07-29,205.2020746082917,207.29281627162354,203.10165891883995,205.3085479736328,6059700
2022-08-01,201.7659184943784,207.12828322883513,200.90445748722647,204.58261108398438,8028400
2022-08-02,201.1367605906013,202.14340581455076,197.39084461829952,199.64613342285156,9939400
2022-08-03,201.32067400594696,203.58563687663195,200.2462662694159,201.79495239257812,9520100
2022-08-04,203.77922477031785,207.98974525034615,201.8627188246287,206.6249542236328,6789700
2022-08-05,203.95345278173468,209.02541930819683,203.75018007025534,208.94798278808594,5553700
2022-08-08,208.32851026711216,209.68362724647432,205.25048606065127,206.47976684570312,4063400
2022-08-09,205.20207910259217,206.60558093500592,203.0242268479656,203.5178680419922,4596800
2022-08-10,207.94136135342856,207.95103538098434,204.5342279263152,205.2989044189453,5746400
2022-08-11,206.81636196826258,207.01999470265278,204.19831347213952,204.67344665527344,6639600
2022-08-12,206.53514384367108,206.74846771110631,203.72316893026183,204.91583251953125,6443700
2022-08-15,203.98500153437894,210.16167409452117,203.98500153437894,209.85137939453125,5290600
2022-08-16,208.0381131517073,211.00523554408082,205.6915652806429,210.54949951171875,6564400
2022-08-17,208.47449099968327,209.61866947627328,206.2927812101517,208.00906372070312,4902500
2022-08-18,207.37878361120215,209.44414028473432,205.9824869753306,208.71690368652344,4516400
2022-08-19,207.61148178054086,208.6974835796321,205.9436848486994,206.3606414794922,4178800
2022-08-22,203.56806174206994,204.83829924225384,201.88086758400175,202.27842712402344,5139500
2022-08-23,201.68690603338266,202.94745215522394,200.26152142728213,200.52333068847656,3525500
2022-08-24,200.358528909129,202.02632596743825,199.4373507464781,200.39730834960938,4230800
2022-08-25,201.09543671623865,203.53895550301104,200.23244999332402,203.45169067382812,4495000
2022-08-26,203.40324452327815,203.87836299315788,196.5478200142449,196.7320556640625,5060200
2022-08-29,195.14180349337502,197.76955801572632,194.53092006956552,196.18902587890625,4476200
2022-08-30,197.73075388083458,198.2058870528583,194.13336562126676,195.26785278320312,3918200
2022-08-31,194.8993984254675,197.00353443398393,192.6110267874513,192.6789093017578,6559000
2022-09-01,192.68857800597016,194.3466688868947,190.6911041843977,194.0557861328125,5608300
2022-09-02,196.29571578168543,196.33449522563538,190.87538225506026,191.75775146484375,4508100
2022-09-06,191.89344715938353,193.96849451897776,190.43897429623811,192.61099243164062,4547800
2022-09-07,192.6789144963661,195.03515391654713,191.23413249588097,194.33700561523438,4098300
2022-09-08,191.40862998891558,195.00603284761772,190.98199702821952,194.61817932128906,4377600
2022-09-09,195.93691822549474,200.135484040194,195.2387699838469,198.97190856933594,4885600
2022-09-12,200.23244618993297,200.90150612562206,198.72948782356335,200.35850524902344,3812300
2022-09-13,195.91749425660956,197.29439343456937,192.8340041460078,193.60972595214844,5217900
2022-09-14,193.92970933082472,194.7830047864924,192.0485887830097,193.3576202392578,4632800
2022-09-15,192.07770748925918,194.23032878755362,188.62576048353725,189.4402618408203,6099300
2022-09-16,184.44657054140023,187.93731165937103,182.50727320823077,187.43309020996094,9398200
2022-09-19,185.77501257138462,188.10217860048164,184.92173167681574,187.26828002929688,8133600
2022-09-20,185.29984195401477,187.1712565347184,184.51441420808126,186.2404022216797,5292500
2022-09-21,186.68651036532077,187.2295114077028,181.3243528782953,181.34375,6705900
2022-09-22,180.6940625174612,181.52796108983688,179.05535365349425,180.1510467529297,6604700
2022-09-23,177.90146892797955,178.97777970237667,176.6990990732626,178.37660217285156,10755800
2022-09-26,177.4845080366644,178.90020178035826,174.4398114274595,175.10887145996094,9914600
2022-09-27,176.97058994478533,179.2395792889636,171.647227719096,172.47142028808594,9799600
2022-09-28,171.87991454916062,174.63372796269485,169.5236754291585,173.74163818359375,9751000
2022-09-29,173.40229159807257,176.70879746013816,173.3053208026476,174.59495544433594,9105200
2022-09-30,174.594944096803,177.36813999512384,172.209616559307,172.25808715820312,9472300
2022-10-03,173.8967869388456,177.79477869046966,172.7429026674305,176.1366729736328,8842300
2022-10-04,179.43352412804308,180.55832035425823,177.51362353203263,180.0153045654297,7081400
2022-10-05,177.77541770162975,183.08910408519745,176.82516596557107,181.9739990234375,6119900
2022-10-06,180.98491750331405,182.34243451245774,179.62741528983477,179.95709228515625,5163000
2022-10-07,177.8820323381987,179.00682826280146,176.40816232650076,178.25050354003906,5610300
2022-10-10,178.5414620135206,179.17172789904015,175.40948532028267,176.650634765625,4743800
2022-10-11,174.89552934557844,176.12698732371328,172.78170230493052,173.70286560058594,6294500
2022-10-12,173.6543774318164,175.10885044244884,172.81078782026225,172.83018493652344,4884300
2022-10-13,169.6885185919078,179.74377064471275,169.30066503910643,179.05532836914062,8426400
2022-10-14,181.1206732739081,181.45036507499523,176.54394504438395,177.07723999023438,6449400
2022-10-17,180.35466269056806,182.84666701353453,177.30027512778426,179.62742614746094,13952100
2022-10-18,183.73874315627725,184.4174943080782,180.10256041913075,181.48915100097656,5209200
2022-10-19,179.86013752152581,181.94487624835912,179.15228333798578,180.75221252441406,4927000
2022-10-20,180.8007308926147,185.18353303716532,180.77162781513115,181.53765869140625,5706700
2022-10-21,180.16076849717726,185.1544544116384,179.4335318225081,184.59205627441406,7582500
2022-10-24,185.60045827341898,187.26825519461266,183.36057217926103,184.9217071533203,7299200
2022-10-25,185.0768547911163,189.30452399263635,184.931413394829,188.48033142089844,11907200
2022-10-26,190.61356203523886,200.10641723510105,190.53598835610245,197.15869140625,15450000
2022-10-27,197.14897770314857,200.05792375766208,195.47147482550048,198.0895233154297,7946700
2022-10-28,198.77799503852452,205.10010907229233,197.13928627309554,202.98626708984375,8455600
2022-10-31,202.57901297934757,203.25776413819443,199.94156722297208,200.8724365234375,8674100
2022-11-01,202.56931388655713,203.59713914337465,199.097969757904,200.64939880371094,5919500
2022-11-02,199.51491432515743,200.71728405851752,194.4921410820375,194.8509063720703,6985600
2022-11-03,192.2619550095582,192.81466190485148,188.28638917404265,188.83909606933594,8236200
2022-11-04,191.02081618643206,195.33575044572322,189.41119560567776,191.0014190673828,9680100
2022-11-07,192.30075969496087,194.35641044389558,191.18565468261735,194.0267333984375,7821300
2022-11-08,195.5393323321147,197.92465950623628,193.67760887076088,195.6556854248047,6943700
2022-11-09,195.04346218397376,195.655710990177,187.8811832313441,188.46426391601562,7320200
2022-11-10,197.36614555918538,199.96089299508606,194.38267758057034,199.77626037597656,8048900
2022-11-11,200.19410608803352,200.61197987129776,196.4526083680006,199.2222900390625,9601000
2022-11-14,197.76455904674097,203.27475407218225,197.48273892704285,201.0298614501953,5796100
2022-11-15,204.0716552734375,207.70623776722312,201.6615408211439,204.0716552734375,7316100
2022-11-16,202.70136154130813,204.94625389039976,202.35150722529815,204.21739196777344,6125300
2022-11-17,202.0988558258264,205.32527713815762,201.4768941976219,205.04345703125,5385600
2022-11-18,207.16200953956192,208.13382551422538,203.82868786425902,204.8588104248047,8028500
2022-11-21,204.3729046456633,204.61585864195422,200.08719259219518,200.5050811767578,10450900
2022-11-22,201.69067898477408,204.54782029636021,199.56241447615454,204.4020538330078,5273100
2022-11-23,204.08138131500596,206.83162266169947,204.00363424743753,205.7626190185547,3807300
2022-11-25,205.74319245198487,207.96864478981107,205.4322041831036,207.76455688476562,1993500
2022-11-28,206.27766318854205,208.42538311865272,204.7130388022696,205.30584716796875,10229400
2022-11-29,203.44969689831458,204.22713787876228,201.50606478972304,203.16786193847656,8986900
2022-11-30,202.35153540339502,210.8840789794922,202.1474475119969,210.8840789794922,13918100
2022-12-01,210.8840789794922,212.48756950106772,209.23199469056132,210.8840789794922,11261500
2022-12-02,209.64988463882187,212.3223789334257,208.20188812959182,211.52549743652344,5132800
2022-12-05,209.5721172818035,210.79661494863177,207.04540454512608,207.6576385498047,9006300
2022-12-06,206.0250027240018,206.1513435557734,201.78788415030212,203.1873016357422,5986000
2022-12-07,202.9152130584442,203.12901379560716,199.34864960302588,201.95310974121094,7923800
2022-12-08,203.60515935367965,204.3729022771531,201.89476857795825,203.20672607421875,4896500
2022-12-09,202.05026506032766,204.58670537508132,201.67125741921438,202.8179931640625,4928400
2022-12-12,204.08136029984277,208.76552054451787,203.56629900538488,208.5419921875,5941700
2022-12-13,213.352479077309,213.7800804918346,206.62751410643608,207.03567504882812,14585000
2022-12-14,206.85104557773528,210.18436740514588,205.66542884824446,207.30780029296875,7001700
2022-12-15,203.69267996616097,205.85011310072798,200.99103213616056,202.05030822753906,10831800
2022-12-16,201.64210125166042,202.5264425158289,199.51382190161735,201.0590057373047,12472900
2022-12-19,200.8063325019162,201.62265433292288,198.20185807080776,199.04734802246094,4893600
2022-12-20,198.13385996041941,200.7091665476632,197.81315888618482,199.5721435546875,5024900
2022-12-21,200.74805110126633,202.09887483467458,199.78594786127223,200.9812774658203,4086900
2022-12-22,199.95114930918,200.82577780965778,196.43318000577656,199.2805938720703,5690300
2022-12-23,198.37681582066108,200.42734828746572,197.78400743465397,200.02890014648438,3246000
2022-12-27,200.1163239833195,201.04927375161148,198.83353473424316,200.47589111328125,2904900
2022-12-28,200.85492679912434,202.65279235780213,199.02792277504017,199.2125701904297,3139200
2022-12-29,200.14549735987552,202.65278435826087,199.70818313627302,202.19602966308594,3675500
2022-12-30,200.49538009855186,202.17661782365678,199.90257167588658,201.90451049804688,4159400
2023-01-03,203.3816381443099,206.34567971842048,200.34957716553942,201.54490661621094,4202800
2023-01-04,203.71209279679763,207.191196327989,203.71209279679763,206.61782836914062,6606200
2023-01-05,207.77426741456122,208.12412177385457,204.5284054764557,205.1600799560547,5246000
2023-01-06,207.96863535761696,211.99195322418964,207.08427919042387,211.61294555664062,6829700
2023-01-09,212.89575009306168,215.94725190983758,212.19604134779902,212.43899536132812,6294500
2023-01-10,212.81799047004898,216.122158927558,212.03080705653116,214.85879516601562,10857000
2023-01-11,215.05317904874477,215.91809478783043,213.50799500286197,215.84036254882812,5408200
2023-01-12,215.84033997765945,217.50213703700277,214.39232879632155,217.31748962402344,4264400
2023-01-13,215.6556872102523,217.45353787208933,213.93556877735884,216.7732696533203,4283200
2023-01-17,216.11242943520202,218.07548692055056,216.10270178559415,216.71495056152344,6101100
2023-01-18,217.76453501215954,218.64889114710826,213.2553092834606,213.27474975585938,6558000
2023-01-19,211.9530749480738,215.27668387947702,211.36997941818467,214.19796752929688,4853100
2023-01-20,214.90741236080137,218.10468081408288,214.19799075786725,217.98806762695312,5211000
2023-01-23,218.269870087564,219.82476672304674,216.86072508554548,217.8616943359375,5501500
2023-01-24,215.7626037497386,223.51769168304327,210.52451582909845,217.57989501953125,5274900
2023-01-25,215.37387630789277,218.62946612860253,214.9365620347903,218.56143188476562,4729600
2023-01-26,219.63040607825502,220.67996909028955,217.36607312109743,218.37677001953125,7043400
2023-01-27,221.57403453085553,226.27762012603532,220.8451725751619,224.91708374023438,11382600
2023-01-30,223.7120551804278,223.9258559010106,221.50602856099752,222.64306640625,5677400
2023-01-31,222.36123508857992,224.29515442783304,222.0113807063215,223.72178649902344,11294200
2023-02-01,222.90541104855754,226.102693703965,221.3796677772601,224.3922882080078,5792700
2023-02-02,227.36607181492596,227.69648568720882,221.933609250111,223.09007263183594,7190000
2023-02-03,222.24461025428295,224.35344925975423,221.2242004571231,223.64402770996094,5243600
2023-02-06,222.25431578891656,223.7703463732812,221.61291367130525,222.9734649658203,3402400
2023-02-07,221.59348042493295,225.58764463303527,221.52544618961062,224.80047607421875,4042600
2023-02-08,223.84807450909983,225.32523885331065,223.5079478357759,223.71202087402344,4978600
2023-02-09,226.30215006061715,226.37030269881834,223.10835132452556,223.32257080078125,5238400
2023-02-10,222.94280537412823,223.86783585337108,220.21638802127097,221.2290496826172,4509700
2023-02-13,220.91747502758506,223.78994445247494,220.32350556485625,222.8649139404297,4946700
2023-02-14,222.66040159349026,225.33812980132325,221.19982257103592,223.36148071289062,4829400
2023-02-15,221.60882089080155,223.0499364708496,220.8395890112438,222.90386962890625,4407300
2023-02-16,220.12879387456863,222.35860518843447,219.73929712561312,219.8950958251953,3865900
2023-02-17,218.28842421886637,218.86292999956882,215.9125611864412,217.68472290039062,4520200
2023-02-21,214.37408831792268,216.59416758548977,214.20855778614046,214.82199096679688,7276100
2023-02-22,214.61749716521356,215.92227759927005,213.68272000097997,214.2377471923828,4621800
2023-02-23,215.737295780025,216.2533659401268,213.1764086724316,215.318603515625,5533800
2023-02-24,212.73823384481838,214.45198968704946,211.74505064474053,213.78012084960938,4414400
2023-02-27,214.9290700257188,215.6204173082687,213.57560071055502,214.55906677246094,4255300
2023-02-28,214.21828712497887,215.9417747770265,213.73142738151302,214.1598663330078,5385400
2023-03-01,213.69245035379382,214.48116063257442,210.7420671195074,212.62135314941406,4792700
2023-03-02,212.16371337450929,213.82878003808116,211.38473490533983,213.30296325683594,5539300
2023-03-03,214.41303537262013,218.13265107145185,214.12091654500924,217.88922119140625,6055400
2023-03-06,218.04496733309514,221.44325321993063,217.81128419762376,220.79086303710938,5737600
2023-03-07,220.79087948045319,221.4043274723083,217.21733097587506,217.30496215820312,4386800
2023-03-08,216.12678720011044,217.071281447887,215.3672723193967,216.35073852539062,4194900
2023-03-09,215.5814815339793,218.47342950583092,213.88721919015734,214.22801208496094,5066700
2023-03-10,213.27378081528283,213.3614120043822,209.8170736200411,210.45973205566406,6638900
2023-03-13,208.9894168468042,212.1247947625256,206.915389598923,208.8336181640625,6810800
2023-03-14,212.2708547364143,214.09170547897534,210.36235794539732,212.91351318359375,7985600
2023-03-15,208.77520338640363,211.2095021576892,208.05464560130207,210.68368530273438,8372200
2023-03-16,209.51521137944053,211.86187880979304,203.27366616570978,211.73529052734375,13674600
2023-03-17,209.22311768341228,212.91352314641264,209.22311768341228,211.67689514160156,18801200
2023-03-20,211.2971139868996,214.75382089695083,211.14131531394548,212.41688537597656,9817400
2023-03-21,215.5230502200762,216.6623001446043,212.9329530286982,216.1170196533203,8971400
2023-03-22,216.652589178173,218.98951003967932,214.14039108027447,214.25723266601562,6700600
2023-03-23,214.6467130308671,219.3303011011089,214.4714358078265,216.74020385742188,6427700
2023-03-24,214.87070079513475,215.51335929235475,212.5143011631099,215.23097229003906,4791500
2023-03-27,216.74019757484467,218.19104482894028,215.57173726696806,215.98069763183594,7210900
2023-03-28,216.96417863656066,217.4607702156275,212.90375538679677,214.53961181640625,6418400
2023-03-29,216.44808295082964,217.67497892683429,215.11409210228283,217.43154907226562,4483000
2023-03-30,218.03526589263663,218.34686326042055,215.39649440145018,216.51626586914062,5383900
2023-03-31,217.72368643114436,219.90480860505033,217.42182090520944,219.53480529785156,9509000
2023-04-03,219.31077903748377,223.13750335530838,218.22995009282238,222.98170471191406,6421500
2023-04-04,222.9817519202173,224.00416030450785,220.86878251683262,221.67697143554688,5254700
2023-04-05,220.8200992624538,222.46568753687788,220.5961479455013,222.17356872558594,4813600
2023-04-06,220.21638806276488,220.77140040730345,218.77527262049009,220.0508575439453,4285200
2023-04-10,219.6321322332726,220.52795224428178,218.42472975911062,220.47926330566406,4952200
2023-04-11,221.03432249072065,223.1180815886127,220.25534393329423,222.4462127685547,4513300
2023-04-12,223.88732447301476,225.50370245920092,221.35566260887086,221.8230438232422,4373000
2023-04-13,223.42967363234223,226.7208353009548,222.7870152234408,226.5747833251953,7615500
2023-04-14,226.86689743697977,228.81433631494173,226.13660785774402,227.8698272705078,9781300
2023-04-17,227.86982621438327,227.89903660879497,224.87076857328825,227.34400939941406,4865000
2023-04-18,227.60692844372767,228.1716875250457,225.60106869222776,227.46087646484375,4796200
2023-04-19,227.8503431505183,227.90876393818405,225.7568523510077,226.4579315185547,3833900
2023-04-20,226.35081145348425,228.50272294240514,225.41603432017675,228.4345703125,4925700
2023-04-21,228.82403242621393,229.37905955149142,227.24661193589213,227.8990020751953,6771500
2023-04-24,228.07429782723386,228.97011791950172,225.42577979019003,226.64292907714844,9124100
2023-04-25,226.89612480689763,228.84356383055842,223.40046046751323,223.55625915527344,6076500
2023-04-26,225.14339358636767,226.65266157918668,220.76165642786125,222.15406799316406,8400400
2023-04-27,222.66040931288032,223.59518645708118,220.65454976307993,222.99147033691406,7128200
2023-04-28,222.64091662782675,227.43162875821022,222.06642579475678,226.6136932373047,11627900
2023-05-01,226.75001464926265,228.4248130782956,225.42575577183604,226.39947509765625,4571100
2023-05-02,225.85421828734331,226.26317866405083,220.26507828122797,221.01483154296875,5244000
2023-05-03,221.01481125728995,222.66039931633688,219.98267113588912,220.0410919189453,4093300
2023-05-04,218.9310757756404,220.11901468351488,217.60681674019577,219.67111206054688,5648700
2023-05-05,222.33907790874656,226.23395539801015,221.31666959625915,225.6886749267578,6237500
2023-05-08,225.1726054860811,227.3147851396903,225.1726054860811,226.12684631347656,2938400
2023-05-09,225.00707489579645,227.9379648649368,224.75391320716665,227.12977600097656,4352100
2023-05-10,228.14249244687147,228.63908406619836,222.88439798731716,225.19212341308594,5245000
2023-05-11,225.12378616135268,225.87501596493587,222.7042584133675,225.37744140625,3818000
2023-05-12,226.3433273629426,227.0555241816147,224.21648772560133,225.7384490966797,3432700
2023-05-15,225.5530793824973,227.15309196355332,224.92868459200582,227.13357543945312,2843200
2023-05-16,226.88968470535957,227.41652668068534,224.03113155186838,224.85064697265625,4289700
2023-05-17,227.05551397468415,228.18723413344318,224.92867443295168,226.9774627685547,4990100
2023-05-18,226.73358928633567,228.4409205758013,225.49456529758163,227.9043426513672,6621900
2023-05-19,228.2945623223863,228.6262687973861,226.2847920615985,227.6213836669922,5399400
2023-05-22,227.62135656411388,228.16770007829479,225.5432861599847,225.64085388183594,3987800
2023-05-23,223.67989792613432,223.89453503379548,218.2066814542676,219.104248046875,8537200
2023-05-24,217.12375828239615,217.6603510841346,214.6651971005427,216.83106994628906,6730800
2023-05-25,217.0261547349175,219.21154374564244,215.11395237643478,217.93348693847656,6827600
2023-05-26,218.36277006815607,220.6944958750847,217.89446283373655,219.52374267578125,5067300
2023-05-30,219.52374317050223,219.97253388281266,214.39199919740585,216.2359161376953,6916000
2023-05-31,214.59688958194997,216.12860172791216,210.87002258369608,215.6407928466797,20460600
2023-06-01,217.29933396270437,221.18230326671903,217.00664566483587,220.9774169921875,7003600
2023-06-02,223.23111015254355,224.65551871442588,221.87500198343648,223.2115936279297,5897100
2023-06-05,222.35303304764173,222.76279069425163,219.81642107901493,221.24082946777344,4858900
2023-06-06,221.1628233870983,223.6604028207966,220.64574709278176,222.655517578125,6020100
2023-06-07,221.46523462411338,222.00182737698353,215.63104450582864,219.7774200439453,8517200
2023-06-08,219.60182620121302,219.65061007282125,216.9871774145829,217.611572265625,6248200
2023-06-09,218.1871515476816,219.68959632241283,217.328603169695,218.10910034179688,6385000
2023-06-12,218.93837472591488,220.9286283118922,218.17739410009312,220.65545654296875,8621100
2023-06-13,220.11889097117034,221.61158506643946,217.20180317465918,217.95301818847656,6868700
2023-06-14,218.2847384970515,219.97255317353063,217.15301824219122,217.99205017089844,9160700
2023-06-15,216.6066489854108,221.57253957581673,215.97248853939607,220.65545654296875,12534000
2023-06-16,220.92863288186456,224.19695824538738,220.56765908405131,223.3286590576172,13628900
2023-06-20,221.46527272920827,223.9726179846011,220.6652588715076,220.9481964111328,12312300
2023-06-21,220.60668412534514,223.0554942415394,219.49448046938397,221.70913696289062,7032100
2023-06-22,220.84083201942235,223.3481618678163,220.0018001683217,222.8213348388672,6275500
2023-06-23,221.6798576513034,224.3725571764631,220.87009316415418,223.9530487060547,5424400
2023-06-26,223.84572656784164,224.48963782006558,220.68471987335155,220.78228759765625,5165400
2023-06-27,221.933537193071,223.03599009177947,220.99695242385113,221.7969512939453,4628500
2023-06-28,221.95306469984746,222.4994083233829,220.50915442525417,222.40185546875,5324500
2023-06-29,223.21158571861673,228.9774903811185,223.0262308449656,228.6067657470703,7118900
2023-06-30,230.5092233151011,232.47020974698046,230.19701847137603,231.68971252441406,6879400
2023-07-03,231.22140472679413,232.5872636101446,229.67017609068643,232.16775512695312,3087400
2023-07-05,228.69460179382762,234.14830243181578,228.28484405098172,233.61170959472656,7601200
2023-07-06,232.46044508775083,233.758018479578,230.91896725881503,233.05557250976562,6441800
2023-07-07,230.9580015095681,232.62631452579126,230.37263975177223,230.68482971191406,5729500
2023-07-10,231.23116477575434,233.2702172507382,230.73360506697375,232.35313415527344,4858900
2023-07-11,232.9872799310879,234.83119694196415,232.31410128022506,234.6848602294922,3856500
2023-07-12,235.66047103491056,238.00194768562798,235.34826620855063,236.30438232421875,6116000
2023-07-13,237.84585585018328,238.31416311055023,237.22146105644018,237.3775634765625,5819600
2023-07-14,238.7629592766327,238.77272498293766,236.06050847119744,237.2312469482422,4941200
2023-07-17,237.1824519096525,239.38734285238598,237.0751333525827,238.04100036621094,4328100
2023-07-18,237.17269691184615,237.25073323675224,231.88483525129644,234.89950561523438,7674000
2023-07-19,235.36779239160188,236.67511666046053,234.26533952254775,235.5336456298828,4835500
2023-07-20,235.27998656794833,235.719011590051,233.24094898775763,233.77752685546875,4695000
2023-07-21,233.8946383255607,234.4897658339757,232.90925472906753,233.4165802001953,5427400
2023-07-24,233.83605667253144,235.3970510372308,232.38239574323504,234.87022399902344,6010000
2023-07-25,234.1677975092204,234.92877823147924,232.74338891639803,232.87022399902344,4997500
2023-07-26,225.77745327932178,233.0263007539803,222.12863761006918,231.3189697265625,7551400
2023-07-27,231.63118340051122,232.840954868879,227.27993621550874,228.72384643554688,8160100
2023-07-28,228.86040588833436,230.12871189804972,228.01162323812449,230.0018768310547,6794800
2023-07-31,230.24577928202623,232.60677235096645,230.24577928202623,231.93359375,4799600
2023-08-01,231.3579939880355,234.86045815813125,231.2214080977092,233.93362426757812,4627300
2023-08-02,232.81167941780254,232.96776695123182,231.01653135927737,231.76776123046875,4868200
2023-08-03,230.245807236038,233.22144458656493,229.51409386558447,232.93850708007812,5033800
2023-08-04,232.19703585307764,236.01170501491157,232.04093343262622,233.16290283203125,5169700
2023-08-07,233.3873016500934,236.27512212949668,233.37755083088993,235.6214599609375,5649800
2023-08-08,234.55803456571627,235.4751176986605,231.60191376120244,233.45558166503906,5080600
2023-08-09,234.6360707764462,236.07023007150798,233.65070220018933,233.9141082763672,4055000
2023-08-10,235.1945690492354,238.44948701732295,234.67652052033972,234.7449493408203,4778000
2023-08-11,234.5885634978658,235.29233038153856,233.04418699840284,234.62765502929688,3607100
2023-08-14,235.29236325755468,237.8435148386409,234.84272855220706,237.42320251464844,4351100
2023-08-15,236.55324811396093,237.1983702724785,233.95323608539525,234.4224090576172,3770100
2023-08-16,231.19679870280427,235.63444063865325,230.69830338320423,233.89456176757812,3218600
2023-08-17,234.58855716148076,234.95999381636955,231.1577048823001,232.01785278320312,4177600
2023-08-18,230.26825217357708,233.66001340085012,229.9945666781263,232.7998504638672,4344800
2023-08-21,233.98256251553252,235.10662682035348,232.39907947041223,234.06076049804688,3573600
2023-08-22,234.5885359859282,235.98628552043704,233.28852272590433,235.14569091796875,3848400
2023-08-23,235.87881653775773,237.07129472504016,235.2923391412833,236.8367156982422,4947700
2023-08-24,236.7878117149421,238.06827179853892,233.9629752594937,234.07049560546875,4570700
2023-08-25,235.93747617561974,237.92170344771472,234.7938586036296,237.10064697265625,3541500
2023-08-28,237.5306962489965,239.7006417143975,237.12995211049997,238.33221435546875,3741500
2023-08-29,238.00965768043764,240.28712354575228,237.91190647524786,239.80816650390625,3975600
2023-08-30,240.86381892853515,242.63300538845598,240.50216631278604,240.6781005859375,4573300
2023-08-31,240.052520538393,242.4277375192155,239.91567780513807,240.14048767089844,5532600
2023-09-01,241.89014761076473,243.25857501046704,241.2059339109136,242.51571655273438,4112900
2023-09-05,242.7503077520836,243.08263798614496,239.6713237654845,239.80816650390625,4459600
2023-09-06,239.88639047491273,241.09843694277808,238.70368130357468,240.60971069335938,4520300
2023-09-07,239.96455986629758,241.82171342686183,239.58335403377168,241.5675811767578,4007900
2023-09-08,242.20292909187347,242.54504340547945,240.88337727097965,241.71420288085938,3309100
2023-09-11,241.7533028308253,242.7600776052695,240.7172056776878,241.64578247070312,2995800
2023-09-12,241.37206982761347,242.17357294625845,240.46303144620904,241.7239532470703,3499600
2023-09-13,241.57732907734834,244.42171883926807,241.0495113998035,242.24200439453125,5657000
2023-09-14,239.47583184725997,240.00364956721342,233.36675450421762,236.05474853515625,12000000
2023-09-15,236.44574813866512,238.59615551911466,234.61791678002416,235.6344757080078,13077900
2023-09-18,235.50735471893958,239.70061843746572,235.34118962111566,239.1434783935547,4771600
2023-09-19,239.47584749680928,239.5931370167438,236.01567242607595,238.0683135986328,4709000
2023-09-20,238.13671097516237,239.01641208796084,236.22089788574394,236.4066162109375,5756600
2023-09-21,235.34119912484277,235.3509682787311,230.9426636874161,231.27499389648438,6881500
2023-09-22,231.4118542057378,232.42839813268822,229.58402300225717,229.77951049804688,5935500
2023-09-25,230.0727244001183,230.1606915265309,226.97420243587692,228.0982666015625,5921600
2023-09-26,226.70051396928233,227.4238340699081,224.42306314293518,224.471923828125,6193200
2023-09-27,225.0681605003135,225.47868867521632,222.78092570525283,224.32530212402344,6006700
2023-09-28,225.46896218154723,227.29679354975153,224.491509699771,226.4366455078125,4203900
2023-09-29,227.58999866738756,227.77571699785727,224.4719233246314,224.8238067626953,6045200
2023-10-02,224.07119275009606,226.15315621268414,223.61178893054725,226.055419921875,5175200
2023-10-03,225.2734534527284,226.52459131839515,222.64410413801411,223.65087890625,5585700
2023-10-04,224.30577346843367,226.47571899824754,223.71931097494402,226.0065460205078,5430900
2023-10-05,225.21482019663907,228.90958922529325,225.02910184674926,228.21559143066406,6126200
2023-10-06,227.91255589535666,231.25544104337214,227.5020277103097,229.74038696289062,6401300
2023-10-09,227.5509094112431,229.86746670139195,226.47570586342678,229.1539306640625,5372200
2023-10-10,229.60356252046185,232.84871164366945,228.9975468059009,231.26524353027344,4644000
2023-10-11,232.19381286599233,233.13215878647122,229.59378598909052,230.365966796875,4760900
2023-10-12,231.3727634560389,232.36975416236479,229.59379293442618,231.44117736816406,4472800
2023-10-13,231.05995838758994,233.26899530985392,230.90356243342814,232.31109619140625,4966800
2023-10-16,233.61113167622054,235.28258190049021,232.95624033534895,234.65701293945312,6227300
2023-10-17,234.22689752525318,236.03517531676903,232.91710011865698,235.76148986816406,4527600
2023-10-18,234.54946220019207,235.39984093474698,231.6464276546043,232.1156005859375,9528300
2023-10-19,232.11562639434777,232.55547699854978,228.14717197219673,228.53814697265625,5927400
2023-10-20,228.85093292067717,230.45395424422875,227.39452348977915,228.1178436279297,5748300
2023-10-23,226.1433746863708,229.17348291574467,226.0651767091575,226.30953979492188,5071700
2023-10-24,227.63886595399805,231.19679173571646,227.63886595399805,229.3591766357422,6844100
2023-10-25,227.01331094969643,233.10283498548162,226.07495012020698,231.5095977783203,10365300
2023-10-26,229.28098128180918,230.29752505861626,225.165900749692,226.06515502929688,6414500
2023-10-27,225.95766318561067,226.1727039007632,222.88846333221673,224.1005096435547,5540900
2023-10-30,226.95469860794913,228.11786947057158,224.8433976261172,227.8246307373047,5170300
2023-10-31,228.3035560813735,230.40507270049693,227.73663191983212,229.79905700683594,4828400
2023-11-01,230.81560583282373,233.65021178632014,230.36597117277947,233.20059204101562,4996200
2023-11-02,234.50058691692706,237.76527404785156,233.80658921539182,237.76527404785156,6286700
2023-11-03,239.5930927927053,239.7885951761645,236.79757873725032,238.1073760986328,5029800
2023-11-06,238.4983732585858,239.26078489795458,237.13971508948094,237.9998779296875,5254100
2023-11-07,237.92170168442948,239.54427631221552,237.8923793044476,239.25103759765625,4219700
2023-11-08,238.5065665610921,239.74077312781586,237.83068619842481,238.91796875,5117500
2023-11-09,239.32935904645132,239.47628305429913,236.0381267522398,236.6944122314453,4866600
2023-11-10,238.98654873103138,240.2501551552593,237.0176920273306,240.23056030273438,4094400
2023-11-13,239.9856317797915,240.65170717531393,239.11384783771635,239.66238403320312,4088500
2023-11-14,241.1317109835403,242.85568421306328,240.55378992294075,241.88595581054688,14092000
2023-11-15,241.75861663249688,243.15935705409643,240.31870145450293,243.03201293945312,13258900
2023-11-16,243.50215436539855,244.34455351444365,242.2091783148238,243.48257446289062,7051600
2023-11-17,244.34458228052824,245.11842196891692,243.5707575386318,244.45233154296875,7238200
2023-11-20,244.5013102813825,245.79428647932897,240.57338708621756,244.85394287109375,8604200
2023-11-21,244.91271764854966,248.15497058396974,244.91271764854966,247.06768798828125,7213700
2023-11-22,247.8219259872957,249.33040069945753,247.48888825099263,248.52719116210938,5701400
2023-11-24,248.98755714201917,249.48711371463537,248.31167681369126,249.09530639648438,1640900
2023-11-27,249.09534282037606,249.76141834792767,247.3517745906165,248.93861389160156,5478900
2023-11-28,248.65454727203857,248.94839532031227,246.46038718380734,247.76316833496094,5234900
2023-11-29,248.72312620361325,250.82913204136614,248.33131881107474,249.0267791748047,4955100
2023-11-30,249.0463464330172,251.51475963618856,247.9884486545899,251.42660522460938,6874700
2023-12-01,250.5547987375888,251.65188612060817,248.70348152770168,251.20130920410156,3939400
2023-12-04,250.6723828697721,252.12210298742002,249.14431323713654,249.2324676513672,5247500
2023-12-05,248.98755413578945,249.60466485359294,246.97950802490536,249.39895629882812,4199100
2023-12-06,250.5646457656699,251.57354902165736,248.3411007710256,249.08554077148438,3874000
2023-12-07,249.67322432224375,250.89765580586885,248.31167373081018,250.58419799804688,3589300
2023-12-08,249.7809993295417,250.79972236350972,248.67412188296848,250.505859375,3732300
2023-12-11,249.78100228334594,252.35717975644005,249.78100228334594,251.26988220214844,6479300
2023-12-12,252.03391054278325,254.40439432317388,251.15233653595467,254.24766540527344,5946600
2023-12-13,253.84604545069783,257.1079080378053,253.39546850852997,257.00994873046875,4859900
2023-12-14,257.80337202000374,257.8621416266566,251.15233253260828,253.43466186523438,8168700
2023-12-15,249.30101624022728,253.0820153978957,249.242246633327,252.7489776611328,13374000
2023-12-18,253.4052787229044,254.2770478226248,252.67062874194468,253.08201599121094,6041100
2023-12-19,253.31710819718953,255.01171167357984,251.93599246369297,254.6688690185547,8731200
2023-12-20,255.168425830091,255.4818836618568,251.81840877568504,251.84779357910156,7240900
2023-12-21,252.23965205776037,254.66887572606316,251.77927017014062,254.2281036376953,6246700
2023-12-22,254.67865200701823,255.8638789020925,252.93508396976642,253.14077758789062,5111500
2023-12-26,253.2386938010161,254.4239204944025,253.2386938010161,253.85580444335938,2085100
2023-12-27,253.9440273121312,254.45337390534198,253.02326354876016,253.6305694580078,4034700
2023-12-28,253.24859294972944,255.62885211922207,253.24859294972944,255.0705108642578,3020500
2023-12-29,255.2370286980297,256.10879789158196,254.35545460458764,255.0215301513672,4074900
2024-01-02,254.29662241072094,254.76680915017928,252.39635533457957,253.57177734375,5471000
2024-01-03,253.25832347093552,253.56197640335182,251.60290979783545,252.70001220703125,4148300
2024-01-04,252.7881255646805,255.69734019713925,252.71955107030766,254.2965850830078,3843000
2024-01-05,255.44268768856816,256.1087631449804,253.45423632490755,254.375,3748400
2024-01-08,255.5993670530045,257.24497547090044,254.6296388590618,257.1666259765625,4659000
2024-01-09,256.63775495008167,258.2245943008645,255.7953705610933,257.9405212402344,7055800
2024-01-10,259.54690637805527,259.93871366916125,257.48007583602765,259.1452941894531,4355800
2024-01-11,260.0269157070422,260.7419858167287,257.02954603611437,258.6261901855469,5599000
2024-01-12,259.70367982018854,260.1150670838722,258.31272932124483,258.7633361816406,4656100
2024-01-16,258.1266029055782,260.2228185036317,256.98056569152624,259.8114013671875,6196400
2024-01-17,259.008213367817,261.6333554884706,258.97882856396586,261.1729736328125,5118700
2024-01-18,262.39738087222986,263.27895484913716,260.96727064778094,262.6520690917969,6694300
2024-01-19,262.69125878925513,265.6004741691487,261.5843812696376,265.3555908203125,7226500
2024-01-22,266.6681683301111,266.77593255051715,264.82664072015314,265.64947509765625,5984300
2024-01-23,265.99220347872205,266.3056612475479,264.3857847262013,265.7081604003906,5883000
2024-01-24,266.99139373289813,267.27543686160647,265.53186881612436,266.0902099609375,5021700
2024-01-25,266.38408244887313,267.19708190308734,265.2575952836487,267.0305480957031,6894900
2024-01-26,260.49707970407854,265.3261715413867,260.16404198009,262.4561462402344,8586500
2024-01-29,261.50603174273755,269.4402582233795,261.25134349420006,268.0591125488281,6574500
2024-01-30,268.9700581560204,272.9371861470208,268.57825079583137,271.4776611328125,6549000
2024-01-31,271.44828181029476,274.2595377899834,267.5889179538692,267.66729736328125,6139300
2024-02-01,267.7946038764476,271.5168181901708,267.76518918230937,271.3796691894531,7065000
2024-02-02,271.9282417310459,272.8000407701114,270.0377495204924,271.5070495605469,4848700
2024-02-05,271.7225159796537,272.31024190480724,269.4989862766528,269.93975830078125,4899100
2024-02-06,269.1757050228248,271.21315077060274,268.42147523817465,271.0956115722656,4400000
2024-02-07,273.6620090664138,273.8187379763772,271.38948471142,273.67181396484375,4785900
2024-02-08,274.32935766009047,274.44711605750825,270.148754859394,270.6394348144531,5833400
2024-02-09,269.8739453865277,272.0133025658979,268.9809043734017,271.27728271484375,4618300
2024-02-12,271.2773231416979,271.51286989426995,269.12814246044206,269.94268798828125,3676200
2024-02-13,268.64725489508334,272.81803419482435,267.6757182417946,270.6688537597656,5493800
2024-02-14,271.31658225171816,272.46478655236524,269.5893791836434,272.3862609863281,4218400
2024-02-15,272.47454770779865,275.87986747708015,272.38622891795114,275.74249267578125,4834800
2024-02-16,275.72281098460655,275.8798321293473,272.6904131268085,273.3675537109375,6630700
2024-02-20,269.45197316306144,271.67964917455714,268.2448898020336,270.0211486816406,6157200
2024-02-21,269.51089475032745,271.80727349818676,268.43139278798424,271.6011962890625,4770100
2024-02-22,273.9760244301303,278.76506509231444,273.7797704374639,278.4608459472656,5100200
2024-02-23,279.4128085471328,280.61989207747934,278.2155481999633,278.3136901855469,5107700
2024-02-26,277.7640681053703,280.03100669997764,277.3911466138379,278.8533630371094,3856900
2024-02-27,278.87305300483354,278.87305300483354,276.2920717033914,277.8916931152344,4145200
2024-02-28,276.84161760375457,280.79649657171996,276.82197123971696,280.3058166503906,4358800
2024-02-29,280.17825702571537,280.33527820668746,276.9201349051822,277.37158203125,6633700
2024-03-01,277.9211292358143,279.5992462403838,276.8514206146587,277.8818664550781,3955700
2024-03-04,277.5383720244252,277.72483278862654,272.9456151928586,275.3008728027344,5920300
2024-03-05,275.04575811329204,275.75233851559517,272.50403929147757,274.17236328125,6227900
2024-03-06,274.78075073483564,276.7434703829416,274.10361006034105,275.2027282714844,4535200
2024-03-07,275.6443697814037,275.92897253420404,271.0123499180069,273.0732116699219,5668500
2024-03-08,273.7993543403037,276.4195978979869,273.63251001506046,274.8199768066406,3928800
2024-03-11,274.2409967903153,275.5363689119133,272.8081899782677,275.3302917480469,4614000
2024-03-12,276.0662906773154,279.17721405717015,275.0653145798436,278.6276550292969,7988700
2024-03-13,279.35388768056936,280.76704820576157,278.5295490323281,279.824951171875,5783800
2024-03-14,283.5737447969335,283.65227035924573,279.2459440978289,281.0712890625,5484500
2024-03-15,278.26460284984705,280.30584832452104,277.3715916469974,277.7641296386719,9845000
2024-03-18,278.57860539127955,280.89463012385147,277.9701670988697,279.7366027832031,4095600
2024-03-19,281.31663368438046,282.6905315602833,279.9329126258445,281.9937744140625,6595200
2024-03-20,282.2783115350294,284.4667244449794,281.37544745581624,283.8877258300781,6105000
2024-03-21,284.56495101635926,285.5364878007357,282.5335286956362,284.9574890136719,5057600
2024-03-22,284.59433579289674,285.0751925008173,277.6168821424652,277.97998046875,8744100
2024-03-25,277.73463570607913,278.215492405658,274.81999601626137,275.9681701660156,8519200
2024-03-26,278.8338285953117,278.8338285953117,273.22044805637023,275.36962890625,8752400
2024-03-27,275.02611423015844,276.0074741382054,271.81707811238687,273.81903076171875,5190700
2024-03-28,273.2988699877715,274.58444887751585,271.95441190832315,273.87786865234375,5844400
2024-04-01,275.1340499073868,275.654199410305,271.63061779079993,273.09283447265625,5084000
2024-04-02,272.8180466689654,274.12324213206415,271.81707037280074,273.2498474121094,6912300
2024-04-03,275.2518302654777,275.2518302654777,271.40488635366455,271.79742431640625,4536600
2024-04-04,273.1712923650324,273.8778726003901,268.4607774284634,268.892578125,4018600
2024-04-05,270.953407112752,272.7787216982096,269.90334509274624,271.9740295410156,4392100
2024-04-08,271.1006565849671,272.79841989462415,270.0211547680963,272.58251953125,5542400
2024-04-09,272.4549306753936,272.8180290157408,268.225272261731,271.5618896484375,7313900
2024-04-10,270.28609744255095,271.6599950109041,269.01031188365664,269.3636169433594,5276000
2024-04-11,268.89255217423363,271.3263349608537,267.1064703699089,270.5412292480469,8102300
2024-04-12,270.41370940239926,271.8366932418204,268.951492729926,270.8160705566406,9038400
2024-04-15,272.710132518511,272.72974893608637,265.30084688228095,266.22332763671875,10267500
2024-04-16,265.4970627055803,269.0201404490908,265.133964406896,266.2919616699219,8237100
2024-04-17,268.2056097055054,268.89257351514283,266.43917412175654,267.60699462890625,5940900
2024-04-18,267.4892894302585,268.0584650252457,264.82978239600163,266.3116455078125,8231800
2024-04-19,266.40972100477114,266.9298404518203,263.28900432247616,264.751220703125,7905400
2024-04-22,265.8994716660403,268.65709053502206,264.33908310078385,267.25372314453125,6463700
2024-04-23,268.90237627194506,269.76597758461827,267.62659071505203,269.00048828125,6438000
2024-04-24,277.30283896206197,277.72481647785054,269.3734352044127,269.8935546875,8807200
2024-04-25,267.8817949108356,271.0712143692628,265.4480117425561,270.0309753417969,8064600
2024-04-26,269.88381032621146,271.61098347879147,268.7257828203452,269.4029235839844,6840600
2024-04-29,267.24386003198276,269.35377723412796,266.03677691275857,266.7727966308594,4128600
2024-04-30,265.4872819716983,267.0083777766049,263.57361826345016,263.6030578613281,6376400
2024-05-01,263.15164320036075,265.86020602566384,261.73848259139623,262.3371276855469,6119900
2024-05-02,264.329259948329,264.44701832889274,261.67957659075097,262.6216735839844,5061700
2024-05-03,263.98579362300916,264.4274175249169,261.5323940540221,263.48529052734375,3862000
2024-05-06,264.623616082969,267.6952764916288,264.5451204906452,267.58734130859375,3958700
2024-05-07,268.6178158076853,272.700276323849,267.74439117728224,271.3067321777344,6377100
2024-05-08,272.62174744216117,273.35776731101015,269.7954563027103,272.02313232421875,9029700
2024-05-09,271.6404053708923,273.5933319156773,271.24786740492914,273.3479919433594,8948800
2024-05-10,274.33910698819614,275.79153020426395,274.03488786064565,275.5069274902344,8986400
2024-05-13,276.21352093128513,276.89066158920497,273.89752617859796,274.18212890625,10528400
2024-05-14,274.23118988067984,274.7709258009774,269.15754644523804,272.5628662109375,18526100
2024-05-15,271.98385608186004,276.47850062975704,271.9053604771742,276.2527770996094,21288400
2024-05-16,276.9999556127342,277.6292025615298,274.56169869651603,275.1319274902344,10341500
2024-05-17,275.338426957247,276.1839739198932,273.4212517586308,275.3876037597656,6177800
2024-05-20,274.52243438914337,275.5547573020597,273.4999228344937,273.8538818359375,5460900
2024-05-21,273.3229636609148,273.7457221950768,270.25545894135627,271.3074645996094,6578200
2024-05-22,270.8944872339282,273.4015740799684,270.4913814657606,270.9436340332031,4202500
2024-05-23,270.6093508761007,272.7723500636725,268.4365403314151,269.6163635253906,6115900
2024-05-24,270.3832800732007,270.60939138291775,268.7512040790317,269.87200927734375,4339700
2024-05-28,269.6163422346762,269.84245349269196,265.6836385708439,266.4210205078125,6212100
2024-05-29,264.4743289560368,266.57833987834755,263.74678835874926,264.336669921875,5469700
2024-05-30,264.17939272539314,267.0699324510983,263.7959396986071,266.7356262207031,4901900
2024-05-31,266.87327001136407,268.1710694067544,264.48415976358694,267.8760986328125,8910000
2024-06-03,268.49551412154864,268.5348495603494,263.55014033858856,265.83111572265625,4838800
2024-06-04,265.09378323893594,268.397240615129,264.77915967811157,267.83685302734375,4188500
2024-06-05,268.9281235230079,270.30456388861836,267.4435181978764,269.8818054199219,5368700
2024-06-06,270.1767546971683,272.4872243142365,269.4688667720271,272.37908935546875,4862400
2024-06-07,273.03781882009514,275.6137353305815,272.20211315725004,273.981689453125,4515600
2024-06-10,273.4606020118167,273.87351915209643,268.78067439429924,270.4127502441406,5213800
2024-06-11,269.92113252171333,270.2357260211704,267.6401571267944,270.0489501953125,6244600
2024-06-12,272.1135920055547,272.9296448317599,265.35917815071235,265.7721252441406,7536600
2024-06-13,265.77211370046626,267.2861829675943,264.78893781078193,266.6274719238281,7361200
2024-06-14,265.55586909996475,266.98145643436186,264.7398161392817,266.1064453125,8537300
2024-06-17,264.4743439992734,267.2567188774396,264.4743439992734,266.60784912109375,9258200
2024-06-18,266.7356261327105,269.2918896313264,266.7356261327105,269.0166015625,6707500
2024-06-20,268.5939074044787,273.3623179562457,268.50542514733127,272.162841796875,10164400
2024-06-21,272.5068655679123,272.8706358344476,269.9604136938732,270.58966064453125,14594700
2024-06-24,270.6880568968263,275.672767032437,270.6388800882726,271.65155029296875,24149600
2024-06-25,272.1922826369368,273.2540995191525,268.9281311035156,268.9281311035156,18325800
2024-06-26,268.31858487111595,269.8424957779942,267.17809702938825,268.9969787597656,12172000
2024-06-27,263.9926307944878,266.03762393164834,262.016437182886,262.10491943359375,10529100
2024-06-28,262.70463237947695,264.08107274290205,256.8547233297332,258.05419921875,13957300
2024-07-01,259.35201359879625,261.29868293737036,256.9038848789708,258.8112487792969,7955800
2024-07-02,258.8112768619299,263.71734619140625,257.9854125068399,263.71734619140625,8697800
2024-07-03,264.5431789405765,265.2117314332768,263.63864380021954,264.4645080566406,5017800
2024-07-05,264.47435737670725,265.99826825212415,263.7271339775857,265.81146240234375,7986400
2024-07-08,265.7032936131313,266.873275363693,261.4953018561679,261.9180603027344,8561100
2024-07-09,262.5080567371255,263.048791668816,259.4798871121746,260.97430419921875,6431300
2024-07-10,254.76055920131137,259.0472221446574,254.16083624593546,258.5752868652344,9635500
2024-07-11,257.71995637471144,259.19472052746414,256.37300991586187,258.13287353515625,8803600
2024-07-12,259.89272472207574,262.90124070211414,259.2241722829892,261.2691650390625,6627800
2024-07-15,261.2003658301794,264.71028114154154,260.7874187325287,263.93359375,6845200
2024-07-16,264.0023940494016,265.6639637974097,262.87174771305524,264.7201232910156,7869900
2024-07-17,263.92375195521396,268.31854961086464,263.72710476538964,268.1120910644531,5324700
2024-07-18,267.7090442248212,269.0166553119696,264.0417863572478,264.6218566894531,5550800
2024-07-19,265.77214751840154,266.39155320838194,259.86325006819936,260.993896484375,6839900
2024-07-22,262.7341189183762,263.88441797316756,260.5612784741725,263.2060241699219,5313600
2024-07-23,263.02912879475457,263.1962819513517,259.4208589223416,260.3352355957031,8109200
2024-07-24,251.7618880243116,252.87288171602248,248.8713481552384,249.8938446044922,13065900
2024-07-25,251.09333435811223,253.8757244191848,248.44858834590195,249.47109985351562,8573300
2024-07-26,251.28991703979995,256.8055492732487,251.28991703979995,255.0948028564453,7062200
2024-07-29,255.94035806680915,258.2901328709574,254.22961159412677,257.1988220214844,6068100
2024-07-30,258.8014321840507,259.8534077126947,256.6187802394054,258.6736145019531,5941800
2024-07-31,260.08935436103116,261.87871165029287,259.80422495613396,261.2003479003906,7642500
2024-08-01,261.8492274988227,262.50796856183285,259.7354052883866,261.4559631347656,7269700
2024-08-02,259.39129787383047,263.45181935092404,258.45729872314587,262.09503173828125,7017900
2024-08-05,257.05137749487653,258.49664741669113,250.22811864468608,252.1256561279297,9631300
2024-08-06,252.18463973046786,256.1075023027249,251.46692546319994,253.9150390625,21586800
2024-08-07,255.29150245359077,257.6216249435442,251.99785661159157,252.20431518554688,12908600
2024-08-08,253.78723689271288,256.06821251448,253.58077832475388,255.4586181640625,8223700
2024-08-09,255.32072877654585,257.6358016944085,255.16310154538442,255.90196228027344,7228100
2024-08-12,256.6309243247712,257.7145925900614,255.38962885141,256.0299987792969,26769400
2024-08-13,256.2664489746094,257.79341572278224,255.41920640854798,256.2664489746094,12005700
2024-08-14,256.99543501373245,257.6160827767933,254.89706593455233,257.2614440917969,8552300
2024-08-15,258.93613555702046,263.4185742058634,258.93613555702046,262.8373107910156,7397800
2024-08-16,262.88659499389195,264.4529757837004,261.4482881789512,263.4087219238281,5111100
2024-08-19,263.4481396354571,264.3249052169656,261.2906643530714,262.5122375488281,6555900
2024-08-20,263.03439808223374,264.0589599609375,261.8325168584613,264.0589599609375,6803600
2024-08-21,264.57125249536045,265.27069891418176,263.41864657209493,264.21661376953125,6639700
2024-08-22,264.94559681453114,265.4972770630231,262.6108018228208,263.96044921875,4425200
2024-08-23,264.70912987100024,265.2115346230281,261.36946560948013,263.46783447265625,3697400
2024-08-26,263.74369724425344,266.354332179061,263.6944518936089,264.2264099121094,4612200
2024-08-27,264.531851252993,266.92578302801013,263.9112334521004,266.6991882324219,6594100
2024-08-28,267.13266731759245,267.94049568748534,263.69451129299426,265.1919250488281,5455100
2024-08-29,266.9553377890934,271.89090738188594,266.43321070436855,270.2457275390625,5565100
2024-08-30,270.9155505487356,272.8759843666713,270.186551051476,272.26519775390625,6296100
2024-09-03,272.26529222114124,277.9003388303061,272.26529222114124,274.403076171875,7278300
2024-09-04,274.57047415120786,277.4668104473278,274.5606431191247,276.32403564453125,6107500
2024-09-05,276.82649833184007,277.31907217228814,273.28982176514114,274.4818420410156,6447400
2024-09-06,273.6444304780521,276.11716050640297,273.30948391101265,275.2206726074219,7187700
2024-09-09,277.90027235941807,282.70779727577303,277.4668050266767,281.36798095703125,10933900
2024-09-10,281.6832537558488,282.1462743430839,279.3583197871411,281.1020202636719,5314400
2024-09-11,280.7867466840723,280.9345428695033,274.1665538793364,279.74249267578125,6281800
2024-09-12,279.78191389929896,281.75220906760387,277.28949171396596,281.1315612792969,4160800
2024-09-13,282.2349107974143,284.45149277563513,281.30886969914553,283.0821533203125,4987600
2024-09-16,283.77171820049045,286.5793945176226,283.4663248883292,286.1656494140625,4458900
2024-09-17,286.57941327391956,288.7171966632789,285.7715850759632,287.2296142578125,5135700
2024-09-18,287.5054239700036,287.6827432929592,283.8505354022887,284.1953430175781,5890000
2024-09-19,286.766598214264,287.150820191636,278.66868410854556,281.00347900390625,10382100
2024-09-20,281.2595736755149,282.7372947281008,279.04299209663606,280.5404052734375,27810900
2024-09-23,280.66852849632835,284.5894265337562,280.3926883873441,284.3431396484375,6505600
2024-09-24,276.01863196325866,276.826460165655,268.65957859898685,268.7285461425781,13690200
2024-09-25,270.11760606508153,270.1767125122634,264.2461351519213,265.6253356933594,11671300
2024-09-26,266.48242658606824,269.18172139744854,265.9898527846152,267.6547546386719,9552500
2024-09-27,269.10291262026817,273.8513311017774,268.7285517350587,271.08306884765625,6509600
2024-09-30,270.9155783599691,271.59533257990864,269.1423247818854,270.8663330078125,5969900
2024-10-01,272.8563114768494,274.9152661984567,270.2850608005631,273.4769592285156,5781600
2024-10-02,272.46225803775803,273.51637310429817,271.28006898275567,272.8858642578125,4741600
2024-10-03,272.5608049338591,273.565644681925,271.74311557419975,272.7479553222656,3036700
2024-10-04,273.2306906133067,274.30449788070825,271.0141085316373,273.80206298828125,4259300
2024-10-07,273.4769817554082,273.49667388439616,269.1817225548244,269.72357177734375,4339300
2024-10-08,270.6299032723563,271.9992729405698,269.94031795401486,270.8761901855469,4370900
2024-10-09,270.91562764961196,273.36863589392874,270.3442551905076,272.81695556640625,4115800
2024-10-10,272.6691532173397,273.5459490176533,271.26039935603495,273.3489074707031,4063900
2024-10-11,271.94012542475946,274.65911209209054,271.28006336877417,273.71337890625,4746300
2024-10-14,274.93495789916585,277.1909541481975,273.8611507052179,276.5111999511719,3996600
2024-10-15,276.8264701656236,278.44212662877976,274.6886866872901,275.1418762207031,5807000
2024-10-16,274.4817963828372,283.3284319088634,274.2158173763947,283.2496032714844,9442700
2024-10-17,284.28411117003844,286.6090455742209,283.33834762471736,286.07708740234375,8815800
2024-10-18,285.6139731461233,286.71733352315334,283.8012753103563,286.3035583496094,5350900
2024-10-21,285.29875555286606,286.12627594243224,282.07730360798683,282.589599609375,6313100
2024-10-22,280.8162985846792,282.27432778953283,279.31888512392607,280.5601806640625,5736500
2024-10-23,281.79163710762936,281.81132923711647,279.31890693044323,279.5455017089844,5249300
2024-10-24,278.1957991077105,279.4075112138088,277.5455981917074,279.0134582519531,4679900
2024-10-25,279.78189784383835,280.85570504122524,276.60972160233206,277.5456237792969,4464600
2024-10-28,277.85102446575115,280.41241411825484,277.3485895927786,279.9690856933594,4306200
2024-10-29,280.0478768501178,281.4566606634786,277.1712629055183,277.6933898925781,7534800
2024-10-30,287.9980786650037,291.386989201155,284.04762671728906,285.8504638671875,9606800
2024-10-31,287.75176499565896,291.9386423846978,285.3184491693389,285.5450439453125,7950200
2024-11-01,284.205231784658,288.3231717505085,282.9245518840564,286.42181396484375,5470700
2024-11-04,287.2197880054533,288.7960302729904,286.4415430010194,287.5153503417969,4281600
2024-11-05,287.37737949942806,290.40178965239295,287.2493055093723,288.9339294433594,3753700
2024-11-06,301.7704652819117,304.41065403023146,298.32244816506443,302.83441162109375,10320500
2024-11-07,302.932849898817,303.06092388142235,299.8986088907307,301.2580871582031,6237300
2024-11-08,302.3319683697197,306.5286767988016,301.14977919671884,303.2973937988281,6240600
2024-11-11,305.4844041925792,307.7995069784141,304.70612919982665,306.3020935058594,4674100
2024-11-12,305.0288239097785,306.51920438293644,304.1108719519886,305.82830810546875,4616400
2024-11-13,305.47298448865325,306.91405619849616,303.84440658354737,305.463134765625,4046400
2024-11-14,305.2854440013447,307.24963537803023,303.8345225882948,304.24908447265625,4415800
2024-11-15,303.568013269717,306.68700156873604,302.67970087122774,305.62103271484375,5106300
2024-11-18,305.463129566944,308.3550925389626,304.6932547455523,308.10833740234375,4585600
2024-11-19,305.97637410077857,308.1774407969127,304.5057231028443,307.8023681640625,4885500
2024-11-20,307.8121906403782,308.23663233662506,302.2454108287916,303.4002380371094,6349900
2024-11-21,303.31139563701413,306.88443524371354,302.6698383193124,305.8776550292969,5757100
2024-11-22,303.97275857210377,307.5457685971953,303.9036598956785,305.8974609375,5919200
2024-11-25,307.8122152785709,309.58887034730895,305.83817417206876,309.1249694824219,14189300
2024-11-26,310.12184917504027,310.4179432726564,307.49637106410313,307.7727355957031,7071500
2024-11-27,306.7363129383551,312.2636330958659,305.47292805562165,310.6153259277344,5204300
2024-11-29,310.2106929438623,312.1452447619705,309.62835444172936,310.99041748046875,3853300
2024-12-02,312.78679419047,313.30006413439196,309.63819634785483,312.5400390625,5597500
2024-12-03,312.9842372867119,313.20138302287893,308.7104212343061,308.94732666015625,5009900
2024-12-04,308.36496603293716,308.789377630027,304.7919264262377,305.8776550292969,5981800
2024-12-05,305.9566409320231,307.05221928421173,304.82154320234434,305.06829833984375,5200100
2024-12-06,304.86102819579185,308.5031363840776,304.79192952910375,306.9732666015625,4302700
2024-12-09,307.7825819563504,308.9472890110273,303.6469938712655,304.29840087890625,5785300
2024-12-10,303.37060776108314,308.91768829761287,302.6599819145619,308.3254699707031,4539500
2024-12-11,308.9769586194356,311.45436001571153,307.17069392736073,309.71722412109375,4321800
2024-12-12,310.7337972134878,311.45430289187294,309.361824277071,310.1514587402344,3218500
2024-12-13,311.7307256270342,312.8362140818693,310.26007446442634,310.6548767089844,4682200
2024-12-16,310.6548193316977,313.4382243421855,310.0231418813704,311.7899169921875,6562500
2024-12-17,311.72084836382186,314.7016396865983,311.0496815952197,314.16864013671875,8843900
2024-12-18,314.3660050945382,317.4455039984776,305.5420400928418,305.7591857910156,10479200
2024-12-19,307.78259909112774,312.7571910040131,307.19041086939535,310.79302978515625,8317100
2024-12-20,309.5000240051295,315.8465585620823,308.22675913191307,313.5862731933594,24387000
2024-12-23,311.5530012683885,313.84289595808093,309.282866265582,313.1026306152344,7984600
2024-12-24,314.04030673043366,317.3665607946684,313.16184408029653,316.48809814453125,2684100
2024-12-26,315.61953315284774,317.27775047839975,315.3135592088148,316.7447509765625,2856000
2024-12-27,315.1260549218108,317.32712169518607,313.43825813623283,314.52398681640625,3489200
2024-12-30,310.59557954051667,312.9940319397167,309.1644179997738,311.2174072265625,3478500
2024-12-31,312.01690614782086,313.5369261055891,311.09898433990156,311.9379577636719,3963800
2025-01-02,313.65537855020244,315.53071150738697,308.355083195667,310.3192443847656,5369500
2025-01-03,310.1020655744236,311.8195015725836,307.9602481500561,310.8226013183594,4271300
2025-01-06,310.9213604452674,311.29643308257124,308.01951754994303,308.9769287109375,6567300
2025-01-07,308.82883041118475,311.0989653046253,307.2792011389938,307.6246643066406,4958600
2025-01-08,306.96339413646626,309.96394507264984,306.1836394601125,308.5426330566406,5161600
2025-01-10,307.16084814952654,307.8024055682433,302.0184487111418,303.71612548828125,6660100
2025-01-13,301.0412780751614,302.9363708496094,299.89633058331464,302.9363708496094,9568400
2025-01-14,304.7426026540983,306.1343052799866,303.52855650262694,305.07818603515625,5107600
2025-01-15,309.60857594104044,313.07302745356503,309.065726727377,312.1748352050781,5222000
2025-01-16,311.6517020151125,315.03717487435745,311.6517020151125,313.1322326660156,4606700
2025-01-17,313.3790178805016,316.42890769978504,312.59926322876987,315.47149658203125,5805800
2025-01-21,316.15249792598223,320.367064137085,315.8465240155599,319.4294128417969,5653000
2025-01-22,320.55466856889973,321.51207975322205,318.19570500431894,319.3603820800781,5026500
2025-01-23,319.55775864826626,324.24610590485946,319.3702223482846,323.9499816894531,5297100
2025-01-24,323.7624569654007,326.7926171613679,323.5551910922377,325.9141845703125,4327500
2025-01-27,325.71679407258046,331.1355274623695,323.79209187719675,330.1978759765625,6636500
2025-01-28,330.32614713499356,333.44510524896407,328.56925193949047,330.13861083984375,5999600
2025-01-29,330.15838407481806,332.73449333081453,330.15838407481806,331.5204772949219,5087300
2025-01-30,335.1033505945579,339.9693545901438,334.59996048416065,338.5973815917969,8081300
2025-01-31,341.972985299111,346.69094196642135,337.2747581975767,337.36358642578125,8624100
2025-02-03,335.58698462649016,341.5091078846047,334.83683937492316,341.3314514160156,8004500
2025-02-04,340.12728624622525,341.5189888309502,338.094026330763,340.6701354980469,5532600
2025-02-05,341.50909649839093,344.94393871730824,340.7688311158077,344.9044494628906,4939100
2025-02-06,345.2399834327186,346.0986863342355,342.1012658887357,342.9698486328125,4294500
2025-02-07,343.48313908578274,346.1974455009721,342.70338444522423,343.50286865234375,4261200
2025-02-10,344.1740733765565,347.3325210227688,343.1870528393384,346.6712341308594,6067000
2025-02-11,344.3576831648446,348.13445295509393,342.33089857786797,346.75030517578125,5154800
2025-02-12,345.20795210378355,347.84771416959876,343.5568411250705,347.5115661621094,6760100
2025-02-13,349.12313660451787,352.04962481081867,346.76020398178787,351.604736328125,4279200
2025-02-14,350.4183670897582,351.407048562351,349.2220709561268,349.8053894042969,5720300
2025-02-18,349.68669165744103,352.7021575557046,348.4112843313369,352.6922912597656,5822000
2025-02-19,351.99032609939314,353.1075408611177,350.1711560219205,351.20928955078125,4152300
2025-02-20,351.20928884421807,352.09909602990814,345.1091116038518,346.5229187011719,5697000
2025-02-21,346.5228898554531,349.32087475555596,343.54697973961595,344.5850830078125,6924100
2025-02-24,344.81252954568686,346.82941784746987,343.4283514687249,345.9000549316406,5055900
2025-02-25,347.39297607133983,348.5991685771324,342.0837618209137,348.1048278808594,6191900
2025-02-26,346.0384418950125,347.84771532974275,345.0398641647393,346.66131591796875,5960600
2025-02-27,347.9169681356894,356.2317820796528,347.69945702736095,351.7135009765625,7298100
2025-02-28,350.695193076268,359.88005231008003,349.7065116138777,358.6046447753906,15857300
2025-03-03,358.89136832140167,362.3913091218327,355.4705389338167,357.7247314453125,9099600
2025-03-04,356.0340395959336,356.1922322384268,346.43395178159983,348.2432556152344,8955800
2025-03-05,346.8590742868907,350.1019479972162,344.99048217350884,348.6881408691406,8244200
2025-03-06,342.0442018176931,344.9212682544981,336.5372694612739,340.26458740234375,8611100
2025-03-07,337.01179407989486,342.4693342337094,335.30139471988025,341.41143798828125,6358700
2025-03-10,336.0923210427302,341.10494243786604,333.81836613846133,337.6148986816406,8204300
2025-03-11,334.57963600578574,335.7660354399813,325.8495633960097,328.380615234375,9776100
2025-03-12,332.1672702861264,332.3551221540917,325.38490061891594,329.07269287109375,6295400
2025-03-13,327.24365338791984,332.3947053075144,323.9909132416949,324.8312683105469,7915300
2025-03-14,323.5064202766918,329.00348624013975,322.6858280213106,328.0444641113281,7810600
2025-03-17,326.2945073063825,332.30567668602885,326.0275742017555,330.7633361816406,6149400
2025-03-18,331.49496855802676,331.99917551465575,328.53879089124206,330.9808349609375,7778300
2025-03-19,332.98784303571733,337.1699757121016,330.7138881605767,336.0231018066406,5614900
2025-03-20,335.16300791317656,338.36632612132536,333.83817840521175,335.6573486328125,5432700
2025-03-21,333.55141543448593,335.58809656026847,331.72234893977367,331.86077880859375,17279700
2025-03-24,334.816956541309,341.31260070606703,333.8282751222163,339.9778747558594,5675100
2025-03-25,340.660041884624,341.6190639963439,336.8140871413612,340.7193603515625,3931200
2025-03-26,342.07384306553803,343.44812459427914,339.1176955495124,340.2843322753906,6187100
2025-03-27,340.10639649720366,346.8689735510817,339.4341003966093,345.9000549316406,7254800
2025-03-28,345.2376577932826,347.64014633526864,337.7434359431888,338.96942138671875,5687600
2025-03-31,335.5090499083939,347.87743410286953,330.70404246042676,346.4932861328125,9950800
2025-04-01,346.4734511273687,346.48334759471527,338.6925347091199,342.42974853515625,7473300
2025-04-02,339.5527302084735,344.2588631581806,339.1671299937145,342.4100036621094,5682500
2025-04-03,330.1206727328018,340.8379741670598,327.2535030606596,335.5485534667969,8792900
2025-04-04,326.2648338642292,330.86219594333875,308.58720712913095,309.5857849121094,13201700
2025-04-07,298.6509890880894,318.53335698350537,295.61573003669497,308.78497314453125,12163400
2025-04-08,318.59267205379405,322.58695319968984,300.4899187510522,304.7807922363281,9569300
2025-04-09,302.18060478476235,330.2492547105935,302.18060478476235,328.6673583984375,11361800
2025-04-10,324.3072283786982,326.4230208382109,309.7241792390117,320.9358215332031,8709800
2025-04-11,320.75784051788764,333.1658079149521,318.8892487042036,329.6263122558594,6804500
2025-04-14,332.602288845391,335.76605098857766,329.3693117679943,331.3861999511719,5011800
2025-04-15,332.90879792133717,335.5485905010428,331.2082647283826,332.00909423828125,4386200
2025-04-16,331.2082158632649,333.40308942602115,325.13769855853866,327.5797424316406,5850600
2025-04-17,327.32276907624396,330.53598373164465,324.72253208140444,325.8792724609375,5655900
2025-04-21,325.27615595216224,325.4244521164927,313.0659355529607,316.4768981933594,6362300
2025-04-22,320.1943509612228,328.79589140457557,318.74101823563717,327.6490173339844,5435500
2025-04-23,333.4228989164809,337.3875209051391,329.42864786547216,330.58538818359375,8906000
2025-04-24,329.50769847890194,332.9581865191527,327.50067667101945,331.9101867675781,8055200
2025-04-25,330.9710102777903,332.5627729220564,328.4103289551688,331.3763732910156,4452800
2025-04-28,332.9681320624537,335.4991541191644,331.228043083904,333.68988037109375,5422900
2025-04-29,334.6686425977044,338.39596048784864,332.65172416161363,337.6544494628906,5519500
2025-04-30,330.65457332337496,342.59783004101115,329.4681437054997,341.5893859863281,9526700
2025-05-01,341.66852220314814,341.80695208878166,336.2703299345451,338.573974609375,5849900
2025-05-02,343.2899456668267,346.12745636430844,342.20239012802864,343.6656494140625,6113700
2025-05-05,343.0724262874121,347.07657366080747,342.2023818773509,344.6938781738281,3865300
2025-05-06,342.47922247560257,345.6924369463232,341.84648208473834,343.7645263671875,3438500
2025-05-07,344.75318974815843,347.1754408886662,343.28003405832783,345.8901672363281,5454000
2025-05-08,348.01584617062025,351.30814189415383,346.97774278925993,347.2940979003906,4156400
2025-05-09,347.8477581455688,349.7954616794313,346.7009142913387,348.54974365234375,3086600
2025-05-12,355.0750357257354,357.7939094474554,347.1556884302887,351.822265625,7985400
2025-05-13,352.0797302681379,355.39731938202885,351.1488239443053,352.6937561035156,5406200
2025-05-14,353.21864029697804,354.9417932438979,351.77274645513467,353.0106506347656,6207600
2025-05-15,353.4365058274157,360.2103137410885,353.2285161692132,358.79412841796875,5826100
2025-05-16,359.43783796803416,362.64647564736566,357.397774477809,361.5868225097656,5838100
2025-05-19,359.5071527727591,365.5778394252785,358.8139445974956,364.3399353027344,5081500
2025-05-20,364.2210673639018,364.6865204794464,361.16097228512496,363.2901611328125,5281400
2025-05-21,360.20039026671606,362.44841326760024,354.6149523731193,354.83282470703125,6125500
2025-05-22,354.2980830440897,356.51639762485144,353.1096829630991,354.50604248046875,4936600
2025-05-23,350.32682537262843,352.5550525304755,348.811632114183,350.1188659667969,5345900
2025-05-27,351.97083888933184,356.5164196127215,351.04984539201075,355.82318115234375,6316000
2025-05-28,355.86278283096505,357.4175977170211,354.5753745870546,356.2490234375,3299000
2025-05-29,356.86300728241986,359.5269793778207,355.2487754674816,358.8931579589844,4590400
2025-05-30,357.85335090269473,363.4882932187561,357.85335090269473,361.65618896484375,8726900
2025-06-02,359.25959988721064,361.92357218387934,356.4767936210992,361.7849426269531,3845700
2025-06-03,361.0520285923475,363.3297901464856,358.0018463527547,362.31964111328125,5221300
2025-06-04,363.1614697686138,366.0829357605544,362.7653464702839,364.4389953613281,4202300
2025-06-05,366.41961076253676,367.40993403486794,362.3889877908046,363.2208557128906,6881900
2025-06-06,365.4391989967492,367.4099326300272,363.99330526464144,366.6374816894531,5008500
2025-06-09,366.2116859651978,366.2116859651978,358.54656256142675,363.1119689941406,4999900
2025-06-10,363.44867597182474,367.84571414250803,363.13176524079313,367.1128845214844,4109300
2025-06-11,366.41963350130493,371.8763247415993,365.80563786991996,369.6976013183594,5562700
2025-06-12,368.6280460393238,370.5492756236664,365.97395667535676,367.8060607910156,4874000
2025-06-13,358.0118119397109,359.4972969979469,341.66156339426726,349.43560791015625,14181700
2025-06-16,353.040336577349,356.7342532934529,350.9012346648997,352.0401306152344,7234700
2025-06-17,350.0693763851959,356.1202675111243,349.9010383473491,354.3772888183594,5559600
2025-06-18,354.3871915756897,355.011100077271,334.76888982867086,337.08624267578125,15008600
2025-06-20,335.6701204431189,336.7099478991933,331.6791184460281,335.2937927246094,19332100
2025-06-23,334.2341541637074,340.9683413290598,332.38225420434907,340.4236755371094,7553300
2025-06-24,348.11843519613603,351.1290264874322,344.5532954974314,348.2273864746094,10172000
2025-06-25,347.0588792323528,347.89074733745474,341.9190979003906,341.9190979003906,6836300
2025-06-26,340.4533824235167,343.5530995482461,338.720316447146,342.6816101074219,8829500
2025-06-27,343.23613018881235,348.60369547968503,342.31513682341847,345.236572265625,6601900
2025-06-30,345.96946344868655,352.1688669804127,345.6822612190337,351.6142883300781,7080100
2025-07-01,350.3961850586937,353.5454057896946,348.01941526590554,352.03021240234375,6653400
2025-07-02,351.16865557830306,352.91160407165955,346.6131622584524,350.7923278808594,5131400
2025-07-03,351.1587207017728,355.5260498996354,350.1881930281586,355.38739013671875,3702800
2025-07-07,355.4468396443653,356.1796691894897,351.05968461059376,353.18890380859375,5138000
2025-07-08,353.2284728481273,354.8129960176291,349.831671514648,351.11907958984375,6966800
2025-07-09,351.63415372935697,354.2981262207031,350.32691952541484,354.2981262207031,7297100
2025-07-10,353.3770377487421,354.1594015912051,350.0297704959903,352.4362487792969,6121300
2025-07-11,349.09889985064643,350.3863081391271,341.057478944365,344.5632019042969,7580200
2025-07-14,344.0284462618972,348.56411394927005,341.67147183141935,347.10833740234375,5598900
2025-07-15,344.75134900012165,346.8211211103118,343.4045237928716,343.6619873046875,4891700
2025-07-16,343.9293699453525,347.2766673658239,342.4537677517511,346.51409912109375,5544200
2025-07-17,346.61318217007806,347.9699203618661,345.10790151609984,346.4250183105469,4747100
2025-07-18,346.1180208906185,346.1180208906185,343.80066781089886,345.67236328125,4927600
2025-07-21,345.68225471076954,350.2278351103966,345.0286376946947,347.5440673828125,5216300
2025-07-22,347.7025444607319,351.0498423177906,346.8112594639595,348.4551696777344,4614200
2025-07-23,349.584140823558,352.33723851407086,347.8114535735769,351.85198974609375,4385600
2025-07-24,351.38651961672684,353.72366809176833,350.4357874912438,350.54473876953125,5887200
2025-07-25,350.57443082760807,354.1891046490325,349.5940204803174,353.58502197265625,3915400
2025-07-28,352.93141020063666,354.8526397535217,351.2973828569866,352.03021240234375,3921000
2025-07-29,352.84230261366577,354.85265773564987,347.4153199636024,347.89068603515625,7402300
2025-07-30,348.2967071094135,353.16908068679425,343.8699608714023,347.51434326171875,12129700
2025-07-31,345.553493718047,349.40586577146047,341.7506559618339,342.1269836425781,8641700
2025-08-01,340.7702588929484,342.8202354092874,334.8283190002109,336.06622314453125,8658700
2025-08-04,338.39348397612116,341.0475431689509,336.7099222758345,338.839111328125,7335300
2025-08-05,338.83915320588187,339.1461510492943,332.30301256826004,334.1648254394531,7295600
2025-08-06,335.0263551478568,338.1260718647413,332.1841321561377,336.4524230957031,5944100
2025-08-07,338.1260809452049,338.83911493827674,325.5192845338105,328.87646484375,8797100
2025-08-08,330.4510792994838,334.11528768497953,329.51029027561344,333.5210876464844,6073900
2025-08-11,333.4716130410877,334.5906531087254,331.27309385994135,332.6496276855469,5715800
2025-08-12,332.54047772755916,335.9630866696301,332.1535575223414,334.0682373046875,5682800
2025-08-13,334.3063694067282,340.7547975932651,334.1079441215787,339.8321533203125,5693400
2025-08-14,340.21908438075764,343.3341555837842,338.95917157872486,342.74884033203125,6224000
2025-08-15,343.50281455045376,345.59605904697924,340.13969664978794,341.7369384765625,4946600
2025-08-18,341.111908341263,342.98692727561615,338.24485386111854,340.0206298828125,3999600
2025-08-19,339.84208390550145,343.59209170405296,339.1774167231355,339.73297119140625,4457200
2025-08-20,340.6754087002171,344.68336323328714,340.12978458990847,341.2012023925781,5834400
2025-08-21,340.1694941484198,341.78653614908916,337.0246318949601,340.963134765625,6073600
2025-08-22,342.48099144031914,348.4135564254873,342.48099144031914,347.26275634765625,4973200
2025-08-25,346.83610886318996,347.9373176414289,344.7428645630926,346.0523986816406,8019800
2025-08-26,345.92344248781563,350.59606414837674,344.693290526122,348.3936767578125,5876200
2025-08-27,347.92741116173505,350.6258315265202,347.06431870294733,347.5702819824219,5531100
2025-08-28,347.81828626484116,348.25479765234263,345.83415460363324,347.0841369628906,4987100
2025-08-29,347.6794183392872,349.83221473470644,346.2310105544946,348.98895263671875,3671900
2025-09-02,346.5385312269779,347.39172362973443,343.33414752518763,347.2925109863281,4940300
2025-09-03,346.56826115032015,348.1059812976514,344.5047776181658,348.08612060546875,4176400
2025-09-04,347.9472836488824,349.8322028018572,346.37980257424067,348.2052001953125,4324000
2025-09-05,348.5921180018497,349.8222700198809,337.50082859454403,340.4968566894531,5448300
2025-09-08,339.6238280750231,341.64765093750947,338.2944634353397,339.5841369628906,4711600
2025-09-09,338.9790027080578,343.57227270862904,338.58218239973513,341.2607421875,4646200
2025-09-10,339.89168309248237,339.89168309248237,333.7706534504743,335.43731689453125,6557900
2025-09-11,336.0424662373603,340.80437006501836,335.18927388859925,340.7646789550781,5157600
2025-09-12,338.5127450059508,340.4671161404083,336.4790219166126,336.7369384765625,3518300
2025-09-15,337.9075446663081,339.99088906823687,335.7051874783653,336.35992431640625,4367500
2025-09-16,333.57218505462754,337.8380860339376,330.8241737689272,337.3321228027344,5527700
2025-09-17,337.24287451389677,343.4532165527344,336.8261935269982,343.4532165527344,5763500
2025-09-18,341.9948757376367,342.5305695051567,335.496826171875,335.496826171875,7526600
2025-09-19,337.74885784958235,339.9710758437891,335.56630069423676,338.8996276855469,13674300
2025-09-22,336.3202490919778,342.123810018113,335.9730199939359,341.6277770996094,5621800
2025-09-23,341.85597812289535,342.5206755840167,334.9512080718528,336.0127258300781,10142700
2025-09-24,336.4393006348119,337.2031804494151,335.2389094188791,335.99285888671875,5207400
2025-09-25,335.6654921112904,337.50082002009344,331.85596281555496,332.2726135253906,5398700
2025-09-26,334.55439433950585,336.8063730332322,333.5623284395552,334.6932678222656,9619200
2025-09-29,334.70317877443784,337.93732310901214,332.88768132847923,337.46112060546875,7217800
2025-09-30,337.12382743606463,342.86786696074904,335.824223582947,338.67144775390625,8164400
2025-10-01,337.6099271681015,346.58811100512,337.6099271681015,345.07025146484375,8381000
2025-10-02,343.47304708133123,344.42542184040104,340.83414823131994,343.2052001953125,5198000
2025-10-03,343.3639445382534,350.3580279181866,343.2548318118015,347.0643615722656,5199700
2025-10-06,347.23300809525006,348.3341867524627,341.61791126204685,346.5087890625,4735600
2025-10-07,347.28257962891473,351.6278330286145,347.28257962891473,349.6238708496094,5044600
2025-10-08,350.97307846230774,352.18340009053827,348.3143490742109,348.572265625,3927500
2025-10-09,348.68140475049063,350.0702909620389,342.83812203934815,344.28656005859375,4434800
2025-10-10,344.8718644724454,347.619876043067,340.52661110214683,340.9234313964844,6296200
2025-10-13,340.99288338080447,344.90162534592463,338.0266161060487,340.5762023925781,4030700
2025-10-14,338.29448481374277,347.2330086020973,337.520674593222,345.6159362792969,5731000
2025-10-15,345.61595609045605,347.30245011623765,341.2707021894369,342.9472961425781,3778200
2025-10-16,342.2627301477191,342.94725803005036,331.5186699399313,332.7388916015625,6241500
2025-10-17,335.0900922102411,340.72504959996365,334.3262123571327,339.17742919921875,6267100
2025-10-20,339.18730374169905,342.2230227820154,336.2507973402091,341.6773986816406,4665000
2025-10-21,340.3976542086254,346.87584346628927,340.2786111420936,344.4552001953125,4121800
2025-10-22,345.06037701871185,345.40760614726906,341.7667108842852,342.619873046875,5074400
2025-10-23,343.4532042783919,344.39564865662425,341.7269891377298,343.215087890625,7217200
2025-10-24,345.43737218597045,346.31036478120575,342.58021743661914,344.6238708496094,3576700
2025-10-27,346.2309942490221,346.74685761063296,342.2726610516251,345.06036376953125,5400300
2025-10-28,345.81433810283966,347.11397236042376,343.75085423268433,344.1476745605469,7445400
2025-10-29,343.2548181119967,348.19531743369555,336.31035647389274,338.572265625,8361700
2025-10-30,339.5047778404419,346.94527174705365,339.0781967892368,342.29248046875,6411800
2025-10-31,339.3658635939219,340.2785774727712,335.48691286628974,338.0364990234375,7301600
2025-11-03,338.29446591927433,338.50279127746575,332.1635060317716,334.22698974609375,5538000
2025-11-04,333.8103374596785,337.6198667973582,331.59801965303404,337.6000061035156,5920200
2025-11-05,337.43141487568926,339.3956861878504,333.6913066633104,337.3421325683594,4984600
2025-11-06,335.9035711966457,335.96309272537576,331.06228502362495,334.2864990234375,8507900
2025-11-07,334.05836197719896,335.60598236180857,332.19327323793897,333.3539733886719,5318400
2025-11-10,333.97900498765216,335.99289770925486,331.66750458323173,332.19329833984375,5295800
2025-11-11,332.8381390653168,336.3996523301598,330.5563994024713,336.23101806640625,4453300
2025-11-12,336.230963908966,342.20509953822955,335.3860315467677,336.8572082519531,6389600
2025-11-13,337.0162670739215,339.4218050228609,333.59679812539383,334.07391357421875,4961700
2025-11-14,333.88506643542877,334.0739044051273,327.06599842409344,328.0500793457031,6422300
2025-11-17,329.1832834325262,331.370133257436,322.9904598740608,323.8055725097656,6494800
2025-11-18,322.5630378796905,323.06005334637723,316.101836812763,319.2628479003906,9170400
2025-11-19,319.6008162287846,322.632628790591,317.96067124835383,322.185302734375,7066700
2025-11-20,322.18528870636743,326.43973972186893,321.21115784431845,321.8373718261719,6510300
2025-11-21,323.437821602865,329.1037802762534,322.35433141971924,326.0223083496094,8930000
2025-11-24,327.27474167309344,328.75586842302397,324.0540910886259,327.3343811035156,9337100
2025-11-25,326.9367735032804,334.0540387480419,326.9367735032804,332.5331726074219,5854300
2025-11-26,332.5331806355595,333.70612990479106,331.07195388984974,331.797607421875,4309900
2025-11-28,331.4397445821358,333.0202502105825,330.01828755179565,332.4437255859375,4586200
2025-12-01,330.952674561706,331.31051115096835,328.16939997160557,328.41790771484375,7082300
2025-12-02,329.4715593852143,330.81347685406314,325.2568476714639,327.6524658203125,8201900
2025-12-03,327.64251708984375,330.36618243963824,327.3840896786403,327.64251708984375,6296700
2025-12-04,329.30256396297654,330.3960040486967,322.3443474807417,325.14752197265625,6277500
2025-12-05,324.87910693925505,332.11565070545527,324.45168093112363,329.2627868652344,5266600
2025-12-08,327.9109619547325,329.3622387687074,322.7718081675561,324.88909912109375,6059400
2025-12-09,324.6604457908234,326.27080146996605,323.12965991381685,324.5511169433594,4325400
2025-12-10,324.6902773524443,326.797618069185,323.35824921183155,323.78570556640625,5467500
2025-12-11,330.61473223974554,345.2468704623673,328.0898848869026,343.56695556640625,12953600
2025-12-12,345.92275226223416,347.75176547302596,343.9048707541211,345.7537536621094,6942300
2025-12-15,345.75375811958673,346.37008276561073,341.77763447910525,344.81939697265625,7004600
2025-12-16,343.93472044726457,345.5450457875993,341.66833101727156,343.0500183105469,7269300
2025-12-17,343.48736646695176,345.71401631820476,341.62853353163234,342.35418701171875,7263500
2025-12-18,343.10968924175853,345.4555878108393,342.21503708483345,343.9446716308594,6805000
2025-12-19,343.9843722679569,347.8213472210815,343.9843722679569,347.165283203125,18623900
2025-12-22,347.9108516431725,351.33032072615606,347.5032952909974,349.9883728027344,5043500
2025-12-23,349.8988928418326,354.25275323711077,349.8988928418326,351.2706604003906,3703200
2025-12-24,351.2706375438569,353.86504358199,350.9028509715926,353.0201416015625,2023600
2025-12-26,352.9804211319358,354.6006965475734,351.5987034536714,352.8810119628906,2017000
2025-12-29,353.36803818653135,354.42170852339746,351.68812352323397,352.4932861328125,3989900
2025-12-30,351.8869529196318,352.7517549841574,350.55495509967756,351.50921630859375,3366500
2025-12-31,351.539030494231,353.0797966289462,348.5967074506911,348.6165771484375,3503200
2026-01-02,347.7815836695472,347.960501949782,341.42974203788856,344.4118347167969,5403800
2026-01-05,342.443665092254,355.40583728080946,341.99633902690704,351.6881408691406,7592200
2026-01-06,351.56887509982283,356.4793906429162,349.89891030839686,355.42572021484375,6775400
2026-01-07,355.0181150566925,356.1413747804971,352.3938893645904,353.7557067871094,6333900
2026-01-08,352.88098777382146,354.22293562539693,347.4138175407059,350.1275329589844,6357600
2026-01-09,350.0579384420253,352.58278551612295,347.075845630788,347.68218994140625,4902900
2026-01-12,340.73392188335623,344.4416681829234,335.306521484956,341.15142822265625,13281300
2026-01-13,334.98843975021526,335.5053249382782,321.8970384159538,325.9228820800781,20383500
2026-01-14,326.69823467398464,327.930823416361,322.00640710360557,327.2052001953125,9388400
2026-01-15,327.36416500747987,329.7100935773221,324.421842198657,325.7936096191406,8587700
2026-01-16,324.8294159854098,327.28467351953486,323.45764849102363,326.34033203125,8341600
2026-01-20,320.3065853250236,326.3602298184734,319.6405712796447,323.8751525878906,8279900
2026-01-21,324.4815084058711,326.70815831170904,321.0719896048092,323.33837890625,8974600
2026-01-22,324.51133543161114,326.4298382199604,322.0660277886144,324.41192626953125,6938700
2026-01-23,323.91487404300887,325.84329629397433,322.68228551223604,324.23297119140625,5667900
2026-01-26,326.0421398816049,330.0182635386976,323.0898668527969,326.5292053222656,7540200
2026-01-27,326.51929279034806,326.96658851031486,322.97059506819414,323.3185119628906,6365800
2026-01-28,324.779721039233,326.42981594381934,322.9407578402086,325.0282287597656,8106000
2026-01-29,328.03018407490066,331.37011320630074,321.57893349542695,329.8194274902344,10214200
2026-01-30,330.236962156358,331.0123050809688,319.68035836149653,319.9089660644531,11199100
2026-02-02,322.8910614362982,332.6922224170356,322.17535793601024,331.8472900390625,8502400
2026-02-03,329.6703485679092,333.7856511379211,326.9069438235834,326.9665832519531,9081200
2026-02-04,325.15742488804,329.33236669627877,322.4835097434655,327.9804992675781,8472300
2026-02-05,331.01230012391363,335.5748984583446,326.85725811156686,327.1654052734375,8339000
2026-02-06,329.79958736712933,333.1295971166072,325.1475298017769,329.60076904296875,7798800
2026-02-09,328.78570026762736,330.8334016821115,321.6883044313802,323.6365966796875,8513400
2026-02-10,323.4373584411114,328.5871090806843,323.27798187994784,326.8838195800781,5801800
2026-02-11,325.6387009449491,329.7425483778229,325.140660617698,327.9495849609375,8264300
2026-02-12,327.6010166244024,330.93786286095707,322.73016710393654,322.9094543457031,9392600
2026-02-13,322.56078541825985,325.20042347471514,311.59395806764877,312.8489990234375,11653900
2026-02-17,313.1777553150958,320.12043942634676,313.1777553150958,318.247802734375,8591700
2026-02-18,318.2477947880967,321.0168980150915,315.4786915611019,319.0446472167969,7091900
2026-02-19,316.2456341157693,318.9450345490796,314.4925528519528,317.67999267578125,5967600
2026-02-20,316.86321225740573,321.08661503433257,316.57437074516383,319.6921081542969,6831100
2026-02-23,317.7896151590316,319.2637952336624,303.51576080147515,305.31866455078125,13048000
2026-02-24,304.30263971784996,308.05785283918436,301.89211116069055,306.0158996582031,9120200
2026-02-25,307.3407046816708,312.7095945401492,307.0418926144709,311.7633056640625,7624200
2026-02-26,313.24750067936236,318.16814225930597,312.70960853635546,315.45880126953125,8725500
2026-02-27,313.22752304233575,318.97492803753534,310.72738119880427,318.8852844238281,12412900
2026-03-02,314.2634710190134,321.33565029745085,313.3670044395995,319.25384521484375,6674900
2026-03-03,314.5722564235918,320.77785038408507,313.117987052978,319.57257080078125,5474300
2026-03-04,320.1801887712339,324.49320490972036,318.5466018009251,319.2139892578125,5257900
2026-03-05,318.07844119005733,321.5348424853333,313.5363155637196,318.5466003417969,8267200
2026-03-06,314.81131703544906,316.4449040988039,311.07601412616293,316.1161804199219,6439700
2026-03-09,312.2314560667069,315.15993583491843,308.9344312933075,314.73162841796875,8381500
2026-03-10,314.1937124870568,315.88706175314735,310.22933095030214,313.1976318359375,5271300
2026-03-11,312.0222791858673,313.84509349123954,307.18134157627605,307.74908447265625,6376700
2026-03-12,306.9323235221122,309.7313078758147,304.82060688982915,305.2987365722656,7514900
2026-03-13,306.38446686722085,309.1336593983733,305.21906944064716,305.9362487792969,4814100
2026-03-16,306.64344012556506,309.9105835049712,306.1752809950723,308.8945617675781,6401200
2026-03-17,310.09984414528657,311.4644698112407,306.1752838399166,307.25103759765625,6872200
2026-03-18,306.20518500751876,306.73310658565566,297.33010193516475,297.8480529785156,7191700
2026-03-19,296.8719016022564,301.2845318265138,295.8658503636263,298.53533935546875,6826400
2026-03-20,298.67481425452536,301.7327894042891,297.8381100854838,300.4378662109375,14398100
2026-03-23,304.0038572697504,306.6434651794843,301.6630614260347,303.246826171875,7824500
2026-03-24,300.8163767349488,304.8405513457489,299.44178048089515,302.5694885253906,5375900
2026-03-25,304.28273910722726,307.2809213034843,300.9857144661871,303.7149658203125,6280900
2026-03-26,302.9679242862715,306.6633753539059,301.8124669695884,304.3325500488281,7652700
2026-03-27,303.12728370586404,303.3962145496307,293.1664767786049,294.36175537109375,9974400
2026-03-30,297.55920487944724,299.50154404760565,294.73033927812014,298.36602783203125,9330300
2026-03-31,300.4179440831887,302.1511147673973,295.42757006738316,301.055419921875,10246900
2026-04-01,303.85443440443186,303.85443440443186,292.7381994806606,297.340087890625,7707600
2026-04-02,296.6328211241279,301.28453138114594,294.6904819925192,299.6210632324219,4376000
2026-04-06,299.5612984468797,303.2268985064469,298.286316373369,302.1411437988281,5501000
2026-04-07,301.25467300034336,303.78472668848525,299.93983907756353,301.3642272949219,4413900
2026-04-08,306.5239246667074,309.86077069237774,306.49404346163476,307.74908447265625,6879300
2026-04-09,306.792884650012,308.3666789299265,302.40016469931186,307.0817565917969,4811500
2026-04-10,307.5000714824076,307.7889434035062,302.3204699616491,303.1671142578125,5190000
2026-04-13,302.7388065700545,308.53600366814584,301.155041869684,308.17742919921875,6787200
2026-04-14,307.26103010828473,310.8967187654788,306.28486003020583,310.149658203125,5571000
2026-04-15,311.7732461183575,315.4886379179251,310.2990358004714,314.6718444824219,4831400
2026-04-16,315.11015221046245,316.7536793728972,313.3371296864953,313.86505126953125,5695800
2026-04-17,315.35915946176345,318.1880250357548,313.94471147578236,315.7774963378906,8082300
2026-04-20,315.159944872979,316.305431661891,311.1258299735145,312.7095947265625,5506800
2026-04-21,312.7793059315876,315.6480231708821,307.60964473951947,308.7252502441406,6806900
2026-04-22,309.7910754200902,310.13967935479974,306.85262512774335,310.0699768066406,5666600
2026-04-23,309.2830795800573,310.9764290509568,303.81460587135535,307.66943359375,7275000
2026-04-24,305.8963913711518,308.76510867259884,303.30657545190263,308.2073059082031,5616900
2026-04-27,306.30480434695374,309.6018292319215,304.86047508523666,308.4364013671875,6261500
2026-04-28,310.97639628878363,312.7294775914766,307.5299352956203,308.0877380371094,8839900
2026-04-29,335.08154973186936,340.63969719893055,332.4817936312549,333.5475769042969,16658600
2026-04-30,330.8183346281009,331.1968501776938,326.79415987691567,328.5472717285156,11241100
2026-05-01,331.57538274233434,334.5337439447337,326.64477060567737,326.744384765625,6726100
2026-05-04,326.71448703065977,328.49748009021664,324.12467099289546,325.5690002441406,6712400
2026-05-05,323.8357678318997,324.30392695664557,318.3971759556802,320.7678527832031,5893200
2026-05-06,322.48111808541825,323.30785166941854,316.7536542120865,317.5505065917969,7808400
2026-05-07,318.2876422602183,322.4213711748579,318.2876422602183,320.02081298828125,7186100
2026-05-08,319.7319477733878,319.8116512556435,314.92089116273706,317.54058837890625,5950200
2026-05-11,317.8493444570379,323.9055014903766,316.76362018617493,322.5906677246094,9586200
2026-05-12,323.71861575326017,328.30010079044166,323.5988431448615,325.8147277832031,6235200
2026-05-13,323.1895917984963,324.8165740981451,319.20696990140226,319.7160339355469,7950400
2026-05-14,320.77407458719756,322.7304316048222,319.65615629141206,321.92193603515625,5277400
2026-05-15,323.3992105807512,328.39993034372947,323.23950361156534,325.1459655761719,6054500
2026-05-18,323.82839540100866,332.8117065140525,323.16961559740014,332.023193359375,5305800
2026-05-19,332.71188949315723,334.5485043686942,328.87901369831957,329.2982482910156,12858100
2026-05-20,329.4779084191791,331.0450044691208,326.21398296632935,330.1366882324219,9422500
2026-05-21,329.2283866364193,331.90340990418883,326.6332016248708,330.5060119628906,7034500
2026-05-22,329.9071152744464,332.81172300019847,328.21028581229956,328.2701721191406,7462100
2026-05-26,325.85465137912865,327.890877227978,323.90828545299996,325.8746337890625,8705100
2026-05-27,325.2258042905605,330.8453695289686,325.0561365774909,327.00250244140625,5917400
2026-05-28,325.4054745838858,326.473467283892,320.304934449476,324.3474426269531,8105400
2026-05-29,324.89643108147584,331.0550035619541,324.7467153160326,325.75482177734375,14104500
2026-06-01,326.65317320088843,327.2520362551611,318.0890659929148,322.1714782714844,10079300
2026-06-02,321.911976472278,322.900130958607,312.8088926463686,316.7315979003906,10125300
2026-06-03,317.0609741306723,317.0609741306723,308.42701995550726,311.8207092285156,8992800
2026-06-04,316.20257521300795,324.15779741844494,316.1127457580593,319.5862731933594,6981700
2026-06-05,321.8021573858913,325.3755359367605,320.3748163907789,322.9700012207031,7176300
2026-06-08,320.7541174065557,323.3193590911711,317.83951864495947,319.0772399902344,5582000
2026-06-09,318.06910016973313,324.8864216353897,316.4121747162161,324.4472351074219,6340400
2026-06-10,326.0143312805488,326.2938108474966,319.58627077976143,322.3611145019531,5793100
2026-06-11,321.40291602859213,323.10973664985323,317.3703988636284,318.4583740234375,5958900
2026-06-12,321.1633691478087,325.3256196452838,319.20698165018104,321.7922058105469,5543200
2026-06-15,322.7603745094088,325.8346802814496,322.15152026202406,323.21954345703125,6803000
2026-06-16,325.0860736201939,332.67198698922914,323.77850519751286,332.5022888183594,9248400
2026-06-17,332.88160485990437,336.19545603301555,329.35815161011175,329.76739501953125,6895200
2026-06-18,330.3862161708477,331.71373650670535,326.3936334980882,326.6331787109375,14716700
2026-06-22,327.7211572947962,332.3825110173034,325.255736249892,325.994384765625,15132400
2026-06-23,328.2102765273601,330.6657064213508,327.4816192000871,327.87091064453125,11113400
2026-06-24,328.3899311009871,334.1791639025663,326.6132329961447,331.61395263671875,8197200
2026-06-25,331.94333024120465,339.30965035180515,329.45795720555896,329.9071044921875,7050200
2026-06-26,331.62391484212816,339.09005558153274,330.82541047321376,335.6065368652344,16717400
2026-06-29,337.6427420814022,345.16876934692397,337.6427420814022,341.0164794921875,11710900
2026-06-30,341.12627604022873,343.65158338253525,338.4512224777037,342.45379638671875,7957900
2026-07-01,343.92108647429916,352.7047566164018,340.34773820340007,350.4289855957031,13025900
2026-07-02,351.85633962893826,361.45849609375,351.85633962893826,361.45849609375,9814800
2026-07-06,362.3268927646901,364.3431361331269,348.20313705903584,356.5875549316406,11623800
2026-07-07,347.744003265132,355.4197158554798,346.2767278330053,351.54693603515625,7332500
2026-07-08,349.650411586948,350.94801921810193,345.0489747278172,346.88555908203125,10215200
2026-07-09,344.6597048505295,347.8537833381742,343.7813622043677,347.5543518066406,6606300
2026-07-10,349.9798320131086,350.5188392207221,344.68964152124937,348.3229064941406,4702800
2026-07-13,351.0777829959364,358.82337258284446,350.3990207986449,357.08660888671875,9964600
2026-07-14,355.11029633051527,359.2725774384029,353.0241754046451,355.3598327636719,6632400
2026-07-15,353.3435751194357,359.7616446111089,348.4726192666298,354.4814758300781,8850000
2026-07-16,357.3760808599296,364.4629211425781,356.4477822451955,364.4629211425781,9073200
2026-07-17,362.8958306673428,363.95386264682946,356.3380062665893,357.8951110839844,7400400
2026-07-20,356.4378309524324,362.32688441407214,355.76905993924623,359.9013977050781,7616800
2026-07-21,356.32803071902083,358.45408597568553,354.03230774816586,355.16021728515625,6027300
2026-07-22,355.9088319271366,356.8670433033565,351.61678699139844,352.7646789550781,4622200
2026-07-23,351.39717584563147,351.39717584563147,347.8537708520506,350.9480285644531,4183300
2026-07-24,352.8145729386106,355.18017344855315,350.39904686549784,355.0803527832031,4482800
2026-07-27,358.6836615690858,362.9856670774005,357.58569521245334,361.8577575683594,6631100
2026-07-28,364.3830556294341,370.47175030489075,362.057389622598,365.91021728515625,11061900
2026-07-29,356.33800494846076,373.27653822285373,354.82083449278736,368.0462646484375,11289900
2026-07-30,364.32318621955545,366.31947765089546,360.08106692795786,365.5908203125,8391400
2026-07-31,363.08547994976436,366.199689577411,359.43226312933626,365.4510803222656,7828400
2026-08-03,367.8166822243689,371.28024894435134,363.67438375420267,364.991943359375,5521300
2026-08-04,361.0891957111975,370.4218335736103,359.4222790007568,368.9046630859375,7497500
2026-08-05,371.6096355733356,371.7094562365133,366.03999591549916,367.85662841796875,6065300
2026-08-06,368.88472547054477,370.4118872220017,364.5727285978463,369.7830505371094,5022300
2026-08-07,367.82668528799354,369.56344907563306,360.8496260625997,361.82781982421875,5112500
2026-08-10,361.3287562034755,363.49474585206144,358.2045551780129,360.6500244140625,7552200
2026-08-11,360.9800109863281,364.54998779296875,359.9700012207031,362.82000732421875,4440900
2026-08-12,361.0,363.3500061035156,358.30999755859375,359.4200134277344,3794200
2026-08-13,363.70001220703125,365.45001220703125,358.7099914550781,365.45001220703125,8142600
2026-08-14,365.8900146484375,366.79998779296875,362.760009765625,364.1499938964844,8106900
2026-08-17,362.8399963378906,363.55999755859375,358.5199890136719,358.8399963378906,15543400
2026-08-18,359.6199951171875,365.9100036621094,358.04998779296875,364.25,6820300
2026-08-19,364.0899963378906,370.6400146484375,362.8999938964844,365.5400085449219,5866400
2026-08-20,365.1000061035156,368.92999267578125,363.6300048828125,365.7300109863281,6151500
2026-08-21,367.8699951171875,371.79998779296875,366.6600036621094,371.0400085449219,6667100
2026-08-24,373.260009765625,383.42999267578125,372.2099914550781,382.4100036621094,8477500
2026-08-25,381.2099914550781,384.20001220703125,380.2699890136719,384.1400146484375,6777600
2026-08-26,384.1400146484375,385.57000732421875,381.0799865722656,383.8999938964844,6075100
2026-08-27,381.1400146484375,381.7699890136719,378.5,379.6600036621094,6641500
2026-08-28,380.29998779296875,383.67999267578125,379.0299987792969,381.6000061035156,4643000
2026-08-31,381.3500061035156,382.4800109863281,378.79998779296875,379.3699951171875,6744800
2026-09-01,379.6499938964844,380.75,372.2200012207031,372.6700134277344,5857400
2026-09-02,374.010009765625,380.1700134277344,374.010009765625,378.3999938964844,5599900
2026-09-03,380.1700134277344,382.2099914550781,376.8599853515625,378.75,3869500
2026-09-04,374.8900146484375,377.5,373.6400146484375,375.07000732421875,4645100
2026-09-08,371.6000061035156,373.5,367.44000244140625,368.6400146484375,4929000
2026-09-09,368.45001220703125,369.4800109863281,365.8800048828125,367.3900146484375,4479800
2026-09-10,366.3999938964844,368.0,365.5199890136719,367.2099914550781,3800200
2026-09-11,368.9200134277344,371.80999755859375,367.9800109863281,370.45001220703125,3492700
2026-09-14,375.07000732421875,377.1700134277344,371.6700134277344,375.2799987792969,6198200
2026-09-15,374.82000732421875,376.3699951171875,372.82000732421875,375.6199951171875,5014000
2026-09-16,374.9599914550781,376.4700012207031,368.1199951171875,370.92999267578125,7202300
2026-09-17,371.3800048828125,372.4800109863281,368.3900146484375,369.92999267578125,4710000
2026-09-18,368.55999755859375,370.79998779296875,366.92999267578125,368.2900085449219,19583000
2026-09-21,369.5400085449219,370.8999938964844,366.0899963378906,369.95001220703125,7108400
2026-09-22,371.760009765625,372.0,359.79998779296875,362.0400085449219,8773500
2026-09-23,361.239990234375,366.3299865722656,360.0,361.5199890136719,5125600
2026-09-24,362.2699890136719,368.2099914550781,362.0,367.9800109863281,4415500
2026-09-25,366.0199890136719,368.3299865722656,363.7900085449219,367.3800048828125,4576700
2026-09-28,366.70001220703125,370.5,366.05999755859375,367.739990234375,6381000
2026-09-29,366.92999267578125,368.260009765625,365.0,365.8800048828125,5471000
2026-09-30,364.5,364.6000061035156,359.3299865722656,359.3299865722656,7414100
2026-10-01,358.3500061035156,363.239990234375,357.3599853515625,359.8500061035156,5270600
2026-10-02,360.2099914550781,361.3800048828125,356.75,360.6600036621094,4009200
