Date,Open,High,Low,Close,Volume
2015-01-02,24.936401253846174,25.058430208599496,24.88865061729641,24.915178298950195,11421200
2015-01-05,24.978837556801476,25.021281426337186,24.702945321058753,24.708250045776367,18964500
2015-01-06,24.824978310383397,25.13800974241008,24.655198756463697,24.957618713378906,22950100
2015-01-07,25.188455874889918,25.252877955135176,24.72140705642929,24.79656410217285,20793600
2015-01-08,24.92003515557577,25.36024448541244,24.764353590888952,25.328033447265625,17617500
2015-01-09,25.35488242620399,25.397830489721514,25.027410609450204,25.102567672729492,13037600
2015-01-12,25.231408780285438,25.37635541689606,25.05425109735813,25.274356842041016,12730300
2015-01-13,25.489084542248136,25.660872649946253,25.193823860134238,25.328033447265625,13072800
2015-01-14,25.16698787713158,25.413933080174434,25.00056721531945,25.215303421020508,14795900
2015-01-15,25.370991215874234,25.52130741572502,25.124045952523506,25.285097122192383,12475800
2015-01-16,25.301191398402814,25.78434467301915,25.29582186822194,25.76287269592285,18050200
2015-01-20,25.843401764706805,25.902454319831882,25.612561075332103,25.86487579345703,16460300
2015-01-21,25.70918085409444,25.982969480601668,25.558866814678833,25.902442932128906,24880200
2015-01-22,25.832663446010415,26.025925599252236,25.183089468184505,25.66087532043457,38451100
2015-01-23,25.687716855235468,25.730664910607814,25.220668016379186,25.311931610107422,24317800
2015-01-26,25.2206693416778,25.285089380245477,24.957619656265404,25.209932327270508,15064400
2015-01-27,25.04888220598819,25.150880775111563,24.871726580892204,24.882461547851562,17008900
2015-01-28,25.140144204362755,25.247510250116502,24.71067182984355,24.72140884399414,19575800
2015-01-29,24.694565690393183,24.844879782753544,24.356356934706454,24.753618240356445,19161600
2015-01-30,24.603307205201745,24.96835546802694,24.45836057761066,24.53888511657715,22768000
2015-02-02,24.801933603653385,25.311930475011557,24.565723405450157,25.220666885375977,23172300
2015-02-03,25.36560995714906,25.752134192768672,25.344135933420056,25.676977157592773,21481800
2015-02-04,25.59108575445814,25.934664053485818,25.58571827147964,25.66087532043457,19937400
2015-02-05,25.795089014627038,25.838037076773876,25.521302286008055,25.693090438842773,18762300
2015-02-06,25.90245419076919,26.713079317228303,25.76824458356313,26.482240676879883,47425400
2015-02-09,26.33193096488365,26.55740422503478,26.29435242950456,26.353404998779297,21052900
2015-02-10,26.43928988263815,26.605710515581443,26.310447771992397,26.578866958618164,15100800
2015-02-11,26.51444459331301,26.777496274116658,26.39097202407887,26.739917755126953,19402900
2015-02-12,26.766765112365896,26.836554683404824,26.439293334271085,26.584239959716797,20447300
2015-02-13,26.53592998678594,26.627191558324757,26.321193745236314,26.47150993347168,14619600
2015-02-17,26.278247426269537,26.476877116320217,26.246036376041094,26.40172004699707,15363700
2015-02-18,26.423192919419744,26.471508468701096,26.133299623731638,26.272876739501953,13513400
2015-02-19,26.165505723721044,26.380239864898194,26.165505723721044,26.25676727294922,11609800
2015-02-20,26.21919471419913,26.29435178310972,25.993721459590812,26.288984298706055,13481500
2015-02-23,26.272873570250745,26.305084615178238,26.058139414362774,26.181612014770508,12255700
2015-02-24,26.127926377419506,26.525187731468296,25.93466625564362,26.423189163208008,16307000
2015-02-25,26.476874651686252,26.51982271465963,26.321190995222288,26.41245460510254,11398900
2015-02-26,26.337289313410484,26.55202341755236,26.262130226691323,26.503707885742188,13581400
2015-02-27,26.423190679466785,26.659398873775906,26.331927072837985,26.546663284301758,17571200
2015-03-02,26.369506950500664,26.57887364104735,26.315823918828933,26.557401657104492,10914400
2015-03-03,26.568130899098332,26.675496931026164,26.455393288972846,26.600339889526367,11381400
2015-03-04,26.60571455517758,26.60571455517758,26.262136223914712,26.342662811279297,13870600
2015-03-05,26.401723275593916,26.423197311705547,26.203093561253333,26.262144088745117,9653500
2015-03-06,26.031297313938822,26.10645436919887,25.891718170276302,25.92392921447754,15644900
2015-03-09,25.907816683162743,26.101078807970016,25.8648706820254,25.891712188720703,13119000
2015-03-10,25.82729028143649,25.945395359742133,25.47834457619285,25.505186080932617,18764700
2015-03-11,25.537403972700233,25.7843491592172,25.42466839379589,25.59645652770996,14392800
2015-03-12,25.736034313515404,26.176241674541707,25.66087725888303,26.160137176513672,15806000
2015-03-13,26.03665786203715,26.267498497633714,26.020553368164332,26.21918296813965,20717400
2015-03-16,26.283608724638626,26.519818941633407,26.106453109768605,26.450029373168945,16111200
2015-03-17,26.310443468297514,26.46612706256494,26.235286435996148,26.278234481811523,15679200
2015-03-18,26.170879203000872,26.67550670065395,26.025932549362146,26.594982147216797,17978300
2015-03-19,26.4285584022085,26.573505039075886,26.30508579625694,26.466136932373047,13625000
2015-03-20,26.48760208600112,26.78823227443797,26.407075520993295,26.6057071685791,26280800
2015-03-23,26.723817716059003,26.76139624419348,26.54666209026448,26.64866065979004,13131700
2015-03-24,26.594979932194406,26.78824212094977,26.51445333758755,26.525190353393555,11419600
2015-03-25,26.509082984879566,26.525187482907604,26.15476969312971,26.160137176513672,14915500
2015-03-26,26.101075718809835,26.2782333282078,25.98297269375331,25.99370765686035,17919400
2015-03-27,26.025918685812947,26.15476076970764,25.95076165682248,26.068866729736328,11716500
2015-03-30,26.160138254095607,26.466136016489788,26.149401239009254,26.369504928588867,11157600
2015-03-31,26.353400049031624,26.385611093825155,26.079613335853324,26.106454849243164,12785700
2015-04-01,26.009831332002257,26.450038832906685,25.999094313946443,26.262144088745117,13573600
2015-04-02,26.246034339354576,26.62718918870246,26.229929839428333,26.557401657104492,13344200
2015-04-06,26.594968317905174,26.74528237779286,26.519811287961332,26.64328384399414,14130000
2015-04-07,26.739922613366502,26.739922613366502,26.439292358953175,26.450029373168945,11498700
2015-04-08,26.46631863281191,26.75405435728109,26.433743956628806,26.67262077331543,15498600
2015-04-09,26.55318812036611,26.69977108846978,26.422891458386676,26.60747718811035,10810900
2015-04-10,26.62375746688259,26.737765717063866,26.5694663446573,26.721479415893555,9241900
2015-04-13,26.74861712947226,26.878911647641903,26.623750686645508,26.623750686645508,12235700
2015-04-14,26.710626292925127,26.797490034081186,26.564043341412724,26.69976806640625,11956500
2015-04-15,26.683473849242556,26.873487579487666,26.629182732748,26.81376838684082,11055800
2015-04-16,26.74319083981847,26.911490193635206,26.65089904872158,26.748620986938477,11724100
2015-04-17,26.591181297364457,26.66718679320877,26.439170305675827,26.54775047302246,18105100
2015-04-20,26.68347361229467,26.862629117649973,26.629182496282215,26.808340072631836,17062500
2015-04-21,26.5857521235836,26.81919874889501,26.308872604728514,26.6943302154541,33469100
2015-04-22,26.85177600525709,26.976642489360614,26.77577049936753,26.911495208740234,18687000
2015-04-23,26.938636265280742,27.25351854452922,26.846344468876875,27.172082901000977,22580200
2015-04-24,27.112367201712306,27.286094664048882,27.04721992108477,27.16122817993164,17184200
2015-04-27,27.14492924071988,27.324086767785627,27.14492924071988,27.18836212158203,16562300
2015-04-28,27.329534193968925,27.492403470539422,27.18295122375691,27.44354248046875,16342000
2015-04-29,27.389248204214205,27.47611193993541,27.220948810194134,27.40010643005371,13683200
2015-04-30,27.40010222979199,27.497824176372546,27.26980561068641,27.383813858032227,15604900
2015-05-01,27.55211075312537,27.56296897632572,27.17208122509029,27.367525100708008,13872800
2015-05-04,27.37295307061024,27.611829838102576,27.302377726573237,27.427244186401367,12594800
2015-05-05,27.519542272521594,27.519542272521594,27.177517484265373,27.193803787231445,12646200
2015-05-06,27.18294003455978,27.23722908073811,26.797482422108317,26.949493408203125,15513300
2015-05-07,26.92778034712571,27.063505050631374,26.775769341917645,26.99835777282715,10832400
2015-05-08,27.248086065434237,27.345808000908132,27.11779153213189,27.2209415435791,13264100
2015-05-11,27.220943541191396,27.296949036361152,27.030929803267014,27.036357879638672,9900500
2015-05-12,26.819204254706484,27.041792702327957,26.585757581469966,26.938640594482422,20448900
2015-05-13,26.949496796725324,27.13408247633281,26.873491294121294,26.99835777282715,16200400
2015-05-14,27.090657442595877,27.22638217513194,27.047224534106707,27.128660202026367,12094600
2015-05-15,27.15037546238641,27.19380837227871,26.95493358085646,27.03093910217285,14083300
2015-05-18,27.025500188589948,27.03635841254171,26.900633719636385,26.927778244018555,15040800
2015-05-19,26.88977272809354,26.91691932067615,26.77576449482587,26.900630950927734,15675100
2015-05-20,26.911491522249182,27.123221708507426,26.906063445855516,26.976638793945312,13583600
2015-05-21,26.971212161472543,27.19922866011322,26.965782013793742,27.09065055847168,15667600
2015-05-22,27.014640125831114,27.085217541216334,26.916920258905687,26.93320655822754,12324400
2015-05-26,26.916922938514013,27.009214738518008,26.716048895573802,26.83005714416504,17460100
2015-05-27,26.846347928119854,26.97121441222338,26.74862597169193,26.911495208740234,14517400
2015-05-28,26.85721322520783,26.954935207367097,26.808352234128197,26.89521598815918,8432800
2015-05-29,26.8734827145368,26.949488192875446,26.802905311367788,26.84090805053711,14778400
2015-06-01,26.84091574280008,26.89520686502537,26.678046518113323,26.721479415893555,11968000
2015-06-02,26.721474347672267,26.770335312910362,26.591177750039286,26.678041458129883,11094100
2015-06-03,26.683478139732806,26.840917225396126,26.531465060099894,26.645475387573242,17697800
2015-06-04,25.993999397877538,26.352312581952514,25.993999397877538,26.113435745239258,38418900
2015-06-05,26.03742726945076,26.04285741748269,25.575964094480902,25.641111373901367,23574500
2015-06-08,25.651965493875057,25.93970116368076,25.543385331553967,25.755115509033203,16598600
2015-06-09,25.771407886726678,25.85284146788386,25.608536582422996,25.700830459594727,12295100
2015-06-10,25.820265236585602,25.88541250655838,25.71168507263472,25.771404266357422,13007300
2015-06-11,25.84741658273688,25.993999532114746,25.798555599610925,25.928850173950195,10029700
2015-06-12,25.92341932670149,25.92341932670149,25.63025345926656,25.65196990966797,10619100
2015-06-15,25.592252305814096,25.635685209331026,25.4782440405744,25.516246795654297,10875800
2015-06-16,25.510810532898606,25.7822598797986,25.46737764331741,25.74425506591797,10862000
2015-06-17,25.78768918037433,25.793117256332724,25.461950777019936,25.662822723388672,18216400
2015-06-18,25.744255073283792,26.015704420261446,25.727968775183264,25.93427085876465,14527300
2015-06-19,25.869128047187658,25.901700648994133,25.717114978444204,25.765975952148438,26861700
2015-06-22,25.85826526337325,25.939698824524903,25.73882688849117,25.803974151611328,9191900
2015-06-23,25.983131824060393,26.11885649754922,25.90169619156943,25.93427085876465,14411400
2015-06-24,25.84197661898994,25.945128694741385,25.67367935180664,25.67367935180664,17742300
2015-06-25,25.858267595185694,26.015706656007218,25.749687432864604,25.755115509033203,14445400
2015-06-26,25.836552216062277,26.325161931198863,25.72254397286188,25.85283851623535,18492800
2015-06-29,25.66824818082182,25.907124918507535,25.380512551512076,25.39137077331543,15032400
2015-06-30,25.592247709567573,25.65196690568065,25.29908187646398,25.30451202392578,15044100
2015-07-01,25.320802871817772,25.57596600249266,25.282800116737874,25.516246795654297,12545900
2015-07-02,25.641112734244906,25.722548391086914,25.575965451368166,25.624826431274414,9872400
2015-07-06,25.548816368851455,25.592247192696437,25.407661531617823,25.5379581451416,12051700
2015-07-07,25.63568360736426,25.76055009068032,25.423953393437266,25.65196990966797,18025800
2015-07-08,25.586053848266605,25.723377017236558,25.432250474158273,25.5860538482666,17859600
2015-07-09,25.8222478281316,25.904642567849532,25.393800210523025,25.4102783203125,16304500
2015-07-10,25.728876155501872,25.998030563277077,25.66296160282899,25.816762924194336,14727100
2015-07-13,26.02549718390928,26.0474673065676,25.78930107839751,25.926624298095703,10184400
2015-07-14,25.921118527809522,26.058441685693335,25.844217894656204,26.041963577270508,9973600
2015-07-15,26.080422373149148,26.09140848079788,25.83873429103432,25.998029708862305,9624000
2015-07-16,26.080411364182922,26.289143130628247,26.06393325735839,26.27266502380371,11011400
2015-07-17,26.24520347750107,26.338584322337166,26.0914021982243,26.140838623046875,10160400
2015-07-20,26.16282372924794,26.508876778197344,26.047470617545162,26.420989990234375,17246700
2015-07-21,25.805771622516218,26.009009341329076,25.58056169210591,25.80027961730957,31961600
2015-07-22,25.70139460554285,25.7288588093583,25.32787556657629,25.51463508605957,21026600
2015-07-23,25.520135507735716,25.60802224616957,25.360840139516508,25.459712982177734,13698200
2015-07-24,25.509152162487783,25.531124373318963,25.245491918669668,25.28943634033203,19528700
2015-07-27,25.234506054350415,25.40478754684095,25.1081689839421,25.17408561706543,15747800
2015-07-28,25.261973223559615,25.2894374406008,25.08070561939398,25.207042694091797,16150900
2015-07-29,25.26745721677041,25.761821348295918,25.25097911084782,25.575061798095703,15968700
2015-07-30,25.629996505271297,25.70689714563057,25.492673334519655,25.635488510131836,9592300
2015-07-31,25.734353151559592,25.910126586419928,25.657452535731274,25.701396942138672,12562900
2015-08-03,25.91563058511805,25.926616690916774,25.597039803111283,25.80027961730957,10321300
2015-08-04,25.827742206415312,25.86070052173441,25.575068075124758,25.635488510131836,9371900
2015-08-05,25.761822445273495,25.89914558816859,25.597032997491485,25.61900520324707,11946100
2015-08-06,25.591536022999467,25.651958529398787,25.426748702609625,25.613508224487305,9917200
2015-08-07,25.58055134534595,25.679424162157215,25.360833509013233,25.465200424194336,10538000
2015-08-10,25.55309881383926,26.003518698254037,25.55309881383926,25.943096160888672,13529500
2015-08-11,26.113381280856856,26.481406466094715,26.08042295717261,26.146337509155273,18511000
2015-08-12,25.98154648256748,26.30562928672054,25.871687514223375,26.28365707397461,15939800
2015-08-13,26.23971330553083,26.333092061504136,26.08591201551107,26.179290771484375,11168500
2015-08-14,26.157311600506553,26.16280569962288,26.052946766529885,26.085905075073242,8769500
2015-08-17,25.97055911462058,26.15731872311766,25.92661678664885,26.10239028930664,7784300
2015-08-18,26.124359921355392,26.195766459181648,25.99802285975675,26.069429397583008,8581400
2015-08-19,26.03097695016146,26.20125841685461,25.86069757885337,26.058441162109375,12578000
2015-08-20,25.8442160610007,26.030975626287436,25.75083732604981,25.750837326049805,13785900
2015-08-21,25.514639438234685,25.734355201620883,25.32238578796387,25.322385787963867,21305300
2015-08-24,24.36112962354957,25.196054752150026,20.906080244134476,24.575355529785156,36096800
2015-08-25,25.13564036810291,25.13564036810291,23.89423942565918,23.89423942565918,27851500
2015-08-26,24.377609362809213,24.888451715247925,24.168877560803494,24.80605697631836,30856900
2015-08-27,25.146618164732903,25.426758604334346,24.811549295406028,25.371828079223633,21488000
2015-08-28,25.30042573413923,25.355354172971083,25.07521578231162,25.305917739868164,12783900
2015-08-31,25.239996816629677,25.322389454058747,25.053237238251317,25.272953033447266,14785800
2015-09-01,24.767601449408996,25.020275522435316,24.542391585122964,24.663236618041992,21096300
2015-09-02,24.992816108874074,24.992816108874074,24.591832717254846,24.91042137145996,17197600
2015-09-03,25.064228196888607,25.34986067181271,25.003805660506615,25.113664627075195,12480800
2015-09-04,24.910413749309896,24.910413749309896,24.520416581703863,24.61928939819336,16045100
2015-09-08,25.036758350220126,25.212531819057496,24.839012673931826,25.20154571533203,14056500
2015-09-09,25.40478023006852,25.415766332424994,24.888445991622945,24.932388305664062,14423600
2015-09-10,24.921405941123773,25.053237093789257,24.734646363822307,24.970842361450195,16412900
2015-09-11,24.959856701275772,25.13013817329136,24.8609838588648,25.119152069091797,11227400
2015-09-14,25.146622846194486,25.20704538737229,25.047749977973655,25.07521629333496,9677800
2015-09-15,25.22351720147684,25.569572153833093,25.119152353477087,25.470699310302734,12023000
2015-09-16,25.509151248922496,25.52563145414835,25.32239165431663,25.371828079223633,11932500
2015-09-17,24.93789188996065,25.1301435158622,24.460005684915828,24.844511032104492,31675000
2015-09-18,24.80606026594533,24.860988702259146,24.399582712912302,24.481977462768555,26889300
2015-09-21,24.509435953545633,24.65774521139857,24.459999534261318,24.608308792114258,10584300
2015-09-22,24.405061721801758,24.45999012414811,24.229288319832342,24.405061721801758,12368600
2015-09-23,24.366624035842435,24.43253857185929,24.11394990162339,24.15789222717285,11670300
2015-09-24,24.05352773428489,24.27873765651814,24.03704752849246,24.21831512451172,14438300
2015-09-25,24.34464895959547,24.459999907892527,24.207325803417522,24.28972053527832,17514800
2015-09-28,24.174369186852285,24.267750029201967,23.998595702249,24.02606201171875,15265200
2015-09-29,24.048030631027327,24.168875679950308,23.806342628566455,23.910707473754883,15652500
2015-09-30,24.07550631992789,24.168885097473805,23.77339357990074,23.899730682373047,20380600
2015-10-01,23.888731194718286,23.971123810582803,23.44929552856932,23.597604751586914,22323500
2015-10-02,23.372397165339923,23.564650811631783,23.180145614432817,23.531692504882812,22336700
2015-10-05,23.75142077830126,24.179868477064122,23.75142077830126,24.168882369995117,14484600
2015-10-06,24.16888303225999,24.405079102251573,24.15789692488995,24.201841354370117,15087900
2015-10-07,24.360412780898223,24.47726425306829,24.1823560227202,24.399362564086914,11897000
2015-10-08,24.304772477745047,24.655322672669445,24.232436251547032,24.610807418823242,10280900
2015-10-09,24.63863012259855,24.777737116737168,24.48283096839667,24.57185935974121,11981200
2015-10-12,24.58299233314562,24.65532857666536,24.48839845737293,24.649763107299805,9886700
2015-10-13,24.560728790395032,24.76104318725692,24.560728790395032,24.683143615722656,11566400
2015-10-14,24.627505746543363,24.783307051426892,24.443885584943935,24.477272033691406,19559200
2015-10-15,24.61637452049246,24.87233087928198,24.51621731529582,24.855636596679688,11774000
2015-10-16,24.99474625063311,25.0225693503969,24.733226518210376,24.872333526611328,15620900
2015-10-19,24.74991867998505,24.93910429631453,24.627503833358773,24.872333526611328,17547400
2015-10-20,24.99475064596899,25.484407995976024,24.92241651715575,25.172809600830078,19747400
2015-10-21,25.28408614225017,25.434321948563138,24.877893979672564,24.96135902404785,17081800
2015-10-22,25.028135383255453,25.540050332873193,25.028135383255453,25.53448486328125,15378600
2015-10-23,25.673586456770625,25.779309130610436,25.562300437120218,25.684715270996094,13285100
2015-10-26,25.773732371533804,25.90171049515708,25.679140675961385,25.795989990234375,10802500
2015-10-27,25.701404005002725,25.762611413781638,25.601246812928867,25.690275192260742,9540400
2015-10-28,25.840516265227613,26.040830690343277,25.62907514769835,25.862773895263672,11447300
2015-10-29,25.868334975957772,25.9072847606115,25.595684360777614,25.818256378173828,7902300
2015-10-30,25.834947520803016,26.14098244073725,25.75148248691005,26.08534049987793,14753200
2015-11-02,26.163241052957886,26.196627492295153,25.885027092959533,26.02969741821289,11689100
2015-11-03,25.985176273028014,26.012997235925432,25.695833589167343,25.8460693359375,11900900
2015-11-04,25.918419405162116,25.957369198579208,25.617947750854917,25.6735897064209,9702000
2015-11-05,25.70697212219238,25.83495029800941,25.65132805274745,25.706972122192383,11646900
2015-11-06,25.590129561241667,25.61238507233018,25.20062946202824,25.473278045654297,14144400
2015-11-09,25.334168305374114,25.339733774503696,25.055954281822526,25.20619010925293,10743200
2015-11-10,25.189492073582194,25.22287851276123,24.927970273189878,25.094898223876953,9996700
2015-11-11,25.23956375710723,25.339720924603963,25.1115856258844,25.21730613708496,7904000
2015-11-12,25.05038453928361,25.08933432282758,24.91127756302544,24.944664001464844,11053500
2015-11-13,24.889021387549622,25.033693839945656,24.60524407339453,24.610807418823242,12615600
2015-11-16,24.627502430593278,25.078209876278,24.58298929419475,25.0615177154541,10112500
2015-11-17,25.04482455931603,25.21731801180981,25.000311420913924,25.083776473999023,10657500
2015-11-18,25.083772042870876,25.278520968860455,24.805558078540564,25.250699996948242,13585600
2015-11-19,25.284089951967587,25.523354184450366,25.234011342317597,25.462146759033203,9320900
2015-11-20,25.573423624742166,25.590117903709473,25.217310138295527,25.25625991821289,12229700
2015-11-23,25.211752000946447,25.317472550757135,25.00587212445644,25.033695220947266,10290100
2015-11-24,24.90015382034894,25.22844643606889,24.861204028874067,25.144981384277344,11127400
2015-11-25,25.10046601973851,25.111594833830367,24.97805118733231,24.99474334716797,7013900
2015-11-27,24.9502316546576,25.256266630746993,24.944668308592426,25.167238235473633,4108300
2015-11-30,25.1783601544176,25.395366675800393,25.01699556886493,25.28964614868164,19400000
2015-12-01,25.323039965498964,25.534483221700125,25.222884867934823,25.36199188232422,10580000
2015-12-02,25.28965161409161,25.345293561946658,24.966922373240447,24.99474334716797,12160400
2015-12-03,24.972496155335136,25.06708792270069,24.66646109503988,24.7944393157959,17077700
2015-12-04,24.894596129547256,25.47327978689557,24.877901841833754,25.434329986572266,14158600
2015-12-07,25.29521602764324,25.662458417760295,25.289652681664585,25.629074096679688,13192100
2015-12-08,25.41206624486257,25.590125161188038,25.284088057038336,25.428760528564453,13776100
2015-12-09,25.36198735506882,25.66802230757563,25.10602888110286,25.239572525024414,13467900
2015-12-10,25.30077115086673,25.406491662067292,25.15053539962163,25.21730613708496,10402500
2015-12-11,25.217310380085163,25.234002536608706,24.889017858631203,24.939096450805664,16481900
2015-12-14,24.950224821348023,25.317467116596703,24.86119645045755,25.28964614868164,16723100
2015-12-15,25.32861232210354,25.51779799802077,25.15611881321851,25.345304489135742,16742600
2015-12-16,25.556743620622534,25.91285727640139,25.428765408239812,25.879470825195312,18808300
2015-12-17,25.86833388884345,25.97961777026079,25.61237544281321,25.651325225830078,15508600
2015-12-18,25.54004812332097,25.61794771003102,25.350862503051758,25.350862503051758,31635100
2015-12-21,25.445450925475,25.551171476103168,25.3286015606853,25.5400447845459,10360600
2015-12-22,25.706974380938995,25.851644728998874,25.51222330467622,25.784873962402344,11181500
2015-12-23,25.879460830560102,26.235576471412088,25.812690076539603,26.124290466308594,12685500
2015-12-24,26.102037290554655,26.13542373455851,25.929543847107936,25.990751266479492,4279900
2015-12-28,25.940675689889563,26.063090542922442,25.90729136459304,26.013011932373047,6254900
2015-12-29,26.140982788994204,26.280089765599712,26.063083221711764,26.26896095275879,7667100
2015-12-30,26.263395929181076,26.263395929181076,25.940666745231578,26.024131774902344,8970700
2015-12-31,25.885029468260942,25.95736569882748,25.712536033095894,25.718101501464844,11490900
2016-01-04,25.412065645210795,25.545609298652543,25.239574324328803,25.523351669311523,17821600
2016-01-05,25.706975290834215,25.90172425138571,25.389811485019226,25.873903274536133,15632800
2016-01-06,25.623244967894166,25.88234957971108,25.504956211445382,25.6401424407959,19082700
2016-01-07,25.414833135451836,25.72463231908262,25.347241094173473,25.499324798583984,19277600
2016-01-08,25.719000486383713,25.764063279609363,25.178259859949403,25.25148582458496,16594800
2016-01-11,25.4091996575376,25.476791694285467,25.121929741112968,25.397933959960938,14226200
2016-01-12,25.482422993754994,25.488054767607423,25.082498291452165,25.30780792236328,15123000
2016-01-13,25.409196409117406,25.499319829496837,24.82902702471931,24.86845588684082,19291000
2016-01-14,24.907884256597196,25.45425654178569,24.812126915686523,25.274009704589844,18435000
2016-01-15,24.806495033018724,25.093762757064134,24.705105918952867,25.02617073059082,27993900
2016-01-19,25.20078590421839,25.352867427274052,25.082497171480288,25.274009704589844,20364300
2016-01-20,24.998010991322488,25.217686719001662,24.665680438273668,25.020540237426758,28290200
2016-01-21,25.34724182910871,26.096394674550943,25.026176937836983,25.83728790283203,31354100
2016-01-22,26.141460573283712,26.541383286811676,25.910519076162082,26.496322631835938,23075700
2016-01-25,26.518844103346243,26.91313274441015,26.21467673848671,26.490678787231445,24298800
2016-01-26,26.547011445183244,27.189141217273853,26.501948651283136,27.177875518798828,22620900
2016-01-27,27.2004130818628,27.876340102605685,27.177881679805058,27.617233276367188,33795700
2016-01-28,27.63412807530471,27.85943561038847,27.3017974734972,27.6059627532959,20085200
2016-01-29,27.82001057049964,28.157975142751674,27.724255338358144,28.146709442138672,29082600
2016-02-01,28.129797743406215,28.73813242313183,27.988979769252516,28.5916805267334,28536600
2016-02-02,28.50719246481985,28.518458161164,27.966451932571854,28.11290168762207,21607000
2016-02-03,28.30441499596563,28.51282501220703,27.83689825420278,28.51282501220703,20309800
2016-02-04,28.37201421130721,28.501566532516264,27.977723323572604,28.405811309814453,19594300
2016-02-05,28.343854164598643,28.839534253839876,28.338222388582217,28.70998191833496,25790300
2016-02-08,28.50156727123896,28.614222120470497,28.034052547690013,28.580427169799805,27058100
2016-02-09,28.197396179712978,28.507195339930554,27.79747143965253,28.248090744018555,22633900
2016-02-10,28.270622732555072,28.34384869892438,27.949557843713418,28.15233612060547,18633100
2016-02-11,27.93829202832514,28.219928045339355,27.752413374426148,27.820005416870117,30521000
2016-02-12,27.90451134909636,28.270637069188336,27.79748823273394,28.225576400756836,20990900
2016-02-16,28.29879379272461,28.33258874658583,27.92703425926205,28.29879379272461,16360000
2016-02-17,28.39454566297619,28.50156658537891,28.20866699262278,28.34385108947754,15228900
2016-02-18,28.231186677610562,28.783192874946018,28.14106326067236,28.693069458007812,19678500
2016-02-19,28.58042583640033,28.76630450255467,28.33821867390192,28.64801788330078,15607000
2016-02-22,28.648013599848337,28.811362991753477,28.597319035074747,28.766300201416016,12456000
2016-02-23,28.70997570859211,28.72124140690099,28.3663794306641,28.518463134765625,11594600
2016-02-24,28.315681505583232,28.653643819932583,28.25935302071701,28.62548065185547,11244900
2016-02-25,28.670541309754846,28.895848786345194,28.602947132937093,28.788827896118164,12358700
2016-02-26,28.811356512933983,28.918377392851472,28.681802094202784,28.738130569458008,13011500
2016-02-29,28.648020747499235,28.940922511635094,28.552263368496817,28.57479476928711,15986300
2016-03-01,28.721242678711516,28.99161300396024,28.715608754951475,28.985979080200195,12003300
2016-03-02,28.985980912910236,29.402803200301847,28.833897192458394,29.35774040222168,14791100
2016-03-03,29.36899982984869,29.414062618305476,29.070466376814544,29.228181838989258,15404500
2016-03-04,29.14932173160303,29.290139710982757,29.008503752223305,29.18311882019043,13957600
2016-03-07,29.025401209151916,29.48728400941345,28.952177406979803,29.40842628479004,14907500
2016-03-08,29.3183119917148,29.712602886299187,29.25071994223855,29.549253463745117,14306500
2016-03-09,29.599949379365917,29.83089086186146,29.290150144122528,29.48166275024414,15466600
2016-03-10,29.59994261956852,29.66190288220973,29.284511680612702,29.47039031982422,15102100
2016-03-11,29.656270637379833,29.729494447783416,29.42532921128773,29.58867645263672,15223900
2016-03-14,29.59994635036702,29.712601192212674,29.41969946289893,29.594314575195312,11729400
2016-03-15,29.425327010441425,29.706962979670063,29.425327010441425,29.667531967163086,11295700
2016-03-16,29.667533292291253,30.067458019479993,29.515451752981413,29.97170066833496,11866400
2016-03-17,30.011124582643696,30.30966013523202,29.960430028333352,30.208271026611328,16401500
2016-03-18,30.309670402421027,30.332199651859288,29.988605499267578,29.988605499267578,23209400
2016-03-21,29.960437414482364,30.18574707778765,29.86468220424054,30.101255416870117,10679000
2016-03-22,30.08998726500351,30.11251865923905,29.909740408543243,29.97170066833496,10852000
2016-03-23,29.926637718881743,29.982964051411386,29.752022650100884,29.802717208862305,9716100
2016-03-24,29.70697645466477,30.20265443827262,29.66191364776611,30.168859481811523,15096400
2016-03-28,30.16885498852686,30.264610215855583,29.96607668511006,30.078731536865234,8527100
2016-03-29,30.140689193302187,30.461756267839263,30.02240256772737,30.444856643676758,10770500
2016-03-30,30.512438508067753,30.62509332045531,30.247702169975604,30.4392147064209,14528300
2016-03-31,30.422322824446645,30.563140838563847,30.37162825341596,30.461753845214844,12428600
2016-04-01,30.033662510396795,30.467382203076575,29.90974198428482,30.422319412231445,13807100
2016-04-04,30.43358544865779,30.653261184692383,30.304033146604368,30.653261184692383,11402700
2016-04-05,30.630727990848257,30.69268824661003,30.388520890349618,30.467378616333008,12979100
2016-04-06,30.521451845108988,30.521451845108988,30.24253639376319,30.46453094482422,12993600
2016-04-07,29.895314839577203,29.997774202630286,29.468401550653795,29.599321365356445,23076300
2016-04-08,29.713170658234652,29.92947403797015,29.627787116619842,29.701786041259766,12197900
2016-04-11,29.804238321554802,29.827007550079635,29.314710765236686,29.3773250579834,14975900
2016-04-12,29.405795738653897,29.70748052169248,29.377335278792618,29.57086944580078,12335000
2016-04-13,29.639181691252183,29.650566312051875,28.93904379752903,29.195192337036133,19752900
2016-04-14,29.18948122827262,29.3431702587158,29.166714171883058,29.23501968383789,10083300
2016-04-15,29.189488804298758,29.309026195486556,29.087029424077006,29.229333877563477,11862000
2016-04-18,29.22932390900425,29.542395337017474,29.132557955904087,29.445627212524414,14322900
2016-04-19,29.48547877606144,29.69608873385944,29.479787554020795,29.644861221313477,11393400
2016-04-20,29.684713550350924,29.724558628561283,29.405795831484514,29.4570255279541,15412500
2016-04-21,28.779649369005483,28.847954888991545,28.159201953032635,28.477962493896484,32172200
2016-04-22,28.546270505853204,28.819494760259122,28.48934742906446,28.773956298828125,17823300
2016-04-25,28.76257762049313,29.00165024956729,28.620273156237545,28.893497467041016,12439500
2016-04-26,29.018716101330845,29.030100715119627,28.62026330429569,28.71133804321289,10064300
2016-04-27,28.722731061216592,29.491176431357086,28.722731061216592,29.422868728637695,17012400
2016-04-28,29.200876587194863,29.348874450847617,28.98457318645292,29.04149627685547,13055600
2016-04-29,29.001649815363955,29.058570731656467,28.825191500627135,28.995956420898438,13684800
2016-05-02,29.155332666424428,29.286252483043157,29.052873301871806,29.21225357055664,11103800
2016-05-03,29.092723356671144,29.212258578677773,28.665809988310038,28.847959518432617,12900700
2016-05-04,28.734110961868442,29.02441322229091,28.5747306911382,28.939029693603516,9033800
2016-05-05,29.02441322229091,29.05287367472226,28.819494490555837,28.939029693603516,10788800
2016-05-06,28.978885848022305,29.10980571640849,28.808120896709635,29.098421096801758,9782300
2016-05-09,29.155341326837124,29.274876563857948,29.03580391842235,29.075651168823242,8719800
2016-05-10,29.246403899198885,29.343169858866883,29.183789609346398,29.337478637695312,7903500
2016-05-11,29.303334535004506,29.428563156327314,29.075648698792033,29.115493774414062,8508900
2016-05-12,29.15533540172717,29.371636594837216,29.081336482298205,29.297639846801758,9917100
2016-05-13,29.263489504539542,29.309027974688565,28.944726727677672,28.995956420898438,9561300
2016-05-16,28.899186348769003,29.217949080626116,28.825187430921314,29.161026000976562,7903400
2016-05-17,29.143953314899704,29.229334686518428,28.842266388611186,28.973188400268555,10466800
2016-05-18,28.984559314434026,29.04717359821268,28.495033999622308,28.68287467956543,10443100
2016-05-19,28.4608865177933,28.472271132967613,27.959974307090008,28.250276565551758,16022400
2016-05-20,28.347050845438456,28.347050845438456,28.159210068492897,28.26736068725586,15345800
2016-05-23,28.26734695418434,28.335652460671266,27.920123858170367,27.97135353088379,13263100
2016-05-24,28.09659221483957,28.244587894060228,28.005517449612928,28.221820831298828,11827300
2016-05-25,28.250275214548257,28.466576378336196,28.11935540339454,28.37550163269043,9490400
2016-05-26,28.375503616792006,28.620267419965867,28.34135194190761,28.55196189880371,11044000
2016-05-27,28.68288669081267,28.95041977121078,28.56335146521112,28.813806533813477,10649500
2016-05-31,28.961803783107317,29.12118408057723,28.796730091359937,28.973188400268555,15834500
2016-06-01,28.95610727335739,29.018721575310487,28.58611702669719,28.705652236938477,10670800
2016-06-02,28.728422187482778,28.89918708801269,28.529194660703276,28.899187088012695,8721100
2016-06-03,28.89917867311064,29.030098464441956,28.80810394125438,28.984560012817383,9500700
2016-06-06,29.06426163613672,29.0813374752828,28.830882425101386,28.865034103393555,10075600
2016-06-07,28.802424092108673,29.59363877567098,28.802424092108673,29.4570255279541,15210900
2016-06-08,29.320400281209437,29.42855302471495,29.166713426089107,29.326093673706055,10546200
2016-06-09,29.394411120430604,29.59932990566206,29.240722031507016,29.57086944580078,9790700
2016-06-10,29.519625135322197,30.071766903138638,29.439935018604945,29.980690002441406,15629000
2016-06-13,29.883935367838554,30.07177828956249,29.730246296808147,29.92378044128418,12394200
2016-06-14,29.809932859055557,30.22546155458809,29.781472405930142,30.16284942626953,10735900
2016-06-15,30.15146397055181,30.288075010304404,30.031926596526635,30.077465057373047,10289000
2016-06-16,30.07747490278912,30.441774023235062,29.923785804214607,30.430389404296875,11914500
2016-06-17,30.41330820151438,30.612533569335934,30.174235588734852,30.612533569335938,18836300
2016-06-20,30.737758003857415,30.84590859291012,30.413304065305944,30.601144790649414,14344300
2016-06-21,30.67514253449985,31.016674468791628,30.418994126629336,30.794677734375,11893000
2016-06-22,30.868682944809336,30.965451105925847,30.73207188033084,30.754838943481445,12959200
2016-06-23,30.965461299114093,31.12484165060162,30.8516172603111,31.11914825439453,12329900
2016-06-24,31.00529410484607,31.432207452698098,30.811759966964072,30.982524871826172,43842700
2016-06-27,30.77191683773695,31.232981892835735,30.66945745407195,31.158985137939453,22570200
2016-06-28,31.170363517271447,31.301285512625007,30.931293100838182,31.204517364501953,17780600
2016-06-29,31.204521788129195,31.477746090525894,31.204521788129195,31.341135025024414,18184100
2016-06-30,31.46066605879364,31.830656302345254,31.187441792797642,31.785120010375977,22143300
2016-07-01,31.790807264515763,32.04126443896213,31.642811619846416,32.007110595703125,16092300
2016-07-05,32.05833652377153,32.416944236154556,32.05833652377153,32.17787170410156,20703200
2016-07-06,32.3187520628149,32.38774937782665,31.88178003431736,32.34749984741211,15761500
2016-07-07,32.25550273261873,32.278501835563354,31.68053831889422,31.841529846191406,13574100
2016-07-08,31.847273709470134,32.21525052767961,31.628786651165193,32.140506744384766,15946200
2016-07-11,32.05426684765506,32.19800795459521,31.858778854483834,32.15776062011719,12434700
2016-07-12,32.054263628997695,32.175005620307736,31.835776554259287,31.893274307250977,14897600
2016-07-13,31.956529258663068,32.22101241299242,31.835785041846975,32.19801330566406,11405600
2016-07-14,31.979517574032695,32.2555002078201,31.979517574032695,32.10601043701172,11098500
2016-07-15,32.22675242804714,32.24400285056292,31.96801802346051,32.10601043701172,13949700
2016-07-18,32.12326196485807,32.19800795459521,32.06001552687396,32.15776062011719,9623300
2016-07-19,32.175002451739246,32.19800155067099,31.939267170975853,32.0255126953125,10270100
2016-07-20,31.956531511490056,32.0082762166533,31.801290816053076,31.979528427124023,12008700
2016-07-21,31.927773409151722,32.00826807668954,31.76103539495847,31.835779190063477,9802100
2016-07-22,31.876024390945126,32.31299854736189,31.847276610650216,32.25550079345703,10973200
2016-07-25,32.255498216794386,32.255498216794386,31.991015149904833,32.12325668334961,10848700
2016-07-26,32.11176486567712,32.34175153167295,31.444806166267675,31.513803482055664,18753900
2016-07-27,31.594285936620892,31.87601719051214,31.301052941231738,31.807022094726562,17074600
2016-07-28,31.73803712817896,31.743785807448063,31.416056256228064,31.54254913330078,10672300
2016-07-29,31.61729210659628,32.037015839276314,31.60579255584018,31.858776092529297,15508900
2016-08-01,31.956516615216035,32.094506817959825,31.260808150338327,31.335554122924805,17434600
2016-08-02,31.306814886701805,31.387309559145557,30.887091099448433,31.048080444335938,18428200
2016-08-03,31.140084704704662,31.1630838166193,30.83535414844187,30.9905948638916,10429400
2016-08-04,31.0480693585947,31.128564002297765,30.950326489330845,31.007822036743164,11309800
2016-08-05,31.013585797492564,31.042335778495705,30.662859278399687,30.841096878051758,13460100
2016-08-08,30.84108756171838,30.8985853130404,30.703097345175426,30.812339782714844,9830400
2016-08-09,30.81809571669512,30.92158950012535,30.66285723486523,30.85259437561035,7906200
2016-08-10,30.944580007576473,31.036574212472765,30.81233847512023,30.938831329345703,8875700
2016-08-11,30.93882920478137,31.042322952347156,30.898581879985198,30.96757698059082,7824800
2016-08-12,31.02507554072773,31.03657509082957,30.772092018432026,30.846837997436523,7655000
2016-08-15,30.85259269387259,30.96183515117629,30.7778467002883,30.82384490966797,8250900
2016-08-16,30.76059771521607,30.76634639459009,30.317874830696432,30.33512306213379,13933100
2016-08-17,30.415608148166278,30.570846557617188,30.11662649024573,30.570846557617188,12930100
2016-08-18,30.444367042694214,30.50761348099847,30.19713216204045,30.39836883544922,11204900
2016-08-19,30.409862939631076,30.421362489382293,29.990139243628445,30.156879425048828,11991000
2016-08-22,30.23162878014557,30.29487302087251,29.995891273874317,30.214378356933594,8183900
2016-08-23,30.277622297690403,30.36961650509012,30.162628990112026,30.260374069213867,7775100
2016-08-24,30.214359422369856,30.312104448266453,29.995872476230744,30.20285987854004,8900700
2016-08-25,30.202881434262547,30.35237341742853,30.08789030052291,30.329374313354492,8680100
2016-08-26,30.266135631049618,30.478871914970814,29.840663063207227,29.938405990600586,15105300
2016-08-29,30.105130427020846,30.29486750126248,29.990137130924406,30.185625076293945,11960400
2016-08-30,30.231628344100034,30.237377022877713,29.91539617845103,30.053388595581055,9161900
2016-08-31,30.024638474754127,30.162628687813267,29.944143818250478,30.0878849029541,10390500
2016-09-01,29.978639045441707,30.30636852966068,29.921143491244088,30.220125198364258,9988800
2016-09-02,30.358121284659596,30.55360927742875,30.197131947078606,30.40411949157715,13275300
2016-09-06,30.524856290536764,30.95607953695046,30.375366530171885,30.766340255737305,17235600
2016-09-07,30.76059421918877,30.927334415183722,30.63410135418363,30.881336212158203,10612300
2016-09-08,30.81809616088867,30.97908771149806,30.72035324919323,30.818096160888672,9005300
2016-09-09,30.547857039508017,30.611103469994067,29.76590515952593,29.794652938842773,18258500
2016-09-12,29.754407138207853,30.38111841010754,29.731408036246467,30.22587776184082,15678600
2016-09-13,29.926896477912404,29.9671438103081,29.409429835689796,29.581918716430664,17602400
2016-09-14,29.662414999205186,29.81765565833435,29.495674788290685,29.60491943359375,11941800
2016-09-15,29.604911192344087,29.955637554244987,29.392172833509164,29.886642456054688,13007400
2016-09-16,29.834903647450158,29.880901854218536,29.6796629895797,29.82915496826172,19932300
2016-09-19,29.8348998138988,29.87514714299206,29.334681442800516,29.438175201416016,14578500
2016-09-20,29.668155418565195,29.783148711088163,29.39792370344804,29.478418350219727,14006300
2016-09-21,29.535918319765763,29.903895156253945,29.46692321125297,29.823400497436523,14434700
2016-09-22,29.984391286863417,30.17987925070805,29.898145758311557,30.099382400512695,12751900
2016-09-23,30.070633248146773,30.36961495526694,29.984389916850347,30.220125198364258,13014800
2016-09-26,30.156879116663756,30.220125542991273,29.909644282827927,29.984390258789062,10559000
2016-09-27,30.076390183834263,30.277626857415914,29.89815042057963,30.17988395690918,8259000
2016-09-28,30.07639263930181,30.151136442268445,29.78891040024897,29.93265151977539,13279100
2016-09-29,29.80615847598639,30.13388805131793,29.76591113819588,29.967147827148438,10804700
2016-09-30,30.1453768159116,30.225871462686058,29.87514290747053,29.886642456054688,13077600
2016-10-03,29.806155864877528,29.97864475362852,29.668163437887607,29.82915496826172,9120300
2016-10-04,29.765898775502965,29.863641642879898,29.323176050368293,29.472665786743164,13753300
2016-10-05,29.477323593859815,29.552922008856832,29.09351949835499,29.23308563232422,17190900
2016-10-06,29.262150757798764,29.378455457963756,29.058619196255762,29.227258682250977,11724000
2016-10-07,29.343578460722714,29.390101252025676,29.029556274414062,29.029556274414062,13816800
2016-10-10,29.20982679325261,29.250533123732996,28.860914755326824,29.186565399169922,10687700
2016-10-11,29.134227793901,29.198195517195565,28.87254487981029,29.017925262451172,11737900
2016-10-12,29.052812849347042,29.355204287654296,29.041182153451174,29.250530242919922,8880100
2016-10-13,29.209826460908705,29.314500514761207,28.971402720095476,29.244718551635742,11156900
2016-10-14,29.273800866391237,29.430811983007253,29.233094527082912,29.238908767700195,8853200
2016-10-17,29.19819826937919,29.419177092954506,29.105154904452025,29.326133728027344,10724600
2016-10-18,29.430803028089034,29.430803028089034,29.105150194379796,29.23308563232422,10873900
2016-10-19,29.337762528998187,29.44243658506428,29.279609043223328,29.297056198120117,10364900
2016-10-20,28.808571520701907,28.826016453340912,28.436398168882008,28.57596206665039,27098200
2016-10-21,28.37243663602283,28.44803283947124,27.88395845081409,28.029338836669922,24785000
2016-10-24,28.325911273238827,28.453846711029204,27.988629962239337,28.0351505279541,19414700
2016-10-25,28.035156347822998,28.081679141523956,27.790918335879674,27.81999397277832,16441200
2016-10-26,27.76184179931526,27.94211207324228,27.66879843325746,27.697874069213867,15049200
2016-10-27,27.76183783213792,28.325912187738027,27.69787011117754,28.227054595947266,22330700
2016-10-28,28.238684380650472,28.36080336127123,27.971182809058913,28.0351505279541,10660100
2016-10-31,28.052600564648312,28.08749043793859,27.942110050352646,27.9711856842041,12459400
2016-11-01,28.099124771318213,28.134016867452377,27.639722154698656,27.715320587158203,13229400
2016-11-02,27.767658466990635,27.767658466990635,27.250104559397172,27.2966251373291,16488200
2016-11-03,27.319886237804972,27.48852804492001,27.209397925382536,27.255918502807617,12605100
2016-11-04,27.31406116001222,27.494331376210383,27.267538382717134,27.378028869628906,14410200
2016-11-07,27.55830985270232,27.6048326481736,27.296624673998842,27.599016189575195,14705200
2016-11-08,27.65716233729254,27.825801880257437,27.604825315454224,27.70949935913086,9482400
2016-11-09,27.337320911211222,27.95955086994986,27.023301031109384,27.831615447998047,20871900
2016-11-10,27.831614872286675,27.843245566616996,26.959332762465714,27.151233673095703,24311700
2016-11-11,27.157050129424924,27.273354854400008,27.046559642450937,27.151233673095703,16425500
2016-11-14,27.16287340168727,27.244286070748917,26.75580783805018,26.85466766357422,21820200
2016-11-15,27.04656959450753,27.54667854309082,26.97097338103624,27.54667854309082,18672200
2016-11-16,27.616453454073586,27.901397710108906,27.517593658275892,27.87232208251953,17328400
2016-11-17,27.883961704952686,28.011894950972522,27.80254903430491,27.81999397277832,12436300
2016-11-18,27.82580182393677,28.029335672153113,27.66297652002641,27.953737258911133,12820600
2016-11-21,27.947919514516258,28.122375492298314,27.866504654445063,28.093299865722656,10773300
2016-11-22,28.19215924780095,28.849279098528992,28.128191534235178,28.779497146606445,22030000
2016-11-23,28.669002839647334,29.45405801308777,28.663188602063908,29.20981788635254,21456700
2016-11-25,29.20401151749688,29.541292846411796,29.174933666761124,29.465694427490234,8087100
2016-11-28,29.34939684558879,29.77390736161793,29.337766146999492,29.727384567260742,15982400
2016-11-29,29.675042800964896,29.7448269813733,29.52384818007051,29.634336471557617,11532800
2016-11-30,29.395912926320307,29.500586979288027,29.017925262451172,29.017925262451172,20698900
2016-12-01,28.959764795254763,29.070255279149276,28.67482055625199,29.000471115112305,12982800
2016-12-02,29.076081649683054,29.262168394774708,28.843472109153996,28.965593338012695,10650700
2016-12-05,28.924880341151685,29.12259773957782,28.924880341151685,28.930694580078125,13074700
2016-12-06,29.163308094230814,29.436621728085143,28.93651281486872,29.28542709350586,13581500
2016-12-07,29.49477028188621,29.90765000177712,29.331942758435396,29.87857437133789,16280600
2016-12-08,29.791347523838983,29.82042315648601,29.645967142275257,29.733196258544922,11502900
2016-12-09,29.70993354230833,30.0239556849035,29.611073733715717,29.942543029785156,10101500
2016-12-12,29.971618931769207,30.489172716833536,29.93672684283408,30.099552154541016,16186400
2016-12-13,30.28563814400427,30.4542776783699,30.274007448819006,30.448463439941406,12211500
2016-12-14,30.506625752512278,30.622930528183094,29.89602845315185,30.023963928222656,19920400
2016-12-15,29.872768260716846,30.314725982447904,29.802986279827955,30.128639221191406,13963600
2016-12-16,30.27400872371017,30.401941939479002,30.157703985288013,30.396127700805664,21262500
2016-12-19,30.518252275123608,30.896242189739038,30.29145921368586,30.768306732177734,13407000
2016-12-20,30.779928828191572,31.08813446982636,30.779928828191572,30.890417098999023,10366900
2016-12-21,30.872976003713138,31.070693399115953,30.803194046020508,30.803194046020508,9656700
2016-12-22,30.73341228326423,31.25096831358231,30.657816080798057,31.198631286621094,11101500
2016-12-23,31.198625242339737,31.256776497329074,31.076504057537033,31.2160701751709,7201200
2016-12-27,31.221897142033914,31.303312037870064,31.076516726962986,31.192821502685547,6255400
2016-12-28,31.186994242720903,31.303298969890506,31.035797431901976,31.07650375366211,6849500
2016-12-29,31.16373220556564,31.34400463984613,31.117209428333986,31.250961303710938,7150800
2016-12-30,31.140481677817533,31.192818711292677,30.919502845552604,31.041624069213867,12440800
2017-01-03,31.378909231632143,31.791789090865134,31.245159511810012,31.73945426940918,22891700
2017-01-04,31.72199472310175,31.873191542695743,31.594061512285634,31.70454978942871,18316100
2017-01-05,31.85575043224011,31.88482828498094,31.57662034889208,31.774337768554688,13840600
2017-01-06,31.54394373060458,31.608595364322532,31.20893275774413,31.30297088623047,15615000
2017-01-09,31.279457563366115,31.308844052993397,30.9561994513297,30.962078094482422,14097200
2017-01-10,30.967958421224584,31.24419639123814,30.57417447780126,31.00909996032715,11787400
2017-01-11,30.92681705514542,31.003223731925818,30.703477910780784,30.832778930664062,16142800
2017-01-12,30.815143404300574,31.085502696144268,30.72110529226601,30.962078094482422,11052100
2017-01-13,30.985590284914373,31.091383448385432,30.80339044959297,30.88567352294922,9458700
2017-01-17,30.88567316497487,31.08550444454348,30.856286673694754,30.997344970703125,11383500
2017-01-18,30.868038404920796,31.056114619378192,30.68583859127036,30.709348678588867,12930900
2017-01-19,30.885671633340248,30.938568211839524,30.668208918196758,30.774002075195312,13286100
2017-01-20,30.915059711426267,31.267704333553738,30.89155186358756,30.9855899810791,15473700
2017-01-23,30.832776994601286,30.97383529348881,30.66821084760384,30.803390502929688,15695500
2017-01-24,29.539760669504492,29.85126385899218,29.263524868622007,29.457477569580078,43484700
2017-01-25,29.09306883999403,29.35167308921317,28.705161345142592,29.251758575439453,30398600
2017-01-26,28.65225779681192,29.0754303217269,28.51119954115862,28.869720458984375,37877100
2017-01-27,29.004903629228078,29.228244960544753,28.95788569960862,29.151838302612305,18369300
2017-01-30,29.087194776679674,29.292902463950384,28.90499493792159,29.016664505004883,12148700
2017-01-31,28.92262863370403,29.075441992169146,28.758062471091577,28.80508041381836,16844200
2017-02-01,28.99904545990537,29.01667691434156,28.358409791513665,28.440692901611328,26004100
2017-02-02,28.52884523708389,28.558231732122383,28.15269271968112,28.37603187561035,17787200
2017-02-03,28.47595384000322,28.575868389756433,28.405425790645292,28.55236053466797,15166400
2017-02-06,28.60524408821474,28.60524408821474,28.17619506673195,28.22909164428711,16151400
2017-02-07,28.287870491807908,28.305501939238404,28.093915601889595,28.234973907470703,12771900
2017-02-08,28.299631146414182,28.546480427549376,28.27024240547758,28.428932189941406,13962800
2017-02-09,28.428933471516558,28.775699554966877,28.428933471516558,28.68754005432129,13577300
2017-02-10,28.763936884946776,28.869730051326673,28.61700218075755,28.787446975708008,12317400
2017-02-13,28.370147624792313,28.575855275198403,28.258478077721183,28.534713745117188,18305300
2017-02-14,28.39365970041894,28.487697810342283,28.205583480572255,28.370149612426758,20847200
2017-02-15,28.211463704362878,28.270236690262024,28.093915490518896,28.25848388671875,19297100
2017-02-16,28.22908942173396,28.517082375092127,28.146806361358838,28.4818172454834,18706900
2017-02-17,28.393662962756082,28.97552313412137,28.287869796681363,28.910871505737305,23190700
2017-02-21,29.098949323113132,29.20474249491732,28.934383163438074,29.051931381225586,19206000
2017-02-22,29.093063410147483,29.21061158950658,29.08130836800707,29.192977905273438,13653400
2017-02-23,29.37518460273453,29.680809044115446,29.192984769782765,29.56913948059082,16212000
2017-02-24,29.55150582716388,29.945291984771696,29.55150582716388,29.739582061767578,14357900
2017-02-27,29.674933169063813,29.710196062357316,29.26939195982369,29.351675033569336,14029500
2017-02-28,29.363422422051183,29.404563948196188,29.040166612892573,29.169469833374023,17699200
2017-03-01,29.128337659676635,29.375186895804344,29.01666584538918,29.275272369384766,16095600
2017-03-02,29.2047440149538,29.398698920704952,29.151847426298566,29.37518882751465,10773400
2017-03-03,29.375184875522724,29.469222993586616,29.269391712445145,29.439836502075195,11071600
2017-03-06,29.404569625854492,29.47509989176018,29.292900067905332,29.404569625854492,10827300
2017-03-07,29.386946343241437,29.422211485989916,29.01079378877532,29.057811737060547,12896900
2017-03-08,28.97552687567922,28.993160566999112,28.740432664524725,28.89324378967285,14206500
2017-03-09,28.934375796871432,29.063679027722234,28.84621633751014,28.963762283325195,10590000
2017-03-10,29.093069320974593,29.104824365503273,28.857972914491953,29.004907608032227,11181600
2017-03-13,28.993152575102503,29.110698527255504,28.87560438090418,29.075435638427734,10488800
2017-03-14,29.05779444007266,29.169466204612558,28.946124917577503,29.01077651977539,8496600
2017-03-15,28.95201412545295,29.533876560609865,28.95201412545295,29.46922492980957,12660800
2017-03-16,29.398696843273594,29.53387650649665,29.298780075298282,29.410451889038086,10861200
2017-03-17,29.498603624953052,29.639661895049276,29.398689125253963,29.616151809692383,21071300
2017-03-20,29.63379463327072,29.745466460579927,29.469228456662634,29.528003692626953,9456000
2017-03-21,29.669056167560303,29.757217889764707,29.45746982790632,29.480979919433594,15196500
2017-03-22,29.463341207956574,29.551500666380527,29.040168632977032,29.216489791870117,14950400
2017-03-23,29.24000945451673,29.31641613714561,29.046054546777093,29.175357818603516,9644900
2017-03-24,29.21061330393874,29.287019961313376,29.093065117680492,29.1988582611084,9310700
2017-03-27,29.19886062665047,29.24587855973582,28.75217793109022,28.881481170654297,13270900
2017-03-28,28.805085785870325,29.004917124330095,28.60525444741055,28.97553062438965,12856300
2017-03-29,28.963773660249966,29.01667025346252,28.816838928220214,28.875614166259766,11160800
2017-03-30,28.799209418398643,28.940267757152366,28.740436418444894,28.834474563598633,11623000
2017-03-31,28.85797706714276,28.85797706714276,28.65226936340332,28.65226936340332,19299100
2017-04-03,28.64051583048163,28.946140322218586,28.558232744638204,28.904998779296875,14307400
2017-04-04,28.8579802874644,28.987283568270307,28.728679248704562,28.981407165527344,8952800
2017-04-05,29.05192977921187,29.12245780917694,28.80507831126567,28.810956954956055,14327600
2017-04-06,28.857345479277217,28.904924423504404,28.649181075491583,28.803817749023438,18456100
2017-04-07,28.833555423069345,29.095245293306142,28.70270935355237,28.940610885620117,17269600
2017-04-10,28.97629717844102,29.07145733876442,28.815713982495804,28.86924171447754,10859400
2017-04-11,28.851396997391785,28.994138369172294,28.726499715082046,28.964401245117188,13096200
2017-04-12,28.863292614858224,29.10714066483904,28.750290634700292,29.095245361328125,10455800
2017-04-13,29.02387790399999,29.095247461419753,28.887085306946556,28.91682243347168,9487000
2017-04-17,28.952516381852888,29.202311036546934,28.952516381852888,29.029834747314453,10507100
2017-04-18,28.916810391056405,29.43424570605623,28.869231462189934,29.273662567138672,19691300
2017-04-19,29.40451921144643,29.46994225251031,29.077406274924403,29.10714340209961,18837300
2017-04-20,28.500490478179792,28.916816977369923,28.375593209061822,28.791919708251953,30398200
2017-04-21,28.500493176256196,28.649181063700265,28.030641176218747,28.10201072692871,31278300
2017-04-24,28.03064587246572,28.167438479576806,27.92953691228949,27.983064651489258,23161900
2017-04-25,27.92953485559279,28.113908670103275,27.703530878989735,27.774900436401367,30033500
2017-04-26,27.804639637571547,28.268545198557543,27.72732128780805,28.167438507080078,29343800
2017-04-27,28.167437262337828,28.185279085034228,27.75111067197507,27.757057189941406,16838500
2017-04-28,27.739210605373035,27.739210605373035,27.293146964157653,27.305042266845703,25922800
2017-05-01,27.39425447018335,27.44778219508215,27.287199020385742,27.287199020385742,14455200
2017-05-02,27.35856999454343,27.41804423918668,27.215828631083827,27.305042266845703,13397800
2017-05-03,27.370467990494777,27.50726058167229,27.25746600703437,27.447786331176758,19568100
2017-05-04,27.46562401378279,27.46562401378279,27.215827207989417,27.287199020385742,20767700
2017-05-05,27.40615672785877,27.79274393353436,27.358575507518566,27.768953323364258,17133000
2017-05-08,27.786798385494386,27.798693690994728,27.53105498923082,27.7332706451416,15561700
2017-05-09,27.66784252917594,27.709474956399262,27.453731607000485,27.608366012573242,14349000
2017-05-10,27.59647477186719,27.73326736574945,27.542947037843934,27.584579467773438,12669600
2017-05-11,27.54295624018169,27.578639895587898,27.346687060255448,27.3704776763916,12435800
2017-05-12,27.429944110711098,27.453734720049855,27.245572560329194,27.26341438293457,14470900
2017-05-15,27.305047659791455,27.32288948294892,26.912511668745083,26.989830017089844,20379700
2017-05-16,26.966045867959632,27.150419737019245,26.912518116864778,26.948204040527344,14813500
2017-05-17,26.948204400507315,26.948204400507315,26.442664018125452,26.454559326171875,21333500
2017-05-18,26.466454040775588,26.936308488482894,26.448612213505022,26.787620544433594,15648700
2017-05-19,26.85898973000266,27.025519498890134,26.621088115479456,27.01362419128418,12787800
2017-05-22,26.99577341537716,27.096882362111938,26.930350379630628,27.049301147460938,9290100
2017-05-23,27.049301147460938,27.10877766577469,27.001722201607127,27.049301147460938,8066300
2017-05-24,27.031468681922526,27.05525929748193,26.674616254925418,26.787620544433594,15846000
2017-05-25,26.793567306787544,26.989836483734678,26.7697766910125,26.948204040527344,11206400
2017-05-26,26.91251109183,27.025513084067303,26.90656457383747,26.954143524169922,5999900
2017-05-30,26.918457727820094,27.554844058085813,26.918457727820094,27.47752571105957,16442300
2017-05-31,27.614314754661713,27.9235858341119,27.51320581099669,27.739212036132812,22811100
2017-06-01,27.78084652499972,27.78084652499972,27.418047688166382,27.661895751953125,14219400
2017-06-02,27.733274057147973,28.06633357694356,27.548900202405544,27.620269775390625,18552800
2017-06-05,27.4596815753784,27.608369482376457,27.37047019245801,27.578632354736328,8538200
2017-06-06,27.578637335416175,27.840329551024503,27.501321243348098,27.620269775390625,11610500
2017-06-07,27.66784203467532,27.77489749384967,27.572681878608908,27.655946731567383,8648100
2017-06-08,27.65595435114591,27.691640270301658,27.35857849790778,27.471580505371094,11717800
2017-06-09,27.45968513172265,27.822484034792115,27.364524949671456,27.786800384521484,11698800
2017-06-12,27.78679444255617,28.250699947253864,27.78679444255617,28.066326141357422,18929100
2017-06-13,28.131755530413486,28.137704318061605,27.596480350767056,27.632164001464844,15194600
2017-06-14,27.733269676906566,27.822481061848258,27.602423589768463,27.768953323364258,9817600
2017-06-15,27.70352839502514,27.852216283099434,27.655947181818746,27.739212036132812,10984100
2017-06-16,27.87006325519926,27.953328124904132,27.55484560023151,27.7332706451416,22573900
2017-06-19,27.733264338561796,27.733264338561796,27.5310487286351,27.69757843017578,9773500
2017-06-20,27.59647487827096,27.60242139594213,27.20393891685267,27.322887420654297,16756100
2017-06-21,27.328835850033915,27.370468279579956,26.8173491227,27.00766944885254,15027200
2017-06-22,27.043363594698036,27.11473317153582,26.870885037608613,27.01362419128418,10511300
2017-06-23,27.019567740726156,27.03740956427681,26.942249390677496,26.995777130126953,10069700
2017-06-26,27.03146530876602,27.346682984800342,27.03146530876602,27.209890365600586,10105500
2017-06-27,26.745985197373017,26.85304068696766,26.650825014266413,26.66866683959961,20187200
2017-06-28,26.751931716218174,26.900619644122095,26.57350665649301,26.66866683959961,18703600
2017-06-29,26.644878544918882,26.704355082533976,26.401030412691824,26.412925720214844,17913000
2017-06-30,26.537814845796497,26.615133186405703,26.38318043337531,26.56160545349121,13368900
2017-07-03,26.53186789891657,26.811401862812797,26.47239138064227,26.76382064819336,9732000
2017-07-05,26.793557605674657,26.799506391863545,26.430758787256348,26.5556583404541,14853400
2017-07-06,26.494197877196004,26.5665034345793,26.223049163818363,26.22304916381836,16854300
2017-07-07,26.229082670257778,26.271261118085132,26.036266252031883,26.198955535888672,12198500
2017-07-10,26.19895287942716,26.217028698505214,26.018187792988314,26.03023910522461,12272500
2017-07-11,26.036265048226912,26.042291853953888,25.78921888013777,25.843448638916016,13249500
2017-07-12,25.933834023969787,26.138701759512927,25.909731396599287,26.042293548583984,11388900
2017-07-13,26.00011123776015,26.23510607333244,25.93383017161356,26.204978942871094,12140500
2017-07-14,26.28933458354898,26.403818593305687,26.156772457528763,26.247156143188477,11986800
2017-07-17,26.289337281630264,26.42792392825976,26.247158836940976,26.30741310119629,10804200
2017-07-18,26.30741111957265,26.38574349604639,26.066389483600826,26.126646041870117,15417100
2017-07-19,26.12062112292648,26.23510744262881,26.030239726825148,26.180877685546875,13940800
2017-07-20,26.210998474121137,26.86175540161131,26.19894716451366,26.64483642578125,19309100
2017-07-21,26.650867462158203,26.699072712400916,26.403821301046428,26.650867462158203,11426600
2017-07-24,26.602660093362285,26.638811726488854,26.319460041591014,26.337535858154297,11895200
2017-07-25,26.452024027396675,26.614710985061105,26.397794275324323,26.500226974487305,9818800
2017-07-26,26.99431904385648,27.01239716011125,26.680991845220905,26.753299713134766,19045200
2017-07-27,27.874045340279118,28.826078290441203,27.687255752792343,28.808002471923828,44702500
2017-07-28,28.741718520154112,29.151453888128493,28.39223740688965,28.886329650878906,25296500
2017-07-31,28.832090825227883,29.265928677925302,28.609147394725824,29.163496017456055,28456800
2017-08-01,29.332220173865654,29.90464481168797,29.241836489479603,29.458755493164062,33498200
2017-08-02,29.46477716261578,29.482852976921535,28.86222550120075,29.049015045166016,19233400
2017-08-03,28.97671567059738,29.290042877197262,28.886331982683938,29.290042877197266,15190100
2017-08-04,29.253885229855527,29.47080421447754,29.006839119269877,29.47080421447754,13841700
2017-08-07,29.398491587504346,29.500924250874913,29.332210547181354,29.440670013427734,10448700
2017-08-08,29.374393602438516,29.494904394876905,29.181577253957965,29.28400993347168,10901200
2017-08-09,29.23580155051415,29.30810709308954,28.970679695369892,29.055036544799805,18887100
2017-08-10,29.030938429401484,29.04901424320822,28.838122086955938,28.93453025817871,13005200
2017-08-11,29.042994112756084,29.06106992928551,28.741718244985904,28.958637237548828,10420500
2017-08-14,29.02491440716989,29.404522623353277,29.01286539584551,29.392471313476562,11064600
2017-08-15,29.25990375885475,29.27797956961024,29.036958032962396,29.211698532104492,11164800
2017-08-16,29.14542062317335,29.241828788470944,29.05503926114234,29.169523239135742,9447000
2017-08-17,29.14542379186363,29.193629029029285,28.856199264526367,28.856199264526367,10638000
2017-08-18,28.83209925506004,28.892355806969935,28.627231575671267,28.73569107055664,16919100
2017-08-21,28.82004639788301,29.223754898328092,28.73568723646488,29.0068359375,10556800
2017-08-22,29.0008172491973,29.18760682627941,28.789922751180214,29.133377075195312,11005500
2017-08-23,29.07914665661473,29.326192783982012,29.036968217690013,29.091197967529297,8909200
2017-08-24,29.13337614092804,29.259913755101437,29.03094344691661,29.109275817871094,8898200
2017-08-25,29.211711164425626,29.512987066243404,29.18158403395439,29.33222198486328,9846700
2017-08-28,29.314145500447868,29.37439976002172,29.109277799923046,29.290042877197266,6329400
2017-08-29,29.139400728163306,29.380420030259323,29.121324912607996,29.229782104492188,6044100
2017-08-30,29.121332483020076,29.145432810508193,28.922489266010846,28.994794845581055,10758400
2017-08-31,29.079134244423223,29.163493384817173,28.880293445587778,28.904396057128906,14237700
2017-09-01,28.934537488231413,28.96466461828806,28.783899539395485,28.87428092956543,11455200
2017-09-05,28.78992252026215,28.874279399371343,28.500697949650963,28.53685188293457,10005100
2017-09-06,28.603123366547354,28.65735309903695,28.09095316002299,28.26569366455078,14081900
2017-09-07,28.31993155343305,28.44646686616814,27.759558255831987,27.837890625,16591100
2017-09-08,27.825841236512304,27.952376557987694,27.542641165879424,27.783662796020508,14152000
2017-09-11,27.855972950271408,27.922254024396597,27.789691876146218,27.898151397705078,11073700
2017-09-12,28.01865695917679,28.28980571204063,27.946351391263956,28.193397521972656,11173200
2017-09-13,28.187365781545406,28.47659030110605,28.127111535260664,28.470565795898438,12772700
2017-09-14,28.464550163146978,28.675442389431254,28.325961216099742,28.428396224975586,11808500
2017-09-15,28.5730028950331,28.862229757894326,28.35608619571595,28.83812713623047,24626500
2017-09-18,28.86825368378718,29.07312136670711,28.627232069098152,28.976713180541992,18810200
2017-09-19,28.9767126095843,29.85643757832593,28.928507368175346,29.729902267456055,30818000
2017-09-20,29.705795282060482,29.910662930842363,29.573235484767793,29.814254760742188,18755900
2017-09-21,29.747977579269243,29.790156015510647,29.428625905283667,29.488880157470703,14315800
2017-09-22,29.639515971942892,30.175788891779113,29.537083290822228,30.06732940673828,20646400
2017-09-25,30.049251293529995,30.320400006132076,29.97694573635351,30.06732940673828,13698600
2017-09-26,30.10348132630041,30.175789182726287,29.766053857188627,29.832332611083984,12007500
2017-09-27,29.639516257719464,29.96489471597918,29.59733782408049,29.832332611083984,14270800
2017-09-28,29.669650583435338,29.86849147508448,29.60939402645634,29.772083282470703,8231800
2017-09-29,29.705786198438517,30.025140031814892,29.531045725267663,29.82027244567871,13021700
2017-10-02,29.760021077924677,29.946812888358668,29.675664227584093,29.741945266723633,9525800
2017-10-03,29.796181630058086,30.139635910624825,29.78413032039143,30.037200927734375,10218600
2017-10-04,29.910664684544976,30.175788891779113,29.754002260903896,30.06732940673828,9887500
2017-10-05,30.10348623797498,30.145664678495773,29.93477247589181,29.989002227783203,12230600
2017-10-06,29.903635002586707,30.00119978537949,29.671917771155883,29.763385772705078,13239600
2017-10-09,29.812160427927687,29.934116961061157,29.66581444906944,29.909725189208984,10702900
2017-10-10,30.049983770172577,30.178039449313474,29.91583363535696,29.964614868164062,10843900
2017-10-11,29.964599103349578,30.07435972707903,29.580436920296485,29.793861389160156,10335100
2017-10-12,29.537761875319646,29.787771747431798,29.348731439166336,29.482881546020508,17087900
2017-10-13,29.4767801139789,29.56214898472222,29.16579318111006,29.184085845947266,20105100
2017-10-16,29.208483376616783,29.482882707797575,29.086526826021025,29.3243408203125,10394700
2017-10-17,29.324333973624576,29.56824701786692,29.190181566678568,29.51336669921875,14842800
2017-10-18,29.4706763508683,29.787759988169157,29.123099518434312,29.66580581665039,20410400
2017-10-19,30.519509343453556,31.20856186457565,29.90972892769573,30.007293701171875,29173900
2017-10-20,30.153632350935116,30.2390012095738,29.836546357329325,30.20241355895996,16259600
2017-10-23,30.165832697568984,30.299982784080292,29.82435488636497,29.873138427734375,15660000
2017-10-24,29.976801881056897,30.049974871663352,29.70849936474827,29.842649459838867,11527900
2017-10-25,29.684107424572456,29.751183634802,29.360924585605467,29.65971565246582,19256800
2017-10-26,29.79387735697009,30.141452076351186,29.726801125838975,29.812170028686523,14420100
2017-10-27,29.708501149911466,30.117052891985153,29.592641387851263,29.79996681213379,12423400
2017-10-30,29.806063255416294,29.95240923234684,28.91578220355813,29.165794372558594,24587400
2017-10-31,29.232875716931698,29.379224057345834,29.09262648402079,29.1901912689209,15910000
2017-11-01,29.360923892550893,29.37311745218897,29.001153403916206,29.165794372558594,11046600
2017-11-02,29.196290749644362,29.232876090619605,28.769443937951973,28.940181732177734,13126900
2017-11-03,29.062136986199874,29.110920540138228,28.806030306407163,28.915788650512695,8038200
2017-11-06,28.23893992004899,28.263329375756673,27.342561709665787,27.763309478759766,36443300
2017-11-07,27.568177381327278,27.79989463554179,27.244994442698083,27.78769874572754,25789600
2017-11-08,27.690126833330904,27.757203046997795,27.525485852365133,27.72061538696289,17414800
2017-11-09,27.61695194817631,27.702320822950817,27.324257666323412,27.482799530029297,21078700
2017-11-10,27.507190646691523,27.507190646691523,27.28766935899743,27.366941452026367,17075000
2017-11-13,27.391335505643582,27.488902606481073,27.257185394247454,27.287673950195312,16673900
2017-11-14,27.251086105857006,27.34865087991689,26.92180644723471,26.96449089050293,20829900
2017-11-15,27.031567600201683,27.062056156500677,26.81204627304453,26.897415161132812,15726500
2017-11-16,26.958389783072796,27.366943843342213,26.897412676108416,27.299867630004883,13818000
2017-11-17,27.214501346309632,27.9096506669881,27.20840223935477,27.696226119995117,18933200
2017-11-20,27.927940936731858,28.263319680481818,27.745007287970747,28.17185401916504,18227400
2017-11-21,28.257223200792538,28.32429941548163,28.055994556725263,28.159658432006836,13598000
2017-11-22,28.202348658967836,28.915790740934312,28.196251877348725,28.720661163330078,15825100
2017-11-24,28.696260451542756,28.769433432902392,28.568204826504477,28.665769577026367,5097200
2017-11-27,28.885285540224746,29.208470606928977,28.873089657884332,29.062122344970703,17548300
2017-11-28,29.086530063510313,29.781679455314,28.98286616982086,29.76948356628418,20982500
2017-11-29,29.781669693486524,30.787808110438814,29.781669693486524,30.428037643432617,31034500
2017-11-30,30.48901323697718,31.153673818588366,30.482916457825713,31.03171730041504,33268500
2017-12-01,31.037810028857187,31.434165723828833,30.69023553545632,31.251232147216797,23909000
2017-12-04,31.415883356454156,31.909806268639294,31.403687470534194,31.537839889526367,19371000
2017-12-05,31.251235450285623,31.641494408606448,30.964638010088255,31.050006866455078,17574100
2017-12-06,30.732939185195633,31.00124177699761,30.635374394892363,30.903676986694336,17296600
2017-12-07,30.848788688295265,30.940256673288413,30.610974718666064,30.74512481689453,11986700
2017-12-08,30.818302045838294,31.208561130564153,30.708541387493195,31.1536808013916,13639900
2017-12-11,31.275638459686775,31.66589755829804,31.08050891038114,31.61101722717285,13542500
2017-12-12,32.40983372349456,32.525691178293165,31.90981391164885,32.43422317504883,22901200
2017-12-13,32.31224588018152,32.43420002930761,31.87930027672926,32.25126647949219,17705500
2017-12-14,32.074435372231626,32.15980654827645,31.76344851522608,31.9158935546875,18775400
2017-12-15,32.056145559396015,32.251275041149796,31.94638493514365,32.117122650146484,28935600
2017-12-18,32.28177336145749,32.556175005177316,32.1110355947552,32.47080612182617,15874300
2017-12-19,32.48298978355529,32.67811925095519,32.135415274366295,32.21468734741211,14239500
2017-12-20,32.38543362007519,32.53177959628957,32.123227892719804,32.17810821533203,11643500
2017-12-21,32.20249725208677,32.684221902855356,32.08054073151318,32.3244514465332,12778100
2017-12-22,32.385441945812346,32.70252807729732,32.354953386773545,32.43422317504883,13657800
2017-12-26,32.39762670118162,32.739102166872534,32.39762670118162,32.45250701904297,6595800
2017-12-27,32.568354399162025,32.62323470011381,32.37322495713931,32.48908233642578,8361900
2017-12-28,32.56836289278264,32.653731755165424,32.41591783106279,32.58055877685547,6726300
2017-12-29,32.54397541922475,32.59885574173112,32.275672912597656,32.275672912597656,9994700
2018-01-02,32.41591866679987,32.665928481421005,32.196397400083335,32.641536712646484,16045300
2018-01-03,32.5012934141608,32.52568518735026,31.818340047748308,31.97078514099121,16662400
2018-01-04,31.934190825025983,32.251276832014916,31.604911260111393,32.074440002441406,12062800
2018-01-05,32.19639213080192,32.245175660367025,31.921990592314977,32.00126266479492,13348900
2018-01-08,32.05005592807174,32.1659133567851,31.732969867978568,31.946392059326172,16212700
2018-01-09,32.14374702369495,32.34109908526218,31.792213516989438,31.8292179107666,14677800
2018-01-10,31.693534238472072,31.90322107647777,31.545521383775057,31.878551483154297,12593400
2018-01-11,32.001900446723454,32.180751488105734,31.847719001246755,32.13758087158203,15568200
2018-01-12,32.03273527516402,32.21775488611484,31.9340592472139,31.9833984375,17673700
2018-01-16,31.87238690606298,32.08207375489058,31.712036893806683,31.86005210876465,14739200
2018-01-17,31.952560080590985,32.00806548894076,31.58252324071852,31.89705467224121,11591500
2018-01-18,32.00807463508129,32.87148946958955,31.693543113682857,31.792219161987305,29442600
2018-01-19,31.909382785967924,32.0203912267968,31.55168081760118,32.014225006103516,23761300
2018-01-22,32.100570706547394,32.9886571785074,32.07590111507701,32.97015380859375,27691300
2018-01-23,33.67322555257214,33.67322555257214,32.569288230242904,32.828311920166016,33000500
2018-01-24,33.192189605568586,33.57455902621256,32.99483749474442,33.438880920410156,21080400
2018-01-25,33.47587564450717,33.77807232142034,33.309359396325085,33.4820442199707,18638700
2018-01-26,33.605391500641694,33.765739181234366,33.512881685123624,33.74723815917969,13077600
2018-01-29,33.04416693785916,33.660892690166,32.933156114234166,33.383365631103516,17052600
2018-01-30,33.48820882428599,33.61155444875078,33.173679716891776,33.241519927978516,15401500
2018-01-31,33.29701480094044,33.56220463355209,33.01331924869071,33.346351623535156,17827000
2018-02-01,33.605384344440765,33.765731990887716,33.30935393887097,33.48820495605469,18646100
2018-02-02,33.46970625685208,33.46970625685208,32.624792650151996,32.674129486083984,15574000
2018-02-05,32.39044171908226,32.80364690670535,31.144655227661133,31.144655227661133,22239600
2018-02-06,30.490922314263926,31.4530153968771,30.26273442992276,31.348173141479492,34543900
2018-02-07,31.224824837529123,32.02656782804429,31.14464983269101,31.459178924560547,16066600
2018-02-08,31.38517984351978,31.502359267095404,30.219568299804084,30.244237899780273,23308900
2018-02-09,30.589592812820573,31.021301259710018,29.83102050809367,30.762277603149414,27707900
2018-02-12,30.971967328600552,31.243325806494052,30.577263232529283,30.90412712097168,16903000
2018-02-13,30.780781241255447,30.996634306765987,30.324403163662055,30.8856258392334,11871700
2018-02-14,30.688275309507777,30.897962179279567,30.416916799706392,30.534093856811523,17559200
2018-02-15,30.55875446264064,30.70060107507132,30.188720026092923,30.675933837890625,18902700
2018-02-16,30.645099250252944,31.119978322562364,30.645099250252944,30.928794860839844,12264000
2018-02-20,30.737616048585544,30.768451870150233,30.071551010200814,30.17022705078125,21330400
2018-02-21,30.096214754763082,30.133219145016756,29.565830257570067,29.57816505432129,20889900
2018-02-22,29.757025344508133,30.03455247627678,29.467163412147247,29.522668838500977,21198300
2018-02-23,29.658346861692124,29.787858728362238,29.31914810738457,29.781692504882812,26371400
2018-02-26,30.046880405862485,30.31207267639574,29.880364164879598,30.275068283081055,20853900
2018-02-27,30.23189916854061,30.324406627488155,29.62750816345215,29.62750816345215,23234700
2018-02-28,30.071545898046377,30.194891515958798,29.430152919621364,29.442487716674805,22159100
2018-03-01,29.41164882711265,29.972869139872767,29.300638008973557,29.57816505432129,28950200
2018-03-02,29.497991795897025,29.806354650451055,29.454818831847337,29.763181686401367,17449900
2018-03-05,29.695345537985425,30.18255708813558,29.615170532468255,30.04071044921875,15348400
2018-03-06,30.065378822694992,30.15172004699707,29.787851778422656,30.15172004699707,13526900
2018-03-07,29.935874280654556,30.349079484105626,29.88653508181846,30.120891571044922,16738200
2018-03-08,30.151722554893258,30.238063786376845,29.80018905378316,30.22572898864746,17038500
2018-03-09,30.342908390765565,30.361409411048587,29.818690074066183,30.22572898864746,14927100
2018-03-12,30.238066674984708,30.379913333489924,30.016044999890518,30.096220016479492,12526300
2018-03-13,30.219568635771775,30.379916332154593,29.911205690508798,30.00371551513672,12840200
2018-03-14,30.176395398556288,30.281237661608177,29.82486185960692,29.880367279052734,11930400
2018-03-15,29.92970539461367,30.07772063696699,29.689182684334178,29.781692504882812,9537400
2018-03-16,29.85569423458894,30.083882109249025,29.738517186006103,29.948204040527344,26838100
2018-03-19,29.929707334784617,29.979046536308253,29.67684980853251,29.794029235839844,12980800
2018-03-20,29.84952870327091,29.966705754567066,29.343813751707497,29.411651611328125,10765500
2018-03-21,29.411653805066493,29.578170060458184,29.152630087316517,29.158796310424805,11062500
2018-03-22,29.047775968494964,29.306801954108877,28.844257735804042,28.912097930908203,14270800
2018-03-23,29.023110161381158,29.269799011724327,28.492725721841925,28.54823112487793,15955100
2018-03-26,28.850432475046375,29.090955163160277,28.733255418756134,29.02928352355957,15435500
2018-03-27,29.047787187719905,29.54116975990312,28.88743949859608,29.17730140686035,14544700
2018-03-28,29.53499830154942,29.948205812535434,29.497996259082356,29.60283851623535,17728000
2018-03-29,29.726181546913597,30.053045440765136,29.33764366664156,29.491825103759766,17305500
2018-04-02,29.368480659805083,29.56583271901095,28.81342887552188,29.084787368774414,16511200
2018-04-03,29.121791187826986,29.312974668062587,28.80725973224249,29.29447364807129,14841300
2018-04-04,29.084788442097167,29.59667198198025,28.92444077030835,29.559667587280273,12376400
2018-04-05,29.590496873782822,29.818684709166217,29.40547964637408,29.75084686279297,13201300
2018-04-06,29.664506204960702,29.775517022822882,29.152625080482355,29.282136917114258,16071600
2018-04-09,29.369562798742507,29.66307185094777,29.22593136827848,29.30086898803711,13475300
2018-04-10,29.475738267102273,30.58107872011891,29.344596785106635,30.143938064575195,24309300
2018-04-11,29.93160658254474,29.96907659064664,29.65058747734156,29.713037490844727,11695600
2018-04-12,29.894133477433112,30.062744923087,29.625604402749975,29.812952041625977,8837900
2018-04-13,29.919114307450375,29.96282812247026,29.669319036858823,29.76299285888672,7302000
2018-04-16,29.944087794148885,30.262574431727042,29.88788398960877,30.218860626220703,8885500
2018-04-17,30.34376495952869,30.6247840445125,30.168909698749548,30.50613021850586,11575500
2018-04-18,30.59979489921141,30.63726489342317,30.33126589625269,30.362489700317383,8347700
2018-04-19,30.350002591636112,30.574817813862477,30.212617364227384,30.24384117126465,11174200
2018-04-20,30.168911410359158,30.36250049371226,29.481975565623276,29.912872314453125,18224700
2018-04-23,30.100207431219545,30.42494024024992,29.956576024148653,30.387470245361328,14211600
2018-04-24,31.174325161155966,31.467834203979894,30.687227074957875,31.018203735351562,20920400
2018-04-25,31.26175219735118,31.324199808863924,30.749674159830878,31.28672981262207,19893200
2018-04-26,30.974488058965115,31.249263276435418,30.87457044776421,31.074405670166016,14121900
2018-04-27,31.380417395345106,32.27967626011827,31.32421356740774,32.20473861694336,25986200
2018-04-30,32.098562553024756,32.25468396158573,30.812121288881862,30.8183650970459,28938900
2018-05-01,30.90580682757803,31.005724471725376,30.125199488231715,30.48740005493164,16101400
2018-05-02,30.46866639714331,30.512380217792618,29.65683523651029,29.81920051574707,18515900
2018-05-03,29.800462914797745,29.887890544986124,29.575647647328058,29.87540054321289,16114100
2018-05-04,29.663073127804076,30.175151252274556,29.65682931848208,30.09396743774414,10669300
2018-05-07,30.087724547408218,30.17515217393098,29.70678784708119,29.806705474853516,12892100
2018-05-08,29.68805033495396,29.7255179518072,29.182216067420505,29.363317489624023,16716900
2018-05-09,29.350824449165707,29.463232052527637,28.78254262426868,28.96364402770996,23083300
2018-05-10,29.150992327856578,29.53192898158609,29.05107471230653,29.475725173950195,15727500
2018-05-11,30.019023091158697,30.643508701346686,29.92534929674108,30.362489700317383,22872800
2018-05-14,30.393714349119886,30.537348139811886,30.150165335533337,30.281309127807617,10362600
2018-05-15,30.06898867401871,30.156416294544243,29.73800961916977,29.844173431396484,12655400
2018-05-16,29.84418557075999,30.031530888408067,29.76300172629667,29.88789939880371,9798800
2018-05-17,29.887899025802376,30.000306691433366,29.76300135485406,29.88165283203125,8907500
2018-05-18,29.875399666435186,29.90662347883979,29.550666776534083,29.812952041625977,11384400
2018-05-21,29.84417072385057,30.28755497756158,29.812946916813303,30.24384117126465,8588800
2018-05-22,30.181389251271952,30.793384834340554,30.137673068988146,30.481142044067383,18539800
2018-05-23,30.43743525564203,30.587310495453618,30.181396203925242,30.343761444091797,14027800
2018-05-24,30.531106169677052,30.59979997935797,30.268823313321477,30.374984741210938,13580400
2018-05-25,30.34376646017892,30.381236467437926,30.12519737339566,30.300052642822266,7948000
2018-05-29,30.16266162741134,30.262579253377385,29.88788875156074,30.1002140045166,13035300
2018-05-30,30.281320382069822,30.424951843919835,30.125198917160095,30.350011825561523,10459100
2018-05-31,30.300053829270304,30.306297639612435,29.675567977180375,29.76923942565918,27288300
2018-06-01,29.90662036845091,29.975314177931168,29.731765131391306,29.85666275024414,9967100
2018-06-04,30.0065426747057,30.07523649491729,29.806707406212507,29.862911224365234,9012600
2018-06-05,29.837925403059664,30.093964439788337,29.83168159435968,29.956579208374023,10378000
2018-06-06,30.0752342264904,30.2500894776774,29.844175161389852,30.231355667114258,12924800
2018-06-07,29.950340824613498,30.7621719539912,29.88164699988798,30.606050491333008,19674300
2018-06-08,30.25633350602956,30.724697794413224,30.243843505805785,30.712207794189453,15399300
2018-06-11,30.905807085212015,31.099396182359968,30.762173237217347,30.787153244018555,14143700
2018-06-12,30.961996226954877,30.999463837164658,30.387468254096056,30.481142044067383,15597900
2018-06-13,30.25632776530725,30.31877537235358,29.588128364572793,29.600618362426758,30809400
2018-06-14,29.825441218188644,29.9066250404591,29.538178317507718,29.862911224365234,17568400
2018-06-15,29.831681629116503,30.01278305053711,29.738007822940645,30.01278305053711,31398000
2018-06-18,29.91287113566886,29.975318763536507,29.43201677797021,29.63809585571289,15330400
2018-06-19,29.769235182455116,30.46241476062743,29.675563747327914,30.287559509277344,25070000
2018-06-20,30.374983683023746,30.38747368273279,29.856661797329725,30.031517028808594,11996800
2018-06-21,30.51861723163372,30.599801044284142,30.212620555236334,30.368741989135742,14854600
2018-06-22,30.5748176141615,31.18056947206784,30.499880001316765,31.074405670166016,31911000
2018-06-25,31.12436490895098,31.249262515466597,30.780898277700814,30.9744873046875,19301900
2018-06-26,30.986988533979094,31.068172364970742,30.643521778248452,30.787153244018555,13597000
2018-06-27,30.71221597881346,31.05568273871522,30.606052139731336,30.793399810791016,14144300
2018-06-28,30.86833197045595,31.87999825636465,30.855841969120764,31.7613468170166,21605500
2018-06-29,31.68016390079166,31.7551015287107,31.274249565857957,31.41788101196289,18023100
2018-07-02,31.380414627041834,31.499066083453705,31.036947878713146,31.486576080322266,13141200
2018-07-03,31.511548922909153,31.90497559432396,31.411631302796945,31.661426544189453,8441100
2018-07-05,31.842521593090897,32.036110603257484,31.549012600614464,32.02362060546875,11279600
2018-07-06,32.111055236469205,32.26093286051679,31.992403804840215,32.14852523803711,10203800
2018-07-09,32.23697064501033,32.28750987175833,32.01586755259525,32.05377197265625,10491200
2018-07-10,32.09167535673909,32.48334474143182,32.05377334489845,32.43280792236328,9614600
2018-07-11,32.35700148883893,32.69181544592763,32.3127808684628,32.43280792236328,14348100
2018-07-12,32.53388037708326,32.584419600412986,32.19274784913603,32.369632720947266,10583900
2018-07-13,32.28119958310544,32.5023051423475,32.173807313352924,32.47703552246094,11175100
2018-07-16,32.44544353190821,32.67286524794807,32.300146859959,32.59074020385742,9633400
2018-07-17,32.55915622557551,32.811845161099214,32.48334737605945,32.48966598510742,10636100
2018-07-18,32.47701994247832,32.52755915800661,32.1422060740519,32.306453704833984,11734900
2018-07-19,32.28119221022765,32.28119221022765,31.965329263318015,32.060089111328125,9524200
2018-07-20,31.92110516590449,32.211700876883214,31.807394324617764,31.97796058654785,12026500
2018-07-23,32.02218469015547,32.20538577772539,31.756860971476037,32.060089111328125,11703200
2018-07-24,32.37594401911214,32.767613301270394,31.61787265279371,32.540191650390625,23265200
2018-07-25,32.65390872810239,32.88133042252679,32.097991708223745,32.161163330078125,15702800
2018-07-26,32.30014407770745,32.60337220302692,32.28750927125544,32.331729888916016,11162000
2018-07-27,32.521242326673,33.08979648319488,32.521242326673,32.856056213378906,14073700
2018-07-30,33.020306059431974,33.481465579171534,32.90027903150279,33.15928649902344,16725000
2018-07-31,33.2287821978529,33.27300281915909,32.52756845577916,32.6223258972168,16924200
2018-08-01,32.8623773964548,32.919232816563515,32.50229387238051,32.679176330566406,12789400
2018-08-02,32.68550335535073,32.85606724975728,32.489667433468966,32.83711624145508,12337500
2018-08-03,32.849743184832114,33.13402029051557,32.76761815211405,33.02030944824219,7769900
2018-08-06,32.93186629651926,33.304584611152755,32.69812601779064,33.15296936035156,10768400
2018-08-07,33.15296988826266,33.31090133918417,32.988722239635074,33.14033508300781,7106900
2018-08-08,33.19718658781492,33.40565723517731,33.10874537130085,33.29194641113281,9457300
2018-08-09,33.26667847228233,33.65203157200245,33.26667847228233,33.4877815246582,10768100
2018-08-10,33.437237803854885,33.437237803854885,33.02029898425944,33.146644592285156,7979600
2018-08-13,33.31723303512002,33.34250024571301,32.976100388756294,32.98873519897461,9919400
2018-08-14,33.04558423448186,33.443569834917064,33.04558423448186,33.399349212646484,11454400
2018-08-15,33.310898051217855,33.71520214009509,33.14033181187731,33.633079528808594,16473300
2018-08-16,33.63940694004979,34.37852514707823,33.607821124422145,34.28376770019531,16265400
2018-08-17,34.277438803707604,34.87757875988983,34.176362778128464,34.61225509643555,19102700
2018-08-20,34.70070143813074,34.79546128040035,34.23954185276063,34.52381896972656,10747400
2018-08-21,34.68174837734517,34.78914060969678,34.41010608277696,34.68806457519531,11961200
2018-08-22,34.643838118737364,34.75123033297946,34.07528401438997,34.201629638671875,13911400
2018-08-23,34.214274591051286,34.46064730606915,34.14478435659126,34.29008102416992,8354400
2018-08-24,34.27743647974526,34.63752235691531,34.252169282445465,34.605934143066406,8499900
2018-08-27,34.73229442550516,34.782833661116406,34.52382610321728,34.650169372558594,9539600
2018-08-28,34.631211208445414,34.68175043361398,34.40378951487267,34.52381896972656,11864600
2018-08-29,34.60593989041962,34.71965073160212,34.42905743073252,34.4732780456543,9801900
2018-08-30,34.36587969181936,34.6185685306778,34.264803674307515,34.58698272705078,9696500
2018-08-31,34.43537650945921,34.53013635498636,34.13846698583724,34.3469352722168,14605400
2018-09-04,33.82892702651756,33.93632170029802,33.38040214211575,33.601505279541016,19898600
2018-09-05,33.49410857640194,34.094248682528615,33.41830214073806,33.999488830566406,15301200
2018-09-06,34.07529266177729,34.410109012568014,33.92367980203764,34.2963981628418,10521900
2018-09-07,34.195333836993356,34.35958155963238,34.037402314906544,34.11320877075195,11746500
2018-09-10,34.31533715875962,34.542758778622954,34.106868947112964,34.18899154663086,10781900
2018-09-11,34.29639285011478,34.71964796198629,34.182682018003085,34.56803512573242,12298800
2018-09-12,34.5869869624379,35.01024208452317,34.46695993002027,34.72596740722656,13130800
2018-09-13,34.795463455481844,34.795463455481844,34.283764612956624,34.7070198059082,12559900
2018-09-14,34.68806545416221,34.738604677614944,34.22690588444869,34.46064376831055,13454700
2018-09-17,34.61226008628588,34.75755674338731,34.38483839348611,34.55540466308594,11013700
2018-09-18,34.35957336425781,34.62489951119738,34.296401734428166,34.35957336425781,13891100
2018-09-19,34.50487282560435,34.55541206142162,33.71521533978505,33.797340393066406,17471000
2018-09-20,33.8604947600315,34.207945804475806,33.68361234456325,34.081600189208984,14473400
2018-09-21,34.25849391685288,34.624896081128675,34.1890036850183,34.37852096557617,48954100
2018-09-24,34.30904597202759,34.422756864848374,33.81629796652291,33.82261657714844,14029600
2018-09-25,33.79733099183065,33.89840702550597,33.43092886360592,33.51305389404297,13604900
2018-09-26,33.66466414919451,33.84786518609564,33.5320023265457,33.56990432739258,13308300
2018-09-27,33.57623230002016,34.03107330595492,33.57623230002016,33.854190826416016,13348100
2018-09-28,33.77838728565541,33.83524271749529,33.65204161380643,33.727848052978516,12634500
2018-10-01,33.86682643771821,34.062659927617176,33.79733620200834,34.012123107910156,10682000
2018-10-02,33.98685159777751,34.3911557722591,33.86050594079127,34.37852096557617,12482900
2018-10-03,34.580675287157334,34.707018533659394,34.2016383181223,34.2963981628418,14939100
2018-10-04,34.3342955700479,34.76386929812711,34.08792289861712,34.75755310058594,15788400
2018-10-05,34.78282864839989,35.02288275342779,34.60594375909566,34.7070198059082,14044900
2018-10-08,34.744918295660945,34.87758013260942,34.39746959467286,34.75755310058594,16703700
2018-10-09,34.79779117069822,35.2193502209169,34.51036399178861,35.12354278564453,16962400
2018-10-10,35.12355118595279,35.70479187051717,34.67644240477708,34.70199203491211,22025500
2018-10-11,34.816953571435334,35.23212645062708,33.75028230922798,34.06325912475586,26336200
2018-10-12,34.37624537616154,34.42095601717192,33.73751914853082,34.31875991821289,18866600
2018-10-15,34.41455123330716,34.65087912761287,34.2357063293457,34.2357063293457,13022000
2018-10-16,34.14630332810639,34.36347034158733,34.018557596079866,34.299598693847656,15981200
2018-10-17,34.33152439787378,34.73392248235164,34.19100389041087,34.46565628051758,14528100
2018-10-18,34.40178553409744,34.925540701562966,34.35068628041957,34.90637969970703,16865100
2018-10-19,34.88721037669228,35.44928988960725,34.823338756915035,35.06605529785156,19103300
2018-10-22,35.18103104761422,35.30238811665999,34.88082903257633,35.117156982421875,21737500
2018-10-23,35.82614288369651,36.70758548151168,35.82614288369651,36.5415153503418,29328700
2018-10-24,36.40737639702829,37.32714081832299,36.03691420449893,36.67564010620117,37435600
2018-10-25,36.701199140554394,36.80978383869863,35.87724193125015,36.043312072753906,25270000
2018-10-26,35.93471763711032,36.16465934823937,35.25128112711338,35.45567321777344,24973300
2018-10-29,35.64729964461368,36.503192599061606,35.58981420601097,36.07524490356445,22103700
2018-10-30,36.35627953867235,37.55708499482379,36.35627953867235,37.161075592041016,25231200
2018-10-31,37.25049930857765,37.25049930857765,36.25408589326149,36.464866638183594,24214400
2018-11-01,36.39460974652297,36.586227072686334,35.48123130737954,35.800594329833984,22533200
2018-11-02,35.98581612100882,36.45847434355802,35.71754998481985,36.17104721069336,14734400
2018-11-05,36.094406644983586,36.69481066861043,36.094406644983586,36.5415153503418,12733800
2018-11-06,36.420158282599516,36.63093660410416,36.18383033529237,36.5415153503418,12371200
2018-11-07,36.75868528698686,36.9055919924829,36.43293605941679,36.82255935668945,14891300
2018-11-08,36.854500798959755,37.32715680417491,36.828951167178666,37.21857452392578,12482400
2018-11-09,37.25050260254274,37.81258220215865,37.00778602416711,37.33992385864258,17365500
2018-11-12,37.582639330011304,37.94032678042137,37.391022010220574,37.5059928894043,13236800
2018-11-13,37.742322840360565,37.77425865593068,37.25050348363191,37.46767044067383,13047900
2018-11-14,37.76786292816538,37.889219971298495,37.30797950316252,37.64650344848633,18288700
2018-11-15,37.589022279537716,37.742317584090394,37.33353335401153,37.735931396484375,17147100
2018-11-16,37.7231577675923,38.572662065509995,37.62734789467434,38.45769119262695,19471000
2018-11-19,38.48324600915137,39.16668271430718,38.43853537883625,38.719573974609375,18405700
2018-11-20,38.981460557327445,39.332761928740545,37.793429394305036,37.978660583496094,22028900
2018-11-21,37.85090853268364,38.259695293305455,37.60819436310581,37.78703689575195,18482200
2018-11-23,37.59540787159809,37.684829110147696,37.23133429376272,37.45488739013672,7009100
2018-11-26,37.45489864090864,38.01058967349066,37.2441202919486,37.79342269897461,12308900
2018-11-27,37.81896814439818,38.77067101358152,37.79980714294333,38.73873519897461,14115000
2018-11-28,38.7706654723588,38.7898264710751,38.09361509134466,38.361881256103516,18663000
2018-11-29,37.95309608547356,38.189426449419216,37.85090002741871,37.972259521484375,14763700
2018-11-30,38.048908976247574,38.55988930708396,37.99142353674433,38.51517868041992,31142800
2018-12-03,38.004204726459776,38.163886258923895,36.84810955426271,37.148311614990234,27800800
2018-12-04,37.10997429124973,37.940319921134154,37.02055305395041,37.10358810424805,21727400
2018-12-06,37.16107391788682,37.454887253922976,36.50957319240707,37.09720230102539,26880400
2018-12-07,36.988627287434866,37.320765142247446,36.62455361585211,36.84172058105469,16948100
2018-12-10,36.91837244186548,37.282446166831505,36.32435690396365,37.21857452392578,16603400
2018-12-11,37.537926777819635,37.94032483432218,37.45489171676914,37.58902359008789,14991400
2018-12-12,36.91197884279582,37.167467799681035,36.55429137930072,36.56706619262695,18892200
2018-12-13,36.40738120198177,36.72674419498161,36.28602414179849,36.464866638183594,15454700
2018-12-14,36.37543816165378,36.7267368968361,36.247692502529546,36.458473205566406,13960900
2018-12-17,36.445699524803736,36.60538099451828,35.468447273299546,35.73671340942383,18902500
2018-12-18,35.73033751424331,36.20938209403505,35.32794182153189,35.545108795166016,18895800
2018-12-19,35.589816109014016,36.35628541597177,35.44929559901673,35.679237365722656,20968400
2018-12-20,35.717556781368906,35.77504221888051,34.657271717913154,35.17464065551758,26897000
2018-12-21,35.02773771518473,36.10718389444575,34.644503048471606,35.078834533691406,55406300
2018-12-24,34.92553482960692,35.155476559404654,33.814150614433196,33.8844108581543,15077200
2018-12-26,33.99937441397078,34.79139548672492,33.469233261168434,34.77223205566406,17970500
2018-12-27,34.68920860847912,35.23851090074064,34.07602982019009,35.225738525390625,17531000
2018-12-28,35.36626268620326,35.679239540305346,35.06606308274859,35.302391052246094,14771600
2018-12-31,35.468453381107096,35.91556206061087,35.174640011007526,35.909175872802734,15331800
2019-01-02,35.870854361351974,35.870854361351974,35.30877476309766,35.78143310546875,13969700
2019-01-03,35.96027268490661,36.40099517660226,35.8069798120487,35.909175872802734,19245400
2019-01-04,36.08163889703713,36.33712787819605,35.73672621409851,35.99860382080078,17035800
2019-01-07,36.2540895181,36.57345254303112,36.119957632400094,36.22854232788086,16349000
2019-01-08,36.57983596963184,37.48682566200149,36.43931547893664,37.288822174072266,21424600
2019-01-09,37.22622364460862,37.252039924420195,36.69054691741027,36.81962585449219,18136000
2019-01-10,36.974509668463,37.23912029998594,36.70344373799001,37.17457962036133,14259900
2019-01-11,37.32948502953735,37.60054857239206,37.05841902470679,37.445655822753906,15801500
2019-01-14,37.323030012656346,37.52955530810518,37.22622020330033,37.45210647583008,11342300
2019-01-15,37.264948614438005,37.61991385017136,37.161685955643286,37.49728775024414,10058000
2019-01-16,37.38756391937533,37.38756391937533,36.787349079540576,36.83898162841797,13411700
2019-01-17,36.890624821810356,37.04552006149822,36.27750162692603,36.67764663696289,15223900
2019-01-18,36.73572576263623,37.09069347043583,36.68409566275923,36.84544372558594,16802500
2019-01-22,36.93579178234928,37.039054426006295,36.400117587745875,36.78089904785156,18284800
2019-01-23,36.77444599390783,37.34884463820717,36.74217687741448,37.27785110473633,15109000
2019-01-24,37.18104718909586,37.2068634694651,36.46466141169333,36.83253479003906,12494100
2019-01-25,36.90352875936781,37.090693101258125,36.29040563433376,36.400123596191406,17800300
2019-01-28,36.21941713533401,36.2839578459922,35.367499450457,35.54175567626953,25955700
2019-01-29,34.605930955966926,35.0447978727836,34.18642748034652,34.386497497558594,33789200
2019-01-30,34.270327028311804,34.86408917053659,33.74110558740277,34.85118103027344,27260000
2019-01-31,34.88344985685467,35.61919661184036,34.54784559876057,35.53529739379883,28585400
2019-02-01,35.632108881498155,35.69019428793797,35.1545199503053,35.20615005493164,13778000
2019-02-04,35.23840928885852,35.296494678997405,34.63819441141525,34.876991271972656,15818900
2019-02-05,34.915719668885515,35.07061489183857,34.599478845738105,34.94153594970703,14124600
2019-02-06,34.92217396781583,35.08997486438772,34.64465511188941,34.71564865112305,11391400
2019-02-07,34.599478084452706,34.67692446323717,34.21869656762976,34.57366180419922,12436200
2019-02-08,34.438130978744255,34.82536534535745,34.399406557292515,34.818912506103516,12011700
2019-02-11,34.935089755301675,35.089982545739986,34.76083351957618,34.88345718383789,9802800
2019-02-12,35.14161304741818,35.34813839715626,34.97380966202076,35.122249603271484,11227600
2019-02-13,35.07707090593886,35.34813695514732,35.03189364140016,35.160972595214844,11884800
2019-02-14,35.09642937152818,35.18678388779049,34.81891052187913,34.870540618896484,11190100
2019-02-15,35.160971307129216,35.619199237507175,35.05770864025565,35.59983825683594,15719400
2019-02-19,35.535304583767505,35.92253901885474,35.38040933254671,35.78055191040039,12272700
2019-02-20,35.73536561087398,36.08387799156438,35.65146639705937,35.98706817626953,11379000
2019-02-21,35.85153277128857,36.606642852929205,35.79344738039313,36.23876953125,14680500
2019-02-22,36.41947323592074,36.87124815906671,36.40011226243493,36.735713958740234,12534300
2019-02-25,36.78735373410363,36.96160991564964,36.4969267648603,36.64536666870117,15051200
2019-02-26,36.671178708843456,36.84543487025317,36.43883716029717,36.55500793457031,12005600
2019-02-27,36.49693333713568,36.613104145752764,36.36785438734157,36.606651306152344,8962800
2019-02-28,36.619545655850104,37.181036044716016,36.60663751953447,36.735713958740234,15743000
2019-03-01,36.80026387789598,36.88416555402088,36.36784981969154,36.761539459228516,10942700
2019-03-04,36.884166566251224,37.01324304139999,35.92253106974687,36.29685974121094,13674400
2019-03-05,36.200048724984,36.25167882093983,35.82572006590677,36.19359588623047,15749500
2019-03-06,36.264592871725746,36.41303280701201,35.787003942887566,35.93544387817383,13935500
2019-03-07,35.98707788780821,36.400131077487764,35.961264063809175,36.33559036254883,12644200
2019-03-08,36.374304741038074,36.580830047825195,36.1419631554086,36.4840202331543,10617300
2019-03-11,36.63246956847248,37.18750739650602,36.62601672808961,37.16169357299805,13627400
2019-03-12,37.193951668866234,37.503739616881624,37.01969548648712,37.06487274169922,12813000
2019-03-13,37.02614213698826,37.26493897403001,37.00678116284042,37.21330642700195,14168300
2019-03-14,37.24558695116064,37.490836700745675,37.11650800601187,37.400482177734375,12148300
2019-03-15,37.45856196849798,37.76189461288452,37.3875684362025,37.6844482421875,23715300
2019-03-18,37.60700710539767,37.6392762258478,37.14877919386809,37.477928161621094,12168100
2019-03-19,37.49728837757796,37.56182907913943,36.98743037611054,37.11005401611328,13462700
2019-03-20,37.11650206228504,37.471469720094696,36.858346675303856,37.219764709472656,11902900
2019-03-21,37.16168709990732,37.748993951506854,37.15523179867239,37.61991500854492,10920100
2019-03-22,37.5360112843328,38.723533063423496,37.51665030563339,38.56863784790039,25125400
2019-03-25,38.4847347818502,38.846152811951285,38.420194089349515,38.77516174316406,15463400
2019-03-26,38.91715394860629,39.16885654361201,38.839707564445185,39.13013458251953,12316900
2019-03-27,39.084963283535444,39.49155870890195,39.0333307115658,39.29148864746094,13290300
2019-03-28,39.291473717739734,39.29792655579576,37.71671533870374,38.12976837158203,20547100
2019-03-29,38.20722560501205,38.252402870180354,37.639279677498166,38.16204833984375,17283900
2019-04-01,38.32984382905765,38.342751968988104,37.942609479047825,38.136226654052734,16331100
2019-04-02,38.22012919707551,38.22658203619871,37.65218333716947,37.77480697631836,11408100
2019-04-03,37.936150599212326,38.12331491758298,37.69735618796658,37.99423599243164,15491700
2019-04-04,37.97487597920104,38.14267686277377,37.92969872354777,38.071685791015625,8776000
2019-04-05,38.091049395284124,38.14267949302999,37.96197045795553,38.136226654052734,11497800
2019-04-08,38.091054791157475,38.16204833984375,37.89743758872529,38.16204833984375,11680500
2019-04-09,38.05966832238993,38.18355782097987,37.8444958831328,38.07923126220703,10414400
2019-04-10,38.079231677052064,38.27484366596452,38.05314941523937,38.21615982055664,8782100
2019-04-11,38.242247085507216,38.29440912861545,37.94882782008053,38.183563232421875,9219900
2019-04-12,38.30745316101951,38.33353542821886,38.15748385563612,38.300933837890625,10847500
2019-04-15,38.41177709528279,38.43785936068464,38.2031239467514,38.281368255615234,7741500
2019-04-16,38.33353042602539,38.45741744804325,38.24876431235971,38.33353042602539,10239300
2019-04-17,38.07924022095859,38.11836113511387,37.58368708469476,37.67497253417969,15498000
2019-04-18,37.49891769721238,37.94882806960549,37.34894840219525,37.84450149536133,13189000
2019-04-22,37.9097078165646,38.137923926704346,37.74669737532561,38.05967712402344,11950400
2019-04-23,37.57064478901872,37.63585045616434,36.70994988143151,37.26418685913086,23488700
2019-04-24,37.388062269433455,37.538031526220855,36.990316529225474,37.21853256225586,13227100
2019-04-25,37.04901578121363,37.10118032041093,36.35133123717364,36.416534423828125,17425500
2019-04-26,36.553455139438455,37.04900569012838,36.403485861106745,36.89251708984375,16329700
2019-04-29,37.003366013960154,37.277222330624056,36.97728374932312,37.062049865722656,13985000
2019-04-30,37.15985017609126,37.459788701388796,37.0098784261013,37.29025650024414,15469000
2019-05-01,37.31633865653634,37.36198136733152,36.853389739990234,36.853389739990234,11627400
2019-05-02,37.04248338977151,37.968381247809454,36.957717287150444,37.15985107421875,14435400
2019-05-03,37.264180685432954,37.40110883274055,37.08160733501471,37.3228645324707,9388200
2019-05-06,37.05554210439092,37.22507190274085,36.996858234319326,37.107704162597656,10066100
2019-05-07,36.964230760346716,37.04899684955666,36.72949791593135,36.92510986328125,12963800
2019-05-08,36.944674876194256,36.970757135687506,36.677337934741345,36.76210403442383,12086700
2019-05-09,36.59257328472883,36.879473175838235,36.468686278239666,36.827308654785156,14834900
2019-05-10,36.833847760491835,37.19247030544384,36.68387593570919,37.107704162597656,10707100
2019-05-13,36.983792670906034,37.38805768253371,36.94466928758434,37.003353118896484,13759000
2019-05-14,37.009891131432234,37.29026930182764,36.840361359429956,36.872962951660156,12776200
2019-05-15,36.846873607640916,37.06204855225826,36.62517934076619,37.04248809814453,10806300
2019-05-16,37.16637750623711,37.68801037727736,37.04900979933534,37.414154052734375,11695100
2019-05-17,37.205492258853965,38.13139007888121,37.172888191025024,37.87709426879883,14436700
2019-05-20,38.56827004998364,39.47460767375899,37.81842105144075,38.47698211669922,20910600
2019-05-21,38.535664404951284,38.88124820568277,38.313970122108,38.79648208618164,14016300
2019-05-22,38.52913825669034,38.71170910880365,38.444372152205744,38.63346481323242,11487100
2019-05-23,38.470458710388655,38.653029582895435,38.17052013774422,38.38569259643555,11706700
2019-05-24,38.51609346675032,38.70518610981111,38.255275856505015,38.67910385131836,8755200
2019-05-28,38.60739043912936,39.03773788369616,38.248767983214,38.294410705566406,21860500
2019-05-29,38.255282401737055,38.42481462360469,37.75973184229477,37.93578338623047,13418700
2019-05-30,37.570641594365625,37.570641594365625,36.8794789927851,37.0555305480957,17484900
2019-05-31,35.92096933373123,36.14918288284965,35.379773649620205,35.43845748901367,29916600
2019-06-03,35.6536328793723,36.833829004359686,35.575388588233714,36.76210403442383,19518300
2019-06-04,36.9055575521835,37.15333408340779,36.4686908269101,36.65778350830078,15201200
2019-06-05,36.85339959448441,37.414155891159794,36.84035846114988,37.18593978881836,11522900
2019-06-06,37.172890836537185,37.70104543245513,37.172890836537185,37.51847457885742,9906900
2019-06-07,37.81841508396832,37.909700515506714,37.264180685432954,37.3228645324707,11656600
2019-06-10,37.4076181063941,37.4076181063941,36.48172042111171,36.61212921142578,14955400
2019-06-11,36.84035559582441,37.427194113526426,36.63170245338407,37.0555305480957,15378600
2019-06-12,37.16637619724698,37.53803976023212,37.16637619724698,37.4011116027832,11911000
2019-06-13,37.49240006628384,37.64889117838222,37.407633943591314,37.57064437866211,9218700
2019-06-14,37.60976777212245,38.183565199929745,37.50544119318857,38.00099182128906,11826600
2019-06-17,37.92274114998615,38.03358952064598,37.322864043539994,37.5771598815918,11027000
2019-06-18,37.70104885803126,37.818416556677235,37.27070145877652,37.38154983520508,12257500
2019-06-19,37.42066879576069,37.72060734898377,37.28374065024686,37.5771598815918,10516400
2019-06-20,37.75321723245439,37.78581882154692,37.12073595722362,37.3880729675293,15302800
2019-06-21,37.22506084575727,37.76625416469549,37.22506084575727,37.66844940185547,22474300
2019-06-24,37.80537600631142,38.25528386647912,37.77277442003984,37.994468688964844,9141800
2019-06-25,37.93578812076132,37.987950165840346,37.75973655485372,37.81842041015625,10571700
2019-06-26,37.92925785721329,37.96186192638072,37.114205874852594,37.15985107421875,15042100
2019-06-27,37.270692385666024,37.40762050497228,37.06855862335135,37.329376220703125,9123300
2019-06-28,37.30982444315904,37.44675259429064,37.0555285946742,37.25114059448242,14604000
2019-07-01,37.440233678589614,37.440233678589614,36.90555967702904,36.94468307495117,15796800
2019-07-02,37.08813462835461,37.91622793129258,37.04249190583646,37.9031867980957,14985700
2019-07-03,37.896664987826355,37.98143110993514,37.59672638632367,37.9031867980957,8437800
2019-07-05,37.87058429174731,38.15095994299454,37.668450463103085,38.02055358886719,6938500
2019-07-08,37.79233155701557,38.014025806480795,37.69452680678588,37.74668884277344,12048200
2019-07-09,37.52464402529663,37.55100083119199,37.06999792093337,37.1688346862793,16733700
2019-07-10,37.35991186921749,37.63006280324924,37.287431921192855,37.55758285522461,10901500
2019-07-11,37.70254487909438,37.81455752252833,37.320378772859065,37.5048713684082,10045700
2019-07-12,37.597121561431194,37.73549101317824,37.45874959616096,37.682777404785156,9669500
2019-07-15,37.74866762033257,38.08470806052859,37.68277561297438,37.93975067138672,11734300
2019-07-16,37.972699634335726,38.038589135486426,37.82115177087044,37.82773971557617,10556000
2019-07-17,37.92656913074737,38.01881541989057,37.61688300560415,37.70254135131836,7916700
2019-07-18,37.70254382652516,37.76843331923234,37.41262402615831,37.695953369140625,7549200
2019-07-19,37.80797303951306,37.860684137271065,37.27425903614451,37.287437438964844,12240300
2019-07-22,37.26766936189961,37.28084776410833,36.46380442182999,36.56922912597656,15255800
2019-07-23,36.53627537584761,36.661466395702604,35.949850446413436,36.5560417175293,14093500
2019-07-24,36.641719046266275,37.05683003140137,36.51652544799797,36.87892532348633,11173900
2019-07-25,37.01069738599648,37.3006172318011,36.85914951820017,37.13589096069336,11006100
2019-07-26,37.21494987875336,37.709128572720815,36.898675816236924,37.610294342041016,12333100
2019-07-29,37.61689135294191,37.847507126974484,37.44557713702107,37.80138397216797,10165700
2019-07-30,37.761841090409455,37.95292160298694,37.261071953975936,37.313785552978516,13329300
2019-07-31,37.261080312764,37.373095479011496,36.18706437061825,36.41768264770508,24396200
2019-08-01,37.630062722003615,37.7486658160564,36.39132069163166,36.41108703613281,18677000
2019-08-02,36.31225828228589,37.096354399325406,36.088230461199835,36.62853240966797,17458800
2019-08-05,36.43745766135511,36.832802296023445,36.19366343710017,36.38474655151367,18941500
2019-08-06,36.38474314872205,36.60218054095903,35.89056428674639,36.272727966308594,18747900
2019-08-07,36.07505207383741,36.58240927220642,35.8510242526553,36.29907989501953,11865500
2019-08-08,36.47698317479395,36.786669345868795,36.233189015396334,36.78007888793945,11335900
2019-08-09,36.66806349135543,36.938214435185365,36.54946039274492,36.753719329833984,8948000
2019-08-12,36.79984456407901,36.826201368269594,36.28589944997848,36.694419860839844,10635600
2019-08-13,36.661478532376464,37.22813730771966,36.58241062595194,37.142478942871094,11016500
2019-08-14,36.925029349028854,37.24130338355847,36.56263217489217,36.71417999267578,15041200
2019-08-15,36.58900198839675,37.280854403183994,36.51652202010295,37.09635925292969,12124000
2019-08-16,37.208373651144804,37.35333107115541,36.94481059263235,37.32697677612305,11923500
2019-08-19,37.537816510680784,37.88703533641079,37.35332141202091,37.55758285522461,11011900
2019-08-20,37.49169470725392,37.557584200441966,37.056817517052885,37.07658386230469,9892600
2019-08-21,37.41262849547302,37.41262849547302,36.971163311846816,37.287437438964844,7637300
2019-08-22,37.32697232651736,37.531231284668145,37.11612291025139,37.412628173828125,9272200
2019-08-23,37.419211623955356,37.49827951186618,36.64829154787557,36.84596252441406,13203000
2019-08-26,36.90526686526992,37.37967925572974,36.7800758237977,37.36650085449219,9486900
2019-08-27,37.887034992875634,37.99245968535837,37.676185607910156,37.676185607910156,16953900
2019-08-28,37.68937295374476,38.29556445101145,37.63007139305358,38.18355178833008,15238900
2019-08-29,38.374637363628295,38.42076052343303,37.80138806858595,38.176963806152344,8538000
2019-08-30,38.20991344006183,38.486652416021265,38.15061187185283,38.32192611694336,9962200
2019-09-03,38.15059733775262,38.34167786160959,37.9463358998442,38.24284362792969,10470100
2019-09-04,38.374633476797115,38.5788924456655,38.190138342741335,38.33509826660156,9232200
2019-09-05,38.59865955292053,38.63160430315751,38.34168446861612,38.605247497558594,9232300
2019-09-06,38.67113936922006,38.941290359365375,38.526181956584374,38.91493606567383,8920200
2019-09-09,39.19825954382188,39.218025889488366,38.638188785881304,38.6513671875,12848700
2019-09-10,39.040124038675195,39.40252131185697,38.737028320270305,39.34321975708008,13987000
2019-09-11,39.46841292723574,39.65290553422902,39.21802830808539,39.61996078491211,12241500
2019-09-12,39.60019090359451,39.89669866684909,39.521123004567684,39.817630767822266,9491400
2019-09-13,39.587016429780114,39.8308105933807,39.35639815521889,39.5079460144043,10719300
2019-09-16,39.48818244910926,39.52771765958227,39.00059157403596,39.20485305786133,10950500
2019-09-17,39.08625303276134,39.46841922366991,39.08625303276134,39.44865036010742,8801700
2019-09-18,39.277332641097594,39.52112681951881,39.12578477269936,39.488182067871094,8451900
2019-09-19,39.521121978759766,39.797863388455355,39.402518876536384,39.521121978759766,7651700
2019-09-20,39.7121977298246,39.78467766935511,39.51452676698308,39.72537612915039,21019900
2019-09-23,39.61996498463599,39.98895023773507,39.48818345987625,39.67267608642578,8437000
2019-09-24,39.89669142464309,40.19319913407442,39.80444514026951,39.87033462524414,12846300
2019-09-25,39.91646543090337,39.96917652297922,39.60677928181743,39.71220397949219,8088100
2019-09-26,39.62655154124593,39.9757704331274,39.58042838622474,39.824222564697266,7438800
2019-09-27,39.90329611379214,39.99554243106775,39.547486735565975,39.73197937011719,7799000
2019-09-30,39.85717708799489,40.12732812239588,39.75175235538777,39.77151870727539,9709400
2019-10-01,39.797858860033536,39.81762520364727,39.40910484998553,39.43545913696289,8381600
2019-10-02,39.33663672971463,39.34981513392607,38.69091000449542,38.81610107421875,12011700
2019-10-03,38.875400580395116,38.9544684879585,38.43393537351579,38.881988525390625,9769300
2019-10-04,38.85562488559985,39.52111776510147,38.849034428666144,39.468406677246094,9824900
2019-10-07,39.48158814897761,39.923055825638585,39.4684122602921,39.69902801513672,13744600
2019-10-08,39.61336823338728,39.659491382698015,39.06647838576438,39.34980773925781,13832800
2019-10-09,39.54621355363782,39.579501103394094,39.2333049986389,39.42637634277344,10609200
2019-10-10,39.45300283891157,39.95898271214056,39.413058797119945,39.832489013671875,11832100
2019-10-11,39.945670003545445,40.19865995801088,39.872435868857245,39.89906692504883,11349000
2019-10-14,39.89906564776371,39.932353197098905,39.652734735070595,39.67936325073242,6876100
2019-10-15,39.73262476595662,40.405042395288376,39.67936265607675,40.31183624267578,11679200
2019-10-16,40.03886393507203,40.21861969996264,39.912370266301544,40.138729095458984,9298100
2019-10-17,40.09879453190294,40.231947272402444,40.052191453679704,40.218631744384766,7323700
2019-10-18,40.178681080876785,40.81115462927467,40.152052567222384,40.64471435546875,12339700
2019-10-21,40.618081194352946,40.764549440398156,40.38506583898729,40.444984436035156,10882300
2019-10-22,40.76455487812669,40.76455487812669,40.2852060378017,40.45830535888672,9603600
2019-10-23,40.345121269047596,40.82447006928783,40.31183372229247,40.53153610229492,10375600
2019-10-24,40.53153782626157,40.62474397701114,40.21862928616473,40.331809997558594,11143800
2019-10-25,40.34511844949283,40.531533269712384,39.41971100011744,40.191993713378906,15036400
2019-10-28,40.24526179568038,40.38507102685969,39.97229982732578,40.06550598144531,14621400
2019-10-29,40.018895437652695,40.15870464274638,39.99226438725102,40.0721549987793,10619900
2019-10-30,40.25192178214836,40.65803652291486,40.21863422988564,40.49159622192383,12136500
2019-10-31,40.4782829578156,40.49159848740117,40.01224958103098,40.258583068847656,12226600
2019-11-01,40.804495197511436,40.83778274194023,40.05218450297187,40.191993713378906,9629100
2019-11-04,39.73262951341741,40.3517876465267,39.6460798443598,39.85912322998047,10133300
2019-11-05,39.745941894438786,39.859120072976694,39.51292396384387,39.612789154052734,10645400
2019-11-06,39.74593764606494,40.0322151184082,39.69933457286273,40.0322151184082,9287600
2019-11-07,40.11876333024348,40.331809221729216,39.91903550538251,40.298519134521484,14604400
2019-11-08,39.978945939498416,40.052180052911076,39.2532663770004,39.51291275024414,17644600
2019-11-11,39.47963304051246,39.73927946525848,39.41971443944207,39.68601989746094,7754000
2019-11-12,39.88574961182832,39.90572163323949,39.373113231631734,39.492950439453125,7709400
2019-11-13,39.379759722302275,39.626090553397106,39.14674187478975,39.5528564453125,10255600
2019-11-14,39.23330178379211,39.506263732910156,39.17338318326975,39.506263732910156,9530200
2019-11-15,39.599473778533486,39.63276132883886,39.31985530835559,39.61944580078125,11758800
2019-11-18,39.586153356001105,39.586153356001105,39.313191413762674,39.572837829589844,10165100
2019-11-19,39.566186075869204,39.77922944461598,39.466320885660345,39.612789154052734,10492700
2019-11-20,39.606127264135786,39.71930542725484,39.33982181964387,39.59946823120117,12362100
2019-11-21,39.68601989746094,39.73927946525848,39.45966102004802,39.68601989746094,8056000
2019-11-22,39.71930579716709,39.96563668482621,39.71930579716709,39.77922439575195,10741300
2019-11-25,39.83247944498054,39.84579242926158,39.42636485314306,39.53288650512695,10644500
2019-11-26,39.646073828406614,39.885748235780696,39.36645537958825,39.872432708740234,11936900
2019-11-27,39.952322762534884,40.12542207191948,39.93900977536106,40.01224136352539,8795300
2019-11-29,40.05218756960806,40.29851846485391,40.05218756960806,40.10544967651367,6791400
2019-12-02,40.07882065437248,40.098792675635806,39.6993370123063,39.919036865234375,9142000
2019-12-03,39.93901293007986,40.07882216354199,39.666050957268304,40.038875579833984,10289400
2019-12-04,39.95898208622554,40.365096769259864,39.84580137700883,40.298519134521484,8237500
2019-12-05,40.36510250745453,40.55817132644927,40.158715619941766,40.49159622192383,9812500
2019-12-06,40.611428967922684,40.79784127180007,40.55151036457965,40.73792266845703,9296900
2019-12-09,40.59811955902005,40.68466923015422,40.524885417266326,40.61809158325195,9370200
2019-12-10,40.71129731081738,40.764556884765625,40.47162287885689,40.764556884765625,8290900
2019-12-11,40.85109656844318,40.891040604225516,40.60476570230405,40.6646842956543,9657500
2019-12-12,40.67800629647428,41.03086144203984,40.67800629647428,40.724609375,8571600
2019-12-13,40.69132008811116,40.73792316464814,40.11210860852506,40.48493576049805,10585900
2019-12-16,40.431676293637686,40.79118794157842,40.418360765231284,40.764556884765625,11493000
2019-12-17,40.87774160343615,41.08412596472237,40.84445150932633,40.937660217285156,13648700
2019-12-18,40.950962164420325,41.07745839270019,40.49158794190519,40.518218994140625,17292600
2019-12-19,40.54485293440321,40.69797768614873,40.40504117004677,40.478275299072266,11901600
2019-12-20,40.91767682429678,41.42365668533309,40.70463347428477,41.32379150390625,42977900
2019-12-23,41.283847301263066,41.37705599447938,40.82447302753013,40.87773513793945,9477500
2019-12-24,40.91768114760871,40.91768114760871,40.624747145310415,40.79784393310547,6640100
2019-12-26,40.79783773218903,40.857756330333544,40.68465956884769,40.80449676513672,8117800
2019-12-27,40.87108064031577,41.024205415221076,40.77787447643232,40.96428680419922,8166800
2019-12-30,41.04416862660382,41.070797137721634,40.671341534509786,40.7512321472168,6765400
2019-12-31,40.75123889555592,40.87773513793945,40.57148308244029,40.87773513793945,8466700
2020-01-02,40.86441673593753,40.91101980942903,40.48493311483421,40.64471435546875,11447900
2020-01-03,40.33846497713132,40.47161770449417,39.99226890185872,40.211971282958984,13263200
2020-01-06,40.01889794808702,40.33846295392361,39.99892592887127,40.12541961669922,15094500
2020-01-07,40.01224382343882,40.06550593411691,39.666050262740114,39.67936325073242,14293100
2020-01-08,39.7259629410719,40.01224041236823,39.69933442768017,39.752593994140625,15926500
2020-01-09,39.61468819732993,39.95776131358291,39.55414603364453,39.5877799987793,20134600
2020-01-10,39.702137109995704,39.89048936075909,39.58105278704583,39.68195724487305,11786700
2020-01-13,39.702142372285756,39.937582716946245,39.54069573158477,39.78959274291992,14158400
2020-01-14,39.68868323294554,39.77613359247724,39.527236612741405,39.71559143066406,12697100
2020-01-15,39.85687068305028,39.9712267174133,39.60124784032809,39.75596618652344,10291300
2020-01-16,39.94430340308001,40.26046572450913,39.83667318525391,40.139381408691406,10689600
2020-01-17,40.15285213410316,40.46229138383644,40.1192181582496,40.44883728027344,15615700
2020-01-21,40.495919040090634,40.67754556068557,40.42864853277355,40.57664108276367,12857600
2020-01-22,40.664092896258744,40.912987366859035,40.54973431283209,40.68427276611328,8847100
2020-01-23,40.61700470146773,40.71790661654721,40.36138189760611,40.70445251464844,11109000
2020-01-24,40.697728584410626,40.805358838353186,40.43538000080735,40.54973602294922,10182800
2020-01-27,40.2537503983295,40.603549338511,40.10575784814686,40.300838470458984,11482300
2020-01-28,40.34793032692005,41.03407417015724,40.273934044888435,40.83226776123047,15367500
2020-01-29,40.933157975499604,40.980246038578116,39.984665815321556,40.04520797729492,13408900
2020-01-30,39.48687976700084,39.95103466407293,39.2447111020564,39.93085479736328,16719600
2020-01-31,39.91739699013618,40.39500594269181,39.76267870548184,39.98466491699219,14283600
2020-02-03,40.09903762106029,40.14612569969607,39.02273244883775,39.04964065551758,15566400
2020-02-04,39.063086105949616,39.39943091661983,38.78055769671812,39.21107864379883,13924600
2020-02-05,39.37252676637057,39.816501859485136,39.29853048983355,39.77614212036133,10271900
2020-02-06,39.823220866095006,40.13938320164654,39.72904474205384,39.98466491699219,10283700
2020-02-07,40.13266213416212,40.46228117300517,40.051940099262545,40.321014404296875,9418100
2020-02-10,40.31428483526958,40.52281951904297,40.20665461018489,40.52281951904297,8270200
2020-02-11,40.48918262892163,40.596812853049826,39.190891606940106,39.48014831542969,22488200
2020-02-12,39.40615823308982,39.59451050105092,39.096719065015904,39.17071533203125,20938000
2020-02-13,39.264888436081606,39.57432758027721,38.982360055941655,39.453243255615234,19460100
2020-02-14,39.48688249850708,39.56087876970403,39.20435151449208,39.35906982421875,9138900
2020-02-18,39.52724093041721,39.52724093041721,38.8881878444921,38.9554557800293,12427300
2020-02-19,39.103463088245796,39.40617404472189,38.85456598730533,39.164005279541016,13642800
2020-02-20,39.0765380859375,39.25816458177686,38.975633621768814,39.0765380859375,16748600
2020-02-21,38.95546257326354,39.184177186524465,38.881466291604454,39.150543212890625,15704300
2020-02-24,39.13035530398142,39.48015422629578,39.00254519560221,39.009273529052734,18520900
2020-02-25,39.04291383984944,39.28508256125773,38.24913972683682,38.42403793334961,19384900
2020-02-26,38.59893904165096,38.92855558612832,38.27604826566776,38.43749237060547,16803600
2020-02-27,38.19531634916067,38.59893166660224,37.018109497310526,37.038291931152344,25907200
2020-02-28,36.15034055473716,36.4463230575721,35.100943845601506,36.43286895751953,45828300
2020-03-02,37.10556130805898,38.70656340723391,36.917209025605715,38.558570861816406,30736200
2020-03-03,38.4845672785879,39.049626584716556,37.145916554972175,37.468807220458984,27500200
2020-03-04,38.08096140910374,39.18417202197796,37.74461658488075,39.09672164916992,17626400
2020-03-05,38.25585856974726,38.693107856034864,38.00023835774301,38.4509391784668,21249900
2020-03-06,37.19301477948086,38.484577794342464,37.0652020919362,38.255863189697266,22510800
2020-03-09,36.57414159777556,38.73347768146014,36.33197287316736,37.556270599365234,31862200
2020-03-10,37.71770921278177,38.269314531352954,36.271425410365,38.02042007446289,34330900
2020-03-11,37.24009628797697,37.35445228708293,36.453048129602735,36.88357162475586,21147400
2020-03-12,34.946228675476945,36.325241978090375,34.13900056274234,34.44171142578125,45610600
2020-03-13,35.65255613597984,36.574140359097846,34.60988755465858,36.43960189819336,45744000
2020-03-16,34.23989577102594,35.78708107141051,32.97523882226425,34.300437927246094,36990400
2020-03-17,34.643509279772395,37.320813184140434,34.6367835138536,36.53376770019531,33898000
2020-03-18,36.31852197951213,37.62353921555446,34.226456374550345,36.54050827026367,38417400
2020-03-19,36.163805839258885,36.94412597625894,35.50457008266471,36.06962966918945,33024900
2020-03-20,35.46418967253184,35.67945009760068,34.112082401079824,34.845314025878906,46013800
2020-03-23,34.044827799511424,35.834182386741944,33.049247302551585,33.843021392822266,39225100
2020-03-24,34.952950977619274,34.952950977619274,33.082874711978185,33.62775421142578,40626900
2020-03-25,33.20395759460939,34.91931548534426,32.8541587101835,33.5941162109375,38551300
2020-03-26,33.35867614051766,36.25796913375025,33.30485974276428,36.01580047607422,32610900
2020-03-27,35.080773925885595,36.21761875855957,34.670432739303344,35.497840881347656,25363600
2020-03-30,35.98216647855608,37.01810647331717,35.612185159598106,36.84320831298828,20660200
2020-03-31,36.37233415232608,36.688499152287264,36.02253517847935,36.143619537353516,21251800
2020-04-01,35.31620738200172,35.95526307642133,35.087492793454935,35.59873580932617,18672600
2020-04-02,36.02925507418919,37.33427194448618,35.713090148279804,37.166099548339844,20159400
2020-04-03,36.997937552918465,37.159384227691376,36.51360009470757,36.7961311340332,17612500
2020-04-06,37.51590832596226,38.302954115587774,36.984482798239775,38.141510009765625,20284400
2020-04-07,38.37021153890123,38.93527084868699,37.94641641503519,38.32984924316406,21786000
2020-04-08,38.51821284150896,39.02945847373802,38.08769182454198,38.881465911865234,18234200
2020-04-09,38.69447735875552,39.50358603985904,38.67408046735848,39.05483627319336,19689500
2020-04-13,39.02084193642795,39.163625368544174,38.32052097477785,38.53129577636719,12977700
2020-04-14,38.96644898338267,39.70756631578409,38.72847400511537,39.530784606933594,16765600
2020-04-15,39.13643321284006,39.44239699134397,38.558496155622805,38.70808029174805,18372800
2020-04-16,38.952854606184914,39.43560012313414,38.6536863245901,39.20442581176758,17825800
2020-04-17,39.47639161407436,39.89794380243944,39.25881612371145,39.74835968017578,15054300
2020-04-20,39.503594956095036,40.05433449146045,39.4084059831515,39.52399444580078,14002200
2020-04-21,39.020849741522575,39.46280151261209,38.56530176878247,38.63329315185547,14234500
2020-04-22,39.03444146280763,39.823153294562054,38.9120549204919,39.42879867553711,12701100
2020-04-23,39.517192634268476,39.88435231413331,39.07524347327998,39.15683364868164,15684400
2020-04-24,39.190825686571046,39.42880068372978,38.64008881180459,39.388004302978516,15371500
2020-04-27,39.38800190599671,39.632774988199166,38.89165764206595,39.30641174316406,16050100
2020-04-28,39.31321044558137,39.69396886748041,39.17722510963853,39.320011138916016,13392600
2020-04-29,39.69397458085842,39.84355613759157,39.23162592832705,39.51719284057617,17818100
2020-04-30,39.32001358812996,39.408401857349574,38.89845876107837,39.061641693115234,17532400
2020-05-01,39.27241414269005,39.29281362902892,38.43610782652426,38.64008712768555,13857400
2020-05-04,38.653692808924404,38.77607938216142,37.939772860845274,38.23894119262695,11833600
2020-05-05,38.07575188387389,38.71487964247663,38.07575188387389,38.42251205444336,10902400
2020-05-06,38.320520735866076,38.52449743671819,37.76298320980821,37.83097457885742,12460400
2020-05-07,38.14374613306696,38.17774441763034,37.518217121416015,37.79018783569336,14083100
2020-05-08,38.225332503858546,38.77606934719319,38.09614526903821,38.755672454833984,11097900
2020-05-11,38.66726828404251,38.69446586029279,38.23891812976697,38.34770584106445,12636800
2020-05-12,38.585694207506606,38.585694207506606,37.70179336114167,37.70859146118164,13117700
2020-05-13,37.504619756964225,37.76978978696195,37.09666626369158,37.29384231567383,20604500
2020-05-14,37.0558640914577,37.34823166701511,36.61391238132543,37.334632873535156,15859200
2020-05-15,37.14426158487693,37.232649867722685,36.858692058214544,37.19865417480469,10174000
2020-05-18,37.8377814916637,38.21173927031355,37.42302732865562,37.8853759765625,15735900
2020-05-19,37.6882012522801,37.76979143575534,36.933484922444954,36.974281311035156,18467100
2020-05-20,37.083073139774086,37.327846310656625,36.74990908080497,36.89269256591797,21405400
2020-05-21,37.00827538195325,37.1510588452005,36.62071878530781,36.69551086425781,18201000
2020-05-22,36.688697014443484,36.9130731708408,36.491518439495074,36.78388595581055,19960000
2020-05-26,37.3278359494653,37.56580835859897,36.83828974358493,36.91987991333008,20830500
2020-05-27,37.13066498244602,37.545419204180234,37.00827840574723,37.491024017333984,17063800
2020-05-28,37.79018700676489,37.9329704614613,37.50461750366716,37.8853759765625,15427900
2020-05-29,37.62020550280001,39.292818335475154,37.321037208571866,39.0140495300293,34227800
2020-06-01,38.55169807273894,38.687683415303496,37.90576964083578,37.92616653442383,18156100
2020-06-02,37.95334876654632,38.38849961173624,37.76297092020163,38.34770584106445,17300400
2020-06-03,38.429309726881,38.74207418456164,38.27972559768394,38.64008712768555,16086700
2020-06-04,38.578894919046924,39.00724523839709,38.422510092193164,38.90525817871094,16147300
2020-06-05,39.26562531072043,39.51719655617072,38.81007730966977,39.258827209472656,17105600
2020-06-08,39.19762994932791,39.57158772896534,38.939258035120005,39.496795654296875,14963000
2020-06-09,39.26562387507308,39.523995806029596,39.00725194411657,39.340415954589844,14530800
2020-06-10,39.36760979529097,39.59198341875923,39.23162444491681,39.46959686279297,13649100
2020-06-11,39.082046474851005,39.39481101453301,38.347729616740864,38.3817253112793,23412500
2020-06-12,38.50410924300643,38.6264958099063,37.93297279537538,38.43611526489258,17129000
2020-06-15,37.892180085410494,38.44291968990146,37.58621363847107,38.17774963378906,14826800
2020-06-16,38.64009562455934,38.973257048135764,38.238940221075914,38.70128631591797,15021300
2020-06-17,38.85086538995412,38.87126228440241,38.42251245060659,38.517704010009766,10652100
2020-06-18,38.41571909424643,38.728483618365225,38.32732821788064,38.68088912963867,9019500
2020-06-19,38.99364469641847,39.07523745295404,38.075748231881704,38.18453598022461,28868200
2020-06-22,38.01455499364619,38.252527382815934,37.81057828954292,37.844573974609375,12333900
2020-06-23,37.90577339933903,37.97376478051058,37.33463697890124,37.35503387451172,20716400
2020-06-24,37.08306624702367,37.09666504217899,36.34874687086639,36.668312072753906,24794600
2020-06-25,36.65471310733303,36.98107640842973,36.267156525174144,36.90628433227539,17122500
2020-06-26,36.74309010677647,36.7566888967346,35.933978963343634,36.14475631713867,30211900
2020-06-29,36.24675006454543,37.19864212646462,36.24675006454543,37.18504333496094,15930300
2020-06-30,37.34144015700329,37.5930140076964,36.96068422074179,37.48422622680664,17414800
2020-07-01,37.45701721273925,37.62020013117304,37.110257077411134,37.17144775390625,12831600
2020-07-02,37.429819430196886,37.67459250970582,37.21904462905657,37.2530403137207,15814500
2020-07-06,37.63379520424048,37.68819037332588,37.33462955538405,37.55900573730469,11231100
2020-07-07,37.34143427049024,37.62020567088651,37.259844096111145,37.42302703857422,13319700
2020-07-08,37.47062546531989,37.69499911689457,37.2734468122628,37.654205322265625,15320800
2020-07-09,37.57512909502945,37.57512909502945,36.95632447332035,37.08695983886719,17618400
2020-07-10,37.01820368288776,37.52699886828015,37.01820368288776,37.465118408203125,15652200
2020-07-13,37.64388176162087,37.65763326604523,37.22447005658725,37.43761444091797,15285100
2020-07-14,37.423878619651006,38.26270238124261,37.31386916098591,38.11831283569336,15683600
2020-07-15,38.23519003386637,38.31082201003021,37.82952976221356,37.857032775878906,13903600
2020-07-16,37.72639829047247,38.386457565834455,37.65076630725574,38.35207748413086,13477400
2020-07-17,38.50334260311557,38.915877367587555,38.427710617634894,38.70960998535156,13506300
2020-07-20,38.69585503109106,38.69585503109106,38.26956879605173,38.41395568847656,10572900
2020-07-21,38.393333435058594,38.847122728388435,38.365830417806585,38.393333435058594,12619700
2020-07-22,38.39332807007232,38.468960045530686,38.07017421959811,38.33144760131836,11223500
2020-07-23,38.372695689471925,38.56521150540101,38.09079640636236,38.40019607543945,16718700
2020-07-24,38.743981136599686,39.58280466031741,38.599594254828105,39.08776092529297,17981700
2020-07-27,39.19089638947986,39.41779231174658,38.85399103840156,39.10151290893555,12306700
2020-07-28,39.225280363050196,39.67219521721285,39.170276950919224,39.520931243896484,13454700
2020-07-29,39.44529152221005,39.66531037325354,39.30090464299368,39.50029754638672,9341800
2020-07-30,39.33529054143996,39.50718046964709,39.287161571368536,39.39717102050781,12635800
2020-07-31,39.0877678984746,39.53468275263725,38.950258056731116,39.520931243896484,16202900
2020-08-03,39.78907189900041,39.78907189900041,39.27340221738567,39.35591125488281,13493400
2020-08-04,39.32839990169881,39.97470482136956,39.31464839836568,39.816566467285156,11601000
2020-08-05,39.988465778209026,40.009091726669276,39.472796084049094,39.56217956542969,9809300
2020-08-06,39.53467785961123,39.84408021090498,39.500300403430096,39.761573791503906,10369900
2020-08-07,39.75469224462002,40.256610392207214,39.63780838221531,40.24285888671875,12783900
2020-08-10,40.3253688983942,40.669148675455254,40.2016079688257,40.559139251708984,12114500
2020-08-11,40.772279560672736,40.98542395896329,40.05034257951388,40.22910690307617,12833100
2020-08-12,40.29098892211914,40.54538784621252,40.23598552152568,40.29098892211914,10802100
2020-08-13,40.0847170630067,40.29098438194425,40.00908510073563,40.23598098754883,7428600
2020-08-14,40.20848643205863,40.5247632291099,40.050348033533,40.421630859375,8715900
2020-08-17,40.3803716928839,40.51788412621105,40.25661076517261,40.41474914550781,8371900
2020-08-18,40.46975471782674,40.889166454535264,40.414748695975106,40.68977355957031,10130600
2020-08-19,40.813528125757585,40.86853151620632,40.51787736145628,40.60038375854492,10816300
2020-08-20,40.2909875177744,40.627892842430896,40.284113076501654,40.538509368896484,8061500
2020-08-21,40.56601369320432,40.593516704848774,40.24973692778772,40.559139251708984,11059300
2020-08-24,40.63477383249764,40.98543071904376,40.566018917363685,40.95792770385742,10931500
2020-08-25,41.047312036016,41.08168949429002,40.6897806997359,40.854793548583984,11316800
2020-08-26,40.77228046426791,40.90979289773416,40.49725822016693,40.88228988647461,15096400
2020-08-27,40.97854385600972,41.10918183549382,40.847908499356876,40.86166000366211,11405300
2020-08-28,40.84790883647089,40.84790883647089,40.44224863602799,40.744773864746094,11873900
2020-08-31,40.59351719399942,40.868539445263345,40.579765688011484,40.75165557861328,14555500
2020-09-01,40.648514753207266,40.772275666480446,40.414744430672506,40.67601776123047,13358400
2020-09-02,40.6691431600636,41.762362807772796,40.566008191799426,41.61797332763672,21711900
2020-09-03,41.82424518987078,42.13364486324654,41.349827461409504,41.67298126220703,23126800
2020-09-04,41.583621978759766,42.28493338376706,41.29484808290356,41.583621978759766,22250100
2020-09-08,41.803624404926,41.803624404926,40.99230384284944,41.22607421875,18469700
2020-09-09,41.33608556163138,41.76924887697068,41.23295318748616,41.28108215332031,15896200
2020-09-10,41.41171985936363,41.425471367918554,40.84792112277205,40.93042755126953,15811200
2020-09-11,40.96479739564506,41.22606812439242,40.813533462178704,41.10918426513672,13924800
2020-09-14,41.26733110679672,41.78987529433618,41.253579598857264,41.47359848022461,11932500
2020-09-15,41.32921203879323,42.00989464092645,41.32233497333137,41.666114807128906,9444300
2020-09-16,41.61797832462372,41.89300319112907,41.4735914499826,41.50796890258789,12699000
2020-09-17,41.666107534691726,41.93425796142947,41.32232776089779,41.65923309326172,14996200
2020-09-18,41.37733686081934,41.89988100180087,41.35671091216388,41.49422073364258,22584500
2020-09-21,41.25357183904883,41.30857786046,40.57976381375081,40.98542404174805,15871400
2020-09-22,41.067933680411414,41.50797139497728,40.92354679710043,41.12981414794922,12198900
2020-09-23,41.136695189498155,41.34983700275381,40.46288442324247,40.5041389465332,15416200
2020-09-24,40.566019882442355,40.951054235715546,40.32537505091658,40.6966552734375,10875300
2020-09-25,40.46287707735839,40.87541436687535,40.435376689655754,40.83415985107422,10676300
2020-09-28,40.9510538674883,41.11606671538449,40.6897804650154,40.813541412353516,11910500
2020-09-29,40.758522265015266,40.902911738999606,40.63476135750359,40.731021881103516,10005900
2020-09-30,40.88229119876453,41.05418109040699,40.60039188138415,40.90291976928711,16348400
2020-10-01,40.841042160532076,40.97855198520065,40.58664321466528,40.87541961669922,14547100
2020-10-02,40.765399328116516,40.94416362628277,40.64163842060484,40.731021881103516,10741800
2020-10-05,40.99917995936993,41.14356684686575,40.74478101721245,41.019805908203125,10457400
2020-10-06,41.08855722525822,41.23294672295512,40.79290903412833,40.88228988647461,12524900
2020-10-07,40.99229848300872,41.102307902999584,40.703524739094476,40.98542404174805,13674700
2020-10-08,41.08132532366823,41.505202758956436,40.977094862196836,41.129966735839844,14266400
2020-10-09,41.17164983047648,41.373165714773684,41.05352147463448,41.22724151611328,9846200
2020-10-12,41.227247467675625,41.470454500552314,41.10216880769394,41.38011932373047,20211200
2020-10-13,41.484352045761106,41.4982499690499,40.893702234397395,41.24809265136719,22109600
2020-10-14,41.31757044821728,41.35926420883136,40.574048947188274,40.601844787597656,16591900
2020-10-15,40.37949830278627,40.497626692087664,40.10849538544003,40.414241790771484,13644500
2020-10-16,40.35864346617538,40.60185047694386,40.30999941326407,40.33779525756836,13364200
2020-10-19,40.4072965091431,40.5045793414764,39.66377468972899,39.816646575927734,16075100
2020-10-20,39.98341826244215,40.07375080456376,39.44140975592088,39.78190231323242,18696200
2020-10-21,39.68460935749019,40.1015364246608,39.392758289864645,39.434452056884766,21498300
2020-10-22,39.55952931687568,40.066791536050104,39.267678259507186,39.83748245239258,16636100
2020-10-23,40.129336700744894,40.28221121260932,39.92782078069778,40.27526092529297,12879600
2020-10-26,39.96951602443517,40.19882514991953,39.58733238145588,40.1710319519043,15196800
2020-10-27,40.09458049562502,40.19881091547962,39.823577692943125,39.87221908569336,12253000
2020-10-28,39.55258646821153,39.851385217314466,38.99668274340073,39.12871170043945,18720200
2020-10-29,39.024471564767495,39.82358484767411,38.92718876178914,39.44139862060547,19146100
2020-10-30,39.33021749259272,39.65681202846519,39.170395367800836,39.60122299194336,17632800
2020-11-02,40.07374864970585,40.44898467617596,39.60818008597151,40.09459686279297,16086400
2020-11-03,40.17103108304912,40.56711264184824,39.96256487251655,40.129337310791016,10693500
2020-11-04,39.74019915399476,40.198819996932045,39.31632444294906,39.76104736328125,20785700
2020-11-05,40.31000594153298,40.97709305908361,40.16408171143923,40.407291412353516,20156400
2020-11-06,40.358646944660336,40.82421544847493,40.31000288755643,40.67134094238281,11986200
2020-11-09,41.72061110248973,42.095847075976835,41.35232276521187,41.581634521484375,24265900
2020-11-10,41.88737093266196,42.67258617574361,41.83178190391448,42.45717239379883,22051800
2020-11-11,42.589211221479005,42.63090234005549,42.01940962769946,42.3876953125,12196900
2020-11-12,42.32515276486978,42.39463972438434,41.929071263970066,42.24176788330078,13293300
2020-11-13,42.13058743963961,42.51971865673811,41.95686738893275,42.429386138916016,10652800
2020-11-16,42.25567498854495,42.70734562506385,42.179237726012694,42.31126403808594,14289400
2020-11-17,42.081955315046486,42.401599642635254,41.94297871369018,42.21398162841797,11698200
2020-11-18,42.47803034734927,42.491928270414896,41.901278468535935,41.91517639160156,11698800
2020-11-19,41.970774079793635,41.998567279137625,41.623333905791235,41.8387451171875,12663000
2020-11-20,41.83874376995599,41.92213131757732,41.65807605162593,41.72061538696289,14225400
2020-11-23,41.69976373734939,41.96381898153459,41.69281610099935,41.852638244628906,11601400
2020-11-24,42.10974687526864,42.24872347121423,41.94297708074041,42.137542724609375,15481400
2020-11-25,42.15838606294226,42.207030122102275,41.922129308279686,41.977718353271484,10604300
2020-11-27,42.05415050205024,42.20702499603742,41.977713255056656,42.09584426879883,5763700
2020-11-30,41.915179020931994,42.109744654540215,41.82484384071763,41.977718353271484,21839100
2020-12-01,41.99161117730618,42.332100994767906,41.887378085813545,42.09584426879883,14282600
2020-12-02,42.66564756071627,43.047831160454415,42.39464204197617,42.63785171508789,14169900
2020-12-03,42.46413356384872,42.964448204606434,42.415492157192595,42.90190887451172,11937200
2020-12-04,42.7698860168457,42.943606108425705,42.57532036251873,42.7698860168457,10495800
2020-12-07,42.749028529689895,42.87410717279873,42.51276916501291,42.630897521972656,12537500
2020-12-08,42.512771885391665,42.874109916299396,42.30430835045658,42.70038986206055,13421100
2020-12-09,42.70038497604279,42.957489884684755,42.45022770244202,42.707332611083984,14949500
2020-12-10,42.568359393238836,42.63089871654569,41.92212325341144,42.04719924926758,15464400
2020-12-11,41.7484083697868,42.061102374244406,41.67197111509436,41.9360237121582,13673000
2020-12-14,42.11669993886359,42.42939663766124,41.53300031802739,41.678924560546875,15706500
2020-12-15,41.74145475948539,42.20702588702099,41.67196779752853,42.07499694824219,15876000
2020-12-16,41.83179163526573,42.005511697994606,41.4635032997652,41.63027572631836,17165900
2020-12-17,41.67892250443418,41.79705354071153,41.42181752066556,41.69976806640625,12095500
2020-12-18,41.69281074041092,42.23481643179385,41.546886539001285,42.012454986572266,31909400
2020-12-21,41.73450618856434,41.78314759099591,41.192497824564846,41.33842468261719,18567500
2020-12-22,41.220291131473935,41.289778087596325,40.90064689209898,40.99098205566406,12951500
2020-12-23,41.136907144471756,41.19249618042152,40.92149333461731,40.97013473510742,14012100
2020-12-24,40.997933813705984,41.046575218034505,40.76167442807127,40.88675308227539,7751100
2020-12-28,41.109117971269114,41.123015895200936,40.754730188660375,40.984039306640625,15355600
2020-12-29,41.01877760412175,41.16470446157398,40.747774748615285,40.86590576171875,15686100
2020-12-30,40.879806287135686,40.956240887825764,40.344748177758426,40.40033721923828,18259800
2020-12-31,40.34474097437528,40.858950781974535,40.316945133219285,40.8242073059082,12906300
2021-01-04,40.970140715694995,41.10216966551887,40.608802651624124,40.89370346069336,19129800
2021-01-05,40.900646988588534,41.06046910865305,40.62269386192831,40.70608139038086,16220000
2021-01-06,40.86590545443159,41.37316768157305,40.67828748262459,41.19944763183594,22678500
2021-01-07,40.92413724377778,41.26827212739765,40.79069756959752,41.10673904418945,19079900
2021-01-08,40.896052690388764,40.98735494993268,40.292057661173736,40.59405517578125,28411600
2021-01-11,40.5589321443286,40.7696273599007,40.23586596850904,40.35525894165039,15688000
2021-01-12,40.221822666256,40.3482403421209,39.81447622643905,40.21479797363281,22699300
2021-01-13,40.18671180282342,40.20778052481435,39.94792313009578,40.0743408203125,16985400
2021-01-14,39.95494232947945,40.33419537341052,39.793409220946295,40.0602912902832,18341100
2021-01-15,39.877675407049935,40.383345988049456,39.828513287134385,40.299068450927734,15785300
2021-01-19,40.34121439607044,40.43954133579326,40.01814820295813,40.06731033325195,18821300
2021-01-20,40.03921816594659,40.30610022378752,39.79340750683998,40.21479797363281,19923100
2021-01-21,40.165634009417616,40.39037593867222,40.06730975026061,40.22182083129883,13601500
2021-01-22,40.15158770896887,40.516794017475334,39.86363694176081,40.36228561401367,16364500
2021-01-25,40.36228274047513,41.16994816215066,40.15860954230414,41.029483795166016,22444300
2021-01-26,40.02516952787746,40.22884004518686,39.61782313498878,39.730194091796875,37892700
2021-01-27,39.779365423771594,40.004107389398,38.66970230338316,38.71886444091797,37239000
2021-01-28,38.62755946246457,39.56164536817823,38.62755946246457,38.88741683959961,24000800
2021-01-29,38.62755274663777,38.81717923616291,38.26234647190064,38.45197296142578,26231200
2021-02-01,38.817184428292016,38.817184428292016,38.07974976759047,38.12188720703125,20541100
2021-02-02,38.227231763935016,38.746946437543876,38.044627283591936,38.27639389038086,18974500
2021-02-03,38.14295154330737,38.55731992227359,38.10081143253402,38.480064392089844,13909300
2021-02-04,38.459001415506684,38.88741659184071,38.339608427550175,38.72588348388672,14761700
2021-02-05,38.76802118097979,39.10513408248489,38.746949782730276,38.852298736572266,12069500
2021-02-08,38.88740438393293,38.964659906774514,38.48006073504256,38.662662506103516,17887700
2021-02-09,38.641598736524145,38.83824723500266,38.402810125885296,38.6275520324707,19605600
2021-02-10,38.78206508472136,38.936573478954976,38.57136719226053,38.59946060180664,16232800
2021-02-11,38.64160173145307,38.66969514173735,38.26234873002051,38.34662628173828,17398800
2021-02-12,38.220208930576646,38.40281341979906,38.05165382574759,38.06570053100586,18357300
2021-02-16,38.0024890194413,38.14997539555932,37.8058405179506,38.030582427978516,22095700
2021-02-17,39.3298684896711,40.20776733988697,39.07001118016491,40.02516555786133,40531300
2021-02-18,39.99005691674754,40.46061220488259,39.702106132952174,40.018150329589844,20759900
2021-02-19,40.26395757840721,40.313119703871806,39.575682463633065,39.64591598510742,18689400
2021-02-22,39.702100123152,39.919820021020136,39.43522077895417,39.64591598510742,17854900
2021-02-23,39.898752409966576,40.40442038292234,39.53354612558271,40.053260803222656,21062000
2021-02-24,40.08838341821509,40.32716938732718,39.80042995846992,40.11647415161133,17136900
2021-02-25,39.41415583580553,39.93387326326395,39.14727644791437,39.68103790283203,24165300
2021-02-26,39.659964021005514,39.75828827523599,38.831227193727216,38.83824920654297,23935200
2021-03-01,38.971692410638624,39.294758589895935,38.8242033469472,38.88039016723633,20550400
2021-03-02,38.84526908365884,38.99275544672376,38.57136239336514,38.613502502441406,17184600
2021-03-03,38.31854941779044,39.30881971603473,38.20617841512215,38.89445114135742,22838700
2021-03-04,39.01382658988701,39.062988713968466,38.29746076581247,38.48708724975586,23692000
2021-03-05,38.592433821540126,39.47033266789393,38.57136242741606,39.32986831665039,23598100
2021-03-08,39.2947601635545,40.242890021255796,39.20345791649577,39.884708404541016,23648800
2021-03-09,39.96196471894718,40.102426419741974,39.44926933033238,39.470340728759766,20956400
2021-03-10,39.814472183598916,40.23586528673791,39.2245239825123,40.08837890625,18848600
2021-03-11,40.039207790660676,40.165625433767204,38.95763849172139,38.9857292175293,30312900
2021-03-12,39.140253439868545,39.44927296084543,39.05597587580857,39.07002258300781,22002400
2021-03-15,39.19644494122992,39.28774453020551,38.697796153187674,39.077049255371094,18970600
2021-03-16,39.119189381992285,39.27369782133178,38.93658484576955,39.077049255371094,19044700
2021-03-17,39.168343581025375,39.41415423863137,38.83123067382205,39.154296875,17867000
2021-03-18,39.154300029489214,39.58973723481619,39.091091186850186,39.54759979248047,19970700
2021-03-19,39.63187566772461,39.69508450767055,39.294762747724675,39.498435974121094,39055000
2021-03-22,39.23858047299749,39.80043540483681,39.16834961119344,39.7442512512207,20656600
2021-03-23,39.62484891626244,40.327168132892126,39.59675818373999,39.96898651123047,20084100
2021-03-24,39.84958747117501,40.3341866924765,39.77233194043098,40.03921127319336,14819800
2021-03-25,40.06730187492476,40.41143939346823,39.82149127534699,40.299068450927734,18047400
2021-03-26,40.334191994858124,40.910093526305346,40.29907657057674,40.860931396484375,19632700
2021-03-29,40.79772264348576,41.42278630601582,40.69939838364532,41.317440032958984,18577300
2021-03-30,41.34552468092943,41.41575819843421,40.89604088543784,41.14887619018555,13239700
2021-03-31,41.015442624654995,41.09972017905812,40.776653987900204,40.83986282348633,19531700
2021-04-01,40.74856098123601,41.00841833938743,40.5519124592982,40.94520950317383,12885100
2021-04-05,41.10673523787184,41.5281282968667,41.05757311619264,41.345523834228516,14326300
2021-04-06,41.303396251533876,41.51409149169922,41.21209399844594,41.51409149169922,12198300
2021-04-07,41.52812702711144,41.759890925207756,41.28933843805591,41.436824798583984,13218400
2021-04-08,41.201148328103734,41.26503719057502,40.83911053811363,40.88880157470703,16472400
2021-04-09,40.8888101625622,41.030785743201726,40.64035492741226,40.810726165771484,13872000
2021-04-12,40.93139854901962,41.09466949862559,40.768127599413646,40.846214294433594,19564600
2021-04-13,40.72553871061495,41.00238960020798,40.576465571289305,40.90300750732422,15489100
2021-04-14,40.81782513467633,41.265047281336976,40.66875198844247,40.959800720214844,13890100
2021-04-15,40.860418622725604,41.108873866448704,40.84622079337585,40.959800720214844,13338400
2021-04-16,41.22245927413126,41.51350804460081,41.03079261436457,41.37153244018555,19866200
2021-04-19,41.527706011293965,41.6767791778345,41.236657239875065,41.44961929321289,11955400
2021-04-20,41.25795263282102,41.55610167386152,41.15147296013182,41.44961929321289,16673600
2021-04-21,41.456713388869595,41.76905750671842,41.20825544034435,41.27214431762695,18310100
2021-04-22,41.13016914678416,41.23665151264378,40.562269514103974,40.661651611328125,20921900
2021-04-23,40.55517242593233,40.79653011112833,40.306714472018136,40.67584991455078,18099400
2021-04-26,40.7184370424697,40.73973242937962,40.35639921724908,40.4202880859375,15073600
2021-04-27,40.164736440483765,40.26411852611622,39.894983130939444,39.980167388916016,21858600
2021-04-28,40.01566456945215,40.221529028924614,39.994369179837406,40.058258056640625,12862500
2021-04-29,40.14344019889608,40.83201997823289,40.12924237058452,40.69004440307617,18169200
2021-04-30,40.71134244274253,41.073380318366496,40.4344915425354,41.02368927001953,16861500
2021-05-03,41.336029065075365,41.40701820382972,41.0804735814772,41.115966796875,17559100
2021-05-04,41.15856434633844,41.63418214512505,41.137268956587654,41.59868621826172,22067700
2021-05-05,41.61997636730439,41.925222865911095,41.563185061536394,41.662567138671875,17882200
2021-05-06,41.81874006364093,42.145281944355595,41.66256668244762,42.08849334716797,14593100
2021-05-07,41.74065701033933,41.93232361997161,41.59868144306075,41.683868408203125,15678600
2021-05-10,41.93942592272954,42.48602741514283,41.8968324380916,42.25177001953125,22563000
2021-05-11,42.44343912895767,42.44343912895767,41.378626322157686,41.556095123291016,17971900
2021-05-12,41.35022624008847,41.81164615685234,41.27923981041343,41.46380615234375,14718600
2021-05-13,41.1727571335194,42.017507555014404,41.14436147868964,41.74775695800781,13305100
2021-05-14,41.889726945826844,42.06719571441407,41.64836931222988,41.662567138671875,13770000
2021-05-17,41.804550909530974,41.93232866465818,41.08047786646313,41.13016891479492,22387000
2021-05-18,40.81783142800837,40.81783142800837,40.20733821163768,40.59067153930664,26579000
2021-05-19,40.12214515263556,40.420291425844766,40.00146496493739,40.40609359741211,20213500
2021-05-20,40.39899269675566,40.64035034423629,40.285412786644706,40.31380844116211,20768900
2021-05-21,40.5054768008718,40.675845319434885,40.278316970815155,40.39899444580078,15474400
2021-05-24,40.526767568106855,40.67584068184292,40.30670532309757,40.44868087768555,12970700
2021-05-25,40.46288157019641,40.484176957107636,39.9588708882672,40.093746185302734,15935100
2021-05-26,40.086650695345696,40.15053956733665,39.944675123370374,40.00856399536133,14045200
2021-05-27,39.980165320484744,40.143436268142246,39.76720333258185,39.95886993408203,30754300
2021-05-28,40.001468159343375,40.20733262611839,39.9588773786031,40.100852966308594,14027800
2021-06-01,40.285419189415414,40.36350589776967,39.92338401463368,40.02276611328125,14922800
2021-06-02,39.97306270737181,40.349295595366605,39.87367793148725,40.214420318603516,13681100
2021-06-03,40.24991672603746,40.61905208478281,40.16473247646807,40.44868087768555,14212500
2021-06-04,40.40609657040018,40.72554096374181,40.39190144888196,40.67584991455078,11868100
2021-06-07,40.62615760270932,40.69714674788952,40.51257767838001,40.604862213134766,11144100
2021-06-08,40.63325532776167,40.64035288785591,40.31381096434396,40.569366455078125,15858400
2021-06-09,40.56937553968971,40.839126211017046,40.469990720403416,40.49838638305664,14705100
2021-06-10,40.697145146039674,40.89590932880281,40.61905844339447,40.70424270629883,12013600
2021-06-11,40.810723470105046,40.85331424591238,40.46998101589363,40.6971435546875,12929000
2021-06-14,40.597769101096304,40.65456042725147,40.35641138085578,40.59067153930664,11907600
2021-06-15,40.590664057848365,40.782330686355856,40.57646622892644,40.66875076293945,12602700
2021-06-16,40.725533476524724,40.73973130339182,40.200227422235194,40.20732498168945,15678400
2021-06-17,40.21443655791213,40.40610050461976,40.107954180444025,40.129249572753906,14761100
2021-06-18,39.9730765776278,39.9730765776278,39.44776769750838,39.62523651123047,38210500
2021-06-21,39.80269781343981,40.100846772365415,39.73880894423852,40.02985763549805,13628200
2021-06-22,40.24282682433721,40.30671570495983,39.951778081047294,40.01566696166992,13866600
2021-06-23,40.07245720256218,40.2854192295849,39.78850602789248,39.802703857421875,16524500
2021-06-24,39.86659380953686,40.04406262149312,39.79560736793802,40.01566696166992,15386200
2021-06-25,39.944679404926994,40.122148211928824,39.88788808686604,40.02276611328125,14540300
2021-06-28,40.02275481346607,40.107939058547935,39.873678999624914,39.88077926635742,13754900
2021-06-29,39.89499034253693,40.01566783748804,39.62523698423078,39.639434814453125,15313000
2021-06-30,39.5826406188337,39.852393957548735,39.5826406188337,39.77430725097656,14559700
2021-07-01,39.88078323999397,40.05825201457281,39.76720333258185,39.95886993408203,11672200
2021-07-02,40.022762616689015,40.15763792336174,39.93757564703996,40.06535339355469,11387100
2021-07-06,40.093746981139006,40.115042368472935,39.7530072440026,40.0440559387207,13815900
2021-07-07,40.00147180297592,40.16474550388284,39.90208969491734,40.129249572753906,14393300
2021-07-08,40.020139878398304,40.18524505960486,39.876569322189816,39.96989059448242,18384000
2021-07-09,39.984243691188006,40.36470329724134,39.92681437943187,40.249847412109375,13757000
2021-07-12,40.19241798776121,40.45802168984249,40.11345405888783,40.307273864746094,13451500
2021-07-13,40.39341532257617,40.54416314854841,40.1995955155918,40.26420211791992,12511900
2021-07-14,40.26420088236361,40.50826995718249,40.22112890267321,40.42930603027344,14821700
2021-07-15,40.42930859892454,40.63030570682324,40.371882027402144,40.59441375732422,12813900
2021-07-16,40.687728252636475,40.766692171435174,40.493908471506856,40.52980041503906,11637900
2021-07-19,40.32163257219442,40.51545239785163,39.70428388182525,40.08474349975586,21958500
2021-07-20,40.16369784301587,40.75233447438657,39.869379527330516,39.898094177246094,20258900
2021-07-21,40.58723162952534,40.80976333294766,40.14216274592091,40.163700103759766,25264100
2021-07-22,40.307270623039265,40.40058913294803,39.92680833619162,40.163700103759766,16231400
2021-07-23,40.07755334172415,40.221121102757245,39.94116013501139,40.11344528198242,14894300
2021-07-26,40.11346221682945,40.156531467970275,39.87657038203222,40.04167556762695,15330500
2021-07-27,39.96270402879405,40.44366490272398,39.82631352879788,40.34316635131836,15225800
2021-07-28,40.371874607328586,40.42930116829638,39.97705502026381,39.998592376708984,14595900
2021-07-29,40.12062747411792,40.32880458676932,40.11345018054159,40.18523406982422,12841900
2021-07-30,40.221138083062186,40.32881668767559,40.02731823778645,40.04167556762695,13856900
2021-08-02,40.24266274427592,40.3862305206019,39.96987904017291,40.027305603027344,13833400
2021-08-03,40.0273024393365,40.16369564979762,39.89091196725497,40.005767822265625,12573100
2021-08-04,39.91245776678503,39.99142170267472,39.68274599240431,39.747352600097656,16446100
2021-08-05,39.776057880900204,39.84066447336517,39.66120202078245,39.69709396362305,12776600
2021-08-06,39.71863525077539,39.90527501504511,39.63249129337708,39.639671325683594,12660300
2021-08-09,39.682734577295534,39.78323310738021,39.56070143030115,39.56787872314453,13452400
2021-08-10,39.55352170678123,39.86219733065954,39.48173782427076,39.8263053894043,11756900
2021-08-11,39.919629567463055,40.091911993528676,39.8550229730935,39.89091491699219,11727300
2021-08-12,39.926820038190186,40.05603326957436,39.8622134224981,39.94117736816406,10744800
2021-08-13,39.984232874829054,40.185229934842084,39.9698755507739,40.106266021728516,8384600
2021-08-16,40.14216209322674,40.24984066553052,39.898095774313866,40.18523406982422,12964200
2021-08-17,40.10627337472602,40.34316515749794,40.03448947966911,40.32880783081055,11847600
2021-08-18,40.235485265391596,40.249842591611134,39.80477643232538,39.81913375854492,15093500
2021-08-19,39.69710332060065,39.955529751374044,39.61813938471096,39.747352600097656,12679900
2021-08-20,39.71863575175285,39.99141673848153,39.625314499250926,39.85502624511719,10645100
2021-08-23,39.87655488107487,39.991410736771,39.77605634963819,39.783233642578125,11963700
2021-08-24,39.77606317685606,39.783240471027916,39.48174482496877,39.488922119140625,15478400
2021-08-25,39.49609844681328,39.5391704229443,39.345350637924405,39.43149185180664,14666300
2021-08-26,39.41713741840955,39.52481599744744,39.173068345853025,39.194602966308594,15256200
2021-08-27,39.230490113488294,39.35970328815361,39.144346171458416,39.31663131713867,13213800
2021-08-30,39.29509670082095,39.45302178445007,39.25202472980602,39.31663131713867,11621200
2021-08-31,39.27356953391202,39.58224522697591,39.1802510134082,39.481746673583984,18405600
2021-09-01,39.48174309033952,39.58942166684697,39.33817256778956,39.43867111206055,12647300
2021-09-02,39.431488346316904,39.70427202746977,39.40995372935574,39.68991470336914,12875900
2021-09-03,39.65402623420103,39.84066598709128,39.60377422625923,39.7904167175293,11006200
2021-09-07,39.75453221795838,39.8406734478559,39.338177919756426,39.352535247802734,15500900
2021-09-08,39.330988313667675,39.546342690192134,39.330988313667675,39.41712951660156,11835900
2021-09-09,39.35970999809322,39.38842191195175,39.072568952468245,39.07974624633789,19403300
2021-09-10,39.165888804734905,39.244849988001704,38.92181974618153,38.92899703979492,15944100
2021-09-13,39.05103636803271,39.4673878936735,39.05103636803271,39.208961486816406,20749000
2021-09-14,39.23050128973271,39.31664251792357,38.964894833708776,39.0582160949707,16937500
2021-09-15,38.986433026813486,39.237679422058825,38.986433026813486,39.173072814941406,15330000
2021-09-16,39.208957469782824,39.33099336646479,39.01513768449722,39.072566986083984,14431400
2021-09-17,38.86439859381994,39.09411037493841,38.80697201773054,38.96489715576172,30787600
2021-09-20,38.80696322896003,39.18024547333391,38.77106854635538,38.950531005859375,20440500
2021-09-21,38.97206959076215,39.223315946630365,38.77106976768769,38.78542709350586,16906900
2021-09-22,38.86438379910157,39.0438462309322,38.77824259856909,38.80695724487305,15907900
2021-09-23,38.90746262010671,39.201780950602824,38.77106939533397,39.06538772583008,14714100
2021-09-24,39.0223179457072,39.173065755688626,38.94335402475126,39.02949523925781,12663900
2021-09-27,39.086922887528694,39.23049339788546,39.03667361966079,39.101280212402344,13118200
2021-09-28,39.08691930201946,39.25920170794004,38.785420984089235,38.87874221801758,19528200
2021-09-29,38.82849739172128,39.237671575513644,38.82849739172128,39.03667449951172,14823000
2021-09-30,39.122820048060525,39.12999734226467,38.763895093491165,38.77107238769531,18736600
2021-10-01,38.778254751213254,39.165894382660134,38.70646811295629,38.979251861572266,18618400
2021-10-04,39.08692604726834,39.37406435281406,38.964890145166954,39.12281799316406,18159200
2021-10-05,39.22331468434559,39.34535058068272,38.99360295540727,39.1299934387207,13218200
2021-10-06,39.00796147175082,39.18742393661195,38.771069703711774,39.144351959228516,21339800
2021-10-07,39.2533148526748,39.47848938200284,39.10077673198779,39.1516227722168,18069600
2021-10-08,39.129821141417146,39.202460305196276,38.657679045906285,38.67220687866211,21384600
2021-10-11,38.68673195537892,38.70852508997141,37.756972825855065,37.90224838256836,32088400
2021-10-12,37.90224967417794,37.90224967417794,37.125028605812034,37.28483200073242,42154000
2021-10-13,37.19766630246799,37.34294186921402,36.943436138838145,37.29935836791992,27246900
2021-10-14,37.241244474905024,37.7642353319955,37.161342786082805,37.71338653564453,27764900
2021-10-15,37.82961440062873,38.35986786116085,37.78603089956683,37.96762466430664,27005500
2021-10-18,37.88772092169692,38.00394081402816,37.51000557889517,37.70612716674805,20853500
2021-10-19,37.771499991474315,38.076576161373104,37.71338866145508,38.02573013305664,16094800
2021-10-20,38.34533647364516,39.03539326988246,38.29449044590248,38.94096374511719,30659500
2021-10-21,39.05718939002139,39.17340929497858,38.54872626674578,38.781166076660156,17771100
2021-10-22,38.80295131338058,38.80295131338058,38.41071091781544,38.44702911376953,16074000
2021-10-25,38.476092105542904,38.5705188788242,38.105639231927384,38.192806243896484,15987400
2021-10-26,38.279968809115836,38.621363226227906,38.178276737171764,38.555992126464844,15185200
2021-10-27,38.62136260867747,38.643155745817836,38.11290225708733,38.229122161865234,15007400
2021-10-28,38.31628571230406,38.60683685450185,38.22185617545461,38.352603912353516,18374700
2021-10-29,38.13469840316158,38.53420421320487,38.069324523634386,38.490623474121094,17763200
2021-11-01,38.672212559905894,38.766639330339615,38.40345177079126,38.46156311035156,14177700
2021-11-02,38.53419511577196,38.56325078223582,38.14195193121241,38.1855354309082,16913800
2021-11-03,38.200058360990965,38.548718001102685,38.14921233665595,38.454288482666016,12240000
2021-11-04,38.43250278090322,38.43250278090322,37.19040214286,37.66254425048828,30807500
2021-11-05,37.78603171043675,38.352603381894994,37.78603171043675,37.94583511352539,17442800
2021-11-08,37.98941444492027,38.07657867480209,37.70612861962868,38.011207580566406,15985200
2021-11-09,37.98941584462156,38.04026187816776,37.764241344888674,37.94583511352539,16014100
2021-11-10,38.07658485957347,38.32355252677095,37.924046739778326,38.207332611083984,16261100
2021-11-11,38.30903435818787,38.30903435818787,38.033010969653965,38.098384857177734,10983700
2021-11-12,38.14194936728243,38.14921466886045,37.98214875427483,38.01846694946289,14378500
2021-11-15,38.09110657649863,38.16374574394769,37.8223485841894,38.06205368041992,14282700
2021-11-16,38.141952922809246,38.22185462221168,37.800558531136474,37.815086364746094,15876100
2021-11-17,37.77876636662816,37.81508733703655,37.488217999668095,37.575382232666016,17679200
2021-11-18,37.40831199725973,37.517269354155715,37.13955402672385,37.21945571899414,19490300
2021-11-19,37.24851186142078,37.27756752858062,36.80542263538657,36.94343566894531,21105200
2021-11-22,36.936165984702825,37.79328866792481,36.79089320794027,37.4373664855957,22751600
2021-11-23,37.45190594013379,37.88046741474292,37.45190594013379,37.58991622924805,21501600
2021-11-24,37.5027495798089,37.851409317529274,37.47369390894021,37.524539947509766,15474500
2021-11-26,37.15409372994803,37.91678715920206,37.117772752110845,37.62623596191406,17048100
2021-11-29,37.488221744374556,37.6625502277841,37.28483759009632,37.524539947509766,18652500
2021-11-30,37.23399102043282,37.30663020197414,36.34781517284035,36.5148811340332,47766200
2021-12-01,36.681937220829425,36.987013388475276,36.129893444227115,36.15168380737305,26295500
2021-12-02,36.195270757974505,37.16861068336898,36.158949788064945,36.84900665283203,27364400
2021-12-03,36.747314605410146,37.401053271491755,36.69646857259279,37.35020446777344,24711700
2021-12-06,37.510015244196865,37.720664719232346,37.016079881790276,37.09598159790039,22433100
2021-12-07,37.04513149551902,37.05239402759612,36.41318591056545,36.89259338378906,27754700
2021-12-08,36.84174090536959,36.93616766036895,36.427707376831705,36.67467498779297,20452700
2021-12-09,36.60930207953388,36.60930207953388,36.2243214351086,36.43497085571289,23628300
2021-12-10,36.558462885156835,36.558462885156835,36.31149522159394,36.45676803588867,18498700
2021-12-13,36.39138895734226,36.710995753251964,36.09357529718152,36.52213668823242,27618800
2021-12-14,36.587514264899774,37.15408874652746,36.44950398869495,36.79090118408203,31555900
2021-12-15,36.921648636324235,37.074186746329026,36.66741568208173,36.71826171875,24115700
2021-12-16,36.79816386633044,38.43977043608764,36.71826215892213,38.316287994384766,40091300
2021-12-17,38.53418512881654,38.65767029383371,38.03298748126486,38.6213493347168,54501100
2021-12-20,38.30175603415263,38.74484525776727,38.27270036715146,38.56325149536133,23418000
2021-12-21,38.68674496538314,38.73759378259845,38.243658386207684,38.33808517456055,23905300
2021-12-22,38.19279268720194,38.425232428144874,37.815077415444605,38.33080291748047,16486500
2021-12-23,38.38891668201764,38.56324789685613,38.258168963613926,38.26543426513672,14921400
2021-12-27,38.272696795758854,38.36712631925057,38.098368351821016,38.26543426513672,19705800
2021-12-28,38.229116953496685,38.5632487878481,38.2145891210161,38.294490814208984,12126500
2021-12-29,38.33080693916149,38.41070862803774,38.01846548495465,38.03299331665039,15109500
2021-12-30,38.04752401009639,38.18553426523546,37.829612060071256,37.953094482421875,15615500
2021-12-31,37.916781962772646,37.99668366962153,37.684342145158354,37.74245071411133,15911400
2022-01-03,37.82235221140866,38.1782772387905,37.756978339885514,38.09111022949219,18240100
2022-01-04,38.236386485521365,39.013607654690574,38.17101261283885,38.83927917480469,26376800
2022-01-05,39.10803704518378,39.68913659403991,38.86833192264869,39.23878479003906,28697300
2022-01-06,39.57291775133586,39.62376379005048,38.97729035133483,39.0499267578125,21563800
2022-01-07,39.15284533546445,39.96148635762065,39.15284533546445,39.87327194213867,26512500
2022-01-10,40.0570569921279,40.307000194000246,39.557170588383215,39.60127639770508,24929400
2022-01-11,39.63802565750076,39.75564860778562,39.079330665075105,39.39543533325195,18598500
2022-01-12,39.24841762956755,39.44690219311182,39.0278801603915,39.29252624511719,12778300
2022-01-13,39.34397506713867,39.71888839066377,39.09403191669349,39.34397506713867,18178200
2022-01-14,39.39543557977829,39.47629995646241,39.02052223839838,39.167545318603516,18695800
2022-01-18,39.03522363413586,39.380734053828334,38.65296024742428,39.27781677246094,21570300
2022-01-19,39.307212698062294,39.461588581573004,38.86613513966538,39.32926559448242,18374200
2022-01-20,39.321921696735465,39.65272641177201,39.02051991341672,39.255760192871094,24297100
2022-01-21,39.49834853175996,39.62332150138984,39.013165129078196,39.07932662963867,25294800
2022-01-24,39.04257066944107,39.48364546812717,38.37360563567221,38.93230056762695,32500600
2022-01-25,39.05726997402787,39.58655912331506,38.41770792869991,38.88819122314453,32075900
2022-01-26,38.682358279794066,38.85878988569779,37.35178101889924,37.50615692138672,41504700
2022-01-27,37.42529945856892,38.27804630184944,37.351787911709785,37.631134033203125,35339600
2022-01-28,37.81490445014718,38.91024411978173,37.63112283341074,38.88819122314453,29490800
2022-01-31,38.608847705265326,39.19694839907317,38.380957459539964,39.13078689575195,25182400
2022-02-01,39.25576383492766,39.4027869200131,38.38096133552713,39.10873794555664,33045600
2022-02-02,39.37337969759455,39.902668915687975,39.182245220942114,39.549808502197266,24160200
2022-02-03,39.69684114137102,40.11586312907596,39.476303695887225,39.54246520996094,21219800
2022-02-04,39.34397781842344,39.571868084681334,39.1307904213711,39.18960189819336,16199800
2022-02-07,39.13078684282087,39.22635408177453,38.60149481696711,38.961708068847656,15438900
2022-02-08,38.969056883988216,39.08667701891848,38.65295504984486,38.829383850097656,13911700
2022-02-09,39.071972455297896,39.44688571586462,38.87348797466203,39.32926559448242,16449300
2022-02-10,39.21165298939815,39.35867887037982,38.88819829466682,38.99111557006836,18644400
2022-02-11,38.92495295583878,39.299866277598944,38.74117131091441,39.19694900512695,18833100
2022-02-14,39.145495341693966,39.292521237167804,38.59415033688138,39.16019821166992,16081700
2022-02-15,39.182244089630615,39.3954314596317,39.071976791009,39.22635269165039,12824100
2022-02-16,39.10138148099733,39.549809140046385,39.02786994527484,39.255760192871094,17277700
2022-02-17,39.035217396782315,39.39543062829609,38.79997713287806,39.38808059692383,17462500
2022-02-18,39.37338056900226,39.66742951794306,39.1675432200298,39.57186508178711,20298500
2022-02-22,39.696836887088224,39.71888978798748,39.39543508956138,39.62332534790039,19858400
2022-02-23,39.62332052829543,39.645373426512265,39.1381371375291,39.26310729980469,17841900
2022-02-24,38.93965389483909,39.07932692851935,38.013392879908324,38.66030502319336,30079700
2022-02-25,39.02051619063575,40.093800213784526,39.02051619063575,39.7850456237793,31444200
2022-02-28,39.549813772056275,39.77035120933807,39.25576479044244,39.454246520996094,30593900
2022-03-01,39.3292689955698,39.836505287091505,39.152837396096736,39.410133361816406,24693100
2022-03-02,39.45424468472714,39.99823962203704,39.35132740573796,39.79975509643555,20712900
2022-03-03,39.97618373741128,40.54223153389615,39.82915786227613,40.1820182800293,27577700
2022-03-04,40.01294626427045,40.71866721898998,39.88797326779477,40.51283264160156,26913800
2022-03-07,40.24817875763375,40.608392002318176,40.06439711947104,40.196720123291016,24962800
2022-03-08,40.40255446492819,40.68190333878205,39.10138013652562,39.14548873901367,36526700
2022-03-09,39.490995946888965,39.55715744317162,38.96905400764357,39.02051544189453,23049800
2022-03-10,38.96170812155003,39.21165126695403,38.79997937914588,39.13078689575195,17501800
2022-03-11,39.22635585792486,39.38808460743324,38.96905986513558,38.99111557006836,20838500
2022-03-14,39.27781081263453,39.45423960984086,38.550034312374194,38.59414291381836,23124100
2022-03-15,38.733823492108066,38.96171377087681,38.3809630246597,38.785282135009766,20477600
2022-03-16,38.866141891013996,38.96170913257682,38.18982677665644,38.586795806884766,28500700
2022-03-17,38.57944059614865,38.62354919822105,38.226580192425104,38.49122619628906,22931500
2022-03-18,38.314795859518505,38.43976883404775,37.34442901611328,37.34442901611328,70390600
2022-03-21,37.7634564623443,38.08691399368283,37.469407475283305,37.564971923828125,39892800
2022-03-22,37.63113194582133,37.82961647647408,37.45470312143152,37.491458892822266,28676600
2022-03-23,37.52821098082844,37.829612763506994,37.46204947710459,37.46940231323242,25988800
2022-03-24,37.5208646316491,37.63113194582133,37.4400002520181,37.491458892822266,21087300
2022-03-25,37.53557017607615,37.82961917244344,37.4694086611435,37.697296142578125,18765800
2022-03-28,37.75610040106343,37.7781533003933,37.45469862498572,37.616424560546875,21688600
2022-03-29,37.72669820243879,37.74140107146544,37.462052168530164,37.67523956298828,28193400
2022-03-30,37.65318147527755,37.95458323809524,37.55026421055226,37.93988037109375,23821200
2022-03-31,37.97663388244354,38.04279537788082,37.43999188802338,37.44734191894531,31027600
2022-04-01,37.50616206811753,38.36625890367501,37.35913617706988,38.31480026245117,30550300
2022-04-04,38.2412769803135,38.5941373279405,37.96192815350201,38.56473159790039,25793000
2022-04-05,38.37361197632812,38.888201196013405,38.322153334788155,38.799983978271484,23150600
2022-04-06,38.822039003640214,39.277816736833365,38.645607375537864,39.10873794555664,28661700
2022-04-07,39.026887064830916,39.42124745002146,38.72181523434857,39.190582275390625,22790600
2022-04-08,39.235228344544005,39.942102935573814,39.06409076371481,39.83049011230469,24852200
2022-04-11,40.08347636114805,40.7010623911173,39.96442400865701,40.10580062866211,33614900
2022-04-12,40.083478021620934,40.21741227852562,39.748642379359204,39.934661865234375,21136400
2022-04-13,39.87513576428631,40.45551563239382,39.87513576428631,40.28437805175781,19798000
2022-04-14,40.18020280610907,40.3215765719248,40.016504775267535,40.0537109375,16915100
2022-04-18,40.001622544626855,40.38854335347971,39.599822677123036,39.726314544677734,14394300
2022-04-19,39.8677021283678,40.11324640178111,39.778410721278945,39.99419403076172,12890000
2022-04-20,40.00162730502099,40.54480667866646,39.956984446892086,40.48527908325195,19563400
2022-04-21,40.6340913006714,41.303759653680316,40.52992085720991,40.93172073364258,32821100
2022-04-22,39.763526136479484,39.83793563736501,38.29025208013282,38.62508773803711,44958400
2022-04-25,38.200958842274964,38.275365495622,36.86161921300521,37.412235260009766,46028400
2022-04-26,37.39734995994611,37.687542693839774,36.73512115472625,36.76488494873047,29507700
2022-04-27,36.8392990312174,36.8392990312174,36.028253930700934,36.05801773071289,30582000
2022-04-28,36.22915094182718,36.5863079834819,35.938961022884705,36.013370513916016,33011700
2022-04-29,35.83479495853289,35.86455875858724,34.354078547799226,34.450809478759766,41014200
2022-05-02,34.60706068409935,35.01630578570174,33.892746606009105,34.398719787597656,33309400
2022-05-03,34.51776857219008,35.27672826625877,34.27222437499724,35.098148345947266,33263100
2022-05-04,35.150237204147736,36.02824641385715,34.97165727976668,35.99104309082031,29564600
2022-05-05,35.73805343822016,35.96127903405281,35.27672602779999,35.5966796875,20664300
2022-05-06,35.41810379543368,36.043129290102826,35.35857904464369,35.9166374206543,19322000
2022-05-09,35.812477772999834,36.35565441543623,35.52972731583003,36.17707443237305,24391300
2022-05-10,36.38541367153146,36.78721361594929,35.544604775219135,35.81247329711914,23007300
2022-05-11,35.84967238062168,36.102658972619025,35.43298774720493,35.62644958496094,20133200
2022-05-12,35.5743603428129,35.84966833175343,35.276728089925314,35.760379791259766,21623900
2022-05-13,35.901759451906074,36.050575602812806,35.425550039750114,35.849674224853516,21080500
2022-05-16,35.700862173002875,36.60863824317304,35.53716410436699,36.489585876464844,22754700
2022-05-17,36.42261876114275,36.61607779272893,36.110104524356075,36.41517639160156,22043100
2022-05-18,36.422617349389625,36.80209586674439,36.184512625082284,36.37797164916992,22365100
2022-05-19,36.05800850978868,36.59374541927389,35.81246431856227,36.534217834472656,23186400
2022-05-20,36.489579005055006,36.90626079085152,36.400287618014225,36.85417556762695,24181800
2022-05-23,37.0476348868403,37.404791895469245,36.831851640450445,36.958343505859375,16761800
2022-05-24,36.973234731873426,37.814043665126945,36.35565146896552,37.70987319946289,25414700
2022-05-25,37.57593369067705,38.14887401033484,37.4940846680928,38.12655258178711,19831500
2022-05-26,38.178633542311786,38.401856318148035,37.881001282242394,37.940528869628906,15500400
2022-05-27,37.76196122783375,38.26793453145864,37.598263147710256,38.24561309814453,13347300
2022-05-31,38.141429243945346,38.364654869116336,37.83635743976762,38.163753509521484,25016600
2022-06-01,38.275374063085835,38.416750709895226,37.985184076272375,38.24561309814453,15358100
2022-06-02,38.357212501113715,38.38697629626074,37.49408231087197,38.163753509521484,13527800
2022-06-03,37.903334394402876,38.13399960899542,37.7173148841151,37.80660629272461,10819800
2022-06-06,37.89588741254351,38.20839876593944,37.739631735845535,38.12655258178711,12898100
2022-06-07,38.05959018724378,38.46883251258819,37.895892121733105,38.4316291809082,15383000
2022-06-08,38.49115013288053,38.66228771240987,38.27536685669623,38.357215881347656,13249700
2022-06-09,38.40929341957742,38.52090621965651,37.88843841659403,37.9033203125,12078400
2022-06-10,37.68754544688743,38.24560385228992,37.55361120251629,37.81403732299805,19868500
2022-06-13,37.66522210502284,37.791716822670075,36.757449006754,36.89882278442383,23762500
2022-06-14,36.89882258492879,37.084842056956376,36.385409863968135,36.5788688659668,20278700
2022-06-15,36.630954962779605,37.07740340932923,36.16218508735369,36.57143020629883,22005600
2022-06-16,36.10266598138222,36.437501659092334,35.72318460049996,36.34077072143555,22029300
2022-06-17,36.16962444076068,36.824413738056386,36.11009685081029,36.48213577270508,36469500
2022-06-21,36.6904813031274,37.88100477635468,36.62351418035637,37.68754577636719,34258500
2022-06-22,37.39735808384903,38.074468933161135,37.36015475247782,37.79172134399414,23650600
2022-06-23,37.97028687395679,38.82597742633096,37.97028687395679,38.759010314941406,21736400
2022-06-24,38.71437999087726,38.803671400451044,37.628026720288716,37.918216705322266,28490700
2022-06-27,38.16376382400142,38.312580001525234,37.68755432667124,37.918216705322266,16974900
2022-06-28,38.00005724361631,38.1711948160309,37.52384785282235,37.54616928100586,16615700
2022-06-29,37.56104522195687,37.94796600021792,37.4419928931405,37.9033203125,13901400
2022-06-30,37.702423855204714,38.111668949508626,37.5461681856151,37.7619514465332,18880500
2022-07-01,37.91820968500205,38.52091381509193,37.63546212233151,38.4241828918457,14189300
2022-07-05,38.260494232177734,38.29025803716247,37.56106184563255,38.260494232177734,19675600
2022-07-06,38.2604750607458,38.61019249799947,38.044694678810686,38.32744216918945,14938900
2022-07-07,38.39525751880113,38.47060315656862,37.943195188764975,38.2068977355957,13617100
2022-07-08,38.063755214226966,38.36512922108981,37.98087642824322,38.04115295410156,13959200
2022-07-11,37.950735256562844,38.229509856076426,37.86785647693139,38.048683166503906,12259000
2022-07-12,38.16169852321011,38.696639691959284,37.882923935994974,38.2596435546875,20528700
2022-07-13,38.00346905452408,38.49320564347499,37.82264527107363,38.056209564208984,13362500
2022-07-14,37.611689892718275,38.09389347715613,37.468537455019145,38.04115295410156,10271700
2022-07-15,38.425394892567525,38.45553314698326,37.93565831780932,38.44046401977539,13021300
2022-07-18,38.47061154711118,38.55348745551758,37.800048158368746,37.88292694091797,16173100
2022-07-19,38.03361147317852,38.09388799035501,37.85278766993411,38.011009216308594,14638500
2022-07-20,38.02607998851971,38.086353634157796,36.92605649566249,36.97126388549805,29611400
2022-07-21,35.88631040210124,36.07467020473267,35.170542577273274,35.908912658691406,32321000
2022-07-22,34.62053834672447,34.793829050522326,32.978040350901125,33.490379333496094,58265000
2022-07-25,33.43763693836474,33.75408006477244,33.18900058977912,33.723941802978516,27180700
2022-07-26,33.52804316382783,34.03284602962748,33.35475249911412,33.844486236572266,20571800
2022-07-27,33.76160944391149,33.972571486796575,33.49037088926365,33.836952209472656,21560500
2022-07-28,33.7842154786236,34.44724281148386,33.71640583237491,34.319156646728516,22051900
2022-07-29,34.43970678097553,35.034924467092395,34.341761749697504,34.80135726928711,23129800
2022-08-01,34.87670440613909,35.034925962627675,34.59792980759134,34.85409927368164,18612100
2022-08-02,34.84656402545296,34.98218331537532,34.138332191302645,34.16093444824219,18710300
2022-08-03,34.251345448062715,34.36436247806899,34.0403833911363,34.15340042114258,17314100
2022-08-04,34.070521303499746,34.070521303499746,33.4225631362056,33.475303649902344,29704300
2022-08-05,33.51298234350623,33.88970202300717,33.422570425186066,33.86709976196289,17297500
2022-08-08,33.867095561302385,33.91230007778405,33.41503027748674,33.55818557739258,20597000
2022-08-09,33.610917636706716,33.791741405408295,33.44516012027862,33.663658142089844,14554000
2022-08-10,33.91228964653811,33.94996389754137,33.64105400865066,33.78420639038086,16402700
2022-08-11,33.87462149671751,34.10065265356065,33.70886684790832,33.7390022277832,15407300
2022-08-12,33.867088094541906,34.10065237591659,33.761607080483394,34.01777648925781,15090900
2022-08-15,33.927365947050816,34.38696431472469,33.85955630470315,34.326690673828125,15713600
2022-08-16,34.28148376733845,34.695874754532724,34.19107186765701,34.50751495361328,14112800
2022-08-17,34.22874409320337,34.44724215742744,34.10065793088001,34.16093444824219,11294400
2022-08-18,33.46777005244582,33.550648829677485,33.0835173001767,33.29447937011719,25957400
2022-08-19,33.22666929621084,33.5205130137534,33.12118826259471,33.467769622802734,19485400
2022-08-22,33.45269720886798,33.505437715966906,33.219130053042704,33.27940368652344,15031400
2022-08-23,33.151328430770306,33.24927634225756,32.71433226732162,32.75200653076172,19014200
2022-08-24,32.81227493286133,32.872551445414395,32.563641503935706,32.81227493286133,17384400
2022-08-25,32.88761943993475,33.015702713481595,32.714325909389174,32.95542907714844,14327600
2022-08-26,32.842415942016764,32.92529471665304,32.5787133628491,32.586246490478516,16795700
2022-08-29,32.41294775613246,32.827338652159035,32.41294775613246,32.646514892578125,15039500
2022-08-30,32.68419880342967,32.68419880342967,32.021171391043346,32.04377365112305,20705100
2022-08-31,31.998568739082984,32.08898065243747,31.46362463922358,31.501298904418945,28368200
2022-09-01,31.37321272586909,31.68212273112792,31.37321272586909,31.501298904418945,21641700
2022-09-02,31.64444480774895,31.802666341993543,31.004022669630004,31.117036819458008,21155700
2022-09-06,31.154706521077763,31.410875937326395,30.958813614131,30.966346740722656,23898600
2022-09-07,30.996483191727286,31.380738730811967,30.89100218072898,30.951278686523438,25548300
2022-09-08,30.89101215034634,31.433489381004986,30.672514057537395,31.132112503051758,28753200
2022-09-09,31.403344639192035,31.885545245114454,31.245123104275425,31.825271606445312,20259500
2022-09-12,32.08897680008108,32.28486973452222,31.953357509259305,32.21706008911133,18553200
2022-09-13,31.94582375006166,32.10404529484494,31.320467824286094,31.456087112426758,21284500
2022-09-14,31.456084174328716,31.59170344980211,30.87593569016858,31.101966857910156,23152200
2022-09-15,30.91360855102539,31.094435218352892,30.672508244016974,30.91360855102539,22763400
2022-09-16,30.875937757131496,31.297864739532287,30.63483744551459,31.07936668395996,45069300
2022-09-19,30.93621147721177,31.079363876131865,30.65743693184956,31.07183074951172,18960900
2022-09-20,30.883470992100545,30.883470992100545,30.491682302283053,30.582094192504883,15561200
2022-09-21,30.65743977252109,30.815664187626645,29.738245910157435,29.745779037475586,25612100
2022-09-22,29.738246081613767,30.438944766081672,29.58002166559597,30.084827423095703,19806400
2022-09-23,29.806047673418615,30.039611922390733,29.466999550879777,29.775909423828125,19439700
2022-09-26,29.55741966012776,29.670436690507504,29.105357286893724,29.331388473510742,21345700
2022-09-27,29.53481957043217,29.911539200478135,29.218373586639363,29.301252365112305,20357700
2022-09-28,29.42934121698344,29.768386615621754,29.391666951229894,29.677974700927734,20567400
2022-09-29,29.467007587443096,29.53481723044465,28.969737830145867,29.112890243530273,17806900
2022-09-30,29.03754765668298,29.22590745797313,28.593018410672542,28.60808753967285,23523600
2022-10-03,29.007408973052517,29.66290026716421,28.92453020183815,29.50467872619629,21495300
2022-10-04,29.760844313882977,30.02454684802005,29.572484539744476,29.99441146850586,25922500
2022-10-05,29.640303241061595,29.85126533290949,29.286185837622966,29.685510635375977,17797900
2022-10-06,30.23942359228934,30.38498854737712,28.936990311624108,28.990619659423828,36663300
2022-10-07,28.829732167350638,28.883361516175942,28.201500147471094,28.23214340209961,31838700
2022-10-10,28.446664461808517,28.59222942347603,27.86439876997768,28.055932998657227,21622200
2022-10-11,28.0099667867209,28.109562481847494,27.52729970984278,27.53495979309082,27708900
2022-10-12,27.50431497898448,27.73415545694714,27.274471578441574,27.335763931274414,23336800
2022-10-13,26.906727192306676,28.032949373990952,26.845437759860236,27.88738441467285,33118100
2022-10-14,28.193834936186473,28.278110455627473,27.841412693596915,27.872058868408203,26019000
2022-10-17,28.132544053719023,28.576901875173704,28.032945452025068,28.484966278076172,21962900
2022-10-18,28.860378728608325,28.883364825438704,28.216826468970766,28.400697708129883,27488600
2022-10-19,28.017623901367188,28.630532786584254,28.009963818930768,28.017623901367188,29563600
2022-10-20,28.01762398974805,28.753114654328613,28.002300902246773,28.347063064575195,35523700
2022-10-21,27.213180111986162,27.351084972961193,26.47002646368515,27.082935333251953,51671100
2022-10-24,27.32043986922517,27.879719417278135,27.251487436036165,27.55794334411621,28844800
2022-10-25,27.511976420352752,27.948674226820227,27.427700892336155,27.910367965698242,25496500
2022-10-26,27.872061704576257,28.124885366045664,27.734156826472802,27.910367965698242,20328200
2022-10-27,28.10955666282756,28.132542752974107,27.680521947822776,27.718828201293945,20268000
2022-10-28,28.19383246641971,29.14384334428854,28.01762136056094,28.860370635986328,31824300
2022-10-31,28.737793824086054,28.760779918433503,28.362388379848333,28.630535125732422,26630600
2022-11-01,29.09787910219926,29.182154628785785,28.576905776555602,28.630535125732422,22968900
2022-11-02,28.538599456777384,29.381348875730623,28.469647019039005,28.891021728515625,30648900
2022-11-03,28.6228745867156,28.76077946028215,28.439000447766762,28.461986541748047,22329800
2022-11-04,28.615209792219385,28.63053287972217,28.193835114923136,28.53093719482422,17599400
2022-11-07,28.59222670530152,28.69182531306886,28.33174006215778,28.49262809753418,19697600
2022-11-08,28.50029102330494,29.105539828128553,28.469644848295616,29.013601303100586,17392700
2022-11-09,29.051915419723088,29.21280642075635,28.799091713952354,28.82207489013672,17574600
2022-11-10,29.34303992029955,29.534574127250043,28.97529459366421,29.5115909576416,23049000
2022-11-11,29.534574676823112,29.641833367098428,28.967635050344995,29.343040466308594,22981000
2022-11-14,29.457964800346883,29.871679433535967,29.34304309471201,29.350706100463867,23028500
2022-11-15,29.48860677632665,29.749093405745647,28.69948388340971,28.883358001708984,25074100
2022-11-16,28.85271398574417,29.16682998095157,28.82973081520564,29.021265029907227,18962200
2022-11-17,28.76843491476103,29.251101894589226,28.569240641979455,29.23577880859375,18780400
2022-11-18,29.335382111285885,29.70312746641945,29.335382111285885,29.534576416015625,17821700
2022-11-21,29.572882249292334,29.978936780991774,29.511592818944273,29.588205337524414,19184200
2022-11-22,29.756760107736273,30.124505503566247,29.756760107736273,30.032569885253906,19809500
2022-11-23,29.90232209594151,30.032566887917415,29.580546002672193,29.81804656982422,14170000
2022-11-25,29.95595037942508,30.155147601814217,29.856354690810726,29.89466094970703,7725700
2022-11-28,29.886996145428917,29.948288494037886,29.212797846210503,29.297073364257812,21560900
2022-11-29,29.128522287855453,29.396669006198533,29.074892944186836,29.373685836791992,14008800
2022-11-30,29.2740916937203,29.98659927972459,29.22812534790098,29.864017486572266,31358800
2022-12-01,30.017241057335116,30.055547314094664,28.96763442470719,29.366025924682617,26276600
2022-12-02,29.059575832253316,29.34304569601419,28.88336467788409,29.251110076904297,21677100
2022-12-05,29.09788224531789,29.19748087136779,28.270455823940562,28.400697708129883,27561000
2022-12-06,28.339409950975565,28.400699393472063,28.06360015328925,28.262794494628906,26293700
2022-12-07,28.147870197043932,28.584567983905227,28.09423792678459,28.477306365966797,23065900
2022-12-08,28.431338542138636,28.530937149458328,28.247464414977678,28.423675537109375,19549100
2022-12-09,28.507947012955125,28.829725959195812,28.31641283051509,28.653514862060547,20671200
2022-12-12,28.8756986286729,29.082555941808025,28.561582617448526,29.07489585876465,19629600
2022-12-13,29.41199104916966,29.588202161050848,28.99061639705553,29.005939483642578,30176800
2022-12-14,29.013600014921558,29.182151047409196,28.5309359315651,28.691823959350586,23329800
2022-12-15,28.921671462055176,29.373692404458076,28.852719015838442,28.936994552612305,33007200
2022-12-16,28.737788226421817,28.783757483582296,28.09423323907395,28.438995361328125,62763800
2022-12-19,28.599886163024337,28.707144839971612,28.025283602881302,28.37004280090332,26127200
2022-12-20,28.339399337768555,28.50794743344768,28.055926639318706,28.339399337768555,24147300
2022-12-21,28.55391459726137,28.998272354767142,28.530931431939553,28.944643020629883,24504300
2022-12-22,28.868039028409935,29.35836618363535,28.630535533968708,29.350706100463867,26865300
2022-12-23,29.350704148707646,29.52691527573786,29.051908318442308,29.427316665649414,16918300
2022-12-27,29.488612374098963,30.185796878921614,29.358367573375336,30.07087516784668,25315900
2022-12-28,30.024902177330237,30.38498743299084,29.565221235168742,29.73377227783203,21793200
2022-12-29,29.802730125452126,30.285394325629625,29.733777679343817,30.078536987304688,17347000
2022-12-30,30.11684239287296,30.40797230869864,29.932968252148036,30.185794830322266,44007200
2023-01-03,30.46925908189293,30.821681287598356,30.170466215204424,30.73740577697754,31330700
2023-01-04,31.059194269059006,31.733392715849828,30.844673924552218,31.511215209960938,28779500
2023-01-05,31.56483996243682,32.139442621015476,31.2737071304345,31.947908401489258,29987200
2023-01-06,32.116453563343356,32.62210666190373,32.08581031220817,32.32331085205078,26010400
2023-01-09,32.20113521909323,32.42680548530716,32.146662778780346,32.19335174560547,23062200
2023-01-10,32.18558339297753,32.66805503299825,32.037727026137446,32.644710540771484,16695300
2023-01-11,32.79255494050719,32.82368290061872,31.920992837063906,32.045501708984375,20674800
2023-01-12,32.20114834975021,32.64471152661272,31.99881951591989,32.5357666015625,16980300
2023-01-13,32.41124773222047,32.62135404109674,32.19335498054867,32.57466506958008,17229800
2023-01-17,32.56687933187799,32.62135177387864,31.74200922813941,31.788698196411133,28697000
2023-01-18,31.796483594285004,31.796483594285004,30.987174451978508,31.10390281677246,22976500
2023-01-19,30.901573560497443,31.34513659009114,30.71481174199777,31.173938751220703,24812600
2023-01-20,31.15837672524831,31.220629679142984,30.707030193277387,31.127248764038086,23377900
2023-01-23,31.11946683752762,31.391829064370473,30.675900831843265,30.83932113647461,34249300
2023-01-24,30.10782937737289,31.695319728224995,29.88993959261794,31.454082489013672,32143900
2023-01-25,31.547473466636813,31.97547262662678,31.057218372125806,31.384056091308594,26527000
2023-01-26,31.422956972399746,31.57081032836723,31.0727748466603,31.337356567382812,19568100
2023-01-27,31.29844950858466,31.65641215608333,30.94826736710737,31.62528419494629,17254000
2023-01-30,31.78091860679015,32.107753268209855,31.671973719650243,31.9443359375,22272600
2023-01-31,31.967688048198035,32.356778683827365,31.91321262816604,32.348995208740234,18665200
2023-02-01,32.675831932489196,32.68361243882324,32.006595583777724,32.44237518310547,19542000
2023-02-02,32.48129031263771,32.62914369799876,32.06107167821004,32.551326751708984,18443800
2023-02-03,32.512408774490005,32.66026509865563,32.01437329388619,32.30229949951172,18314400
2023-02-06,32.30229519526869,32.36455110631145,31.827607231931157,32.123313903808594,15530700
2023-02-07,31.897649901312626,32.068847753194106,31.220630094352423,31.555248260498047,21668500
2023-02-08,31.539680911195966,31.67197324970687,31.22062675993795,31.53190040588379,14080200
2023-02-09,31.60972173655524,31.64084969919126,30.932704876114332,30.97939682006836,17485700
2023-02-10,31.12724642630736,31.181718870071354,30.909356651251382,31.135026931762695,15398500
2023-02-13,31.135027340503513,31.492992935184834,31.03386592562836,31.376264572143555,14486000
2023-02-14,31.48521753211577,31.578601433897333,31.057218372125806,31.384056091308594,12292400
2023-02-15,31.306233804588363,31.438526171173425,31.205069402908745,31.422962188720703,11265200
2023-02-16,31.173945519247233,31.29067093901983,30.893799762151033,31.002744674682617,16625900
2023-02-17,31.002740767137116,31.430739856077974,30.86266790624362,31.298450469970703,15029200
2023-02-21,31.049434836251006,31.111687796174028,30.473579372201243,30.50470733642578,17805500
2023-02-22,30.64477164051668,30.808188954225,30.37240648247759,30.566951751708984,15086800
2023-02-23,30.4424472560584,30.598084087428386,29.975539730474097,29.983320236206055,16738200
2023-02-24,29.74986589896047,30.16230097088023,29.64092100966284,30.146739959716797,16431500
2023-02-27,30.34129003849954,30.465798927123863,30.061144296963292,30.25568962097168,14210900
2023-02-28,30.115615330525976,30.325724626773418,29.9988869542132,30.201215744018555,16685300
2023-03-01,30.123396474239374,30.123396474239374,29.687616859641242,29.80434226989746,18411700
2023-03-02,29.6487030172283,29.92884872877168,29.524194141934103,29.88994026184082,18818900
2023-03-03,29.913285291175132,29.967757739572075,29.617578562313373,29.773212432861328,23407500
2023-03-06,29.858810370703416,30.061139135305808,29.609792636212436,29.687612533569336,22925600
2023-03-07,29.648704044359942,29.68761548116457,29.12732403866741,29.500850677490234,23713500
2023-03-08,29.4152503591052,29.42303383390106,29.065068206438003,29.205141067504883,20295600
2023-03-09,29.259611709001234,29.298523143524445,28.419177563056806,28.442522048950195,26506900
2023-03-10,28.512561763984397,28.730451573524018,28.333580424930275,28.543689727783203,23940700
2023-03-13,28.43474578857422,29.049509736109187,28.318017404627945,28.43474578857422,21834500
2023-03-14,28.52812852716248,28.746018357944727,28.40361962835458,28.699329376220703,22433200
2023-03-15,28.551464461589703,28.995027466196728,28.419175094981657,28.839393615722656,21722200
2023-03-16,28.652629810525994,28.699321748366295,28.356920141255117,28.46586799621582,29164400
2023-03-17,28.442524816180338,28.660417590312,28.139034595936412,28.629289627075195,47352500
2023-03-20,28.76157891260664,29.345214862790343,28.738234424527597,29.1273250579834,19247800
2023-03-21,29.35299681026425,29.391905277879793,29.072851093791083,29.368560791015625,16648100
2023-03-22,29.40746981580221,29.531978695646433,29.01837919522327,29.03394317626953,15321800
2023-03-23,29.026162615932346,29.282963876191666,28.91721770619548,29.08063507080078,15799000
2023-03-24,29.20514434232899,29.33743671196004,28.987254520026298,29.30630874633789,14957700
2023-03-27,29.56311135671111,29.742092714402894,29.337438048458996,29.609800338745117,14472800
2023-03-28,29.58645059269417,29.81212386086305,29.508630688915698,29.570886611938477,13092600
2023-03-29,29.812126650130672,29.967760535197367,29.695398267804574,29.944416046142578,12308900
2023-03-30,29.998879892302785,30.154516701240034,29.913279498961035,30.08448028564453,13918700
2023-03-31,30.185654657406356,30.387980498088794,29.998889831100396,30.263471603393555,22801500
2023-04-03,30.387973240409845,30.800411267511176,30.364628755894383,30.520265579223633,19354900
2023-04-04,30.574743180463877,30.854888916015625,30.5124872532186,30.854888916015625,18577100
2023-04-05,30.917140862992543,31.31401496487875,30.792631981102456,31.21285057067871,23561300
2023-04-06,31.24687014617692,31.468365981563693,30.97790962421251,31.231048583984375,21546600
2023-04-10,31.017456447908,31.128204345703125,30.843425330367328,31.128204345703125,16114300
2023-04-11,31.11238529336178,31.405076592395528,31.064920616091236,31.207311630249023,12539700
2023-04-12,31.144032666490357,31.349709965037626,30.93044609537798,31.009553909301758,13095200
2023-04-13,31.001634488393957,31.104473114013672,30.788047966408634,31.104473114013672,13515800
2023-04-14,31.14402490163655,31.18357728990993,30.764316542435264,31.025367736816406,11008400
2023-04-17,31.02537251968514,31.254777614097335,30.96208627456849,31.215225219726562,11572900
2023-04-18,31.22314268342128,31.238964247322354,30.772238674032295,30.803878784179688,16588500
2023-04-19,30.78805489203718,30.84343187033063,30.4716326909083,30.534915924072266,17701200
2023-04-20,29.791312784490056,29.90206067677771,29.253391863961095,29.419513702392578,31521300
2023-04-21,29.60936928158662,29.60936928158662,29.30876570527125,29.52235221862793,23823800
2023-04-24,29.419513604445434,29.656833964447426,29.253391766567027,29.348318099975586,20362500
2023-04-25,29.03980910031659,29.553999258235223,28.9290611937259,29.506534576416016,24959400
2023-04-26,29.348319819773987,29.617280294903974,29.126824022956555,29.205928802490234,21499300
2023-04-27,29.42742960384414,30.70103655684365,29.372055650901043,30.68521499633789,28841000
2023-04-28,30.503267583078213,30.851332815668883,30.424159790907346,30.716854095458984,19197500
2023-05-01,30.98581408228147,30.99372637097564,30.598196430577946,30.62192726135254,17043500
2023-05-02,30.432073237001305,30.463713337419954,29.656834950148486,29.799222946166992,17268700
2023-05-03,30.028633014500862,30.297593500622483,29.751763257164207,30.04445457458496,16703200
2023-05-04,29.949527586990282,30.028632368053803,29.49862369608949,29.546085357666016,16163100
2023-05-05,29.68056875299194,29.933707687621176,29.39578669712052,29.925798416137695,15817400
2023-05-08,29.80713822030656,29.98908164096794,29.617282510507568,29.925798416137695,10672400
2023-05-09,29.917884446492238,29.917884446492238,29.609371575845618,29.72011947631836,12226800
2023-05-10,29.909980614924745,29.925802177534464,29.498629040035617,29.767589569091797,14427500
2023-05-11,29.59354661958418,29.775490009143553,29.52235111778672,29.743846893310547,11068700
2023-05-12,29.775493323594755,29.85460112198314,29.5935499137824,29.73594093322754,10670700
2023-05-15,29.767588539147063,29.767588539147063,29.047724062411692,29.087276458740234,20408700
2023-05-16,28.968607835996043,29.095177278068444,28.50979474010366,28.517704010009766,20244700
2023-05-17,28.652189459982566,28.747115799449183,28.509798441955674,28.620546340942383,16741100
2023-05-18,28.486064296215066,28.612633753399418,28.256659229705473,28.58099365234375,20365900
2023-05-19,28.6521857396418,28.889503066320867,28.501882452544024,28.517704010009766,16829200
2023-05-22,28.675924154460024,28.739210401068082,28.40696364168443,28.446516036987305,16634300
2023-05-23,28.430688447511635,29.19801742784782,28.31994055708243,28.66800880432129,21539700
2023-05-24,28.66010250815678,28.67592406976206,28.35949887296503,28.375320434570312,16044200
2023-05-25,28.11426461583721,28.130086173167562,27.481417410890696,27.544700622558594,32465900
2023-05-26,27.560528081347208,27.73456223159301,27.426046324069777,27.687097549438477,18216700
2023-05-30,27.663364213567608,27.789933670203943,27.513060909174914,27.607990264892578,19353300
2023-05-31,27.576350244837037,28.462336540842045,27.576350244837037,28.185466766357422,53756700
2023-06-01,28.161733002099904,28.39905340113195,28.019341969742367,28.256662368774414,20565300
2023-06-02,27.212461653573115,27.607991601923572,26.674540682404167,27.3548526763916,61527900
2023-06-05,27.5130609411548,27.80575526181032,27.2520127567625,27.25992202758789,30125600
2023-06-06,27.29156692479451,27.48142263116957,27.157088188421653,27.449779510498047,18406700
2023-06-07,27.465600714307683,27.908592327342298,27.394405202547972,27.892770767211914,25494100
2023-06-08,27.876950007115827,28.03515956052598,27.671272759436555,28.027250289916992,17749700
2023-06-09,28.050986635962417,28.17755611417423,27.89277403378405,28.05889892578125,14953900
2023-06-12,28.2091919733473,28.304118303145913,27.971874640023955,28.169639587402344,14044500
2023-06-13,28.08262644598048,28.312034541184612,28.0193402055156,28.066804885864258,17706700
2023-06-14,28.185459746196972,28.462329451721576,28.177547458808572,28.264564514160156,16538700
2023-06-15,28.28830236820704,28.849957223820613,28.225019141646797,28.826223373413086,18890900
2023-06-16,28.889509513311722,29.02398825530054,28.61263672235453,28.842044830322266,36102100
2023-06-20,28.54143875518892,28.612631239549764,28.3041184033716,28.327852249145508,17687900
2023-06-21,28.240838889333915,28.454425423361833,28.082626306610937,28.343677520751953,17121200
2023-06-22,28.335762426734988,28.414867201438287,28.137997472323015,28.359493255615234,12431200
2023-06-23,28.438606340745576,28.541444981122375,28.0668071916055,28.090538024902344,18991500
2023-06-26,28.209189002071973,28.588897298925353,28.082619569787514,28.565166473388672,15840000
2023-06-27,28.77084750304244,29.01607715656521,28.652190329521627,28.913238525390625,17757800
2023-06-28,28.87368829633878,29.158470362360227,28.66801403624232,29.126827239990234,16756400
2023-06-29,29.103092283567314,29.285035684934748,29.000253659262654,29.26130485534668,16740800
2023-06-30,29.269213422524153,29.46697837808175,29.1505532421281,29.419513702392578,19098300
2023-07-03,29.40369224125132,29.569817097886954,29.237570402269434,29.49070930480957,10367100
2023-07-05,29.490705603212874,29.80713070049806,29.451153220465567,29.64891815185547,19868300
2023-07-06,29.58564543215172,29.593554704443946,29.316684909399267,29.372058868408203,21558200
2023-07-07,29.165108780538056,29.269785310337262,28.88327955682754,28.907438278198242,20482700
2023-07-10,28.923540766258576,28.955750347826513,28.1827388202446,28.295469284057617,30326400
2023-07-11,28.279366787658383,28.35989074811136,27.949226228988703,28.17469024658203,28340300
2023-07-12,28.263258663170454,28.375992194512705,27.94922293361795,28.07000732421875,27299600
2023-07-13,28.0378004667246,28.070010050236135,27.715710774959177,27.892860412597656,25641900
2023-07-14,27.723765013385723,27.780130249317004,27.337259221996224,27.385570526123047,31576000
2023-07-17,27.0956966591574,27.0956966591574,25.163164404241517,25.332260131835938,97510600
2023-07-18,25.783182240999082,26.693083023485627,25.742920260982533,25.984487533569336,79722200
2023-07-19,27.144001928369637,27.506352029489122,26.701130947745675,27.353361129760742,61881000
2023-07-20,27.296999995130285,27.37752088671528,26.98296114592851,27.0876407623291,32839900
2023-07-21,26.982957403232493,27.32920271803692,26.862176082608084,27.28089141845703,25179400
2023-07-24,27.280893070396424,27.860650202183944,27.144003879390077,27.361413955688477,30784200
2023-07-25,27.89286070179911,28.142480369089192,27.1520587034027,27.57077407836914,35719500
2023-07-26,27.256733108881935,27.86870286732228,27.19231701791043,27.65129280090332,27916000
2023-07-27,27.56271977496807,27.868704674024965,27.00711828366142,27.015169143676758,28097500
2023-07-28,27.11179417024966,27.635189137233382,27.103743310427927,27.401674270629883,30642100
2023-07-31,27.37751923355035,27.474144911952724,27.248683971788875,27.441938400268555,24500400
2023-08-01,27.61103548780435,27.619086348209745,26.829969946452334,26.91854476928711,27289500
2023-08-02,26.950755727437226,27.135956242948392,26.74945041861962,26.829971313476562,20481600
2023-08-03,26.61255725950103,26.773602096975694,26.354886748211488,26.6206111907959,20465700
2023-08-04,26.572298455749216,26.596454107772995,26.19384352511013,26.266313552856445,24584000
2023-08-07,26.29047067978034,26.43541072646991,25.912015772127045,26.1938419342041,24314000
2023-08-08,26.129423757027077,26.419303827273716,26.11331896738287,26.226049423217773,22178900
2023-08-09,26.177736523008445,26.4354101000982,26.040850410864394,26.338781356811523,20798500
2023-08-10,26.451512606539087,26.829967516493234,26.427356955835563,26.588401794433594,19031600
2023-08-11,26.54008910486313,26.910490106961795,26.532038244676205,26.862178802490234,15271400
2023-08-14,26.725289829073994,27.04737952939061,26.685029384453173,27.023223876953125,17934000
2023-08-15,26.854124384981912,26.982959647367817,26.741393914353612,26.781654357910156,15528600
2023-08-16,26.81386665277665,27.087641996989547,26.685031377363245,26.789710998535156,17395100
2023-08-17,26.862176911170497,26.958802584985378,26.45151242202637,26.6206111907959,19128000
2023-08-18,26.45956506642812,26.910486903416295,26.45956506642812,26.717235565185547,21722700
2023-08-21,26.693082451550943,26.749447686528914,26.38709755333129,26.572298049926758,27074400
2023-08-22,26.636717445265667,26.82996880351363,26.48372345900483,26.73334312438965,21722000
2023-08-23,26.733342322609122,26.870228441289722,26.580348340936844,26.72528839111328,15766400
2023-08-24,26.5803503994238,27.0393293083109,26.572299538979337,26.878284454345703,18561400
2023-08-25,26.838026161730518,26.991017095849145,26.588406464476112,26.854127883911133,14912100
2023-08-28,26.95880390854456,27.07153437880896,26.781654271457683,27.015169143676758,16050400
2023-08-29,27.36946650819624,27.98143319193624,27.337256927032364,27.93311882019043,28782800
2023-08-30,28.09416570203231,28.14248007729961,27.820390385534182,27.892860412597656,15021400
2023-08-31,28.061957803792716,28.29547269076273,27.989487772377025,28.166637420654297,24333200
2023-09-01,28.174686924627803,28.303522174487156,28.053902534027003,28.07000732421875,14748700
2023-09-05,28.061958275703983,28.239107926960337,27.61908721923828,27.61908721923828,17486000
2023-09-06,27.458039864034323,27.73181517668195,27.369468118135746,27.522459030151367,19187100
2023-09-07,27.522462171818706,27.79623751571757,27.176216793603224,27.224531173706055,26605800
2023-09-08,27.22452669603464,27.240631486753465,26.757496980213002,26.934646606445312,24872400
2023-09-11,27.135951310775727,27.449987043984688,27.03932564017482,27.32920265197754,18883900
2023-09-12,27.482200943512748,27.52246138995041,27.216476468008857,27.409730911254883,15784400
2023-09-13,27.619083861717616,27.619083861717616,26.982958438332528,27.264787673950195,21027900
2023-09-14,27.594931422208273,27.683506247376236,27.329206946704385,27.409730911254883,26570100
2023-09-15,27.34531165364332,27.51440737115499,27.10374590410163,27.208425521850586,38205200
2023-09-18,27.296999449767288,27.353364687085698,26.991014538842315,26.999065399169922,16233700
2023-09-19,27.03933017223326,27.160111512809866,26.773605693949367,26.894390106201172,23379300
2023-09-20,27.039329644877448,27.329206699612868,26.862179996143183,27.055431365966797,23742000
2023-09-21,26.991013331695946,27.256734714073595,26.781654112440904,26.80581283569336,17993800
2023-09-22,26.781653311288757,26.98295859287945,26.515931936859953,26.797758102416992,22740000
2023-09-25,26.709186496069965,26.773605668322656,26.467620743472768,26.701135635375977,17616900
2023-09-26,26.483723173217477,26.709184112632123,26.41930707838826,26.564247131347656,18841600
2023-09-27,26.532041541443046,26.58035285191758,26.01670041854543,26.089170455932617,22083500
2023-09-28,26.089166257634115,26.266312820326426,26.089166257634115,26.20994758605957,18772100
2023-09-29,26.266313265480814,26.37099287589687,26.06500797635183,26.097217559814453,19787600
2023-10-02,26.121373021169155,26.145531744427494,25.54966674141213,25.573823928833008,24722600
2023-10-03,25.525515583562843,25.77513221833599,25.453045544379403,25.7509765625,21389400
2023-10-04,25.597980391827942,25.742918904739064,25.28394310759363,25.39667510986328,23694100
2023-10-05,25.412779383767038,25.702659492882958,25.267839329209078,25.62213706970215,22774400
2023-10-06,25.44532427763985,25.49466835782849,24.787396411104517,25.371307373046875,31291800
2023-10-09,25.280840877896445,25.90587161948996,25.280840877896445,25.8647518157959,20344300
2023-10-10,25.889420705390673,26.15259118967818,25.75783546324692,26.11969566345215,19151900
2023-10-11,26.17726434513439,26.292401041325682,25.83185268794067,25.87297248840332,15694200
2023-10-12,25.766058301012944,25.798955394025434,25.206820268758484,25.42064666748047,21718300
2023-10-13,25.56045586509512,25.81540205836649,25.198595689451434,25.223268508911133,24528400
2023-10-16,25.363080403809903,25.757836140622384,25.182151083259146,25.700267791748047,21087900
2023-10-17,25.58512803554346,25.93876392906332,25.57690376259885,25.914091110229492,21186000
2023-10-18,25.840075608495297,25.889419680190265,25.48643969600523,25.535783767700195,22024300
2023-10-19,25.84007158288292,26.292395568295586,25.82362303867386,25.971656799316406,28806600
2023-10-20,25.963438034057617,26.43221066310603,25.946989486359815,25.963438034057617,27271200
2023-10-23,25.889423702668854,26.037457509373745,25.708494365929543,25.815406799316406,31725800
2023-10-24,27.262846341815983,28.340199599860778,27.11481254285352,28.208614349365234,61617900
2023-10-25,28.373093627892743,28.46355906605594,27.632924713138873,27.706941604614258,30832800
2023-10-26,27.68227282865082,28.537578509464364,27.665824280492124,28.348424911499023,34367000
2023-10-27,28.274402991340427,28.44710801047142,27.41909746244519,27.5013370513916,23924800
2023-10-30,27.83030316474118,28.61981455476122,27.83030316474118,28.47178077697754,31497700
2023-10-31,28.54580490393355,28.957009249322073,28.512907803364826,28.891218185424805,28903400
2023-11-01,29.121482973247076,29.244845495152394,28.90765815748235,29.11326026916504,26071200
2023-11-02,29.039248186298437,29.557363334618113,29.039248186298437,29.52446937561035,24946000
2023-11-03,29.598488153436627,29.911001175917523,29.557365211895483,29.623159408569336,23323200
2023-11-06,29.590255517581177,29.631375312443012,29.294187974993157,29.310636520385742,15544000
2023-11-07,29.359987205954145,29.688948758663564,29.31886740402044,29.557363510131836,17654600
2023-11-08,29.557353223971965,29.590250308966432,29.27773427599637,29.417545318603516,16971500
2023-11-09,29.499793495783155,29.64782728418518,29.162606119365122,29.294191360473633,15685800
2023-11-10,29.532692183435305,29.540914888905807,29.113265185164398,29.368209838867188,12791200
2023-11-13,29.310639689871316,29.75474105177593,29.12148610326148,29.45867347717285,17236700
2023-11-14,29.614933170659768,29.68895007231138,29.450453955647237,29.50802230834961,17667100
2023-11-15,29.50801657463469,29.697170144936536,29.47511948312846,29.606704711914062,22855500
2023-11-16,29.672503970456333,29.919225924476606,29.549141424826267,29.754743576049805,19110800
2023-11-17,29.919217077634332,29.919217077634332,29.672495196567485,29.795854568481445,19355200
2023-11-20,29.836979224360768,30.32220036238297,29.771188176059834,30.207063674926758,18656400
2023-11-21,30.313975339703067,30.799196440620456,30.30574949851983,30.634714126586914,22946400
2023-11-22,30.70050977626146,30.85676625658938,30.610044342351852,30.716955184936523,14613100
2023-11-24,30.799195383192476,30.89788351332866,30.67583286759292,30.766298294067383,6766700
2023-11-27,30.799197914508603,30.873214802503796,30.66761268443263,30.716955184936523,15245300
2023-11-28,30.71695584762847,30.84854108054328,30.593596456468006,30.81564712524414,14521700
2023-11-29,30.86499411658414,31.161061718019745,30.86499411658414,31.054147720336914,16387400
2023-11-30,31.111712576657204,31.613379086318837,31.103486735459928,31.522916793823242,36623500
2023-12-01,31.580487566481185,31.753192598060203,31.47357358335346,31.7285213470459,20762500
2023-12-04,31.58048950003287,31.720297447326416,31.276196078441664,31.284421920776367,22109200
2023-12-05,31.539363116425857,31.703845435510335,31.325538297683543,31.59693145751953,23003300
2023-12-06,31.457123335305745,31.97524153925543,31.317315404134796,31.6627254486084,20218500
2023-12-07,31.703846213301894,31.85187999038571,31.498244093712078,31.786088943481445,15223200
2023-12-08,31.794310137352547,31.810758682607,31.259743396920197,31.457122802734375,21850400
2023-12-11,31.490018996548205,31.572258583239417,30.823867050288506,30.98012351989746,21914500
2023-12-12,30.897885314441332,30.9554536551465,30.568920678492436,30.67583465576172,17096700
2023-12-13,30.494909608182294,30.552477953944273,29.98501406394828,30.4208927154541,32473200
2023-12-14,30.63471517648188,31.235072976626096,30.577146835183072,31.144607543945312,28551600
2023-12-15,30.881443687208495,31.111720238856684,30.544256271579343,30.733409881591797,51721600
2023-12-18,31.021246450482202,31.087037492387346,30.65116203589348,30.98012351989746,22057200
2023-12-19,30.922561344418728,31.03770118086779,30.832099035925534,30.897890090942383,17642500
2023-12-20,30.84031697373617,31.029470541373037,30.659386110240348,30.67583465576172,18134600
2023-12-21,30.71695499277932,30.881437313655166,30.60181830933803,30.78274917602539,15421000
2023-12-22,30.774524618491508,31.070592180972856,30.758079209233177,30.832096099853516,13171600
2023-12-26,30.79097070748158,30.955453022092282,30.684059869637952,30.823867797851562,11856600
2023-12-27,30.700517229717356,30.807428098257795,30.593603223936803,30.68406867980957,15267600
2023-12-28,30.57714833499692,31.02124967871894,30.55247708386996,30.832096099853516,14931700
2023-12-29,30.741632221031523,31.054145208612514,30.69228657903681,31.004802703857422,16222700
2024-01-02,31.02947345777972,32.04926141527799,30.988353658731146,31.975244522094727,23810900
2024-01-03,32.50981093326076,32.66607057499417,32.18084937581536,32.20552062988281,26263900
2024-01-04,32.63317504134283,32.77298300407555,32.370004527883616,32.37822723388672,24214600
2024-01-05,32.46047120994559,33.200637130627264,32.32066010467587,33.060829162597656,30276700
2024-01-08,33.01969959128805,33.11016188295617,32.46868431396147,32.97857666015625,28483000
2024-01-09,32.82387179647027,32.82387179647027,32.422459224833844,32.64825439453125,17880100
2024-01-10,32.681697845458984,32.69842057360636,32.33045994165232,32.681697845458984,16354700
2024-01-11,32.63989518215134,32.63989518215134,31.4105699771627,31.694904327392578,31289800
2024-01-12,31.937424207986304,32.422466501411456,31.920698281646377,32.246849060058594,18774800
2024-01-16,32.263570559617406,32.907501089559595,32.07122402817161,32.85732650756836,31039400
2024-01-17,32.38064481260994,32.974400686752176,32.3388284126236,32.50608444213867,21377100
2024-01-18,32.22175134866991,32.62316392036521,32.16321221468165,32.56462478637695,17112800
2024-01-19,32.67333998104563,32.97440019162349,32.355553848753075,32.89077377319336,20561700
2024-01-22,32.94930817316058,33.21691650188501,32.8740431313229,33.09983825683594,26039200
2024-01-23,34.345897765454716,35.33270492751759,33.94448516921377,35.31597900390625,49713700
2024-01-24,35.315974809266855,35.40796578313117,34.44624602564127,34.52151107788086,27910400
2024-01-25,34.663680936818075,35.37451508305191,34.56332859397007,35.366153717041016,24613200
2024-01-26,35.36615035880231,35.533406374429276,35.20725570839227,35.4581413269043,20367200
2024-01-29,35.22399019098196,35.44978538844168,34.839303494633064,35.16545104980469,23905700
2024-01-30,35.12363427195063,35.625399199778194,34.96474278917208,35.516685485839844,20044600
2024-01-31,35.28252424248052,36.13552713534161,35.15708461097192,35.41632843017578,23392300
2024-02-01,35.69230059119032,35.725752434927806,35.09854472049519,35.533409118652344,19586500
2024-02-02,35.29088852803575,35.51668369119187,34.98146694451519,35.23234939575195,21548600
2024-02-05,35.12363536768177,35.27416548875476,34.52151488338981,34.60514450073242,20466200
2024-02-06,34.61350421729581,34.76403433119271,34.24554348896092,34.3709831237793,17517600
2024-02-07,34.37098337266386,34.40443521824841,33.75214018006753,33.80231475830078,21815600
2024-02-08,33.701956174551434,33.76049529841892,32.982757578301786,33.37580871582031,19523500
2024-02-09,33.36745670402969,33.526348200473,32.832236694135844,33.21692657470703,18479400
2024-02-12,33.22528452180678,33.59324524997313,33.05802848531532,33.534706115722656,15060500
2024-02-13,33.6183306904182,33.83576127216871,33.1834663367741,33.559791564941406,14483600
2024-02-14,33.76886615433746,33.90267034673606,33.42599271193206,33.57652282714844,12443200
2024-02-15,33.62669476767372,33.969568183183036,33.60160748048678,33.944480895996094,12081400
2024-02-16,33.69360287039763,34.011385850233026,33.23365113419904,33.86085891723633,12645500
2024-02-20,33.79394805863288,34.21208649201866,33.67686980770775,33.86921310424805,12069500
2024-02-21,33.86085683795486,34.38770904645046,33.76050130192789,34.3709831237793,16268200
2024-02-22,34.078291323741176,34.228821454738544,33.54307449803674,34.06156539916992,22068900
2024-02-23,33.97793776403452,34.41280221706622,33.83576900528194,34.00302505493164,15228600
2024-02-26,33.95284154812589,33.97793202492887,32.974399086678055,33.191829681396484,25108400
2024-02-27,33.183466942768355,33.434349369413795,32.97439772220663,33.39253616333008,17074100
2024-02-28,33.4176278472217,33.62669709530013,33.334001424047756,33.534706115722656,12437000
2024-02-29,33.534696807624734,33.64341367968958,33.32562761757684,33.467796325683594,20486500
2024-03-01,33.44272211592233,33.69360460401702,33.25874013591906,33.61833953857422,12130900
2024-03-04,33.38417643745926,33.727053071319226,33.041302993742896,33.7103271484375,18753900
2024-03-05,33.7437744140625,34.253903875438944,33.38417506227726,33.7437744140625,20640100
2024-03-06,33.74377092260507,33.76049684306719,33.2587319897763,33.39253616333008,16331100
2024-03-07,33.534702945451066,33.68523304504835,32.93258573720519,33.05802536010742,17100600
2024-03-08,33.12493133849809,33.35072650353142,32.9409493839946,33.04130172729492,17807900
2024-03-11,33.09147537098397,33.64341797558166,33.08311400597718,33.559791564941406,12344600
2024-03-12,33.476161964158074,33.66850526074512,33.36744826835435,33.559791564941406,12452700
2024-03-13,33.693597098635664,33.86921448216809,33.50125379427016,33.66850662231445,13751800
2024-03-14,33.45107897804482,33.50125674496354,32.982762723900535,33.25873565673828,17475400
2024-03-15,33.11657352972751,33.392546517711565,32.7318868102444,33.02458572387695,54893900
2024-03-18,33.01621092829035,33.41762344895168,32.83222899335023,33.39253616333008,16200800
2024-03-19,33.35072219835704,33.49288773383535,33.29218307314325,33.425987243652344,15226900
2024-03-20,33.41762936598683,33.67687639383803,33.283825168741245,33.55143356323242,15198800
2024-03-21,33.551430024701716,33.94448120834502,33.434351763227546,33.90266799926758,21868300
2024-03-22,34.06992665090273,34.128465786150414,33.45944162878782,33.760501861572266,17816400
2024-03-25,33.89430038131451,34.186999198700526,33.85248717601453,34.17863464355469,14587200
2024-03-26,34.145188279616974,34.287353825184326,34.04483275200595,34.16191101074219,17854100
2024-03-27,34.37098488469132,34.93965352407092,34.37098488469132,34.738948822021484,19260100
2024-03-28,34.82257486485104,35.249077934746246,34.81421349825123,35.09018325805664,19771400
2024-04-01,35.11527398580554,35.40796967101859,34.73058412648361,35.357791900634766,15031600
2024-04-02,35.37452173121558,35.69230793179192,35.34106988059827,35.57522964477539,17260800
2024-04-03,35.60866882439808,35.87627715382266,35.56685243093437,35.82609939575195,18211800
2024-04-04,35.951548368067286,36.31114453047639,35.491593482144125,35.49995803833008,16461400
2024-04-05,35.33270065991909,35.491592129819786,34.797483929576394,35.22398376464844,14338700
2024-04-08,35.223986109913305,35.24907658904223,34.88111266982453,34.8978385925293,14457800
2024-04-09,34.89359204600008,34.99556948475064,34.45168548900854,34.70663070678711,17224100
2024-04-10,34.5111686341463,34.5536589585945,33.95878469090791,34.43468475341797,17900400
2024-04-11,34.375202114435666,34.392198894782766,34.06926655179674,34.128753662109375,14782200
2024-04-12,34.145749432442464,34.213733310015535,33.72083966174687,33.75483322143555,21555000
2024-04-15,34.08626174926758,34.29021662035282,33.865306856820304,34.08626174926758,16442800
2024-04-16,34.08625622694607,34.11174977125046,33.62735297864494,33.79731750488281,14016800
2024-04-17,33.86530757389771,33.97578502246064,33.53387847001321,33.80582046508789,21009200
2024-04-18,33.86530835773209,34.137250359101046,33.746334137358716,34.1032600402832,20173700
2024-04-19,33.99277817258391,34.56215565090879,33.975781394481146,34.4091911315918,24706500
2024-04-22,35.182533243824416,35.386488135353595,32.76904541536549,32.803035736083984,51243200
2024-04-23,33.06647674475905,33.98428336441758,32.87101864801047,33.73783493041992,25972800
2024-04-24,33.567872532123296,33.70384353169516,33.09197241271958,33.55937576293945,15946600
2024-04-25,33.38940882788044,33.83981212408467,33.10896683769765,33.32992172241211,16837700
2024-04-26,33.19394947867098,33.95878505228954,33.05797849390741,33.7208366394043,18246200
2024-04-29,33.90779512570411,34.68962741231161,33.882298339451275,34.06925964355469,19438600
2024-04-30,33.91629842113898,33.924795190322826,33.516882191607216,33.55937576293945,20222200
2024-05-01,33.423400868739215,33.70383960438895,33.25343632862824,33.312923431396484,17754000
2024-05-02,33.41490228998658,33.55087327953855,32.93050543709493,33.083473205566406,17394900
2024-05-03,33.1854476006451,33.31292180997484,32.93050242378943,33.049476623535156,13195600
2024-05-06,33.24493632874326,33.44039441529895,33.193949235957234,33.42340087890625,13348800
2024-05-07,33.593364492025664,33.63585806134734,33.21944507134592,33.40640640258789,11935200
2024-05-08,33.34692173371478,33.62736050927657,33.227944269441444,33.55087661743164,10438000
2024-05-09,33.576364151788425,33.84830935102899,33.4658899603199,33.81431579589844,12881000
2024-05-10,33.8313128553758,34.34969998731905,33.74632896684126,34.332706451416016,16888500
2024-05-13,34.281722293250986,34.54516753245501,34.06926739635225,34.45168685913086,21365700
2024-05-14,34.49417178030168,34.57915242901156,34.34970078733014,34.4091911315918,17664400
2024-05-15,34.63014276331986,34.766113746338036,34.36669756543291,34.4091911315918,14926000
2024-05-16,34.23923190376397,34.36670289660286,34.111757669120635,34.205238342285156,12913200
2024-05-17,34.32421242768489,34.341209208355984,33.848315536112196,34.04377365112305,14670400
2024-05-20,34.03527378307853,34.25622869092783,34.00128022159333,34.09476089477539,8665000
2024-05-21,34.07776238749413,34.09475916737559,33.380910621375705,33.66984939575195,18327000
2024-05-22,33.737831917756615,34.145744853911694,33.669844807495515,33.81431579589844,12374100
2024-05-23,33.65285247025069,33.82281702652555,33.236442711271785,33.508384704589844,14105000
2024-05-24,33.57637015639722,33.77183151245117,33.567873386996986,33.77183151245117,10420000
2024-05-28,33.75482617576654,33.8143132719028,33.28742293211937,33.448890686035156,15071300
2024-05-29,33.363910589707984,33.54237514016727,33.14295895639245,33.22793960571289,17652000
2024-05-30,33.32992366135929,34.298717425978595,33.2959301014558,34.273223876953125,19633200
2024-05-31,34.11175419007521,35.08054790078343,34.07776063206338,34.97007369995117,38917400
2024-06-03,34.995568037197515,35.2760067926126,34.7576196093539,34.82560348510742,20688100
2024-06-04,34.74062673649091,35.318504333496094,34.604655727889956,35.318504333496094,16040200
2024-06-05,35.352488589025675,35.45446925933344,34.95307564330093,35.14003372192383,11964000
2024-06-06,35.1060424676756,35.45446831072813,34.961571476173674,35.12303924560547,10259100
2024-06-07,34.9785682183095,35.08904565383863,34.68113270935094,34.79160690307617,10410200
2024-06-10,34.7661192055,34.78311598627169,34.273225530338784,34.341209411621094,15210700
2024-06-11,34.23922292989217,34.49416809055498,34.17973583379764,34.34969711303711,12083300
2024-06-12,34.647136894268435,34.672630438572824,33.63585298794887,33.79731750488281,15065300
2024-06-13,33.78032691611348,33.822817245005595,33.397907472475865,33.80582046508789,12297400
2024-06-14,33.55086916198588,33.8568046613827,33.52537561763738,33.71233367919922,10480600
2024-06-17,33.6528601999889,33.6528601999889,33.10047931747439,33.53388595581055,22286600
2024-06-18,33.746332569005816,34.14574878324311,33.73783580014734,34.060768127441406,17125700
2024-06-20,33.85681008921685,34.392197298993146,33.831316540781295,34.196739196777344,17704700
2024-06-21,34.30721340120091,34.31571341188225,33.90780042789219,34.196739196777344,30375300
2024-06-24,34.32420624384244,35.02955792649657,34.264719143113034,34.987064361572266,20773800
2024-06-25,35.021061513890494,35.37798739673151,34.69813243156314,34.910587310791016,17475700
2024-06-26,34.84259947343787,34.98706723226176,34.59615104059276,34.859596252441406,19709900
2024-06-27,34.842604019655504,34.876597582098015,34.468684558201524,34.68963623046875,15560800
2024-06-28,34.72362983483952,35.335500992325365,34.57915881518668,35.04656219482422,27639200
2024-07-01,35.199520851898114,35.675420921614375,35.14003374840908,35.471466064453125,16412100
2024-07-02,35.377992211494615,35.43747932642998,34.604656475530284,34.92758560180664,21659400
2024-07-03,34.95308390492567,35.174035592542694,34.80011610511205,34.944583892822266,6653900
2024-07-05,34.98706429936221,35.165528843036945,34.800106229603884,35.07204818725586,17552200
2024-07-08,35.097544984715434,35.34399341973614,34.910586897634346,35.29300308227539,15380400
2024-07-09,35.24202045871281,35.505462464512846,35.021065543481974,35.09754943847656,20475200
2024-07-10,35.30916462729583,35.5250964014197,35.14505437025296,35.481910705566406,13826800
2024-07-11,35.481906890768016,35.72374939743096,35.196875398037804,35.67192459106445,12487800
2024-07-12,35.68056008302968,35.90512763143335,35.58554959510081,35.78420639038086,11129100
2024-07-15,35.78421100938198,35.81012176585014,35.15369067475206,35.23142623901367,15874900
2024-07-16,35.283248760812896,35.887858356262406,35.257338003603856,35.80148696899414,16016900
2024-07-17,35.88785966792168,36.44064447429954,35.861948909765644,36.30244827270508,20401700
2024-07-18,36.190169763078984,36.72567968624638,36.034698608795274,36.33700180053711,15752800
2024-07-19,36.535649255197946,36.535649255197946,35.784207732714655,35.94831466674805,17608000
2024-07-22,34.50589396611483,34.549079656714326,33.426235226842515,33.76308822631836,54985800
2024-07-23,33.460786398505036,33.91856066740442,33.44351146262204,33.5903434753418,25257700
2024-07-24,33.89264616687625,34.40224518712903,33.72853594154569,34.26404571533203,22889000
2024-07-25,34.42816195294006,35.38689953938961,34.36770132089886,34.505897521972656,19740300
2024-07-26,34.462705054319215,34.69590842073059,34.246773326647684,34.62681198120117,15911500
2024-07-29,34.61817830293852,34.65272487741156,34.26404708459204,34.574989318847656,12937200
2024-07-30,34.5577155578483,34.773647306208616,34.40224773029731,34.5836296081543,16089200
2024-07-31,34.5749870868518,35.23142138231669,34.53180140040569,34.99821472167969,23605400
2024-08-01,35.1277777677792,35.56828041123091,34.79092474329097,35.28324890136719,18166800
2024-08-02,35.58555486547346,36.224711032800315,34.903209710068495,35.386898040771484,26124900
2024-08-05,34.54908120905969,34.782287902603706,34.23813895100101,34.37633514404297,26855000
2024-08-06,34.52316898432753,34.96366830127263,34.34178381160238,34.77364730834961,18104200
2024-08-07,34.860019994634726,35.17096222171977,34.7218238153588,34.79092025756836,12176300
2024-08-08,34.790918813939015,35.23142138231669,34.765008061042685,34.99821472167969,13237100
2024-08-09,34.972308947475476,35.24006221847297,34.57499200898148,35.196876525878906,11818700
2024-08-12,35.36961436368339,35.41280004623191,34.81682971940704,35.0068473815918,11099000
2024-08-13,35.110507614719296,35.240064701630615,34.85138685118191,35.2227897644043,15349400
2024-08-14,35.06731057038839,35.49917401728902,34.97230337974981,35.32643127441406,10931100
2024-08-15,35.274610543935914,35.34370699008558,34.54907973765096,34.5836296081543,17489600
2024-08-16,34.635451816609184,35.08459025762712,34.60090524026708,35.07595443725586,13377500
2024-08-19,35.09322574801689,35.291882544606885,35.03276512709196,35.188236236572266,9401400
2024-08-20,35.11914194696086,35.3782594046551,35.093231189648606,35.28324890136719,8784000
2024-08-21,35.335068594554954,35.4732647716391,35.1795974834782,35.455989837646484,13683400
2024-08-22,35.499178666796524,35.55100347336074,35.07595427852177,35.30052185058594,13529600
2024-08-23,35.404174786030254,35.611467442025294,35.3437108586029,35.59419250488281,11757300
2024-08-26,35.73238706404027,36.051968444194415,35.6201049200634,35.836036682128906,10309500
2024-08-27,35.887858356262406,35.965593922746734,35.56828026954116,35.80148696899414,9778200
2024-08-28,35.836036682128906,36.02605439224365,35.72375124329482,35.836036682128906,12732700
2024-08-29,35.87922002164873,35.90513077704236,35.53372790706767,35.62873840332031,17338100
2024-08-30,35.67192117789766,36.18152019307577,35.559635755609136,36.086509704589844,20009900
2024-09-03,36.24198342404737,37.07979965209961,36.20743355395394,37.07979965209961,23319900
2024-09-04,37.140257904070296,37.373464570013546,35.585550092638705,35.827392578125,31272700
2024-09-05,35.68056106567383,36.1124245355301,35.326433152185956,35.68056106567383,28199800
2024-09-06,35.72375173439207,36.09515463383902,35.52509490594371,35.5423698425293,18100300
2024-09-09,35.63737513659177,36.95024059283792,35.63737513659177,36.90705490112305,27850300
2024-09-10,36.958881072722974,37.736233436864076,36.60475311581423,37.70168685913086,36980400
2024-09-11,37.58076377854759,37.84852035933581,37.08843960683114,37.83124542236328,22395500
2024-09-12,37.57212204317479,37.90033920427277,37.51166142071684,37.88306427001953,18397000
2024-09-13,37.94352184732237,38.409935150157516,37.67576533017111,38.37538528442383,20029700
2024-09-16,38.5308609346885,38.910899618060405,38.40130057031832,38.867713928222656,24714500
2024-09-17,38.65178126364092,38.65178126364092,37.9348863089516,38.07308578491211,18769600
2024-09-18,38.09035873018082,38.4358508422109,37.81396635849954,37.90034103393555,16897900
2024-09-19,37.969434815466975,37.97807392983293,37.425289225254126,37.9521598815918,23097200
2024-09-20,37.8139605047203,38.40993414096981,37.70167838632075,38.28901290893555,52671900
2024-09-23,38.30629315256445,38.46176428435351,37.96080431125548,38.22855758666992,18083200
2024-09-24,38.18536550943332,38.68632869363619,38.11626907066613,38.57404327392578,15154000
2024-09-25,38.6949661582995,38.7640658948616,38.36674899934311,38.479034423828125,21990100
2024-09-26,38.522230066278276,38.764075911884206,38.31493739273907,38.53950500488281,15779600
2024-09-27,38.625873067477706,38.91090126838125,38.42721624991292,38.772705078125,15659300
2024-09-30,38.97999518140222,39.17865196925749,38.68632790916908,38.789974212646484,13509700
2024-10-01,38.833163413349766,39.07500920316633,38.57404598377055,39.049095153808594,17536400
2024-10-02,38.980003677948524,39.109560761820944,38.755432794131316,38.91090393066406,12040800
2024-10-03,38.80725292498679,38.83316367966534,38.34083957163144,38.453125,12258400
2024-10-04,37.8053264518372,38.21991496454438,37.61530548127518,38.159454345703125,14531200
2024-10-07,38.073087247849934,38.12490875846949,37.80533069517332,37.86579132080078,12885000
2024-10-08,38.003987013213276,38.133547377792006,37.73623046401714,38.01262283325195,10855100
2024-10-09,38.05581333181238,38.219920277930655,37.83988157882972,38.0989990234375,12614200
2024-10-10,38.10602452655526,38.30778254853101,37.55338429751881,37.67619323730469,12352800
2024-10-11,37.85162989487926,37.93057896430621,37.54460424875575,37.72004699707031,10658700
2024-10-14,37.72004237060964,37.97443415714934,37.623548703557226,37.88671112060547,9923500
2024-10-15,38.13233538811303,38.5709405677461,37.86916960329961,38.36918258666992,15444500
2024-10-16,38.369174977501594,38.68496783332582,38.29899655645757,38.5182991027832,9459000
2024-10-17,38.49199012462169,38.59725442700635,38.1849645020863,38.46567153930664,10539500
2024-10-18,38.44813219217377,38.74638050606756,38.3077753202821,38.58848571777344,13058400
2024-10-21,38.64111730151821,38.77270019952691,38.2463719537842,38.3340950012207,18760000
2024-10-22,36.75511367629557,37.40424743793198,35.74632047170616,36.40422821044922,42576300
2024-10-23,36.72002254601376,37.6323220326171,36.632299510979806,37.597232818603516,27174700
2024-10-24,37.176170009518124,37.2375744571305,36.52703297524117,36.72002029418945,23506400
2024-10-25,36.755115240598904,37.0007330693698,36.290191476621494,36.29896545410156,19717400
2024-10-28,36.36037062432801,36.64984830730015,36.307736797291255,36.50949478149414,13575000
2024-10-29,36.246330087834174,36.562126337858324,36.220014849096096,36.255104064941406,15072300
2024-10-30,36.25509823228262,36.41299298560105,36.07088155187713,36.21123504638672,16372600
2024-10-31,36.19369939506989,37.41302465398577,36.18492876349575,36.95687484741211,31077900
2024-11-01,36.94809618950883,37.14985415307938,36.22878402502541,36.28141784667969,16682400
2024-11-04,36.535811366599255,36.641075668614015,35.87790362299633,36.01825714111328,14760900
2024-11-05,35.97439249600887,36.20246904517674,35.816497722504856,36.193695068359375,12322800
2024-11-06,36.351590079252276,36.553348027004766,35.90421434228657,36.10597229003906,21957100
2024-11-07,36.035799985598935,36.13229030572006,35.53578704634249,35.58842086791992,24225500
2024-11-08,35.73755228026352,35.83404261098029,35.45684188065064,35.50947570800781,21305900
2024-11-11,35.50069907553976,35.860355135953924,35.44806525707983,35.47438049316406,17116400
2024-11-12,35.5270164120734,35.61473610173469,35.149815723204846,35.43929672241211,16984600
2024-11-13,35.43929854405159,36.31650887092126,35.36034948078164,36.08843231201172,19953500
2024-11-14,36.08843641964898,36.19370073389296,35.84281857098228,35.85158920288086,13636600
2024-11-15,35.79017783658573,36.64107285717032,35.79017783658573,36.53580856323242,21482500
2024-11-18,36.55335399019807,37.351618627950096,36.55335399019807,37.062137603759766,17405400
2024-11-19,37.027043271427026,37.04458787770815,36.66738720839263,36.78142547607422,10520600
2024-11-20,36.84282887532392,37.0884466636795,36.623526322494605,37.03581619262695,14706500
2024-11-21,37.03582290201174,37.5007433274213,36.85160618108108,37.28144073486328,12534100
2024-11-22,37.36915898785512,38.018296109085405,37.141085772785594,37.851627349853516,17017400
2024-11-25,38.018290290761655,38.64110873110826,37.99197505551334,38.57970428466797,28365900
2024-11-26,38.57971009928284,39.03585987465405,38.377952123957634,38.92182159423828,17247000
2024-11-27,39.0183150924676,39.23761767505541,38.921821420722274,38.93059539794922,12372400
2024-11-29,38.930593212156715,39.053402116103975,38.64111221317389,38.895503997802734,9023100
2024-12-02,38.83410161709073,38.877961464226686,38.17619387117585,38.46567153930664,12783900
2024-12-03,38.51830664978163,38.96568245957334,38.33409327788457,38.4481315612793,15415900
2024-12-04,38.36040824923088,38.40426809752427,37.20249085356727,37.29898452758789,21431600
2024-12-05,37.360391343390454,37.606009186375296,37.29898688264424,37.32530212402344,16176900
2024-12-06,37.3077577067043,37.43056662882994,36.860381869490574,37.16740417480469,15685900
2024-12-09,37.25512021886424,37.80776026452074,36.983183837936146,37.158626556396484,15570300
2024-12-10,37.16739963177992,37.413020792300735,36.904237209921384,37.105995178222656,16337200
2024-12-11,37.009503878584596,37.24635107730667,36.74634143987961,36.83406448364258,13986100
2024-12-12,36.895465036658756,36.9831847248468,36.67616246989702,36.91300964355469,11232300
2024-12-13,36.8428297764378,37.193715208063324,36.67616103687599,37.08844757080078,13360400
2024-12-16,36.9831834082309,37.06213246330617,35.79895092839333,35.860355377197266,30228300
2024-12-17,35.667372110268005,36.07088806151838,35.53578922141633,35.77263641357422,15374000
2024-12-18,35.70245848505035,36.00948073954421,35.27262398246735,35.29894256591797,19199600
2024-12-19,35.13227454610927,35.4919306629018,35.02701023898004,35.06209945678711,17859100
2024-12-20,35.027008056640625,35.43052399740515,35.01823407958952,35.027008056640625,47590900
2024-12-23,35.02700741505562,35.20245014365457,34.939287723902005,35.0357780456543,21292300
2024-12-24,35.00069453994976,35.053325019678454,34.62349381919838,34.91297149658203,11712200
2024-12-26,34.93928691178813,35.237535193294754,34.860337853068245,35.053321838378906,12946400
2024-12-27,34.96560377552966,35.22876620140519,34.781390412045965,35.01823425292969,15168100
2024-12-30,34.91296483219816,34.948054042847225,34.562082764581426,34.73752212524414,15672000
2024-12-31,34.772613838971104,35.11472530169784,34.69366478247328,35.07963943481445,13549900
2025-01-02,35.11472305190599,35.57964673095745,35.07086321139319,35.272621154785156,22470200
2025-01-03,35.369120183025984,35.641056589569175,35.184906817121814,35.31648635864258,15229900
2025-01-06,35.34279912186952,35.37788833234479,34.71998069424427,34.74629592895508,27115000
2025-01-07,34.83401863734095,35.07086580920372,34.06207601751962,34.141021728515625,31517100
2025-01-08,34.13225028486869,34.20242871024815,33.71996040149312,34.158565521240234,22901600
2025-01-10,34.08536503608664,34.13000207728917,33.55863977648577,33.75504684448242,27338400
2025-01-13,33.8711032399562,34.05858426620661,33.69255507108994,34.03179931640625,19734000
2025-01-14,34.21928110431578,34.237133197129346,33.772903861038536,34.17464065551758,15740100
2025-01-15,34.19249487622886,34.45139448499635,33.98716176066469,34.085365295410156,27817100
2025-01-16,34.040725218710485,34.22820281982422,33.87109970815148,34.22820281982422,24678300
2025-01-17,34.29962152082615,34.79063915251986,34.23712898689925,34.62101364135742,24082100
2025-01-21,34.701366833399625,35.33522512344095,34.62994824353992,34.83528137207031,25717600
2025-01-22,34.719218695792186,35.12095886413806,34.451393052090886,34.77278518676758,31488900
2025-01-23,35.03168920892195,35.17452979730785,34.88884862053605,34.97812271118164,25153500
2025-01-24,35.808376838432345,36.31724653575141,35.147737133610875,35.29950714111328,37123900
2025-01-27,35.84409214827683,36.43330994278276,35.75481466087416,36.28153991699219,35520300
2025-01-28,36.24582797463643,36.43330899048769,36.022639370345345,36.06727981567383,21031900
2025-01-29,36.44223607400477,36.49580256657172,35.75481474454127,35.960147857666016,24238100
2025-01-30,36.022640034777105,36.022640034777105,34.960263484767815,35.23701858520508,27913500
2025-01-31,35.32629207611656,35.65661025747662,35.06739247734805,35.16559600830078,45178700
2025-02-03,35.09417419190623,35.81730302485564,34.95133363429754,35.692317962646484,27967100
2025-02-04,35.51376909871314,35.60304658245923,35.35307303355797,35.54055404663086,19190200
2025-02-05,35.82624053955078,35.9869366287304,35.54055936002885,35.82624053955078,16830500
2025-02-06,35.91551201053812,35.9690785048857,35.4155682800582,35.656612396240234,15370600
2025-02-07,35.674468820663414,35.8083833572155,35.326295112333746,35.603050231933594,15754800
2025-02-10,35.728031323091166,35.83516089700612,35.54947976284108,35.6655387878418,16737500
2025-02-11,35.692318345874696,36.1744065100755,35.54947778673233,36.14762496948242,15182700
2025-02-12,36.14762676321912,36.245826885462535,35.8440901342809,36.18333435058594,14440300
2025-02-13,36.2547566933512,36.70113389291359,36.08513117794132,36.638641357421875,17056700
2025-02-14,36.72791287720945,36.861827389986885,36.549361328702034,36.59400177001953,12438200
2025-02-18,36.531509143735505,36.79933819356074,36.254757453778254,36.7814826965332,16357700
2025-02-19,36.9153941835676,37.54032296340493,36.852901646142655,37.50461196899414,21039600
2025-02-20,37.49568483150198,37.96884357411142,37.38855525697655,37.933135986328125,19771700
2025-02-21,37.87956809203074,38.59377090503687,37.647450049311466,38.17417526245117,25465100
2025-02-24,38.16525210112153,38.95087695758642,38.00455603035399,38.67412185668945,27560600
2025-02-25,38.906245080271354,39.25441881127854,38.834823081301494,39.022300720214844,24356900
2025-02-26,38.87052925980499,38.96873279341452,38.18310793012623,38.549137115478516,18651400
2025-02-27,38.45986016380995,38.76339338237297,38.290234652745106,38.62948226928711,19212300
2025-02-28,38.77231744709976,39.066924579432616,38.040259232712394,38.47770690917969,25197500
2025-03-03,38.352731800721216,39.165138244628906,38.32595025599959,39.165138244628906,22334000
2025-03-04,39.281198186919816,39.70971994028836,38.22774759945991,38.27238464355469,32627500
2025-03-05,38.192027541099925,38.700897215347794,37.83492786747349,38.2455940246582,18038400
2025-03-06,38.3884389918815,39.566874521045726,38.263453921453134,39.48652648925781,22845900
2025-03-07,39.54902375936377,41.24525867547973,39.54902375936377,41.12027359008789,44992100
2025-03-10,41.120269534855204,42.280849591937745,41.120269534855204,41.504154205322266,39837000
2025-03-11,38.602709095547475,39.20085302261456,38.06705431032918,38.77233123779297,64142300
2025-03-12,37.584956406047965,38.29023315300759,36.75469459620184,38.02240753173828,49650800
2025-03-13,38.1831126658491,39.120504266004225,38.1831126658491,39.022300720214844,30708600
2025-03-14,38.531282966147124,39.075863740245246,38.397368432796156,38.89731216430664,17432100
2025-03-17,38.91516062704262,39.12049371029432,38.46878347069003,38.968727111816406,15560900
2025-03-18,39.0312232461848,39.66507804940737,38.852671686035244,39.48652648925781,16254400
2025-03-19,39.54901508094472,39.56687057573804,39.03121935428818,39.227622985839844,14373300
2025-03-20,39.245480066448046,39.245480066448046,38.72768431886864,39.05800247192383,18109300
2025-03-21,39.09371103477176,39.49545114493339,38.85266696867478,39.27226257324219,68445500
2025-03-24,38.95087831289046,39.40618159218228,38.8616008229199,38.88838577270508,18050000
2025-03-25,38.83481181719311,39.12942236910893,38.52234917630122,38.82588577270508,21483200
2025-03-26,39.02229882168728,39.57580907000905,38.8973137351592,39.44189453125,21684400
2025-03-27,39.70971529625856,40.39713659280668,39.5668747285075,40.13823699951172,21905200
2025-03-28,40.29000939633101,40.477487014021605,40.066820783198025,40.11145782470703,19530600
2025-03-31,40.441771952163926,40.888149133546726,40.290005345175835,40.495338439941406,27786900
2025-04-01,40.611402389255254,40.709602520383406,40.281080782921144,40.51319885253906,15710800
2025-04-02,40.50427018647812,40.65604022041693,39.81684882171689,39.941837310791016,21924100
2025-04-03,40.611403321971075,41.236328741630246,40.35250370206192,40.72745895385742,30474800
2025-04-04,39.9596829605548,40.88814829615707,38.20988526271114,38.415218353271484,42663400
2025-04-07,37.07608636586099,38.68304688999795,36.82611624236747,38.01348114013672,38812000
2025-04-08,38.388437242302125,38.58484429007403,37.210001766845906,37.6474494934082,29790200
2025-04-09,37.21000166349075,38.852669807380295,36.495798863014336,38.29023361206055,49426000
2025-04-10,38.54240989246331,39.22273011551468,37.961867062151235,38.932456970214844,36501700
2025-04-11,39.77605225700184,39.82140970441206,39.09573206929744,39.66720199584961,30144300
2025-04-14,39.821414477172475,40.501734746416055,39.558356475929216,40.18424987792969,24323000
2025-04-15,40.36566502275054,40.53801156029026,40.1116799231578,40.3475227355957,21795300
2025-04-16,40.583366272659774,40.71942822671811,39.47671105282511,39.558349609375,17271600
2025-04-17,39.694417637855416,40.34752619019949,39.53114396005716,39.94840621948242,16504800
2025-04-21,40.09354152904461,40.175180099024644,38.71475871398608,38.941532135009766,23802500
2025-04-22,38.08886240919502,39.612776498643164,37.68066959046448,39.177371978759766,37633800
2025-04-23,38.596833283476066,38.99595669545695,38.19771333178278,38.7328987121582,29402100
2025-04-24,38.7419683088895,39.12294943482605,38.53333718813589,38.832679748535156,16597300
2025-04-25,38.57869350530132,38.68754723944335,37.499253260551455,38.01629638671875,23361900
2025-04-28,38.097932342261956,38.53333686808187,37.970939788100424,38.451698303222656,16188500
2025-04-29,38.379139182756354,39.01410206226717,38.306570019219016,38.959678649902344,14712800
2025-04-30,39.50392543303358,40.10260706827444,39.340648308850845,39.96654510498047,29563000
2025-05-01,39.70349197951154,39.75791884764736,39.24087225107677,39.277156829833984,18921900
2025-05-02,39.4222885895723,39.82141200399112,39.295296034179984,39.67627716064453,15366500
2025-05-05,39.7397734853268,39.91212003066477,39.204588101049566,39.49485778808594,9210000
2025-05-06,39.522071261838306,40.19332210588453,39.39507870060226,40.048187255859375,12131500
2025-05-07,39.92119387706478,40.23867876145973,39.72163560774955,39.81234359741211,12826600
2025-05-08,39.73069613529711,39.966542392124445,39.46763817971555,39.558349609375,14967400
2025-05-09,39.47671105282511,39.803265279024664,39.29529165379344,39.558349609375,10878400
2025-05-12,39.050381762393194,39.19551661103655,38.37006151057349,39.005027770996094,20160000
2025-05-13,39.19551600866844,39.19551600866844,38.54241092995431,38.68754577636719,20069600
2025-05-14,38.80545957754492,38.95059440195658,38.324701120485166,38.415409088134766,20447500
2025-05-15,38.64218634303518,39.48578367587343,38.64218634303518,39.4404296875,14608000
2025-05-16,39.449498892171725,39.903045654296875,39.33157576513877,39.903045654296875,13407700
2025-05-19,39.98469389683719,40.24774845278079,39.79420158077649,40.19332504272461,14778600
2025-05-20,40.147964008553096,40.41102200133604,40.09354060334815,40.1116828918457,12189900
2025-05-21,39.94840266849912,40.12074920547561,39.52206757247249,39.68534469604492,16038600
2025-05-22,39.68534475248294,39.76698331438526,39.068520831507065,39.122947692871094,14947700
2025-05-23,39.431361143741235,39.440430557500974,38.878033476632275,39.29529571533203,12393400
2025-05-27,39.25901068441955,39.63999180337441,39.22272956951377,39.45857238769531,12873700
2025-05-28,39.41321736623769,39.48578305443561,39.05945141809012,39.122947692871094,12783000
2025-05-29,39.14108994178443,39.35879046645314,38.98688223154727,39.30436706542969,9960400
2025-05-30,39.34065003490726,39.96654685849788,39.268084343357515,39.87583541870117,26569500
2025-06-02,39.730699300589905,40.02096897805109,39.322506485320275,40.00282669067383,11873300
2025-06-03,39.84862729918692,39.95747757644069,39.55835758631825,39.75791931152344,13140900
2025-06-04,39.830483653228036,39.848625942200506,39.22273254394531,39.22273254394531,14360100
2025-06-05,39.32251082313656,39.37693769127238,39.03224111365462,39.277156829833984,12095900
2025-06-06,39.367866060252936,39.83955171638851,39.34972377189577,39.7307014465332,10135200
2025-06-09,39.594635009765625,39.86676238386384,39.46763900558498,39.594635009765625,13399400
2025-06-10,39.59464001006342,40.22960280971785,39.52207085565278,40.03004455566406,13724100
2025-06-11,40.08446652860907,40.27495882198515,39.63091971061504,39.67627716064453,14602100
2025-06-12,39.80327027758156,39.812339691542846,38.923388330967725,39.15016174316406,22370500
2025-06-13,38.995960291865025,39.25901483913643,38.932460548412855,39.01409912109375,13544100
2025-06-16,38.96874157962978,39.10480700847282,38.39727508317925,38.55147933959961,20449300
2025-06-17,38.82360405388186,38.841746340492946,37.925583358500724,37.96186447143555,23028200
2025-06-18,38.05257635434278,38.06164576761187,37.73509152532649,37.798587799072266,18654200
2025-06-20,37.92559034335398,38.18864489694382,37.78045548402276,37.825809478759766,37068100
2025-06-23,37.92558348052526,38.451695952790196,37.84394492065636,38.42448425292969,16014400
2025-06-24,38.44262587247277,38.76010723296042,38.34284502766599,38.66939926147461,16716300
2025-06-25,38.46077570790529,38.52427199246587,38.04350996042266,38.206787109375,15599700
2025-06-26,38.25213687201813,38.34284831156028,37.9890823480649,38.18864059448242,15870000
2025-06-27,38.234000280368434,38.506127694334026,38.07979255427232,38.37913513183594,21439600
2025-06-30,38.37913370315233,39.295296770132325,38.3519185405674,39.249942779541016,22796000
2025-07-01,39.38600278430214,39.80326847365105,39.195513957159434,39.621849060058594,19233200
2025-07-02,39.74883800477974,39.93932681463799,39.39507208353238,39.54020690917969,18313900
2025-07-03,39.67627532091653,39.70348702144237,39.38600218739526,39.50392532348633,10301300
2025-07-07,39.6399901909444,39.6399901909444,38.70568144930243,38.823604583740234,22039300
2025-07-08,38.82360578073762,39.22272918335971,38.58776296487799,39.059452056884766,16736200
2025-07-09,38.995953077751864,39.05944934916954,38.52426401844395,38.6512565612793,23519800
2025-07-10,38.594110868951766,38.879857887712966,38.345235113818575,38.74159240722656,19359300
2025-07-11,38.69550468586898,38.74159200680903,38.243844017924395,38.363670349121094,20174300
2025-07-14,38.336017357428865,38.566457470537664,38.23462314506306,38.32680130004883,15757300
2025-07-15,38.19775080674378,38.37288753816324,37.88435212109719,38.03183364868164,15653200
2025-07-16,38.0410567869905,38.206973960601275,37.93966256797977,38.022621154785156,17971300
2025-07-17,38.059488619026666,38.11479199388344,37.63547966935222,37.746089935302734,18411200
2025-07-18,37.773741176774,37.902787071565584,37.50642981399892,37.64469528198242,21079700
2025-07-21,38.66785590977038,39.70944631942702,38.41898013845928,39.16560745239258,47574000
2025-07-22,39.4052623110566,40.08736664440411,39.22090950342992,39.59883117675781,23521000
2025-07-23,39.08264308256091,39.515868087457314,38.760024826907824,39.488216400146484,23357200
2025-07-24,39.54352497526618,39.95831436754334,39.41447555776623,39.709442138671875,20411000
2025-07-25,39.65413524545761,39.82926846628048,39.40525950034906,39.709442138671875,16571500
2025-07-28,39.65413429836882,39.65413429836882,38.93516228494058,39.045772552490234,18243700
2025-07-29,39.101077747405874,39.617264880382606,39.082645632154176,39.36838912963867,13118500
2025-07-30,39.33151360672516,39.53430201490181,39.1287287147853,39.266990661621094,13313300
2025-07-31,38.98125324849005,39.73709659385851,38.85220733824236,39.41447830200195,25538700
2025-08-01,39.90301476069157,40.06893193977349,39.28543336827831,39.52509307861328,20841300
2025-08-04,39.45134938425965,39.66335388100572,39.20247362297409,39.58961486816406,13629900
2025-08-05,39.58961157997162,39.727873536155094,39.33151626586914,39.33151626586914,14863700
2025-08-06,39.45134532196402,39.45134532196402,38.999684684693314,39.03655242919922,17812000
2025-08-07,39.17482193268814,39.66335388100572,38.87063927459335,39.58961486816406,15543400
2025-08-08,39.72787309377104,39.967532774466285,39.663350145023166,39.773963928222656,13057000
2025-08-11,39.84770398813486,40.12423142097408,39.62648344835832,39.80161666870117,12914900
2025-08-12,39.949100859947045,40.234847885436736,39.829271008453006,39.86614227294922,12469300
2025-08-13,39.82005716181549,40.409983361566645,39.63570434533388,40.29015350341797,14327700
2025-08-14,40.33623284328998,40.36388804584182,39.93987911323958,40.09657669067383,10582800
2025-08-15,40.161105153083696,40.96303581251047,40.0320592442377,40.7786865234375,21239200
2025-08-18,40.88007514869683,41.11051526456601,40.76024882013559,40.91694641113281,12692100
2025-08-19,41.02755478606404,41.54374188760013,40.990687041569075,41.423912048339844,17944200
2025-08-20,41.552966272148986,42.170544137849234,41.4331364190141,41.53453063964844,20982100
2025-08-21,41.46078676283706,41.67279125535059,41.359392545496405,41.506874084472656,11866800
2025-08-22,41.617480463213724,41.87557223139301,40.78789475658514,40.96302795410156,19123700
2025-08-25,40.96303142799942,40.99990268836238,40.52058685235456,40.76946258544922,16021200
2025-08-26,40.658853393032196,40.944596877789785,40.327019073486724,40.52058792114258,17328200
2025-08-27,40.575895337250884,40.815551506553156,40.4468494371468,40.80633544921875,12046600
2025-08-28,40.64963659237033,40.732595177915464,40.27171492849522,40.49293899536133,15842800
2025-08-29,40.52980642556377,40.82476947599367,40.4929351652008,40.76946258544922,14792700
2025-09-02,40.70494224217943,40.99990531148067,40.1057965297779,40.37310791015625,21123700
2025-09-03,40.0965783806445,40.31780242919922,39.52508790321385,40.31780242919922,21828500
2025-09-04,40.62198301502426,40.94459776813263,40.49293711378092,40.7233772277832,14480500
2025-09-05,40.649634783308606,40.990688684392225,40.575895775126405,40.90773010253906,13406700
2025-09-08,39.61726535590195,40.207191505677756,39.58039409248166,39.9306640625,30273900
2025-09-09,39.96753344542867,40.317803398966646,39.95831387188878,40.161102294921875,15595500
2025-09-10,40.08736038208008,40.25327401516449,39.644912306398986,40.08736038208008,14807800
2025-09-11,40.19797623564919,40.69572775286528,40.10579807529217,40.68650817871094,15510600
2025-09-12,40.56667197186495,40.64041448859565,40.345451454146286,40.52980422973633,13723500
2025-09-15,40.60355452164874,40.78790734850534,40.34546267379211,40.43763732910156,15034700
2025-09-16,40.43762875243927,40.51137127403649,39.9122255928884,40.31780242919922,16173600
2025-09-17,40.43763126447869,40.93538276747006,40.428415206825,40.75102996826172,14414000
2025-09-18,40.44684919016232,40.51137213982035,40.170321760736876,40.25327682495117,16507300
2025-09-19,40.36389107975451,40.36389107975451,40.05970844247834,40.07814407348633,29164200
2025-09-22,39.98596865772686,40.11501455603823,39.61726307720549,39.783180236816406,18507700
2025-09-23,39.78317977350355,39.98596819205234,39.598826985389834,39.95831298828125,16796400
2025-09-24,39.820052299722065,39.995185520064915,39.59882824370845,39.80161666870117,21162400
2025-09-25,39.85692229524383,40.345454194943756,39.85692229524383,39.95831298828125,19012200
2025-09-26,40.234846421846385,40.290149800341666,40.05049362230868,40.197975158691406,12456200
2025-09-29,40.18875704669781,40.234847885436736,39.71866073120167,39.86614227294922,15854500
2025-09-30,39.856926304043185,40.52981105953541,39.81083546520122,40.511375427246094,24399100
2025-10-01,40.48371953487267,40.64042064855861,40.0504944902434,40.40076446533203,19921900
2025-10-02,40.17032697246797,40.29937288852656,39.838492607610156,40.00440979003906,21550100
2025-10-03,40.04127234518376,40.492936509027054,40.004404599834196,40.25327682495117,18016000
2025-10-06,39.866137698056576,39.98596753579938,38.11479151407493,38.197750091552734,75944200
2025-10-07,38.35444987789661,38.584889972316816,38.10557415397437,38.16088104248047,34001300
2025-10-08,38.289927541146334,38.289927541146334,37.847482974777954,38.08713912963867,35601000
2025-10-09,38.114791289056356,38.12401086218663,37.54330082327036,37.63547897338867,34868200
2025-10-10,37.73861858463143,38.07615711194304,37.33544796330711,37.36357498168945,38107700
2025-10-13,37.269813537597656,37.654231597056594,36.95102756804532,37.269813537597656,26453700
2025-10-14,37.316689681476184,38.04802423697341,37.279184611618824,38.019893646240234,22346100
2025-10-15,37.89800946371349,38.02927722728603,37.72924377819619,37.86050796508789,18233200
2025-10-16,37.89801276921269,38.03865502553837,37.672989451109,37.841758728027344,16751200
2025-10-17,37.97301409725869,38.12303080000781,37.70110770581332,38.019893646240234,20523500
2025-10-20,38.16054005557115,38.319931254927546,37.83237602334448,38.25429916381836,28079200
2025-10-21,38.094911093408676,38.23554976733092,37.62610836030582,37.785499572753906,29881700
2025-10-22,37.10104355020124,37.70111040414551,36.49159863978126,37.31669235229492,31009500
2025-10-23,37.30731827696602,37.37295036628519,35.99466933722145,36.00404739379883,52663600
2025-10-24,36.19156427557253,36.49159769477483,36.1353102448974,36.3978385925293,27485700
2025-10-27,36.388464553859095,36.83851468811535,36.35095948183427,36.782257080078125,27487200
2025-10-28,36.70725080593308,37.054163783232546,36.51972902099155,36.866641998291016,30719200
2025-10-29,38.37618396366964,38.74184944647626,37.194799321254116,37.701107025146484,53730200
2025-10-30,37.52296916846185,37.68236037233657,36.35096239874483,36.52910614013672,47371000
2025-10-31,36.54785496517266,37.46670775009329,36.36033318572998,37.26043701171875,52181800
2025-11-03,37.0447913878493,37.13855408298879,36.4165974254797,37.00728988647461,39851100
2025-11-04,37.10104333529779,37.19480243942828,36.72599976541473,36.866641998291016,33632800
2025-11-05,36.876023246924326,37.28856834816365,36.8103875763345,37.213558197021484,22947100
2025-11-06,37.05416450946781,37.401077493566525,36.92290033044022,37.335445404052734,30949700
2025-11-07,37.44795637887895,37.80424741323043,37.18542802550448,37.53234100341797,28389500
2025-11-10,37.41045811456786,37.64485947223638,37.101046605638594,37.36357498168945,22414400
2025-11-11,37.551092823382284,38.23554428639696,37.541718343803666,38.16053771972656,25360900
2025-11-12,38.23554662683277,38.40431588302233,38.198045129542315,38.25429916381836,17834000
2025-11-13,38.29180612521026,39.12627439045619,38.19804701234162,38.544960021972656,30487400
2025-11-14,38.74185321258666,38.83561231797134,38.11365933781196,38.498077392578125,29368500
2025-11-17,38.49807789316616,38.704348643030706,38.32930863993475,38.451194763183594,21620800
2025-11-18,38.469945478209006,38.91062112707752,38.43244398335164,38.891868591308594,24067500
2025-11-19,38.910623557159475,39.013760721989534,38.3855632528795,38.619964599609375,21895000
2025-11-20,38.5824621566496,38.85436499391385,38.11365947468147,38.216793060302734,32173600
2025-11-21,38.13241038486012,39.013761761114765,37.89800903188701,38.657470703125,32037600
2025-11-24,38.769976460021304,38.87311361192682,37.64485299805639,37.701107025146484,44805100
2025-11-25,38.057403564453125,38.25429984126755,37.88863430527482,38.057403564453125,24375300
2025-11-26,38.05740114733664,38.41369218038202,38.02927413148693,38.329307556152344,15186100
2025-11-28,38.27305358730035,38.56371255988257,38.169916417136314,38.544960021972656,9926300
2025-12-01,38.404314569668124,38.526204267565674,38.14178621420933,38.19804382324219,19655900
2025-12-02,38.20742080252737,38.216795282972484,37.84175526159421,38.07615661621094,23194100
2025-12-03,38.19804762887161,38.7418569303126,38.123037476021295,38.13241195678711,19910700
2025-12-04,38.31056023719689,38.76998491648298,38.13241290807364,38.68560028076172,28382300
2025-12-05,38.6855973955144,39.43568458006317,38.666848434913376,39.088768005371094,27802700
2025-12-08,39.14502571780273,39.14502571780273,38.366811513671976,38.72310256958008,22932000
2025-12-09,38.657468969589104,38.89187031205084,37.60735195683107,37.63547897338867,31770600
2025-12-10,37.69173879928016,37.74799283570284,37.204183549092114,37.42920684814453,40053400
2025-12-11,37.50421304941313,38.01989526350647,37.47608603416383,37.710487365722656,21895000
2025-12-12,37.71048643113167,38.42306488767105,37.597971219561984,38.338680267333984,20600000
2025-12-15,38.34806184874628,38.73247991524899,38.25429916381836,38.25429916381836,34725800
2025-12-16,38.34806259089447,38.4418217009562,38.11366123905937,38.207420349121094,22709800
2025-12-17,38.235544875519054,38.348060092279,37.944889507257244,38.329307556152344,22316100
2025-12-18,38.235546721417045,38.35743642378451,37.86988119099537,37.888633728027344,18822600
2025-12-19,37.635478835167405,37.72924151781613,37.326070924128175,37.335445404052734,53345100
2025-12-22,37.24168636674583,37.56047233497798,37.185428757052875,37.4854621887207,21111600
2025-12-23,37.50421699894924,37.69173879928016,37.38232729223202,37.42920684814453,19761800
2025-12-24,37.438587059996166,37.823005163292144,37.40108198243532,37.80425262451172,7949500
2025-12-26,37.7573655269264,38.01051938489352,37.7573655269264,37.954261779785156,11875400
2025-12-29,37.982388793999164,38.16053608850214,37.86050268128489,37.954261779785156,16846700
2025-12-30,37.9542634021921,38.22616980681835,37.89800579467893,38.16053771972656,15581300
2025-12-31,38.169914760267375,38.40431610894504,38.132409686075576,38.18866729736328,17454800
2026-01-02,38.22616921260791,38.34805890531813,37.78549356897277,37.99176788330078,30856800
2026-01-05,37.90738184869627,37.99176646716864,37.34482011000066,37.7198600769043,43091700
2026-01-06,37.823004649805576,37.93551630427958,37.49484416730598,37.785499572753906,32758400
2026-01-07,38.01989881924797,38.25430017272876,37.49484207652672,37.62610626220703,26834100
2026-01-08,37.66360314768939,38.18866340278544,37.56046956920087,38.03864669799805,28103000
2026-01-09,38.038645880981,38.216789596377126,37.77611754741191,37.935508728027344,32108600
2026-01-12,37.98320711477587,38.21213814267548,37.68750529514205,38.00228500366211,31259300
2026-01-13,38.0022873524663,38.078595273992356,37.01025890147918,37.2105712890625,37255500
2026-01-14,37.315495933802076,38.01182251084078,37.296418044724064,37.99274826049805,25714700
2026-01-15,37.99274724891369,38.02136226240117,37.42996227167035,37.54442596435547,26483000
2026-01-16,37.296419278066935,37.534887441325,37.1056476584488,37.11518478393555,38980200
2026-01-20,37.0961056233423,37.410885334651816,36.89579324636457,37.27734375,30650900
2026-01-21,37.29641693861761,37.50627007351682,37.16287535776727,37.429962158203125,21158800
2026-01-22,37.50627409946026,37.859205977982235,37.43950330186788,37.65889358520508,18880500
2026-01-23,37.6302735838114,37.73520014862415,37.258263864009905,37.697044372558594,21849400
2026-01-26,37.84966454284958,37.9641282344425,37.706582199307064,37.79243087768555,21081800
2026-01-27,37.83058820068617,37.84966608985395,37.38226690208183,37.50627136230469,26108800
2026-01-28,37.59212112426758,38.02136454603693,37.54442821934552,37.59212112426758,24412500
2026-01-29,37.754280689781,38.44106651354848,37.65889124291375,37.973670959472656,44347500
2026-01-30,40.07218555801048,42.57133434206834,39.47124845140123,42.466407775878906,123584700
2026-02-02,42.52364633618774,43.38212957534738,41.85593472435099,42.55226135253906,64539400
2026-02-03,42.58087588264607,44.60308494680794,42.44733428955078,44.11661148071289,60299100
2026-02-04,44.62215866030881,45.35664099231877,44.04029579737007,44.841548919677734,46213100
2026-02-05,45.032325251419685,45.38526073862838,44.49815891615939,44.927398681640625,42866500
2026-02-06,44.80339531322145,45.070478465659775,43.93537142906185,44.1738395690918,36094600
2026-02-09,44.03075847051868,44.89878237914219,43.70644164538818,44.85108947753906,26954800
2026-02-10,44.85108961443485,45.58557194531734,44.612621466956185,45.20402145385742,32147000
2026-02-11,45.00371062588231,46.873300092903264,44.994169861964444,46.711143493652344,48933100
2026-02-12,46.64437293358985,47.922562399806914,46.64437293358985,47.17853927612305,56131100
2026-02-13,46.89238045212594,47.149926510445724,46.38682909990681,46.749298095703125,31998500
2026-02-17,47.025920752015544,47.21669600909228,46.529906539110165,46.67298889160156,24327500
2026-02-18,46.396365025062856,46.69206685594202,45.62373050883127,45.833580017089844,29318100
2026-02-19,46.63483428705326,46.88284321912036,46.253287402024945,46.396366119384766,26530600
2026-02-20,46.76837257090673,47.06407438784597,46.29143626930259,46.97822570800781,25456700
2026-02-23,47.073613681943215,48.151490792082015,46.97822787272118,47.38839340209961,30113000
2026-02-24,47.48377755562308,47.769942250781746,47.11176781839912,47.560089111328125,23816700
2026-02-25,47.35977679748602,47.55054840952698,46.90191474012898,46.95914840698242,21693000
2026-02-26,46.98776231530628,47.20715621371398,46.61575258635131,46.634830474853516,23662600
2026-02-27,47.08315562141739,47.83671590478245,46.95915115534498,47.82717514038086,34693500
2026-03-02,47.674556732177734,47.941639921669335,47.34070274531323,47.674556732177734,23725700
2026-03-03,47.436084344569096,48.74288879828039,47.092689623597316,48.52349853515625,31586900
2026-03-04,48.084719467872745,49.03859210452068,47.83671418338783,48.838279724121094,22816000
2026-03-05,48.61889004028201,48.95274401163817,48.01794925310554,48.8192024230957,27534300
2026-03-06,48.733351691475654,48.88597116321629,48.084718026894166,48.761966705322266,23562600
2026-03-09,48.647504435672445,48.74289024377767,48.03702653083421,48.12287521362305,29057400
2026-03-10,47.9893332587232,48.47580669830533,47.712709323110175,48.370880126953125,20031300
2026-03-11,48.53304134007533,48.53304134007533,47.75086605995938,48.34226608276367,21554200
2026-03-12,48.122873563162564,48.59980986480196,47.512395679261765,48.29457092285156,26296100
2026-03-13,48.59980992235518,49.28659572318928,48.59980992235518,49.00997543334961,21780900
2026-03-16,48.99089859648947,49.08628440348424,48.409035713109624,48.61888885498047,20017500
2026-03-17,48.93366331839177,48.93366331839177,48.03702439045397,48.18964385986328,23765200
2026-03-18,48.046559248870714,48.151485811402814,47.102227463551806,47.30253982543945,32972500
2026-03-19,47.30254314704854,47.970254705629415,46.65390947742543,47.19761657714844,31234700
2026-03-20,47.4456293236808,48.13241518790715,47.20716115056742,47.674556732177734,67321800
2026-03-23,47.73178748194476,48.40903617883493,47.33115908349479,48.24687957763672,26390300
2026-03-24,48.218262212270304,49.29613933640247,48.151491417200965,48.5616569519043,20264600
2026-03-25,48.31364899911906,48.48534635947459,47.970254278408,48.04656219482422,21920200
2026-03-26,48.23733774948357,48.88597141743816,48.10379616585797,48.399497985839844,24423300
2026-03-27,48.64750105489911,49.076744439012884,47.96071164031707,47.98933029174805,26273400
2026-03-30,48.523496809848176,48.57118971079065,47.83671103105929,47.97978973388672,23797600
2026-03-31,48.218261010482784,48.218261010482784,47.4456265042988,47.88440704345703,30514900
2026-04-01,47.760404337143115,47.855790148731494,46.90191747790581,47.11177062988281,28398900
2026-04-02,47.51239498916137,47.59824366775895,47.00684004242667,47.121307373046875,22737800
2026-04-06,47.12130735012087,47.43608341233541,46.76837187231634,46.88283920288086,17542700
2026-04-07,46.83514341709212,46.959147874500836,46.29143632372303,46.37728500366211,21945900
2026-04-08,45.67142379449392,45.93850697381583,44.94647853814101,45.82404327392578,34143200
2026-04-09,45.604653200048254,45.948044301227235,45.08002032588156,45.57603454589844,29376900
2026-04-10,45.59346167141349,45.60314224240788,44.4896919048187,44.57683181762695,25248600
2026-04-13,44.62524102799135,44.62524102799135,43.60861119770477,43.976531982421875,32920900
2026-04-14,43.347190992462544,44.03462600708008,42.863081202991395,44.03462600708008,31187400
2026-04-15,43.88939537321894,43.947486184253165,43.50210606348935,43.59892654418945,26230300
2026-04-16,43.79257241929791,45.370771414244,43.608612023455976,45.293312072753906,26004100
2026-04-17,44.64460619755145,45.39981630111545,44.61556079155734,45.070621490478516,20004700
2026-04-20,45.10935338156944,45.47727788062166,44.78983912604558,44.96411895751953,16608100
2026-04-21,45.04157730565492,45.52568711716007,44.663972243635264,44.799522399902344,28978400
2026-04-22,44.421917308118495,44.68333704937188,43.73447856920858,44.51873779296875,22129500
2026-04-23,45.00284947325188,46.00979880876105,44.828569638511254,45.71933364868164,22750200
2026-04-24,45.56441453948791,45.835514838640776,44.90602493286133,44.90602493286133,26602300
2026-04-27,45.92265602624603,47.10388512279816,45.25458583039826,45.60314178466797,37920100
2026-04-28,46.464857900918894,46.64881828605395,45.11902962184374,45.73869323730469,28369800
2026-04-29,45.68060038393297,46.01947576180273,44.78983644380235,45.12871551513672,24195700
2026-04-30,45.37077066580914,46.52295065048277,45.341725259961834,46.50358581542969,34708800
2026-05-01,46.75532688723651,46.94897155221153,46.290581907375326,46.58104705810547,24123000
2026-05-04,46.30025954338656,46.35835404723563,45.825834022411705,46.058204650878906,18080100
2026-05-05,46.02916254990064,46.27121745978426,45.699967724720324,45.83551788330078,15148100
2026-05-06,45.670918966747514,46.09693797515752,45.41918348370375,45.93233871459961,19336400
2026-05-07,45.72901023299503,46.13566437642127,45.564414677571854,45.59346008300781,18839600
2026-05-08,45.70964938371555,45.95170429935921,45.45791389657071,45.71933364868164,16349800
2026-05-11,45.99043127240872,46.46486050434329,45.47727606327791,45.72901153564453,18560100
2026-05-12,46.18407871928633,46.64882371486897,45.76774396821889,46.406768798828125,18131900
2026-05-13,46.368037780327434,46.74564284743947,45.67091846044996,45.70964813232422,21212800
2026-05-14,45.95170059576397,45.99043026557701,45.41918056296073,45.564414978027344,16585100
2026-05-15,45.971067611988666,45.98075187663375,44.8672978241955,44.89634323120117,23356600
2026-05-18,45.11903367501801,45.52568784377442,44.35414296766502,45.273948669433594,25427400
2026-05-19,45.32236050567589,46.27121526418002,45.302995670588295,46.22280502319336,24593800
2026-05-20,46.213122536657906,46.561682194713775,45.98075189359719,46.300262451171875,16714600
2026-05-21,46.096937106948,46.745642485223655,45.874247035593754,46.7359619140625,15841900
2026-05-22,46.9586499426967,46.9780147776414,46.522950390102466,46.81341552734375,14717700
2026-05-26,46.755326132827214,47.14261176306353,46.33899140256126,46.948970794677734,23013700
2026-05-27,46.89087338032958,47.40402856296713,46.590723988400626,46.706912994384766,15109800
2026-05-28,46.939286816211386,46.948971080768516,46.251851771244546,46.484222412109375,20714100
2026-05-29,46.532635651309796,46.629456134643156,45.83551635222263,46.29058074951172,40404700
2026-06-01,45.99042944955908,46.5132689023645,45.96138404444696,46.21311950683594,14647700
2026-06-02,46.26153104821981,46.61009069323121,45.76774068009675,46.348670959472656,14902900
2026-06-03,45.94202108325372,46.038841566551845,44.67365206864595,45.16744613647461,27861900
2026-06-04,45.641874594222514,45.83551926666678,42.89213058721573,43.44401550292969,33072500
2026-06-05,43.80225377804891,44.64460374681972,43.569879462458104,43.92811965942383,23121400
2026-06-08,43.860345238576905,44.37350411587124,43.666700588284584,43.99589538574219,18994700
2026-06-09,43.85066677777081,44.625241722740306,43.36655697548179,44.32509231567383,24758100
2026-06-10,44.9834832004311,45.53536809499937,44.489692813409675,45.45791244506836,25239500
2026-06-11,45.845196819019364,46.53263554559735,45.40950095154439,45.44822692871094,26889400
2026-06-12,45.903292577425276,46.677867543860586,45.506322676285635,46.58104705810547,21956900
2026-06-15,45.816151581828805,46.232486308989024,45.52568643795218,45.5740966796875,24208500
2026-06-16,45.60314379890778,45.89361264715922,44.83825308644484,45.244903564453125,20698400
2026-06-17,45.03189169550211,45.12871587098882,43.792571796989336,44.38318634033203,33481500
2026-06-18,44.334773788341614,44.5961935083321,43.918439089112084,43.92811965942383,66305300
2026-06-22,43.92812615890226,44.431600839287945,43.71512033934812,43.9184455871582,19293000
2026-06-23,44.25731908340678,45.3610888876748,43.957173357295375,45.244903564453125,23019100
2026-06-24,44.9834815880911,45.31267639879434,43.98621658513629,44.228271484375,25280100
2026-06-25,44.09272171368511,44.78983731797503,43.889396482994904,44.60587692260742,17584000
2026-06-26,44.731744986442656,45.10935002874856,44.538100333257326,45.06093978881836,38132700
2026-06-29,44.1217664950302,44.392866798777476,41.42043294795538,42.698482513427734,55387600
2026-06-30,42.814669044219485,42.950219188243096,40.66522049337532,40.994415283203125,60542600
2026-07-01,41.042829920662925,41.439799825053676,40.17143446133592,40.65554428100586,57139600
2026-07-02,40.897597998437405,41.71090261950892,39.464629723744736,41.207427978515625,59019100
2026-07-06,41.53662581756667,41.7883613096553,40.306986378732475,40.733001708984375,55342900
2026-07-07,41.34297783089405,42.11755277542737,41.07187383020889,41.236473083496094,34682400
2026-07-08,41.12996703615366,41.86581598030174,40.907276977480166,41.100921630859375,23082100
2026-07-09,40.85886859547166,40.99441875096159,40.33602911561215,40.89759826660156,28215800
2026-07-10,40.97440404059573,41.79172376124628,40.708527864549666,41.47661209106445,27705400
2026-07-13,42.00836596343339,42.195462350491276,41.703099878460215,42.02806091308594,24782000
2026-07-14,41.98867142807071,42.156076623555336,41.56523939743191,41.82126998901367,17515400
2026-07-15,41.62432250258847,42.677977858460466,41.565237655523966,42.1757698059082,23029200
2026-07-16,42.34317304389623,43.544538690454296,42.2348526978718,43.20973205566406,25260300
2026-07-17,43.95812043260316,44.33231695915152,42.609048325440604,42.92416000366211,31014400
2026-07-20,42.61889246207309,42.99308897580366,42.48103157712693,42.835533142089844,21344400
2026-07-21,42.58935264202211,43.19988103850112,42.23485107102544,43.11125564575195,20340100
2026-07-22,44.35201186967984,44.43078791095235,43.48545287711725,43.613468170166016,23734300
2026-07-23,43.48545283677624,43.899039261462605,43.111256310903336,43.1506462097168,28013500
2026-07-24,43.40667654274115,45.730624212786445,43.062020564772155,45.67154312133789,40755200
2026-07-27,45.671543148822316,46.83351886275796,45.61245830091072,46.59718322753906,30409500
2026-07-28,47.11908513665532,48.261365874621895,47.06984964275875,47.45389175415039,29692600
2026-07-29,47.73946626070444,47.79855111142369,45.001932036649436,46.498714447021484,41396200
2026-07-30,45.691237477705535,46.370696315539135,45.03146983248094,45.40566635131836,20937900
2026-07-31,45.19887499748307,46.19344550652561,44.7754429844893,46.094974517822266,28291300
2026-08-03,46.59718389233421,47.079700766094184,46.42978245550429,46.636573791503906,23007900
2026-08-04,46.282072038049975,46.360851836093566,45.356431949602886,46.16390609741211,23748600
2026-08-05,45.29734805076938,46.193447611951406,44.401248489587346,45.760169982910156,39580600
2026-08-06,46.47901958423176,46.754741375251704,45.86849115136145,46.2722282409668,24297000
2026-08-07,45.63215286265187,46.341156005859375,45.38597163308565,46.341156005859375,20545000
2026-08-10,46.02604380738341,46.40023656742685,45.39581671148555,46.31161117553711,15462500
2026-08-11,46.18359976516078,46.725197714182855,46.08512502033932,46.54794692993164,13314600
2026-08-12,46.1737532949687,46.36085344359593,45.89803150511087,46.26237869262695,12120500
2026-08-13,46.311611531975124,47.50313153353611,46.28207098659365,47.483436584472656,17937300
2026-08-14,47.71976885692522,47.86747909791491,47.45389267700026,47.739463806152344,15062300
2026-08-17,47.50313274768192,47.93641036886999,47.26679710930727,47.32588195800781,14466200
2026-08-18,47.82809019834351,48.261367821106745,47.67053435766346,47.79854965209961,14376300
2026-08-19,47.85762885017725,48.84235375455478,47.84778325396153,48.606021881103516,17796000
2026-08-20,48.527243099802014,48.83250917885244,48.389382211336496,48.43861770629883,12546300
2026-08-21,48.61586894486234,48.96052492565488,48.418923206756254,48.69464874267578,15078100
2026-08-24,48.734038603437554,49.51196844588506,48.606023310304664,49.38395690917969,19498700
2026-08-25,49.23624826307913,49.56120930470072,49.02945692191683,49.48242950439453,21337600
2026-08-26,49.54151335652582,50.00433152650371,49.315027069849926,49.423343658447266,20720800
2026-08-27,48.80296875305189,49.137775378616716,48.369687380893005,48.67495346069336,16389700
2026-08-28,48.79311884427436,49.56120683324718,48.78327324794087,49.334716796875,15790100
2026-08-31,49.29533319856106,49.768000731932744,49.14762295094531,49.255943298339844,21403000
2026-09-01,49.72860771965812,50.15203972946841,49.47258089709784,49.53166198730469,20187700
2026-09-02,49.72861027437259,50.06341690964527,49.38395804236877,49.45288848876953,18674600
2026-09-03,49.83692898855156,50.043720320982096,49.383956425200644,49.81723403930664,17998500
2026-09-04,49.777844431651076,49.935400270103564,49.31502626918735,49.374107360839844,13418500
2026-09-08,49.216552105669905,49.87631976955276,49.00976076958041,49.639984130859375,16036300
2026-09-09,49.42334401820138,49.52181876731697,48.07427188495216,48.980220794677734,22574700
2026-09-10,49.246093143885226,49.836930368308224,49.0196068559394,49.20670700073242,18475800
2026-09-11,49.531663240595776,50.043720655100245,49.45288719951759,49.83692932128906,16456300
2026-09-14,50.16188622887951,50.70348794171007,50.142191279646816,50.50654220581055,18116700
2026-09-15,50.32929400566534,50.88073758681081,50.32929400566534,50.664100646972656,18718100
2026-09-16,50.467154102352104,50.772420191675394,48.57648398589558,48.99991226196289,24326800
2026-09-17,49.13777660198364,49.22640199791102,47.58190937490898,47.591758728027344,28685200
2026-09-18,46.77443510314715,47.45389396601578,46.47901836957068,47.35542297363281,45527600
2026-09-21,47.44404934401568,47.61145078579125,46.83352091455824,46.95168685913086,19992500
2026-09-22,47.05015693171939,47.0600062848236,45.46474916042351,45.740474700927734,32681100
2026-09-23,45.88818232516272,46.39039416593269,45.454904688545284,45.80940628051758,20933700
2026-09-24,46.20329175431673,47.040310195807315,46.20329175431673,46.59718322753906,21038900
2026-09-25,46.50855777278551,46.58733756989747,46.183600500767355,46.3608512878418,13417600
2026-09-28,46.32146248955172,46.380543582361554,45.72077966980125,45.96696090698242,16944000
2026-09-29,45.84879501444076,46.19344724429551,45.277652740478516,45.277652740478516,19114200
2026-09-30,45.38597127931021,45.632152506957496,45.031469710469736,45.16933059692383,19960700
2026-10-01,45.15948679830368,45.494293431488686,45.09055635233273,45.277652740478516,22383700
2026-10-02,45.34658218698186,45.68138881278752,45.09055535850813,45.21856689453125,19763100
2026-10-05,45.23826070649787,45.31704050184913,44.765593203672516,45.149635314941406,22510900
2026-10-06,45.26780714380877,45.277652740478516,44.59819387743876,45.277652740478516,21486900
2026-10-07,45.563224295821094,45.86849038537224,45.051166866458345,45.07086181640625,15893000
2026-10-08,45.35643092065474,45.83894402522921,45.02162429941988,45.641998291015625,22781500
2026-10-09,42.83000183105469,43.400001525878906,40.810001373291016,41.650001525878906,95070900
