Date,Open,High,Low,Close,Volume
2015-01-02,24.96161447648256,25.297690296061447,24.85064385476464,25.215255737304688,55498200
2015-01-05,24.86332025612165,24.872831468495615,24.04849333744603,24.172143936157227,90790400
2015-01-06,24.130933104813483,24.327507072525904,23.649010609429915,23.81705093383789,83753200
2015-01-07,24.105566893885307,24.21019508461677,23.709250188622363,23.86777687072754,62384800
2015-01-08,24.06117867752395,24.460666578139726,23.962892912509993,24.403596878051758,56373800
2015-01-09,24.419447584033225,24.460666067023045,23.991426051779722,24.210193634033203,49904200
2015-01-12,23.902650482391067,23.902650482391067,23.385854422553763,23.512676239013672,57881200
2015-01-13,23.607792217989154,23.791683742055096,23.106847343019904,23.32561492919922,68102800
2015-01-14,23.103680755594795,23.433416562267276,22.732726461259922,23.398540496826172,104305000
2015-01-15,23.674375491850675,23.73461640858463,23.0814872146599,23.100509643554688,82692000
2015-01-16,23.236844331478917,23.883633567637055,23.217821901244285,23.8519287109375,85483800
2015-01-20,23.728268365207896,23.89313743965707,23.43975111330899,23.880455017089844,56171600
2015-01-21,24.054843812997703,24.371897232559906,23.88046346466824,24.365554809570312,56661600
2015-01-22,24.52090852984773,24.555784596984765,24.03264842778018,24.479692459106445,66037600
2015-01-23,24.368726643009374,24.654075211683217,24.267269642917086,24.305316925048828,42294800
2015-01-26,24.387740047326982,24.717475780304454,24.172143699569588,24.65406608581543,36724200
2015-01-27,24.46066123245915,24.75552088198693,24.400420334718927,24.63821029663086,43204600
2015-01-28,24.57163320396238,24.57163320396238,23.62047320897029,23.668031692504883,77666800
2015-01-29,23.85826164732987,23.889966494637708,23.21147260276583,23.74729347229004,60247400
2015-01-30,23.569743918183946,24.226046648128165,23.411217249638963,23.953380584716797,87696200
2015-02-02,24.248244847487776,24.69528887905889,24.083375726581423,24.68577766418457,70931400
2015-02-03,24.971123061508266,25.49109037320125,24.961611847831282,25.36109733581543,94055800
2015-02-04,25.03136145132338,25.174036912665823,24.733332941996657,24.94258689880371,82264400
2015-02-05,25.23744352191088,25.443528661521253,25.085259284514645,25.30085563659668,63572400
2015-02-06,25.500606068015177,25.54499335225789,25.180381444042254,25.30720329284668,52269200
2015-02-09,25.414997949385935,25.62425190462221,25.275493699945006,25.332563400268555,40407600
2015-02-10,25.37695305222457,25.399146692265866,24.8601569090199,25.319883346557617,43942600
2015-02-11,24.996485404736053,25.256471478603483,24.869665997583823,25.142332077026367,52393200
2015-02-12,25.484741671296977,25.589369833810704,25.300852608032162,25.47205924987793,52844600
2015-02-13,25.722546623887506,26.039600087399165,25.655965686821173,26.011066436767578,62375800
2015-02-17,25.887410420726003,26.1347116840447,25.73522372541617,26.09032440185547,44251800
2015-02-18,25.877892129465078,25.9825178837722,25.709851842641935,25.779603958129883,38762800
2015-02-19,25.243792819874123,25.804976278905833,25.129653401270133,25.65913200378418,47744000
2015-02-20,25.58938472952562,25.719377810547094,25.323060981470825,25.535486221313477,51283600
2015-02-23,25.28501620211951,25.636945774747748,25.221606470750505,25.43086051940918,39359000
2015-02-24,25.58620415424559,25.608397791794992,25.33573413858448,25.500600814819336,30861400
2015-02-25,25.519620578984075,25.681318446501738,25.39279876953737,25.64010238647461,32051400
2015-02-26,25.487919347713024,25.500601772349626,25.031361736496045,25.164525985717773,38698200
2015-02-27,25.262812829292074,25.281835257594825,25.028194010832163,25.053556442260742,26724400
2015-03-02,25.002825791313555,25.02501942765123,24.63821397811607,24.879175186157227,35957000
2015-03-03,24.89503770308945,25.120147798184327,24.78406947102397,24.971132278442383,24699400
2015-03-04,24.977462937313973,24.996485364571218,24.660409582092573,24.936246871948242,33205600
2015-03-05,24.872836700959905,24.904543974109764,24.749186076236498,24.787233352661133,22489000
2015-03-06,24.612851963847863,24.739673794198207,24.28311617250705,24.34335708618164,38352600
2015-03-09,24.30213764493974,24.581143697829535,24.168975830078125,24.168975830078125,34882200
2015-03-10,23.975574548619726,24.11507637397333,23.820216669700326,23.83289909362793,38061200
2015-03-11,23.874115288871565,24.000934678147672,23.73143984754875,23.90264892578125,26102000
2015-03-12,23.94069690152799,24.05483629038991,23.740951761557188,23.750465393066406,38490000
2015-03-13,23.595112651515105,23.69022963587668,23.404881101717354,23.661693572998047,42023800
2015-03-16,23.531699356575583,24.000936946668087,23.458776023816934,23.981914520263672,33897000
2015-03-17,23.836074190481625,23.97874724980925,23.71559477191442,23.889972686767578,27872600
2015-03-18,23.73461504782889,24.714308782548063,23.6965677732953,24.584318161010742,55507400
2015-03-19,24.28628551164156,24.390913695035923,24.124587629934354,24.194339752197266,46481800
2015-03-20,24.46087655890293,24.69389916938907,24.36511574384774,24.550256729125977,45221200
2015-03-23,24.604527239484945,24.77051415262502,24.464075088500973,24.464075088500977,24320200
2015-03-24,24.52790467088642,24.56621045002084,24.28530870911544,24.301267623901367,29561800
2015-03-25,24.454507205324223,24.802442502104803,24.428969999497575,24.6173038482666,31797000
2015-03-26,24.901384612046503,24.97799375123558,24.49918236942276,24.588560104370117,30637200
2015-03-27,24.49599203761955,24.543873667614946,24.336388227875478,24.387462615966797,23934600
2015-03-30,24.623675712229776,24.95884468873881,24.614099873248527,24.91096305847168,36375600
2015-03-31,24.72263299041845,24.89819818251659,24.578990513509968,24.764131546020508,18807400
2015-04-01,24.84393509022472,24.971618653261217,24.706675686148724,24.757747650146484,26586600
2015-04-02,24.642825687035604,24.952457447954256,24.58536822175832,24.808815002441406,27715400
2015-04-06,24.95245998315496,25.392968073490533,24.837545040924894,25.255708694458008,31086600
2015-04-07,25.233358410129807,25.444034131822736,25.163132357778697,25.27166175842285,28284200
2015-04-08,25.38977557630784,25.450425806264196,25.057799343714674,25.06737518310547,24091400
2015-04-09,25.134408794458935,25.527035261698792,25.11206435715982,25.46957778930664,27750200
2015-04-10,25.53660995553169,25.622794942572813,25.428080532193913,25.581298828125,17701000
2015-04-13,25.693013061299148,25.72812608395442,25.284427818067023,25.325923919677734,19880600
2015-04-14,25.491916786283106,25.84304462691699,25.459996516291024,25.782394409179688,27440200
2015-04-15,25.929231136005285,26.452731338882874,25.878156757499955,26.39846420288086,40013800
2015-04-16,26.299510454792227,26.567646069349088,26.130330839057255,26.33781623840332,42555000
2015-04-17,26.213334587605534,26.248447625934144,25.938815798142528,26.14630126953125,33834800
2015-04-20,26.175032245372908,26.532545757649626,26.16545640372147,26.245258331298828,25420800
2015-04-21,26.312275909504148,26.328237259610876,25.859001816650192,25.967531204223633,23640800
2015-04-22,26.03457255315079,26.23886523390773,25.862200147131965,26.139911651611328,20259000
2015-04-23,26.19737034167412,26.48785045666384,26.168642823678724,26.318668365478516,25151600
2015-04-24,26.23887332539684,26.264410527206778,26.044156423478857,26.168649673461914,23015200
2015-04-27,26.277171024809977,26.356972929335683,26.095222779905804,26.139911651611328,22651200
2015-04-28,26.133526920867613,26.318665476804277,26.050532263499708,26.27078628540039,22250800
2015-04-29,26.17821919533375,26.513385755567015,26.095224527168885,26.475082397460938,31806200
2015-04-30,26.5740342744181,26.615530388146738,26.242058058506387,26.392086029052734,33104200
2015-05-01,26.417622868441057,26.497424772097833,26.24205770625181,26.452735900878906,22709200
2015-05-04,26.516572152883985,26.605949880838974,26.25162929118853,26.385698318481445,28868400
2015-05-05,26.58361623494624,26.70491671669654,26.05053997309426,26.060115814208984,32152600
2015-05-06,26.293125195659375,26.39846182997741,25.836658329080596,25.957956314086914,32777200
2015-05-07,25.90689287558266,25.913275956736147,25.485536458622747,25.67706298828125,34793200
2015-05-08,25.88135977284459,26.1271486195766,25.58768928612647,26.098421096801758,29030400
2015-05-11,26.123951117923937,26.136719715292813,25.581299124231982,25.606836318969727,36288800
2015-05-12,25.568533991279352,25.859014141217802,25.523845112113634,25.724945068359375,19703000
2015-05-13,25.948389516572682,25.98030979370804,25.562148561904475,25.657909393310547,25069400
2015-05-14,25.73133300212807,25.903705453110334,25.632379394019573,25.648338317871094,19235800
2015-05-15,25.539802976592604,25.852625087966057,25.47595998983001,25.750478744506836,19561200
2015-05-18,25.699414550390873,25.80475124847392,25.590882657803746,25.772830963134766,14459600
2015-05-19,25.6004441841282,25.625981372263823,25.36742403963148,25.40572738647461,27839600
2015-05-20,25.49510800686506,25.536604111817034,25.30677428515303,25.453609466552734,25247600
2015-05-21,25.597257144845774,25.731323746710675,25.504686652502688,25.693017959594727,20174600
2015-05-22,25.51746208915142,25.71536928723897,25.469580451260107,25.600454330444336,12721400
2015-05-26,25.39297420079853,25.44723892678984,25.09930125792474,25.195064544677734,26367200
2015-05-27,25.17910098115674,25.383393702010483,25.01311405872357,25.150373458862305,22750000
2015-05-28,25.064182559443683,25.096105271399065,24.8918125787618,25.051416397094727,24328400
2015-05-29,25.045028532347203,25.182287900658572,24.962033872694548,25.02268409729004,25956200
2015-06-01,25.086528158188052,25.08972091660363,24.926924332464925,24.958847045898438,16974400
2015-06-02,25.03544519232831,25.252506397285,24.90137862215625,25.131208419799805,20366000
2015-06-03,25.05460788011565,25.239748902441146,24.923734009410463,24.958847045898438,17280600
2015-06-04,24.827970766521464,24.875852401362096,24.601333625994325,24.620485305786133,31892200
2015-06-05,24.50877104597474,25.013119883500142,24.49919520298001,24.792865753173828,37912000
2015-06-08,24.697097477327628,24.840739949871395,24.59495112376377,24.652408599853516,19414600
2015-06-09,24.802435929222394,24.95884944693803,24.639641764784017,24.64921760559082,22066200
2015-06-10,24.95245933532715,25.022685402129053,24.866274348572656,24.95245933532715,19570800
2015-06-11,24.997143599182625,25.038642141202466,24.81838814236007,24.84073257446289,16833000
2015-06-12,24.700289644081455,24.71944376111514,24.52153412084275,24.563030242919922,21009000
2015-06-15,24.39384157509038,24.636440006811753,24.320425198814995,24.505563735961914,16151000
2015-06-16,24.550264441501408,24.703482767866934,24.43215672026688,24.697099685668945,18035200
2015-06-17,24.82796817581345,24.936500032484716,24.511953315418058,24.636444091796875,20827400
2015-06-18,24.713055817048392,24.824778008102456,24.598140867575317,24.620485305786133,25345200
2015-06-19,24.514124994325698,24.61373593688837,24.38237927535252,24.39202117919922,34469800
2015-06-22,24.61374075584509,24.71335416944964,24.504490339585566,24.690858840942383,21154800
2015-06-23,24.655509047282788,24.81617311589093,24.629802207936095,24.77118492126465,14235400
2015-06-24,24.71656576585147,24.857950965266923,24.607315349241148,24.616954803466797,13596600
2015-06-25,24.61051578113227,24.639436582322336,24.359880277998645,24.366308212280273,17371400
2015-06-26,24.343822728200557,24.453073128734648,24.20886303428165,24.44664764404297,23544600
2015-06-29,24.138173002677483,24.292409151349762,23.964655496766632,23.98393440246582,27794400
2015-06-30,24.205654794453714,24.24421261090213,23.99679096637922,24.151029586791992,30341200
2015-07-01,24.19922282227402,24.208862274778802,23.746151393774216,23.842548370361328,27820200
2015-07-02,23.906815639278115,24.077119172152177,23.887534282595116,23.94858741760254,19400400
2015-07-06,23.633689880371094,23.861832606156785,23.534076472210316,23.633689880371094,27018200
2015-07-07,23.54049763426195,23.93251831420069,23.273794719019836,23.84897232055664,41372200
2015-07-08,23.685095661816625,23.84897369104447,23.270582088792686,23.366981506347656,33042600
2015-07-09,23.688310563214017,23.787921500818623,23.485872268676758,23.485872268676758,23912000
2015-07-10,23.62725237316286,23.775062989791344,23.49872065606113,23.614398956298828,26500800
2015-07-13,23.69473607833269,23.839335210554555,23.630471431704606,23.781496047973633,28717600
2015-07-14,23.71401726006888,24.048196361937112,23.70437535675999,23.951799392700195,25308400
2015-07-15,23.829696170791458,23.948586014263235,23.447314897586377,23.530860900878906,25416600
2015-07-16,23.66581891399986,23.736511499772444,23.51800825808412,23.5629940032959,15721400
2015-07-17,23.540502784093185,23.562995658278897,23.19989325158744,23.277013778686523,28192000
2015-07-20,23.318780934109657,23.32199490165289,22.939613664793285,22.968534469604492,27666800
2015-07-21,23.0231656828581,23.20632265611199,22.907487336430425,22.978179931640625,21238000
2015-07-22,22.8849907229326,23.023161922401005,22.743605555605157,22.791805267333984,30418600
2015-07-23,22.814301384002473,22.958898088214845,22.599012086072214,22.77252960205078,22569200
2015-07-24,22.772522369654716,22.782161820002184,22.25196998704287,22.33551597595215,25108200
2015-07-27,22.049531232698595,22.274459882586015,21.917785558094234,22.014184951782227,34393400
2015-07-28,22.046321011616268,22.76609526508781,22.030253626092197,22.643991470336914,37877200
2015-07-29,22.586151239025824,22.97495792511231,22.515458668548515,22.952465057373047,46854600
2015-07-30,22.90426962700846,22.971748242813145,22.69219432755647,22.791805267333984,25254400
2015-07-31,22.59579040478243,22.62792272235701,22.25839494140265,22.29374122619629,43578800
2015-08-03,22.055968369692145,22.19413959950345,21.779625910069534,21.82461166381836,33853200
2015-08-04,21.92100542095144,22.091308937606005,21.657516452411738,21.750701904296875,25525000
2015-08-05,21.921011785573906,22.162007953046725,21.564337261590953,21.586830139160156,36947600
2015-08-06,21.45829037689065,21.988482238403513,21.30084029247881,21.93064308166504,46519200
2015-08-07,21.84068076795907,22.014198310972535,21.461513348382972,21.538631439208984,34163400
2015-08-10,21.58361058080198,22.242334248581574,21.58361058080198,22.226266860961914,38888800
2015-08-11,21.782841018746037,22.290540210815358,21.741069231375715,22.268047332763672,42107800
2015-08-12,22.19092039140309,22.730751760468195,22.062391097633554,22.67291259765625,46966000
2015-08-13,22.52510816186926,22.608654187095926,22.300179384189548,22.329097747802734,39627200
2015-08-14,22.377288922735687,22.53152749103158,22.229478289369016,22.2808895111084,24242400
2015-08-17,22.171647603426937,22.43835061948989,22.097741032737996,22.329097747802734,19064200
2015-08-18,22.287323845867522,22.345163019144703,22.136299201669345,22.24555206298828,22126800
2015-08-19,22.123444774055955,22.158791070093127,21.5289881294463,21.631813049316406,40366000
2015-08-20,21.573976931695142,21.721787621704532,21.140184316215873,21.14339828491211,50673200
2015-08-21,20.931318797032244,21.159461525339665,20.391487321806075,20.404340744018555,50840400
2015-08-24,19.212212704641086,20.108718645676028,18.874818351518083,19.308610916137695,86002200
2015-08-25,20.156920021189734,20.156920021189734,19.012991064065524,19.0290584564209,55393200
2015-08-26,19.511048297584548,19.70705869170271,19.131880931270345,19.6845645904541,79464400
2015-08-27,20.14084746875674,20.70638566910638,20.066942145280166,20.658185958862305,64482800
2015-08-28,20.58749740570496,21.34261817548525,20.577857952077828,21.127328872680664,62926800
2015-08-31,20.966661696592197,21.484000211972248,20.59070835109168,21.345829010009766,72387000
2015-09-01,20.732092875375336,20.976302976020264,20.417192635172142,20.593921661376953,57425200
2015-09-02,20.886333227841348,20.918465557883945,20.301515995523374,20.78350830078125,51057800
2015-09-03,20.921678788766904,21.287992731725506,20.71281497354395,20.841346740722656,43790000
2015-09-04,20.542508097623344,20.645333004408638,20.41076360919409,20.497522354125977,33368400
2015-09-08,20.719242425543985,20.847771738176327,20.465391639708223,20.8188533782959,31255200
2015-09-09,20.96344183873679,21.21407733198466,20.394692254177286,20.42682456970215,36955400
2015-09-10,20.51358873003504,20.66140060762967,20.230819620540046,20.54572105407715,36985600
2015-09-11,20.340073120198287,20.388272836490415,20.079798084375966,20.362565994262695,26688600
2015-09-14,20.221183089005287,20.311154589933352,20.083011869283037,20.185836791992188,24962600
2015-09-15,20.250102507934745,20.478245226701414,20.246888539631126,20.4107666015625,29633200
2015-09-16,20.574643074594025,21.018077534165567,20.542510746743492,20.98915672302246,34433400
2015-09-17,21.00522200147357,21.349043023149555,20.841343958906,20.976301193237305,39645400
2015-09-18,20.580741743064923,20.7328803631285,20.302360963719323,20.425365447998047,42473800
2015-09-21,20.642247585579607,20.694039281364887,20.412422012708138,20.541900634765625,31379400
2015-09-22,20.22467290268492,20.53866069954244,20.18259177114053,20.32501983642578,34100800
2015-09-23,20.402707281061655,20.496580102025245,20.05311369358557,20.062824249267578,27969400
2015-09-24,19.90745654738093,20.292657294578525,19.774740219790857,20.150230407714844,37824000
2015-09-25,20.373583519573753,20.373583519573753,20.007805096921704,20.189075469970703,31666800
2015-09-28,19.9786616262662,19.9786616262662,19.36687197084134,19.383056640625,32702800
2015-09-29,19.476928276171353,19.635541004061164,19.22444396933773,19.353923797607422,37762400
2015-09-30,19.53195631900003,19.884787530703914,19.509297535801615,19.81033706665039,32256200
2015-10-01,20.062828767750595,20.28294380139888,19.671153959422032,19.84918785095215,34891000
2015-10-02,19.62259663628651,20.68109055106319,19.5869896147638,20.668142318725586,39859600
2015-10-05,20.927102697773464,21.36409505729353,20.907679113832366,21.29288101196289,47614000
2015-10-06,21.367328641777487,21.927325400797574,21.254034713908315,21.76547622680664,54932800
2015-10-07,22.043856571394983,22.31576446257171,21.590678399182003,22.040618896484375,80006200
2015-10-08,21.998542698180998,22.55206665904604,21.86258996455578,22.4614315032959,54143400
2015-10-09,22.50998389990773,22.5358803610135,22.176574989443935,22.315765380859375,51971400
2015-10-12,22.351374006925344,22.35460921257968,21.826981745074754,22.02767562866211,43492400
2015-10-13,21.859349317619472,22.124781867501277,21.736344832911172,21.7978458404541,41675600
2015-10-14,21.749297243711602,22.066520306687405,21.70074198764958,21.985595703125,30353400
2015-10-15,21.885250238453413,22.39021898025185,21.810798515679647,22.380508422851562,39016400
2015-10-16,22.458194050056576,22.5164598607043,22.10212630481952,22.40964126586914,40062400
2015-10-19,22.186290104738458,22.199238337952497,21.849643450042308,21.966175079345703,39000400
2015-10-20,21.92085457112581,22.13125901092144,21.804322957381235,22.02767562866211,27513000
2015-10-21,21.930565243810868,22.03738630191451,21.73310903445176,21.755767822265625,29324200
2015-10-22,21.875534534929805,22.20246808207017,21.865823979813882,22.14743995666504,37481400
2015-10-23,22.043866313012852,22.302826088608928,21.901440659096114,22.095659255981445,31262000
2015-10-26,22.053572462200457,22.053572462200457,21.548603717356173,21.555076599121094,23672200
2015-10-27,21.25727308598414,21.36733182489722,21.076002774389384,21.296117782592773,42214600
2015-10-28,21.445016541888723,21.914378180239545,21.273456804693218,21.768714904785156,39513000
2015-10-29,21.687797545274066,22.082710074820284,21.655428192116236,21.8787784576416,19507200
2015-10-30,21.995305622304162,22.257503009583296,21.73634838019085,22.021202087402344,28514400
2015-11-02,21.888478755327686,22.652406899723562,21.856106951374816,22.53587532043457,30773800
2015-11-03,22.694498782071435,23.283629868906146,22.684788223602034,23.112070083618164,42654400
2015-11-04,23.13472516603409,23.19946385852887,22.73333983939627,22.90489959716797,35437600
2015-11-05,22.79160460465106,23.044088951266875,22.60709415329967,22.71068000793457,32467000
2015-11-06,22.509990163360662,22.684787620028686,22.260740977702813,22.594152450561523,27522400
2015-11-09,22.542350191340574,22.791599273919154,22.27691767497746,22.370790481567383,25374000
2015-11-10,22.27692728383382,22.61681164500117,22.19276499513676,22.419355392456055,25370800
2015-11-11,22.416111268735992,22.448480610578624,21.89171904024443,21.943511962890625,28739400
2015-11-12,21.63599771249354,21.788136340458088,21.40617216777228,21.445016860961914,38623000
2015-11-13,21.3738036765147,21.551838773699064,21.105133427899265,21.357620239257812,35559200
2015-11-16,21.328489657338498,22.09241816053262,21.312303747759945,22.069759368896484,34726200
2015-11-17,22.0114885578883,22.102123703869417,21.746056000533958,21.826980590820312,30457800
2015-11-18,21.97912205330867,22.215420504463488,21.771955272999175,22.186288833618164,41903000
2015-11-19,22.056810866834454,22.176580175238776,21.707215969024297,21.88848876953125,37825000
2015-11-20,21.894962178339878,21.9953079039761,21.632767233484927,21.655426025390625,28428000
2015-11-23,21.63599363365842,21.93379795272487,21.496805732619457,21.810791015625,32814600
2015-11-24,21.914377278021355,22.377266016690957,21.87229738164136,22.276920318603516,37886200
2015-11-25,22.089183903298647,22.28016729346603,21.95970401550061,22.095659255981445,22201200
2015-11-27,21.917615403188318,22.027674128506234,21.85934960028412,21.937036514282227,16752800
2015-11-30,22.027676435610562,22.231605532322863,21.937038811893476,22.017963409423828,35210600
2015-12-01,22.037390413832732,22.212187867993123,21.982362271677545,22.192764282226562,27594000
2015-12-02,22.04709301798137,22.13125527361165,21.435303383946714,21.50651741027832,50856200
2015-12-03,21.610102996389315,21.681317030041146,20.97241683820833,21.076000213623047,48438400
2015-12-04,20.878538691998614,21.066284283798698,20.54836630404086,20.94327735900879,65678600
2015-12-07,20.425363619961676,20.454496518327964,19.858891556581316,20.146984100341797,65600800
2015-12-08,19.70352155594136,20.21172795273146,19.502828890697153,19.939821243286133,54673800
2015-12-09,20.030455184676285,20.629296666382334,19.917160015967525,20.202014923095703,57513800
2015-12-10,20.211725997769346,20.632534871188405,20.072535598372824,20.33149528503418,77829800
2015-12-11,19.981893914662102,20.056344368047295,19.551375860771927,19.570796966552734,58008000
2015-12-14,19.47692888221053,19.777968442715146,19.266525698239377,19.67438507080078,78233200
2015-12-15,19.952762991894204,20.263513063188576,19.926867770025183,20.169641494750977,58140600
2015-12-16,20.091956303170548,20.30236072268341,19.823287317213357,20.036928176879883,57502400
2015-12-17,20.04987720591012,20.088721900561183,19.54490852355957,19.54490852355957,58149600
2015-12-18,19.56515457284397,19.57821883728924,19.196062001859616,19.202594757080078,54278400
2015-12-21,19.205867215574305,19.37571517260544,19.013155230288604,19.222198486328125,48030000
2015-12-22,19.290790278603993,19.57169135275705,19.19606717139169,19.447572708129883,50583000
2015-12-23,19.83953249416307,20.306612853982116,19.77093915819306,20.293548583984375,60421000
2015-12-24,20.319675181868703,20.345806209756656,20.038772862053136,20.110631942749023,14430600
2015-12-28,19.761139468043787,19.86566109778185,19.643552323089438,19.744808197021484,25107800
2015-12-29,20.084500234106912,20.143292549222757,19.774201160683063,19.881988525390625,30212600
2015-12-30,19.607623965019247,19.888526329176482,19.594559695009007,19.61415672302246,30102400
2015-12-31,19.522698430300217,19.806866518836067,19.460639105170518,19.70234489440918,38404800
2016-01-04,19.650086073120058,19.85259658521578,19.369183711763572,19.69581413269043,43617400
2016-01-05,19.682754207119245,19.793808631615956,19.463912361020853,19.770944595336914,31058400
2016-01-06,19.303852342512204,19.343048879915326,18.849836375224065,19.009885787963867,53924200
2016-01-07,18.640793195455633,19.068679384624392,18.46767951591214,18.546070098876953,56163800
2016-01-08,18.702856853339615,18.745319155802274,18.239042266118414,18.307634353637695,38454200
2016-01-11,18.38275766712329,18.405621694391172,17.690301599875937,17.91567611694336,56889400
2016-01-12,18.19331177626665,18.252105342281556,17.461659202523375,17.95813751220703,71188200
2016-01-13,18.176984092996403,18.30763551858536,17.337543979951633,17.526988983154297,67916800
2016-01-14,17.7066297874511,18.44154802568395,17.428994506961462,18.2814998626709,76148600
2016-01-15,17.517184498604188,17.92220539968412,17.415928650336305,17.752357482910156,73760400
2016-01-19,17.886282278206988,17.971206890042236,17.09257145833905,17.370206832885742,71744600
2016-01-20,17.02723983073729,17.164423974312466,16.308652839545246,16.909652709960938,102614800
2016-01-21,16.8900563364938,17.64783870431434,16.779001959520308,17.435529708862305,87341400
2016-01-22,18.07245863007895,18.330495670566094,17.78502356100921,18.206377029418945,77245000
2016-01-25,17.860146786779445,18.31742975339175,17.344070260288536,17.357135772705078,58240000
2016-01-26,17.67070138236147,18.036528270355618,17.442061134860005,18.01366424560547,50709800
2016-01-27,17.88954615814662,18.428485540441915,17.703366940226932,17.928741455078125,72989000
2016-01-28,18.608131037258925,18.67998886543335,18.105120010058567,18.474212646484375,76343800
2016-01-29,18.5068762641861,19.032751346453708,18.451349700714836,19.013153076171875,62996400
2016-02-01,18.696319580078125,18.8367694677189,18.418683067682206,18.696319580078125,55370200
2016-02-02,18.23904112612358,18.323964479744802,17.981002817588394,18.072460174560547,50462400
2016-02-03,18.333762569141886,18.73225076353079,17.673969088339078,18.715919494628906,72881400
2016-02-04,18.755113340274164,19.107874702082935,18.617929196901322,18.706119537353516,74112200
2016-02-05,18.454619115016126,18.53301096568992,18.11819017411603,18.271705627441406,60482000
2016-02-08,17.90914604216442,18.29130302514739,17.638042202820696,18.176982879638672,69613400
2016-02-09,17.905874975766135,18.124717949487493,17.45512476179946,17.739294052124023,74822600
2016-02-10,17.6870329608443,18.06918985087455,17.47798850190927,17.667434692382812,60431600
2016-02-11,17.360406478577318,17.726232182338112,17.10563391606874,17.592313766479492,95973800
2016-02-12,17.83401689960264,18.134517474373286,17.67396872327573,18.05612564086914,51564000
2016-02-16,18.359885961765286,18.415413751905632,17.97119641476493,18.235767364501953,67600400
2016-02-17,18.454616349358524,18.915165132307983,18.382757267509554,18.833507537841797,58560000
2016-02-18,18.993555117005997,19.022951897983834,18.506875353260924,18.598331451416016,57664600
2016-02-19,18.350092593160067,18.5624028124691,18.193310179545527,18.555870056152344,50257600
2016-02-22,18.908632808812374,19.1144103004646,18.82697521247375,19.02948570251465,49416600
2016-02-23,18.846571397709134,18.938027496764846,18.346826116164674,18.37948989868164,42910000
2016-02-24,18.036529170522428,18.608132309795455,17.987534117329215,18.565670013427734,50559600
2016-02-25,18.510141655464615,18.630995784164718,18.21944083831341,18.582000732421875,37177800
2016-02-26,18.892298905877237,18.94455971041095,18.630994883208672,18.69305419921875,42310200
2016-02-29,18.768179118883246,18.820439923670413,18.464412801684123,18.480745315551758,45966600
2016-03-01,18.61139949940481,18.993557704171504,18.421954520850733,18.964160919189453,47286000
2016-03-02,18.8465730277938,19.44104021506459,18.755115674831824,19.427974700927734,53590000
2016-03-03,19.34958446383729,19.75787244315023,19.339784705056477,19.721942901611328,48791200
2016-03-04,19.832992101376487,20.195551931663832,19.620681909191518,19.9113826751709,61103200
2016-03-07,19.901589405357083,20.401333494373237,19.806866294917306,20.378469467163086,66721000
2016-03-08,20.21188378240246,20.2249480477492,19.490029855676994,19.522693634033203,59635200
2016-03-09,19.78727393557462,20.094306120512915,19.545566846072663,19.839534759521484,50935200
2016-03-10,19.75460199933665,19.8787218722989,19.496563742334754,19.855857849121094,57247200
2016-03-11,20.11716209861853,20.437259672882163,20.09429807517083,20.368667602539062,49567200
2016-03-14,20.11389217730156,20.306602836159485,20.0355003660071,20.234745025634766,43532200
2016-03-15,19.957115370914508,20.198822396129696,19.81339845478407,20.195556640625,43439200
2016-03-16,20.316410057567982,20.590779628935636,20.175958893296684,20.54505157470703,53940800
2016-03-17,20.71163239503476,20.99580047742919,20.525453177673302,20.825952529907227,56321600
2016-03-18,20.98451459301004,21.0042515365088,20.691738218785193,20.885826110839844,60948000
2016-03-21,20.803585202707996,20.95161729640262,20.583179715947267,20.813453674316406,33397000
2016-03-22,20.57001952495373,20.885824398861317,20.556861981997105,20.698314666748047,28360200
2016-03-23,20.550279818217984,20.625941013330177,20.204868323068936,20.24434471130371,37747600
2016-03-24,19.96472935645223,20.343036651611328,19.86933120579747,20.343036651611328,31032000
2016-03-28,20.349609842695397,20.405532836194865,20.09301962801936,20.234472274780273,23129800
2016-03-29,20.00749482368474,20.346325723858808,19.889068148507608,20.329877853393555,28733800
2016-03-30,20.51410237060138,20.599632071241427,20.25093261298693,20.36935806274414,31489600
2016-03-31,20.290403813585304,20.517387450055388,20.257508070870966,20.359485626220703,28092800
2016-04-01,20.007493325565935,20.145658187891126,19.938411521849336,20.086444854736328,29609600
2016-04-04,20.05025514525818,20.260790844924053,19.879194575556724,19.93840789794922,31619000
2016-04-05,19.77064037477975,19.944991305721462,19.71800643928029,19.803537368774414,32097600
2016-04-06,19.964735350679824,20.234484522952815,19.816703217156014,20.2311954498291,36437600
2016-04-07,20.073287311566276,20.26079579330795,19.94499216667903,20.112762451171875,27854200
2016-04-08,20.491067237216132,20.62923083639535,20.41540603934772,20.517383575439453,35333000
2016-04-11,20.681867043035403,20.744370706114413,20.431856155395508,20.431856155395508,32471400
2016-04-12,20.510807960695075,21.162154706636898,20.468043746332174,21.040437698364258,55260800
2016-04-13,21.03056572541102,21.201625064169004,20.882532398705138,21.139123916625977,37405800
2016-04-14,21.227938992190985,21.23122931826736,21.063457825340247,21.188465118408203,34871000
2016-04-15,21.070037030108278,21.10622308511235,20.875947961469773,20.902265548706055,28442400
2016-04-18,20.471328599971095,21.300313941806817,20.421984996284277,21.247678756713867,41371600
2016-04-19,21.36940179074849,21.695073933929454,21.27071455543111,21.672046661376953,34682800
2016-04-20,21.556905373979102,22.033902353289694,21.487823572103203,21.866130828857422,42176600
2016-04-21,21.895739311619376,21.987848393709697,21.691784204072025,21.737838745117188,38670200
2016-04-22,21.79046943251721,22.13588096846614,21.77402281781451,22.053640365600586,31529000
2016-04-25,21.977970762557145,21.98126108834175,21.64243031624057,21.80691146850586,34468600
2016-04-26,21.931920343585848,22.165483322322007,21.879287670102045,22.155614852905273,27171400
2016-04-27,22.27075551344935,22.626035540299057,22.254308897815147,22.576690673828125,43924800
2016-04-28,22.47471677922352,22.639198021023983,22.155622768565095,22.241153717041016,31110400
2016-04-29,22.29049078791739,22.507604645997183,21.866129031461767,22.204959869384766,48214800
2016-05-02,22.165481421186026,22.25759298400369,21.908891199224037,22.181930541992188,30132000
2016-05-03,21.882574735403765,21.922051121498992,21.5240069733939,21.65888023376465,32316200
2016-05-04,21.672038909008084,21.82336129019234,21.218071765455313,21.34636688232422,37210800
2016-05-05,21.708227995132034,21.82665465948853,21.3430795316635,21.520719528198242,28704000
2016-05-06,21.382557668441947,21.734547363515706,21.32663465842652,21.471376419067383,25091000
2016-05-09,21.34966187640317,21.395716415103067,20.889113979620078,21.158863067626953,32041600
2016-05-10,21.267414082885708,21.53716307973122,21.257545615039927,21.530582427978516,20702800
2016-05-11,21.47795357900707,21.78717901196116,21.30360392333167,21.59638023376465,28429600
2016-05-12,21.790470979957355,21.954952197369018,21.494404286659528,21.655597686767578,24954400
2016-05-13,21.560195148333182,21.724676341857435,21.333210298138887,21.37926483154297,24743800
2016-05-16,21.65888450191098,21.810209423537977,21.596383348839744,21.741125106811523,27455400
2016-05-17,21.74441558567826,22.010876854071004,21.67533377825321,21.84310531616211,31674600
2016-05-18,21.839815695703,21.912187832427783,21.49440413761987,21.632570266723633,41166400
2016-05-19,21.415450527872352,21.68519958023768,21.21478327442919,21.635854721069336,33709800
2016-05-20,21.70165077264506,21.810208971210542,21.570065305576357,21.7641544342041,19667000
2016-05-23,21.635855031080048,21.803626550742834,21.56019508775044,21.708227157592773,20545000
2016-05-24,21.820076139048776,21.9450809449182,21.681912536279853,21.81678581237793,22605800
2016-05-25,21.948372946572594,22.195094760252978,21.928636004609064,22.162199020385742,28511000
2016-05-26,22.2477235944662,22.343122980431257,22.001001823454946,22.070083618164062,21433600
2016-05-27,21.991139054938163,22.099697264672713,21.869424555948783,22.083248138427734,18517400
2016-05-31,22.13587667264235,22.310226315316516,21.899023380789316,21.997713088989258,30812200
2016-06-01,21.783894913807785,22.07009065314603,21.727971896900826,22.00429916381836,33391400
2016-06-02,21.836519576490176,21.987841954147214,21.75427899016895,21.974685668945312,25700000
2016-06-03,21.9746891750615,22.0898255123248,21.76086311455313,21.889158248901367,24315400
2016-06-06,22.102981226964292,22.39246719310992,22.063504841214794,22.372730255126953,36447600
2016-06-07,22.445108888009408,22.938552559056696,22.438528233582904,22.87933921813965,31236600
2016-06-08,23.017493230660065,23.1128926017274,22.764190846499112,22.82669448852539,36259400
2016-06-09,22.563528224812114,22.767485801993622,22.54050095882257,22.6523494720459,24681200
2016-06-10,22.41878930504789,22.563531062420548,22.132591097656377,22.162199020385742,28980400
2016-06-13,22.053640818450912,22.395762034570822,22.030613549567075,22.096405029296875,23147600
2016-06-14,22.004297853977288,22.195096675368138,21.833238486037267,22.083248138427734,24405000
2016-06-15,22.001005023641135,22.297071693876152,21.87600021166813,22.03061294555664,33659000
2016-06-16,21.793762796978324,21.958244025634766,21.494405756127104,21.92534828186035,39987400
2016-06-17,22.15249717303351,22.19223097622701,22.02004526766526,22.149185180664062,34871800
2016-06-20,22.467065929552703,22.516735704751596,22.321371122294913,22.341238021850586,21826400
2016-06-21,22.291569092374058,22.65250044795704,22.225344407136166,22.60614013671875,22444600
2016-06-22,22.705485594647453,22.705485594647453,22.46045116398291,22.480318069458008,20516400
2016-06-23,22.715420909599697,22.857806305235076,22.62932676829883,22.851184844970703,19077000
2016-06-24,21.97037329451934,22.367728970964368,21.950506394905492,22.11275863647461,53759800
2016-06-27,21.8114295330856,21.831296429500643,21.22864281725443,21.40414047241211,43319400
2016-06-28,21.80481026331108,22.00348684933451,21.678982348301872,22.00017738342285,29100800
2016-06-29,22.135939732854013,22.549850358099263,22.135939732854013,22.41739845275879,32708800
2016-06-30,22.321373832034595,22.609454015802665,22.275013516927185,22.596208572387695,24264600
2016-07-01,22.5697230188737,22.798199998845185,22.553165580968223,22.715417861938477,25357600
2016-07-05,22.410781745106327,22.490251894633193,22.036607370036428,22.25846290588379,30139800
2016-07-06,22.129318977118345,22.371041375203614,21.977000165348574,22.3544864654541,31795000
2016-07-07,22.486938471990907,22.629321306953035,21.970376275163165,22.126007080078125,28195600
2016-07-08,22.32468204534816,22.50017973970549,22.202166121677504,22.42070960998535,23135800
2016-07-11,22.539919142803026,22.645880172322585,22.443891565064956,22.46375846862793,19500800
2016-07-12,22.801508462252677,23.11939151561221,22.755150674865448,23.020051956176758,31049000
2016-07-13,22.953824875850206,23.07965278188973,22.609450972347133,22.821372985839844,25092400
2016-07-14,23.00018634442147,23.056477585646473,22.871046425700538,22.937271118164062,21797200
2016-07-15,23.02005535894428,23.07303713882414,22.83793617480546,22.924030303955078,18259000
2016-07-18,22.85780014967036,22.95051572626746,22.712102799983494,22.940582275390625,18802200
2016-07-19,22.884290093350756,22.92071442927174,22.725347306940115,22.81144142150879,13983800
2016-07-20,22.718724715751684,22.890910409992273,22.52998158735095,22.77832794189453,23110000
2016-07-21,22.71541579464633,22.92402837750436,22.496872286783272,22.553163528442383,18513800
2016-07-22,22.602830929663323,22.659122165391015,22.477000489436918,22.622697830200195,15981200
2016-07-25,22.473689485068284,22.52335673301038,22.089579258918324,22.172361373901367,25543400
2016-07-26,22.04322430742596,22.32137356316997,22.029978864170534,22.301504135131836,24787800
2016-07-27,22.33130842870719,22.493560697822275,21.98693446118017,22.082962036132812,32355800
2016-07-28,22.05646712227248,22.192228478419832,21.930639215805463,22.086267471313477,21727000
2016-07-29,21.771699056776715,22.337928493347093,21.751832155030034,22.311437606811523,33003600
2016-08-01,22.116074493394684,22.132629403862698,21.500175234637055,21.576335906982422,61297000
2016-08-02,21.728654107829854,21.877660929357955,21.380968155850834,21.771699905395508,51200200
2016-08-03,21.775010147348464,22.202166201381203,21.688916032828484,22.192230224609375,47811200
2016-08-04,22.109448871995102,22.311437459452282,22.03329073159582,22.15911865234375,33580400
2016-08-05,22.1723618401322,22.390907840911563,22.132625514633304,22.36110496520996,22853600
2016-08-08,22.5167428026647,22.811447028418264,22.510121342828775,22.659128189086914,43326800
2016-08-09,22.72204252402514,22.758466867453215,22.45051720794066,22.539920806884766,22256800
2016-08-10,22.586273982180572,22.63594376090393,22.248524034219546,22.29488182067871,36073600
2016-08-11,22.39090890290392,22.718725393311463,22.341239125251906,22.622697830200195,34859400
2016-08-12,22.68229713028141,22.81806099726635,22.62269391268231,22.74852180480957,20379400
2016-08-15,22.877674642435885,22.977014236785944,22.81144993040973,22.93065643310547,21406800
2016-08-16,22.890912772388802,23.039922116278923,22.751839405806038,22.967073440551758,20485600
2016-08-17,22.85448607181946,23.049853184373372,22.83130717978524,23.03660774230957,29439000
2016-08-18,23.116087972803015,23.5101318359375,23.09290907063692,23.5101318359375,48297000
2016-08-19,23.433964150625055,23.433964150625055,23.22866608592382,23.314760208129883,22091400
2016-08-22,23.112772250029952,23.15581804917055,22.940584000847213,23.046545028686523,28273400
2016-08-23,23.04654139447371,23.268396866791875,23.04654139447371,23.20879364013672,24912400
2016-08-24,23.07965499404252,23.231976324255516,23.05647610054227,23.116079330444336,32905200
2016-08-25,23.07965761298723,23.149196827688808,22.977008576739514,23.05316925048828,23791600
2016-08-26,23.092896472297454,23.27170613130516,22.864419568823287,22.973690032958984,29150200
2016-08-29,22.90747226086141,23.14919720413293,22.880981371621473,23.12932777404785,14788000
2016-08-30,23.18231001579806,23.27171361088167,22.96376396466655,23.04985809326172,14265800
2016-08-31,22.92071455772155,22.95382690156895,22.559783188748174,22.68561363220215,26465600
2016-09-01,22.589588225904045,22.672370356590406,22.440578874882508,22.619388580322266,33337000
2016-09-02,22.841246783596006,22.930650373838112,22.731973763947757,22.874359130859375,21588800
2016-09-06,22.933960219351032,23.238597827749697,22.914090791805084,23.218730926513672,25688200
2016-09-07,23.32469838545903,23.400856545437165,23.222046805999348,23.351186752319336,30189000
2016-09-08,23.50019264765106,23.821387732375538,23.387607631521227,23.788272857666016,36010600
2016-09-09,23.566419819808527,23.639268509724925,23.079660415649414,23.079660415649414,43543600
2016-09-12,22.917407988029602,23.427346288129904,22.874362183473725,23.30813980102539,43945800
2016-09-13,23.053163969767002,23.063097419217456,22.576338185668153,22.642562866210938,49160800
2016-09-14,22.616078333653213,22.88760361188289,22.318062168203557,22.374353408813477,52940400
2016-09-15,22.463756388326573,22.818066311122813,22.427334577270777,22.652502059936523,32954800
2016-09-16,22.323036684832967,22.552894601708843,22.323036684832967,22.46961212158203,34788800
2016-09-19,22.652834725660977,22.716130224229328,22.452957280515182,22.456289291381836,23595000
2016-09-20,22.429642911701045,22.58288240262398,22.276403420778113,22.293058395385742,28265800
2016-09-21,22.48627360855758,22.81940358794362,22.459622600227487,22.809410095214844,40521800
2016-09-22,23.05592402032378,23.13920650957863,22.816070044617025,22.8360595703125,26631800
2016-09-23,22.72612921979922,22.932668195125,22.40299271011572,22.532913208007812,46150400
2016-09-26,22.60952913647899,22.729456113928595,22.3896621639615,22.432968139648438,26480400
2016-09-27,22.209776788261454,22.343029298366854,22.033218292543395,22.283065795898438,38820400
2016-09-28,22.412984606583287,23.27912204467652,22.223100619995233,23.24580955505371,82286800
2016-09-29,23.22915624832357,23.469007715771344,22.995963721066243,23.20583724975586,54003200
2016-09-30,23.369065072269187,23.645563523846043,23.219155078985267,23.52230453491211,29429000
2016-10-03,23.56228359242054,23.59892555039425,23.30910410684439,23.50564956665039,26309800
2016-10-04,23.52563632427522,23.58226780180081,23.17251687391292,23.265792846679688,23705600
2016-10-05,23.5023225995221,23.732180572058247,23.479003601103067,23.622249603271484,26702400
2016-10-06,23.692199071259026,23.768817523901824,23.44568111877328,23.658884048461914,22351600
2016-10-07,23.66221849538004,23.76215849090265,23.452347554678145,23.52230453491211,23488800
2016-10-10,23.522302105281614,23.978690976710737,23.522302105281614,23.89207649230957,23069000
2016-10-11,23.808799540517466,23.848773510605078,23.488995071916605,23.618915557861328,27424400
2016-10-12,23.51897430419922,23.60225679291209,23.319096839604295,23.51897430419922,20878200
2016-10-13,23.372396466283554,23.50897841220768,23.08257252018173,23.38905143737793,27086800
2016-10-14,23.508982799804155,23.585603814193156,23.235816315393908,23.252473831176758,22744800
2016-10-17,23.25913291748026,23.3324219128499,23.01261746707497,23.139205932617188,14850000
2016-10-18,23.36907125208141,23.419041263056993,23.1292172326629,23.232486724853516,13890200
2016-10-19,23.412366873655454,23.742164733548634,23.389047884401982,23.56227684020996,28631800
2016-10-20,23.422363778443103,23.632237253906283,23.292443313432365,23.535629272460938,24989000
2016-10-21,23.382394790649414,23.42236876280265,23.2458102749122,23.382394790649414,28477000
2016-10-24,23.382388308904993,23.46233877262882,23.05591989119863,23.31243133544922,21336800
2016-10-25,23.305774725797377,23.555622228271506,23.165860734391117,23.20583724975586,26454200
2016-10-26,22.999297095977997,23.355746118972338,22.95932057824373,23.259138107299805,35735600
2016-10-27,23.359072270868786,23.392384756500213,23.165856295994868,23.172517776489258,28412600
2016-10-28,23.13254140378337,23.462339297909743,22.962644440684556,23.109222412109375,37116800
2016-10-31,23.02594379502172,23.149200253850683,22.81940230445063,22.859378814697266,25947600
2016-11-01,23.02926826754561,23.109221270689794,22.612855907092225,22.862703323364258,37649600
2016-11-02,22.646173991240303,22.72612446361545,22.31970553820728,22.609529495239258,45966000
2016-11-03,22.609530367522154,22.739450843236522,22.486271372437844,22.699474334716797,25496200
2016-11-04,22.58621177751238,22.80607622435961,22.439633785227667,22.576215744018555,35108200
2016-11-07,22.832725369086717,23.07590879110109,22.832725369086717,23.062585830688477,29599000
2016-11-08,22.949315780783575,23.22248216347184,22.91600330320288,23.092561721801758,22417400
2016-11-09,23.172510695764128,23.64222498685181,22.902676340548027,23.468996047973633,51987600
2016-11-10,23.45233856457678,23.745491875311714,23.372388123754288,23.568933486938477,41269600
2016-11-11,23.429029902966253,23.47566789245969,22.949321963513956,23.139205932617188,35319400
2016-11-14,23.055922033943652,23.29244397806033,22.929333576151244,23.26912498474121,25144000
2016-11-15,23.472327744954484,23.938710019803363,23.45234076826547,23.925384521484375,38457400
2016-11-16,23.87208887776497,24.031989799941712,23.68553441311966,23.75882339477539,33218200
2016-11-17,23.958709468705603,24.11528097848667,23.538967490257082,23.598928451538086,20676000
2016-11-18,23.68221206125933,23.82879008435174,23.562287591505978,23.695537567138672,23924600
2016-11-21,24.028667230517204,24.285178767097964,24.028667230517204,24.258527755737305,33750800
2016-11-22,24.26518046194707,24.38510742811645,23.952040087242064,24.245193481445312,32026400
2016-11-23,24.128609234522216,24.421762758831363,24.101958220972143,24.345144271850586,22924000
2016-11-25,24.241863253587173,24.29516526095092,24.105281307481867,24.225208282470703,17583600
2016-11-28,24.341805099709312,24.34846658034711,23.84544219085015,23.888748168945312,37580200
2016-11-29,23.52562981651013,23.7388327071655,23.342407390988043,23.5955867767334,36723400
2016-11-30,24.415091044095714,25.02471938026614,24.415091044095714,24.794858932495117,89709600
2016-12-01,25.254586714183503,25.337869221529132,24.834844707099425,24.85483169555664,54764800
2016-12-02,24.841497540901884,25.044706991404922,24.771540564076506,24.928112030029297,36677600
2016-12-05,25.154643758751273,25.351189213376358,25.04804227419973,25.147979736328125,45070200
2016-12-06,24.994737865874097,25.20127933434092,24.844830416257288,25.10133934020996,33927000
2016-12-07,25.0447090962526,25.337862529717494,25.0447090962526,25.301218032836914,32016600
2016-12-08,25.367842479487248,25.47111193553262,25.17129451619829,25.43779945373535,29200400
2016-12-09,25.57105752423867,25.57105752423867,25.371180048089354,25.51775550842285,17949600
2016-12-12,26.084075498002093,26.134042956081906,25.531078573841068,25.637680053710938,32260400
2016-12-13,25.830899399657035,26.114059379224265,25.594377414767692,25.927507400512695,32057200
2016-12-14,25.804243258064893,25.90751271979876,25.33786086247456,25.407817840576172,39702800
2016-12-15,25.301219142495423,25.557730631909546,25.157973159746977,25.464454650878906,40503600
2016-12-16,25.645960814011246,25.645960814011246,25.49191121603797,25.62251853942871,35729800
2016-12-19,25.59573336902391,25.64261793051756,25.45507968454297,25.505313873291016,14226400
2016-12-20,25.63591838945686,25.669406993237914,25.378050774807715,25.44837760925293,17964200
2016-12-21,25.501963305801638,25.60577875170756,25.361309626506472,25.488567352294922,16205400
2016-12-22,25.50530686443267,25.65935646058139,25.455072689488976,25.592376708984375,21940800
2016-12-23,25.552188559822362,25.62251537488416,25.51200071335163,25.568931579589844,12796200
2016-12-27,25.60912482033372,25.712940251814015,25.585682543708604,25.62586784362793,20017800
2016-12-28,25.68280298304698,25.692849308694214,25.327816628405635,25.347911834716797,16187400
2016-12-29,25.311081579925435,25.384758064577383,25.207263553817008,25.297685623168945,13394800
2016-12-30,25.274233202375548,25.414886859388908,25.143625870146504,25.2239990234375,17706600
2017-01-03,25.488564804700978,25.722987580095584,25.237396450342487,25.508657455444336,49246200
2017-01-04,25.528750764242552,25.57563531583763,25.371351531737748,25.455074310302734,22371000
2017-01-05,25.471822141800715,25.565591262693427,25.27088794631391,25.391448974609375,22282400
2017-01-06,25.471817350869546,25.501958879782627,25.247440917361974,25.414886474609375,14821000
2017-01-09,25.247435272435883,25.27087754300854,25.009662940908665,25.04650115966797,21921800
2017-01-10,25.026408541592613,25.083339405184677,24.79868253220849,24.818775177001953,19321600
2017-01-11,24.905853208226965,25.133579269229912,24.802035224891206,25.086694717407227,26254000
2017-01-12,25.227355157925096,25.25414706760575,24.8824176245924,24.98288345336914,21791200
2017-01-13,24.949382791396364,25.002966584872766,24.84556738530571,24.909194946289062,19813400
2017-01-17,24.986224161598393,25.123528178418866,24.966131514018866,25.063247680664062,19566000
2017-01-18,24.92594589349671,25.073298802304045,24.895804364415003,25.006319046020508,17450400
2017-01-19,25.00631876756376,25.01636509214031,24.808734237514525,24.869014739990234,18001800
2017-01-20,25.029761013919348,25.113483791981043,24.879061035414868,24.962783813476562,18364400
2017-01-23,24.848925033384162,24.89915922239711,24.577663989738024,24.698225021362305,30414000
2017-01-24,24.795334472251476,25.076641737188265,24.748449928095344,24.9694766998291,23714400
2017-01-25,24.976180041810625,25.17711420038583,24.969480788682134,25.100088119506836,18820600
2017-01-26,25.180462537340475,25.22064783398757,25.066598235135633,25.120182037353516,17303400
2017-01-27,24.966139536674877,24.992928890384032,24.785297985298573,24.85897445678711,19901800
2017-01-30,24.74510652074165,24.75850247315507,24.232723477257554,24.403518676757812,26572800
2017-01-31,24.416912401210084,24.453748073215014,24.15569518550861,24.413562774658203,28014800
2017-02-01,24.5441663047125,24.577654899996794,24.082017557750742,24.232717514038086,36848600
2017-02-02,24.272907558805468,24.413561204742443,24.07867011154986,24.370023727416992,25760200
2017-02-03,24.46714839786106,24.708270452367785,24.323145090587147,24.581012725830078,23657200
2017-02-06,24.581010273651373,24.664733058946496,24.303050013267573,24.373376846313477,21043400
2017-02-07,24.26620903749766,24.380073341223387,23.90117896132383,24.0284366607666,28315600
2017-02-08,24.02843823202992,24.138952916544966,23.66005850532963,24.085369110107422,32296800
2017-02-09,24.229375766878192,24.430309958939485,24.229375766878192,24.35663604736328,18523200
2017-02-10,24.550865492193598,24.67812574420561,24.467142717982036,24.54081916809082,20810800
2017-02-13,24.490583080380834,24.597748120803733,24.443698534884323,24.58770179748535,15969800
2017-02-14,24.65803621683444,24.67813142468187,24.359983276435983,24.6680850982666,21543400
2017-02-15,24.594405182571304,24.7015702410023,24.490587195798142,24.57096290588379,17853200
2017-02-16,24.594411761848733,24.627900372501394,24.19924002410601,24.2360782623291,22750800
2017-02-17,24.112161956449377,24.182488788887028,24.02508954509088,24.102115631103516,23290000
2017-02-21,24.329834950191607,24.396812137240133,24.22936661460291,24.266204833984375,23605000
2017-02-22,24.15234893437792,24.17913828265363,23.88108538482299,23.897830963134766,23078800
2017-02-23,24.165746123997803,24.205931425978257,23.84759800489149,23.998300552368164,34780200
2017-02-24,23.8241523271789,23.914574353764333,23.653357153085754,23.77391815185547,27995200
2017-02-27,23.79736131491713,24.082020800706825,23.757176017170924,23.97820281982422,47372800
2017-02-28,23.90787538323471,24.018390059247423,23.837548558958346,23.904525756835938,28036800
2017-03-01,24.125561574802145,24.493941371891747,24.108815993336567,24.383426666259766,37995200
2017-03-02,24.26285585607976,24.38341683999948,24.14229487216004,24.15234375,21540600
2017-03-03,24.192537030705267,24.28295907601427,24.055232981740577,24.108814239501953,22333000
2017-03-06,24.06862636994287,24.195884079204006,23.974854707574266,24.162395477294922,16749400
2017-03-07,24.2494673243072,24.25616402252721,23.9179232745459,23.94806480407715,22923600
2017-03-08,23.850941750644893,23.9915953829279,23.315116564555318,23.325162887573242,51132400
2017-03-09,23.207958414597226,23.492615389650172,23.07065181256201,23.479219436645508,55541400
2017-03-10,23.62991304249022,23.66005456734871,23.308417922424187,23.445724487304688,34958600
2017-03-13,23.422288255548427,23.56294192778816,23.36870444420943,23.449077606201172,26157600
2017-03-14,23.268237785303203,23.271584857127753,22.980231197359235,23.18451499938965,52769600
2017-03-15,23.382095578410482,23.753824889163518,23.268233835305125,23.700241088867188,46410000
2017-03-16,23.75047081434862,23.75047081434862,23.46581395488618,23.532791137695312,32555000
2017-03-17,23.630167868942983,23.68070338744827,23.515623092651367,23.515623092651367,28487800
2017-03-20,23.438131799079493,23.53246338340505,23.29663442259115,23.4819278717041,24437400
2017-03-21,23.593102792925578,23.60994881835248,23.229250234582338,23.316844940185547,33434400
2017-03-22,23.246096241648345,23.390963321040438,23.151764668154446,23.28315544128418,24839200
2017-03-23,23.215780131411933,23.387597280007462,23.16524461756613,23.188827514648438,23600800
2017-03-24,23.222521916862597,23.27305744140726,23.05407188194276,23.097867965698242,20885000
2017-03-27,22.87887624238719,23.054063080873714,22.862030217188888,22.99005126953125,22982600
2017-03-28,23.023741062018615,23.374117314088853,22.96983840726921,23.316844940185547,55845200
2017-03-29,23.313477521042653,23.67733011528208,23.24946827285926,23.636903762817383,37150400
2017-03-30,23.785140706960828,23.842413093018628,23.569524901519458,23.63016700744629,31824600
2017-03-31,23.552672773438253,23.697537260023026,23.441495191771512,23.54930305480957,39722400
2017-04-03,23.586370656611976,23.603214115075236,23.273053541352432,23.508882522583008,26266600
2017-04-04,23.55941420407072,23.700911569778604,23.333691848725852,23.68069839477539,25948000
2017-04-05,23.879478533726346,24.084987803547143,23.572900774541367,23.606590270996094,45467400
2017-04-06,23.700914535325865,23.862627666613815,23.63690528302572,23.795246124267578,26249400
2017-04-07,23.80871710023947,23.872728908545756,23.667219748518416,23.70427894592285,25160600
2017-04-10,23.835673411651307,23.990647092883094,23.78513790095026,23.88283920288086,21641800
2017-04-11,23.91989324228277,23.929999828172633,23.63015911850943,23.88620376586914,27783000
2017-04-12,23.90978917238916,24.06139311737473,23.711016871050294,23.78513526916504,22907200
2017-04-13,23.764930268483486,23.781773729084364,23.296639396077804,23.350542068481445,35312000
2017-04-17,23.343795365228228,23.424650624946842,23.28652299669181,23.40106773376465,16024400
2017-04-18,23.296638108612843,23.451611817431086,23.134924959651936,23.182090759277344,29500600
2017-04-19,23.239363784526276,23.283159860434495,22.78117956601303,22.841821670532227,36250800
2017-04-20,22.909203034512572,23.12144913730283,22.88562013420254,22.952999114990234,32470800
2017-04-21,22.855294843349068,22.952996152119873,22.723904048533196,22.838451385498047,28232200
2017-04-24,23.006902683746066,23.067544790184844,22.902464500012734,22.97321319580078,26701400
2017-04-25,23.030483865109915,23.222516759456887,22.95973517459713,23.168611526489258,31182000
2017-04-26,23.060805057623863,23.40444451319537,23.0506984684029,23.091127395629883,37475200
2017-04-27,22.912569797003005,22.936152694268856,22.60935928191137,22.838451385498047,41095400
2017-04-28,23.03384665460518,23.074272996824927,22.821598076582696,22.855287551879883,28852000
2017-05-01,22.848553117597078,22.912564926716495,22.74074524296266,22.79128074645996,18838800
2017-05-02,22.83844803206819,22.912566432690145,22.58240334910397,22.676734924316406,32871200
2017-05-03,22.626204596123554,22.848557253278948,22.56219277541774,22.74074935913086,33869600
2017-05-04,22.58240030702058,22.609352916405523,22.17812144761565,22.322988510131836,67889000
2017-05-05,22.33646782377764,22.713794124627384,22.32635866613975,22.676734924316406,37487600
2017-05-08,22.673371104637113,22.878880310957943,22.653155356735653,22.838451385498047,37897400
2017-05-09,22.885611090695974,22.885611090695974,22.58240065628165,22.649782180786133,21439400
2017-05-10,22.78117883065605,23.057436726694338,22.760963082906805,22.949628829956055,36518400
2017-05-11,23.030479237980494,23.070908154583513,22.86876614191089,22.90245819091797,23937400
2017-05-12,22.885616160375047,22.929412233248023,22.757595090970494,22.824974060058594,21417200
2017-05-15,23.16524362563277,23.202302829509954,22.929412094564963,23.003530502319336,26413800
2017-05-16,23.11133347103119,23.11133347103119,22.808123035875408,22.888980865478516,23386800
2017-05-17,22.754227766142385,22.949630395542766,22.653156731530277,22.66326332092285,31213600
2017-05-18,22.562187372659224,22.767696523283725,22.47796239520139,22.656518936157227,28230000
2017-05-19,22.76770151268615,22.983317296601697,22.713796281535817,22.9361515045166,31249000
2017-05-22,23.057432172840546,23.070908478564128,22.80475722379396,22.88561248779297,20678400
2017-05-23,22.946255505810317,22.969838399194128,22.818234451775712,22.939516067504883,18173600
2017-05-24,22.91256889001681,22.98331757901379,22.71379656063612,22.8182373046875,26961400
2017-05-25,22.760965679514857,22.98669065778862,22.32299717357649,22.403852462768555,46658400
2017-05-26,22.403847323458148,22.46111969973361,22.296039439151457,22.440906524658203,26398200
2017-05-30,22.32298995983514,22.32298995983514,22.130957103595424,22.141063690185547,29058200
2017-05-31,21.96587791678664,22.11411473217622,21.93218843247343,22.046735763549805,32186000
2017-06-01,22.056846764746066,22.265723151483797,21.986098062430695,22.18486785888672,35967400
2017-06-02,22.08379399666917,22.090530865098522,21.834486168955795,21.928817749023438,33085000
2017-06-05,21.861438027104803,22.050101180713654,21.8547011589085,21.96924591064453,25105000
2017-06-06,21.95577551873579,22.265722946118668,21.90523999744995,22.228666305541992,29670600
2017-06-07,22.1377026636447,22.245510580174553,21.76374339091913,21.91534996032715,45884200
2017-06-08,21.81090659774718,22.013046095888402,21.804169728291182,21.851335525512695,39138600
2017-06-09,21.90186640564882,22.451012397232155,21.89849668646266,22.376893997192383,46368400
2017-06-12,22.575669097549177,22.75759540097676,22.488074380267093,22.535240173339844,45848800
2017-06-13,22.60261855248557,22.734011910145387,22.494810661088522,22.703689575195312,31615800
2017-06-14,22.64305330549595,22.64305330549595,22.120859741295252,22.29267692565918,60560400
2017-06-15,22.19160716850834,22.30278223129529,22.02652429373539,22.124225616455078,38517800
2017-06-16,22.256176069872254,22.500414353509207,22.113704600429894,22.490238189697266,49242000
2017-06-19,22.43935370751793,22.486844195056754,22.29009641066022,22.347763061523438,31356800
2017-06-20,22.089958595827245,22.123880003379654,21.815189242166465,22.062820434570312,32126800
2017-06-21,21.99497479263287,22.123879763185034,21.587912730348336,21.706640243530273,54611000
2017-06-22,21.716817224828084,21.879643618399285,21.604875535019108,21.693073272705078,30863200
2017-06-23,21.696462483692486,21.86267918820376,21.635402916397283,21.83893394470215,29111000
2017-06-26,21.90678259133952,21.947487250207843,21.703250238865518,21.791446685791016,27206800
2017-06-27,21.86946555712585,21.967839450620108,21.75412966584249,21.757522583007812,28455000
2017-06-28,21.784661252055955,22.008544617473245,21.771092171115882,21.876249313354492,33719800
2017-06-29,21.940704294423774,22.16458768528595,21.87625179964264,21.923742294311523,38044800
2017-06-30,22.083173370542173,22.123880613550263,21.87964233157688,22.022113800048828,39286400
2017-07-03,22.100137744672516,22.551300031373305,22.076392497374467,22.44614028930664,36805600
2017-07-05,22.334194359736863,22.354549274768225,21.906779964640982,21.99158477783203,41976400
2017-07-06,22.02889948384677,22.09334938312164,21.69985638888604,21.747346878051758,41367200
2017-07-07,21.676112262548102,21.743955082559758,21.469188297063557,21.71342658996582,32073400
2017-07-10,21.68290112434127,21.835551390954365,21.63541062042743,21.78466796875,28307600
2017-07-11,21.821975173606585,21.98140863665364,21.686286954755634,21.90338706970215,23799600
2017-07-12,22.12049333276528,22.174769670606103,21.86947174034707,21.964452743530273,29637200
2017-07-13,21.98141279823666,22.06960795735525,21.859293636954614,22.052648544311523,20113600
2017-07-14,22.066214113583502,22.225644993388006,22.045859197919288,22.184940338134766,20545000
2017-07-17,22.144235406622233,22.310452138346434,22.123883076870904,22.157804489135742,24429800
2017-07-18,22.26974870036005,22.276531947969943,21.961057879330983,22.052648544311523,29913600
2017-07-19,22.0288983309101,22.39525314415191,22.01193633365114,22.374900817871094,49605400
2017-07-20,22.500415124867455,22.581827026191537,22.246000668696738,22.30706024169922,34318600
2017-07-21,22.232431314989356,22.337588460747302,22.05603584490248,22.086566925048828,26095200
2017-07-24,22.134059942989087,22.167981356328607,21.994978783847724,22.045862197875977,20866800
2017-07-25,22.310451303736286,22.48345386426433,22.25957048126136,22.324020385742188,30958600
2017-07-26,22.449529870842326,22.605570413903813,22.286703493539598,22.347763061523438,42422800
2017-07-27,22.354551577342445,22.585220796503105,22.252784755815945,22.575044631958008,31631800
2017-07-28,22.50041638151582,22.771790263764878,22.46310205215043,22.54790687561035,29530000
2017-07-31,22.554692859889983,22.727695445393657,22.4936332760674,22.598793029785156,27039000
2017-08-01,22.612359949560897,22.724300352490232,22.497024040917662,22.59539794921875,25337400
2017-08-02,22.480064235665747,22.602183403547564,22.279926069882748,22.510595321655273,30237000
2017-08-03,22.473277660985996,22.51059198942839,22.096744047094756,22.195117950439453,30655600
2017-08-04,22.205294032502053,22.327413181853416,22.154410622266028,22.266353607177734,18742000
2017-08-07,22.17137510968452,22.212082360048914,22.028903615466195,22.09674644470215,22874600
2017-08-08,22.032293114932582,22.239217100752985,21.981412288942273,22.045862197875977,20858200
2017-08-09,22.079780100536468,22.205292156778054,21.984799123072584,22.066213607788086,20875800
2017-08-10,22.103529782665817,22.14084152290259,21.794838992037977,21.8321533203125,30524200
2017-08-11,21.76430622068849,21.886422757902377,21.66932395992726,21.68967628479004,31981800
2017-08-14,21.73038794602651,21.825368937759606,21.59809262353571,21.62523078918457,22813400
2017-08-15,21.65915021819779,21.65915021819779,21.418304843211466,21.54381561279297,25451200
2017-08-16,21.550600294889687,21.611659868387832,21.292794213245525,21.33689308166504,33166600
2017-08-17,21.252085990082147,21.333497883362934,21.02820134253191,21.034984588623047,29593800
2017-08-18,20.980714666515805,21.282620951775858,20.96714687701368,21.140148162841797,37265400
2017-08-21,21.109613594314133,21.119789757642373,20.963749214521922,21.031593322753906,20750400
2017-08-22,21.089258280865366,21.21816194675754,21.075690495523002,21.170671463012695,30343600
2017-08-23,21.126579814510908,21.370818150314893,21.106227482539957,21.26226806640625,23052000
2017-08-24,21.18763729405377,21.326717156124158,21.18085275273095,21.275835037231445,20781000
2017-08-25,21.31653643743318,21.455616269792827,21.3097518975597,21.370811462402344,16440400
2017-08-28,21.38099219268775,21.45222922956786,21.160500422781443,21.275835037231445,19912000
2017-08-29,21.17406671826574,21.275833536912707,21.092654816170786,21.248695373535156,17454200
2017-08-30,21.167284913249215,21.323325481242286,21.106225335509503,21.258872985839844,17328800
2017-08-31,21.350460206848453,21.414912695773783,21.279224471317228,21.360637664794922,20667400
2017-09-01,21.394559548550273,21.63879784038312,21.34028451636729,21.567562103271484,23191000
2017-09-05,21.655764760423036,21.79145173281265,21.533645579458934,21.686294555664062,36229600
2017-09-06,21.79483945508956,22.10013733471394,21.784663290441713,22.039077758789062,34104200
2017-09-07,22.049255896635,22.134060727006673,21.933922569587782,22.079784393310547,17280600
2017-09-08,22.032291250081137,22.045860331876025,21.74395537904354,21.845722198486328,20529400
2017-09-11,21.930529383029473,22.083177040613034,21.879645967822288,22.052648544311523,27102200
2017-09-12,22.11709708898734,22.23582591315183,22.059430429731233,22.188335418701172,18819400
2017-09-13,22.23582817276171,22.480063917025316,22.212082923123386,22.46649742126465,31786600
2017-09-14,22.51059213912204,22.72769227620998,22.507199221594416,22.575044631958008,29166800
2017-09-15,22.62144621008499,22.628318786621094,22.477098503746767,22.628318786621094,26136200
2017-09-18,22.576764960813517,22.738298020590378,22.559579588536106,22.724550247192383,25167000
2017-09-19,22.772666368131965,22.851712788302226,22.7279854486169,22.817344665527344,21008600
2017-09-20,22.882641636712908,23.033861872945778,22.86201866922541,22.97199821472168,36547600
2017-09-21,22.94107610748888,23.0373079173144,22.87577482705578,22.9788818359375,17748200
2017-09-22,22.95825923302019,23.16103300926284,22.93420128292157,23.095731735229492,29295800
2017-09-25,23.202277832366708,23.497848451030237,23.178219880713634,23.429109573364258,29667600
2017-09-26,23.370678738442543,23.463472926759643,23.305377473477467,23.418794631958008,21421400
2017-09-27,23.439414100032447,23.525335709815735,23.308814197124853,23.518463134765625,21836400
2017-09-28,23.57001471400236,23.679994260723046,23.473782938386666,23.539081573486328,23599800
2017-09-29,23.45659741080778,23.539081414762297,23.3809859812998,23.535646438598633,28575000
2017-10-02,23.284755306892567,23.535647551016684,23.195396102148717,23.528772354125977,24833600
2017-10-03,23.497840484095263,23.583762085455994,23.453159573231407,23.50471305847168,14479600
2017-10-04,23.504720851502228,23.573457106532764,23.40505144622392,23.48753547668457,20395200
2017-10-05,23.504715042117706,23.63187996682639,23.490967270085466,23.594074249267578,20323600
2017-10-06,23.37068120170754,23.50128112328336,23.315690104968365,23.394739151000977,23926600
2017-10-09,23.42222405002727,23.5150182059343,23.394728514159034,23.44284439086914,11528200
2017-10-10,23.607818827385355,23.690302826300094,23.439410609363982,23.463468551635742,15527400
2017-10-11,23.43597912356711,23.532210906985284,23.339747340148943,23.518463134765625,20574000
2017-10-12,23.33975051081263,23.463475233358462,23.30194478760259,23.432544708251953,20362200
2017-10-13,23.570017509932065,23.638753751491436,23.405046859222228,23.418794631958008,17787400
2017-10-16,23.490966797379386,23.60782154624228,23.422230560720752,23.470346450805664,15333800
2017-10-17,23.463469745035443,23.532208599393137,23.356927798430004,23.484092712402344,16754200
2017-10-18,23.466913333442726,23.56314513198842,23.291632487737438,23.319128036499023,15412600
2017-10-19,23.15759284265978,23.34318384661031,23.14728266834913,23.246952056884766,15183800
2017-10-20,23.2985030808025,23.305375655574537,23.13697004140665,23.291627883911133,19640400
2017-10-23,23.30881797207319,23.384429420467143,23.15072249912214,23.171342849731445,17310600
2017-10-24,23.253824392657187,23.31912302929487,23.16790278781666,23.216018676757812,19640400
2017-10-25,23.17477695903346,23.243513198793558,22.982313390009608,23.054487228393555,27045400
2017-10-26,23.064796288326658,23.178213438361333,22.96512691000401,23.102602005004883,18724400
2017-10-27,22.982316067374867,23.267573855518403,22.80016002876303,23.14384651184082,32376000
2017-10-30,22.98231259209473,23.329433999586946,22.98231259209473,23.264135360717773,23229600
2017-10-31,23.27444901915045,23.425671910559387,23.17134202553167,23.339750289916992,19298000
2017-11-01,23.480654250107587,23.714361102085366,23.470344077863125,23.604381561279297,34612600
2017-11-02,23.60438267154086,23.669683928319426,23.39473375231209,23.535646438598633,22656600
2017-11-03,23.525332537206616,23.697175733598538,23.50127459459651,23.604381561279297,22223800
2017-11-06,23.710928621631467,24.17490482760852,23.6696879237524,24.14397430419922,38200000
2017-11-07,24.185220498102527,24.219588624458893,23.985881694267647,24.113046646118164,26820600
2017-11-08,24.054615187747583,24.116478856940834,23.862151604532876,23.99618911743164,28493200
2017-11-09,23.903391363144344,24.10960268902355,23.86902062373175,24.068359375,25977800
2017-11-10,24.02712187204436,24.047742220733294,23.759044228490158,23.941200256347656,21068400
2017-11-13,23.87589047634306,23.96524965899993,23.776221123017834,23.8037166595459,14979600
2017-11-14,23.71436519047846,23.71436519047846,23.391299086486445,23.418794631958008,33055400
2017-11-15,23.209144196494677,23.25726008692126,23.05792132822864,23.154155731201172,35386200
2017-11-16,23.081982374785262,23.164466385497725,22.996060765508282,23.061359405517578,25028000
2017-11-17,23.106036036742815,23.22288814507833,23.04760736045612,23.174772262573242,18344800
2017-11-20,23.14728276253988,23.167905733364712,23.016682850540864,23.119787216186523,15570600
2017-11-21,23.209148573928424,23.301945395910042,23.123226950229817,23.171342849731445,16928800
2017-11-22,23.308813652798722,23.356929543384165,23.250387588819166,23.264135360717773,18615000
2017-11-24,23.35692898430118,23.405044873734898,23.32599846485921,23.32943344116211,9981400
2017-11-27,23.229767182908173,23.257262729739043,23.044178797098976,23.092294692993164,21191600
2017-11-28,23.11635159000738,23.30537756610671,23.08885604442653,23.27100944519043,24226600
2017-11-29,23.26070297292295,23.442856402675424,23.212587071558897,23.398178100585938,27198600
2017-11-30,23.45316295938309,23.79341443782267,23.45316295938309,23.748733520507812,44607200
2017-12-01,23.91714309860318,24.113046927573045,23.693748963619285,23.948076248168945,42376600
2017-12-04,24.150839450528885,24.315810057655874,23.86214416570521,23.937755584716797,27151800
2017-12-05,23.93776083420041,24.023682443352516,23.807158310132785,23.834653854370117,21379600
2017-12-06,23.765917388485114,23.807158082327074,23.49096719298155,23.52533531188965,24122400
2017-12-07,23.501277443579795,23.635314943244897,23.480657096591134,23.594074249267578,17280000
2017-12-08,23.714366580740535,23.820908548039473,22.920451669072303,23.810598373413086,21393400
2017-12-11,23.855271046498416,24.106160616076934,23.84152327770909,23.982433319091797,22633400
2017-12-12,23.917144775390625,24.10273581943669,23.88621424577637,23.917144775390625,23516400
2017-12-13,23.91713674861425,23.972127834522173,23.81403239571584,23.882768630981445,18432000
2017-12-14,23.793417134802493,23.965260381812964,23.786541936534952,23.796852111816406,23565600
2017-12-15,23.965686732516794,23.965686732516794,23.74426294697296,23.775402069091797,20306800
2017-12-18,23.834215735513148,24.079857650178063,23.827297397451694,23.95876693725586,19321400
2017-12-19,24.069477338636705,24.131752935666764,23.938007806941876,23.993362426757812,13528400
2017-12-20,24.072939120815725,24.373935656319038,24.00028469363977,24.332420349121094,24509000
2017-12-21,24.342796381087044,24.92057388294572,24.318578241475578,24.847919464111328,33606200
2017-12-22,24.875594562189427,25.00014573096823,24.771801041680796,24.899812698364258,21321600
2017-12-26,24.989771644054006,25.159298629414437,24.937874873961807,25.117780685424805,17262200
2017-12-27,25.121243730503977,25.131622557662766,24.982853209367622,25.03474998474121,21710600
2017-12-28,25.031285555635023,25.072803497314453,24.98630976516673,25.072803497314453,15933600
2017-12-29,25.138541188759337,25.152377863959615,24.958632736202972,25.000150680541992,14712800
2018-01-02,25.124704190160262,25.439540051788704,25.04512878273614,25.411861419677734,29782800
2018-01-03,25.46375877498155,25.858170053017663,25.43608014224014,25.792436599731445,38599200
2018-01-04,25.775134544372555,25.965421828384276,25.681722466499195,25.948122024536133,28613600
2018-01-05,25.91353171480841,25.958507520958705,25.723244381903044,25.9377498626709,28408800
2018-01-08,25.927363070967683,26.10726887989808,25.85816649862573,26.093429565429688,19558400
2018-01-09,26.145324909347543,26.152243246414884,25.986176761006824,26.027694702148438,18469000
2018-01-10,26.103806709113123,26.12110651097855,25.97579767779396,25.99655532836914,21644000
2018-01-11,26.08651229472466,26.622771894512187,25.993097578137913,26.529359817504883,36179000
2018-01-12,26.536280808125227,26.85457980657661,26.536280808125227,26.785383224487305,39638400
2018-01-16,26.84764711543586,26.864946913305523,26.397881406188702,26.446317672729492,33789800
2018-01-17,26.52244531348825,26.792305396715903,26.349457809923877,26.678133010864258,28014800
2018-01-18,26.577795238411426,26.643531322797713,26.411726102964778,26.46016502380371,23029200
2018-01-19,26.401341861896046,26.435941461052956,26.252572560089313,26.425559997558594,25925400
2018-01-22,26.460164156494447,27.006802547017568,26.45324317963887,26.996423721313477,34033400
2018-01-23,27.04832235568159,27.076000985855103,26.819977616119306,26.954910278320312,20369800
2018-01-24,26.986047191881934,27.120977216674984,26.788841567985976,26.882253646850586,25839400
2018-01-25,27.017182375377356,27.017182375377356,26.622771146509027,26.671207427978516,23436800
2018-01-26,26.730028849527134,26.861498397362418,26.674671583335602,26.8165225982666,15570600
2018-01-29,26.709258874874315,26.802673567821987,26.370204980861075,26.411720275878906,25294400
2018-01-30,26.190300642850907,26.262957699587112,25.858165033170618,25.878925323486328,45503600
2018-01-31,25.9481198358248,25.993095626625035,25.71631726545712,25.896223068237305,31450600
2018-02-01,25.93082293791696,26.179925338575227,25.78551408405949,26.162628173828125,36023200
2018-02-02,25.68171872835389,25.743994317731328,24.930951167642803,25.0693416595459,62010800
2018-02-05,24.733750026659695,25.04858851840016,23.623170682505176,24.017581939697266,69535200
2018-02-06,23.60587101977878,24.380854136518586,23.491698657520264,24.207866668701172,65630400
2018-02-07,24.283982668742667,24.588439675541924,23.799617209159766,23.803077697753906,49207400
2018-02-08,23.827295058656848,23.924167619485974,23.07306958417096,23.08344841003418,55542200
2018-02-09,23.35676521914004,23.38098335550036,22.29808027641159,23.066144943237305,70348200
2018-02-12,23.363692407173787,23.702749084254815,23.252980507641595,23.443267822265625,49913800
2018-02-13,23.32217734675606,23.446725925444042,23.18378681094951,23.34639549255371,24570000
2018-02-14,23.118043330813865,23.754638536423577,23.062688717914238,23.685441970825195,39513800
2018-02-15,23.733884094055885,23.751183899612247,23.24606072440731,23.626632690429688,32938800
2018-02-16,23.52629973820157,23.789241474357915,23.425966672568492,23.56781768798828,27582200
2018-02-20,23.61625397158078,23.78924146962135,23.332554580377437,23.43980598449707,35616200
2018-02-21,23.37061224122745,23.58857554037621,23.045394897460938,23.045394897460938,25090800
2018-02-22,23.211460811827195,23.6404716999195,23.152645697027015,23.297954559326172,30660600
2018-02-23,23.412124313577564,23.820374861565803,23.370609008765495,23.803077697753906,31369600
2018-02-26,23.924167656469017,23.99336158871698,23.806534804152296,23.94492530822754,24312800
2018-02-27,23.993363012690665,24.183650297034838,23.63009088746017,23.633548736572266,26931400
2018-02-28,23.758100054449645,23.844593795122243,23.07998944432603,23.090368270874023,35244000
2018-03-01,23.066155425000282,23.41905144613303,22.889710054014003,23.055776596069336,45950000
2018-03-02,22.896623431703063,23.246058887608857,22.71325712144522,23.163022994995117,29157800
2018-03-05,23.055770680135414,23.481321034171923,23.01425273548472,23.408666610717773,25663000
2018-03-06,23.55397852110114,23.640472270688395,23.304876099957074,23.42250633239746,31355800
2018-03-07,23.16994450088268,23.415586416412815,23.02809349411734,23.24605941772461,24725200
2018-03-08,23.297952759793436,23.367149336195695,23.073071145329695,23.239137649536133,16026600
2018-03-09,23.419046776018963,23.702746148404607,23.398286482716895,23.68198585510254,22786200
2018-03-12,23.695825555670996,23.848055390987536,23.557435036254105,23.675067901611328,18972000
2018-03-13,23.74771264152195,23.854963996512026,23.40865877884044,23.505531311035156,21461800
2018-03-14,23.595491456370546,23.66122754410517,23.31871306930062,23.367149353027344,22696400
2018-03-15,23.45364387483378,23.553976934345453,23.069611441371006,23.24605941772461,24817000
2018-03-16,23.258254100388825,23.557911219820227,23.21295808312519,23.453378677368164,28685200
2018-03-19,23.380203963048732,23.41156478511227,22.958594037066636,23.090999603271484,29050000
2018-03-20,23.21643594916206,23.44292130732634,23.18507778766687,23.28612518310547,22518200
2018-03-21,23.425511393773665,24.049213699669178,23.352337001049833,23.895902633666992,32879200
2018-03-22,23.631087092033976,23.75652510168723,23.362790751503844,23.4080867767334,36967600
2018-03-23,23.526553185555322,23.798337296507835,23.21296083773211,23.26522445678711,38428600
2018-03-26,23.53351536126998,23.71818717419514,23.26173400199353,23.6833438873291,31906000
2018-03-27,23.784399677135834,23.881961978153875,23.32446121635555,23.460351943969727,27846200
2018-03-28,23.474288625533895,23.55442794378805,22.965569039595252,23.003894805908203,36457400
2018-03-29,23.104937946379984,23.582299273654616,23.101455478143652,23.488222122192383,27936200
2018-04-02,23.397630907880238,23.439441799896656,22.624097505099343,23.017831802368164,37986200
2018-04-03,23.104933310881332,23.53002828722531,22.88541822926188,23.509122848510742,28228600
2018-04-04,23.150232160162027,23.5300284778721,22.989950925849982,23.47776222229004,24981600
2018-04-05,23.537004389349317,24.049206373773142,23.537004389349317,23.899377822875977,27056800
2018-04-06,23.7495505345516,23.864533127675983,23.15720396095544,23.467313766479492,37767800
2018-04-09,23.578813552856445,23.878470632736903,23.484736403764966,23.578813552856445,21639600
2018-04-10,23.951643032684824,24.550957209791843,23.94467543781338,24.359317779541016,43684400
2018-04-11,24.320983583351694,24.669421728337408,24.2896227679495,24.613670349121094,42381800
2018-04-12,24.6973047313298,24.80532240758148,24.523085588494414,24.61019515991211,28623200
2018-04-13,24.74260504086546,24.983025666133145,24.70776174167613,24.881980895996094,26660800
2018-04-16,24.937725674937724,25.251320634489144,24.805320095737304,25.136335372924805,28048600
2018-04-17,25.202539995446337,25.348883426704397,25.059679032761352,25.233898162841797,32210600
2018-04-18,25.453415273262888,25.861087388512793,25.446445019561093,25.63111686706543,34623000
2018-04-19,25.652024771187254,25.85411693463562,25.50567868668434,25.662477493286133,36300600
2018-04-20,25.610200549503737,25.631105984987634,25.376747658694352,25.54051399230957,27380800
2018-04-23,25.460377152483137,25.700800342132908,25.321001351840195,25.697315216064453,29689200
2018-04-24,25.767001612742824,25.944705823818726,25.2826727690263,25.422048568725586,45575000
2018-04-25,25.341909530583006,25.658986886142493,25.181625631391192,25.624143600463867,26326600
2018-04-26,25.71822520185709,26.01788229577852,25.63808589672273,25.996976852416992,24433800
2018-04-27,25.73216101858498,25.850631391149783,25.620660898838864,25.721708297729492,21078600
2018-04-30,25.679895155795382,26.00742792568758,25.672927561240748,25.718223571777344,25926400
2018-05-01,25.589301856290785,25.606722170993354,25.237378535480435,25.561426162719727,27601800
2018-05-02,25.484780419979444,25.868062068998107,25.44993711704568,25.665969848632812,26869400
2018-05-03,25.547493732479815,25.6485411493195,25.261774458729793,25.606727600097656,30659200
2018-05-04,25.537032240918908,25.822751416559324,25.432499732944954,25.73215675354004,27171000
2018-05-07,25.934257439684476,26.331476807291676,25.71474231286135,25.767005920410156,35947400
2018-05-08,25.77746341324,25.98304070877679,25.310554766674603,25.96910285949707,57548200
2018-05-09,26.286180270757008,26.791414628393003,26.282695144198975,26.498727798461914,49807800
2018-05-10,26.60326209483845,26.760060915558853,26.481309228749094,26.697341918945312,27780200
2018-05-11,26.75658126212444,26.916862584398867,26.676439271800398,26.735675811767578,24021400
2018-05-14,26.819290273989072,27.042290522578654,26.819290273989072,26.920337677001953,20452600
2018-05-15,26.861114427679606,26.96913213715295,26.721741197244526,26.927318572998047,20965400
2018-05-16,26.888973171082057,27.038801691799602,26.753082496288503,27.021381378173828,23994400
2018-05-17,27.10849930932511,27.467390313205915,27.09456145908847,27.429061889648438,32542600
2018-05-18,27.380277168640248,27.408152865474484,27.19560532926579,27.216510772705078,28185400
2018-05-21,27.369820372590503,27.495258331298828,27.230444567539877,27.495258331298828,23026200
2018-05-22,27.491780189843247,27.672966921581764,27.052747222820816,27.129404067993164,33166800
2018-05-23,26.97260072152784,27.14681981108674,26.749597841189896,27.125911712646484,33211600
2018-05-24,26.812318124633137,26.854131665176244,26.557959730186866,26.679912567138672,38309600
2018-05-25,26.20953061402864,26.244373914032625,25.72868403550415,25.986530303955078,64907000
2018-05-29,25.784428759462475,26.06666287223138,25.665961038478436,25.906381607055664,38655000
2018-05-30,26.129382873273542,26.808839036297687,26.11893015141318,26.69036865234375,46044400
2018-05-31,26.495245781888332,26.805355622637304,26.432526788345115,26.4882755279541,26517400
2018-06-01,26.578870922666894,26.791418480935636,26.47085590918945,26.61371421813965,28205000
2018-06-04,26.704305820758456,26.89943037950924,26.314054044884152,26.383743286132812,27378400
2018-06-05,26.25482553499882,26.52312451633999,26.195591661643647,26.321029663085938,27415800
2018-06-06,26.418590745026076,26.516153039791632,26.213013432251955,26.44646644592285,26958400
2018-06-07,26.585841172535204,27.00048090782884,26.57887091841794,26.847169876098633,30357800
2018-06-08,26.87852532650464,26.951697037098384,26.62764937111307,26.79490089416504,22473200
2018-06-11,26.787938089948852,27.056237095107345,26.732189339010752,26.934284210205078,21435600
2018-06-12,26.934270999108207,26.99698997463374,26.655519406023135,26.72869110107422,31414400
2018-06-13,26.64507419096411,26.78445002676123,26.519636204583996,26.62765121459961,25004200
2018-06-14,26.704302562026413,26.780959388859124,26.52659834149353,26.589317321777344,20582200
2018-06-15,26.43567165124483,26.488290959275673,25.962103231625626,26.01822853088379,32178800
2018-06-18,25.951582153352984,26.453214604220005,25.951582153352984,26.27781867980957,26368800
2018-06-19,25.96210884076705,26.31640672697418,25.888442864139932,26.218185424804688,25215200
2018-06-20,26.376046037746956,26.43217135478006,26.12347542027293,26.33395004272461,23311800
2018-06-21,26.148030992505937,26.162062990977777,25.723573074970492,25.846349716186523,30019600
2018-06-22,26.48477991659138,26.64965248468213,26.358494659174163,26.362003326416016,56072600
2018-06-25,26.284837319611814,26.323424642931883,25.65691949397499,25.83231544494629,36760600
2018-06-26,25.898968798677085,26.260284057868432,25.80776214762984,26.158554077148438,27047200
2018-06-27,26.376047936312006,26.839093209568013,26.36552460588145,26.509347915649414,41167800
2018-06-28,26.54793012002124,26.646151420186275,26.270804208081483,26.47426414489746,28570800
2018-06-29,26.547926824681596,26.919765322387885,26.547926824681596,26.63913345336914,26335800
2018-07-02,26.45322069004733,26.4602353510526,26.102428760523278,26.246252059936523,30593200
2018-07-03,26.519865996438103,26.82154723193688,26.347978721993815,26.411121368408203,18616400
2018-07-05,26.572482653550317,26.65667194822893,26.305880098017045,26.383054733276367,19939000
2018-07-06,26.302381341038018,26.62861795852082,26.179602018629417,26.54442596435547,18620600
2018-07-09,26.70578239997165,26.97940228927436,26.691750404905147,26.940814971923828,22118400
2018-07-10,27.105692437596847,27.3617717352686,27.07412244715616,27.14077377319336,22007200
2018-07-11,26.888197622928796,27.053070231587736,26.39007380517639,26.56546974182129,38725600
2018-07-12,26.63562977422413,26.782961733777892,26.421646495492766,26.611074447631836,25136000
2018-07-13,26.63562279308618,26.912748649896493,26.56546550016195,26.751384735107422,22846200
2018-07-16,26.488286908508194,26.618078148629312,26.21817575087738,26.44268226623535,22781200
2018-07-17,26.35498801236169,26.484781946971033,26.190118107960604,26.33745002746582,19506400
2018-07-18,26.21117053650183,26.39358114232561,25.951585286407695,26.35499382019043,30703000
2018-07-19,26.284828705068946,26.474256591194766,26.256764719792024,26.362003326416016,32463600
2018-07-20,26.362012002890904,26.42164598398487,26.186616051675834,26.27080535888672,21722400
2018-07-23,26.344468670261964,26.362009334139675,26.10943876174612,26.155040740966797,15247600
2018-07-24,26.270799942139615,26.639132434277123,26.235721294395393,26.484783172607422,20337000
2018-07-25,26.519862688816357,26.772433242972696,26.390071420279444,26.705781936645508,22070600
2018-07-26,26.76191260498057,27.046053168792277,26.70929328818924,26.9969425201416,24374800
2018-07-27,26.695254865769265,27.02149133974703,26.660176221795854,26.881174087524414,25281800
2018-07-30,27.095163144849913,27.207416435597754,27.003959186093866,27.10218048095703,22790000
2018-07-31,27.151293278348774,27.22495925532935,26.989929327391835,27.053071975708008,22581000
2018-08-01,26.818039455997614,26.828565461024976,26.533898875843825,26.677724838256836,22345000
2018-08-02,26.481282942707892,26.583012927011016,26.309395640561988,26.530393600463867,19379400
2018-08-03,26.481275536625432,26.530386180646513,26.260277638530575,26.393577575683594,15326600
2018-08-06,26.470759370379263,26.618091342298662,26.312904068512783,26.491806030273438,16400200
2018-08-07,26.761907918694504,26.835573878770848,26.604049995963063,26.688241958618164,23596600
2018-08-08,26.502323350232793,26.593527297434886,26.337450764886306,26.49530601501465,18797600
2018-08-09,26.516357676122603,26.565471002937915,26.20766177645182,26.249757766723633,30465000
2018-08-10,26.190123444122694,26.411121368408203,26.137504126055756,26.411121368408203,33955400
2018-08-13,26.36200911522962,26.453215749243142,26.06032789807909,26.074359893798828,19634000
2018-08-14,26.274313201176604,26.312900523337056,26.028757271398284,26.13750457763672,20875800
2018-08-15,25.888437302546738,25.930530607959497,25.151772341873205,25.225440979003906,52800800
2018-08-16,25.348216301623687,25.551673512289863,25.334184308417566,25.40785026550293,50026600
2018-08-17,25.47450933984148,25.537651990377807,25.37979402587205,25.47100067138672,23065400
2018-08-20,25.478006915463215,25.734086101469106,25.467483589905118,25.642879486083984,16691400
2018-08-21,25.85686958582766,25.979646210613893,25.74461628940458,25.772680282592773,19018200
2018-08-22,25.93404128172137,26.162056516886263,25.91650061888969,26.08137321472168,18690800
2018-08-23,25.95859909057617,26.004201071445806,25.86037779250025,25.958599090576172,12937800
2018-08-24,26.119961521632973,26.302374787208702,26.095406198535798,26.148025512695312,15506600
2018-08-27,26.235721696754965,26.376038966213073,26.19713438074575,26.340957641601562,13969800
2018-08-28,26.39007872889948,26.498823373482853,26.211174090770303,26.22871208190918,16787000
2018-08-29,26.312893430680777,26.49881265479574,26.232210139821767,26.39006805419922,15520800
2018-08-30,26.37954507301866,26.43216438383682,26.179593832973115,26.316402435302734,18500400
2018-08-31,26.235731747571446,26.242746409383454,26.004207762820144,26.11295509338379,17819200
2018-09-04,26.232217772577123,26.25326443008643,25.95158585924379,26.056821823120117,30189400
2018-09-05,25.937556367264385,26.035777680234087,25.674462417668373,26.021745681762695,19196200
2018-09-06,25.92351551459385,26.011213467839205,25.4709937546883,25.54115104675293,28812800
2018-09-07,25.446450121422526,25.58325877720998,25.179847471743987,25.537656784057617,20268800
2018-09-10,25.66743977695061,25.772678405576997,25.520107837937267,25.527122497558594,17823400
2018-09-11,25.50256063684515,25.91649503295889,25.43240335329861,25.769163131713867,28563200
2018-09-12,25.979644272354694,26.15854887016981,25.895454975400906,25.902469635009766,25378800
2018-09-13,25.860375073092644,25.962105028639243,25.68848781953498,25.912994384765625,22074800
2018-09-14,25.916498270551276,26.14802215256961,25.90597494433756,26.049800872802734,18988600
2018-09-17,26.11645328798307,26.26729389703976,26.028755321701958,26.09189796447754,29457800
2018-09-18,26.277822127568655,26.442692070029377,26.260281462294436,26.263790130615234,20447000
2018-09-19,26.27080500043758,26.453218285957036,26.246249674655708,26.344470977783203,21823000
2018-09-20,26.456724076095576,26.55845404679559,26.319915451164807,26.35148811340332,25024800
2018-09-21,26.493828630606185,26.613916678260793,26.313693864392032,26.525615692138672,27420200
2018-09-24,26.758725205814166,27.030690992512053,26.737531141782668,26.914133071899414,25569000
2018-09-25,27.083673093585404,27.200231018428898,27.048353245226323,27.08720588684082,26055200
2018-09-26,26.921195090922154,27.062477155241087,26.77991302660322,26.825828552246094,25457200
2018-09-27,26.931790774168107,26.96711061656503,26.75518886745225,26.825828552246094,21344200
2018-09-28,26.69868398649079,27.034229339485183,26.68455820054329,26.751665115356445,29666200
2018-10-01,26.850565226065157,27.2355589634061,26.850565226065157,27.122533798217773,25425200
2018-10-02,27.189636181644964,27.242614608470536,26.96358321668481,27.15078353881836,18936800
2018-10-03,27.267338693249076,27.45100622148273,27.189636102553674,27.369768142700195,26489600
2018-10-04,27.28147618635352,27.447482497394393,27.09781129216462,27.256752014160156,30385400
2018-10-05,27.228488928425726,27.34151676988928,27.087209516060394,27.253215789794922,23966400
2018-10-08,27.05189415937935,27.2744144129977,26.94593457193836,27.23202896118164,23157200
2018-10-09,27.327387806146863,27.677058926608108,27.210829867749112,27.475732803344727,33633400
2018-10-10,27.521654361858,27.567572605366706,26.490299353754324,26.613920211791992,52810600
2018-10-11,26.35608616706694,26.373744752047706,25.518991630669827,25.713254928588867,71184200
2018-10-12,25.967550807073952,26.04525610001571,25.39182939213678,25.783885955810547,47158000
2018-10-15,25.780353669796668,25.886315924937023,25.561368961447,25.568431854248047,23180800
2018-10-16,25.639065747522647,25.82626604845384,25.53310621114073,25.78034782409668,29142200
2018-10-17,25.730910761372446,25.80861607222864,25.39890083507686,25.61788558959961,31608400
2018-10-18,25.381237915465675,25.727376302684473,25.328256780151477,25.49073028564453,33173400
2018-10-19,25.36357563321978,25.635544192841717,25.24702037382847,25.264678955078125,27136200
2018-10-22,25.24702199762292,25.30000043951163,24.83377128776314,24.98564910888672,24589000
2018-10-23,24.618308627463637,24.62537421390372,23.986076072391526,24.33221435546875,52955400
2018-10-24,24.448772923574378,24.45583581546896,23.364437123364212,23.37150001525879,56200400
2018-10-25,23.657596588134766,23.901305427973,23.498653228520237,23.657596588134766,50666600
2018-10-26,23.46333771812028,23.77062611440162,23.092472505185288,23.480998992919922,51159800
2018-10-29,23.654068058947463,23.685855119761534,22.735738362978942,23.04302406311035,48919600
2018-10-30,23.028897296971717,23.632878444732206,22.922937724969746,23.576364517211914,52794800
2018-10-31,23.805944332259344,24.120295600004948,23.68938639395403,23.721176147460938,34575600
2018-11-01,23.770626620626913,24.035529579869863,23.52691503580908,23.922504425048828,42951600
2018-11-02,24.187401147557495,24.364003074849226,23.622272824438706,23.862451553344727,42425000
2018-11-05,24.152088257156016,24.35694722140882,24.095577019101956,24.26158332824707,26463200
2018-11-06,24.321622144542836,24.427584398425918,24.084976164900283,24.374603271484375,26144200
2018-11-07,24.6889497105794,24.85142315858431,24.40638555203863,24.773717880249023,33325800
2018-11-08,24.66069818969505,24.854961428338633,24.148553571063232,24.236854553222656,30289800
2018-11-09,23.91543613563748,24.34987812540426,23.784749720402804,24.194467544555664,45835600
2018-11-12,24.360477869680164,24.46290734278231,23.64347425269755,23.692922592163086,36083200
2018-11-13,23.62580576201825,23.752959366024562,23.025360283446314,23.14898109436035,65463800
2018-11-14,23.509253610699513,23.59755459655068,22.898212297659512,23.11013412475586,45084200
2018-11-15,22.961790616933957,23.477468084661545,22.961790616933957,23.44921112060547,40613600
2018-11-16,23.594026335299866,23.809480973139213,23.477468378160722,23.728242874145508,39511000
2018-11-19,23.583424141907013,23.816540018517646,23.509251643366905,23.721176147460938,31167600
2018-11-20,23.410355191886417,23.466869112088137,22.767524170618078,22.94412612915039,52648800
2018-11-21,23.124260923106196,23.551637340157757,23.07127979650449,23.30439567565918,34661800
2018-11-23,22.725135778671337,22.806373854726182,22.40725310302295,22.573259353637695,28843600
2018-11-26,22.73926261752785,23.064212203588717,22.735732519277292,22.912334442138672,33365400
2018-11-27,22.795785190961528,23.0147726286498,22.718079884209804,22.848766326904297,44528600
2018-11-28,22.82757115375967,23.258480419685743,22.68275893022113,23.240821838378906,42296400
2018-11-29,23.25848665085941,23.579903636703715,23.226699579151614,23.3927059173584,28828400
2018-11-30,23.187834011919154,23.41741706049887,23.071276091062,23.35030746459961,36258000
2018-12-03,23.88365439216592,24.014338141748315,23.59049443841574,23.869525909423828,43990800
2018-12-04,23.880115382940545,23.957820670432792,23.14191784649604,23.184303283691406,36592600
2018-12-06,22.675695108795153,22.79225307237844,22.27657556969394,22.756933212280273,70712200
2018-12-07,23.191371658721412,23.533977211995193,22.590923352559464,22.629776000976562,54891400
2018-12-10,22.47083123763251,22.58032492923277,21.764423453448448,22.276569366455078,46765600
2018-12-11,22.619185905759263,22.661571358528402,22.050527214420956,22.283641815185547,34483200
2018-12-12,22.647436777463398,22.799314573917133,22.357808317642785,22.371936798095703,38534800
2018-12-13,22.3189532850086,22.58385620204524,22.220056627138682,22.442575454711914,30598000
2018-12-14,22.304826064929465,22.396658482963456,21.824468561697127,21.930429458618164,45787200
2018-12-17,21.873921212702356,22.057587432428516,21.37590368613636,21.531312942504883,41464600
2018-12-18,21.492456011030434,21.570161297421624,20.906137611795057,21.022695541381836,53234000
2018-12-19,21.13219026579125,21.531309708014895,20.60238440871983,20.775453567504883,91097800
2018-12-20,20.521145404410817,20.835497997292638,20.076109097275395,20.199729919433594,77008800
2018-12-21,20.20329414084314,20.538412306194488,19.83609158260753,20.003650665283203,74787400
2018-12-24,19.76835757613654,19.86461484433049,19.17655468869804,19.194379806518555,31211800
2018-12-26,19.37976681734839,20.3922491591515,19.02325896967081,20.388683319091797,58194000
2018-12-27,19.978697495507806,20.52058951625329,19.707750805150397,20.495634078979492,48754600
2018-12-28,20.58832757785443,20.681019017047813,20.21399462116006,20.33877182006836,38874800
2018-12-31,20.52059025443999,20.595456568954543,20.20686299746599,20.445722579956055,37410400
2019-01-02,20.121299367209872,20.98761341385329,20.017913140714402,20.848575592041016,49785200
2019-01-03,20.909184611888595,20.984050929217315,20.406508629872363,20.641803741455078,36048200
2019-01-04,20.998310286452025,21.408293446766407,20.877097578191826,21.3441219329834,42703000
2019-01-07,21.504546464256283,21.818273651816313,21.219340548278563,21.661409378051758,36113400
2019-01-08,21.964450961616873,22.014361847806228,21.711330690245337,21.828977584838867,37384600
2019-01-09,22.12130889958698,22.24965192623557,21.893144123309202,22.174785614013672,37513600
2019-01-10,22.007227730043272,22.26747827739392,21.882450536097554,22.23895835876465,38335200
2019-01-11,22.124872603720526,22.249649778713604,21.910967126629124,22.107046127319336,28211800
2019-01-14,21.896705512174996,22.142696731852265,21.864621120010987,22.053569793701172,26383400
2019-01-15,22.17478051520533,22.34233821927381,22.021482086398468,22.131999969482422,19642400
2019-01-16,22.107047679622244,22.28530157639703,22.028616889820466,22.103483200073242,25082200
2019-01-17,21.935927449838424,22.402953220256112,21.886016568719032,22.30669593811035,20349600
2019-01-18,22.57051173012868,22.777285569138094,22.43860285079271,22.75946044921875,29063600
2019-01-22,22.509904019760786,22.559814898035647,22.203307070393013,22.263914108276367,39726400
2019-01-23,22.34234502648226,22.370866305633342,21.853929680760274,22.035749435424805,46735400
2019-01-24,21.989397649367515,22.353035709635492,21.90027071381073,22.153390884399414,26098400
2019-01-25,22.34233911810993,22.574069690038872,22.306688888568132,22.43503189086914,20467200
2019-01-28,22.13913403467588,22.221132026184694,21.96801045233664,22.21043586730957,24044800
2019-01-29,22.338781033567017,22.427907992902977,22.260348874161135,22.278175354003906,23768200
2019-01-30,22.41721180393479,22.663201706870762,22.295999092349806,22.591899871826172,24233000
2019-01-31,22.627551076523478,22.84502105764801,22.56694404179842,22.738067626953125,35688400
2019-02-01,22.98405645133639,23.269261036418726,22.909190145754586,23.1337890625,29544800
2019-02-04,22.97692440009063,23.194394354655763,22.805802195804286,23.187265396118164,20215800
2019-02-05,23.16943894054994,23.26213172125186,23.094572636115533,23.222915649414062,15705400
2019-02-06,23.11240163349163,23.176573147140743,23.03040364163049,23.051795959472656,13607600
2019-02-07,22.909194275571885,22.987626434588407,22.331650602763894,22.541990280151367,29200200
2019-02-08,22.481386277495872,22.534861640838365,22.057141051143116,22.4386043548584,21268800
2019-02-11,22.331643939201548,22.581199621632106,22.26747243914886,22.545549392700195,24994800
2019-02-12,22.848588532395073,22.96267366418192,22.566948343129216,22.830764770507812,21354600
2019-02-13,22.923451175918174,23.297782710243418,22.898495740296493,23.115962982177734,26123400
2019-02-14,23.033972337826974,23.37265370634757,22.991190416775716,23.197965621948242,20426400
2019-02-15,23.440389177279684,23.59012180897281,23.386912460263908,23.572298049926758,20367600
2019-02-19,23.454651738871785,23.73272742621891,23.419001497918902,23.643600463867188,17443200
2019-02-20,23.607955244200586,23.861075544724127,23.60438940336515,23.743427276611328,19871400
2019-02-21,23.668551251322263,23.72915692102107,23.290653875625576,23.3762149810791,23732200
2019-02-22,23.55090134726051,23.622204529988377,23.32630244152892,23.443950653076172,19896600
2019-02-25,23.369083373314158,23.561595158778204,23.34769105942178,23.483165740966797,31808800
2019-02-26,23.4617820336764,23.62221220699876,23.40117634861513,23.408308029174805,21101400
2019-02-27,23.522388148390895,23.739855425381528,23.38691343033967,23.497432708740234,20588000
2019-02-28,23.500994131398134,23.53308124859662,23.115965044648668,23.262134552001953,22498800
2019-03-01,23.386914096574127,23.693511060981493,23.386914096574127,23.689945220947266,40655800
2019-03-04,23.77550706042442,23.832546896474717,23.37621732831725,23.732725143432617,39560000
2019-03-05,23.7648123328804,23.77550713217593,23.486733951502632,23.654293060302734,31615000
2019-03-06,23.46177859412252,23.511689470966417,23.237179648325,23.354827880859375,45381000
2019-03-07,23.369084423642075,23.38690817942559,23.12309320236006,23.21578598022461,46892400
2019-03-08,22.84145130646706,22.88779633453112,22.570506016362746,22.780845642089844,31243000
2019-03-11,22.948409005242038,23.190834427970355,22.927016686807427,23.137357711791992,26424200
2019-03-12,23.176571851258196,23.404736615933412,23.169440172396666,23.28708839416504,22026200
2019-03-13,23.433261498334257,23.533083258251843,23.337002858457325,23.522388458251953,26413600
2019-03-14,23.543772646557787,23.66498397861392,23.518817212314566,23.547338485717773,24640800
2019-03-15,23.527219521550354,23.609857879727183,23.44817222849698,23.53799819946289,24854800
2019-03-18,23.566736880165585,23.90448335737551,23.55595820387517,23.864959716796875,20135800
2019-03-19,23.983536829452042,24.105698847304907,23.70328020847535,23.800291061401367,25052000
2019-03-20,23.778729903943773,24.224265929148913,23.70687022742618,24.008684158325195,27325800
2019-03-21,23.936833505833608,24.217090187686427,23.88653116505346,24.177566528320312,35755800
2019-03-22,23.95837982415509,23.997903465301313,23.433796554079738,23.523622512817383,39949600
2019-03-25,23.423019527814898,23.573926491220746,23.308042402181265,23.53440284729004,24692600
2019-03-26,23.80747371156958,24.03383414871946,23.742798909345208,23.872148513793945,23033000
2019-03-27,23.85418456076775,23.961976822120597,23.523625646483264,23.703277587890625,19165200
2019-03-28,23.60267354755702,23.821849141023936,23.555962287173845,23.79310417175293,18298400
2019-03-29,24.02305764191647,24.080544837269436,23.678126245985506,23.757173538208008,20075200
2019-04-01,23.91526431971289,24.120067412619807,23.882928287750662,24.069765090942383,24823400
2019-04-02,24.130848891903316,24.15240624659902,23.846998509569122,23.90448570251465,22304800
2019-04-03,23.97276060281203,24.01946913066267,23.591899283165528,23.674537658691406,23979600
2019-04-04,23.688902783946432,23.890112061412996,23.573925662355425,23.872148513793945,21008600
2019-04-05,23.93683510186289,24.321290298472213,23.926053678458008,24.292545318603516,34538400
2019-04-08,24.32846716382924,24.52249160216153,24.299722193423435,24.40032958984375,21204200
2019-04-09,24.32846656285405,24.32846656285405,24.026652604862456,24.10210609436035,29083800
2019-04-10,24.156010453896695,24.30332367653235,24.12726547441145,24.191940307617188,18751200
2019-04-11,24.170370534632454,24.378767440637088,24.023057370919542,24.20989418029785,21828400
2019-04-12,24.55842087338343,24.576387164787036,24.21348946034955,24.27457046508789,30853600
2019-04-15,24.245828886364603,24.303316086108534,24.091328096475337,24.13085174560547,16601400
2019-04-16,24.21708836089448,24.32487790817581,24.13085617481506,24.28894805908203,16260400
2019-04-17,24.436257084182408,24.4901532131967,24.224266374398454,24.25660514831543,21869200
2019-04-18,24.324871268120088,24.357210042367083,24.08054452319676,24.14162826538086,19519000
2019-04-22,24.364396000312595,24.66980650104064,24.296130125006254,24.651840209960938,28329400
2019-04-23,24.66980224541545,24.72369562681547,24.45062669015313,24.61231231689453,20424400
2019-04-24,24.63387714725842,24.64824963375153,24.170374737623806,24.181156158447266,22038200
2019-04-25,24.177560057483007,24.303315875776324,24.05180423918969,24.105697631835938,24121800
2019-04-26,23.92963866388349,23.936826276836815,23.584707256444855,23.79310417175293,33676800
2019-04-29,23.800287636456982,23.90089228168701,23.72483415253446,23.77154541015625,25949000
2019-04-30,24.00149872436793,24.019462272440627,23.724833219593787,23.753578186035156,28654000
2019-05-01,23.760766613945666,23.83262904080674,23.261334397664175,23.279300689697266,44311400
2019-05-02,23.131981230157535,23.272109514500414,22.862504709168846,22.87328338623047,56066000
2019-05-03,23.08886373365535,23.26851563970966,23.03496761358495,23.085269927978516,39249000
2019-05-06,22.90921185498309,23.18228216577003,22.887654502147626,23.106828689575195,40689400
2019-05-07,22.83376523448718,22.9235912199656,22.614589610618115,22.90562629699707,30129000
2019-05-08,22.894847617343103,23.096056947607877,22.844545284776913,22.90562629699707,19647400
2019-05-09,22.79783538855012,22.99185984613609,22.603810930964148,22.90562629699707,28819000
2019-05-10,22.90562592032173,23.070905401931473,22.58225182966289,23.013418197631836,26150000
2019-05-13,22.80502134793151,22.91640469133109,22.510392228881425,22.618183135986328,28139600
2019-05-14,22.740345169017846,23.08887040608647,22.718786440632396,22.894845962524414,18484000
2019-05-15,22.76549760458148,23.063720529370826,22.704415222730034,23.013418197631836,20184600
2019-05-16,23.0709010807321,23.225401853927004,23.0709010807321,23.139169692993164,18753000
2019-05-17,22.984673602821523,23.110429434237005,22.876881323738807,22.90562629699707,21111400
2019-05-20,22.909214667384685,23.024193169375458,22.869692392122676,22.916400909423828,16372200
2019-05-21,23.013414786613335,23.246960117383644,22.984669818088317,23.18228530883789,36761000
2019-05-22,23.04215315381566,23.096049275453552,22.74752549960387,22.822978973388672,19274000
2019-05-23,22.44211991137527,22.460084831164533,21.924722820012637,22.05766487121582,47927200
2019-05-24,22.233724341210085,22.319956504322967,21.94987394880618,22.140304565429688,20306800
2019-05-28,22.15467562302621,22.194199266339616,21.878011490467802,21.910348892211914,25861200
2019-05-29,21.60853658648274,21.784596102679046,21.47918696162596,21.77022361755371,33903200
2019-05-30,21.73429899211951,21.77382127974703,21.425297340935227,21.49356460571289,30347800
2019-05-31,21.198932696135447,21.39295715484927,21.11629295349121,21.11629295349121,43797000
2019-06-03,21.26001169948357,21.48996735324659,21.227675663389697,21.38576889038086,36049400
2019-06-04,21.586979837847885,21.806154074326265,21.52948989572622,21.75585174560547,29486800
2019-06-05,21.798964748499426,21.806150990248273,21.38576612770673,21.51511573791504,31763800
2019-06-06,21.558232800103426,21.996583972308898,21.558232800103426,21.913944244384766,64787800
2019-06-07,21.98221375535893,22.154679471071272,21.92831761954572,22.014551162719727,31548200
2019-06-10,22.133114568258037,22.27683664324275,22.04688241977544,22.079219818115234,19675600
2019-06-11,22.27324950770951,22.345109191664417,22.115154913483245,22.12234115600586,19045200
2019-06-12,21.978617680130036,22.0289213746603,21.741477174172342,21.80974578857422,27633000
2019-06-13,22.06126123209327,22.1654583271905,21.802561971138644,22.06485366821289,24383000
2019-06-14,22.118751307279965,22.12234374364367,21.867238272111617,21.921133041381836,15832600
2019-06-17,21.874423452675885,22.16545875624773,21.806154829360445,22.10437774658203,17590400
2019-06-18,22.24809349741233,22.542723912262534,22.20857122566653,22.409780502319336,34444200
2019-06-19,22.377445868307323,22.513981730515376,22.266062539426382,22.384632110595703,17655400
2019-06-20,22.74393631911102,22.916402024536083,22.718785156067923,22.88047218322754,51908000
2019-06-21,22.91528040149881,23.12920474912962,22.91528040149881,23.04581069946289,32712600
2019-06-24,23.038558703453116,23.10382385198443,22.802878846740434,22.83913803100586,20793200
2019-06-25,22.824632629009372,22.846386754774944,22.632462424819952,22.65784454345703,23774600
2019-06-26,22.886276693687364,23.179969910815107,22.828263372382132,23.005929946899414,28653600
2019-06-27,23.00592687496051,23.07481725257833,22.788375911755058,22.835512161254883,21217400
2019-06-28,22.889900995884226,23.121954257703006,22.889900995884226,23.10019874572754,34739200
2019-07-01,23.38663786989986,23.46278007984672,23.063938746951955,23.121952056884766,29772600
2019-07-02,23.05306409196084,23.100198960292342,22.650596107128987,22.752119064331055,24190800
2019-07-03,22.784748684941274,22.86089089296417,22.64696655865243,22.842761993408203,13974600
2019-07-05,22.759371998286916,22.897154149089996,22.708610517240153,22.875398635864258,14726400
2019-07-08,22.839141079044527,23.034935167622066,22.773875921803132,22.908031463623047,17256400
2019-07-09,22.8717741023837,22.940664488301724,22.719488271477196,22.92616081237793,14976200
2019-07-10,23.07119323726134,23.299621276522384,22.91890741670512,23.219852447509766,23534800
2019-07-11,23.28874756030288,23.292371404838565,23.121958040827955,23.266990661621094,25362600
2019-07-12,23.28149179534819,23.44465606931642,23.28149179534819,23.364887237548828,16162800
2019-07-15,23.404768410284838,23.41926931742119,23.103823410787765,23.154584884643555,19077800
2019-07-16,23.10745216268435,23.14733657912594,22.817385565581848,22.908031463623047,21174200
2019-07-17,22.889894762733867,22.962411733091766,22.63245944880602,22.646963119506836,27329400
2019-07-18,22.538193313366243,22.65059471130371,22.40766301463795,22.65059471130371,25509000
2019-07-19,22.672350876432898,22.831888537280456,22.567202689138437,22.75574493408203,19930600
2019-07-22,22.842766253923074,22.937037379084902,22.679603361194296,22.86089515686035,15686200
2019-07-23,22.860893111031785,22.98417157637834,22.792002732776496,22.92253303527832,14537600
2019-07-24,22.89352833572139,23.169092646921772,22.868147594314337,23.02043342590332,19815400
2019-07-25,23.107450698297164,23.13645804774245,22.690480423620276,22.759370803833008,20140800
2019-07-26,22.75937151426018,22.762996741480727,22.54544714643652,22.64334487915039,19307600
2019-07-29,22.62521321189585,22.643342112076372,22.385908133332276,22.552696228027344,16569800
2019-07-30,22.46205807802472,22.86089955190938,22.418548425981115,22.8065128326416,21602600
2019-07-31,22.806502878063984,23.002296918373514,22.545442313456217,22.733985900878906,30556000
2019-08-01,22.483803927332257,22.588953482242008,22.077710763891965,22.219118118286133,50380400
2019-08-02,22.3097676670679,22.440297979700514,21.675246389773392,21.900049209594727,43399800
2019-08-05,21.493955334765246,21.551968655356713,21.09511392859224,21.247398376464844,55153800
2019-08-06,21.301782292361324,21.42506074733659,20.993586846496356,21.222013473510742,33995000
2019-08-07,20.83405287614347,21.164003889724146,20.7252780751113,21.062480926513672,49604400
2019-08-08,21.203885151810148,21.678870084871143,21.105987430500793,21.667991638183594,46535600
2019-08-09,21.686123430589465,21.73325829797836,21.33804215844257,21.428688049316406,29186400
2019-08-12,21.377921117943377,21.410553685658826,21.08060278237871,21.174875259399414,43838000
2019-08-13,21.080600041453824,21.570088493541665,20.96820006527313,21.37066650390625,28695200
2019-08-14,20.913820225752783,20.964581703757837,20.500475181258462,20.53310775756836,47299400
2019-08-15,20.424332600803247,20.522228944844347,20.18502612335807,20.40620231628418,28575800
2019-08-16,20.514978501937694,20.736153311837228,20.446086740279508,20.674514770507812,42798600
2019-08-19,20.964588106908,21.207519889889923,20.924703681108955,21.131376266479492,27763200
2019-08-20,21.02984513741953,21.055225874347464,20.873934105921432,20.953702926635742,19042600
2019-08-21,21.171252246591234,21.20751142973802,21.01171599018461,21.087858200073242,24074800
2019-08-22,21.160377512641823,21.243771568340176,20.982710953530333,20.993589401245117,18706200
2019-08-23,20.743401957463167,20.93919738181971,20.17414596613293,20.290172576904297,48817800
2019-08-26,20.467839328037602,20.57661410394018,20.29017280031788,20.377193450927734,21610600
2019-08-27,20.485967838925102,20.569361878309543,20.141513235800645,20.250288009643555,23662600
2019-08-28,20.355441104479233,20.641882452597002,20.253918148952547,20.540359497070312,31388800
2019-08-29,20.699893610139927,20.928321619413087,20.678138100588928,20.84130096435547,24663400
2019-08-30,20.921069782896087,21.102361546381932,20.718022509859235,20.84130096435547,26044600
2019-09-03,20.504102438561436,20.783291978379832,20.442463890065433,20.739782333374023,27929600
2019-09-04,21.029848098754883,21.120493995732275,20.968209552720637,21.029848098754883,22381800
2019-09-05,21.214765208506474,21.526587316712995,21.182132630132614,21.290908813476562,29077000
2019-09-06,21.247397814105167,21.428689609048543,21.127745948678786,21.403308868408203,24468600
2019-09-09,21.577341353276324,21.881911518633473,21.533831724838485,21.83115005493164,49514200
2019-09-10,21.965313534844586,22.407664553739384,21.921802510182225,22.088590621948242,51436000
2019-09-11,22.21186688091749,22.38590819594728,21.990692085062218,22.11034393310547,45504000
2019-09-12,21.831149740127604,22.13209467508622,21.649858010580328,21.972557067871094,38119000
2019-09-13,22.117600998916046,22.26263500134797,22.023329865538027,22.146608352661133,28123200
2019-09-16,23.074817211929236,23.078443822040178,22.62521437842703,22.88990020751953,61355600
2019-09-17,22.90440370833939,22.911655545797824,22.418543046943462,22.57082748413086,52900000
2019-09-18,22.407663305376932,22.552697279878288,22.30614035311388,22.462051391601562,23209000
2019-09-19,22.59621015837239,22.646971641781107,22.335149520102785,22.404041290283203,28037000
2019-09-20,22.418672473851124,22.510147389414843,22.31256123680607,22.422330856323242,40300200
2019-09-23,22.272310490268183,22.488191331706144,22.24669762736845,22.42964744567871,18660800
2019-09-24,22.360131243283767,22.38208433232048,21.943005802026864,22.074729919433594,41101000
2019-09-25,21.972276313913934,22.136931455136246,21.921050580155118,22.111318588256836,20248400
2019-09-26,22.012526008068285,22.063751743001234,21.712488364206777,21.82225799560547,28011000
2019-09-27,21.701510010409983,21.986911307410146,21.66126082323376,21.8185977935791,31263200
2019-09-30,21.716146629711467,21.80396317183378,21.63930802772731,21.66126251220703,39616800
2019-10-01,21.734443203558804,21.814940190140216,21.156320995201355,21.15998077392578,32749400
2019-10-02,21.035574182727775,21.086799916951215,20.58185794455509,20.64040184020996,37824600
2019-10-03,20.52697322470295,20.885556169712736,20.35865969266758,20.863601684570312,40914200
2019-10-04,20.951418023071813,21.024598248571436,20.739196904499288,20.99532699584961,20275800
2019-10-07,21.028254553189637,21.10875153172226,20.797737369481347,20.808713912963867,23284800
2019-10-08,20.596491302552554,20.757486643479027,20.42451802316093,20.45379066467285,40038400
2019-10-09,20.636743457392534,20.753831248702276,20.60015265023538,20.64040184020996,17833800
2019-10-10,20.709918563018835,20.955072041682673,20.676987540386268,20.90018653869629,20111400
2019-10-11,21.116074197499135,21.379522463654936,21.079484780887174,21.181936264038086,45127800
2019-10-14,21.028258795409272,21.2477980841282,20.947760404840512,21.17095947265625,24321200
2019-10-15,21.12705486413717,21.47100017036151,21.101440594248878,21.258777618408203,22170000
2019-10-16,21.18559376071334,21.3356125859347,20.955076552662156,20.96239471435547,23910600
2019-10-17,21.05021436344586,21.116076436969827,20.911173448936967,20.977035522460938,22616200
2019-10-18,20.922147406338976,21.090460953046787,20.86360350331901,20.86726188659668,20555600
2019-10-21,20.907509825492117,21.25877322250769,20.881896956697023,21.240478515625,20948000
2019-10-22,21.30633939720203,21.760055640070117,21.24047733943414,21.514902114868164,39393800
2019-10-23,21.47830823736783,21.73809663577243,21.38683333124258,21.694189071655273,23640800
2019-10-24,21.818597302998775,21.8332322287185,21.489287047867215,21.60271644592285,24233600
2019-10-25,21.610033513845995,21.840549284984295,21.580760872293997,21.77834701538086,23750000
2019-10-28,21.85152633586668,21.975932265816617,21.617350796148283,21.653940200805664,23513200
2019-10-29,21.57344672109218,21.92471011021632,21.500266499408824,21.74176025390625,26936800
2019-10-30,21.792982286438622,21.80395882859372,21.214860205800854,21.29901695251465,31013400
2019-10-31,21.211209828125114,21.24414086281385,20.99898729439841,21.207550048828125,30064800
2019-11-01,21.313656458833446,21.730781872640254,21.295361753907912,21.690532684326172,26620200
2019-11-04,21.9393481176975,22.46258485856979,21.935689734441013,22.3967227935791,43060400
2019-11-05,22.45892399455611,22.623579138845432,22.352812746481145,22.425992965698242,35110200
2019-11-06,22.39306004626453,22.44062739410917,21.906412815984023,21.968616485595703,35655800
2019-11-07,22.191816102928623,22.367447781457983,22.1332722100855,22.29792594909668,26483400
2019-11-08,22.162543844567764,22.23572406084522,21.953981135444764,22.206451416015625,20779600
2019-11-11,21.997887844549187,22.184497458531204,21.913731087657943,22.08204460144043,28961000
2019-11-12,22.14790654195428,22.268654102837644,21.85518708559586,21.968616485595703,25082400
2019-11-13,21.855187046210688,21.950321741728526,21.782006833303843,21.87348175048828,21151200
2019-11-14,21.86616714487473,21.986914725173044,21.71248992900054,21.81494140625,16233600
2019-11-15,21.906415385959253,22.06741215269125,21.88080251776037,21.98325538635254,18363600
2019-11-18,21.844210282009225,21.869823146898263,21.624669645507737,21.716144561767578,25508200
2019-11-19,21.646625788072843,21.664920493568623,21.368542635465932,21.394155502319336,30758200
2019-11-20,21.38683592132313,21.767371911880584,21.255111817222744,21.610034942626953,34290000
2019-11-21,21.683211493189344,21.98325047438606,21.613691065868483,21.964954376220703,31283400
2019-11-22,21.983255783002758,22.089365640685582,21.847871882026876,21.891780853271484,22984000
2019-11-25,21.866163274264984,21.95032142516183,21.782006519164582,21.91373062133789,24672000
2019-11-26,21.943001520221465,21.950319680404558,21.631985993523525,21.71248435974121,26804000
2019-11-27,21.738097582781474,21.81127779002899,21.588078786032423,21.767370223999023,19336600
2019-11-29,21.588085500004535,21.66492411340315,21.467337911123742,21.547836303710938,15660400
2019-12-02,21.621016533717768,21.76005883115107,21.522223432578066,21.547836303710938,30779000
2019-12-03,21.357563721706146,21.39415452682586,21.149001017811504,21.225839614868164,33891000
2019-12-04,21.412453873637855,21.61004007673088,21.34293342253333,21.544178009033203,34853000
2019-12-05,21.635650669133227,21.661263537673822,21.36854404306944,21.441722869873047,21784800
2019-12-06,21.53319821729895,21.91739404446133,21.529539834206393,21.851531982421875,33459200
2019-12-09,21.683210454035205,21.92836392057967,21.683210454035205,21.825912475585938,16812600
2019-12-10,21.89910043331746,21.9503275730187,21.774694457065266,21.869829177856445,17570200
2019-12-11,21.836892658025047,21.983253085957323,21.78932530957758,21.833232879638672,24872400
2019-12-12,21.866164040787044,22.3125620925126,21.840551175110644,22.2357234954834,44981600
2019-12-13,22.312563551894247,22.455264211652427,22.052775099729526,22.067411422729492,22743000
2019-12-16,22.22474583237552,22.451603229423768,22.213767893498243,22.363786697387695,22271800
2019-12-17,22.458925893016186,22.57967207850401,22.294270734808507,22.378427505493164,46292400
2019-12-18,22.35281200722445,22.60528228958728,22.323539362187088,22.462581634521484,25881400
2019-12-19,22.46623916915957,22.528441439956502,22.415012045460667,22.45526123046875,25534800
2019-12-20,22.52287537149411,22.69652660307759,22.48223347393923,22.670663833618164,34839600
2019-12-23,22.644799940199466,22.91820674931881,22.61893717202372,22.90342903137207,26944400
2019-12-24,22.955156019018368,22.988408352977377,22.85170353035965,22.892345428466797,10074800
2019-12-26,22.992099095651024,23.069687393830495,22.855395702275523,22.884952545166016,20312400
2019-12-27,22.96993596691317,22.99210466150885,22.77411743093849,22.788896560668945,21436600
2019-12-30,22.876793389752514,22.91865069648019,22.682729410409227,22.716976165771484,29259000
2019-12-31,22.602821683906807,22.869183734310187,22.538132720548624,22.84635353088379,21444800
2020-01-02,22.998562147659324,23.08608132181956,22.918653525804032,23.051836013793945,23889400
2020-01-03,23.261119828690763,23.329613344063507,22.86918439037688,22.983341217041016,59005800
2020-01-06,23.063245693327588,23.280141302541747,22.983337090262182,23.162179946899414,44916200
2020-01-07,23.09749664307014,23.124132848933343,22.83113313287374,23.101301193237305,22925000
2020-01-08,23.078469992260242,23.10510619697293,22.690340571578428,22.720781326293945,38042800
2020-01-09,22.709364073242735,22.911038590264866,22.44300059978677,22.888208389282227,30733600
2020-01-10,22.87679476320248,22.89582041697614,22.732198633271196,22.758834838867188,18302400
2020-01-13,22.72458785109575,22.838743224144885,22.606626476391863,22.76644515991211,17557000
2020-01-14,22.71697600546818,22.79688461689482,22.568573883800358,22.770248413085938,34678000
2020-01-15,22.67131294936544,22.73980500441769,22.538130485805002,22.602819442749023,21661600
2020-01-16,22.736000758259237,22.812104816800556,22.6294559472399,22.640871047973633,16449000
2020-01-17,22.701755484104837,22.71317058558256,22.458223642151516,22.496274948120117,23818200
2020-01-21,22.370706556509308,22.374511106834085,22.05487517166941,22.092927932739258,34709200
2020-01-22,22.05106698913353,22.06628809105428,21.81895026531673,21.879833221435547,29355400
2020-01-23,21.65152167454339,21.864611287064218,21.484092462918035,21.796117782592773,26556000
2020-01-24,21.697187231732183,21.79612150421471,21.37755130680996,21.544979095458984,40781200
2020-01-27,21.111190243514336,21.194904873333922,20.920930776880397,20.947566986083984,43365000
2020-01-28,21.065523838087053,21.17206865193972,20.958979024234385,21.042692184448242,28600200
2020-01-29,21.16065055690384,21.2367546067011,20.7953528597538,20.821989059448242,27490800
2020-01-30,20.60509466070095,21.01224968152283,20.551820806646376,20.989418029785156,48861000
2020-01-31,20.63553877744864,20.692617190321204,20.228383690213086,20.334928512573242,66861000
2020-02-03,20.308293136098484,20.338735344623853,19.99626775653542,20.068567276000977,42578400
2020-02-04,20.3577590531133,20.517576277900915,20.10281211312422,20.1408634185791,39639600
2020-02-05,20.475719480497805,20.97039368647404,20.464302928135176,20.898094177246094,68764000
2020-02-06,20.997034405172545,20.997034405172545,20.650762241360656,20.685009002685547,30801200
2020-02-07,20.52899207988006,20.627926341382494,20.43386236815825,20.540407180786133,27386600
2020-02-10,20.433863296726177,20.483331155507443,20.312097376314032,20.437667846679688,29281200
2020-02-11,20.715441967207145,20.74588416651445,20.574650424320755,20.66597557067871,27689200
2020-02-12,20.974198764281223,21.061717926255803,20.77252423675563,20.943758010864258,34399600
2020-02-13,20.88668274172027,20.997033574017244,20.75730625423248,20.879072189331055,23949800
2020-02-14,20.95136758616887,20.96658723638629,20.63934225746733,20.768718719482422,25040000
2020-02-18,20.586071849289837,20.76491619626846,20.407228953875624,20.597488403320312,32629400
2020-02-19,20.734468699134634,20.955168833935247,20.6203119053246,20.8714542388916,24910800
2020-02-20,20.92473497555834,21.080747666688648,20.79535849133581,20.848630905151367,26101600
2020-02-21,20.650761428601694,20.66978708379683,20.43005976395763,20.601293563842773,27616400
2020-02-24,19.825034149814606,19.939190981298996,19.589112837771392,19.649995803833008,66075000
2020-02-25,19.703266540037806,19.718487643148297,18.660645653562028,18.782411575317383,85674600
2020-02-26,18.850908117249293,18.942231847460157,18.207830197343746,18.21544075012207,97656600
2020-02-27,17.743598826003414,18.086065005839032,17.233703381232324,17.241313934326172,122557400
2020-02-28,16.697170327478787,17.44298704941416,16.56018328639587,17.226091384887695,137511600
2020-03-02,17.610410445631214,17.945267412158096,17.096710621574964,17.922435760498047,73285400
2020-03-03,18.02517762697111,18.261100360522807,17.18042676193075,17.37449073791504,97190600
2020-03-04,17.747401035936537,17.789258346649543,17.378297243173897,17.78545379638672,48969000
2020-03-05,17.275556740290313,17.355465352124796,16.849374574044575,17.134763717651367,58774600
2020-03-06,16.552565406350528,16.70096748464001,15.928514896844074,16.172046661376953,123034800
2020-03-09,13.344795933280253,13.862301800751267,12.834900616985484,12.914809226989746,133113800
2020-03-10,13.95362652914649,14.010704941348019,12.694109974708324,13.527445793151855,96862200
2020-03-11,13.108875604031228,13.337186349624107,12.606590802475438,12.8120698928833,86954600
2020-03-12,11.868382952114237,12.176603012653029,11.179643321647939,11.213890075683594,77658200
2020-03-13,12.161383151962003,12.260318874415248,10.958943539778447,12.248902320861816,68196800
2020-03-16,10.63550274980502,11.84174760161234,10.528957204492755,10.582229614257812,80467200
2020-03-17,10.684968186366143,11.103539023721169,10.254982249178932,10.654526710510254,90887200
2020-03-18,9.90871206558897,10.114191885082983,8.706271727116885,9.124842643737793,104271600
2020-03-19,9.258023252165373,9.783138926575937,8.7443226783359,9.745087623596191,104453000
2020-03-20,9.992425952009325,10.213126875059189,9.421647627661528,9.840218544006348,116714400
2020-03-23,9.776415540417323,9.838661608621697,9.006129072403454,9.169523239135742,96520400
2020-03-24,9.881455855269804,10.694536349579646,9.881455855269804,10.640071868896484,89022200
2020-03-25,10.87349121039718,11.671009925139229,10.402760090898028,11.141923904418945,104869800
2020-03-26,11.25474321881608,12.060042727371778,11.114690872276732,11.822731971740723,93836200
2020-03-27,11.328660141737764,11.36367248735194,10.955187454284337,11.021323204040527,73056800
2020-03-30,10.873489381170469,11.231400321678299,10.538920248819776,11.13414192199707,84254800
2020-03-31,11.44537023286474,11.671009724524637,11.079678387063247,11.305317878723145,68701200
2020-04-01,10.93962735076041,11.079678970250919,10.593386872799357,10.745110511779785,47653000
2020-04-02,11.285868106968412,12.35571081807822,10.994092822120281,11.729366302490234,146256200
2020-04-03,12.098947561146568,12.180644277537521,11.27419583545995,11.604874610900879,127668600
2020-04-06,11.865526698448118,12.301244726651666,11.706022956289821,12.219547271728516,76041400
2020-04-07,12.822550306287779,13.176570911453783,12.456859165097924,12.480201721191406,103019000
2020-04-08,12.744741496012074,13.355525681050658,12.63970371832664,13.312731742858887,83811600
2020-04-09,13.826254309939824,14.184164504673653,12.690275441865785,13.192129135131836,182655200
2020-04-13,13.65119056969271,13.701765358731969,12.939258291836287,13.149336814880371,67685600
2020-04-14,13.215472296766325,13.374976018592832,13.001502622570008,13.087090492248535,72648200
2020-04-15,12.565786986589906,12.596910391893795,12.083385334721969,12.472419738769531,73421000
2020-04-16,12.441294651209954,12.480198902579358,11.923879980360441,11.939441680908203,64605800
2020-04-17,12.188424580722772,13.223254802600934,12.180643729410098,13.207693099975586,91706800
2020-04-20,12.42962559413283,13.266047063306267,12.363489842995108,12.795316696166992,112790000
2020-04-21,12.425736466149504,12.799209200406159,12.211767487995548,12.569679260253906,120861600
2020-04-22,13.137668896643609,13.223256789900228,12.842002438509395,13.017067909240723,73753200
2020-04-23,13.413879927771823,13.752338784051584,13.281608428851083,13.437222480773926,83207200
2020-04-24,13.705654484368363,13.826255442847305,13.254375536961906,13.468343734741211,64859200
2020-04-27,13.367197967438145,13.857379769050219,13.063752160918565,13.76012134552002,46576000
2020-04-28,13.966309275692037,14.160826109704207,13.740669035896,14.075238227844238,59138000
2020-04-29,14.538188501996304,15.168424144937852,14.526517966253376,15.117849349975586,71075000
2020-04-30,15.20343649372042,15.20343649372042,14.565420030093888,14.783279418945312,84040200
2020-05-01,14.479833696003844,14.588762648887588,13.775682217894426,13.946856498718262,58531800
2020-05-04,13.69009199760727,14.440926972440502,13.623956997234759,14.429256439208984,52780400
2020-05-05,15.020587258175803,15.141186722176602,14.390353253258363,14.440926551818848,68733400
2020-05-06,14.510954972464173,14.635445622806674,14.051895142809089,14.063567161560059,47350200
2020-05-07,14.460378355841511,14.701580258959375,14.328108355096486,14.429256439208984,48469400
2020-05-08,14.76771774457797,15.094506086464273,14.68213134640119,15.086725234985352,49646200
2020-05-11,14.985576608902383,15.028370548514529,14.752155524848577,14.822181701660156,46531400
2020-05-12,14.970015162235862,14.989466548561245,14.542078726894832,14.561530113220215,56129000
2020-05-13,14.464272319210398,14.483723706371785,13.799025083589214,13.90017318725586,68994800
2020-05-14,13.655080465792741,14.188057632635855,13.343853843868846,14.0557861328125,61968400
2020-05-15,14.059674992343435,14.351450211556026,13.876828713408983,14.001320838928223,54427800
2020-05-18,14.802731460746218,15.242339941615096,14.7638286857507,15.145081520080566,73139600
2020-05-19,15.164532193864842,15.21121581847146,14.709363514847556,14.721034049987793,53940600
2020-05-20,15.02448013561779,15.335706779277848,14.94667310369135,15.30847454071045,54521200
2020-05-21,15.355164166977769,15.417409514019099,14.942787815300132,15.06338882446289,56241800
2020-05-22,14.942783287491805,14.98557722887439,14.662678568657206,14.970015525817871,38495000
2020-05-26,15.448524424893915,15.545782828199536,15.347376338436073,15.386279106140137,74888600
2020-05-27,15.611917556759037,15.701395099642504,15.148966659348336,15.584685325622559,71225600
2020-05-28,15.623591173574043,15.623591173574043,15.075053791739663,15.148969650268555,54356800
2020-05-29,15.016696979708692,15.191762403667969,14.763826019807931,15.07894229888916,71500400
2020-06-01,15.055602712874414,15.429074664698884,14.853305034624755,15.343486785888672,47680000
2020-06-02,15.510772856001925,15.786987904689083,15.491321468246825,15.7714262008667,50318400
2020-06-03,16.020410541028866,16.308294695696592,15.989287127526389,16.234378814697266,54601800
2020-06-04,16.144895361322828,16.30050940420679,15.911475781042384,16.238264083862305,54849400
2020-06-05,17.05134211226247,17.603769070189664,17.035780413267123,17.444265365600586,100393400
2020-06-08,18.07839112284599,18.237894832919512,17.673795839326935,18.230113983154297,95069400
2020-06-09,17.64656545177153,17.697140238509345,17.304215446542905,17.5454158782959,87399000
2020-06-10,17.382018967135217,17.397580665157825,16.67397803160393,16.681758880615234,80977000
2020-06-11,15.518552412495396,15.965941713745488,15.059492576375595,15.110067367553711,96304400
2020-06-12,15.77531792433864,15.888138065568432,15.07116780186473,15.491323471069336,85635000
2020-06-15,14.829962775598172,15.697507663520618,14.666569349947558,15.538003921508789,65694800
2020-06-16,16.277163920615266,16.300506468056902,15.530218726980419,15.98538875579834,64083800
2020-06-17,15.923148726128439,15.92703840996909,15.436856623532398,15.440746307373047,46736000
2020-06-18,15.28512993696433,15.802543834195724,15.19176122342468,15.631369590759277,36937800
2020-06-19,16.117664898318598,16.121554581997835,15.378500339428058,15.394062042236328,53934200
2020-06-22,15.319595621709874,15.516606876864818,15.138344124629116,15.465383529663086,38896400
2020-06-23,15.697852151623737,15.737253789578775,15.433856367481336,15.48114013671875,29611600
2020-06-24,15.240786445394393,15.244726008013258,14.523665802668152,14.622171401977539,64726000
2020-06-25,14.48426178376865,14.9570889324292,14.409398073935524,14.901926040649414,48034400
2020-06-26,14.795541111107008,14.795541111107008,14.318774358444925,14.385757446289062,67722200
2020-06-29,14.421217363560572,14.704913935655528,14.358173847881247,14.578826904296875,38905600
2020-06-30,14.460621987951136,15.000432240431786,14.310893059155552,14.91374683380127,41886800
2020-07-01,14.972855376801807,15.173806195505184,14.531550586557515,14.551251411437988,49146800
2020-07-02,14.850702484916031,15.05559429631546,14.68127274670258,14.71279525756836,41558400
2020-07-06,14.972850815392796,15.079237041029197,14.570947797347328,14.756138801574707,45084400
2020-07-07,14.570950997500194,14.590651820705709,14.263613946880062,14.287254333496094,41821800
2020-07-08,14.287252778691611,14.5079058825797,14.157226157224136,14.275432586669922,41301800
2020-07-09,14.212390250677828,14.251791896109093,13.554373452901865,13.570133209228516,61087200
2020-07-10,13.491330196018547,14.01932037227627,13.491330196018547,14.003559112548828,50456000
2020-07-13,14.133586604688947,14.188749514003698,13.8223099731162,13.928694725036621,74447600
2020-07-14,13.834123544038716,14.444857823899119,13.794720411194795,14.417276382446289,68442200
2020-07-15,14.78371952438409,14.823121160211274,14.511844629793968,14.728556632995605,51805000
2020-07-16,14.630050495812242,14.85070205315339,14.44485950755006,14.661571502685547,37645600
2020-07-17,14.708859759933823,14.870408915073755,14.393640576471697,14.456684112548828,35433800
2020-07-20,14.405459188649278,14.57094787176703,14.204506927062132,14.216328620910645,40153000
2020-07-21,14.46062333313221,15.189564219916862,14.440922512449758,15.075297355651855,72340400
2020-07-22,14.913745626973887,14.913745626973887,14.673393251533835,14.890105247497559,39243400
2020-07-23,14.838882149674784,14.937387740552358,14.673393478476955,14.862524032592773,42087800
2020-07-24,14.86252623883644,15.083177833187815,14.724617489290575,14.779780387878418,39901200
2020-07-27,14.760081587697304,14.862528273162601,14.57489204610097,14.795543670654297,36462000
2020-07-28,14.708855653944164,14.850702443213713,14.503963843120092,14.543365478515625,35553800
2020-07-29,14.582767830867178,14.85858380142443,14.484262234459312,14.846763610839844,34430000
2020-07-30,14.535487691945074,14.543368321179745,14.137525685590294,14.263612747192383,65667400
2020-07-31,14.046898289045252,14.21238696529334,13.908989555762433,14.196625709533691,49548200
2020-08-03,14.192685620705559,14.326653283541381,14.07447921304478,14.247848510742188,42206800
2020-08-04,14.200566855626834,14.6261102420206,14.188745162201947,14.594589233398438,45144200
2020-08-05,14.882227229507713,14.933450565814873,14.614291859237406,14.748259544372559,61517400
2020-08-06,14.665509863772808,14.79947750020288,14.574884918993014,14.630047798156738,38381400
2020-08-07,14.500023687448609,14.68521469219357,14.330593939081119,14.649752616882324,36753200
2020-08-10,14.760079881260578,15.11075960380572,14.724617802403413,15.102880477905273,52616200
2020-08-11,15.398400775561598,15.575709706783464,14.98073636400033,15.051660537719727,53026200
2020-08-12,15.280190695852562,15.378696312000299,15.039836751959857,15.201387405395508,51065400
2020-08-13,15.079238814780206,15.205325874126773,14.870407404564263,14.905869483947754,31522000
2020-08-14,14.787661395684891,15.071358027780468,14.732498495683261,15.04771614074707,26559400
2020-08-17,15.051654012515444,15.059534639854142,14.878283217216032,14.961029052734375,28511600
2020-08-18,14.905871700056942,15.051659602274409,14.728561276778112,14.771903991699219,28697600
2020-08-19,14.760082308874377,14.827066914655548,14.555190431009235,14.602474212646484,29587800
2020-08-20,14.385759952600132,14.480326008293654,14.283314770085576,14.287254333496094,38215400
2020-08-21,14.232087783454865,14.259669229496213,14.062658041728824,14.196625709533691,34695600
2020-08-24,14.283315337947448,14.689158023806709,14.196629908705072,14.586712837219238,49654000
2020-08-25,14.665515403453044,14.685216224442392,14.31089461333962,14.381818771362305,40237000
2020-08-26,14.36211823033323,14.36211823033323,14.058720771339027,14.078421592712402,36002400
2020-08-27,14.082359567366435,14.200565972733438,13.932630652261034,14.105999946594238,44519400
2020-08-28,14.161165964886173,14.40151989398874,14.090241805377994,14.358177185058594,29150200
2020-08-31,14.377880638891329,14.397581461840767,14.04690170288086,14.04690170288086,37583000
2020-09-01,13.983856920360425,14.015377933652843,13.778965073192634,13.9523344039917,36521000
2020-09-02,13.948391836087028,14.03113616911489,13.79866292174424,13.885348320007324,47700400
2020-09-03,13.857767387784728,14.145405068744866,13.700159326204107,13.782903671264648,78884600
2020-09-04,13.92475402855154,14.019320081880913,13.570133207411926,13.73956298828125,68682000
2020-09-08,13.47950779959204,13.542551332151033,13.089426411594642,13.239153861999512,98437600
2020-09-09,13.38888496172968,13.463748698932832,13.282498701655756,13.329782485961914,49955200
2020-09-10,13.369180425030926,13.3849416820908,12.817548452544955,12.841190338134766,74006600
2020-09-11,12.868771434240804,12.935756023373838,12.746623949984187,12.853010177612305,50794600
2020-09-14,12.888473575199605,13.069723535786004,12.797848594906405,12.951517105102539,38888400
2020-09-15,13.03820069507196,13.156407109188823,12.817547619798004,12.856950759887695,51220800
2020-09-16,12.971218186744364,13.546492099617097,12.860892382968713,13.37312126159668,71772200
2020-09-17,13.160349922659995,13.4046434113581,13.030321797708169,13.392823219299316,44713400
2020-09-18,13.384940835339192,13.392821463370588,13.109124866544743,13.24309253692627,52812800
2020-09-21,12.920284178388135,12.95232529574083,12.587865988779045,12.80413818359375,61439200
2020-09-22,12.812150078944173,13.016407644417159,12.64794315131141,12.67197322845459,44697400
2020-09-23,12.720035756121403,12.768095916488862,12.083232901984003,12.099252700805664,52969200
2020-09-24,12.055196629263442,12.31552463959638,11.830914118012247,12.095247268676758,70487600
2020-09-25,11.971088687607937,12.179351374948155,11.894993322693187,12.087235450744629,55116800
2020-09-28,12.30751466360378,12.507767101725165,12.291494865783331,12.37159538269043,52752000
2020-09-29,12.335550068632369,12.36358605206995,11.911015107309307,12.031167030334473,47601800
2020-09-30,12.107261875405174,12.247438730817464,11.939049801690905,11.995121002197266,49149000
2020-10-01,11.862955437341581,11.915020738063088,11.554566481961002,11.626657485961914,56730400
2020-10-02,11.314262251721738,11.838923402422182,11.294237314359295,11.738797187805176,57410400
2020-10-05,11.842927555210695,12.099250398809241,11.814892339679895,12.091240882873535,63144400
2020-10-06,12.267461676764334,12.335547523258715,11.878972296121265,11.911012649536133,62223200
2020-10-07,11.979099333254027,12.111265895815313,11.842927630748175,12.079225540161133,42086000
2020-10-08,12.179351778378914,12.539805971390685,12.123281346815535,12.5317964553833,61126200
2020-10-09,12.643937196874859,12.675977552303179,12.311518222842661,12.331543922424316,51035800
2020-10-12,12.291493526340513,12.407639530564857,12.163332102133369,12.363584518432617,33369200
2020-10-13,12.363583831921222,12.435674056108036,12.135295448338255,12.171340942382812,50767600
2020-10-14,12.199377857055335,12.507766787347624,12.175347778977434,12.223408699035645,54488000
2020-10-15,12.01514628728314,12.375600523121149,11.907009787361009,12.37159538269043,40707800
2020-10-16,12.347563726472082,12.363584286148155,12.071215183278442,12.091240882873535,37423000
2020-10-19,12.135297637794318,12.195373981309118,11.82290431824907,11.834918975830078,50372000
2020-10-20,11.903003800405969,12.079226147312792,11.822903289195505,11.97509479522705,45980600
2020-10-21,11.907007917270006,11.975093766093947,11.742801004912677,11.746806144714355,49315200
2020-10-22,11.766834111022861,12.247440316398974,11.690738726895272,12.231420516967773,65648400
2020-10-23,12.29549798360398,12.367588207790794,12.019149450563136,12.171340942382812,49975400
2020-10-26,11.963082105457062,11.979101904771907,11.618647635309154,11.734793663024902,60802000
2020-10-27,11.722776482274282,11.726781622216883,11.554564424196705,11.582599639892578,43193600
2020-10-28,11.298238595690714,11.37032957269087,11.033905522624936,11.097986221313477,81098200
2020-10-29,10.953807882885297,11.474463886250716,10.805620751150743,11.4384183883667,74504200
2020-10-30,11.358320230215423,11.510511769789112,11.226153631882138,11.502501487731934,75799400
2020-11-02,11.658695870725051,12.051190421629327,11.442422895388608,11.894993782043457,83786200
2020-11-03,12.09524735822943,12.103256875049468,11.718772567200716,11.826909065246582,69755000
2020-11-04,11.842927932739258,12.127286764835718,11.522524368027257,11.842927932739258,87227400
2020-11-05,11.858948492926034,12.07922584817774,11.818897856361446,11.842927932739258,63591600
2020-11-06,11.842928898364956,12.01915125527621,11.538545105119125,11.5866060256958,66446400
2020-11-09,12.976356169969762,13.533057599187655,12.93630477316712,13.240689277648926,198713400
2020-11-10,13.489004861815149,13.669232368469238,13.208651132331555,13.669232368469238,146676200
2020-11-11,13.817417676277868,13.845452894266222,13.40089225501547,13.529053688049316,93085000
2020-11-12,13.292755981098837,13.480993757420936,12.95232745538912,13.092503547668457,77169600
2020-11-13,13.192631454781308,13.637192158407954,13.176612419185991,13.569107055664062,78865400
2020-11-16,14.145832410350017,14.494271232376079,13.973615187644114,14.462231636047363,95865400
2020-11-17,14.273991353178493,14.618425738310718,14.085753601349342,14.6104154586792,78020200
2020-11-18,14.734574380904498,14.790644817673241,14.185881614685059,14.185881614685059,82000400
2020-11-19,14.085753118120516,14.446208050149936,13.941572673113317,14.418172836303711,65872400
2020-11-20,14.382128079954269,14.446208790286546,14.241952003541368,14.34207820892334,39506400
2020-11-23,14.566365685793212,15.375385928228795,14.550346647735124,15.355360984802246,76324600
2020-11-24,15.872008523725318,16.18840621184402,15.731830901678322,16.144351959228516,106932000
2020-11-25,16.040216183843942,16.040216183843942,15.679762797393945,15.76787281036377,71352400
2020-11-27,15.679765751112283,15.807927183033417,15.459486857680854,15.583643913269043,37510800
2020-11-30,15.41143086470999,15.431455807392254,14.698532516146036,14.722561836242676,83087200
2020-12-01,15.131076093447668,15.215183291696864,14.766616660384798,14.790647506713867,68935600
2020-12-02,14.74258443232897,15.503542748908973,14.694522749156073,15.27125072479248,75483600
2020-12-03,15.33933491485788,15.619688605648406,15.183138273250147,15.431450843811035,72975400
2020-12-04,15.711801353170538,16.284523274966777,15.711801353170538,16.27250862121582,103700400
2020-12-07,16.08027425219865,16.116319758583504,15.739844130162767,15.892036437988281,69313200
2020-12-08,15.695780554005673,16.288527398838134,15.691776178751967,16.128326416015625,57854600
2020-12-09,16.292536729518122,16.556869858199786,15.968127264761433,16.16437530517578,86691800
2020-12-10,16.18439912954841,16.853242949208557,16.140343356493574,16.660999298095703,77604400
2020-12-11,16.54885698164293,16.552862884915232,16.236463749799398,16.4687557220459,56152200
2020-12-14,16.721081557034818,16.725085934275302,15.831960084745146,15.892036437988281,79884400
2020-12-15,15.980145955239541,16.284529003845705,15.831958043758249,16.20442771911621,58671800
2020-12-16,16.24447555582977,16.30455036032238,16.012182033938796,16.12432289123535,47628800
2020-12-17,16.268506579471826,16.272512483542553,15.95210890909844,16.048229217529297,46363400
2020-12-18,16.016187958468173,16.104297977399796,15.655733019824186,15.779890060424805,73140400
2020-12-21,15.18327464023546,15.609428792958099,15.02498894478748,15.475495338439941,80158800
2020-12-22,15.443029275164859,15.495791701996943,15.199513002189972,15.215747833251953,50185800
2020-12-23,15.34561703738563,15.767711632722074,15.34155755718003,15.552605628967285,53931800
2020-12-24,15.572898973163783,15.572898973163783,15.317207447128945,15.471433639526367,22903000
2020-12-28,15.528252475996101,15.723067260177508,15.329381308324624,15.37402629852295,37824600
2020-12-29,15.467374310504365,15.512019300990914,15.199505915823048,15.272561073303223,37968600
2020-12-30,15.284737215027471,15.658130433674739,15.248209634379782,15.512020111083984,56436600
2020-12-31,15.443024155595236,15.507961910076716,15.313148646632275,15.382145881652832,36309800
2021-01-04,15.560724753432462,15.690600266017872,15.223859078250268,15.40649700164795,67717600
2021-01-05,15.572902543909661,16.51856041339669,15.560727196517657,16.096464157104492,95473400
2021-01-06,16.413036293618717,16.741784621738734,16.201988156234837,16.587556838989258,86262800
2021-01-07,16.73366823424052,17.001536742701933,16.559147678157014,16.83107566833496,51457200
2021-01-08,17.046178008407438,17.046178008407438,16.676844213488142,16.81077766418457,62744000
2021-01-11,16.44550208552053,17.143584102860473,16.352154160821986,17.074586868286133,46890400
2021-01-12,17.28158081806414,17.76455537317226,17.151703733187492,17.671207427978516,87947200
2021-01-13,17.732083879278914,17.7402012930083,17.3992776575658,17.533212661743164,54764400
2021-01-14,17.64279409526952,18.263761490510642,17.626559269034107,18.05271339416504,83314600
2021-01-15,17.732083644201552,17.73614312513161,17.180113452065964,17.350574493408203,95497000
2021-01-19,17.56162065140732,17.821371665487135,17.50480031060713,17.699613571166992,55619400
2021-01-20,17.849781673142925,17.894426668575502,17.590030661431374,17.764551162719727,50725600
2021-01-21,17.667148639017974,17.75643865454575,17.00559558216325,17.163881301879883,59968000
2021-01-22,16.78642568140304,17.123289796772728,16.648432760492543,17.074586868286133,50444600
2021-01-25,16.887896748585387,16.952834524678877,16.591618048393904,16.90007209777832,81823200
2021-01-26,17.05023739426547,17.30593051969222,16.53073527754686,16.53885269165039,54999600
2021-01-27,16.266925118870184,16.770192371265097,16.035582704117726,16.315628051757812,99867200
2021-01-28,16.449561641642216,16.705254750854834,16.299393360845496,16.50638198852539,57248200
2021-01-29,16.275042718071894,16.48609084738747,15.89759146444345,15.958471298217773,63069000
2021-02-01,16.153279887005823,16.234452458948173,15.804238911420352,16.072107315063477,61021400
2021-02-02,16.457679739685133,16.636259749588692,16.246631622314453,16.246631622314453,63929000
2021-02-03,16.331862682043543,16.985298206108805,16.270982855488707,16.940654754638672,74385600
2021-02-04,17.066471930249403,17.131409693727324,16.766135354753427,17.127351760864258,48327800
2021-02-05,17.395218488997536,17.45203883282816,17.224755909267415,17.273460388183594,48196400
2021-02-08,17.525096201491692,18.081125912180312,17.50886137314964,17.995895385742188,62368200
2021-02-09,17.85384020020246,17.910660537450426,17.569736965724555,17.80513572692871,64798800
2021-02-10,17.866017163964695,18.162295769499792,17.752376479167182,18.146060943603516,58451000
2021-02-11,18.089241746663248,18.09330122751348,17.488567084608608,17.866018295288086,49632600
2021-02-12,17.740202803972625,18.146064235579807,17.70773469452807,18.12982940673828,47400800
2021-02-16,18.547868769491426,18.799502437628018,18.45452082079944,18.584396362304688,76593400
2021-02-17,18.77514620144438,18.982136366126653,18.50321982805338,18.86037826538086,68964400
2021-02-18,18.779206277714238,18.81573386392026,18.377402829447966,18.434223175048828,61360200
2021-02-19,18.45857630599509,18.815734771884635,18.43828354562102,18.742679595947266,54404200
2021-02-22,18.868495527630962,19.67210084401239,18.83602587529802,19.39205551147461,75644600
2021-02-23,19.623396542214913,19.769506882552346,18.876611562453352,19.71268653869629,98370800
2021-02-24,19.84256568457062,20.528472513560853,19.67616255500418,20.4107723236084,77748800
2021-02-25,20.621816323884012,20.621816323884012,19.879089289591533,20.01708221435547,75887800
2021-02-26,19.749217349188015,19.80603770232387,18.965904656412846,19.54222869873047,90308800
2021-03-01,20.057670690802553,20.325540715080137,19.91156187970358,20.0495548248291,69391600
2021-03-02,20.12260987179547,20.28495351024765,19.92779502847134,19.939971923828125,74468200
2021-03-03,20.086082275727097,20.69081492206593,20.082022794529998,20.23219108581543,82574400
2021-03-04,20.414831736050907,21.088561717776624,20.22407789697489,20.71516990661621,107573800
2021-03-05,21.303662507056302,21.53906128015845,20.771983592063606,21.490358352661133,112395800
2021-03-08,21.701407400390725,21.815048085679898,21.218431391435306,21.53094482421875,100610000
2021-03-09,21.409188904734666,21.717642888298375,21.003327503697044,21.15349578857422,118889600
2021-03-10,21.185966484903197,21.762288959543046,21.08450112965772,21.689233779907227,78416600
2021-03-11,21.733877135387083,22.06668335148933,21.64864661502297,21.697349548339844,50797400
2021-03-12,21.737935018060707,21.936806217621992,21.57964778700156,21.741992950439453,59786800
2021-03-15,21.693291862585312,21.754170142864762,21.23466805293602,21.49441909790039,60452600
2021-03-16,21.137262018921124,21.157554778854646,20.751693387230862,20.881568908691406,77287000
2021-03-17,20.820689428102735,21.145378237172416,20.642110970174002,21.043912887573242,64552200
2021-03-18,20.857221421318155,20.9505693768776,20.01303033942824,20.0982608795166,87207200
2021-03-19,20.09013864919202,20.4351202087212,19.83038760932464,20.102313995361328,81158600
2021-03-22,20.0571988745948,20.13513016545141,19.868520564908888,19.90953826904297,59561800
2021-03-23,19.50757121293762,20.057195848075573,19.384519683768602,19.618316650390625,103196200
2021-03-24,19.917737899231117,20.38122612995447,19.917737899231117,20.110515594482422,81630800
2021-03-25,19.77418142267639,20.241772278945643,19.454251166211186,20.184349060058594,80670200
2021-03-26,20.549397350914678,20.71346502649562,20.315601930244288,20.68475341796875,72348600
2021-03-29,20.50837786492711,20.615020741372106,20.188447670927065,20.438650131225586,47286200
2021-03-30,20.229465352358144,20.479667831846786,20.110516376098758,20.262279510498047,53392200
2021-03-31,20.221264983081117,20.31150236744795,20.04489276709072,20.122825622558594,48097400
2021-04-01,20.213058690046918,20.64373591885451,20.106415803223793,20.63553237915039,65039600
2021-04-05,20.594521121941916,20.59862367540973,20.024388233840476,20.14333724975586,53372200
2021-04-06,20.241771269487813,20.51248183407311,20.057197093602834,20.090009689331055,53257800
2021-04-07,20.09821657669466,20.262284276656345,20.024386268178457,20.15974235534668,49888600
2021-04-08,20.01618104993853,20.02028360265995,19.66753917255796,19.897232055664062,63766600
2021-04-09,19.893128470600825,20.065398110440952,19.675740144707746,19.765975952148438,44373400
2021-04-12,19.93824690470702,20.08180493609308,19.540383839629676,19.6101131439209,39196200
2021-04-13,19.57730443852892,19.73726959367692,19.433746367156512,19.630626678466797,44825400
2021-04-14,19.80289306552799,20.442755144203225,19.782384996557354,20.176145553588867,66767800
2021-04-15,20.200754049685358,20.200754049685358,19.930043499626436,20.01207733154297,49686200
2021-04-16,20.159741380151612,20.20896106189298,19.770081785090927,19.852115631103516,57189000
2021-04-19,19.89312594686943,20.04078651352249,19.63882250689194,19.831600189208984,40827800
2021-04-20,19.761875420473906,19.790587027776215,19.109708863085967,19.306589126586914,72574000
2021-04-21,19.060490593282754,19.622419817901825,18.970253212444156,19.552690505981445,56991000
2021-04-22,19.64703086262517,19.655232838636845,19.2573712861238,19.322998046875,50062800
2021-04-23,19.33940165742308,19.585501574906644,19.22455367322098,19.499366760253906,33897800
2021-04-26,19.425542825268714,19.778287303115913,19.425542825268714,19.630626678466797,35891800
2021-04-27,19.704450829538708,19.938246223907356,19.61421346165427,19.86851692199707,42268800
2021-04-28,20.01618280349562,20.631434333713717,19.999775720503404,20.553503036499023,65874000
2021-04-29,20.8488238261719,21.037500582553825,20.528891973322633,20.78319549560547,66042400
2021-04-30,20.48787314379221,20.77088824123928,20.213060021924495,20.2581787109375,58519000
2021-05-03,20.491971049503952,20.869326020676265,20.426344302082473,20.816003799438477,45740000
2021-05-04,20.857021619348494,21.01288574384967,20.590413620893152,20.828310012817383,53917600
2021-05-05,21.086717487452,21.566614421162484,21.086717487452,21.500986099243164,79621200
2021-05-06,21.496884146687588,21.611730575561523,21.099021068566813,21.611730575561523,58710400
2021-05-07,21.39023991969398,22.03420289502527,21.312307078119844,21.99728775024414,63196200
2021-05-10,22.272101174933933,22.616642034017932,21.98908608394772,22.0054931640625,68998000
2021-05-11,21.546103642512044,21.853729344156886,21.250784032905347,21.43946075439453,113531800
2021-05-12,21.55020717176741,22.1777631308815,21.443562714149735,21.542003631591797,82195600
2021-05-13,21.283596226749832,21.677356741922274,20.992377610195124,21.279495239257812,79698200
2021-05-14,21.513290442509366,22.021897378702477,21.513290442509366,21.939865112304688,57183600
2021-05-17,21.86193317263038,22.456676516596584,21.829120577647586,22.44847297668457,67404200
2021-05-18,22.41565933047592,22.49769159641847,21.886542765954506,21.92755889892578,70435400
2021-05-19,21.414852622164187,21.624038999790702,21.082617827186827,21.38204002380371,87969600
2021-05-20,21.373834710804964,21.447665006826057,21.04570093108082,21.349224090576172,56522600
2021-05-21,21.56250915724464,21.714270720935907,21.377933436720063,21.39434051513672,50539800
2021-05-24,21.542004922676767,21.656851362687892,21.300005949320905,21.60763168334961,48020400
2021-05-25,21.5543077559831,21.611730971472017,21.135936602851345,21.168750762939453,48558600
2021-05-26,21.18925515275002,21.435355052033113,21.090814254237785,21.357423782348633,39554400
2021-05-27,21.443562353306767,21.63634163252643,21.254885626438526,21.37383460998535,39053600
2021-05-28,21.492784995441568,21.52149660511319,21.300005703647493,21.414852142333984,37125400
2021-06-01,21.83732425976349,22.28850800520546,21.82501816748271,22.239288330078125,72570200
2021-06-02,22.374644608715748,22.760203194452647,22.112137567589155,22.6535587310791,67893400
2021-06-03,22.55921993644238,22.842235041456398,22.415661889985707,22.715084075927734,58761600
2021-06-04,22.86273937560007,22.96117870902017,22.530503104810993,22.866840362548828,52658800
2021-06-07,22.86274393691598,23.00220099097151,22.735591410826576,22.768404006958008,40070400
2021-06-08,22.690471245078403,23.006300481194945,22.419760694787822,22.96528434753418,57553000
2021-06-09,23.030912205172736,23.1293515565476,22.809421317581375,22.821725845336914,56052200
2021-06-10,23.129349914220317,23.235994362746826,22.5510136807963,22.793012619018555,57353800
2021-06-11,22.875049203312415,23.002201733506435,22.6863724666364,22.715084075927734,38091400
2021-06-14,22.79711482736919,22.936570302367876,22.43206436717185,22.616640090942383,37745000
2021-06-15,22.760197661664385,23.108839447534372,22.702772891295147,23.047313690185547,64285000
2021-06-16,23.010403549811148,23.194979297308475,22.723287458887913,22.92426872253418,60786400
2021-06-17,22.866845201652918,23.059624487005497,21.845527122130836,22.14495086669922,106941800
2021-06-18,21.681463003639028,21.95627458791375,21.47227661845589,21.488683700561523,113812200
2021-06-21,21.666857666713284,22.44585235385094,21.666857666713284,22.404417037963867,84366800
2021-06-22,22.350546335760786,22.64059824316664,22.106074217031587,22.5535831451416,48344400
2021-06-23,22.76076307985836,23.017665477819293,22.5743010246223,22.615737915039062,40553000
2021-06-24,22.719331641402587,22.82706441353201,22.49972003641197,22.810489654541016,41756800
2021-06-25,22.87264064429162,22.94308098803677,22.74418865312276,22.93065071105957,38330000
2021-06-28,22.831202652500906,22.84363450953449,22.064638383187653,22.155797958374023,65702800
2021-06-29,22.288396345012103,22.41270387029561,22.01906205635122,22.048067092895508,31911000
2021-06-30,22.1143592391884,22.387836361459076,22.09364158672126,22.3215389251709,47034000
2021-07-01,22.831209280270937,22.90165122172449,22.499721975167564,22.71104621887207,47251600
2021-07-02,22.615743420444613,22.73590648026544,22.420993939716862,22.66132164001465,30471800
2021-07-06,22.58673397915794,22.628170874487196,21.832599871380793,21.92375946044922,68446200
2021-07-07,21.890612904036907,22.093648171646507,21.32708373730196,21.567411422729492,60823800
2021-07-08,21.186197577882336,21.64613678678533,21.11161275586262,21.443099975585938,49379800
2021-07-09,21.71657579186869,21.91546811145247,21.46381630844274,21.898893356323242,51206000
2021-07-12,21.65028035711407,21.998342343784817,21.49696780960904,21.865747451782227,41353000
2021-07-13,21.758014649399154,21.894754030544252,21.571554156064437,21.70000457763672,49786800
2021-07-14,21.766301301828033,22.019060818061718,20.970731920229408,21.053604125976562,66999400
2021-07-15,20.825708316653934,21.078467871138834,20.659965460732884,20.759410858154297,59670800
2021-07-16,20.916865310898434,20.925152689761205,20.133726185909342,20.171018600463867,74253800
2021-07-19,19.483184665062808,19.735944223156732,19.184845307226553,19.458322525024414,114994800
2021-07-20,19.466608441861364,19.9265477237363,19.300865596031546,19.71936798095703,83342000
2021-07-21,20.1088643533693,20.572948092766115,20.063284559262833,20.407203674316406,82042600
2021-07-22,20.386485760398102,20.386485760398102,20.005274235027652,20.179306030273438,47270000
2021-07-23,20.245603348124487,20.253890726953916,19.9016842396546,20.104721069335938,46951800
2021-07-26,20.154444516847537,20.684824136557438,20.11715210104569,20.601953506469727,47266200
2021-07-27,20.440351142077915,20.47349907405277,20.1710168842493,20.411344528198242,46888400
2021-07-28,20.46521961938895,20.767701926304124,20.27875749028881,20.597814559936523,39169200
2021-07-29,20.862996970459935,20.95415655219033,20.672392009256214,20.79669952392578,43794000
2021-07-30,20.755261849242945,20.84227694153789,20.340902460422488,20.4652099609375,49600600
2021-08-02,20.477643929552727,20.97487560193484,20.278751576731064,20.311901092529297,57810800
2021-08-03,20.245600395975178,20.701395100540118,20.05499545265934,20.65995979309082,64302000
2021-08-04,20.287036545985515,20.539796041628566,20.071569460857923,20.100574493408203,64523800
2021-08-05,20.22488418811532,20.577089068580264,20.13786750720196,20.328474044799805,45800000
2021-08-06,20.502508075177925,20.67653988885796,20.403062679351674,20.514938354492188,36214800
2021-08-09,20.241457208847315,20.386483955488227,20.088144664712186,20.224884033203125,42193400
2021-08-10,20.332615161582932,20.63509732691273,20.30775302912155,20.58123016357422,53283000
2021-08-11,20.527368880703435,20.780128414710955,20.39891687372992,20.742835998535156,47686200
2021-08-12,20.726259042488355,20.838136279153428,20.469356636436594,20.72211456298828,36517200
2021-08-13,20.734546041331658,20.734546041331658,20.427919370825915,20.477642059326172,33050800
2021-08-16,20.200021448334677,20.20830882629986,19.9224013994518,20.100574493408203,48258400
2021-08-17,19.905828235833567,20.216597821436338,19.715223269354606,19.893396377563477,51108200
2021-08-18,19.889254814564403,20.04671185776337,19.454177681626998,19.47903823852539,56305800
2021-08-19,19.14340374747582,19.26771124583395,18.704182233911116,18.9735164642334,99256200
2021-08-20,18.799488410004603,19.135120144361352,18.716616201201663,19.014955520629883,61587600
2021-08-23,19.474890222292448,19.781516848940385,19.43345491791149,19.727649688720703,58704400
2021-08-24,19.893393097510625,20.158584427917422,19.86024516911952,20.054994583129883,45382200
2021-08-25,20.013563517629336,20.320190242869195,19.880968604189412,20.20831298828125,39817600
2021-08-26,20.092292280614135,20.204167951463695,19.868537777602995,19.90168571472168,41465400
2021-08-27,20.15029763658023,20.56879992620252,20.104717850643464,20.43206214904785,46202600
2021-08-30,20.51079319401012,20.58952092208232,20.183448842465474,20.191736221313477,31817800
2021-08-31,20.09228699047962,20.274604548269675,20.005270319559838,20.054994583129883,53873200
2021-09-01,20.034280418866306,20.150302149230807,19.68621838908478,19.76080322265625,63459800
2021-09-02,19.943123321389756,20.42378028162944,19.943123321389756,20.26218032836914,61635400
2021-09-03,20.220739225168366,20.36990886813205,20.050851927494335,20.146154403686523,39162800
2021-09-07,20.050855812723928,20.303615358871994,19.951410418582547,20.0259952545166,42472800
2021-09-08,20.137870341257,20.270465250021108,19.756660373724184,19.76909065246582,43798400
2021-09-09,19.636495993635698,20.12129741925804,19.532906121054243,19.810527801513672,50529600
2021-09-10,20.11715288806278,20.158589785383665,19.74008581605078,19.8022403717041,37513000
2021-09-13,20.059145352242474,20.506654416032983,20.059145352242474,20.369915008544922,68499600
2021-09-14,20.552226493470833,20.58951890430424,19.98869901293542,20.075714111328125,58935800
2021-09-15,20.36162244847614,20.84227933139566,20.32847451551056,20.82570457458496,76695000
2021-09-16,20.80498659393858,20.809131073404423,20.477642264991392,20.589519500732422,60643800
2021-09-17,20.485927594304794,20.80912899211595,20.382337747200523,20.43620491027832,64459000
2021-09-20,19.942161924895025,20.051205138033197,19.489217746843835,19.812150955200195,85660000
2021-09-21,20.0470094889968,20.15185786665877,19.64858533390946,19.8582820892334,51323400
2021-09-22,20.193798562516392,20.709652398461923,20.193798562516392,20.470598220825195,79252200
2021-09-23,20.58383149414061,21.250665550261875,20.487369591826415,21.18775749206543,49734200
2021-09-24,21.074525289418602,21.456173345093298,21.032586575552564,21.347131729125977,55503000
2021-09-27,21.816854506151806,22.194307773124798,21.787497083160336,22.10623550415039,81697400
2021-09-28,22.315928437128576,22.575953567021603,22.131395867404517,22.18172264099121,132975200
2021-09-29,22.16075328531836,22.32012326817872,21.888146861993487,22.18172264099121,69894400
2021-09-30,22.118815000975225,22.240437906169376,21.846208572387695,21.846208572387695,89198800
2021-10-01,22.00558370151105,22.601121872575337,22.00558370151105,22.58015251159668,83312000
2021-10-04,22.823395593883717,23.200850418422004,22.718547209274124,22.949214935302734,114815800
2021-10-05,23.276344282244345,23.507010437141517,22.84436939580821,23.083423614501953,98029600
2021-10-06,22.701770881842837,22.965987638189983,22.43755252563643,22.84016990661621,100174800
2021-10-07,22.89888419366691,23.142133188769556,22.785649357860333,23.016315460205078,77596200
2021-10-08,23.259568598397614,23.779617364689454,23.205048582469143,23.725095748901367,86200400
2021-10-11,24.081582068122778,24.15287981893055,23.616056471078103,23.637025833129883,86021400
2021-10-12,23.590882795742335,23.88445854606118,23.494422489182842,23.65798568725586,71038200
2021-10-13,23.48604386658144,23.75865037283388,23.22182542512166,23.637025833129883,57902600
2021-10-14,23.905433686953433,24.027058207221764,23.687348836773523,23.926403045654297,46786600
2021-10-15,24.19481695037812,24.28708405716407,24.03125369733733,24.04383659362793,45354800
2021-10-18,24.278696600989782,24.412902432479836,23.926405893363462,24.060611724853516,65257600
2021-10-19,24.16126440962527,24.417094749507072,24.031251823822846,24.333215713500977,44552600
2021-10-20,24.14868069488389,24.53452198205377,24.05221877323204,24.53032875061035,50212600
2021-10-21,24.34159949097755,24.429671743339245,23.88026567410623,24.077381134033203,64241800
2021-10-22,24.165455260244986,24.32482525296643,23.938983965162226,24.303855895996094,43005000
2021-10-25,24.601624516980912,24.794545157686482,24.47161194614402,24.66033935546875,50112200
2021-10-26,24.74422170757565,24.916173014769505,24.65195460620251,24.802936553955078,45503200
2021-10-27,24.534525518127086,24.668731341690464,24.035447711741995,24.089967727661133,68007600
2021-10-28,23.9599529515165,24.28288616341452,23.95575812027169,24.26191520690918,46735000
2021-10-29,24.383541518773345,24.438063129973035,24.001893440094463,24.102548599243164,43997800
2021-11-01,24.3415995591146,24.584846961536265,24.27449666190939,24.517744064331055,49656800
2021-11-02,24.375154941832413,24.563882376831977,24.207398466168026,24.28708267211914,34125400
2021-11-03,23.993506368306885,24.337408976498228,23.892852804858443,24.085773468017578,46674800
2021-11-04,24.4422569743471,24.505166650374388,23.90124047992239,24.11932373046875,76363200
2021-11-05,24.45064453477987,24.54291163109246,24.232559688860693,24.433868408203125,45207000
2021-11-08,24.639367065231905,24.91197346845048,24.52193740223765,24.656143188476562,40022400
2021-11-09,24.685505467178498,24.765189668499357,24.333214808936603,24.75680160522461,39378000
2021-11-10,24.65195314335724,24.731638944308976,23.959954723700534,24.102548599243164,72033000
2021-11-11,24.119321809382065,24.358377599329433,24.119321809382065,24.194812774658203,48996600
2021-11-12,24.094160145979274,24.23255918772655,23.989311756832155,24.136098861694336,34190000
2021-11-15,24.115129988293617,24.48000194189497,23.90962643749868,24.3374080657959,42751400
2021-11-16,24.408702929724978,24.572266144843773,24.25772100812015,24.375150680541992,40958800
2021-11-17,24.136092140545284,24.484189463511996,23.918007359865957,24.00188636779785,47339000
2021-11-18,23.94737096722864,24.136098383929554,23.569917733686236,23.859298706054688,57911000
2021-11-19,23.343443937894623,23.406353607667388,22.877916861182364,22.92824363708496,91379600
2021-11-22,22.894697150701003,23.68735081474316,22.890503918554487,23.335060119628906,67785800
2021-11-23,23.641213904906383,24.131905189074804,23.62024454743205,24.05221939086914,67724600
2021-11-24,23.926403929644326,24.42548332440535,23.89285327445528,24.28708267211914,42868600
2021-11-26,23.08342165803393,23.385383929819348,22.705966818477854,23.309894561767578,89454400
2021-11-29,23.817359419305088,24.05641360809998,23.368608461401735,23.44409942626953,70882400
2021-11-30,23.00373690734771,23.351834341902922,22.781458824953358,22.894695281982422,92524000
2021-12-01,23.431513717449537,23.645405292167162,22.638860281416534,22.65144157409668,89549600
2021-12-02,22.664028102909157,23.393771992904977,22.395616483606812,23.309894561767578,100743800
2021-12-03,23.624437897376207,23.729286278032358,22.903080526506912,23.12535858154297,75880200
2021-12-06,23.48184597140257,23.74606276053792,23.192463393026536,23.469263076782227,63939000
2021-12-07,23.79638727644357,24.245138181810155,23.76702826033491,24.018665313720703,73686600
2021-12-08,24.15287359505108,24.27030327216877,23.96414618549811,24.01447296142578,47030000
2021-12-09,23.863496867072627,23.92640494817739,23.683157488158276,23.829944610595703,46798800
2021-12-10,24.085768630519507,24.102544754344702,23.578302883751572,24.006084442138672,39051200
2021-12-13,23.79219668902724,23.863494426820058,23.226016017683108,23.339252471923828,57208000
2021-12-14,23.19665446753261,23.599271833266638,23.16310222045851,23.242786407470703,57597600
2021-12-15,23.20923703256694,23.267951868306117,22.613697413228238,23.129552841186523,67716200
2021-12-16,23.330860178655318,23.754446897474807,23.23859309936705,23.276338577270508,53731800
2021-12-17,23.108578598238093,23.21342696138774,22.596919673971986,22.80242156982422,69270200
2021-12-20,22.18855813560746,22.536913698679488,21.94640857641288,22.519920349121094,72661600
2021-12-21,22.74932387554202,23.246368776384728,22.74082720144665,23.16140365600586,50319400
2021-12-22,23.186891400484946,23.46727513578878,22.90650604460639,23.310089111328125,42206200
2021-12-23,23.412050479050507,23.645703350741496,23.314341155273365,23.322837829589844,33370600
2021-12-27,23.2463666541894,23.85386502166279,23.050946408985748,23.832622528076172,43484400
2021-12-28,23.892100309175422,24.04928472117844,23.683935854975637,23.815631866455078,35877000
2021-12-29,23.77739376167985,23.892096407026692,23.547988470986166,23.662691116333008,30218200
2021-12-30,23.671194041977813,23.858116020492815,23.49701626500987,23.51825714111328,27180000
2021-12-31,23.45877998660482,23.70092951825496,23.42054576473507,23.577730178833008,26482400
2022-01-03,23.611718619618706,24.346663942713853,23.598972797669983,24.308429718017578,65054200
2022-01-04,24.639785294406668,25.247283578725067,24.55906933978009,25.149574279785156,79957600
2022-01-05,25.39597663847466,25.67636039639604,25.107096206607196,25.14533042907715,90804000
2022-01-06,25.735837726324828,25.850538775888804,25.344998818380375,25.706098556518555,74681400
2022-01-07,25.80380873427792,26.12667423946883,25.62538182360214,26.05870246887207,71169200
2022-01-10,26.118180279197237,26.16915870729765,25.638128687907887,25.977989196777344,66473000
2022-01-11,26.203146828376322,26.908354667572326,25.982238133853166,26.861623764038086,76887800
2022-01-12,27.006061361529138,27.078282283723148,26.71718091390298,26.912599563598633,60496800
2022-01-13,26.912598742398927,27.12925988179491,26.666201674339153,26.776655197143555,59554000
2022-01-14,26.80214462120701,27.447877257040766,26.78515127328576,27.4053955078125,64801000
2022-01-18,27.698522603500184,27.83871529682072,27.095273320978233,27.51584815979004,82133400
2022-01-19,27.728259626430148,27.757997175253248,27.099521953841805,27.31618309020996,65978000
2022-01-20,27.137757421316717,27.79198514600468,27.01031054614763,27.065536499023438,83980800
2022-01-21,26.75966351947408,26.929592141073716,26.249874413525394,26.530258178710938,114539600
2022-01-24,25.90152027864942,26.80214672158088,25.421468695991038,26.70868492126465,124505600
2022-01-25,26.606727682861983,27.84721461064758,26.11393190566427,27.745254516601562,118434400
2022-01-26,28.03838691423039,28.263543139048505,27.396901700034263,27.69852638244629,130725400
2022-01-27,28.18707103178554,28.488695675143127,27.537090846972013,28.000150680541992,108901400
2022-01-28,27.81323062888651,28.15308791878079,27.299193925515603,27.881200790405273,105302400
2022-01-31,27.81747608834432,28.18282173522085,27.375658753029924,28.004396438598633,63298400
2022-02-01,27.838714540223407,29.07070471493803,27.77499029579598,29.002731323242188,90444600
2022-02-02,28.854041884576812,29.151420594044453,28.497191322595068,29.09619140625,65197000
2022-02-03,28.97724295288547,29.03671805010801,28.505688081228385,28.820056915283203,61962600
2022-02-04,29.185405651449077,29.73767811286211,29.117435501160376,29.27037239074707,81733400
2022-02-07,29.130179915266634,29.920352770205945,28.90927287377218,29.644216537475586,65165000
2022-02-08,29.555004220271034,29.614479318302447,28.803067200216898,29.006980895996094,75764200
2022-02-09,29.07495599936065,29.474288360902666,29.00273345508767,29.24913215637207,70791400
2022-02-10,29.104697414113467,29.627229195669862,28.87529203154589,29.06646156311035,75643200
2022-02-11,29.26187979903402,29.95009593629927,29.079205325379373,29.911863327026367,93034000
2022-02-14,29.729190546867056,29.763174009995364,28.858299886337694,29.206655502319336,99633000
2022-02-15,28.488697995156024,28.968751216323664,28.327266032947044,28.90077781677246,86092200
2022-02-16,29.13018459837131,29.63997215525263,28.956008425544454,29.13443374633789,73444200
2022-02-17,29.108941054254966,29.393575617088928,28.86254558059664,29.08770179748535,67622800
2022-02-18,28.67562244589072,29.13867908963524,28.62889154261281,28.909276962280273,63291600
2022-02-22,29.784410480003146,29.784410480003146,28.012895202817557,28.441965103149414,93002800
2022-02-23,28.60764557854417,28.956004357557955,28.441964483776523,28.73509407043457,67958000
2022-02-24,29.346841037614123,29.380827733567344,27.766495328436278,28.509937286376953,123485800
2022-02-25,28.57366422824269,29.29161461141527,28.57366422824269,29.261877059936523,78423000
2022-02-28,29.053715591385455,30.01806796910009,28.8922836243604,29.984081268310547,96394200
2022-03-01,30.251718866041823,30.795493107272073,29.86088153530135,30.28570556640625,124231000
2022-03-02,30.748755542125632,31.224559520683172,30.600067811685598,30.978160858154297,90908200
2022-03-03,30.676539945536668,31.275543327512224,30.61281569877227,31.06313133239746,89119800
2022-03-04,31.058882760435182,31.97650091093478,30.97816516362808,31.959510803222656,105216800
2022-03-07,32.290867543920086,32.949342684961536,31.70885759810533,32.43105697631836,131214800
2022-03-08,33.170258466232426,34.0793815605916,32.00199247439098,32.940853118896484,196054400
2022-03-09,31.734353186918202,32.68596133102507,31.22456565633601,31.93402099609375,174036400
2022-03-10,32.31211787128188,32.99608488632733,32.0827124835197,32.9111213684082,137802600
2022-03-11,32.384331558799694,33.05555094531819,32.33335151731809,32.64772033691406,91837800
2022-03-14,31.951009722900473,32.17616590368197,31.245803632927284,31.67062759399414,101490000
2022-03-15,30.442890286524346,30.863465151308578,29.92460447277509,30.510860443115234,124724400
2022-03-16,30.625556406037685,30.893197563684854,30.05204473288575,30.370662689208984,107536200
2022-03-17,30.910194984057746,31.49645093414345,30.719022240378795,31.415733337402344,76956400
2022-03-18,31.36050936790754,31.598409784527508,31.14809735559683,31.385997772216797,58550800
2022-03-21,32.02074504027498,32.75414233490693,32.003589146159634,32.651206970214844,68714800
2022-03-22,32.51396955808653,32.694104846059425,32.042193828587635,32.41103744506836,66462200
2022-03-23,33.02005419865256,33.27309957490583,32.86136788664115,32.968589782714844,58663000
2022-03-24,33.092963086643074,33.376027152368216,32.831341433933034,33.050071716308594,52700600
2022-03-25,32.85279324437891,33.817790454200335,32.82706103253932,33.77490234375,56083600
2022-03-28,33.08009853264452,33.09296790891146,32.72841084085841,32.938568115234375,69760400
2022-03-29,32.20087935493457,32.869942913181475,31.819169681611402,32.852787017822266,73274000
2022-03-30,33.17017470195846,33.470398069321156,32.964310428716125,33.2345085144043,49736400
2022-03-31,32.92140830988816,33.54329393068912,32.779874637131336,32.78416442871094,65606600
2022-04-01,32.74127217395234,33.35887125866485,32.71982976093724,33.050071716308594,49612600
2022-04-04,33.26453190861087,33.371753843099334,32.74128834476258,33.092979431152344,46007400
2022-04-05,33.1530175315966,33.6633916235448,32.535418252156504,32.57401657104492,54577200
2022-04-06,32.92999349477064,33.22592702261814,32.58259554270836,32.76701736450195,64328400
2022-04-07,32.92140838569515,33.30740782494247,32.31238559392616,33.19589614868164,54097400
2022-04-08,33.28596876751985,34.203788021303595,33.28596876751985,34.109432220458984,53426200
2022-04-11,33.74487602019916,33.753452332330305,33.01147862726107,33.084388732910156,52461000
2022-04-12,33.75345363850268,34.246675045023046,33.56903183509603,33.633365631103516,63929400
2022-04-13,34.04509254596358,34.22951432337642,33.48325090247082,34.13515853881836,49295800
2022-04-14,33.97218200261622,34.51687101646322,33.920714319308324,34.24666976928711,51869400
2022-04-18,34.529743787139765,34.95434162192723,34.31529997350831,34.74847412109375,60913200
2022-04-19,34.568340434567716,34.90716203641102,34.26383062656614,34.46540832519531,45727800
2022-04-20,34.555473863347444,34.78278376821239,34.220942058289396,34.59836196899414,52079400
2022-04-21,34.80422677098764,34.95862655712164,33.37174059344493,33.50040817260742,65157800
2022-04-22,33.36745520158453,33.847807199435806,32.66836634847193,32.68123245239258,71499200
2022-04-25,31.651904852107986,31.771992851491884,30.451018313963875,31.60043716430664,110724400
2022-04-26,31.836332941029877,32.50968644690804,31.56184182394245,31.64333152770996,89168600
2022-04-27,31.84490372806906,32.41961153111407,31.274482444997112,32.10652542114258,89132600
2022-04-28,32.32097509129787,33.350306154312136,31.68621989959054,33.08010482788086,87469600
2022-04-29,33.15302046275292,33.34172882536919,32.115109743672846,32.23091125488281,79416200
2022-05-02,32.03361934522534,32.758437242317505,31.93497374684134,32.74557113647461,104141200
2022-05-03,32.80561580357341,33.81779093080091,32.78417338412259,33.66339111328125,83298800
2022-05-04,34.31100827838303,35.134471691747564,33.873544362580844,35.061561584472656,90767400
2022-05-05,35.310315857910055,35.34462765022057,33.83065171800671,34.534027099609375,93194000
2022-05-06,34.980074672721244,35.56765191416052,34.2809890014652,35.56336212158203,94245600
2022-05-09,34.79993886456479,34.829960865042295,32.488235011338766,32.62118911743164,106044000
2022-05-10,33.1229970432281,33.74917266482687,32.2223302954095,32.91712951660156,113727800
2022-05-11,33.4660971690983,34.4525399068082,33.303121067524266,33.3588752746582,99705000
2022-05-12,33.34600838647342,33.517564067972586,32.458211252279135,33.50040817260742,90043600
2022-05-13,33.997909678655574,34.78277456573405,33.93786569220549,34.645530700683594,59437400
2022-05-16,34.76991947383194,35.9236282270599,34.74847378381579,35.55907440185547,56518800
2022-05-17,36.03942261801765,36.189532615729796,35.649136623966086,35.970802307128906,56329400
2022-05-18,36.228139433978825,36.27102754350044,34.62838709881395,35.04869842529297,66461400
2022-05-19,34.250965056922695,35.507605894668195,34.250965056922695,34.92002868652344,71441000
2022-05-20,35.348918458700474,35.76493999251791,34.366765371686384,35.07014083862305,63840000
2022-05-23,35.48616272644624,36.120917878921645,35.267432384091485,35.99654006958008,53289400
2022-05-24,35.59767191629381,36.28389144338217,35.32318410545847,36.13378143310547,53127600
2022-05-25,36.25816108213773,36.931514538695225,36.20669338792493,36.88004684448242,52648000
2022-05-26,37.103065240842476,37.566261337645564,37.07732976113214,37.2874870300293,42678200
2022-05-27,37.12022198175418,38.072349676748786,37.0301527089461,37.969417572021484,37334400
2022-05-31,38.595595084331975,38.79717278445439,37.197423832528415,37.39899826049805,78681200
2022-06-01,37.87077839994753,38.28679664543145,37.454756882310726,38.00802230834961,59297200
2022-06-02,37.742115399563,38.15384717489984,37.510515662407286,37.887935638427734,52605400
2022-06-03,37.93510925172587,38.50982037270481,37.89222114351023,38.389732360839844,41050600
2022-06-06,38.57415363480263,38.59988584494368,38.14097622189546,38.34684371948242,33384600
2022-06-07,38.321105502112914,39.5434344788648,38.29108350170682,39.49197006225586,51378800
2022-06-08,39.684973070383215,40.01950490827031,39.333285334123325,39.57775115966797,56985400
2022-06-09,39.23892937569843,39.487684992901734,38.65993171453098,38.70281982421875,49176200
2022-06-10,38.256777263333376,38.83148841874022,37.60486947180568,38.04662322998047,62543600
2022-06-13,36.892914767398295,36.931516357997715,35.344633338023364,36.060874938964844,89462600
2022-06-14,36.78569127605546,37.257470295636125,35.65771796595124,36.129493713378906,69512800
2022-06-15,36.04800131552906,36.22813330835406,34.735603135433806,35.331756591796875,86446400
2022-06-16,34.39249714774583,34.58120546370071,33.05436667891104,33.34172058105469,115958200
2022-06-17,33.11012415102812,33.35458997237175,31.137241682201058,31.518951416015625,128468400
2022-06-21,32.3581543200842,33.37734226614384,32.30177486487881,33.15182113647461,70013400
2022-06-22,31.55581871120188,32.38417889231645,31.38233911713582,31.824708938598633,82425200
2022-06-23,31.976498517453148,32.20635752204853,30.128947374208686,30.645048141479492,113842200
2022-06-24,31.16982937820281,31.707613159557546,30.718783742314006,31.048391342163086,94797000
2022-06-27,31.408362345165603,32.1760085333394,31.369331170605054,31.95915985107422,67958800
2022-06-28,32.71811818717456,33.351315709086684,32.32779004110624,32.82220458984375,79568000
2022-06-29,33.27758931455524,33.39034820995473,31.5905040760955,31.681583404541016,71184000
2022-06-30,31.00068628018394,31.81603606087424,30.736130646941998,31.013696670532227,75533400
2022-07-01,31.391015039305117,31.612201628639124,30.415195938467818,31.47775650024414,69204000
2022-07-05,30.827199197138835,30.97465466371808,29.573814495826422,30.228694915771484,89865800
2022-07-06,29.903425255595813,30.44121224939647,28.81918208738933,29.712600708007812,96419000
2022-07-07,30.519284524183714,31.026709643085677,30.44555345799377,30.78384017944336,67587200
2022-07-08,31.156805137406405,31.286915620434304,30.341455595793068,30.770814895629883,43940600
2022-07-11,30.384830340444505,30.731789487555087,30.06823317939018,30.475906372070312,45508200
2022-07-12,29.677908020372573,30.05956047439344,29.343962536710315,29.881746292114258,64690200
2022-07-13,29.448045564288176,30.458561006760178,29.448045564288176,29.834035873413086,58978000
2022-07-14,28.788823204316202,29.30492400750786,28.39849831364263,29.270227432250977,73273600
2022-07-15,29.9077626496597,29.938121325502873,29.30492372302552,29.74729347229004,59920600
2022-07-18,30.540960581851305,30.931288781797146,30.285080783960307,30.42820167541504,51453600
2022-07-19,30.384827815705492,31.443050148499964,30.376155326729787,31.3649845123291,48776400
2022-07-20,31.018025602651516,31.811692357584963,30.887918414056667,31.66857147216797,41849400
2022-07-21,30.80117890102107,31.143800144069296,30.211353653335987,31.113441467285156,43159200
2022-07-22,31.234873684216197,31.542801635566942,30.67974174793697,30.857559204101562,40836400
2022-07-25,31.28258095849402,32.01986825718737,30.909601064662095,31.98950958251953,39112000
2022-07-26,32.37116865170305,32.51428956563387,31.486425695832622,31.698936462402344,37228800
2022-07-27,31.902768817737787,32.57500088228658,31.57749587853949,32.41453170776367,44810800
2022-07-28,32.70511928555876,32.930640455346506,31.993852575809157,32.59669494628906,46665400
2022-07-29,33.19085985703907,34.1146373911812,33.125804588475084,34.01054763793945,51667600
2022-08-01,33.42938376289152,33.516121886599,32.86123813341133,33.30794906616211,51331000
2022-08-02,33.312285330327455,33.5638305341073,32.93497083350517,33.22988510131836,39864400
2022-08-03,33.36866815169965,33.46841666827143,32.07624886455191,32.27574920654297,57013200
2022-08-04,32.05455971499919,32.145635724467375,30.961640983687268,31.0787410736084,55991000
2022-08-05,30.658062879997363,31.96782725661137,30.658062879997363,31.694599151611328,45179600
2022-08-08,31.659912724129047,32.14565504204099,31.612205741617657,31.859413146972656,37756600
2022-08-09,32.310444707455844,32.830880077191345,32.2540652568695,32.41886901855469,34683000
2022-08-10,32.49259935801859,32.83955850485868,31.850729237866354,32.65306854248047,34788400
2022-08-11,33.26458511339916,34.06258995060993,33.16483657677791,33.77634811401367,60531600
2022-08-12,33.55514892599258,34.04956340107652,33.412028075613925,34.0322151184082,38381000
2022-08-15,32.80052195283139,33.55081965411827,32.5012730991934,33.36866760253906,42024400
2022-08-16,33.41637624406204,33.76766997673793,33.08242749053888,33.29060363769531,39357600
2022-08-17,33.13880927851863,33.91512446339015,33.052067841069636,33.56816864013672,45472400
2022-08-18,33.941149419081626,34.50495388713859,33.88043206573468,34.47026062011719,46866000
2022-08-19,34.3835203545879,34.70012082972058,34.18401999979996,34.461585998535156,39488400
2022-08-22,34.166674912032974,34.60904803879184,33.60287037190533,34.39653396606445,45696200
2022-08-23,34.96033521156943,35.90579533876464,34.93431443568019,35.63690185546875,54367000
2022-08-24,35.641249987319306,36.12699223274615,35.48078076928629,36.074947357177734,49093200
2022-08-25,36.28311108079908,36.534652954142146,36.00120722550634,36.352500915527344,39798600
2022-08-26,36.27878351863725,36.67344638141636,35.76702051992225,35.927486419677734,38635200
2022-08-29,35.91013788508001,36.94233627138836,35.81905853998567,36.4696044921875,52125000
2022-08-30,35.84508880222116,35.85376129385127,34.94299746566392,35.23357391357422,57641800
2022-08-31,34.36184163836933,35.49378864946399,34.23606901294812,34.912635803222656,58304600
2022-09-01,34.39653055336034,34.526641062168075,33.576842950875594,34.05390930175781,56604200
2022-09-02,34.89094319522854,35.138150500732905,34.49194251070351,34.67843246459961,57188200
2022-09-06,35.00371005952312,35.12081018807304,34.21438107490288,34.35750198364258,45568200
2022-09-07,33.607202845483435,34.10595540217821,33.29927815959134,33.958499908447266,60541400
2022-09-08,34.110287300569034,34.27509105436488,33.693938362942234,34.10594940185547,53681600
2022-09-09,34.71747354369215,35.125146795073846,34.46159039136233,34.95600509643555,38678800
2022-09-12,35.467759378897846,35.98386014781572,35.164172637679876,35.597869873046875,41731800
2022-09-13,35.04274025417084,35.64124128729602,34.54398773880941,34.70011901855469,61146000
2022-09-14,35.02539817572221,35.93182402990851,35.02539817572221,35.68027877807617,54384200
2022-09-15,35.04707219220755,35.19453097140674,34.59169208478494,34.760833740234375,55886400
2022-09-16,34.65241612761394,34.67843690768061,33.524803770469944,34.01921844482422,70403600
2022-09-19,33.083607026754464,34.06129793086575,33.00469025716287,34.03937530517578,37625800
2022-09-20,33.80263137817383,33.99992501186243,33.40366560569349,33.80263137817383,42299600
2022-09-21,34.438352341329804,34.4865794531041,33.2940605890921,33.307212829589844,68705800
2022-09-22,33.91223455977119,34.02184100847435,33.16252685203242,33.1888313293457,57748000
2022-09-23,31.89986363129837,31.96124297856513,30.66350295147368,30.900253295898438,105475600
2022-09-26,30.70734095425832,31.093154422937555,30.10231460327706,30.14177131652832,72159600
2022-09-27,30.663498123477694,31.044926386447273,30.308370990293874,30.47935676574707,67671200
2022-09-28,30.78626342016879,32.0050867360241,30.602125367756926,31.829715728759766,63147600
2022-09-29,31.597350565727115,31.895480274599358,31.040551213455885,31.829715728759766,48563000
2022-09-30,31.575439453125,32.01386545874694,31.268542587159633,31.575439453125,43369400
2022-10-03,32.71095667526291,33.535196163308655,32.658344363076274,33.359825134277344,69550600
2022-10-04,34.03499790416117,34.824165780775566,33.76755786513762,34.79347610473633,66330800
2022-10-05,34.78032651764662,35.78870405366696,34.482196779839725,35.51249694824219,61273600
2022-10-06,35.22313607168744,36.25343963811152,35.196831587412525,36.14383316040039,52670200
2022-10-07,36.21835933785241,36.62609550766607,35.604562485616704,35.86323547363281,56915400
2022-10-10,36.00353794072507,36.31043474834212,35.01269441982321,35.126686096191406,46331600
2022-10-11,34.4690494535638,35.446737450619,34.32436808702842,34.84609603881836,53842200
2022-10-12,34.618110420798196,35.37220354228504,34.39013041298615,35.126686096191406,41102400
2022-10-13,34.66632638178473,36.70062173872987,34.65755933792795,36.560325622558594,70134800
2022-10-14,36.16136973736232,36.6830942842986,35.12668434480712,35.19683074951172,53494600
2022-10-17,35.749245568158095,36.222746306923504,35.53441783007753,35.63525390625,37988400
2022-10-18,35.92899195553309,36.279733923579315,35.25381918616757,35.946529388427734,50375800
2022-10-19,36.05176165824158,37.14344116510591,36.03860607207838,37.007530212402344,62527600
2022-10-20,37.28811563224403,37.630087221095486,36.81900015998718,37.04259490966797,50523600
2022-10-21,37.24865493208957,38.186885860513215,37.15220072254489,38.11235427856445,50548400
2022-10-24,38.09043496240861,38.55955046740358,37.884377631740534,38.292110443115234,44992000
2022-10-25,38.143054026636996,38.5069483333511,37.93699331452361,38.33157730102539,37683600
2022-10-26,38.47625926191211,39.160202619379554,38.449951432446554,38.85330581665039,45413000
2022-10-27,39.38817570176654,39.65123388064848,38.8752182738094,38.993595123291016,50021200
2022-10-28,39.41448645719655,39.73453546974988,38.42802824781417,39.12950897216797,49328000
2022-10-31,38.74369902971052,39.9756747714855,38.699853762591374,39.45833206176758,59520800
2022-11-01,40.12035211456742,40.137889550677116,39.59862426130677,39.839759826660156,43510800
2022-11-02,39.71261022346642,39.91867088702381,38.787531507234384,38.879600524902344,56499200
2022-11-03,38.64286035750789,39.822227153791594,38.53325387740493,39.598628997802734,53634400
2022-11-04,40.479863639751585,40.78237523239163,39.51970986047341,40.080894470214844,60590600
2022-11-07,40.16418446591052,40.89635468824839,40.0940347381803,40.76921081542969,38775400
2022-11-08,40.69030462793276,40.984052508054376,40.308876255188494,40.80868148803711,43718600
2022-11-09,40.256264325685464,40.383408232775,38.72615893506321,38.8138427734375,63028000
2022-11-10,39.61615666461779,39.72137792298483,38.8006843861954,39.67753601074219,58488200
2022-11-11,40.436012569328405,41.04103896262575,40.339558359181716,40.83059310913086,51082600
2022-11-14,40.712218780832174,41.52330581645112,40.707833586390926,40.817440032958984,46245200
2022-11-15,40.97089800852019,41.35232973630384,40.70345794850937,41.247108459472656,51542200
2022-11-16,40.878824206248986,41.12872680015916,40.19488096921561,40.40532684326172,47277200
2022-11-17,39.78714934192755,40.52809016313365,39.581088639349005,40.49301528930664,42859800
2022-11-18,39.74331047328585,40.28257248384902,39.243505190114185,40.17296600341797,47366200
2022-11-21,39.30049501761073,39.734535695627656,38.27019488427255,39.62931442260742,85153600
2022-11-22,40.12473772930921,40.96213282125893,39.940599650267906,40.87006378173828,53755000
2022-11-23,40.12912396344273,40.68592675556966,39.98006075605399,40.42725372314453,41197400
2022-11-25,40.453550642843076,40.738528106826145,40.20803324368163,40.27818298339844,15182600
2022-11-28,39.29172814732651,39.78714818222734,39.041825532210304,39.1733512878418,58262400
2022-11-29,39.60739087843121,39.99759297403388,39.46271288570821,39.76522445678711,38048400
2022-11-30,40.20803802773898,40.28695482184827,39.3355714419759,39.962520599365234,43830200
2022-12-01,40.24310737390175,40.444782854495394,39.69507508590046,39.83098602294922,38902000
2022-12-02,39.55477774858238,40.063349956989136,39.36186931870903,39.594234466552734,36770000
2022-12-05,39.984434383269544,40.14226794976306,38.09043493027096,38.419254302978516,51753800
2022-12-06,38.178124588724806,38.638469733530265,37.147824489485345,37.406494140625,64930200
2022-12-07,37.3977301187392,37.8887649795641,36.989993903276165,37.31881332397461,48894200
2022-12-08,38.15619812339286,38.239500098572826,36.94614193807612,37.15220260620117,51280800
2022-12-09,37.03382893176088,37.44156507134465,36.235894086491136,36.249046325683594,48097800
2022-12-12,36.45511671086391,37.288126645989145,36.31482054720567,37.200439453125,42184800
2022-12-13,37.92383702691863,38.221966746591946,37.60816987139115,37.90629959106445,54557400
2022-12-14,38.16497697682384,38.30088793916542,37.33635227075397,37.6739387512207,52675600
2022-12-15,37.34512156095194,37.53364484823186,36.810241380998484,37.445960998535156,40406600
2022-12-16,36.740093516538074,37.16098199929305,36.4814204837961,36.98561096191406,59101000
2022-12-19,37.375395877931496,37.4949919540211,36.71098374659991,36.981178283691406,36836600
2022-12-20,37.09633858154657,37.77846867561575,36.95459748273832,37.53927993774414,28593000
2022-12-21,38.305568881175496,38.42516155702195,37.74303148235798,38.25241470336914,34058200
2022-12-22,38.292283426672576,38.31443184885534,36.622395802959495,37.370967864990234,37359400
2022-12-23,37.86705175881898,38.571330201097794,37.67215987981099,38.562469482421875,29630000
2022-12-27,38.73079907065256,39.138304368364174,38.58905795060614,38.97441482543945,32749200
2022-12-28,38.92125848886834,38.92125848886834,37.98222158983923,38.10181427001953,31838000
2022-12-29,37.94235790693205,38.673208435629334,37.92463984729327,38.50046157836914,26915800
2022-12-30,38.296715431063795,38.81938645089267,38.292285070562095,38.74408721923828,22661800
2023-01-03,38.500465285286374,38.695360580703614,36.91916463854787,37.384254455566406,53082800
2023-01-04,36.83058294450747,37.596869775144995,36.68884181298419,37.37982940673828,45705200
2023-01-05,37.317812813831324,38.27013749623133,37.21150782444413,38.061954498291016,38723800
2023-01-06,38.55361895530562,39.25789414265148,38.45617130889622,38.7839469909668,44422400
2023-01-09,39.36863022482017,39.43064175016996,38.52261391219104,38.646636962890625,46003200
2023-01-10,38.89912003772667,39.000998063478555,38.31000706737395,38.921268463134766,31599000
2023-01-11,39.26232611158406,39.35977376198647,38.62006242211324,39.040855407714844,32903000
2023-01-12,39.2756127517066,40.041902853310255,39.20031352547595,39.784996032714844,36716000
2023-01-13,39.753995762992915,39.94003036386998,39.33320273062215,39.84258270263672,31808400
2023-01-17,39.93559945973277,40.34310474906683,39.762849199458216,39.92673873901367,33933200
2023-01-18,40.11277719859521,40.560149015655,39.156025410322684,39.19588851928711,38075200
2023-01-19,38.96998439466185,39.842576081200235,38.88582445042418,39.6831169128418,34293800
2023-01-20,39.76727438099721,40.214646096557225,39.36419950451442,40.077335357666016,28560000
2023-01-23,40.369678106034,40.569000380237334,40.00203594044823,40.130489349365234,29305000
2023-01-24,39.99761229033202,40.06848116151968,39.18259830573713,39.9754638671875,30755200
2023-01-25,39.78056706800028,39.97989273071289,39.14716071465758,39.97989273071289,26861200
2023-01-26,40.626583186519184,41.25998948374739,40.13048763323136,41.242271423339844,36663000
2023-01-27,41.02080382126726,41.224556462210515,40.343104011757696,40.4095458984375,34841000
2023-01-30,40.11720536368932,40.174786533278116,39.43064479229444,39.48379898071289,27525000
2023-01-31,39.35090949795697,39.895728867340864,38.947834610485494,39.833717346191406,27848200
2023-02-01,39.64768331349711,39.81599981895965,38.53589951907816,39.049713134765625,46967200
2023-02-02,38.89911224080087,38.97441146509503,37.73860459715865,38.159400939941406,49803000
2023-02-03,38.3188640417267,38.93898271937838,38.03538179697877,38.07524490356445,45454800
2023-02-06,38.11067550574711,38.398588069292195,37.437402737514795,37.90249252319336,31714400
2023-02-07,38.14167401748629,39.191446071138,37.942351792575586,39.13386154174805,41014000
2023-02-08,39.10286533217043,39.302190985110016,38.56247629617256,38.7839469909668,26967200
2023-02-09,38.78837666121746,38.91239970739649,38.4251648633898,38.45174026489258,32150400
2023-02-10,39.089583563268114,40.0374780104863,39.05414743567348,39.95774841308594,40003200
2023-02-13,39.75399128266668,40.01089810980516,39.342055638935925,39.85586929321289,24744800
2023-02-14,39.54137681855624,40.16149544702077,39.430641469879525,39.86915588378906,27022600
2023-02-15,39.42178771503695,39.505947669087014,38.69093367141127,39.19145965576172,31939600
2023-02-16,38.97884199359448,39.315478393400404,38.76622864125005,38.806095123291016,25314200
2023-02-17,38.20369585434638,38.23027125701906,37.26023188634437,37.42411804199219,44680400
2023-02-21,37.26023130720831,37.66773657893754,37.16721401992498,37.23808288574219,33622600
2023-02-22,37.13620792925126,37.486132065043044,36.6711214546229,36.99003982543945,40270400
2023-02-23,37.54813766479492,37.76518136471743,37.0741905439555,37.54813766479492,35023400
2023-02-24,36.994467629438674,37.55257479078123,36.78185763041532,37.49942398071289,37496800
2023-02-27,37.57472088883725,37.77404317300628,37.30009599610732,37.61015701293945,30676400
2023-02-28,37.99108645522249,38.004377537319066,37.038765046846386,37.06977081298828,38007600
2023-03-01,37.1007723787095,37.99108215400403,36.963458247591575,37.80061721801758,37094000
2023-03-02,37.734171833353706,38.2745607801738,37.61457578545139,38.132816314697266,32798600
2023-03-03,37.67659276124349,38.84153075529352,37.65001735980113,38.651065826416016,50675200
2023-03-06,38.438453677603505,38.73079662010067,38.283424865388945,38.668785095214844,33898400
2023-03-07,38.438447611257615,38.53589524337751,37.8980586545012,37.995506286621094,37000400
2023-03-08,37.82719502764284,38.309999516121806,37.24251253349307,37.6057243347168,39399000
2023-03-09,37.82277184199697,38.354300254092955,37.06534233404134,37.07419967651367,37888200
2023-03-10,37.07418972511769,37.59686065444683,36.38763265872622,36.600242614746094,56624800
2023-03-13,35.66564465731358,36.49837675989469,35.04109895975287,35.856109619140625,83327000
2023-03-14,35.85167919822459,37.0166139026683,35.57262394407804,36.2104606628418,61066400
2023-03-15,34.88163368255368,35.14739783473632,33.76984987228805,34.26594543457031,115347000
2023-03-16,33.51294757730104,34.72660605372022,33.38006380701351,34.63801574707031,88790400
2023-03-17,34.43869058746634,34.72660314606602,33.81414165053285,34.093196868896484,67351600
2023-03-20,34.059628236857066,34.999512189034206,34.059628236857066,34.77573013305664,52288800
2023-03-21,35.491847147881586,36.0915816166444,35.384429267046556,35.97969055175781,59712400
2023-03-22,36.00206170797313,36.16765825989188,35.18749508275103,35.21434783935547,49209400
2023-03-23,35.40680478829048,35.71562518467306,34.39083212334914,34.726505279541016,49486200
2023-03-24,34.03726596049103,34.9950532774906,33.929848071273526,34.860782623291016,41298000
2023-03-27,35.22778491232393,35.80514325710205,34.94582063844629,35.60374069213867,40223800
2023-03-28,35.40233531153122,36.31089029070962,35.38890892892576,36.15424346923828,32596800
2023-03-29,36.51228193670738,36.69578145133619,36.275073498101634,36.65550231933594,36204600
2023-03-30,36.959851721709406,37.01355723927106,36.601799002960675,36.81663131713867,27460800
2023-03-31,36.91061203221511,37.13439408317833,36.77634143577994,37.07173538208008,32294600
2023-04-03,38.633735367520906,39.00073781565908,38.4323328759078,38.75010299682617,62452200
2023-04-04,38.86646400747165,38.9156963306329,37.7072746512857,38.04742431640625,49363000
2023-04-05,38.1414257577208,38.62031936645508,37.82365555142462,38.62031936645508,40552200
2023-04-06,38.56213006225722,38.602409198043645,37.9579157083121,38.03400421142578,33378600
2023-04-10,38.17722501452126,38.776959362470166,38.17722501452126,38.338348388671875,26977200
2023-04-11,38.55317733298976,38.94255939018532,38.33387184577655,38.70087432861328,25575200
2023-04-12,38.9694148758551,39.04997656868571,38.61136214890932,38.72772979736328,33334400
2023-04-13,38.66954278519096,39.067874600804366,38.57555472456073,38.96940994262695,31384600
2023-04-14,39.02312027820284,39.26927851789055,38.812764576254956,39.04102325439453,23560200
2023-04-17,38.91123231238197,39.072355696194045,38.44576513855198,38.58003234863281,23762000
2023-04-18,38.4905155800892,38.83066527852502,38.29806286560302,38.732200622558594,24493600
2023-04-19,38.383098237340846,38.62925644397339,38.172742563640405,38.59792709350586,34246200
2023-04-20,38.06086026962025,38.26673939344174,37.79232243048979,38.257789611816406,30396200
2023-04-21,38.39653009207798,38.41443306841981,37.86392764350018,38.03400421142578,33757600
2023-04-24,37.913165212922635,38.79486728537452,37.89973883247215,38.615840911865234,25251800
2023-04-25,38.23987703257198,38.30700891451607,37.666995542362265,37.890777587890625,30665200
2023-04-26,37.622241105383516,37.971340593712156,37.15677398273085,37.385032653808594,40070000
2023-04-27,37.36265940214733,37.61329425128973,37.00908328873931,37.51930618286133,34114600
2023-04-28,37.38503328943586,38.307014355276266,37.25523927483756,38.10113525390625,38228600
2023-05-01,37.62224593582017,38.07876333658935,37.470075745326376,37.671478271484375,27821400
2023-05-02,37.21943964520133,37.27762176057606,35.68876752167969,36.03339385986328,67648000
2023-05-03,35.572404929846776,35.988639781926814,35.339669628337546,35.35309600830078,59367600
2023-05-04,35.36652160638795,35.724574332496886,34.851825507741665,34.9592399597168,52861000
2023-05-05,35.9259691698918,36.19003376719151,35.71114031190732,35.9080696105957,39073400
2023-05-08,36.431718793406404,36.58836554707074,35.90359301345011,35.9080696105957,32711800
2023-05-09,35.6261033857743,36.26164361874181,35.550018304639444,35.9214973449707,41421200
2023-05-10,36.10052878068469,36.17213727462939,35.24567954878981,35.514217376708984,36052000
2023-05-11,35.012946130945686,35.27253075152065,34.8204934034069,35.08903121948242,38168200
2023-05-12,35.26358258456814,35.500791056535206,34.88762689314122,35.142738342285156,37913200
2023-05-15,35.27252594564929,35.52316416586151,34.99503838652441,35.32175827026367,32544600
2023-05-16,35.1561668192509,35.308336997588654,34.39978228141873,34.4534912109375,44511200
2023-05-17,34.80706629784549,35.30386283253584,34.55195484067832,35.11588668823242,46200600
2023-05-18,34.90553120214087,35.415754119896334,34.68622569898307,35.37099838256836,33154200
2023-05-19,35.69771756375175,35.92149963877465,35.4426061348114,35.64400863647461,36122200
2023-05-22,35.50973756572868,35.858840466543796,35.44260567580599,35.49631118774414,26943600
2023-05-23,35.83646457860828,36.28402876888172,35.74247650840811,35.876747131347656,42803800
2023-05-24,36.15871128660503,36.31088147203608,35.72905007435741,36.03339385986328,33474200
2023-05-25,35.514212392510316,35.59029747372466,35.06217167325716,35.39337158203125,38251000
2023-05-26,35.608203322406226,35.706667983521946,35.071127698594076,35.2546272277832,28785800
2023-05-30,34.6414664524793,34.93238383760708,34.50719583945309,34.8921012878418,40331600
2023-05-31,34.34606978001546,34.610134387716336,34.16257026553605,34.278934478759766,44797600
2023-06-01,34.35950192128929,35.093510346269774,34.12677004115682,34.70412826538086,51623600
2023-06-02,35.353098506853286,35.93045678858439,35.1114134065023,35.76038360595703,55278800
2023-06-05,36.28402821723089,36.28402821723089,35.46051175867727,35.523170471191406,37826200
2023-06-06,35.05322769032607,35.840941631300765,35.01742173513544,35.80961227416992,34750800
2023-06-07,35.98416533665714,36.80320870985734,35.96178575895015,36.75844955444336,60654200
2023-06-08,36.80767045712355,36.93298785819922,35.99310393548861,36.60179138183594,46155200
2023-06-09,36.5838824703565,36.76290876339735,36.30191836370088,36.40038299560547,38387000
2023-06-12,35.854370695179796,36.41382598200429,35.80513835676771,36.051300048828125,36387000
2023-06-13,36.44962939420445,36.93299613313259,36.20346771933617,36.221370697021484,40136400
2023-06-14,36.57942349245422,36.74054346264716,35.58135382608428,35.849891662597656,47605400
2023-06-15,35.91254398953928,36.51675486788447,35.90359420959307,36.243743896484375,46777000
2023-06-16,36.37801672820631,36.480957994098716,36.0870993224865,36.190040588378906,47461800
2023-06-20,35.9489343263372,35.989568241544895,35.11364488116745,35.380035400390625,42552000
2023-06-21,35.23555230266538,35.962477726138545,35.181370306201394,35.659969329833984,34473800
2023-06-22,35.33488371349268,35.37551762669486,35.050432542198806,35.18136978149414,33507400
2023-06-23,34.80210661850431,35.02334374217646,34.63956407404975,34.92852783203125,34905200
2023-06-26,34.99173518589565,35.75478186838861,34.9104639212235,35.55611801147461,32488600
2023-06-27,35.520005145904754,35.79090827777656,35.31231262997903,35.63739776611328,28388400
2023-06-28,35.60127601692602,36.043753768135595,35.28522294086217,35.99860382080078,32903200
2023-06-29,36.13405482670695,36.41399002075195,35.939906946665474,36.41399002075195,28435800
2023-06-30,36.66231401792407,36.83388863449575,36.39141089852464,36.64876937866211,35970600
2023-07-03,36.73906650330468,37.00996957690132,36.599097216916164,36.73455047607422,19539800
2023-07-05,36.888062825760294,36.89709488067935,36.32367995850742,36.531375885009766,32557400
2023-07-06,36.13405377285665,36.3868962344778,35.43873355867831,35.70963668823242,41967800
2023-07-07,35.533545746583954,36.815825477272824,35.50645646989216,36.477195739746094,48916000
2023-07-10,36.382375038703884,36.83388129598821,36.35528232085765,36.76163864135742,30925000
2023-07-11,36.92870134687383,37.62853405748343,36.856458684124064,37.56983947753906,39642000
2023-07-12,37.87685456388679,38.1296969317174,37.682706761525736,37.9174919128418,43077600
2023-07-13,37.91749592905577,38.15227766052096,37.420836304326826,37.773014068603516,53226400
2023-07-14,37.529202726749126,37.565320610674384,36.68488475445526,36.775184631347656,43988200
2023-07-17,36.64426255904657,36.86098371076547,36.535898538466526,36.70295715332031,32445800
2023-07-18,36.61715884224276,37.45696080373904,36.55846426558404,37.07318115234375,43209400
2023-07-19,37.07318444218606,37.54275143128345,36.991913166289976,37.2899055480957,37521000
2023-07-20,37.596929879848766,37.80462581911556,37.41181407926731,37.727867126464844,35449800
2023-07-21,37.867833360844394,38.080038421217594,37.62401955359224,38.061981201171875,31529000
2023-07-24,38.25613577796274,38.95596857607271,38.24258769346341,38.6760368347168,44539600
2023-07-25,38.65797048950169,39.10496076016949,38.423185285409744,38.879207611083984,33606600
2023-07-26,38.558636111406344,39.04626370928959,38.50445411895727,38.89274978637695,32788000
2023-07-27,39.10495895570562,39.262985463829544,38.53606008173996,38.6444206237793,35550600
2023-07-28,38.617332243129106,38.77084617223033,38.197431257699904,38.76181411743164,34627800
2023-07-31,39.10044824875356,39.61065261618727,38.98757166406043,39.49777603149414,36266400
2023-08-01,39.33974568034438,39.42553298619986,38.8882393458965,39.31265640258789,35766000
2023-08-02,39.046273000484234,39.24493346396385,38.468341944331854,38.797943115234375,45920000
2023-08-03,38.90179013817834,39.5429283510032,38.68958159505683,39.19075393676758,41630600
2023-08-04,39.47067960081532,39.840914626039456,39.199776511944926,39.24492645263672,43208200
2023-08-07,39.46616400605786,39.54743182626905,39.17268424687962,39.29007339477539,26821600
2023-08-08,38.653456253140796,39.502286892936745,38.36449248449878,39.48422622680664,37237200
2023-08-09,39.86801178005661,40.346607405110845,39.619681911554856,39.98088836669922,52085600
2023-08-10,40.03958237717204,40.49560474518684,39.70546865002535,39.97637176513672,39226600
2023-08-11,39.95831021813533,40.63556971335797,39.94928160720913,40.59041976928711,46689200
2023-08-14,40.47754033908437,40.58590088617506,40.147939225587265,40.41884231567383,30189400
2023-08-15,40.13891119561023,40.184061137157464,39.506801679789646,39.579044342041016,44982400
2023-08-16,39.61967671955707,40.04860631470147,39.20880434455552,39.235897064208984,37995400
2023-08-17,39.78673850020789,40.24727343488646,39.64676919739626,39.705467224121094,40464200
2023-08-18,39.475196764154795,40.14794020056298,39.348775548692295,40.09827423095703,35307200
2023-08-21,40.260821118846636,40.42336368331522,39.5700169422152,39.845436096191406,30488400
2023-08-22,39.89509676080254,40.035062610851,39.515829679285865,39.53840637207031,25732800
2023-08-23,39.10948157569478,39.47520061967657,38.770851810609386,39.43907928466797,38798600
2023-08-24,39.08239124363465,39.58356360220672,39.055301963080595,39.16817855834961,33455000
2023-08-25,39.4029538801059,39.746099637807156,39.05981156712439,39.54743576049805,38036800
2023-08-28,39.65128116442375,40.111816051938426,39.583554533834075,39.81382369995117,25718200
2023-08-29,39.95830913734343,39.96282516504434,39.52486348549117,39.92218780517578,27019400
2023-08-30,40.10279275720666,40.19309264681472,39.94476622803257,40.120853424072266,27890200
2023-08-31,40.269846399859226,40.33756958639362,39.85897402971294,40.1479377746582,29617400
2023-09-01,40.590413367393644,41.01482690838538,40.581381313172045,40.96967697143555,35764200
2023-09-05,41.19995363566321,41.60631003169868,41.15931971841967,41.18640899658203,48737400
2023-09-06,41.10513583177212,41.4257049059614,40.90195592071478,41.2044677734375,40324200
2023-09-07,41.285738437239004,41.4979469558856,41.091590584511245,41.1638298034668,30729200
2023-09-08,41.3579697280695,41.859141915905596,41.335396483537984,41.56114959716797,34739000
2023-09-11,41.863673397598156,41.990094636747074,40.847784011225244,41.01483917236328,44095000
2023-09-12,41.4573147995526,42.02621379087725,41.380559543304095,41.98106384277344,53599400
2023-09-13,42.021691306772766,42.107478606294485,41.44827982003627,41.665000915527344,36315400
2023-09-14,42.098440234797216,42.30162010664474,41.972019040608984,42.15262222290039,37099800
2023-09-15,41.764331752202644,42.17520412885189,41.543094635009766,41.543094635009766,49612800
2023-09-18,41.97246707472539,42.095275327714276,41.58585531225733,41.895145416259766,33746600
2023-09-19,42.20897920804723,42.26810691479485,41.25836572637877,41.50397872924805,36264400
2023-09-20,41.29930273301506,41.76778544194812,41.0900741438443,41.117366790771484,35930400
2023-09-21,41.39936330810039,41.49488236506786,40.48514120411478,40.553367614746094,43446200
2023-09-22,40.85811125318062,41.13101344518417,40.58520906117706,40.6215934753418,42067400
2023-09-25,40.51242807524033,41.19468520245565,40.51242807524033,41.13100814819336,35073800
2023-09-26,40.77623803522431,41.14010644809833,40.71256097621787,40.89449691772461,33460000
2023-09-27,41.40391394381459,42.03159277690502,41.22197799987331,41.913333892822266,46289400
2023-09-28,41.73140505658902,42.204437203347545,41.635889450532986,41.958824157714844,48462800
2023-09-29,41.89514572397088,42.0588877490654,40.95818016826106,41.112823486328125,48369200
2023-10-02,41.05822978796804,41.16739341990733,40.01665369345771,40.29410171508789,50599800
2023-10-03,40.19859258687454,40.34414064933124,39.87111204895163,40.26681900024414,41466600
2023-10-04,39.666432168117844,39.73465858038539,38.62030657052684,39.00236892700195,59572400
2023-10-05,38.442917983296,39.10243536696198,38.442917983296,38.76130676269531,47037000
2023-10-06,38.76130247713014,39.34804402801365,38.32465832836225,38.99327087402344,51481000
2023-10-09,40.039393514174165,40.46239304505673,39.75284678814623,40.29410171508789,61489000
2023-10-10,40.330498324406484,40.61249922943088,40.10307924716931,40.34414291381836,41700600
2023-10-11,39.93024067220886,39.97117443908566,39.36624235102209,39.825626373291016,47145400
2023-10-12,40.24862584053786,40.28501372439379,39.6846275213294,39.87111282348633,39986400
2023-10-13,40.521531867818204,40.94453151483057,40.34869460833893,40.74895095825195,48511800
2023-10-16,41.012748066534066,41.14465152366071,40.63068575221338,41.021846771240234,38365200
2023-10-17,40.93088661086574,41.57675946005291,40.871758897056594,41.44940185546875,40424000
2023-10-18,41.617690608966896,41.999752988234626,41.52217501414996,41.8269157409668,47616800
2023-10-19,41.681363184903844,42.09981340385472,41.28565278885767,41.7541389465332,63297000
2023-10-20,41.68137112673242,41.83601791459103,40.9126934812228,41.05369567871094,46549600
2023-10-23,40.817174868028125,40.82172422119607,40.20314405566482,40.38962936401367,51888200
2023-10-24,40.48968838335838,40.52152691332066,39.80743119547555,39.82107925415039,44271600
2023-10-25,39.84837122420612,40.05304700686095,39.54817637482996,39.74830627441406,41412600
2023-10-26,39.38443641855322,39.62095421590012,39.04785713632563,39.43901824951172,44770400
2023-10-27,39.398084738610834,39.54817870199125,38.36105076440279,38.49295425415039,53809400
2023-10-30,38.62940697384787,38.906858542750435,38.24734109612142,38.62031173706055,45530600
2023-10-31,38.6657867813417,38.82952877041611,38.27917510108125,38.747657775878906,37205600
2023-11-01,38.993279074528694,39.20250422293083,38.60211795834297,38.65669631958008,46082600
2023-11-02,38.752208086753214,39.86201425727458,38.529338370098216,39.825626373291016,45323000
2023-11-03,39.75285711803008,39.88021125158024,39.1843094002955,39.42537307739258,47235000
2023-11-06,39.739208003623766,39.739208003623766,38.86591617130348,38.9796257019043,41035400
2023-11-07,38.47020973894041,38.538436152239015,37.94714519717045,38.11543655395508,47550200
2023-11-08,37.9698888939486,38.22004778517461,37.624210941008776,37.637855529785156,50742000
2023-11-09,37.91530040781945,38.001720748407145,37.50139611357202,37.524139404296875,38232200
2023-11-10,37.94714836757144,38.029019376342006,37.57873056317379,37.938053131103516,34565600
2023-11-13,37.99717448639299,38.28827058662223,37.87891561125635,38.2109489440918,28447400
2023-11-14,38.35650152101821,38.661242244701754,38.29282445846164,38.55208206176758,34724000
2023-11-15,38.492953672119526,38.96598579263917,38.424730721678145,38.47930908203125,33043600
2023-11-16,38.115439834061796,38.2609879088925,37.34676222035035,37.728824615478516,53166000
2023-11-17,38.0517580839433,38.774949015754984,37.96078837953531,38.520240783691406,48850800
2023-11-20,38.679435771037426,38.9068548406201,38.56572623624609,38.57482147216797,29093800
2023-11-21,38.392891535874554,38.55663008429217,38.119985858185565,38.488407135009766,26973800
2023-11-22,37.71972739787936,38.50204956030786,37.5059529151065,38.470211029052734,36547200
2023-11-24,38.4565611244719,38.91594508763675,38.43381783237341,38.629398345947266,19152600
2023-11-27,38.42927718601568,38.56118067576328,38.13363167245312,38.49295425415039,24501800
2023-11-28,38.570274906125945,38.85682167947458,38.429272725787165,38.50204849243164,28921800
2023-11-29,38.743113798173724,38.79314627233961,38.09269510415686,38.21549987792969,45268000
2023-11-30,38.54298332757604,39.020564766542634,38.01082353225188,38.470211029052734,58364600
2023-12-01,38.4247243412196,39.12972131645437,38.25188364176206,38.67033386230469,43048000
2023-12-04,38.388343415131914,38.734021406534595,38.21095680102237,38.49295425415039,37070200
2023-12-05,38.470212408831536,38.542984709964905,37.79705040511408,37.819793701171875,37747200
2023-12-06,37.57417984203061,37.837986801814424,37.110242985839804,37.255794525146484,62306600
2023-12-07,37.42862849322687,37.61511031387885,36.86917609099214,37.00107955932617,40908800
2023-12-08,37.246697516823076,37.51505384197862,37.16937586064633,37.401344299316406,34127200
2023-12-11,37.433182345095005,37.56963171242925,37.26034162160924,37.44682693481445,29344200
2023-12-12,37.10114505120863,37.14208228619606,36.72362858140433,36.93285369873047,45386600
2023-12-13,36.95560088407564,37.460471524533894,36.78276363072968,37.44682693481445,46445600
2023-12-14,37.8243401742054,38.59756359933521,37.8243401742054,38.54753112792969,60717400
2023-12-15,38.201858975579505,38.41563348216746,38.02447235737674,38.34286117553711,46366400
2023-12-18,39.023399441639825,39.220858526201425,38.61929517362342,38.65603256225586,42447200
2023-12-19,38.72951002903786,39.161165655816774,38.64226309642248,39.11983871459961,36862400
2023-12-20,39.257587089494066,39.48719048211581,38.71113339741374,38.75705337524414,39818200
2023-12-21,38.83512887973389,38.96829930624903,38.54582978290697,38.90860366821289,26062800
2023-12-22,39.18871442541464,39.36321528634554,38.96370402962907,39.02340316772461,25037800
2023-12-26,39.35402664035341,39.569854425875036,39.23463537882809,39.358619689941406,25983400
2023-12-27,39.35861368306407,39.49178407302903,39.04175987578641,39.18411636352539,20238200
2023-12-28,38.98206874018547,39.133607839667775,38.57337492895393,38.58715057373047,26198000
2023-12-29,38.72032932159207,38.75706671789163,38.38510671143269,38.499908447265625,24345400
2024-01-02,38.77083972738803,39.27137357989362,38.715733636688505,38.91319274902344,39301800
2024-01-03,38.97288552709413,39.689247071881155,38.775426446996406,39.54689407348633,37936000
2024-01-04,39.83159817744155,40.00150596034871,38.830527179966566,38.85348892211914,42049000
2024-01-05,39.22544745682023,39.24381615084828,38.706544988540706,38.88563537597656,34029200
2024-01-08,38.22437320173977,38.481531393113194,37.70087772795332,38.43560791015625,47218600
2024-01-09,38.48612284728633,38.52745328330332,37.73761698446339,37.820274353027344,33750400
2024-01-10,37.89375002481431,37.907529174067214,37.29678318559454,37.44832229614258,33159800
2024-01-11,37.65036964466571,37.74680266529554,37.393214922986154,37.54475402832031,38588600
2024-01-12,38.1233489447179,38.27488803730282,37.73761689465085,37.967220306396484,38769200
2024-01-16,37.88456849302961,37.93508153129796,37.039629495578204,37.06258773803711,36031200
2024-01-17,36.68144236620939,37.12228052719456,36.59878499205778,36.75491714477539,39284200
2024-01-18,36.76410299362573,36.79624733622524,36.2681622083004,36.69522476196289,35705600
2024-01-19,36.67685338555563,36.8192063918839,36.54827252108296,36.814613342285156,39940200
2024-01-22,36.73655332270698,37.035038519148124,36.49776726763651,36.9523811340332,30136800
2024-01-23,36.892677823399964,37.32892644688885,36.83757524186435,37.03044128417969,24709200
2024-01-24,37.223306356171804,37.57689759466964,37.04880901340719,37.558528900146484,33841000
2024-01-25,37.82485968320038,38.41723678644196,37.59984586257504,38.40345764160156,37609400
2024-01-26,38.3621387744377,38.7019508456803,38.08202232949702,38.688175201416016,36469600
2024-01-29,38.62848998179743,38.68818562418162,38.22897867315276,38.633079528808594,29680600
2024-01-30,38.25193858095376,39.04177155579159,38.10499250383616,39.032588958740234,35341200
2024-01-31,39.03258554415939,39.10606032802601,38.28407957673842,38.30244827270508,38580800
2024-02-01,38.532048034353195,38.71113842357324,37.94426033001004,38.2978515625,51101400
2024-02-02,38.61929183918838,38.65602922464887,38.03150768570017,38.35295104980469,38075000
2024-02-05,38.118763173717085,38.48612656680648,37.84323975303244,38.25652313232422,31593600
2024-02-06,38.444800921084784,38.757061742603916,38.21979052870894,38.38051223754883,28056200
2024-02-07,38.4907167259701,38.656031466660494,38.146311600110145,38.45857238769531,26920400
2024-02-08,38.435609038538,38.99584191374922,38.42642644375894,38.85348892211914,36201000
2024-02-09,38.926964740595984,39.09227949370084,38.21519619578319,38.25652313232422,38073400
2024-02-12,38.38969824936967,38.78920953557796,38.38969824936967,38.67900085449219,25893800
2024-02-13,38.71572828078176,38.84889868727989,38.04069365284684,38.288665771484375,41156800
2024-02-14,38.56878056629884,38.68817532274719,38.04987811105306,38.251930236816406,40894600
2024-02-15,38.24274171214354,39.4274960960066,38.21059737630865,39.31728744506836,43364400
2024-02-16,39.478014040341094,39.6065913996921,39.179528882721826,39.29433059692383,26960800
2024-02-20,39.33566082166498,39.35861906229821,38.885636562916496,38.93614959716797,28995600
2024-02-21,39.10146024418979,39.7030200391332,39.07390545346138,39.666282653808594,28745800
2024-02-22,39.41372884493464,39.90048703507125,39.22545233533351,39.735172271728516,35206800
2024-02-23,39.349438688015304,39.6020003700595,39.09687350250064,39.47342300415039,28952400
2024-02-26,39.427503526042756,39.872934766174005,39.230044424854796,39.61118698120117,23376400
2024-02-27,39.647922068624354,39.817829882892156,39.23922820785778,39.441280364990234,26317400
2024-02-28,39.49179377280496,39.7902789613168,39.20708423086787,39.363216400146484,26679600
2024-02-29,39.44587119566235,39.684657228726564,39.335662526822745,39.55607986450195,27335400
2024-03-01,39.8407919444906,40.19897276880787,39.77191020824405,40.015289306640625,32459600
2024-03-04,39.99232327434866,40.09794239240426,39.55148511447144,39.58822250366211,33198000
2024-03-05,39.528526675755245,40.1392726299762,39.47801364173876,39.88211441040039,32174200
2024-03-06,40.217342088874716,40.428576847427166,39.91885689615926,40.006107330322266,28008800
2024-03-07,40.061211009039276,40.57093097419673,40.02906666454605,40.34592056274414,24569200
2024-03-08,40.29081070718825,40.497455905460086,40.1897846329403,40.4882698059082,28252000
2024-03-11,40.49745318730771,40.919922648106585,40.194374984906204,40.90614700317383,24983800
2024-03-12,40.90156117929517,41.01636291197574,40.62603772155597,40.84186553955078,23780600
2024-03-13,41.268920443451805,41.71894118984898,41.20003871597096,41.49393081665039,42725200
2024-03-14,41.659242249391724,41.93935868300034,41.49852056702693,41.920989990234375,35946000
2024-03-15,41.88885424482968,42.348061147748716,41.79242121563316,42.04498291015625,37753400
2024-03-18,42.21348162624362,42.33846789695411,41.86166305672132,42.19033432006836,30496800
2024-03-19,42.1857030260393,42.70417229718685,42.15792908479705,42.67176818847656,28545800
2024-03-20,42.42642348478557,42.76435155203074,42.36161526553902,42.61159133911133,32659400
2024-03-21,42.68565418648671,42.95414738498733,42.5514075872364,42.86619186401367,23334200
2024-03-22,42.884716103390076,42.99118877966285,42.66714411449871,42.773616790771484,17948800
2024-03-25,42.92173874825693,43.45872155681716,42.912478414508946,43.171714782714844,35074400
2024-03-26,43.21337937096464,43.31059169290579,42.755091701304124,42.838417053222656,35373800
2024-03-27,42.74583118261472,43.245783291972074,42.67176616555223,43.23652648925781,33960000
2024-03-28,43.491133341896784,43.782773866159275,43.282821708951985,43.704078674316406,34615200
2024-04-01,43.833689681297834,44.15773074388087,43.40317596570454,44.028114318847656,42899000
2024-04-02,44.21791549794905,44.69009372567409,44.02349083090144,44.643802642822266,38671200
2024-04-03,44.810448513311385,45.00950332662048,44.66231494515923,44.94932174682617,29148800
2024-04-04,45.01876308009913,45.18078362904364,44.74564323070454,44.92155075073242,36941200
2024-04-05,45.10672126067935,45.58352613211315,44.833597863427485,45.40298843383789,31194600
2024-04-08,45.42613622815964,45.55575621819312,45.03728685341001,45.11598205566406,34034600
2024-04-09,45.31040143209812,45.430761071415475,44.801192463609084,45.12986373901367,35322800
2024-04-10,45.00487854743622,45.43539233326203,44.81045387816863,45.268741607666016,39199600
2024-04-11,45.41224710671159,45.430764247268954,44.597510581104785,45.2363395690918,39204600
2024-04-12,45.523345706650545,45.81498625114079,44.287355730980906,44.50029754638672,46572400
2024-04-15,44.7132327725417,44.92617808834981,44.02811634250968,44.08366775512695,48690800
2024-04-16,44.000344953675196,44.20402641485096,43.389293506581765,43.69944763183594,36497600
2024-04-17,43.60686318648171,44.04200712687784,43.26430494179922,43.574459075927734,27421000
2024-04-18,43.722592439656324,43.84758224530179,43.287452033209284,43.44021224975586,25555600
2024-04-19,43.523536150503645,44.25957739300972,43.45872793189091,43.96331024169922,35451400
2024-04-22,43.73185841610698,44.55122161703177,43.38466996063681,44.25032424926758,30244400
2024-04-23,44.04663183307886,44.495662689208984,43.833690057015836,44.495662689208984,28657400
2024-04-24,44.217907114733556,44.57898596880109,44.00496534855992,44.5280647277832,21303800
2024-04-25,44.477151583324115,44.86600091448351,44.09292888816672,44.731754302978516,26500200
2024-04-26,44.329023520317286,44.495674263504405,43.86610557408276,44.31976318359375,32366600
2024-04-29,44.19013750367237,44.71786356972951,44.162363562863966,44.62065124511719,22236400
2024-04-30,44.440117857507346,44.5188130519187,43.27356631773241,43.29207992553711,35399000
2024-05-01,43.23190555607062,43.37078234892736,42.3708779166394,42.60233688354492,50943800
2024-05-02,42.88933976676399,43.13931583108112,42.64399386987391,42.84767532348633,34616800
2024-05-03,42.8847142926339,42.931005376621776,42.28754977337542,42.85231018066406,38087800
2024-05-06,42.9865539583979,43.62537935153363,42.9865539583979,43.19023895263672,33445600
2024-05-07,43.25041732697992,43.46798929394131,43.13468785789689,43.14857482910156,20942200
2024-05-08,42.89860140957471,43.305971426324135,42.833793185416084,43.09765625,19811800
2024-05-09,43.143940027174835,43.67629623413086,43.143940027174835,43.67629623413086,22489400
2024-05-10,43.76888645677476,43.91238986773224,43.319855553320984,43.435585021972656,20568400
2024-05-13,43.537422864518845,43.69944339695158,43.13468308522942,43.31985092163086,20978000
2024-05-14,43.23652730916866,43.4078046510015,43.060616268216606,43.37540054321289,24911600
2024-05-15,43.28282008440672,43.55131329191652,42.64399470647447,43.472618103027344,38792200
2024-05-16,43.37540436475461,43.69018866748461,43.23653111847509,43.35226058959961,24580200
2024-05-17,43.43095689461567,44.0281214047257,43.417069922810384,43.958683013916016,29001600
2024-05-20,43.977200329113685,44.07441266392195,43.565203682257284,43.67167282104492,20134600
2024-05-21,43.56057128776709,43.917020028960685,43.4263246803368,43.4587287902832,22467600
2024-05-22,43.28282321563065,43.30134035525881,42.45419975913239,42.62548065185547,34868000
2024-05-23,42.83842031797075,42.98655389580608,42.16256064836059,42.23662567138672,26931400
2024-05-24,42.565299850249104,42.67640269006742,42.17645050623497,42.296810150146484,19041400
2024-05-28,42.444942024056985,42.843051687870684,42.33846935647664,42.73194885253906,28904200
2024-05-29,42.61160062483636,42.64863137834463,41.78760367011427,41.97740173339844,30053600
2024-05-30,41.88481361953537,42.25051565670071,41.87092311568036,42.097755432128906,22731400
2024-05-31,42.171816972391845,43.17634789603597,42.1301560596226,43.143943786621094,32503000
2024-06-03,43.00043317566365,43.01432014426073,41.70426195260534,42.01441955566406,40796600
2024-06-04,41.57927878545646,41.64871716537133,41.06080955144582,41.6116828918457,34721400
2024-06-05,41.662610898065836,41.72741912136461,41.35245675345267,41.607059478759766,21040200
2024-06-06,41.46354778395134,41.838510077018945,41.3061574250083,41.824623107910156,25506600
2024-06-07,41.745933583174526,42.14404323320483,41.454296597038265,41.65797805786133,20089800
2024-06-10,41.81537267859348,42.22273913892671,41.6579787638804,41.97276306152344,22543800
2024-06-11,41.787596128868145,41.935729711519635,41.40337696659856,41.88943862915039,18591200
2024-06-12,42.2366300009149,42.25051697341936,41.232098962879874,41.44041061401367,32560600
2024-06-13,41.3293032780138,41.445032735459755,40.852498478421715,41.06081008911133,28495600
2024-06-14,41.01452003135839,41.060811109130164,40.58400629769345,40.755287170410156,25811400
2024-06-17,40.699731037097216,41.046919377788115,40.5515974863404,40.861751556396484,29547800
2024-06-18,41.12562125290266,41.55150837100986,40.93119659807418,41.03303909301758,29285800
2024-06-20,41.15340238786616,42.00054300014165,41.023785939781376,41.78759765625,34073800
2024-06-21,41.89870123164586,42.01443070972216,41.486704572236874,41.54688262939453,39972600
2024-06-24,41.77785543508155,42.7577887966579,41.707859432080824,42.59446716308594,31188200
2024-06-25,42.55714205851337,42.69713408613252,42.32382438591156,42.692466735839844,27666600
2024-06-26,42.739130626643096,42.739130626643096,42.07184548406171,42.27249526977539,23127400
2024-06-27,42.496488657424905,42.54315148860408,42.13251359002322,42.37049865722656,15631600
2024-06-28,42.697131310038586,42.846454468389204,42.379819153525396,42.533809661865234,25670000
2024-07-01,42.8744602010301,43.01445224812716,42.305167991194665,42.55714797973633,24563200
2024-07-02,42.96778463874359,42.97711577944395,42.253833110300015,42.524478912353516,25226800
2024-07-03,42.56180888334471,42.907118037691625,42.487149080309344,42.71113204956055,16280000
2024-07-05,42.62714421056638,42.65980854702845,41.85719506807986,42.04384994506836,23450400
2024-07-08,41.740530729813216,42.174501748720985,41.62387189204387,41.78719711303711,19595000
2024-07-09,41.371893388661086,41.875856879817036,41.25056719627848,41.418556213378906,19086600
2024-07-10,41.371892592306814,41.71253441032081,41.245899051834044,41.69853591918945,19320800
2024-07-11,41.5912085946322,42.22116918237575,41.446552771445745,42.13250732421875,22684800
2024-07-12,42.37050238418054,42.43116371403472,41.927196548620216,42.23984146118164,18117200
2024-07-15,42.538485647122044,43.266435746836315,42.37516040564893,42.879127502441406,30792000
2024-07-16,42.69714007650555,43.11244530719215,42.47782086386631,43.07044982910156,24129400
2024-07-17,43.16844134180199,43.77973256934711,43.15910664023055,43.499752044677734,29435400
2024-07-18,43.45308488213831,44.10170773096797,43.29909436288216,43.57907485961914,32867600
2024-07-19,43.50907791795671,43.807724249462886,42.99111240796894,43.10310745239258,26500200
2024-07-22,42.87445396803026,43.07977465788468,42.58980612442124,42.83245849609375,21527600
2024-07-23,42.711141372839215,42.74847306257847,42.099850083978986,42.151180267333984,33103800
2024-07-24,42.26316189085748,42.533811237942096,41.866522570554885,42.15583419799805,29328600
2024-07-25,42.18383979506721,43.01911756695987,41.983186435784106,42.883792877197266,36437400
2024-07-26,42.77179927411725,43.2011029555762,42.61780874919872,43.01911544799805,23730800
2024-07-29,43.023773020993374,43.056437349424385,42.249160278138675,42.65046691894531,27156600
2024-07-30,42.64580261238563,43.4484159512744,42.59447244116751,43.31309127807617,25673200
2024-07-31,43.90105691292806,43.92905389616782,43.46241852139642,43.49508285522461,36173800
2024-08-01,43.397084140183445,43.61640330707422,42.1231681683143,42.34248733520508,42558400
2024-08-02,41.85718837827246,42.085842257108055,40.835259409348346,41.25056457519531,45836200
2024-08-05,40.363958955179754,40.68127114486328,39.88332510024999,40.34062576293945,50039200
2024-08-06,40.48995128049382,41.04524853461741,40.33129695654165,40.587947845458984,31418600
2024-08-07,41.08258100062853,41.50255357222227,40.727937100155415,40.75127029418945,26126000
2024-08-08,40.86792568390237,41.68453756391571,40.86792568390237,41.6285400390625,21596800
2024-08-09,41.56787609417067,41.89918675159867,41.30189409819918,41.721866607666016,22345600
2024-08-12,41.96451292255466,42.197830573951016,40.83058899436257,41.927181243896484,28785800
2024-08-13,41.60987182393957,41.647203505045574,41.31589284555618,41.52121353149414,31386400
2024-08-14,41.60054095414423,41.95051745646152,41.43721929842518,41.76386260986328,21657600
2024-08-15,42.001849857245666,42.398489202225214,41.96451817391588,42.26316452026367,18335200
2024-08-16,42.001855092325364,42.31916731988762,41.96919075537686,42.21650695800781,17753000
2024-08-19,42.28650398251506,42.86046356819846,42.28650398251506,42.501155853271484,21762600
2024-08-20,42.407821996518145,42.445153681303545,41.3625597435448,41.3812255859375,33866400
2024-08-21,41.64254011969449,41.85252817580011,41.33456262160979,41.45122146606445,22737800
2024-08-22,41.4792170019097,41.745199015578045,41.39522249442785,41.55854415893555,19595400
2024-08-23,41.75453993955885,42.24917235725766,41.70320975732832,42.179176330566406,20734600
2024-08-26,42.64580984690751,42.93045773189805,42.24450310938464,42.55714797973633,19514800
2024-08-27,42.55714272505753,42.673801563185584,42.08584358232472,42.16050338745117,16627200
2024-08-28,41.903864114328975,42.15118032895779,41.70321073186951,41.889862060546875,17049000
2024-08-29,42.13717897014839,42.594479678517416,41.74053602331452,42.43582534790039,22498800
2024-08-30,42.00650572208229,42.60846565165716,41.90851274193911,42.59446716308594,28085000
2024-09-03,41.89919232169954,41.964520991840864,41.27389904444541,41.53521728515625,38194200
2024-09-04,41.57720882254139,41.84319082867324,40.88192315039764,40.96125030517578,30114000
2024-09-05,41.25523859894646,41.28790293547181,40.60661209912193,40.643943786621094,24991200
2024-09-06,40.73259998832988,40.97991615335426,39.971985652103655,40.13530731201172,35912000
2024-09-09,40.256621164324336,40.79791975933847,40.195959863908364,40.42461013793945,32824400
2024-09-10,40.485294153236325,40.53662433946806,39.3887015167463,39.72934341430664,49326800
2024-09-11,39.72466607402668,39.74333191524888,38.74006520046277,39.36069107055664,48125800
2024-09-12,39.514690089228665,39.869334028435915,39.22071103707749,39.7153434753418,31762000
2024-09-13,39.91598616571323,40.237965679516115,39.82265696453739,39.93931579589844,26195400
2024-09-16,40.27529551747124,40.64860521780522,40.093308017598346,40.39662170410156,26875000
2024-09-17,40.41061720720535,40.97058171630707,40.3219589190432,40.94258117675781,25034600
2024-09-18,40.881923406362944,41.525878909412654,40.82592588256267,41.021915435791016,28209600
2024-09-19,41.717203487461504,41.978518159783675,41.28323244370052,41.51188278198242,37806800
2024-09-20,41.339225495198754,41.51654921332994,40.96125198679546,41.418556213378906,27961600
2024-09-23,41.49712862095595,42.13699395207898,41.355984073810305,41.92998123168945,26630200
2024-09-24,42.409878596843846,42.409878596843846,41.76530736816289,41.826473236083984,34627400
2024-09-25,41.71825588583107,41.845289917199054,40.923131971664525,41.00782012939453,27633600
2024-09-26,40.1938693887012,40.734932375507526,40.0715412619647,40.203277587890625,46896400
2024-09-27,40.41970920103105,41.08309678323968,40.39618331667462,41.021934509277344,30489600
2024-09-30,40.94665473876369,41.38420962715967,40.711410252304475,41.30893325805664,22806600
2024-10-01,40.937243867723495,42.41928475362885,40.88548979691553,42.249908447265625,66114200
2024-10-02,42.842719023121184,42.95093305188985,42.20755971212739,42.68275451660156,41925200
2024-10-03,42.83331773232322,43.4920030308806,42.50867918320616,43.435543060302734,44726000
2024-10-04,43.80252039249771,43.9766025956993,43.4026055041357,43.84016036987305,35945600
2024-10-07,43.99542999267578,44.32477087630243,43.84957595317277,43.99542999267578,32519400
2024-10-08,43.42613420655197,43.473182386552544,42.64041488340353,42.84743118286133,39759800
2024-10-09,42.527494389872395,43.219113696086445,42.442806238304435,43.106197357177734,31519600
2024-10-10,43.34614936630737,43.63785383241022,43.03092260442685,43.39790344238281,26047400
2024-10-11,43.38378780870814,43.82134269757457,43.29909964990993,43.666080474853516,26414600
2024-10-14,43.36026758810594,43.71783664054127,43.294395826292934,43.64726257324219,22198600
2024-10-15,42.48515385460327,42.76744650824749,42.21697529520939,42.24049758911133,37839200
2024-10-16,42.480450038133206,42.5839581870937,42.3298937095214,42.44281005859375,19877000
2024-10-17,42.438106220124105,42.78627066341552,42.39105803819306,42.64512252807617,21433400
2024-10-18,42.56513314202994,42.68746126623173,42.20285466369461,42.50396728515625,24015200
2024-10-21,42.78626837990957,42.92271061291003,42.30166531174526,42.3769416809082,21162000
2024-10-22,42.53220230700018,42.67334683996213,42.320480123238475,42.47574234008789,17956400
2024-10-23,42.358123937632605,42.52279436910897,42.009963084004546,42.254615783691406,19813200
2024-10-24,42.34400479989152,42.47103523489106,41.96761221029641,42.249908447265625,17046600
2024-10-25,42.475748288126155,42.588664648216984,42.113473320959336,42.23579788208008,19104600
2024-10-28,41.33715598805784,41.99584118105517,41.299516013704725,41.96760940551758,24228000
2024-10-29,41.87351624599031,41.90645032866937,41.238356886010855,41.3277473449707,23791600
2024-10-30,41.47359855020438,41.74648298223112,41.31363045263694,41.421844482421875,19364200
2024-10-31,41.68532036602124,41.995844796851934,41.572404022785456,41.68061447143555,31623200
2024-11-01,42.245210285032194,42.39576663051785,41.33246042140556,41.41714859008789,26304600
2024-11-04,41.699432374492154,42.20756127795611,41.642976000471045,42.141693115234375,25811800
2024-11-05,42.3487119758158,42.53220238167057,42.16051567532361,42.423988342285156,20876600
2024-11-06,43.590804498210694,44.35299434471222,43.30851182952323,44.01894760131836,50053200
2024-11-07,43.99071733760092,43.99071733760092,43.48258840418896,43.81663513183594,26138000
2024-11-08,43.82134265635845,44.17420938609479,43.64726044411864,44.108341217041016,22336800
2024-11-11,44.11774996363428,44.50825667753782,43.91073725384909,44.35770034790039,20909400
2024-11-12,44.48473796462458,44.62588251590621,44.07541122786055,44.122459411621094,18500400
2024-11-13,44.254189683075246,44.649402269378115,43.72253845947234,44.465911865234375,23676200
2024-11-14,44.762322501918334,44.7811424923818,44.35299578581687,44.635292053222656,18011000
2024-11-15,44.59294215463765,45.02108882258017,44.40945175110395,44.569419860839844,28080400
2024-11-18,44.92228467516828,45.25162549078526,44.724676596252415,45.1622314453125,23892600
2024-11-19,44.7999601428546,45.14341507962154,44.66351791128076,44.87523651123047,23796400
2024-11-20,45.039909336104685,45.35984196975817,44.898761213490026,45.326904296875,17917600
2024-11-21,45.5339215030989,46.037344552561564,45.42100515646086,45.69388961791992,33541000
2024-11-22,45.63272137351004,46.070276232135505,45.59037909181036,45.76445770263672,21555600
2024-11-25,45.755055774195526,45.98559438176377,44.752915484951075,44.86112594604492,32950600
2024-11-26,44.92228922952433,45.016385589370195,44.59294479097176,44.79996109008789,24932800
2024-11-27,44.75761673418056,45.13400936542774,44.69645445716001,44.75291442871094,15595600
2024-11-29,44.85171967074014,45.021096007115325,44.77173739788141,44.94581604003906,13636400
2024-12-02,44.93170000625558,45.00697997008596,44.07070426506346,44.470619201660156,22190000
2024-12-03,44.757612718208605,44.83759856811539,44.27300967190356,44.465911865234375,17886600
2024-12-04,44.44709422388032,44.44709422388032,43.134429547530345,43.3931999206543,32518000
2024-12-05,43.55316809302019,43.849574881036936,43.37908586476166,43.56257629394531,22662400
2024-12-06,43.47317529802625,43.4778811921228,42.74391606351562,42.82389831542969,26206600
2024-12-09,43.181473289141046,43.412011859063895,42.71569025493693,42.75333023071289,23627800
2024-12-10,42.997985078854526,43.05914735043881,42.400465688620784,42.46162796020508,23299800
2024-12-11,42.551023663892195,42.69216820139162,42.32518737852874,42.532203674316406,23147600
2024-12-12,42.4569221511738,42.53220210670234,42.14640130848318,42.188743591308594,21746200
2024-12-13,42.29225465210387,42.3063687473524,41.859405646600536,41.977027893066406,22346000
2024-12-16,41.85940246469645,41.85940246469645,41.02193270784634,41.054866790771484,25036200
2024-12-17,40.74434424558933,40.82432650931533,40.36795522182502,40.74905014038086,32011600
2024-12-18,40.63613576455395,40.829034385817316,39.54460144042969,39.54460144042969,39241200
2024-12-19,39.9633347911806,40.09036523536737,39.17291316750171,39.201141357421875,49981400
2024-12-20,39.19643406750273,39.723382994382106,39.092925922084824,39.58694076538086,35704800
2024-12-23,39.525260618660724,39.95225372765148,39.25957762624839,39.81941223144531,34445400
2024-12-24,39.93328353922922,40.232180582875976,39.67234586993729,40.15626907348633,15024200
2024-12-26,40.170497382980265,40.19422063210294,39.876349363952954,40.12305450439453,15386400
2024-12-27,40.08984020586374,40.554789057706074,39.91904296393465,40.11830520629883,20369800
2024-12-30,40.123050664543015,40.341290780879085,39.7814561799616,40.113563537597656,23545400
2024-12-31,40.20845539458557,40.75405757814908,40.12780213448883,40.640193939208984,21165000
2025-01-02,40.97229178067648,41.418262762979005,40.83945028458449,41.1146240234375,34887000
2025-01-03,41.35658818272126,41.6365073247854,41.190536294883046,41.49892044067383,22120800
2025-01-06,41.68869332062073,42.020797078313784,41.20476656551429,41.30914306640625,22835200
2025-01-07,41.61278668211496,42.03977986306241,41.36133614768477,41.72190856933594,25035800
2025-01-08,41.46571305614684,41.78358435290424,41.31863541373704,41.76460647583008,28483800
2025-01-10,42.305461454121996,42.794130003523314,41.71241639520588,41.935401916503906,34075800
2025-01-13,42.12517584576317,43.06930253885485,42.12517584576317,42.81785202026367,48896200
2025-01-14,42.74194204483265,43.31601285114056,42.68026666135568,43.27805709838867,31173000
2025-01-15,43.54373985742855,44.032408407174586,43.363455462468394,43.91854476928711,34657800
2025-01-16,43.77147434012139,44.279120807729086,43.71928608105012,44.236419677734375,25230600
2025-01-17,44.236416025963734,44.73457532337121,44.079854881334334,44.57801055908203,23899600
2025-01-21,44.46414821755506,44.59698973549393,44.11780830036311,44.350284576416016,49302000
2025-01-22,44.21269200163755,44.26488025121425,43.51527050243925,43.54373550415039,35880200
2025-01-23,43.87584515795081,44.03715166891604,43.43461951018293,43.74300003051758,29359200
2025-01-24,43.80467795047104,43.98496233233963,43.26856293918104,43.32075119018555,29156800
2025-01-27,43.17367582807553,43.24958732520977,42.57114370312506,42.87003707885742,31993400
2025-01-28,42.998136099590205,43.14995548441712,42.24852992306585,42.4620246887207,37401800
2025-01-29,42.35765299665902,42.77515906712484,42.29597760882205,42.556915283203125,20681800
2025-01-30,42.81785161894459,42.998136006894256,42.509467476150455,42.77515411376953,39092600
2025-01-31,42.65655034479376,42.75143611438575,41.479947255688586,41.5795783996582,44537400
2025-02-03,41.574824704947375,42.011308568833634,41.19527808287766,41.840511322021484,39816400
2025-02-04,41.64599705526763,42.80836758209105,41.57483092184417,42.718223571777344,40279800
2025-02-05,42.70398836171481,42.8700402494024,42.46677034511549,42.80836486816406,21772000
2025-02-06,43.002884040208976,43.10726055219383,41.79307064352614,42.02080154418945,41309600
2025-02-07,42.17736620243699,42.400351728431815,41.9591260505182,42.016056060791016,22568400
2025-02-10,42.39086033047546,43.01237401715217,42.39086033047546,42.94120788574219,25871400
2025-02-11,43.14521180492572,43.576946690774456,42.87003805106286,43.287540435791016,26226800
2025-02-12,42.93172055198454,43.22587222936434,42.167878161401255,42.24378967285156,38798800
2025-02-13,42.17736491564773,42.65654633223044,41.90219114219153,42.5616569519043,31550400
2025-02-14,42.72296526478039,43.33024279430396,42.72296526478039,42.732452392578125,25885800
2025-02-18,42.936466825003755,43.600678085455186,42.68976164694703,43.316017150878906,29574800
2025-02-19,43.4962900949532,44.065611813976524,43.47256684846923,43.657596588134766,24531200
2025-02-20,43.56746470262796,44.1320411584143,43.38243492691463,44.05613327026367,28332200
2025-02-21,43.79044726527676,43.9090562734496,43.11674534791367,43.14046859741211,31276600
2025-02-24,43.21637650455283,43.382432011815276,42.92222848070212,43.14995574951172,26295200
2025-02-25,43.140472991069764,43.339735276375755,42.182113700079,42.52845001220703,26608600
2025-02-26,42.58063541824757,42.69449905655763,42.0919668666879,42.28648376464844,24305600
2025-02-27,42.58063431761405,43.03609247874134,42.21532016180122,42.51421356201172,30048000
2025-02-28,42.37662666514075,43.206889729598565,42.11094364280535,43.17367935180664,26627200
2025-03-03,43.33973290794566,43.58644168359859,41.28068216632,41.664974212646484,49501800
2025-03-04,41.05294667732531,41.93065255716635,40.53106779901384,41.26169967651367,50677000
2025-03-05,40.663913617437025,40.87266663878721,39.86686090460702,40.6591682434082,56510800
2025-03-06,40.4646490260054,41.033970808414445,40.14677775782133,40.78252029418945,47104200
2025-03-07,40.96755430731903,41.7788395603187,40.96755430731903,41.47994613647461,44849200
2025-03-10,41.70768062196198,42.36240115781777,41.39929642316993,41.788333892822266,40045400
2025-03-11,41.95912723024167,42.139411633940895,41.23324062157537,41.45622253417969,30230200
2025-03-12,41.48469337331885,42.030291987738046,41.32812859299292,41.645999908447266,32240400
2025-03-13,41.49892264581711,42.09671309345936,41.109885222355295,41.36133575439453,30742000
2025-03-14,41.58906185487107,42.6423067434092,41.39928672930818,42.58537673950195,32023200
2025-03-17,42.55217038945166,43.463086734735185,42.55217038945166,43.263824462890625,29761600
2025-03-18,43.505781080471195,43.60541582881358,42.99339293576793,43.334983825683594,30806600
2025-03-19,43.39192192482083,44.236417538539236,43.38243479620306,44.041900634765625,31742600
2025-03-20,43.799935197383405,44.350282742845614,43.61490543080967,44.20320510864258,33163600
2025-03-21,44.056131304060465,44.16050781281175,43.619651012609424,43.89482116699219,36975600
2025-03-24,44.09373012593577,44.65793110529189,44.0220089514288,44.394954681396484,23824600
2025-03-25,44.59098840152534,44.963934098760305,44.4427636811162,44.57664489746094,22292000
2025-03-26,44.992622142888216,45.33688083992128,44.729649383908686,44.83961868286133,25564600
2025-03-27,44.705734992779306,44.873081934297325,44.22759878964798,44.404510498046875,19147800
2025-03-28,44.38061043511276,44.54795740757475,43.974195316879225,44.19413757324219,22248800
2025-03-31,44.09851196063832,44.94481159517787,44.03635190782491,44.68183517456055,28813800
2025-04-01,44.70574462160151,44.98784329122096,44.222825931017645,44.9448127746582,27121200
2025-04-02,44.56229876162058,45.04521741417775,44.45711184678646,45.00696563720703,33960600
2025-04-03,42.86492357365185,43.19483516740192,41.45920156793777,41.47354507446289,75657800
2025-04-04,39.99610243213615,40.445548075903005,37.658016204833984,37.658016204833984,100752000
2025-04-07,36.438767006510304,39.00636025224872,35.85066139998588,37.41416549682617,113906800
2025-04-08,38.56647215604382,38.767288508049866,35.96540975634225,36.548736572265625,90538400
2025-04-09,35.83631845573087,39.78572578130268,35.61637616951717,39.379310607910156,118962400
2025-04-10,38.356094963173604,38.356094963173604,36.08972989933135,36.80693435668945,79046600
2025-04-11,36.97906014875018,38.002275199475065,36.25229456882587,37.72017288208008,41916800
2025-04-14,38.61428829023635,38.61428829023635,37.4763215709925,37.85404968261719,32748200
2025-04-15,37.820577445316445,38.499530059182476,37.77754693289361,37.79667282104492,22167000
2025-04-16,38.03096392118497,38.752950797007124,37.93533446696542,38.10746383666992,27331400
2025-04-17,38.41825164667405,39.57056190079489,38.39912575659302,38.968109130859375,47908800
2025-04-21,38.35130922366937,38.446938665018905,37.52891426751428,37.949676513671875,31012000
2025-04-22,38.442158182509516,39.20239312741966,38.27481121173279,38.91551208496094,22097400
2025-04-23,39.25498561611564,39.675747853130844,38.604720020628605,38.843788146972656,43216200
2025-04-24,39.20717235175483,39.58011804168228,38.86769605328522,39.46536636352539,21219000
2025-04-25,39.111551384695765,39.42711945051709,38.95854791232076,39.39365005493164,17664800
2025-04-28,39.35061667505776,39.780936401876914,39.29802139326604,39.67096710205078,16436800
2025-04-29,39.22630198353608,39.699655893018175,39.14979842553593,39.556217193603516,19843400
2025-04-30,38.92029454940836,38.97766856928406,38.0166172574622,38.48997116088867,37814200
2025-05-01,38.17439738606024,39.140234677586605,38.17439738606024,38.6334114074707,36314400
2025-05-02,39.10198332034456,39.39364673496184,38.403904808472284,39.19761276245117,32038800
2025-05-05,38.70513103120332,38.75772631468298,38.274811290574014,38.48997116088867,29530200
2025-05-06,38.66210285147806,38.834232217282505,38.28437472362334,38.499534606933594,22995400
2025-05-07,38.585595390581304,38.70991184174189,38.22221445317379,38.513877868652344,22446200
2025-05-08,38.86770269709843,39.55143779480238,38.80554628744923,39.02070617675781,30565800
2025-05-09,39.49405542324678,39.608807107366296,39.09242270488335,39.41277313232422,19993200
2025-05-12,40.871092595837695,41.05756546131108,40.1443233758318,40.44076919555664,32610000
2025-05-13,40.64158700663447,41.33488320817964,40.47902240959542,41.00975036621094,29031600
2025-05-14,40.73721156821619,40.918905698058616,40.60333398699998,40.7611198425293,21332600
2025-05-15,40.24473296281799,40.95715870227397,40.14432477390399,40.933250427246094,29721600
2025-05-16,41.02409339567718,41.04799802042586,40.455110067461156,40.871089935302734,21725800
2025-05-19,40.53161032534046,40.574644486885816,40.04391293113154,40.34035873413086,24787000
2025-05-20,40.31166975640229,40.40251681953446,39.9291629101587,39.967411041259766,22782200
2025-05-21,39.72833757025059,39.80484111798103,39.22629671785686,39.2310791015625,25698400
2025-05-22,39.02548394173623,39.30280020786606,38.595160566168886,39.07807922363281,23732200
2025-05-23,38.733817297414056,39.302796934716376,38.71947379407139,39.202388763427734,23511000
2025-05-27,39.47492751951334,39.6040263494617,39.18326411601823,39.541866302490234,19028000
2025-05-28,39.73312154097461,39.852655603160386,38.93941726496388,39.039825439453125,29552600
2025-05-29,39.10198634675653,39.33149337768555,38.8533570738164,39.33149337768555,23792800
2025-05-30,39.0302691129124,39.18805498461631,38.67166684879853,38.98245620727539,31038600
2025-06-02,39.713998956629645,39.76659424019739,39.039828686728214,39.494056701660156,32031000
2025-06-03,39.522746722734496,40.211260486535345,39.149797359474896,39.96263122558594,30352600
2025-06-04,39.9435081374308,40.25429747132774,39.13545659887687,39.18326950073242,44939200
2025-06-05,39.47492724524956,39.494053132808666,39.044607542784995,39.145015716552734,27655000
2025-06-06,39.4988371846948,40.000881722624726,39.4988371846948,39.88134765625,28556800
2025-06-09,40.0391260624668,40.37382360537689,39.72355805400341,39.95784378051758,28680400
2025-06-10,40.38339177449418,40.93324925335096,40.364265884598495,40.67027282714844,46092200
2025-06-11,40.947591571904546,41.32531967864195,40.54595883940831,41.25838088989258,48996600
2025-06-12,41.067123396351654,41.41616447391576,40.765898863468536,41.401817321777344,34028200
2025-06-13,42.17640510242335,42.348534472527604,41.573952307058455,42.123809814453125,84194800
2025-06-16,42.009053598927224,42.43459459372604,41.68392078457517,41.999488830566406,69406600
2025-06-17,42.34853306518333,42.707135299668195,42.08555663407154,42.39156723022461,67884200
2025-06-18,42.54456976991663,42.75972964672559,42.01861691924495,42.1142463684082,70473000
2025-06-20,42.28159069927134,42.66410117621196,42.1572742470821,42.5445671081543,56744800
2025-06-23,43.07865347381127,43.10757384928965,41.29033793127575,41.468685150146484,105688200
2025-06-24,40.86615203325819,41.35782047243185,40.77456594256466,40.92881774902344,65358800
2025-06-25,40.88061075313702,41.030041265888144,40.61549874482566,40.750465393066406,43723000
2025-06-26,40.842048819568866,41.41565703722084,40.74082016241812,41.33371353149414,33565600
2025-06-27,41.30961725871626,41.30961725871626,40.87097561160974,41.1168098449707,35411800
2025-06-30,40.95773732139586,41.136084533379574,40.760104956417216,40.880611419677734,26247600
2025-07-01,40.9432759467093,41.38673883603026,40.56729638065174,41.19392776489258,40772800
2025-07-02,41.54098460843163,41.969987286732604,41.0830615582432,41.902503967285156,42468800
2025-07-03,41.844664018289215,42.08567694995095,41.74826031665072,41.95071029663086,22266200
2025-07-07,41.69523371315956,41.91696515055756,41.116804196257405,41.545806884765625,35673000
2025-07-08,41.497602944564186,42.81835639860055,41.48796404585943,42.66410827636719,47472400
2025-07-09,42.558060704082685,42.72676900800753,42.3218690785879,42.44719314575195,28672400
2025-07-10,42.35079680881113,42.794259764044604,42.04712180899023,42.77016067504883,28823800
2025-07-11,42.69785488186782,43.112397447910475,42.56770583010996,42.96296691894531,30171600
2025-07-14,42.881017443671716,42.881017443671716,42.26402496898892,42.490577697753906,33441600
2025-07-15,42.4086379270403,42.591806434866946,41.82538338441999,41.8784065246582,33859000
2025-07-16,41.82056632242963,42.061579262106385,41.36746081901633,41.51688766479492,35501600
2025-07-17,41.3047960943731,41.835023791691256,41.20357110759499,41.772361755371094,36085600
2025-07-18,42.10495207824343,42.2977631300186,41.2710495198458,41.4349365234375,60975600
2025-07-21,41.46385871919876,41.53616332649275,40.9239921635425,41.00593566894531,30434400
2025-07-22,40.95773661984352,41.42530227769602,40.91917366964499,41.19874954223633,32444000
2025-07-23,41.36745716396858,41.86876447551079,41.26141089147009,41.844661712646484,28046000
2025-07-24,41.73379911685111,42.19654349310928,41.54580932892014,42.14352035522461,24022200
2025-07-25,42.186897437622086,42.259202044917124,41.767537334928015,41.98444747924805,20143200
2025-07-28,42.26402598016948,42.53395927491013,42.201363944623346,42.46165466308594,23705200
2025-07-29,42.52914229267534,42.8906616795722,42.38935435510071,42.876197814941406,24552000
2025-07-30,42.61108968800546,42.63518877612242,41.99891474429643,42.26403045654297,26552400
2025-07-31,41.82056541595625,42.524322743250366,41.82056541595625,42.0374755859375,24960800
2025-08-01,41.87840172847629,42.027832232745496,41.03003893695598,41.256587982177734,42329400
2025-08-04,41.18429002033249,41.492786271771536,40.9529159929705,41.165008544921875,26509600
2025-08-05,41.15536712068372,41.275873587199904,40.658881067047524,41.21803283691406,31413600
2025-08-06,41.47832594677545,41.71933887225918,40.71672421963118,40.83723068237305,38249400
2025-08-07,41.07824396347599,41.53616705483321,40.625138482823075,40.67816162109375,35042000
2025-08-08,40.8709741610846,41.314437081065805,40.66370288885514,40.93845748901367,40736200
2025-08-11,41.02040088124841,41.1987517774188,40.53837501031114,40.610679626464844,28828800
2025-08-12,40.69262260705081,41.16500957248918,40.572116140900405,40.808311462402344,34522600
2025-08-13,40.83723393331919,41.28551815750828,40.69262469549083,41.280696868896484,25601200
2025-08-14,41.25177285591459,41.30479599327316,40.803488671242825,41.242130279541016,24944600
2025-08-15,41.2614117547228,41.70969593939457,41.111984919020664,41.242130279541016,27297800
2025-08-18,41.02522011764104,41.189107140330805,40.76010443086011,40.996299743652344,26428400
2025-08-19,40.88061221868459,41.25177419221794,40.774565940532206,41.01076126098633,25693800
2025-08-20,41.07824224732306,41.521705132909695,41.0396792979072,41.352996826171875,27967200
2025-08-21,41.280695831982364,41.728980044911175,41.16983193965563,41.637393951416016,22088000
2025-08-22,41.77717736926448,42.58698090235023,41.7096940479711,42.485755920410156,30936400
2025-08-25,42.37970864440596,42.649645600736356,42.23992071716962,42.596622467041016,23412800
2025-08-26,42.42791181215608,42.56769974374774,42.133879440091484,42.52914047241211,22855600
2025-08-27,42.466481137962376,43.160599612147834,42.41827928338078,43.006351470947266,26877400
2025-08-28,43.020804187391846,43.396783736417454,42.73641072045996,43.33412170410156,24086200
2025-08-29,43.35340615308699,43.68118387839576,43.29556172712708,43.570316314697266,23745000
2025-09-02,43.454629328448505,43.710102430046454,43.12685161680684,43.63297653198242,25964400
2025-09-03,43.2859249317038,43.647444336998994,42.50986298079821,42.65446853637695,36018200
2025-09-04,42.65928977258615,43.11721288103967,42.47612126471786,42.938865661621094,25895400
2025-09-05,42.58698392884508,42.726771869334186,41.8976868030211,42.109779357910156,48182200
2025-09-08,42.249569798599715,42.432738312028874,41.642216150290466,42.01337814331055,34931800
2025-09-09,42.239923212759344,42.813535141590435,42.19172136406987,42.215824127197266,41193400
2025-09-10,42.31222810746224,42.97742612754635,42.215824409438774,42.95332336425781,29932800
2025-09-11,42.611090073217824,43.054553016288565,42.48094102145996,42.96296691894531,25176800
2025-09-12,43.14131686193525,43.334127952138594,42.69785392876352,42.70749282836914,22297800
2025-09-15,42.789434351466966,42.90030191837361,42.49058066927302,42.56288528442383,23287800
2025-09-16,42.750876815988875,43.41124992322926,42.741234238875,43.276283264160156,41593000
2025-09-17,43.218436716014935,43.68118106115316,43.030443263161295,43.37750244140625,26044800
2025-09-18,43.416071881917475,43.50283668945336,42.91476451366187,43.2425422668457,28713000
2025-09-19,43.2039790844248,43.237720749534425,42.51950320502054,42.66893005371094,29979200
2025-09-22,42.51773466725076,42.828863463513294,42.347586686317776,42.61982345581055,22502400
2025-09-23,42.78997003715604,43.82058645915836,42.78997003715604,43.3538932800293,44214800
2025-09-24,43.660166756520596,44.326178893238875,43.61155357119369,43.91781997680664,35406200
2025-09-25,43.912954296519295,44.35533903453092,43.79141949798511,44.311588287353516,31887200
2025-09-26,44.38451804626625,45.16720258904922,44.37479318358972,44.71995162963867,40161600
2025-09-29,44.408816601133196,44.472017072884796,43.66988662539382,43.898372650146484,37674400
2025-09-30,43.51432144123564,43.60668536844751,43.09137899607838,43.43167495727539,47544800
2025-10-01,43.21777622835776,43.57751820290142,43.16916304946502,43.43167495727539,27661200
2025-10-02,43.33445571556432,43.71850619709428,42.95040523403435,42.99415969848633,31793600
2025-10-03,43.21291994337793,43.47543559747019,43.159444326306456,43.2226448059082,24048000
2025-10-06,43.494880557907,43.684474574213894,43.26153207917255,43.43654251098633,21488400
2025-10-07,43.39764929627174,43.538630124107705,42.736503327274455,43.504600524902344,25324000
2025-10-08,43.50459893580313,43.50459893580313,42.92609577044306,43.251808166503906,20024200
2025-10-09,43.3441775435975,43.7136407051435,42.61982738675599,42.66358184814453,23397800
2025-10-10,42.34759401105101,42.56149648633499,41.41420746081839,41.42879104614258,44892200
2025-10-13,41.74478174855656,42.04618573160457,41.60865963320604,41.99271011352539,22889600
2025-10-14,41.394755924093424,42.226053557255014,41.341280312403384,41.98784637451172,25084600
2025-10-15,42.25521808505481,42.49342896186911,41.652406519680156,41.96353530883789,24267000
2025-10-16,42.03646129775508,42.16285854052936,41.17599275322185,41.45795440673828,29193800
2025-10-17,41.63296284092268,41.88575731437878,41.46281485433565,41.79825210571289,24071800
2025-10-20,41.8711718679285,42.3378650984036,41.8711718679285,42.240638732910156,25352400
2025-10-21,42.357312295546585,42.45454237270196,41.92951108290755,42.14341354370117,25885200
2025-10-22,42.42536845581485,42.86775693004654,42.07048889922813,42.68302536010742,32814000
2025-10-23,43.44626460155224,43.53862853376548,42.989292535530865,43.251808166503906,47308800
2025-10-24,43.44626394067986,43.46084752402075,42.785114296941266,42.81428146362305,21191000
2025-10-27,42.950403807120225,43.09138464063979,42.7267801877628,42.91637420654297,19597200
2025-10-28,42.755944208511494,42.89206630974455,42.44481539501769,42.46912384033203,22474600
2025-10-29,42.5177362306411,43.003875456295276,42.43023102166543,42.78511428833008,26807800
2025-10-30,42.77053283279554,43.081661655976816,42.473987593677734,42.53232192993164,20663400
2025-10-31,42.634412419527465,43.086522088180594,42.44968083247768,42.84345245361328,26985400
2025-11-03,42.85317480884207,42.96498475719046,42.35731070632471,42.84831237792969,22232000
2025-11-04,42.32328176277473,42.50315461983577,41.98784820359078,42.38648223876953,29477600
2025-11-05,42.39133979053844,42.96984666680776,42.33786417799515,42.498291015625,23857200
2025-11-06,42.56149331895133,43.31500693989683,42.56149331895133,42.9115104675293,32154800
2025-11-07,43.06221077910031,43.63099274704808,42.94553470186919,43.52890396118164,35458400
2025-11-10,43.64071824979245,44.02476869716728,43.07679865607933,43.92267990112305,31264600
2025-11-11,44.185193824824346,44.80745143884753,44.151164227462075,44.49632263183594,38752800
2025-11-12,44.1949229130671,44.39910051676798,43.81087244384977,43.87406921386719,29863200
2025-11-13,44.0150451568824,44.38451200034666,43.79142156211263,43.985877990722656,32243800
2025-11-14,44.21922499309617,44.831761476325624,43.66502655410936,44.73453140258789,34179400
2025-11-17,44.681062193127026,44.695645777830265,43.742813251419456,43.91781997680664,37447400
2025-11-18,43.72822267718737,44.38451361118331,43.60668786851376,44.26783752441406,34839400
2025-11-19,43.48515476622178,43.835175622368496,43.1788883715675,43.69419479370117,41062800
2025-11-20,43.91782162626802,44.51577458419684,43.1643079530299,43.19833755493164,41630000
2025-11-21,43.271254452407874,43.66016361599672,42.81428238351925,43.4705696105957,39317200
2025-11-24,43.421958801614224,43.48515557055202,42.67816632301887,43.349037170410156,33681800
2025-11-25,43.00873828983843,43.24694547413439,42.72191421536339,43.07679748535156,29299000
2025-11-26,43.067070542486555,43.71363657756347,43.02818222474978,43.40250778198242,26611000
2025-11-28,43.42681704037428,44.16088458583736,43.36361656858954,43.971290588378906,16666600
2025-12-01,44.034495500822466,44.63730715073864,44.00046590064046,44.39423751831055,31150000
2025-12-02,44.32617237089518,44.32617237089518,43.60182600194737,43.820587158203125,33305000
2025-12-03,44.117134882009836,44.71994648541837,44.05393811767561,44.64216613769531,30174000
2025-12-04,44.61785795832361,44.904682032820276,44.48660199809496,44.83176040649414,23799600
2025-12-05,44.753973464505606,45.36650989363367,44.63730109527332,44.64702224731445,22164400
2025-12-08,44.39423331414769,44.647024075996235,44.015045316900924,44.160884857177734,27891900
2025-12-09,44.23866811641855,44.80259138039533,44.19977608946543,44.43312454223633,20917400
2025-12-10,44.56924739079771,44.98732745004082,44.36506979226919,44.89982223510742,26255100
2025-12-11,44.627586376780236,44.967882381493304,44.56924832928016,44.68592071533203,25827200
2025-12-12,44.773421445801496,44.95815672323374,44.131717823392634,44.248390197753906,33161200
2025-12-15,44.34562623208122,44.34562623208122,43.577525270577915,43.9372673034668,27521600
2025-12-16,43.587244478711284,43.606686783741154,42.55662799157566,42.59552001953125,49312400
2025-12-17,42.906648859987804,43.63585769447935,42.83858966548443,43.53862762451172,43375300
2025-12-18,43.41223965968214,43.470574000189565,42.76081108874479,42.906654357910156,29920200
2025-12-19,43.02332674787341,43.29556356077048,42.80942427548378,42.906654357910156,31959600
2025-12-22,43.28220597914891,43.6254065085391,43.23317840082588,43.35084533691406,23707400
2025-12-23,43.507733440797075,43.684235705511405,43.3606507139113,43.63520812988281,19137500
2025-12-24,43.556763784799365,43.69404624207475,43.44890460778687,43.50773620605469,11293900
2025-12-26,43.45870467664762,43.5763716030511,43.13511969389701,43.34103775024414,17884500
2025-12-29,43.64501717329667,43.87055078016779,43.4292950675836,43.75288009643555,31352100
2025-12-30,43.92937888673167,44.21374407228196,43.92937888673167,44.08626937866211,18654700
2025-12-31,44.05685513973006,44.14510627834983,43.70385058525099,43.841129302978516,16965900
2026-01-02,43.85093973280887,44.89033793920472,43.62540986273119,44.76286697387695,31935500
2026-01-05,46.24351698991253,46.40040748368108,44.860918344650784,45.978763580322266,94961000
2026-01-06,46.08662271573685,46.14545804878556,44.6451888508386,44.7530517578125,69568200
2026-01-07,44.92955738268687,44.92955738268687,44.203940256874134,44.252967834472656,42739200
2026-01-08,44.439274119919034,45.939539689516565,44.34121896473446,45.64537048339844,51451000
2026-01-09,45.841481932703736,45.96895661966067,45.60614433682664,45.76303482055664,38839900
2026-01-12,45.84148910090615,45.900324444216515,45.204119307020584,45.439456939697266,28264400
2026-01-13,45.821874542204235,46.469048317129214,45.77284696269991,46.08662796020508,50469200
2026-01-14,46.331769712304684,47.70456438519139,46.26313035271681,47.12602996826172,80750200
2026-01-15,46.70438427067062,47.13583219171928,46.35137972591971,46.68477249145508,49328800
2026-01-16,46.63574696636039,46.880888606497884,46.56710760636705,46.76321792602539,30796300
2026-01-20,47.15544414593803,47.371169977545165,46.576909748907966,46.674964904785156,50178700
2026-01-21,47.35155643425011,48.09678531662197,47.35155643425011,47.802616119384766,58996000
2026-01-22,47.67514560010328,48.04776194417127,47.479031537932514,47.959510803222656,50869500
2026-01-23,48.55765475818455,48.920463325011625,48.13601085326479,48.234066009521484,51431200
2026-01-26,48.900850943786786,48.92046272290963,47.99873154752212,48.263484954833984,40122600
2026-01-27,48.430181180634776,48.8518250952884,48.20465132358637,48.70473861694336,39840300
2026-01-28,48.998911053282015,49.16560556910927,48.596878922714815,49.077354431152344,41890400
2026-01-29,50.155981425223075,50.72470808929504,49.49899987988651,49.52841567993164,77520700
2026-01-30,49.381329017327765,50.09714210590547,48.91065755116288,50.057918548583984,74039400
2026-02-02,49.12638200989186,49.52841414045906,48.802796997759465,49.077354431152344,61479900
2026-02-03,49.26366397388428,50.77373358298952,49.047938140913054,50.665870666503906,83754100
2026-02-04,50.81295521805031,51.930800418280924,50.81295521805031,51.80332946777344,78149900
2026-02-05,51.24440874631936,51.46994235547132,50.44034443550756,51.19538116455078,54235600
2026-02-06,51.479746858838574,52.381866341655716,51.34246813237203,52.215171813964844,41669600
2026-02-09,52.17594746631119,52.67603852298314,51.95041759900285,52.597591400146484,38798500
2026-02-10,52.725063621334485,52.74467540112001,52.20536454899381,52.53875732421875,32146000
2026-02-11,53.22514751342209,54.03901948998421,53.19573171590538,53.91154479980469,57349700
2026-02-12,53.872319768085646,54.16649269745739,52.71525105028695,52.93097686767578,67427800
2026-02-13,52.89175678600172,53.519322501395585,52.764285831502534,53.29378890991211,48392100
2026-02-17,53.499712215970966,53.842909011612434,52.146529332107626,52.70545196533203,50499600
2026-02-18,53.47029338776467,53.793882148446855,53.16632014773973,53.71543502807617,59196100
2026-02-19,54.38221963628618,54.794059529888365,53.86252056491068,54.107662200927734,62513500
2026-02-20,53.93115875667286,54.21552394603441,53.45067951462869,53.81349182128906,50833500
2026-02-23,53.970384150640854,54.843087787162986,53.803685890994345,54.0782470703125,44013500
2026-02-24,54.03902071143027,54.14688362551526,53.34281939032726,54.029212951660156,42921700
2026-02-25,54.22533198463904,54.29397134708089,53.13690246511153,53.803688049316406,36207500
2026-02-26,53.3134046936193,54.588140518308826,53.068263045003434,53.98019027709961,47033500
2026-02-27,54.55872122411643,55.058812249988705,53.862519884359976,54.83327865600586,59071500
2026-03-02,56.647331708371894,56.75519463053448,55.17648184011404,55.9315185546875,135633300
2026-03-03,56.27471122887319,56.59829997160023,54.96075196008931,55.4216194152832,154770800
2026-03-04,54.97056294486844,55.33337152632516,54.254749801750215,55.0980339050293,70732700
2026-03-05,55.431428094045515,55.951130929938785,54.990176121329,55.38240051269531,85177800
2026-03-06,56.03938011663114,56.22568641548507,55.07842160099737,55.47064971923828,68219000
2026-03-09,55.73540086555564,56.039377831827004,54.85288950577711,55.22550582885742,88747400
2026-03-10,54.970560358942365,55.36278472189832,54.293967067397936,54.51949691772461,88817900
2026-03-11,54.54891733925537,55.93151600271162,54.460666201563924,55.8726806640625,48743700
2026-03-12,56.01976717078908,57.08858484315873,55.95112781261012,56.39237976074219,69358700
2026-03-13,56.382575520922686,56.804219428411265,55.99034741237744,56.57868957519531,43374600
2026-03-16,56.63752451183965,56.970917301587136,56.15704897814059,56.77480697631836,39474300
2026-03-17,57.09839025346753,57.90245453220476,56.853248613838744,57.372947692871094,40137700
2026-03-18,57.59847922714096,57.82400907864261,57.29450225830078,57.29450225830078,42908000
2026-03-19,57.72594929294433,58.55943306929004,57.382752511284814,58.20642852783203,69231400
2026-03-20,58.40254367022138,59.147772584580366,58.12798249919273,58.15740203857422,73003400
2026-03-23,57.13587920156371,59.06047773687114,56.908875812374184,58.853214263916016,71027200
2026-03-24,59.02100171357336,60.66924905798393,58.991393719812905,60.047454833984375,51207500
2026-03-25,59.53422820603184,60.205370340536525,59.47500845357403,59.78097152709961,42680700
2026-03-26,59.8796678544029,61.0541684821911,59.800711948797726,60.718597412109375,54967600
2026-03-27,60.728463504585015,61.972051921029404,60.46198027248979,61.74504852294922,59553200
2026-03-30,62.30762322579336,62.633322445191,60.97520706006424,61.152862548828125,49750100
2026-03-31,61.231824461580366,62.01153427251223,59.257877860742866,60.46198272705078,94766900
2026-04-01,58.94204266875491,59.8303163192896,57.59975846972035,58.201812744140625,96652900
2026-04-02,59.741493116740045,60.21523985268675,58.211685242640485,58.47816848754883,60400500
2026-04-06,58.33999431850517,58.912436893867124,58.12285898043453,58.90256881713867,25474200
2026-04-07,59.030873114549564,59.97836655786013,59.01113319718839,59.376312255859375,38811700
2026-04-08,55.9416442379443,57.431972192219035,55.44815761182624,57.29379653930664,88023600
2026-04-09,57.441845166056495,58.251162947651785,56.36604414930115,56.58317947387695,55088500
2026-04-10,56.425260849851895,56.731223923351855,55.66529473423056,56.19825744628906,42561700
2026-04-13,56.869397793334116,56.968097377653415,55.91203629796408,56.36604309082031,43100900
2026-04-14,55.7639916378019,55.7639916378019,54.68819058657864,55.22115707397461,58830100
2026-04-15,54.87571098759063,55.47776527022675,54.55001177411786,55.033626556396484,39551500
2026-04-16,55.11258704384555,56.13904013886803,55.043499216777136,55.84294891357422,31282600
2026-04-17,53.701214150312886,54.44144408462064,52.714240904569216,54.30326843261719,90913300
2026-04-20,54.38222334847948,54.994149460548805,54.08613213312559,54.35261535644531,35150000
2026-04-21,54.59936209880211,55.23102440196906,54.204571276820616,55.14219665527344,41299800
2026-04-22,55.62581511851776,56.040342092308755,55.398811714060166,55.803470611572266,40565500
2026-04-23,56.14890800453521,56.44499922871983,55.73438104367757,56.237735748291016,34707200
2026-04-24,56.03047364196408,56.17851737518495,55.438287414067766,56.12916946411133,36426700
2026-04-27,56.35617485302192,56.92862118366071,55.892299954577965,56.03047561645508,33070600
2026-04-28,56.968097091128506,57.29379630523362,56.632526036139026,56.95822525024414,39151300
2026-04-29,57.52080213698464,58.33999177489506,57.30367057338536,58.26103210449219,40616700
2026-04-30,57.44184709201074,59.060482709472176,57.18523192436186,58.87295913696289,35896800
2026-05-01,58.290641266509,58.82360395796731,57.501059657673885,58.0833740234375,35828400
2026-05-04,57.96494221597742,58.853219703606975,57.46158748299028,58.6163444519043,36883000
2026-05-05,58.458424679488935,58.98151929301588,58.122853626564975,58.675559997558594,27041400
2026-05-06,56.5436999606614,57.13588242104539,55.92190574175523,56.257476806640625,57907500
2026-05-07,55.1421974025066,55.41855248764027,54.41183926644934,55.22115707397461,52909900
2026-05-08,55.122454739866455,55.497505630655446,54.737535773137516,54.97441101074219,30573500
2026-05-11,55.527116887671646,56.474614128785305,55.507380734631546,56.425262451171875,31943300
2026-05-12,56.97796485413398,57.08653251324091,56.39565049029111,56.82004928588867,36814500
2026-05-13,56.72135307907662,56.958224547319986,56.2179946203023,56.879268646240234,22707200
2026-05-14,56.89901441777002,57.42210908188857,56.76083498790437,57.313541412353516,23487000
2026-05-15,57.935333244884525,58.695303134823895,57.71819791490061,58.66569137573242,33565500
2026-05-18,58.35972821078961,59.90927588245997,57.95506933662737,59.79084014892578,41516600
2026-05-19,60.01784947593035,60.68899164067222,59.514490969871716,60.49159622192383,31111000
2026-05-20,60.01784500460985,60.89625059934445,58.90256417202346,59.020999908447266,61776800
2026-05-21,59.69214215839299,59.80070981911246,57.95507088189397,58.3597297668457,45851100
2026-05-22,58.22155547400184,58.83347785371805,58.063639899720094,58.71504211425781,42428900
2026-05-26,58.10311438506931,58.793996415588225,57.08653313866547,57.09640121459961,38819900
2026-05-27,56.26734433696543,56.75096289475739,55.744249709867276,56.24760818481445,48329800
2026-05-28,56.80031235359544,56.9286199361,55.94164664145888,56.2081298828125,46554100
2026-05-29,55.94164735042465,56.05021501661177,55.26063712389318,55.55672836303711,32389600
2026-06-01,56.28708654874865,57.05692828916851,56.10943105211363,56.55356979370117,55879400
2026-06-02,56.445001424009554,57.412234801966385,56.336437524089405,57.20497131347656,23842600
2026-06-03,57.48132319614634,58.60647208816671,57.25431603757706,57.94519805908203,46312800
2026-06-04,57.73793685588431,58.261031489264454,57.41223386641829,57.98468017578125,23916300
2026-06-05,57.905720223002795,58.01428788562714,56.87927087865499,56.91874694824219,28213000
2026-06-08,57.323408966773165,58.19194272808485,57.21484130535815,57.570152282714844,25717800
2026-06-09,57.32340898130563,57.4517127948248,56.06995248420362,56.64239501953125,46026300
2026-06-10,57.185232595233806,58.27090550224645,57.02731701521435,57.49119567871094,36515300
2026-06-11,58.01429110372825,58.221558364328494,56.31669953717607,56.37591552734375,40863500
2026-06-12,56.05021399902275,57.39249827477744,55.892298423345984,56.80031204223633,31964700
2026-06-15,54.480927273277935,55.31985307782393,54.30327177690277,54.82636642456055,44319100
2026-06-16,54.28352874928371,54.75727545747696,54.234180839785196,54.63883972167969,42008400
2026-06-17,54.54013906365661,54.63883864571418,53.82952089786254,53.95782470703125,38553000
2026-06-18,53.43473243228852,53.54330009478923,52.55632682115257,53.06955337524414,39645700
2026-06-22,53.21369539177517,53.8101523273187,52.85582198888038,53.74056625366211,30765600
2026-06-23,53.82009001298007,54.23761023499905,53.55168496857283,54.13819885253906,38690400
2026-06-24,53.18387385678358,53.4522789088766,52.62718147553619,53.25345993041992,43034600
2026-06-25,52.885645302980485,53.99902623158824,52.6868263319757,53.7703857421875,28221700
2026-06-26,53.68092027162288,53.830035455906724,53.362811417830244,53.52186584472656,19025200
2026-06-29,53.66103518181623,53.959261742596915,53.154050407704716,53.26340103149414,25142300
2026-06-30,53.30316168347957,53.800207214487436,52.766355392029986,52.79617691040039,28284000
2026-07-01,52.73653124410412,53.124226160092135,52.309071774641296,52.49795150756836,33662700
2026-07-02,52.925411299075186,53.332988494280656,52.59735941914669,52.9055290222168,28525600
2026-07-06,52.74647304167794,53.233575537774165,52.68682621286441,52.81605911254883,24735300
2026-07-07,53.29322227989473,54.496071551170786,53.28327924569709,54.317134857177734,41833600
2026-07-08,55.13228934499102,55.708863980732126,54.545775467186594,55.271461486816406,39741400
2026-07-09,54.9533556797625,55.15217466139663,54.406606324386146,54.49607467651367,21770700
2026-07-10,54.754539489746094,54.91359391371564,54.038792685804864,54.754539489746094,22974700
2026-07-13,55.529930504121374,56.633372252758456,55.529930504121374,56.40473175048828,41200900
2026-07-14,56.66319103876382,56.881892287842106,55.95738728857397,56.613487243652344,32579000
2026-07-15,56.603544029316026,56.70295541137931,55.43051626606467,56.16614532470703,33184200
2026-07-16,56.32520154859026,56.961419245554644,56.26555471744112,56.683074951171875,27477000
2026-07-17,57.60758123577906,57.77657490615902,56.94153821260956,57.339176177978516,31397800
2026-07-20,57.2198852875043,58.044978931558056,57.07077010510397,57.59763717651367,27329300
2026-07-21,57.81633627826834,58.18414891108425,57.48828819823157,58.154327392578125,20315700
2026-07-22,58.919779096298434,59.168301867688854,58.551966456444454,58.85019302368164,29548600
2026-07-23,59.88404795859523,60.02322010219226,58.91977840344936,59.02912902832031,35838600
2026-07-24,59.04901417120291,60.09280909100487,59.04901417120291,59.2677116394043,34181900
2026-07-27,58.06485958759657,58.92971776176563,57.88592289057449,58.01515579223633,33819500
2026-07-28,58.06486073809172,58.44261641619612,56.911715218965746,57.22982406616211,27800800
2026-07-29,58.73090338049507,58.949600841491055,58.07479962103744,58.303443908691406,34166800
2026-07-30,57.73681297395466,58.76072559463003,57.67716614271039,58.611610412597656,23045700
2026-07-31,58.58178851496491,59.3372960783999,57.97539234044332,59.198123931884766,23556500
2026-08-03,58.343204125729564,58.97942560240327,57.81633706676813,58.4426155090332,26038400
2026-08-04,57.359055224576736,58.373028566212085,56.7924236207447,58.17420959472656,37661500
2026-08-05,58.42273518290768,58.63149340658025,56.871951681004305,56.97136306762695,33213500
2026-08-06,58.04497808086398,58.213975537918,57.2397667257417,57.81633758544922,25084300
2026-08-07,57.190057877165714,57.70698568712004,56.77254144921596,57.16023635864258,21092700
2026-08-10,57.846158925891764,59.85422337455697,57.75669057647056,59.82440185546875,33677800
2026-08-11,59.6355249369499,60.719084354556436,59.6355249369499,60.569969177246094,22400800
2026-08-12,60.11268780488204,60.80854851539326,59.9834549048629,60.669376373291016,22584200
2026-08-13,60.162393390984306,60.76878956433403,59.87410606395632,60.69920349121094,20703600
2026-08-14,61.0073679209672,61.74299698151948,60.888078054338024,61.5441780090332,22777700
2026-08-17,61.85235074142594,62.31957098947315,61.42489125616635,62.21022415161133,23550300
2026-08-18,63.035317326012915,63.33354390149279,62.74702999311448,63.3037223815918,27280500
2026-08-19,63.472716450660926,63.87035441524496,63.02537848069972,63.204315185546875,25537800
2026-08-20,63.87035181382123,64.31768976556246,63.31365944450886,63.37330627441406,24304100
2026-08-21,63.53236303351165,63.92006175392915,62.975670643711396,63.26395797729492,27791900
2026-08-24,62.8663239715985,63.34348725318523,62.190341707978114,62.737091064453125,23007900
2026-08-25,61.83246667125989,62.41898056713536,61.67341224825077,61.693294525146484,27426400
2026-08-26,61.06701653615278,62.647621535798024,60.94772666603519,62.06110763549805,24394100
2026-08-27,61.86228920349243,62.34939551502206,61.186306946595636,61.92193603515625,29599300
2026-08-28,61.98157945970227,62.36927817969061,61.752938958472214,62.30963134765625,20624500
2026-08-31,63.42301115862108,64.0592326453949,62.766911187027496,63.58206558227539,27148800
2026-09-01,64.48669087091353,64.56621239296551,63.67153649145486,64.38727569580078,33275900
2026-09-02,63.89023456055494,64.96385481753308,63.870356074750255,64.71533203125,27393300
2026-09-03,64.7352123373916,65.13284269258897,64.19840225669972,64.23816680908203,24070700
2026-09-04,63.66159429362436,63.94988161975094,63.005494326117706,63.68147277832031,26281800
2026-09-08,64.44692631773104,64.85449971530387,63.92999471067157,64.38727569580078,28088200
2026-09-09,65.17261030021943,65.53048370412421,64.62586474403555,64.92408752441406,25392400
2026-09-10,65.74918259448685,65.77900411302032,63.95981563934925,64.54633331298828,37212600
2026-09-11,64.50657364984572,65.34161415364463,64.32763694076834,64.75509643554688,30546300
2026-09-14,65.57024746315312,65.65971960520085,63.80076653436879,64.14869689941406,47236500
2026-09-15,64.4966294468528,65.7293079023139,64.42704337148913,65.5404281616211,34571900
2026-09-16,64.834624151242,64.834624151242,63.30372291416736,63.65165328979492,48608400
2026-09-17,63.12478638465517,64.13875599420842,63.08502182957085,64.0989990234375,35534300
2026-09-18,63.820645862260584,64.36739900335024,63.72123826869334,63.929996490478516,29418800
2026-09-21,63.16999816894531,63.70000076293945,62.369998931884766,62.459999084472656,36482200
2026-09-22,61.630001068115234,62.66999816894531,61.41999816894531,61.779998779296875,39289100
2026-09-23,62.18000030517578,62.970001220703125,62.04999923706055,62.369998931884766,36551700
2026-09-24,63.06999969482422,63.40999984741211,62.459999084472656,62.599998474121094,38168900
2026-09-25,61.91999816894531,62.33000183105469,61.65999984741211,62.040000915527344,37559500
2026-09-28,62.77000045776367,62.790000915527344,61.83000183105469,62.099998474121094,35162800
2026-09-29,61.150001525878906,61.790000915527344,60.95000076293945,61.540000915527344,30944100
2026-09-30,61.81999969482422,62.099998474121094,61.40999984741211,61.5,24870000
2026-10-01,61.15999984741211,62.75,61.040000915527344,62.70000076293945,41681200
2026-10-02,61.86000061035156,62.95000076293945,61.86000061035156,62.81999969482422,29238100
2026-10-05,62.75,63.75,62.04999923706055,63.45000076293945,29430100
2026-10-06,63.02000045776367,64.05999755859375,62.93000030517578,63.75,27824500
2026-10-07,64.04000091552734,64.51000213623047,63.040000915527344,63.36000061035156,27139200
2026-10-08,64.51000213623047,65.47000122070312,64.30999755859375,65.23999786376953,51304400
2026-10-09,64.95999908447266,65.86000061035156,64.87999725341797,65.08000183105469,27323700
