Date,Open,High,Low,Close,Volume
2015-01-02,16.245732301416737,16.271871600310845,16.036616375907286,16.160778045654297,40511471
2015-01-05,16.056220614872004,16.088894738011,15.781754911791312,15.820963859558105,50770502
2015-01-06,15.820974744097876,15.873253377087007,15.507301411805473,15.579184532165527,57454463
2015-01-07,15.7098751822777,15.781759809850318,15.618387609094247,15.74255084991455,36287049
2015-01-08,15.925534132110517,16.01702327757521,15.892859985286584,15.977812767028809,37995923
2015-01-09,16.01047951461894,16.017015875320634,15.755619752817877,15.762154579162598,36300590
2015-01-12,15.762160205068746,15.801369177131722,15.585718296427828,15.631462097167969,38356360
2015-01-13,15.73602196549054,15.8405792314688,15.468090902706,15.579184532165527,45785445
2015-01-14,15.330847120810356,15.415801373729103,15.154405324824616,15.356987953186035,71356023
2015-01-15,15.304710480515114,15.383129922546924,15.141338305168716,15.16747760772705,58038203
2015-01-16,15.128267783451308,15.356989736390327,15.069454356079016,15.35045337677002,89499855
2015-01-20,15.396194857149013,15.4550098101053,15.232824249927349,15.285102844238281,39330942
2015-01-21,15.278567487979334,15.402730679501166,15.180543592702849,15.324311256408691,49251571
2015-01-22,15.415808858562128,15.722948828125686,15.311250081362633,15.703344345092773,97345387
2015-01-23,15.690275718468529,15.722949858998996,15.53343677520752,15.53343677520752,34069402
2015-01-26,15.507298262155086,15.618390334693341,15.468087761019566,15.611855506896973,27588310
2015-01-27,15.396195953655,15.546498457359856,15.383127838503055,15.441941261291504,35186781
2015-01-28,15.520365979316024,15.520365979316024,15.134806584413209,15.160945892333984,85405918
2015-01-29,15.141335175526729,15.317776965682613,15.08252175692693,15.285102844238281,50409450
2015-01-30,15.108662102861839,15.285103905265569,15.030242671595405,15.03677749633789,64531113
2015-02-02,15.07599376443005,15.298179425292988,14.95836533956982,15.27857494354248,62984977
2015-02-03,15.337390397667335,15.546506431419706,15.337390397667335,15.53343677520752,66155787
2015-02-04,15.50075651284214,15.624919732178546,15.46808238521592,15.494221687316895,37523958
2015-02-05,15.539968062845418,15.677199408258282,15.526896876544452,15.651060104370117,30264135
2015-02-06,15.794829165267082,15.932062056811056,15.736015726472672,15.775224685668945,83237512
2015-02-09,15.703339452955163,15.775222535015097,15.65759567346248,15.696803092956543,37354080
2015-02-10,15.814429034930306,15.853639517053669,15.703337016257725,15.820963859558105,39742220
2015-02-11,15.801359385674708,15.866709166309267,15.716406665513322,15.820963859558105,36080733
2015-02-12,15.847114645375399,15.99741725512317,15.814440498551466,15.977812767028809,40635310
2015-02-13,15.984343328685293,16.030088656382798,15.905925397244896,15.964738845825195,23270085
2015-02-17,15.938597906717291,16.056226326215725,15.9255282528127,16.017017364501953,17869196
2015-02-18,15.997402292177346,15.997402292177346,15.879775473631785,15.918984413146973,36387868
2015-02-19,15.879782722300371,15.918991679713331,15.814432925588491,15.853643417358398,21550255
2015-02-20,15.82750757268382,15.997414642780498,15.729485148218869,15.971275329589844,40206183
2015-02-23,15.951670448150756,15.951670448150756,15.84711166362996,15.932065963745117,23616735
2015-02-24,15.971266211290558,16.062755289582423,15.938592088456518,16.010475158691406,33958612
2015-02-25,15.99740550955779,16.07582493871604,15.990870684990982,16.010475158691406,32659415
2015-02-26,16.030090318626247,16.03662514692391,15.918996703208537,15.971275329589844,33480738
2015-02-27,15.95166164492699,15.984335767571226,15.899383048696212,15.912452697753906,28937856
2015-03-02,15.918985351740034,16.04314853521511,15.886311233550892,16.030078887939453,27137641
2015-03-03,15.98433780670166,16.03008311859589,15.90591990235168,15.98433780670166,31729394
2015-03-04,15.91899520622578,15.938599689275213,15.82750608430447,15.886321067810059,47685247
2015-03-05,15.912458823377657,15.984341920866928,15.860178672664686,15.951667785644531,25112031
2015-03-06,16.010481556274627,16.115040325480454,15.807900379398186,15.834039688110352,74347599
2015-03-09,15.847105065600154,15.938594155758535,15.840570240185752,15.905920028686523,26666907
2015-03-10,15.768687928330586,15.775222754063138,15.566106796264648,15.566106796264648,49650662
2015-03-11,15.611851601583046,15.72294518068849,15.592247123098014,15.664130210876465,36531648
2015-03-12,15.794819379378731,16.017006412546078,15.7752149119268,16.003936767578125,50418806
2015-03-13,15.96473587364088,15.997410005658043,15.801363679198085,15.892852783203125,40917578
2015-03-16,15.958209113334123,16.101976901234227,15.958209113334123,16.08890724182129,39676730
2015-03-17,16.036616782106666,16.08889538121907,15.938592874414274,16.049686431884766,22247248
2015-03-18,16.010481957260794,16.19346019154301,15.951668511185428,16.14118003845215,58915168
2015-03-19,16.141178749024593,16.141178749024593,15.918993102798495,15.990876197814941,42486734
2015-03-20,16.0702454783083,16.221109087121295,16.017771715272342,16.207990646362305,47450742
2015-03-23,16.175190500394496,16.25390266535368,16.11615753173828,16.11615753173828,26417014
2015-03-24,16.103039480349548,16.103039480349548,15.978412781225225,15.98497200012207,22615686
2015-03-25,16.00465545077783,16.044010778406214,15.72916507720947,15.729165077209473,40570806
2015-03-26,15.663566276755313,15.788192968581539,15.597974091627918,15.716041564941406,40238682
2015-03-27,15.716046465552752,15.735722587142243,15.6373342787715,15.696367263793945,30154207
2015-03-30,15.814433188889799,15.965296786688988,15.80787396898916,15.925941467285156,43422048
2015-03-31,15.84723015280578,15.893144694614733,15.781637950221562,15.814434051513672,26132160
2015-04-01,15.775076522905614,15.860346374335172,15.689805131391683,15.801313400268555,32823015
2015-04-02,15.761960848482689,15.90626369928602,15.761960848482689,15.880026817321777,26472163
2015-04-06,15.748839230389594,15.945617345508785,15.716043134550452,15.90626049041748,19432443
2015-04-07,15.939058046956173,15.952176485226493,15.820990562438965,15.820990562438965,22346466
2015-04-08,15.834112273884354,15.945620562317025,15.834112273884354,15.880026817321777,22778055
2015-04-09,15.853786737074852,15.919378928753138,15.794753764564394,15.90626049041748,25595691
2015-04-10,15.912822051224419,15.939058929217326,15.873465194150647,15.899702072143555,18165005
2015-04-13,15.873463129857011,16.01120826149087,15.860344692566569,15.958734512329102,38112499
2015-04-14,15.945616075038657,15.99808982420043,15.866903911211791,15.958734512329102,32499016
2015-04-15,15.991528174573576,16.083357221647116,15.952172868684915,16.017765045166016,45762179
2015-04-16,16.011206443456793,16.096477816246523,15.925936610751098,16.044002532958984,27839065
2015-04-17,15.965297001587853,15.965297001587853,15.768517321750963,15.82755184173584,49064829
2015-04-20,15.886584434040731,15.952178172414202,15.880025214211832,15.893143653869629,19100196
2015-04-21,15.952179217025117,15.971856877800382,15.801315610996827,15.814434051513672,26714793
2015-04-22,15.827551628691076,15.965296786688988,15.775077869485967,15.925941467285156,26511555
2015-04-23,15.899703653787848,15.991534275982412,15.87346677318499,15.952178955078125,26294652
2015-04-24,15.919380707300014,15.945619126987072,15.866906948094908,15.925941467285156,23031271
2015-04-27,15.945623133115815,16.011215348601386,15.840674048254014,15.866910934448242,29486759
2015-04-28,15.840667036630904,15.958734512329102,15.775074850178688,15.958734512329102,31748721
2015-04-29,15.866907553034276,16.024330376735982,15.801315351527132,15.952178955078125,49893538
2015-04-30,15.906262481602976,15.991533881543564,15.768517321750963,15.82755184173584,42838185
2015-05-01,15.912823936771058,15.984975359800943,15.893144735860133,15.96529769897461,22565584
2015-05-04,16.030886300375546,16.129276122488434,16.00464942516791,16.122716903686523,27367961
2015-05-05,16.07679669348795,16.16862572427918,15.965288473157754,15.97840690612793,37717594
2015-05-06,16.044006441188962,16.07024331918187,15.788195340673694,15.899702072143555,36626312
2015-05-07,15.834105258341548,16.050560978727166,15.834105258341548,16.011205673217773,39290812
2015-05-08,16.0964774534167,16.240781784057617,16.0964774534167,16.240781784057617,40714217
2015-05-11,16.240787679857583,16.273583780526298,16.155516278034362,16.181753158569336,38354636
2015-05-12,16.109598466082705,16.162072216497982,15.991530987564088,16.122716903686523,48760649
2015-05-13,16.122711337051637,16.188303502423942,16.096474470902713,16.129270553588867,29430379
2015-05-14,16.20798302342068,16.280135953744757,16.175186936947867,16.273576736450195,26445450
2015-05-15,16.28013579185546,16.2866950090848,16.14894990718483,16.20142364501953,28494942
2015-05-18,16.207985382320015,16.30637519614193,16.188307727572454,16.293256759643555,19841750
2015-05-19,16.326051193970212,16.43755943297361,16.31293275880322,16.38508415222168,32513049
2015-05-20,16.417884527538604,16.424443746219698,16.31293548855687,16.33917236328125,37350263
2015-05-21,16.306377258019005,16.339173353411873,16.286699600783283,16.29981803894043,23172098
2015-05-22,16.267027804284062,16.34573846158508,16.267027804284062,16.30638313293457,16231966
2015-05-26,16.280139695016597,16.280139695016597,16.109598466082705,16.122716903686523,54832187
2015-05-27,16.168632117284638,16.31949569617615,16.148954460048916,16.29981803894043,31773341
2015-05-28,16.26046988658725,16.293265996425557,16.18175768289032,16.280147552490234,21900598
2015-05-29,16.28014577726718,16.28014577726718,16.09648604211433,16.135841369628906,31521478
2015-06-01,16.22110963277828,16.240788834663363,16.10304366197579,16.148958206176758,23062170
2015-06-02,16.13583846618801,16.23422676727072,16.07024472538166,16.175193786621094,26426862
2015-06-03,16.234222714189066,16.358849404530396,16.20142662201613,16.31293487548828,40898498
2015-06-04,16.267024254915906,16.306379574979314,16.14239753463058,16.16863441467285,37471271
2015-06-05,16.28669486123288,16.365407007354253,16.21454347236516,16.26045799255371,52402931
2015-06-08,16.286701761838337,16.306379421685055,16.155515822775705,16.16207504272461,28272131
2015-06-09,16.17518677610218,16.273576574626123,16.1095946038088,16.20142364501953,31163011
2015-06-10,16.293256541733214,16.490034626661167,16.267019669087365,16.431001663208008,53968148
2015-06-11,16.503156509570378,16.52939492778006,16.43756431425722,16.496597290039062,60034147
2015-06-12,16.457242204074394,16.490038302191756,16.37197080888481,16.42444610595703,42206558
2015-06-15,16.319493109634216,16.411323702263964,16.247341711205465,16.3522891998291,40678641
2015-06-16,16.358852824242526,16.457242661413257,16.306379065796524,16.444124221801758,36228207
2015-06-17,16.49659752181523,16.51627518068565,16.385089248131756,16.42444610595703,55448179
2015-06-18,16.496601374167938,16.601550452736067,16.424449941460644,16.575313568115234,70136594
2015-06-19,16.529196284165202,16.548959977367787,16.29861831665039,16.29861831665039,47071470
2015-06-22,16.535776313462353,16.614832595472272,16.52918841886296,16.548952102661133,40678518
2015-06-23,16.59506780309653,16.63459671855398,16.555540434456354,16.581892013549805,33542288
2015-06-24,16.55554206415512,16.581893645842573,16.443546295166016,16.443546295166016,26541099
2015-06-25,16.48965987279708,16.496247766925652,16.331548866894224,16.344724655151367,43711579
2015-06-26,16.417201744045677,16.44355333701804,16.35132276161477,16.397438049316406,30737208
2015-06-29,16.219555115888888,16.29202196022104,15.99556514113584,16.002151489257812,52912442
2015-06-30,16.16026905232923,16.19979643417248,16.008745875112325,16.06144905090332,77383245
2015-07-01,16.311790019681176,16.344729500088025,16.206382135561686,16.305200576782227,52375111
2015-07-02,16.298615191704386,16.338142570530945,16.166855715464852,16.23273468017578,24081438
2015-07-06,16.04827496810417,16.206386059153562,16.028511275075243,16.166858673095703,33223951
2015-07-07,16.140498355062913,16.21296674408088,15.896744702661485,16.199790954589844,63077548
2015-07-08,15.982385339598162,16.087791632169232,15.89015328678155,15.916504859924316,56789354
2015-07-09,16.140501638305544,16.16685476946554,16.008743716593465,16.041683197021484,31236625
2015-07-10,16.265674162531248,16.27226205900234,16.16026781899376,16.23273468017578,36120618
2015-07-13,16.37107737217419,16.430368423461914,16.338137899236564,16.430368423461914,41191230
2015-07-14,16.377671837874548,16.502843432076585,16.344732351720815,16.46990394592285,27691961
2015-07-15,16.548962390749562,16.63460662060181,16.489671302495214,16.608253479003906,62160945
2015-07-16,16.733419931443297,16.772947311401367,16.713656241464264,16.772947311401367,39781365
2015-07-17,16.759770918276768,16.779536154366156,16.654363028676574,16.726831436157227,22286763
2015-07-20,16.772945058440936,16.799298188357586,16.7004782049183,16.746593475341797,25354045
2015-07-21,16.753184568670523,16.819063532909603,16.68730405761378,16.726831436157227,24390172
2015-07-22,16.7334194145056,16.871766786902665,16.713655725137116,16.85200309753418,36459143
2015-07-23,16.86517854818083,16.87835434082576,16.674128008011696,16.707067489624023,36561685
2015-07-24,16.687299436065565,16.70047522526435,16.52260052426357,16.548952102661133,32149658
2015-07-27,16.43695786486667,16.47648523239182,16.37107737217419,16.430368423461914,34805048
2015-07-28,16.562132933332457,16.562132933332457,16.39084607479177,16.496253967285156,29677194
2015-07-29,16.5489558341202,16.66753951046471,16.50942845761122,16.660951614379883,33091373
2015-07-30,16.634600030040563,16.67412740654954,16.568719522374685,16.660951614379883,20597954
2015-07-31,16.641194519296736,16.6807219114663,16.562138188139414,16.608253479003906,24137571
2015-08-03,16.608249409014963,16.628014647074306,16.47649146740479,16.588485717773438,42025601
2015-08-04,16.601656981848226,16.647772244531662,16.535776488340353,16.5621280670166,30678613
2015-08-05,16.674128887529566,16.726832060889247,16.581896787332404,16.628013610839844,24771536
2015-08-06,16.641188269136038,16.667539854018518,16.50942879790602,16.5687198638916,23921408
2015-08-07,16.55554676162189,16.62142573453301,16.463316199546327,16.60166358947754,30673812
2015-08-10,16.713654168798286,16.7663588823575,16.66753889789931,16.759769439697266,30165778
2015-08-11,16.601667127127175,16.66095821538152,16.542374492054634,16.608253479003906,65448208
2015-08-12,16.46989577956978,16.483071567498254,16.206376927366122,16.45671844482422,77509300
2015-08-13,16.49625422369697,16.575308984182527,16.39084632956516,16.51601791381836,27547564
2015-08-14,16.49625799839057,16.634605407714844,16.489670100175985,16.634605407714844,33603346
2015-08-17,16.56213550241088,16.674131308881513,16.50284442377122,16.667543411254883,28771055
2015-08-18,16.64777156257424,16.693886823368615,16.614832090578258,16.65435791015625,20245642
2015-08-19,16.608244456622778,16.647773374136566,16.44354553190362,16.502838134765625,57382080
2015-08-20,16.331555198105505,16.35131888815296,16.15367889404297,16.15367889404297,67731590
2015-08-21,15.949447644084533,16.068031294711147,15.573934555053711,15.573934555053711,127715881
2015-08-24,14.618685429226721,15.435592373377307,12.200903307642761,14.90855598449707,143651668
2015-08-25,15.455360009506796,15.46853580658109,14.658216552421292,14.710921287536621,84936661
2015-08-26,15.05348805248362,15.264302253723145,14.776793349919759,15.264302253723145,146056427
2015-08-27,15.461942492829714,15.672756719003388,15.336770917644436,15.639817237854004,96219884
2015-08-28,15.580525225558494,15.620052600537203,15.468529449634628,15.567349433898926,40348364
2015-08-31,15.468533091946554,15.534412065756655,15.422417810279486,15.435593605041504,58845124
2015-09-01,15.106194782178743,15.185249546249329,14.822912117290212,14.934907913208008,86294454
2015-09-02,15.132545556717407,15.178662380097265,14.941495006999387,15.13913345336914,52533664
2015-09-03,15.185246393684446,15.38288635646505,15.158894811131693,15.224775314331055,60273576
2015-09-04,15.007372690655545,15.053489510093243,14.822910053357507,14.921730041503906,54210039
2015-09-08,15.211603399051347,15.317009756120454,15.106195495164368,15.303833961486816,49726245
2015-09-09,15.442178204715866,15.508058711274945,15.060077144579923,15.093016624450684,43741739
2015-09-10,15.079844030459071,15.277482498414045,15.033727202042531,15.165488243103027,43653476
2015-09-11,15.093017830527387,15.23136520385742,15.060078348024446,15.231365203857422,26809949
2015-09-14,15.198429107666016,15.244544393444928,15.139136479132247,15.198429107666016,31837353
2015-09-15,15.257717633262263,15.461943982887222,15.198426561479529,15.415828704833984,41048311
2015-09-16,15.429005181324912,15.541000979799414,15.349950415449618,15.514649391174316,28008328
2015-09-17,15.501471375409038,15.606879272139839,15.264305541286943,15.297245025634766,75221486
2015-09-18,15.087380018092064,15.160201236113286,14.97483658131415,15.001317024230957,85290820
2015-09-21,15.100626361404508,15.233028629664954,15.074144353370308,15.173447608947754,47097445
2015-09-22,14.948360960639347,15.03442242788183,14.868918051879685,14.981461524963379,65335941
2015-09-23,14.988080024719238,15.041040921937713,14.9020170123574,14.988080024719238,34891095
2015-09-24,14.815951454170627,14.908632998654015,14.74974879658682,14.882152557373047,51271027
2015-09-25,15.094009090468855,15.199932490314632,15.027807937054348,15.100630760192871,55416173
2015-09-28,14.994700258741956,15.021180707566415,14.703412212909246,14.74975299835205,58422891
2015-09-29,14.762994401300816,14.82257697029418,14.64383237207799,14.77623462677002,48264309
2015-09-30,14.97483658131415,15.001317024230957,14.822572480161023,15.001317024230957,49086741
2015-10-01,14.994705785112318,15.067527046218204,14.849061708518144,15.007946014404297,48512971
2015-10-02,14.683549758810624,15.027798652648926,14.551145979400138,15.027798652648926,75346063
2015-10-05,15.133723521020766,15.365428992688779,15.127103409098302,15.345568656921387,47975517
2015-10-06,15.31246675417128,15.365427644905514,15.246264086371864,15.272746086120605,36684908
2015-10-07,15.372043548669058,15.477966855526219,15.279362015252593,15.3919038772583,38597020
2015-10-08,15.332330198957509,15.497834570462627,15.299229635532873,15.484594345092773,37237011
2015-10-09,15.517695869502688,15.530936095692487,15.319090922273658,15.385292053222656,58339183
2015-10-12,15.37868014694302,15.42502251771991,15.338959447176714,15.398540496826172,25312191
2015-10-13,15.345566650118032,15.444868315968906,15.279365539550783,15.279365539550781,42452020
2015-10-14,15.285988278564474,15.312468727343875,15.133724143701093,15.153584480285645,44763838
2015-10-15,15.23965201375768,15.517698362800456,15.226410231058228,15.497838020324707,55652525
2015-10-16,15.54417850620612,15.617001314865377,15.51107793608021,15.590520858764648,36542235
2015-10-19,15.491213814851806,15.610375838234958,15.48459370244163,15.577275276184082,32690313
2015-10-20,15.577279728381178,15.689823225902485,15.564039499776593,15.669962882995605,23941473
2015-10-21,15.689820129483877,15.742782587832291,15.530935863202657,15.557417869567871,29215200
2015-10-22,15.590520399368167,15.868566734615042,15.583900285538055,15.808985710144043,61204335
2015-10-23,15.934770725901938,15.987731640858874,15.86194946783615,15.981111526489258,45903498
2015-10-26,15.98110631724598,15.98110631724598,15.855322630841698,15.91490364074707,24485698
2015-10-27,15.835458162252818,15.855318493705775,15.769257057409625,15.82221794128418,28664204
2015-10-28,15.855324243832843,16.21943356128195,15.855324243832843,16.19295310974121,112058299
2015-10-29,16.186330204565408,16.25253287637867,16.093648640161252,16.1730899810791,48479611
2015-10-30,16.13336138673629,16.14660160371968,15.921516360621107,15.941376686096191,62867662
2015-11-02,15.981106488208631,16.22605375142588,15.974486375926103,16.15985107421875,73531446
2015-11-03,16.153230235364305,16.23929324554791,16.08040744915021,16.186330795288086,42479225
2015-11-04,16.186328723518546,16.226050944724612,16.093647167594735,16.13998794555664,40100564
2015-11-05,16.139996591809126,16.232678197382796,16.113516133073794,16.20619773864746,45236788
2015-11-06,16.510718463065007,16.530580352284407,16.3121135603062,16.371694564819336,85556100
2015-11-09,16.39155960506071,16.431280282371816,16.100271529348632,16.19295310974121,59169369
2015-11-10,16.153230314519238,16.272393885210555,16.126749866450453,16.26577377319336,41119339
2015-11-11,16.33859454851561,16.33859454851561,16.19957064566015,16.212812423706055,27576370
2015-11-12,16.173095804596063,16.17971591872295,15.961250598153386,15.967870712280273,66597469
2015-11-13,15.88842442567094,16.00096789639105,15.789122734784328,15.835463523864746,53877793
2015-11-16,15.789123037101719,16.027448654174805,15.756022472839065,16.027448654174805,53560564
2015-11-17,16.093646977901724,16.139987755317417,15.96124320233247,15.994343757629395,46013180
2015-11-18,16.087029777561703,16.298874924173944,16.034067325122265,16.279014587402344,83572836
2015-11-19,16.285635877612197,16.338596779500502,16.22605486298786,16.305496215820312,35613076
2015-11-20,16.35183818387825,16.398180530753574,16.28563705174502,16.33197784423828,44189330
2015-11-23,16.325354781348125,16.37831723186748,16.24591343714177,16.26577377319336,31828859
2015-11-24,16.166475732355494,16.272399113042415,16.080412694100698,16.219436645507812,35916887
2015-11-25,16.226056993145196,16.265777674775954,16.18633475713228,16.232675552368164,24226080
2015-11-27,16.25915205022666,16.292252607033053,16.179709159509688,16.27239227294922,23191055
2015-11-30,16.32535640017398,16.32535640017398,16.23267326836097,16.2591552734375,30361138
2015-12-01,16.318735062303357,16.444518748040874,16.285634501420276,16.437898635864258,38268343
2015-12-02,16.47762188334154,16.47762188334154,16.21281580052253,16.24591636657715,43846620
2015-12-03,16.33860081121325,16.33860081121325,15.92815061153232,15.981111526489258,59308595
2015-12-04,16.080413948231936,16.43128468837773,16.040693260269833,16.404804229736328,52547451
2015-12-07,16.384942886068263,16.398184670219653,16.173097655382836,16.252540588378906,31381144
2015-12-08,16.073791882737147,16.192953920637756,16.00758919618808,16.04730987548828,35697769
2015-12-09,15.974480342861925,16.1532248613658,15.769255385228774,15.8619384765625,66624798
2015-12-10,15.855322768660994,16.02744724204339,15.802361870506978,15.87518310546875,58161303
2015-12-11,15.63685642819989,15.73615810537256,15.438251519472814,15.524312973022461,89542078
2015-12-14,15.537555976198458,15.663339677500675,15.38529182291304,15.557417869567871,71948873
2015-12-15,15.716302183667455,16.007590293942094,15.703061956326078,15.921528816223145,93332943
2015-12-16,16.067165038032346,16.23266936950369,15.914900928728184,16.17970848083496,102205375
2015-12-17,16.23929177870257,16.23929177870257,15.928143434760553,15.948003768920898,70913355
2015-12-18,15.834762051879594,15.854748397786597,15.521665573120117,15.521665573120117,113598773
2015-12-21,15.648230799647322,15.728171465070597,15.534983739469244,15.674877166748047,50728156
2015-12-22,15.768141627952913,15.854743888513884,15.62824663112129,15.821435928344727,57087748
2015-12-23,15.921357119909924,16.034605729479775,15.87472598354859,16.007959365844727,40627924
2015-12-24,16.02794831356173,16.08124105471362,15.954669230356572,15.994640350341797,13844688
2015-12-28,15.928020020119204,15.987974343226371,15.848079358521952,15.98131275177002,16747016
2015-12-29,16.11455160479741,16.167844354504368,16.06125885509045,16.147859573364258,38040239
2015-12-30,16.114546030501895,16.141192396137942,16.007960567957703,16.03460693359375,19339133
2015-12-31,15.874732971191404,16.061259162861596,15.841425001986298,15.874732971191406,59154720
2016-01-04,15.54831069864232,15.581618665606456,15.388430893092986,15.5682954788208,93387476
2016-01-05,15.594939299535667,15.67487840716374,15.48835225857701,15.628247261047363,52096536
2016-01-06,15.40175091842586,15.481690022731021,15.308487065948677,15.388427734375,77248574
2016-01-07,15.068667207911718,15.208562195459468,14.895464262405232,14.955418586730957,92006910
2016-01-08,15.08865111999865,15.101974302420395,14.688950954983357,14.722260475158691,83028242
2016-01-11,14.80220095431371,14.828847321649752,14.595690043338273,14.742246627807617,70986600
2016-01-12,14.895461791550424,14.922108153497323,14.662302996273466,14.855490684509277,80633578
2016-01-13,14.915449459947288,14.982065377752935,14.402502200480486,14.469118118286133,125524947
2016-01-14,14.502425925486147,14.715598424355433,14.362530935436556,14.59568977355957,95264013
2016-01-15,14.102724179515793,14.33588299199705,14.07607937972363,14.269267082214355,94362797
2016-01-19,14.422484816928876,14.475779113096682,14.162681184079846,14.262606620788574,83779398
2016-01-20,13.969496371407539,14.116052979135329,13.676383155951958,13.982819557189941,107682217
2016-01-21,13.996144351513877,14.176008944369055,13.876234101569908,13.922866821289062,91494814
2016-01-22,14.102724390139425,14.2359593399365,14.076079589949323,14.176003456115723,59334200
2016-01-25,14.116050313846381,14.169343046913648,13.856245111901318,13.88955307006836,78982191
2016-01-26,13.942849477221657,14.162683598512597,13.922864699297145,14.122714042663574,63973716
2016-01-27,14.076081109409172,14.315899978217011,13.969494076538407,14.069417953491211,77206350
2016-01-28,14.156023255718836,14.222639188015455,13.98282026762618,14.07608413696289,79906672
2016-01-29,14.176004951699074,14.475779710066698,14.129373809235119,14.469118118286133,100518905
2016-02-01,14.402503446800834,14.482442555085141,14.302577997324212,14.409163475036621,84561575
2016-02-02,14.202655496696401,14.22263871159456,13.976158206232068,14.009466171264648,86157444
2016-02-03,14.089403619346356,14.089403619346356,13.623087523499247,14.022786140441895,151930266
2016-02-04,13.936187359733285,14.24262373794447,13.936187359733285,14.142698287963867,97011048
2016-02-05,14.15602132316922,14.229300402813044,13.916200871398273,13.956171989440918,81506726
2016-02-08,13.756320851411305,13.80295199153674,13.416574995277207,13.603102684020996,132312804
2016-02-09,13.33663795309685,13.676382297464569,13.33663795309685,13.583118438720703,168924221
2016-02-10,13.689700694891185,13.842918832309467,13.503174606756042,13.509836196899414,80836939
2016-02-11,13.150109403446967,13.243371681074814,13.010214422884214,13.09681510925293,155436893
2016-02-12,13.409915938768865,13.649736404418945,13.349961604417006,13.649736404418945,119640644
2016-02-16,13.882896781495726,13.929529504863662,13.743003303756915,13.869573593139648,97496185
2016-02-17,14.002801437517794,14.12271164886137,14.002801437517794,14.0560941696167,79846353
2016-02-18,14.109389640198886,14.109389640198886,13.90954031407296,13.976156234741211,79491948
2016-02-19,13.862907605484011,14.036110563342639,13.842922829283536,13.976156234741211,91481888
2016-02-22,14.14269592486999,14.255942976588218,14.14269592486999,14.195988655090332,52408225
2016-02-23,14.122713720580643,14.142698498049382,13.916201225161133,13.942849159240723,71553352
2016-02-24,13.742998812248283,13.94950972839692,13.62308859211117,13.909540176391602,89023089
2016-02-25,13.909537938374935,14.116048821296387,13.909537938374935,14.102724075317383,87713797
2016-02-26,14.195988822062162,14.329222213301081,14.12271131714731,14.202651977539062,100096303
2016-02-29,14.189333867820649,14.262612971133082,14.042777225317517,14.049440383911133,70846020
2016-03-01,14.149359400204858,14.549058058321252,14.149359400204858,14.52241325378418,100224943
2016-03-02,14.535738220102226,14.688956439279112,14.515753439008053,14.682294845581055,89863616
2016-03-03,14.66896650123281,14.788876709764343,14.609012179027545,14.782215118408203,76643660
2016-03-04,14.855492944658183,14.915448832281331,14.728921142032693,14.842169761657715,70707286
2016-03-07,14.742247959803642,14.855495031213952,14.69561524863108,14.83551025390625,48251261
2016-03-08,14.70227524093367,14.762231130452687,14.57570343430584,14.59568977355957,94684581
2016-03-09,14.648982932054487,14.688952483478857,14.562380673180554,14.61567497253418,59913509
2016-03-10,14.708939179501193,14.77555510015497,14.429149184512998,14.602352142333984,94740222
2016-03-11,14.748909804784182,15.002051885804196,14.748909804784182,14.982067108154297,79284278
2016-03-14,14.935439109802248,14.975408673530593,14.84217523031449,14.935439109802246,55347853
2016-03-15,14.835510023231162,14.928773880004883,14.7822172845726,14.928773880004883,75699114
2016-03-16,14.848834091282644,14.988729102705241,14.782218163996324,14.895466804504395,72379969
2016-03-17,14.8954661740711,15.121961881379745,14.788879130802835,15.07533073425293,65859485
2016-03-18,15.16900526732407,15.26937265321311,15.128858312968456,15.209152221679688,65031268
2016-03-21,15.162318637187653,15.282761107293586,15.122171670840302,15.182392120361328,47484348
2016-03-22,15.075327542399762,15.195769977112995,15.04187174694148,15.135549545288086,43482367
2016-03-23,15.108785731515331,15.13555036933915,15.01510792806846,15.021799087524414,55912266
2016-03-24,14.887971140219337,14.928119659423826,14.787603769866024,14.928119659423828,48500785
2016-03-28,14.948191263503366,15.021795571353719,14.901353158275136,14.974957466125488,36121356
2016-03-29,14.914743295960719,15.008421126608829,14.827758197775436,15.001729965209961,44438115
2016-03-30,15.08201867215915,15.20246110663814,15.068636354001864,15.088709831237793,37636102
2016-03-31,15.048566636490852,15.14893561881004,15.021801993489417,15.055257797241211,39946073
2016-04-01,14.981649894089312,15.209150852690312,14.921427896913116,15.189077377319336,45753316
2016-04-04,15.175698619576488,15.20915441970787,15.082020808144986,15.115476608276367,38544826
2016-04-05,14.974960064027659,15.00172470022986,14.874591107206003,14.901355743408203,61644172
2016-04-06,14.874593083405045,14.995035533380015,14.827754963828406,14.981653213500977,38129610
2016-04-07,14.874589477539459,14.887971794174387,14.620323890412603,14.700617790222168,51315220
2016-04-08,14.800991037196352,14.901358441124946,14.72738670325169,14.754151344299316,55956828
2016-04-11,14.821067992885384,14.941510476901975,14.800994507393296,14.814376831054688,45423161
2016-04-12,14.834449359174304,15.028494610805431,14.800993552179966,15.001729965209961,48225902
2016-04-13,15.155626318453026,15.356362705920224,15.142243997359461,15.34298038482666,69649488
2016-04-14,15.269373252285487,15.45672885542248,15.269373252285487,15.376433372497559,52055051
2016-04-15,15.416580472339865,15.436653948446976,15.296138044633878,15.32290267944336,53901797
2016-04-18,15.249301016522553,15.450037362910642,15.23591712710414,15.436655044555664,52434076
2016-04-19,15.483495873633029,15.63070297241211,15.483495873633029,15.63070297241211,57169363
2016-04-20,15.62400701578307,15.777903656605744,15.617315857486432,15.751140594482422,74743119
2016-04-21,15.744450984210756,15.811364151496344,15.57048083403344,15.610626220703125,63436754
2016-04-22,15.624010620313618,15.79129118738519,15.624010620313618,15.757835388183594,46728145
2016-04-25,15.690920266039573,15.737759950156372,15.610624786884626,15.724377632141113,38189682
2016-04-26,15.737758213374313,15.84481674568165,15.717683167503465,15.824743270874023,41664795
2016-04-27,15.811363092867357,15.905039321306251,15.757833819473703,15.851510047912598,56916147
2016-04-28,15.717689470227983,15.844823099386195,15.630704377847632,15.684233665466309,74850832
2016-04-29,15.597245216369629,15.657465651980473,15.456729295547477,15.597245216369629,60318138
2016-05-02,15.610630105606644,15.757838796056978,15.57717429916972,15.737765312194824,43564598
2016-05-03,15.55709797818723,15.570481869385135,15.403201296643239,15.53702449798584,44142060
2016-05-04,15.356362951618566,15.496878896412955,15.342980630310889,15.416584968566895,46466680
2016-05-05,15.450035836003314,15.5102562626492,15.369740362745516,15.409887313842773,47043157
2016-05-06,15.296143717594283,15.483497801808955,15.296143717594283,15.476806640625,38964104
2016-05-09,15.450037362910642,15.523640113863014,15.376433040894833,15.436655044555664,31989258
2016-05-10,15.510261685884817,15.664159956632174,15.503570525029012,15.657468795776367,37549070
2016-05-11,15.610624691663894,15.65077321652817,15.4768015123276,15.49018383026123,31961192
2016-05-12,15.543713878045638,15.610625471054476,15.40319953272708,15.496875762939453,35254978
2016-05-13,15.463418946266204,15.570479059080727,15.282756085997756,15.309520721435547,45538875
2016-05-16,15.309522369224153,15.456729451039498,15.296140050064897,15.389816284179688,33796243
2016-05-17,15.349667854998266,15.416581015442542,15.235916581987366,15.30282974243164,45457629
2016-05-18,15.255989272264502,15.583860756517296,15.255989272264502,15.570478439331055,96899150
2016-05-19,15.496876459555386,15.570480786237235,15.329595898450227,15.423272132873535,66203303
2016-05-20,15.503566974339822,15.61731825390057,15.476802337046346,15.5303316116333,35765351
2016-05-23,15.49687903251063,15.570483371413049,15.450040907522418,15.516952514648438,38575724
2016-05-24,15.62400701578307,15.784596385965612,15.603933540893156,15.751140594482422,47386483
2016-05-25,15.81804867105331,15.998711476078142,15.811357514239903,15.918416023254395,51504178
2016-05-26,15.925112215975375,15.945185690783001,15.804669796066397,15.824743270874023,36198417
2016-05-27,15.851506947897429,15.93849357121393,15.831433474300496,15.931800842285156,37026264
2016-05-31,16.01210349328659,16.01210349328659,15.838131739645597,15.89166259765625,40884834
2016-06-01,15.777913544143647,15.94519574851672,15.71100191924579,15.925122261047363,38452378
2016-06-02,15.884965207640276,15.958569526672362,15.831435936390301,15.958569526672363,28227076
2016-06-03,15.76452345343905,15.77790577182639,15.563787106565526,15.731067657470703,86083215
2016-06-06,15.737758213374313,15.898346011835317,15.724375896835896,15.824743270874023,46925474
2016-06-07,15.838129355906473,15.884967474935504,15.777907346091263,15.791291236877441,26503799
2016-06-08,15.764524665572777,15.844820153134169,15.764524665572777,15.804673194885254,30469958
2016-06-09,15.710991442833953,15.737757646009054,15.610622501351022,15.69091796875,39571234
2016-06-10,15.51025808154122,15.570480086312639,15.450037647833266,15.496875762939453,47349676
2016-06-13,15.40988976291857,15.590554213695588,15.38312512460006,15.389816284179688,56062079
2016-06-14,15.329594965907031,15.409888876242501,15.082018933579118,15.162314414978027,66888232
2016-06-15,15.202465603535005,15.356363878930397,15.169009798245545,15.182392120361328,58034633
2016-06-16,15.061951400295625,15.235923179078384,14.974966296436277,15.222540855407715,71488109
2016-06-17,15.24338963308741,15.283751260175116,15.14248398590399,15.209754943847656,46524537
2016-06-20,15.45193093621663,15.53265579415097,15.290482799812583,15.297209739685059,70566829
2016-06-21,15.35775296276364,15.418295418402137,15.29048198814521,15.384660720825195,40308110
2016-06-22,15.384654435057312,15.499013939559156,15.337564298224844,15.371200561523438,54005201
2016-06-23,15.552830880004127,15.694096565246584,15.546103942611628,15.694096565246582,73745517
2016-06-24,14.87340016945089,15.196296276834287,14.799403868763115,14.85322093963623,165914672
2016-06-27,14.631234996191443,14.651415813907839,14.3419750294586,14.429425239562988,140642119
2016-06-28,14.69177347347782,14.799406051635742,14.563960083064798,14.799406051635742,109722231
2016-06-29,14.927227371795496,15.135764122009277,14.893592666835998,15.135764122009277,100009025
2016-06-30,15.182842509830673,15.37792682647705,15.108846208627023,15.37792682647705,72707045
2016-07-01,15.317390559302485,15.404842357109302,15.270301980195157,15.297209739685059,45095346
2016-07-05,15.149210418843381,15.189573624049977,14.99448927403306,15.068487167358398,59557011
2016-07-06,14.940673554183057,15.12902938435297,14.907038866557015,15.108848571777344,58561132
2016-07-07,15.155938934632308,15.256844588959794,15.05503485976909,15.12903118133545,65731461
2016-07-08,15.337569106965327,15.438474769569936,15.317388290337286,15.418293952941895,55327418
2016-07-11,15.49901385476989,15.552829348610988,15.451923718195035,15.505739212036133,42557517
2016-07-12,15.620104655001601,15.72101032378399,15.599923837138022,15.70082950592041,55059306
2016-07-13,15.687375627344691,15.734464202359709,15.61337771571374,15.70082950592041,57377156
2016-07-14,16.010266519504498,16.010266519504498,15.808456828873659,15.848816871643066,67039521
2016-07-15,15.909367753135738,15.92282163302208,15.721011855262292,15.821917533874512,62710956
2016-07-18,15.828637510453653,15.895908466468699,15.815183635143466,15.875727653503418,38953149
2016-07-19,15.801730988205161,15.889182763983685,15.781550173671093,15.882455825805664,30777585
2016-07-20,15.942997482198097,15.942997482198097,15.842093414510055,15.90936279296875,31817657
2016-07-21,15.889184969274634,15.916092725721304,15.808461699934627,15.828640937805176,36524509
2016-07-22,15.84881961096926,15.936271387054125,15.821913437627154,15.929544448852539,23484772
2016-07-25,15.90263815555481,15.93627284964966,15.848821065538663,15.89591121673584,37096308
2016-07-26,15.855547290201795,15.929543606506359,15.842093414510055,15.90936279296875,34484126
2016-07-27,15.882449046375042,15.949718399441311,15.848812790378346,15.902629852294922,50709937
2016-07-28,15.862275664988774,15.969908270454496,15.8084617314526,15.936273574829102,33001387
2016-07-29,15.875728103739402,15.983359109273314,15.875728103739402,15.90936279296875,54440606
2016-08-01,15.92281976279719,15.990089154327734,15.835369553807483,15.869004249572754,39409726
2016-08-02,15.821915479079925,15.882457930705808,15.694100477829725,15.734463691711426,39709475
2016-08-03,15.734463105616173,15.90263815555481,15.734463105616173,15.89591121673584,33511513
2016-08-04,15.882456612687786,15.909364366732996,15.821914166086065,15.855548858642578,31363295
2016-08-05,16.02372726899943,16.158266067504883,15.97663868952252,16.158266067504883,51542339
2016-08-08,16.20535739237433,16.2255382136021,16.13135946840775,16.178449630737305,45019886
2016-08-09,16.171714046722194,16.218804188481794,16.151534813773893,16.191896438598633,32239890
2016-08-10,16.178446458058104,16.205354214418374,16.03717915770223,16.0640869140625,33545242
2016-08-11,16.097721099853516,16.13808273311606,16.0371786499597,16.097721099853516,25139605
2016-08-12,15.99008274717848,16.077534500591156,15.983355810720877,16.050626754760742,28861534
2016-08-15,16.111177488027973,16.171719947355427,16.09772360817743,16.158266067504883,26275941
2016-08-16,16.13135314446875,16.15826089555719,16.077537642291873,16.117900848388672,27637427
2016-08-17,16.117904661966723,16.17844711624036,16.07754144631978,16.17171859741211,25676567
2016-08-18,16.14481218765434,16.191902346595892,16.111177488027973,16.158266067504883,26595016
2016-08-19,16.111175634504292,16.164992727179687,16.050633182141993,16.151538848876953,31510153
2016-08-22,16.124629512807022,16.164992727179687,16.084267877898824,16.151538848876953,32517481
2016-08-23,16.21208181305905,16.252443449241476,16.17171859741211,16.17171859741211,29855443
2016-08-24,16.178437620220304,16.218799232712264,16.1246205574341,16.16498374938965,24299201
2016-08-25,16.14480847807388,16.225533318093714,16.124627662934994,16.198625564575195,27249662
2016-08-26,16.245714975372337,16.339892117569065,16.11790313953392,16.218807220458984,64953346
2016-08-29,16.25916933357526,16.420617447293385,16.238988516793547,16.360074996948242,40451522
2016-08-30,16.386981612983366,16.508068084716797,16.366800797605176,16.508068084716797,39359132
2016-08-31,16.514789863569014,16.534970672642245,16.386976493308076,16.521516799926758,56386078
2016-09-01,16.561882926178402,16.575336802556002,16.32643693064192,16.45425033569336,62960480
2016-09-02,16.474432329050394,16.575336399428316,16.45424993551061,16.528247833251953,66918391
2016-09-06,16.521521681124415,16.548429434505145,16.373527458066125,16.501340866088867,60299920
2016-09-07,16.44079433420936,16.514792224185573,16.407159647612918,16.494609832763672,38671003
2016-09-08,16.494614996404028,16.54170515184466,16.447526420427923,16.48116111755371,72066064
2016-09-09,16.38698381598074,16.44752627025438,16.17171859741211,16.17171859741211,66476831
2016-09-12,16.09772094452858,16.41389022762996,16.023724617594564,16.353347778320312,87153077
2016-09-13,16.164992579877968,16.205354214418374,16.00354288278744,16.0640869140625,83230864
2016-09-14,16.064089056916597,16.171720096715024,15.976638837080376,16.023727416992188,82876829
2016-09-15,15.99008587179031,16.16498941279344,15.956451182929762,16.117900848388672,68626527
2016-09-16,16.053008260228978,16.059765768433646,15.917824768828831,15.96513843536377,75235766
2016-09-19,15.958776028440807,16.183430708548617,15.958776028440807,16.06694221496582,50396100
2016-09-20,16.183431757602598,16.208392332333652,16.05030340231973,16.07526397705078,39903200
2016-09-21,16.15015151215664,16.191753534844327,16.01702313513751,16.175113677978516,64029700
2016-09-22,16.258317422771345,16.274957277705262,16.17511180004074,16.208393096923828,38355700
2016-09-23,16.150147171930875,16.233352781960832,16.100224440718904,16.125185012817383,59009500
2016-09-26,16.02534384626214,16.033664568197146,15.825651280868223,15.867253303527832,54189000
2016-09-27,15.809004829402943,16.008697331543082,15.75908210062164,15.992055892944336,47620000
2016-09-28,16.058621494923116,16.091904375093936,15.908853295199652,16.06694221496582,42936400
2016-09-29,16.05862037523925,16.14182598284973,15.759082409662469,15.84228801727295,62580800
2016-09-30,15.925495897939276,16.141829895356242,15.900535320516585,16.058624267578125,47336900
2016-10-03,16.008704883602167,16.06694835915903,15.942140684820659,15.983742713928223,33170500
2016-10-04,16.025342249523955,16.16679133429449,15.967098788797607,16.050304412841797,68471600
2016-10-05,16.11686340568025,16.34151645515028,16.091901250399236,16.30823516845703,58651900
2016-10-06,16.349843805664925,16.358164527467114,16.191753265454153,16.333202362060547,53337300
2016-10-07,16.266633656190656,16.35815998357558,16.216710926260227,16.324878692626953,55532800
2016-10-10,16.4080867767334,16.4829716836807,16.391446920645947,16.4080867767334,37997400
2016-10-11,16.35816534733602,16.408088093635865,16.150152052901923,16.258319854736328,78581200
2016-10-12,16.241676330566406,16.34984253153474,16.21671416710512,16.241676330566406,51378700
2016-10-13,16.108549812807304,16.116870534914945,15.900536521162644,16.083587646484375,73171100
2016-10-14,16.274955150850836,16.32487947017411,16.108545514151736,16.15846824645996,76176500
2016-10-17,16.16679328054533,16.200074581960433,16.041985622961633,16.083587646484375,41236100
2016-10-18,16.24999774504389,16.26663760104608,16.15015067395395,16.21671485900879,45958700
2016-10-19,16.266639381368414,16.399767766048498,16.24999952354505,16.358165740966797,49835900
2016-10-20,16.341524296127904,16.458012822984625,16.291601548626755,16.358165740966797,56238200
2016-10-21,16.2250344317688,16.366483513372522,16.200072269009823,16.349842071533203,39543100
2016-10-24,16.424729087970675,16.482972554893635,16.391447787021317,16.39976692199707,33808700
2016-10-25,16.433044218423476,16.441364937583455,16.341517894678624,16.383121490478516,36177800
2016-10-26,16.308238917961752,16.507931445077798,16.29159747728163,16.482969284057617,40419200
2016-10-27,16.5745027583548,16.599464930124583,16.449695073537526,16.524580001831055,45545800
2016-10-28,16.557850308163005,16.57449174495164,16.324876541181172,16.449684143066406,55749900
2016-10-31,16.53289810776146,16.53289810776146,16.42473030090332,16.42473030090332,38579100
2016-11-01,16.482973403227433,16.524577015324667,16.225037356286713,16.358165740966797,62758900
2016-11-02,16.324881084678594,16.33320021837351,16.175111285926878,16.249996185302734,66529900
2016-11-03,16.266637802124023,16.416407617102617,16.241677224304507,16.266637802124023,53462100
2016-11-04,16.274958322554856,16.349843229118473,16.14182995244517,16.21671485900879,64891400
2016-11-07,16.491289908034204,16.632738978958432,16.474648467451324,16.624418258666992,59001800
2016-11-08,16.574498462748515,16.715947558753005,16.466332253811157,16.632741928100586,63290400
2016-11-09,17.090363985376566,17.423184762883267,16.73258105442637,17.33997917175293,268936600
2016-11-10,17.60624820576365,18.055557762411723,17.539684003336056,17.98067283630371,241635500
2016-11-11,17.86418069861655,18.055554130742085,17.80593723158439,18.03059196472168,134954500
2016-11-14,18.20532028527967,18.57974479771854,18.180359709127256,18.47157859802246,261730900
2016-11-15,18.313491684079857,18.471582241292527,18.13044054579164,18.454940795898438,122754500
2016-11-16,18.288524210825113,18.330127812241894,18.138754419754942,18.188678741455078,117887700
2016-11-17,18.188678203967346,18.454934897106195,18.147074603779977,18.43829345703125,98536400
2016-11-18,18.4216520169563,18.50485763031596,18.35508784367159,18.43829345703125,92344300
2016-11-21,18.5381408978131,18.554780751220655,18.380050387828014,18.504858016967773,71943900
2016-11-22,18.588068508281467,18.596389230675577,18.405017376657618,18.51318359375,98286500
2016-11-23,18.58806612906715,18.64630959135542,18.44661704050337,18.621347427368164,101948400
2016-11-25,18.662956068118675,18.679597515265673,18.57142969582595,18.64631462097168,33114800
2016-11-28,18.513177303601427,18.621343483942617,18.3800489645592,18.42997169494629,99791400
2016-11-29,18.46325288011974,18.538137762340863,18.39668871670261,18.47989273071289,74645700
2016-11-30,18.73783961334159,18.7794416411296,18.662954693710656,18.72951889038086,98843700
2016-12-01,18.82936139020172,19.09561972145267,18.804400812314245,19.05401611328125,120088300
2016-12-02,19.00409119027062,19.012411910950323,18.762795051604915,18.84600067138672,82108300
2016-12-05,19.012414265147886,19.1372219167672,18.962491521903235,19.07065773010254,95145700
2016-12-06,19.195455053361673,19.253698486977704,19.00408331804771,19.237058639526367,79142600
2016-12-07,19.286988664098565,19.553245368383923,19.220424488027227,19.536603927612305,120172500
2016-12-08,19.64477679678205,19.83614865420647,19.52828826820651,19.719661712646484,116856500
2016-12-09,19.719664676425868,19.761266708374023,19.578215545980033,19.761266708374023,95677300
2016-12-12,19.703019356440354,19.786224990999354,19.51996664300746,19.56989097595215,85143200
2016-12-13,19.61980628967285,19.73629318171959,19.453395083593335,19.61980628967285,113420700
2016-12-14,19.470042516268563,19.827825608587553,19.39515760917783,19.52828598022461,142995800
2016-12-15,19.628132243609734,19.86110767685392,19.55324733960322,19.6946964263916,110426000
2016-12-16,19.792492173339138,19.800850680489667,19.499950799959546,19.525026321411133,83096500
2016-12-19,19.55009592480478,19.583529946012394,19.37457209613044,19.53338050842285,73717600
2016-12-20,19.650388219058065,19.7757625579834,19.650388219058065,19.7757625579834,60793600
2016-12-21,19.775765880228906,19.78412438345762,19.65875002346992,19.725616455078125,37738000
2016-12-22,19.71726510395114,19.71726510395114,19.608606116785186,19.675474166870117,37796100
2016-12-23,19.67546803126533,19.708900451660156,19.616958505686643,19.708900451660156,18276700
2016-12-27,19.750697504455154,19.759056010702942,19.70890656743828,19.73398208618164,38241100
2016-12-28,19.76741227998864,19.784129290592446,19.516663497819042,19.53338050842285,30834400
2016-12-29,19.55009749550227,19.58353151939605,19.307707199160415,19.39129066467285,39251800
2016-12-30,19.4665146955165,19.4999471235933,19.366214222842245,19.433080673217773,44761200
2017-01-03,19.733977890180874,19.78412732278235,19.44143661059911,19.650394439697266,71259900
2017-01-04,19.70890553342196,19.834279932116946,19.650397586979096,19.809206008911133,45092200
2017-01-05,19.750691994583953,19.77576750633197,19.424718312967787,19.608600616455078,62201100
2017-01-06,19.683831078908675,19.759056041032164,19.57517368596478,19.675474166870117,38060800
2017-01-09,19.625318142580408,19.667110663264154,19.49994376897248,19.54173469543457,34022400
2017-01-10,19.575173827053163,19.750697677125018,19.48323185174577,19.583532333374023,46212100
2017-01-11,19.608600002032546,19.708900451660156,19.474867132010107,19.708900451660156,48001200
2017-01-12,19.616959638443657,19.642035150853907,19.374569395364553,19.54173469543457,57418100
2017-01-13,19.675469953108863,19.88442778220702,19.56681098921366,19.650394439697266,72479700
2017-01-17,19.508306757714095,19.51666526377231,19.173974486495492,19.18233299255371,96657800
2017-01-18,19.28263279609548,19.366216266440425,19.098750436714283,19.341140747070312,68289100
2017-01-19,19.382931310957414,19.43308075038271,19.190688870420228,19.257556915283203,56729700
2017-01-20,19.316068222099773,19.416367118406463,19.24920175982124,19.34950065612793,74805200
2017-01-23,19.265910112161414,19.38292757388848,19.157252748652315,19.224119186401367,46651200
2017-01-24,19.3160608911227,19.541734119274658,19.2324774464412,19.466510772705078,45229500
2017-01-25,19.675468418430437,19.800842787265836,19.58352647064773,19.792484283447266,92850100
2017-01-26,19.825921004484222,19.892787455313673,19.733980630982444,19.84263801574707,70704400
2017-01-27,19.84263522419821,19.850993728653723,19.70890234135344,19.767410278320312,43944500
2017-01-30,19.642034632119103,19.65039313603511,19.433076816883794,19.608600616455078,46168800
2017-01-31,19.508302288553146,19.658752174690427,19.3745694107026,19.483226776123047,56477300
2017-02-01,19.633677064876792,19.733977522432337,19.449794752616935,19.508302688598633,72132200
2017-02-02,19.399646650919045,19.52502264031735,19.307706278041397,19.433080673217773,39396500
2017-02-03,19.767412162436955,19.842637115484866,19.591888334806406,19.82592010498047,86346600
2017-02-06,19.70890656743828,19.876073503949897,19.692189554942708,19.73398208618164,34952100
2017-02-07,19.850993343960493,19.859351848254025,19.65875252787429,19.683826446533203,50838500
2017-02-08,19.683829412243156,19.683829412243156,19.458156139202917,19.55009651184082,54341100
2017-02-09,19.550090660473746,19.842631890379113,19.49994123638814,19.817556381225586,76813700
2017-02-10,19.9345837007371,19.94294220792716,19.80085077414059,19.876075744628906,55078700
2017-02-13,20.001442929214814,20.19368374238315,19.968008912548154,20.101741790771484,76687000
2017-02-14,20.08503415948381,20.360858526977346,20.051600129861676,20.335783004760742,75954300
2017-02-15,20.43607899984573,20.536377878184062,20.285629088116305,20.494586944580078,76869400
2017-02-16,20.469510635353586,20.50294465631983,20.319060729449227,20.444435119628906,64048200
2017-02-17,20.2939825232457,20.452789306640625,20.268907012815248,20.452789306640625,54156600
2017-02-21,20.561459093819376,20.603250039006394,20.48623411710485,20.5531005859375,55216100
2017-02-22,20.469508501738773,20.62831689633149,20.436076078479186,20.569808959960938,50438900
2017-02-23,20.57816746433126,20.61995839196117,20.45279149299813,20.569808959960938,53509400
2017-02-24,20.352489463476537,20.46114681494732,20.319055451195403,20.41099739074707,61686800
2017-02-27,20.436079082162397,20.561453477701285,20.427720576563548,20.51966094970703,39655000
2017-02-28,20.444436807892355,20.519661767056473,20.37757035466003,20.51130485534668,48913000
2017-03-01,20.90414132180666,21.138174663281053,20.879065808505995,21.09638214111328,92150000
2017-03-02,21.1381767988425,21.146533709898634,20.762052032441723,20.770410537719727,69446200
2017-03-03,20.787126605032523,20.92085949496852,20.7787681001338,20.870708465576172,57652800
2017-03-06,20.745335045336134,20.77876906648594,20.61996065446811,20.711902618408203,49017200
2017-03-07,20.74533858607774,20.74533858607774,20.603247160383148,20.653396606445312,53726500
2017-03-08,20.879067139922142,20.945933585432808,20.65339228849047,20.66175079345703,104601000
2017-03-09,20.74533322073883,20.845633681144726,20.64503435455466,20.736974716186523,60804100
2017-03-10,20.837282257214504,20.85399927199964,20.586531818104255,20.720266342163086,62148600
2017-03-13,20.74533502188572,20.795484459331863,20.645036146993426,20.770410537719727,49418400
2017-03-14,20.68682710254585,20.72861803476123,20.561452711677823,20.711902618408203,49511100
2017-03-15,20.745335152647257,20.828918611732256,20.586526739807944,20.678468704223633,86455100
2017-03-16,20.762052055911038,20.87070943620416,20.70354411312075,20.711902618408203,89233700
2017-03-17,20.760553566382985,20.768941860822476,20.5089111328125,20.5089111328125,83056800
2017-03-20,20.466961916246856,20.525678355202377,20.341140747070312,20.341140747070312,78676400
2017-03-21,20.43342249453073,20.450197487128023,19.72043331226845,19.770761489868164,192257000
2017-03-22,19.628155259330264,19.82108119087663,19.48555748386051,19.72881317138672,133199500
2017-03-23,19.70365671976724,19.99724068892276,19.66171683841813,19.770761489868164,85238900
2017-03-24,19.804310486089488,19.904966819999242,19.61138291293923,19.745594024658203,97583400
2017-03-27,19.326187214407913,19.678485952264097,19.275857451939792,19.67009925842285,103963000
2017-03-28,19.603000395187117,20.01401731268527,19.603000395187117,19.93852424621582,82301100
2017-03-29,19.904968317983588,19.938521498414328,19.795923681391074,19.812700271606445,76524100
2017-03-30,19.829475259682052,20.123059188803147,19.804311974265534,20.072731018066406,92566000
2017-03-31,19.997230242978123,20.055946686156762,19.90496063232422,19.90496063232422,70540000
2017-04-03,19.938514881598213,19.988843035638673,19.628154465225172,19.863021850585938,93489100
2017-04-04,19.779141750078747,19.87979966428593,19.745590178611867,19.837858200073242,105795900
2017-04-05,20.022401682125963,20.097893133885993,19.68687629699707,19.68687629699707,104651200
2017-04-06,19.67010245458319,19.896580022875902,19.56944451319466,19.812700271606445,80802100
2017-04-07,19.661708429983495,19.863022654193166,19.628155259330264,19.72881317138672,61525700
2017-04-10,19.728811808166224,19.85463298961538,19.611377318897638,19.678482055664062,60429000
2017-04-11,19.577828276772966,19.653321315364643,19.418453906423498,19.619768142700195,83801200
2017-04-12,19.59460914788445,19.611384137981556,19.410069857683197,19.460399627685547,74023000
2017-04-13,19.384904562752908,19.602995410440325,19.20875358581543,19.20875358581543,120159300
2017-04-17,19.259083472188813,19.55266739339123,19.20036700792906,19.544279098510742,86681200
2017-04-18,19.4100712921041,19.502340944023533,19.242310179409618,19.359743118286133,74890400
2017-04-19,19.48555730577561,19.561050339152185,19.27585479081917,19.3010196685791,55583800
2017-04-20,19.443620899333265,19.6701000397253,19.36812785253592,19.628158569335938,85720400
2017-04-21,19.577835498109366,19.65332856454686,19.418461068974217,19.426849365234375,94675300
2017-04-24,19.871410142909877,19.9720664509908,19.787528819573662,19.863021850585938,98770600
2017-04-25,20.039173126220703,20.139831043932155,20.014009846720334,20.039173126220703,71026100
2017-04-26,20.01400970192124,20.206935642910455,19.980456529625734,20.022397994995117,71691200
2017-04-27,20.064341425452913,20.064341425452913,19.812698988138557,19.930131912231445,68871800
2017-04-28,19.938517843998085,19.955294431138572,19.73720359802246,19.73720359802246,64091900
2017-05-01,19.837856973614123,19.96367815866686,19.75397565027791,19.863021850585938,69086600
2017-05-02,19.863023078600854,19.888186357225198,19.72881359292679,19.837858200073242,76511500
2017-05-03,19.77075333153502,19.99723243713379,19.753976745956606,19.99723243713379,78115400
2017-05-04,20.12305997887261,20.19016474245749,19.94691057442622,20.030790328979492,64482800
2017-05-05,20.08950205791179,20.097888750797736,19.930127694723407,19.99723243713379,46881500
2017-05-08,20.022396861554704,20.055948432047586,19.946903828066688,19.98045539855957,45893000
2017-05-09,20.03078181055031,20.097886545597763,19.837855897276764,19.90496063232422,65737900
2017-05-10,19.871416262240682,19.97207260131836,19.837863082612348,19.97207260131836,51192700
2017-05-11,19.896572964901065,19.930126133429386,19.686870461308462,19.84624481201172,77266700
2017-05-12,19.75398086134703,19.770757450420547,19.653324526713128,19.76236915588379,55787200
2017-05-15,19.804310246589775,19.955296345532062,19.795921952214808,19.913354873657227,52192100
2017-05-16,19.955297611407858,19.988849191132527,19.854639672426515,19.97207260131836,51529600
2017-05-17,19.552664809604714,19.70365089769411,19.267469220969947,19.34296226501465,141192800
2017-05-18,19.317800696865657,19.53589155456985,19.292635813317776,19.41845703125,101656900
2017-05-19,19.452002697582277,19.69525674499395,19.4436144063056,19.586212158203125,69775600
2017-05-22,19.69525972183423,19.69525972183423,19.502333793019837,19.63654327392578,79181900
2017-05-23,19.653321407567084,19.84624735158277,19.561051782210303,19.78753089904785,65577800
2017-05-24,19.812697462783323,19.82947245071682,19.695262947827977,19.779144287109375,59441200
2017-05-25,19.82108696681043,19.904968317983588,19.76237050096033,19.812700271606445,49362400
2017-05-26,19.762368373946412,19.86302630450118,19.762368373946412,19.804309844970703,42601700
2017-05-30,19.74559230222159,19.77075558355221,19.62815778969942,19.67009925842285,46584200
2017-05-31,19.670101100219018,19.678487794845545,19.37651719127923,19.502338409423828,115877900
2017-06-01,19.61138291293923,19.762369013707442,19.477173401123842,19.745594024658203,81187600
2017-06-02,19.602994508368802,19.77075558355221,19.56105303964537,19.67009925842285,83704500
2017-06-05,19.67848845114166,19.829474557912143,19.67848845114166,19.70365333557129,44055800
2017-06-06,19.552663397274628,19.670097901696867,19.5107235313474,19.619768142700195,60397300
2017-06-07,19.653328542167525,19.821089667467877,19.619775357165103,19.770761489868164,83049100
2017-06-08,19.77075333153502,20.139830214743764,19.753976745956606,19.99723243713379,77987000
2017-06-09,20.123058409863035,20.408254032837796,20.106281820298957,20.37470245361328,133216200
2017-06-12,20.41663932800293,20.559237118539812,20.29920641811493,20.41663932800293,86644400
2017-06-13,20.52568817138672,20.592792933699855,20.466971704350694,20.52568817138672,94978600
2017-06-14,20.349533993497612,20.584401406413466,20.240487780396077,20.559236526489258,117605800
2017-06-15,20.408250401901707,20.584401361177328,20.39147381532244,20.47535514831543,59547700
2017-06-16,20.469466328997477,20.519988588037204,20.39368454646048,20.452627182006836,53818800
2017-06-19,20.587351831913736,20.705233901484643,20.562090700138796,20.66313362121582,58041300
2017-06-20,20.59576690949811,20.612607660994513,20.477884861068205,20.486305236816406,45689600
2017-06-21,20.519985497658407,20.519985497658407,20.309480934763368,20.317899703979492,51938200
2017-06-22,20.242121147658175,20.301062172989656,20.166339370511274,20.191598892211914,58380200
2017-06-23,20.275798116073418,20.28421849076466,20.04845281747671,20.115814208984375,85352600
2017-06-26,20.157913656272676,20.309477170428586,20.0905522728725,20.22527503967285,60302300
2017-06-27,20.30105731783646,20.47788035154232,20.250535074472978,20.326316833496094,75943400
2017-06-28,20.461040984618588,20.679965902568707,20.444201841716435,20.646286010742188,90097600
2017-06-29,21.067294638037758,21.067294638037758,20.637865185969687,20.7894287109375,119176700
2017-06-30,20.940994932416686,20.94941370175702,20.73049036641581,20.77259063720703,72754900
2017-07-03,20.890469097165738,21.21043688197962,20.8652095814324,21.075714111328125,61454400
2017-07-05,21.13465519532854,21.15991471114864,20.983091676319493,21.109394073486328,78100200
2017-07-06,21.10097107769156,21.193593573582323,20.94940757751465,20.94940757751465,97648100
2017-07-07,21.058870392809215,21.134652141363247,20.94940715333255,21.09255027770996,59432400
2017-07-10,21.05888041976886,21.117821450925717,20.991519011872075,21.06730079650879,55022500
2017-07-11,21.050457679085813,21.058878054880143,20.823112350706293,20.88205337524414,49857200
2017-07-12,20.882046200327345,20.966248323316954,20.82310519604119,20.94940757751465,47818600
2017-07-13,20.949410108573,21.075714111328125,20.932570966758146,21.075714111328125,48875900
2017-07-14,20.814685198009332,21.01676933321075,20.705223560366793,20.983089447021484,61742300
2017-07-17,20.924153712576285,20.966253982423623,20.83153119168531,20.915733337402344,43257000
2017-07-18,20.772591701962778,20.91573487842146,20.747330574579788,20.88205337524414,63210700
2017-07-19,20.924153913127956,20.983094933888104,20.814690640839938,20.890472412109375,48259400
2017-07-20,20.90731450262713,20.9999370303423,20.839953102294956,20.88205337524414,40163500
2017-07-21,20.823112350706293,20.949414775576315,20.823112350706293,20.88205337524414,39108400
2017-07-24,20.873629139129697,20.99993153092391,20.873629139129697,20.97467041015625,26364800
2017-07-25,21.210439181479362,21.319900842242543,21.176757682153898,21.235698699951172,75786800
2017-07-26,21.26095452027934,21.294636011201973,21.0420296473479,21.09255027770996,56086500
2017-07-27,21.134654296307346,21.143074669896563,20.88204790669687,20.97467041015625,67826200
2017-07-28,20.940990521821412,21.033611419258744,20.856788391951255,20.97467041015625,43735800
2017-07-31,21.05045419831834,21.202017725509787,21.025193075112366,21.126235961914062,43039300
2017-08-01,21.269377325281038,21.29463844636176,21.168334446980218,21.27779769897461,60987500
2017-08-02,21.303061100600278,21.328322226289682,21.20201980988738,21.311481475830078,43341500
2017-08-03,21.277800574108,21.311480467411176,21.202018806647995,21.235698699951172,40816800
2017-08-04,21.4293617361918,21.463041625765662,21.336739229324998,21.37883949279785,50792900
2017-08-07,21.378843240815346,21.38726361619055,21.3114818438361,21.345163345336914,39486800
2017-08-08,21.311481978148162,21.54724767207259,21.27780208245747,21.286222457885742,52736500
2017-08-09,21.10939778593682,21.30306160271989,21.10939778593682,21.286222457885742,46567000
2017-08-10,21.151498448519558,21.202019092165806,20.907312393188477,20.907312393188477,71130300
2017-08-11,20.90730889508408,21.016770539006764,20.77258613055368,20.82310676574707,50477800
2017-08-14,20.991512050266895,21.168335085096043,20.983091676319493,21.109394073486328,49472900
2017-08-15,21.286219863507498,21.31147938069127,21.126235961914062,21.126235961914062,48535000
2017-08-16,21.21886166890985,21.252541565566275,21.050457367560387,21.084138870239258,35084100
2017-08-17,21.033614626821823,21.067296126315032,20.71364841174779,20.722068786621094,76613100
2017-08-18,20.621022665943524,20.882047822063253,20.61260229238843,20.730485916137695,71725900
2017-08-21,20.713644988746925,20.738904503170318,20.587342598563875,20.67154312133789,45047200
2017-08-22,20.75574450228824,20.91572838063417,20.730484988774965,20.898887634277344,42644000
2017-08-23,20.74732937759528,20.949413566932876,20.73049023300059,20.831531524658203,36612700
2017-08-24,20.92415404702966,20.92415404702966,20.789431254137927,20.831531524658203,31067200
2017-08-25,20.873633267622452,20.983094933888104,20.865212892367804,20.890472412109375,37177300
2017-08-28,20.907314206232286,20.915734581907245,20.705230008100628,20.75575065612793,36486900
2017-08-29,20.519986132549867,20.72207032645894,20.503145381551843,20.68838882446289,42814200
2017-08-30,20.72206999105309,20.86521316017458,20.705229240327647,20.77259063720703,35176100
2017-08-31,20.83995183288476,20.865212958729035,20.730490166270965,20.7978515625,44225200
2017-09-01,20.823107140504117,20.97467065483404,20.7725865044015,20.856788635253906,42132600
2017-09-05,20.696804930053986,20.73048642510129,20.351577635929534,20.410518646240234,96579200
2017-09-06,20.486299709907055,20.56208146517358,20.393677207687517,20.46103858947754,77593900
2017-09-07,20.49473023584527,20.511570991140676,20.031620707381354,20.10740089416504,87667800
2017-09-08,20.12422882306646,20.36841480114682,20.082128567683817,20.292633056640625,68639500
2017-09-11,20.528402374293837,20.705227025955256,20.486302108005138,20.646286010742188,73305700
2017-09-12,20.72206972508357,20.907313162618667,20.705228974574283,20.890472412109375,66350600
2017-09-13,20.856787180790295,20.93256893267056,20.781005428910028,20.924148559570312,51049400
2017-09-14,20.93257563001012,20.98309627875364,20.839953102294956,20.88205337524414,47163200
2017-09-15,20.850762577874285,20.96068234360475,20.82539610592419,20.943771362304688,59250200
2017-09-18,21.0198712958617,21.197431779348815,21.00296031284766,21.188976287841797,44010400
2017-09-19,21.188979220407578,21.400361699178223,21.155158862418848,21.34963035583496,58443300
2017-09-20,21.366541323898986,21.552557324487303,21.265077024574243,21.476459503173828,70595500
2017-09-21,21.4257284740173,21.57792411887576,21.408817488428507,21.527191162109375,51050100
2017-09-22,21.442642302650945,21.527194016364795,21.383455457963024,21.501829147338867,42306600
2017-09-25,21.476459503173828,21.552557324487303,21.332719353217296,21.476459503173828,39774600
2017-09-26,21.510281690462413,21.544102048764348,21.40881739011593,21.46800422668457,46811000
2017-09-27,21.73857930952347,21.84004363678049,21.64557208998537,21.730125427246094,65919100
2017-09-28,21.80621827646756,21.814672156809227,21.654022626791154,21.763940811157227,37718900
2017-09-29,21.763939829580064,21.86540412902832,21.730119471577527,21.86540412902832,42740800
2017-10-02,21.823130521929812,22.051424026489258,21.823130521929812,22.051424026489258,52774000
2017-10-03,22.034514592477397,22.12752342224121,21.992238731341516,22.12752342224121,48062900
2017-10-04,22.068328025110677,22.135970344364527,22.01759668885031,22.026050567626953,39283800
2017-10-05,22.051419863806185,22.330444668022217,21.992233028475557,22.25434684753418,61260400
2017-10-06,22.313533033612398,22.37271986722088,22.16133739706473,22.279712677001953,66077800
2017-10-09,22.338901979559505,22.338901979559505,22.144430472575255,22.195161819458008,31340200
2017-10-10,22.22898090534894,22.29662322998047,22.16979246016615,22.29662322998047,35822500
2017-10-11,22.245891354955475,22.279713325270297,22.161338041888733,22.25434684753418,33748600
2017-10-12,22.313535088219776,22.32199058133103,22.059876745763905,22.085243225097656,53834800
2017-10-13,21.97532102173134,22.169792503840057,21.890767712595306,22.09369468688965,69561400
2017-10-16,22.110603335910323,22.245887971150946,22.102147844617775,22.2374324798584,42000700
2017-10-17,22.313539469048113,22.321994963819435,22.076792066334008,22.12752342224121,37844200
2017-10-18,22.220522895434996,22.279709721191264,22.127514104835125,22.245887756347656,52201500
2017-10-19,22.085245404027557,22.271261432666172,22.05142342824568,22.262805938720703,34671600
2017-10-20,22.499550830697103,22.5418266799995,22.423453011776573,22.52491569519043,56083800
2017-10-23,22.53337191487254,22.57564937825974,22.457274093495908,22.508007049560547,43555200
2017-10-24,22.58410018560874,22.710930945794455,22.56719081527474,22.66865348815918,61259200
2017-10-25,22.736299873808715,22.761666352926415,22.406543708880623,22.53337287902832,68653500
2017-10-26,22.617928077724173,22.761668245904513,22.617928077724173,22.66020393371582,41832600
2017-10-27,22.61792499561801,22.68556732361946,22.499551324795558,22.643291473388672,56694400
2017-10-30,22.617925762301166,22.651747733808513,22.491096594589344,22.550283432006836,48157500
2017-10-31,22.55028524610956,22.634838568959623,22.465731923259497,22.491098403930664,39890800
2017-11-01,22.58410252930189,22.685566825436027,22.499550830697103,22.52491569519043,40921900
2017-11-02,22.550289184237272,22.770127216951217,22.440370974240686,22.736305236816406,51098300
2017-11-03,22.6602008458488,22.67711183102924,22.575649145387224,22.643291473388672,42387000
2017-11-06,22.584101768094115,22.66019958444973,22.541825920216645,22.617923736572266,33642100
2017-11-07,22.634840141926105,22.702482482362736,22.245895474875017,22.305082321166992,70325500
2017-11-08,22.262804152875155,22.271259646142354,22.119063992773658,22.195161819458008,55844900
2017-11-09,22.05142199660304,22.19516215890285,21.890770847510204,22.119064331054688,94577000
2017-11-10,22.13597735551727,22.178253213670967,22.034513038139533,22.051424026489258,53209600
2017-11-13,21.91613658831347,22.13597457104475,21.89922560209097,22.085243225097656,50579200
2017-11-14,22.000692023354944,22.08524534988177,21.924594190752856,22.07678985595703,54101800
2017-11-15,21.88231115428634,22.2120688825788,21.86540178345916,22.135971069335938,64952300
2017-11-16,22.237435444350588,22.288168398869125,22.127517268334316,22.144428253173828,53648100
2017-11-17,22.034511009810014,22.169795678713307,22.009146142340935,22.119064331054688,41938700
2017-11-20,22.161325881911257,22.254334636522557,22.093683591117426,22.22051429748535,35232400
2017-11-21,22.296621537669775,22.321986399531266,22.237433096979384,22.288166046142578,35972400
2017-11-22,22.288171068381423,22.3473579096884,22.178251266479492,22.178251266479492,30959400
2017-11-24,22.262808636638365,22.30508449876834,22.15289042746797,22.1697998046875,12172500
2017-11-27,22.152881622314453,22.271255279404766,22.135970639095802,22.152881622314453,42346400
2017-11-28,22.17825009593988,22.753210717239917,22.161339109967432,22.72784423828125,86507000
2017-11-29,22.947684123159394,23.268986432432754,22.88849728006181,23.116790771484375,135340600
2017-11-30,23.31971327319461,23.573371583919105,23.1506066575648,23.26898193359375,135241700
2017-12-01,23.302806420121627,23.429635597967675,22.787034215184956,23.319717407226562,148119600
2017-12-04,23.708659082407394,23.84394373688935,23.674837112426758,23.674837112426758,99820400
2017-12-05,23.776297572758285,23.801662433430224,23.488817325196056,23.548004150390625,77706200
2017-12-06,23.463457107543945,23.5987417762635,23.395814773184167,23.463457107543945,60299100
2017-12-07,23.539552688598633,23.624106001658433,23.31971471973128,23.539552688598633,59625500
2017-12-08,23.657933532884808,23.683300018310547,23.488828468208936,23.683300018310547,55001600
2017-12-11,23.683288463189175,23.717108814535017,23.556459323382253,23.624101638793945,43278400
2017-12-12,23.717111151836477,23.95386008546882,23.641013337908944,23.860851287841797,69517100
2017-12-13,23.835489751486765,23.886221096945114,23.548009439355457,23.56492042541504,97335300
2017-12-14,23.649472809359082,23.683294782449433,23.387358968790636,23.4127254486084,76970000
2017-12-15,23.555429923343738,23.784783582453464,23.47048394365016,23.62338638305664,111826100
2017-12-18,23.818766492000528,23.954679433506687,23.77629268514856,23.83575439453125,61275500
2017-12-19,23.97166101430852,23.988650532568883,23.733814239501953,23.733814239501953,57366300
2017-12-20,23.92919943725035,23.97167163150281,23.674363031314876,23.69135093688965,69680300
2017-12-21,23.81876067287715,23.963166720264027,23.793276394991995,23.89521026611328,46123500
2017-12-22,23.963168165522063,23.997147204751606,23.716826611946967,23.827255249023438,43020300
2017-12-26,23.82726243271704,23.90371367382306,23.665866808346774,23.759305953979492,33710100
2017-12-27,23.776291463431335,23.793280985299134,23.70833499617012,23.784786224365234,29421000
2017-12-28,23.84424247587856,23.886716270831386,23.78478078315421,23.87822151184082,28129700
2017-12-29,23.954673310563518,23.954673310563518,23.708330154418945,23.708330154418945,55169800
2018-01-02,23.861233154675116,23.861233154675116,23.606396853399165,23.716825485229492,55436100
2018-01-03,23.759301829265645,23.86123733978066,23.682850601431873,23.844247817993164,56906200
2018-01-04,23.980159454102054,24.24349216692718,23.937687272141815,24.065105438232422,62247000
2018-01-05,24.192522154587316,24.192522154587316,23.98015801709225,24.133060455322266,37989500
2018-01-08,24.107574178440316,24.15004797454661,24.014135067425777,24.09908103942871,44252100
2018-01-09,24.201017078854854,24.413381217792022,24.158544899151337,24.28596305847168,51418700
2018-01-10,24.36241376778716,24.591767421885393,24.319939968763542,24.489831924438477,64670900
2018-01-11,24.59177102450325,24.63424320953914,24.472845990024737,24.6087589263916,42361700
2018-01-12,24.753163419944883,24.84660415918159,24.6002609812702,24.829614639282227,44537500
2018-01-16,25.041982164961855,25.08445597045593,24.625748592380003,24.761661529541016,67563800
2018-01-17,24.82962040921096,25.016501931112064,24.625750983672624,24.948545455932617,54312000
2018-01-18,25.033481798981516,25.04197655817839,24.880580994066673,24.91455841064453,49247400
2018-01-19,24.99951196895919,25.10144586983611,24.94854501852073,25.092952728271484,60727800
2018-01-22,25.101441532898075,25.30531253984809,25.067464111879644,25.296817779541016,46868900
2018-01-23,25.23735777793523,25.364777579096405,25.118434358408884,25.322303771972656,60862000
2018-01-24,25.44122056817602,25.55164919049624,25.288318152494526,25.4921875,66371000
2018-01-25,25.594125874298722,25.594125874298722,25.356279070396194,25.441225051879883,45423700
2018-01-26,25.517680318981288,25.63660373978767,25.398755277964813,25.628108978271484,33871900
2018-01-29,25.645099591359518,25.76402301722079,25.509186641743735,25.526174545288086,41037700
2018-01-30,25.339291037493783,25.500688249765954,25.194883346557617,25.194883346557617,67316900
2018-01-31,25.262842178344727,25.390260359881577,25.1778961839168,25.262842178344727,49504500
2018-02-01,25.211871281804964,25.52616930569876,25.203376521671373,25.500686645507812,60824200
2018-02-02,25.449720920910053,25.51767900955228,24.92305869561288,24.940048217773438,73086000
2018-02-05,24.404892267029304,24.812631121994464,23.44500684343922,23.68285369873047,147871500
2018-02-06,23.139198791690326,24.175535314253978,23.079737085834786,24.116073608398438,159006400
2018-02-07,24.073598756057212,24.47284275127241,23.971663257167275,24.133060455322266,102699400
2018-02-08,24.175534322781267,24.218008125371863,23.05425185774794,23.07124137878418,135270500
2018-02-09,23.419515884046913,23.6913417099004,22.73145655982906,23.512956619262695,149504900
2018-02-12,23.750807068371895,24.082096262388223,23.538442906658084,23.844247817993164,83571800
2018-02-13,23.708328152073257,23.997143459611,23.64037170442964,23.946176528930664,43365500
2018-02-14,23.929194272813287,24.523814585277957,23.84424828243119,24.51531982421875,57379700
2018-02-15,24.719188231267818,24.75316565392322,24.37940590366409,24.65123176574707,66976000
2018-02-16,24.53230446342029,24.829614580111468,24.49832704391233,24.617250442504883,47508200
2018-02-20,24.56629010328549,24.81263172658386,24.464354576955326,24.54080581665039,58236100
2018-02-21,24.54929713478683,24.974025464524352,24.523814471936976,24.57478141784668,44578800
2018-02-22,24.634243668470237,24.770156607369135,24.31145084363787,24.370912551879883,47602700
2018-02-23,24.447365834698854,24.736181259155273,24.43887107277835,24.736181259155273,41187300
2018-02-26,24.914561138209837,25.109935760498047,24.753163936219227,25.109935760498047,55124200
2018-02-27,25.126925713339993,25.28832291810924,24.85509986544012,24.872089385986328,72752100
2018-02-28,24.999510443926656,25.09295119753883,24.523815155029297,24.523815155029297,65254700
2018-03-01,24.53230241824533,24.727678639914974,23.963166512098226,24.09908103942871,82467900
2018-03-02,23.9291908849086,24.226500999047644,23.691342469555405,24.158544540405273,78991200
2018-03-05,23.971663476549082,24.634240174872918,23.963168716546363,24.498327255249023,58952100
2018-03-06,24.634244548973943,24.651234071996072,24.34542913843813,24.600265502929688,49746100
2018-03-07,24.294459657666753,24.608757699770216,24.268975375789477,24.557790756225586,41530200
2018-03-08,24.617251583479657,24.66822014541861,24.37091001494753,24.634241104125977,50803000
2018-03-09,24.897573572337926,25.245850663828556,24.795639683233816,25.228862762451172,54595700
2018-03-12,25.228861158718537,25.3223002810893,25.10144137512321,25.1439151763916,51784500
2018-03-13,25.262839995566797,25.28832427775629,24.80413425762554,24.863595962524414,47049400
2018-03-14,24.97402216804014,24.97402216804014,24.506821715081703,24.58327293395996,57278900
2018-03-15,24.676716453183595,24.727685021665177,24.515320846955472,24.591772079467773,47451600
2018-03-16,24.64718780981304,24.85179934437834,24.613086700439453,24.613086700439453,61278200
2018-03-19,24.578979136736276,24.664234332584854,24.203857250667095,24.434045791625977,52145000
2018-03-20,24.52783328302142,24.596037132868318,24.434052379691412,24.493730545043945,37146500
2018-03-21,24.53635306927877,24.809168403084925,24.399945402375696,24.485198974609375,53291400
2018-03-22,24.16123448393394,24.25501537757438,23.49624579705312,23.581501007080078,85160300
2018-03-23,23.60707454833812,23.64117565161448,22.822729659690136,22.8653564453125,89289500
2018-03-26,23.32573560692394,23.67528048361505,23.104072724564833,23.60707664489746,84145000
2018-03-27,23.683802664008315,23.786107593900446,22.959135968490976,23.146696090698242,78827400
2018-03-28,23.20637316207986,23.419510319936936,22.890931079071567,23.18932342529297,84244500
2018-03-29,23.29163496786747,23.666756927582508,23.18933001365023,23.504772186279297,58290000
2018-04-02,23.504769788279035,23.530346837277893,22.635169635611092,22.98471450805664,74363900
2018-04-03,23.129649037935568,23.351311928825606,22.925037513908116,23.300159454345703,75160400
2018-04-04,22.882414551632714,23.615607188325903,22.86536318191703,23.54740333557129,70327000
2018-04-05,23.760531879193316,23.9054652164956,23.658225324465075,23.734954833984375,45378300
2018-04-06,23.462144015653344,23.615603064078044,22.95061439627362,23.16375160217285,88521000
2018-04-09,23.29163360595703,23.760536434710087,23.249006815210315,23.29163360595703,54633200
2018-04-10,23.666753271411874,23.77758389237681,23.487717190028295,23.641176223754883,67801500
2018-04-11,23.42804232961051,23.538874592253638,23.30016032557512,23.359838485717773,52480800
2018-04-12,23.538871302885305,23.92251726138002,23.521819937767937,23.769058227539062,63289100
2018-04-13,24.058923137879297,24.075974501726453,23.283103970016697,23.410985946655273,70103900
2018-04-16,23.54739695015433,23.68380461867349,23.445090385711122,23.513294219970703,44633600
2018-04-17,23.717905722749443,23.743482770387164,23.42803902061931,23.513294219970703,50750100
2018-04-18,23.572970766600402,23.66675164211216,23.351307913822875,23.402462005615234,66795500
2018-04-19,23.445086770672713,23.81168293308224,23.42803540821008,23.760530471801758,76142000
2018-04-20,23.803160957773798,23.90546752237033,23.66675328905021,23.769058227539062,49800400
2018-04-23,23.837259929915678,23.862836975304138,23.666751172315195,23.743480682373047,45689200
2018-04-24,23.871364052054968,24.016297398843893,23.428038329393832,23.590023040771484,69592900
2018-04-25,23.564443755161122,23.692327351319435,23.3342568595126,23.572969436645508,51819000
2018-04-26,23.555923956239628,23.709383009066574,23.462144688707063,23.581501007080078,33456200
2018-04-27,23.53887106977688,23.675278737149608,23.50476833987987,23.6156005859375,47185200
2018-04-30,23.675277324077555,23.80315930134332,23.39393632364984,23.402462005615234,41731400
2018-05-01,23.351307799297775,23.428037310502432,23.163747675301696,23.410985946655273,46372400
2018-05-02,23.32573215717078,23.419511405220643,23.11259498943671,23.146696090698242,45430300
2018-05-03,23.03586439545843,23.06996549511599,22.558435991392813,22.95060920715332,68947900
2018-05-04,22.814204314586238,23.376886348878763,22.737474798445653,23.249004364013672,40575600
2018-05-07,23.334258175999654,23.496241255019427,23.240477300487896,23.402462005615234,36873600
2018-05-08,23.419510256263774,23.7264282830979,23.410984574839773,23.564443588256836,47718500
2018-05-09,23.675277429092365,23.973669794774423,23.590022235167837,23.913990020751953,43817000
2018-05-10,23.87136269197838,24.161229369041006,23.837259964743936,24.110076904296875,41445500
2018-05-11,24.12713012827145,24.25501374777276,24.041876550080936,24.093029022216797,25894000
2018-05-14,24.161230614463985,24.20385739959676,24.033348632958045,24.07597541809082,31292900
2018-05-15,24.041868041473496,24.1612243095853,23.939561507301093,24.033342361450195,54655800
2018-05-16,24.00777158621381,24.14417924996783,23.95661911883296,24.07597541809082,31984900
2018-05-17,24.050403383119505,24.1100831712925,23.87136889692439,24.02482795715332,45070400
2018-05-18,24.024828842427,24.03335452676587,23.82021729661816,23.82874298095703,33266100
2018-05-21,23.965145493420184,24.09302747862056,23.956619810925805,23.99924659729004,29647900
2018-05-22,24.016298640347767,24.297639666174955,24.016298640347767,24.161231994628906,52841400
2018-05-23,23.999241043111542,24.075970541695682,23.752002812423868,24.007766723632812,44968500
2018-05-24,23.93104011110179,23.948091474200705,23.581495298111502,23.820209503173828,43245200
2018-05-25,23.709377955188433,23.786107465246285,23.632648445130577,23.743480682373047,39312500
2018-05-29,23.410984622228955,23.445087347993987,22.780098830543107,22.95060920715332,126469700
2018-05-30,23.17227091942117,23.462137569897656,23.11259277834202,23.368356704711914,65843700
2018-05-31,23.317210816649446,23.3513119242601,23.104073609232373,23.172277450561523,66686900
2018-06-01,23.453616598997762,23.55592153964839,23.35983571497826,23.42803955078125,62934300
2018-06-04,23.538874921756996,23.590027398865615,23.462145393040103,23.504772186279297,44196900
2018-06-05,23.428037425403847,23.46214015326542,23.283104084207295,23.402462005615234,44996800
2018-06-06,23.538876217867507,23.845792723526756,23.513299164850896,23.82874298095703,61960000
2018-06-07,23.931041499736853,24.024822376115164,23.743481373087803,23.905466079711914,65166100
2018-06-08,23.879895124540344,23.965150340620234,23.752013113474504,23.939573287963867,47713400
2018-06-11,24.016296359601007,24.101551552747818,23.88841438293457,23.88841438293457,47319600
2018-06-12,23.956624993824054,24.016303158088128,23.709385026320863,23.82874298095703,55517200
2018-06-13,23.837259929915678,24.024821677216,23.717903636984587,23.743480682373047,61095800
2018-06-14,23.786113582274144,23.82874200221758,23.453620037255092,23.52182388305664,70635500
2018-06-15,23.37540058950859,23.59802365446554,23.21271582266252,23.52096176147461,63387600
2018-06-18,23.315466808637996,23.512402055908023,23.23840490611462,23.478153228759766,49824600
2018-06-19,23.238403161203404,23.47815146584647,23.229840546771324,23.418214797973633,50214700
2018-06-20,23.63227926489446,23.63227926489446,23.332594241583177,23.3582820892334,42833600
2018-06-21,23.281215141706728,23.42677631392327,23.127091355459605,23.289777755737305,75190900
2018-06-22,23.452461999787158,23.478149841305957,23.16133966184717,23.178464889526367,61389400
2018-06-25,23.075719803090365,23.118531244727283,22.7760348121765,22.930158615112305,80746100
2018-06-26,22.94728533404435,22.97297318241263,22.707538615215178,22.853099822998047,56387800
2018-06-27,22.844534720638986,23.015782125000758,22.561974951947803,22.570537567138672,78099200
2018-06-28,22.570530403997026,22.861652695486466,22.527717341630144,22.767465591430664,78544800
2018-06-29,23.05002527044673,23.178461191244697,22.73321514153716,22.767465591430664,77149900
2018-07-02,22.579100805495408,22.887346795114688,22.561975574641032,22.8787841796875,66202800
2018-07-03,22.93871489957491,23.007214167181033,22.621904766177,22.67327880859375,30717800
2018-07-05,22.793162073376408,22.844536134549433,22.647600872426203,22.72466278076172,40668500
2018-07-06,22.664726582900812,22.93016279552738,22.579103684017003,22.835975646972656,41285000
2018-07-09,22.95584730847322,23.383968303731628,22.93016109397499,23.3582820892334,73447400
2018-07-10,23.375403602189802,23.452465505112666,23.204156199257095,23.272655487060547,51260600
2018-07-11,23.144220930072862,23.281219513987562,23.109970467518217,23.161344528198242,46023700
2018-07-12,23.306904993734502,23.32403022447249,23.06715829601022,23.20415687561035,64876800
2018-07-13,23.109966804344875,23.178466085444366,22.8616575227911,23.101404190063477,64146900
2018-07-16,23.169901391359378,23.529522993138862,23.15277779748534,23.51239776611328,55812000
2018-07-17,23.538084030151367,23.63227113933219,23.409648102364795,23.538084030151367,55502200
2018-07-18,23.632273348048074,23.95764450439394,23.59802289308978,23.914833068847656,59109200
2018-07-19,23.79496223862288,23.803523220108822,23.520963469671873,23.555213928222656,61765100
2018-07-20,23.512399858689292,23.666523649333268,23.426776982244135,23.598024368286133,51562300
2018-07-23,23.59802237451311,23.95764397791443,23.589459760961702,23.92339515686035,81516200
2018-07-24,24.01757997510253,24.137454928353957,23.931957108260583,23.991893768310547,63133700
2018-07-25,23.974774635007307,24.086085370082998,23.84633866895015,24.04327392578125,44197200
2018-07-26,24.103201566122795,24.19738866806346,24.00901609733343,24.03470230102539,40056800
2018-07-27,24.026141985253542,24.20595359404086,23.949080100509185,24.086078643798828,63149400
2018-07-30,24.10321044921875,24.283022107087522,24.068961620623497,24.10321044921875,56474100
2018-07-31,24.171709665809935,24.1802722812206,23.880587274454964,23.931962966918945,84500100
2018-08-01,24.086085144855197,24.205960127452588,23.8720246590443,23.931962966918945,64046900
2018-08-02,23.77783078213328,23.983328580164574,23.70076890372763,23.940515518188477,38330700
2018-08-03,23.906271355544956,24.0775203704834,23.906271355544956,24.0775203704834,34894300
2018-08-06,24.11177408677155,24.265897904863376,24.060400025124935,24.205961227416992,38230100
2018-08-07,24.27446074004553,24.454270774009725,24.25733550829123,24.317272186279297,44608600
2018-08-08,24.28302320196925,24.420021788831118,24.265897970323522,24.377208709716797,47522000
2018-08-09,24.317268188299884,24.377204856433817,24.231643676757812,24.231643676757812,29357800
2018-08-10,23.914838313626493,24.034711665966856,23.829213790603973,23.949087142944336,83301400
2018-08-13,23.949085301142492,24.009023605855063,23.70933861489946,23.7179012298584,74413500
2018-08-14,23.803516986167615,23.983328580164574,23.73501772015718,23.940515518188477,43659000
2018-08-15,23.743586967121345,23.8720229226353,23.640838855970895,23.75214958190918,55681100
2018-08-16,23.863462331008133,24.137459476089738,23.863462331008133,24.068960189819336,49534200
2018-08-17,24.000461280675285,24.154583452341598,24.000461280675285,24.12033462524414,43193100
2018-08-20,24.120331524854738,24.240204854015264,24.086081069007946,24.1973934173584,30053700
2018-08-21,24.214516407464796,24.41145161092895,24.16314072844256,24.29157829284668,47940000
2018-08-22,24.188835995817463,24.300146734910463,24.17171076421793,24.205961227416992,27323300
2018-08-23,24.19739428458004,24.223082127385773,24.06039572258616,24.09464454650879,31767800
2018-08-24,24.188829947643146,24.231641382785426,24.137455898842095,24.180267333984375,22064500
2018-08-27,24.274460029493202,24.591268641914333,24.265897413866693,24.505645751953125,52254500
2018-08-28,24.57414280337032,24.59126639991023,24.43714423214032,24.479955673217773,28896800
2018-08-29,24.479952384203227,24.539889046919562,24.35151644507514,24.471389770507812,34015300
2018-08-30,24.360081918685612,24.454267414089575,24.240206946027843,24.28302001953125,43264100
2018-08-31,24.19739898447186,24.274460894705207,24.12033707423851,24.257335662841797,34107800
2018-09-04,24.205961292715454,24.40289655718539,24.146024615107386,24.377208709716797,43145600
2018-09-05,24.360082152413987,24.522766933832546,24.342956922848312,24.394330978393555,32727700
2018-09-06,24.360081918685612,24.428581203139295,24.205958120376884,24.28302001953125,38328900
2018-09-07,24.334397573075147,24.351522804938558,24.15458590481333,24.257335662841797,43644300
2018-09-10,24.317268188299884,24.3515186461774,24.205957466501395,24.231643676757812,29927200
2018-09-11,24.163148520745036,24.325834957143442,24.07752562773198,24.257335662841797,32065200
2018-09-12,24.257325320879776,24.308699361415,24.017577076463215,24.03470230102539,47963400
2018-09-13,24.094650908586633,24.21452590684746,23.94908969388943,24.000465393066406,44977100
2018-09-14,24.034710483831894,24.19739690625784,24.026147868635597,24.171709060668945,34151000
2018-09-17,24.171708302649034,24.240207588919432,24.04327234503601,24.068960189819336,26907900
2018-09-18,24.12888895559477,24.214513443666792,24.026139243278088,24.188825607299805,36405600
2018-09-19,24.17170965599348,24.676892532954184,24.17170965599348,24.599830627441406,75551800
2018-09-20,24.77964162958192,24.89095236062879,24.719704956468078,24.81389045715332,78555500
2018-09-21,24.89817874996111,24.941180128506456,24.683168576439503,24.71756935119629,64710000
2018-09-24,24.691761272545946,24.726163678968128,24.42514918436215,24.442350387573242,47985100
2018-09-25,24.53695969802513,24.55415926387661,24.339149106958608,24.347749710083008,32964400
2018-09-26,24.382150425577894,24.41655119528387,23.995131513903168,24.055334091186523,60288100
2018-09-27,24.081132462723723,24.167136835312846,23.943526122739918,23.969327926635742,57492200
2018-09-28,23.874728691854862,23.88332929522092,23.685520338993676,23.719921112060547,66454900
2018-10-01,23.857525068977424,23.986530825608646,23.73711991484124,23.814523696899414,49855000
2018-10-02,23.78012128691925,23.857525068977424,23.625313722802904,23.814523696899414,47629500
2018-10-03,23.969332345887235,24.14133948238165,23.900529163210013,24.038135528564453,79591400
2018-10-04,24.029532871495885,24.382149357622588,24.01233166719772,24.201539993286133,94700800
2018-10-05,24.26174059806934,24.34774497218015,24.02093031903548,24.081132888793945,58148700
2018-10-08,24.0123241817215,24.321939200982158,23.995122982785546,24.244535446166992,56594900
2018-10-09,24.13273928466524,24.253146086669854,23.977931710943093,24.149940490722656,47963500
2018-10-10,24.14134222361998,24.201544810248866,23.40170669555664,23.40170669555664,101604400
2018-10-11,23.264098486812962,23.410305460166573,22.636269217869895,22.7050724029541,178628200
2018-10-12,23.117890390052853,23.152292801121845,22.386857199206457,22.730873107910156,137933000
2018-10-15,22.739476497364596,22.90288304877579,22.627670288085938,22.627670288085938,82196400
2018-10-16,22.782471816108924,23.023283737857128,22.627664269299153,23.00608253479004,75137300
2018-10-17,22.95447753519746,23.384497712715,22.842671370420693,23.238290786743164,79472100
2018-10-18,23.109287609553082,23.281294715287196,22.782471319983404,22.851274490356445,81706000
2018-10-19,22.834076969855023,23.117890298460775,22.72227241511825,22.93728256225586,73614300
2018-10-22,22.963084311226375,23.014686287095074,22.447059631347656,22.447059631347656,58645800
2018-10-23,21.991241916596426,22.395462122655726,21.862236130993537,22.266454696655273,93698200
2018-10-24,22.23204749203561,22.23204749203561,21.621417877465912,21.707422256469727,98050700
2018-10-25,21.81062745622924,22.22344649971948,21.784825650862203,22.042837142944336,72439400
2018-10-26,21.77621896030331,21.948227667194704,21.51820754036282,21.72461700439453,115308900
2018-10-29,21.991231659456783,22.300846712811264,21.681616606102303,21.913827896118164,97946100
2018-10-30,22.03423818741465,22.30945088314803,21.879430635965363,22.29224967956543,82719100
2018-10-31,22.507258885633373,22.885677147038827,22.472856479870607,22.601863861083984,93781100
2018-11-01,22.66207102742547,22.799677397593886,22.5502648264153,22.7050724029541,62346600
2018-11-02,22.92868005360608,23.057685803085764,22.515860999112256,22.687868118286133,73034200
2018-11-05,22.7824735112759,23.117888794056185,22.7824735112759,23.04908561706543,58705800
2018-11-06,23.031888261729154,23.16949462890625,22.920082063149458,23.16949462890625,51010900
2018-11-07,23.298494120532705,23.496303015044887,23.06628282328961,23.470502853393555,59990800
2018-11-08,23.332903062071598,23.66832004468892,23.2555009095879,23.53931427001953,46730100
2018-11-09,23.479106689235998,23.5479098685883,23.203893971826787,23.32430076599121,47051200
2018-11-12,23.27269762454969,23.375903215875955,22.816877167218166,22.859878540039062,47135500
2018-11-13,22.894278725727553,23.212492790631213,22.877077522111932,22.988882064819336,69820600
2018-11-14,23.16948679088378,23.20388755084195,22.429851587220654,22.679264068603516,104274200
2018-11-15,22.524463706392634,23.031887790116894,22.386857342033235,23.014686584472656,93998000
2018-11-16,22.894278434004427,23.143689321664628,22.76527104892817,23.040485382080078,80518300
2018-11-19,23.023278825350406,23.135083340636584,22.82546995347666,23.031879425048828,65491300
2018-11-20,22.765268187209372,22.859873153600386,22.455654766978775,22.524457931518555,103778300
2018-11-21,22.653468407241796,22.86847854653574,22.47285903722835,22.541662216186523,48618000
2018-11-23,22.42125795307388,22.550263713691425,22.30085279521714,22.361055374145508,24252300
2018-11-26,22.593268504286502,22.90288202603794,22.58466790084933,22.816879272460938,50168800
2018-11-27,22.77387335174698,22.902879106062425,22.722271378100235,22.834075927734375,47174300
2018-11-28,22.90287786279495,23.272695541381836,22.705068940889383,23.272695541381836,61375300
2018-11-29,23.10069194627297,23.229697713249422,22.980285142083936,23.07489013671875,43664100
2018-11-30,23.006083201137873,23.28989649837715,22.971680794007266,23.19529151916504,45435200
2018-12-03,23.530709294008297,23.625312636308685,23.178092809913924,23.34149932861328,65332700
2018-12-04,23.221089560454576,23.229690160843102,22.21484228055234,22.32664680480957,110918600
2018-12-06,21.827830265979188,22.025640855753775,21.440812970292857,22.017040252685547,134687100
2018-12-07,21.965429148562443,22.275042528395087,21.49240601872366,21.595611572265625,86740000
2018-12-10,21.50961732973758,21.569819914107356,20.89898760170687,21.294607162475586,101121800
2018-12-11,21.56121162187402,21.690217348148494,21.010786314891305,21.08819007873535,92308200
2018-12-12,21.38060592790586,21.518212267489737,21.105393248738114,21.20859718322754,86748900
2018-12-13,21.199997996757336,21.311804180378836,20.97638726991141,21.053791046142578,67232900
2018-12-14,20.847379684448242,21.13979355988959,20.80437831939972,20.847379684448242,66817000
2018-12-17,20.726976516103303,21.045190584599975,20.54636715689412,20.640972137451172,101180400
2018-12-18,20.761377035495048,20.984987761162486,20.434562368994676,20.563568115234375,90844000
2018-12-19,20.52056738149382,20.976387808336245,20.14214909247226,20.305557250976562,129331700
2018-12-20,20.10774157977092,20.425957213930914,20.013138261828782,20.124942779541016,107016900
2018-12-21,20.103314180612674,20.48409201746605,19.67926684779605,19.722537994384766,118502300
2018-12-24,19.462915076231358,19.68792007516544,19.281181221683863,19.30714225769043,71752700
2018-12-26,19.35906624321077,20.189852348374128,19.082135890864382,20.181198120117188,108133500
2018-12-27,19.84369512485435,20.42351531982422,19.65330536939747,20.42351531982422,98005000
2018-12-28,20.51870722197603,20.683134277264294,20.328319129438615,20.414859771728516,76348400
2018-12-31,20.527364298708594,20.700445607297265,20.35428464074561,20.61390495300293,56435400
2019-01-02,20.31100332544788,20.83024534077966,20.2504253929404,20.786975860595703,62945000
2019-01-03,20.631207703086975,20.68313142104036,20.267738376162825,20.31966209411621,65729700
2019-01-04,20.66582440916743,21.037947990195473,20.613900687585136,20.994678497314453,64638400
2019-01-07,20.951403694688384,21.211025558508133,20.821593588091037,21.02063751220703,48167000
2019-01-08,21.211031809299815,21.245647077635038,20.79563868552388,21.03795051574707,90114700
2019-01-09,21.089866684872575,21.219676773040167,20.942748144782684,21.14179039001465,61037100
2019-01-10,21.020639633112904,21.21968192668648,20.951405808608815,21.150449752807617,48630500
2019-01-11,21.046596913833685,21.245639171915805,20.925441043805428,21.202369689941406,44961600
2019-01-14,20.994677912983242,21.418725203791347,20.968715227602022,21.3494930267334,50610600
2019-01-15,21.2629501659845,21.5744957554312,21.202372223731004,21.539878845214844,59156500
2019-01-16,21.790850056944144,22.128356733637155,21.73027210478134,21.998546600341797,72982400
2019-01-17,21.912002963169744,22.197585877594936,21.7821928476356,22.119699478149414,55771300
2019-01-18,22.275471870711606,22.526439520041514,22.093738042403857,22.500476837158203,58400200
2019-01-22,22.310088339681133,22.42258999536533,22.12835286434499,22.240856170654297,79651700
2019-01-23,22.32740077178094,22.35336346069454,22.0158567579454,22.266822814941406,44072000
2019-01-24,22.18893667854221,22.37932643172428,22.11970449119206,22.318748474121094,25496900
2019-01-25,22.474514154274893,22.647595405580013,22.413936211505643,22.500476837158203,63140000
2019-01-28,22.28412912279256,22.457210397588668,22.24951220758319,22.43124771118164,66894900
2019-01-29,22.42259522227486,22.509135866388092,22.344708807635502,22.353363037109375,29442100
2019-01-30,22.42259160973227,22.621633903686803,22.26681880555038,22.483169555664062,62076800
2019-01-31,22.292787865985545,22.48317598631543,22.258170943766093,22.44856071472168,64021500
2019-02-01,22.48317280824401,22.647599864292694,22.4572117708748,22.543750762939453,42920300
2019-02-04,22.552398286849275,22.647593130567024,22.43124241348122,22.638938903808594,30362500
2019-02-05,22.68220893358424,22.699517387518206,22.491820892185647,22.57836151123047,39094900
2019-02-06,22.509136812472622,22.673563878136267,22.474519893122146,22.552406311035156,51542800
2019-02-07,22.483171115157614,22.54374906529126,22.145664449769964,22.3273983001709,80395700
2019-02-08,22.20624483348208,22.31009393839581,21.929316087879503,22.21489906311035,54911100
2019-02-11,22.284135818481445,22.327405324868927,22.171634111498474,22.284135818481445,53115700
2019-02-12,22.448556399208513,22.699522434550996,22.43990217031734,22.61298179626465,37671300
2019-02-13,22.716826767467854,22.872599557973363,22.66490305417438,22.67355728149414,42969600
2019-02-14,22.500480337910258,22.569712519078813,22.266821107481864,22.396631240844727,47630100
2019-02-15,22.578367181841433,22.872604370117188,22.3966316711415,22.872604370117188,46880800
2019-02-19,22.760098448383246,22.976449200366453,22.69086627377363,22.907217025756836,23868300
2019-02-20,22.898561841479236,23.062988868295932,22.846638125346395,23.05433464050293,27509100
2019-02-21,23.0110700862564,23.088956502468857,22.855297253831488,22.933183670043945,46619900
2019-02-22,22.933182208747276,23.00241439089961,22.812026302637047,22.8985652923584,26343700
2019-02-25,23.002413383991826,23.210109921357116,22.96779811974362,22.993759155273438,33835900
2019-02-26,22.829333251913354,23.097609403716145,22.81202644423691,22.924528121948242,35659700
2019-02-27,22.88125631387617,23.054335927522956,22.855293629047786,23.011066436767578,42542400
2019-02-28,23.019721221446613,23.062990713247846,22.941834815704144,22.950489044189453,39835900
2019-03-01,23.14953037704544,23.313957410122885,23.028374484580606,23.097606658935547,82657300
2019-03-04,23.15818557596093,23.313958387445858,22.760099318763288,22.950489044189453,76611900
2019-03-05,22.99375895038996,23.002413179031237,22.690867550446622,22.863948822021484,39868100
2019-03-06,22.863945959812206,22.9418323572082,22.69951893746232,22.716827392578125,43158900
2019-03-07,22.630288131766378,22.630288131766378,22.353359435720897,22.483169555664062,62622100
2019-03-08,22.232202238073096,22.491822462710914,22.22354801050182,22.47451400756836,55826400
2019-03-11,22.587017864139845,22.7774059234582,22.48316878138654,22.708173751831055,63343500
2019-03-12,22.74278879279872,22.8379819893175,22.70817188451914,22.760095596313477,32521100
2019-03-13,22.846642296841445,23.002415124307202,22.777410112481718,22.915874481201172,42817500
2019-03-14,22.881255001008213,23.08895151584242,22.87260077322864,23.002410888671875,37665700
2019-03-15,23.00676181364231,23.2329137714087,22.98936499872133,23.163328170776367,70020400
2019-03-18,23.206820022488902,23.46776560801041,23.206820022488902,23.39818000793457,43980700
2019-03-19,23.528655262341303,23.57214730384622,23.154633659709514,23.21552085876465,45029300
2019-03-20,23.163329808727234,23.172028216802815,22.711024202158942,22.737117767333984,65860300
2019-03-21,22.580555246294406,22.76321854232023,22.42398883991069,22.667537689208984,104914100
2019-03-22,22.397888108185658,22.51966250292585,21.94558084336251,22.041261672973633,121855900
2019-03-25,22.01516704346723,22.206528707858542,21.81510862983244,21.945581436157227,72835600
2019-03-26,22.119541490214047,22.258712674672893,21.989068712165306,22.206523895263672,51171500
2019-03-27,22.15433594367691,22.267413580650054,22.00646633620927,22.1108455657959,73148100
2019-03-28,22.154334534021217,22.310902538913126,22.04995697012759,22.302204132080078,52089300
2019-03-29,22.493572627787273,22.510967787709703,22.276117367763195,22.36309814453125,50234400
2019-04-01,22.54575836778195,22.92848003805042,22.537059959474515,22.911083221435547,62485300
2019-04-02,22.850199719730306,23.01546452715789,22.815406080870595,22.89369010925293,41002400
2019-04-03,23.050252604488207,23.154631836830866,22.867591021703078,22.96327018737793,52030900
2019-04-04,22.963274373292037,23.198126444584865,22.963274373292037,23.102445602416992,54378900
2019-04-05,23.145939773525818,23.22422380447759,23.067655742574043,23.13724136352539,37088800
2019-04-08,23.076347414274643,23.172026578236856,23.024156969511704,23.163328170776367,34998000
2019-04-09,23.058952025424887,23.058952025424887,22.867592026614297,22.971969604492188,65954800
2019-04-10,22.971971700726083,23.076350947180458,22.858895704531363,23.04155731201172,48232700
2019-04-11,23.128543923910648,23.267715171652434,23.058958300039752,23.18073272705078,62205000
2019-04-12,23.519954750108443,23.77220191427266,23.398178712429512,23.606935501098633,84627600
2019-04-15,23.61563824067812,23.6243366491833,23.40688141370919,23.459070205688477,40030400
2019-04-16,23.511257968184598,23.815693935794382,23.493861153163582,23.789600372314453,56093400
2019-04-17,23.87657815814488,23.885274904917292,23.65912298970659,23.850482940673828,58834000
2019-04-18,23.806998086065462,23.87658368972483,23.746109231193316,23.780902862548828,52495700
2019-04-22,23.711322784423828,23.780908404298984,23.633038754682776,23.711322784423828,39324100
2019-04-23,23.70262573342178,23.88528737392147,23.606944878463576,23.859193801879883,54250300
2019-04-24,23.780906754015415,23.93747480263243,23.728717957493718,23.83309555053711,39505200
2019-04-25,23.720018869922775,23.972266095107532,23.65913166587997,23.8765869140625,44532300
2019-04-26,23.876577128536493,24.111427439443638,23.84178350674213,24.094032287597656,41527900
2019-04-29,24.181013650492698,24.468054401528395,24.120126469826225,24.337581634521484,61643200
2019-04-30,24.37238311767578,24.40717509254131,24.163626291327276,24.37238311767578,38800300
2019-05-01,24.398477122597555,24.476761141266785,24.154928317006,24.172325134277344,67969500
2019-05-02,24.15492156955041,24.31148956315304,24.024448794565338,24.19841194152832,50972900
2019-05-03,24.302796586018793,24.459364614597604,24.25930454527373,24.41587257385254,34598900
2019-05-06,23.989657150650643,24.337585132357574,23.946166775081583,24.25060272216797,42517000
2019-05-07,24.02444773904497,24.259298060079356,23.68521654812637,23.850482940673828,60090800
2019-05-08,23.7548115577569,23.998362040267942,23.69392435189212,23.798303604125977,44254200
2019-05-09,23.511264301000114,23.79830518995563,23.398186631957373,23.74611473083496,56468300
2019-05-10,23.615636710150085,23.946169575717917,23.40687989671067,23.902677536010742,63453600
2019-05-13,23.424276662566825,23.476465451052302,23.12853742939634,23.20682144165039,54962500
2019-05-14,23.259015390527793,23.589548328723836,23.232920160969567,23.389488220214844,52398400
2019-05-15,23.15463396087889,23.41557957709548,23.067651535789437,23.30250358581543,49061700
2019-05-16,23.380781696019664,23.66782248533397,23.36338654140324,23.537349700927734,44872600
2019-05-17,23.302504534939903,23.606940546575192,23.267710899866252,23.380786895751953,62711500
2019-05-20,23.293799645923173,23.511254827482777,23.293799645923173,23.406875610351562,44357300
2019-05-21,23.50256485115731,23.650434494018555,23.50256485115731,23.650434494018555,36851400
2019-05-22,23.52865423577075,23.580844683299546,23.44167347465944,23.511259078979492,25867600
2019-05-23,23.285111992383193,23.293810402748573,22.98067426580348,23.18073272705078,51832900
2019-05-24,23.26770723917612,23.37208646892334,23.198121639028496,23.363388061523438,30582000
2019-05-28,23.293802422364966,23.363388022396048,23.09374237060547,23.09374237060547,35177700
2019-05-29,22.911087396299305,23.093749026884876,22.806708136641802,23.05025863647461,39700600
2019-05-30,23.102442406365395,23.2329152082386,22.858893618615856,22.971969604492188,40641200
2019-05-31,22.67622747857634,22.789305109092165,22.60664188250948,22.624038696289062,49259200
2019-06-03,22.589250259882522,22.867594367166685,22.545759874490674,22.771913528442383,63329300
2019-06-04,23.0502585312181,23.415583449773074,22.989371321300943,23.389488220214844,45454400
2019-06-05,23.43297213702333,23.554746514595625,23.232912097945537,23.537349700927734,46599700
2019-06-06,23.546050325499756,23.72001516046099,23.415577528804643,23.62433433532715,37297600
2019-06-07,23.624338180837906,23.702622203408175,23.554752567336767,23.58954620361328,33054800
2019-06-10,23.728713178792496,23.963563545369816,23.728713178792496,23.789600372314453,37081400
2019-06-11,23.920078015855534,24.015758858815573,23.728717988987384,23.798303604125977,34273400
2019-06-12,23.77220861447506,23.81569900222793,23.511262969853938,23.563451766967773,36866000
2019-06-13,23.606937631429933,23.720015272403874,23.54605043662164,23.64173126220703,31020000
2019-06-14,23.667826817568294,23.772206059630072,23.48516521777489,23.69392204284668,29724100
2019-06-17,23.685216263277837,23.754801849979174,23.450364286016605,23.476459503173828,40981600
2019-06-18,23.42427555213112,23.885279536826843,23.42427555213112,23.789600372314453,46237400
2019-06-19,23.83309717031737,23.99836363942874,23.720021160326667,23.74611473083496,58118500
2019-06-20,23.87657815814488,23.946163745683084,23.58953740216839,23.850482940673828,50583800
2019-06-21,23.867099348070486,24.02446510947612,23.76218995213658,23.79715919494629,65322300
2019-06-24,23.75344345918313,23.919551921836025,23.67476059095305,23.70098876953125,48377800
2019-06-25,23.700991608734807,23.735960850190278,23.508654944463203,23.6223087310791,47748500
2019-06-26,23.67476253628126,23.78841465111642,23.56985148085256,23.578594207763672,31448000
2019-06-27,23.66602295813122,23.858359640756763,23.66602295813122,23.78841781616211,59459800
2019-06-28,24.068179936543054,24.216802977713318,23.8146458267506,24.129377365112305,76728100
2019-07-01,24.409138283847568,24.522790414337006,24.286743425242804,24.41788101196289,48971100
2019-07-02,24.382908338677595,24.4615912185285,24.225542578975784,24.35668182373047,56626800
2019-07-03,24.435368626683054,24.557763496099522,24.36542846308721,24.549020767211914,23706800
2019-07-05,24.627696431155496,24.71512202686604,24.505301597663454,24.618953704833984,40683100
2019-07-08,24.48782213665164,24.592731543169688,24.426624704931957,24.496564865112305,26286700
2019-07-09,24.33045510401532,24.58398921377833,24.312969647996177,24.54027557373047,25895800
2019-07-10,24.549016769044492,24.680154345990893,24.417879192098088,24.452848434448242,36566700
2019-07-11,24.487822069599297,24.62770238957697,24.44410842741568,24.592731475830078,40907500
2019-07-12,24.627702966301193,24.758840560913086,24.566505533315972,24.758840560913086,31109900
2019-07-15,24.767576717290552,24.78506216993357,24.549013561766454,24.618953704833984,28346100
2019-07-16,24.662667720876335,24.706381356120865,24.505303636510074,24.557758331298828,47287700
2019-07-17,24.470335301492035,24.549018185701403,24.3129695330733,24.34794044494629,35062600
2019-07-18,24.312969094845528,24.57524592665098,24.28674257891836,24.531532287597656,46369800
2019-07-19,24.592729213247797,24.636442851409665,24.409136935482323,24.42662239074707,29338500
2019-07-22,24.37416912277799,24.522792176407947,24.330457146565358,24.479080200195312,26683300
2019-07-23,24.540274033386375,24.767579944853125,24.531531305925565,24.73261070251465,45307600
2019-07-24,24.68015432127757,24.986143112182617,24.662668866367625,24.986143112182617,36374200
2019-07-25,24.97739921985497,25.012370128043923,24.758836046188048,24.811290740966797,34180400
2019-07-26,24.863748444789387,25.099795417782165,24.81129207967564,25.082311630249023,33642800
2019-07-29,25.038601462220722,25.108541624559134,24.8637518901272,24.889978408813477,35955100
2019-07-30,24.697641078633556,24.846264118196324,24.64518637864224,24.820035934448242,30726100
2019-07-31,24.82003431315163,24.942430828475967,24.6539274961121,24.69763946533203,64485400
2019-08-01,24.68015646039561,24.846264961427817,24.103149738394166,24.138120651245117,107976300
2019-08-02,24.09440645306995,24.251772222250803,23.80590309874001,24.129377365112305,66036400
2019-08-05,23.59608352135102,23.709737322281928,23.150214380978465,23.32506561279297,85527900
2019-08-06,23.47368289103374,23.718472554412198,23.246377012536232,23.70098876953125,53445000
2019-08-07,23.25511961444972,23.491168217878478,22.940388143211372,23.38625717163086,82354600
2019-08-08,23.613569132036446,23.84087506787578,23.49991533036431,23.83213233947754,66653200
2019-08-09,23.70099378557481,23.87584334392082,23.51739983168089,23.753448486328125,53782700
2019-08-12,23.473692738639077,23.5611183697384,23.228901305062013,23.29884147644043,56837600
2019-08-13,23.255124081405746,23.75344789491722,23.16769847065702,23.587339401245117,72255900
2019-08-14,23.062785927661015,23.18518244187472,22.695599720029342,22.713085174560547,92067300
2019-08-15,22.826740264892578,22.97536330188459,22.660631772370955,22.826740264892578,59504500
2019-08-16,22.940389964326247,23.290090700404996,22.940389964326247,23.228893280029297,48451800
2019-08-19,23.58733969555001,23.631053335222216,23.421232867310184,23.46494483947754,38297700
2019-08-20,23.33380911517175,23.377521090822942,23.12398863053706,23.15021514892578,40579300
2019-08-21,23.298838930144836,23.333809845764733,23.193929518295217,23.255126953125,44913500
2019-08-22,23.377519931935225,23.473688274606502,23.228896887581847,23.412490844726562,43896700
2019-08-23,23.246376737409285,23.4212279241855,22.660627429464803,22.8179931640625,86245300
2019-08-26,22.966619906014724,23.0540455136147,22.826739600856666,23.03656005859375,34175500
2019-08-27,23.123979050238667,23.193919182807264,22.756792937377455,22.89667320251465,54240800
2019-08-28,22.774285524198213,23.14147177900989,22.75680173492523,23.106502532958984,51870400
2019-08-29,23.31632314070639,23.534886349124147,23.27261116602482,23.45620346069336,49818300
2019-08-30,23.587338195912334,23.65727834743635,23.447457892864303,23.534883499145508,40561000
2019-09-03,23.3425469216392,23.368773434497626,23.089012847310205,23.290090560913086,59997200
2019-09-04,23.46494223260562,23.56111056169566,23.412487538331355,23.517396926879883,43945700
2019-09-05,23.84961458213262,24.199315333409256,23.840871854912617,23.99823760986328,68639200
2019-09-06,24.024463564291054,24.094403712916897,23.90206872107199,23.98949432373047,35660800
2019-09-09,24.15560242660884,24.452848491044534,24.103147729209827,24.35668182373047,67797700
2019-09-10,24.43536408855624,24.54901620797767,24.21680090947257,24.44410514831543,77540100
2019-09-11,24.46158977231422,24.6102127957452,24.243026600651287,24.583986282348633,53285900
2019-09-12,24.514048302086,24.811292707730946,24.435365419928427,24.715126037597656,72872200
2019-09-13,24.907461166381836,25.003629504487172,24.793809040215837,24.907461166381836,56248700
2019-09-16,24.697641078633556,24.85500684611235,24.66267016696945,24.820035934448242,36693600
2019-09-17,24.732606062791763,24.84625816345215,24.645180472089073,24.84625816345215,40868800
2019-09-18,24.750097064018465,24.994888455865897,24.68015690456276,24.933691024780273,57268900
2019-09-19,24.916204274019695,25.064827313582462,24.811293206532216,24.820035934448242,42335000
2019-09-20,24.858701379750894,24.955358319362688,24.65659684927687,24.674171447753906,82921100
2019-09-23,24.55114787614509,24.788398205811486,24.507211388424917,24.718101501464844,35827300
2019-09-24,24.788404967019726,24.841128766664713,24.410561125600537,24.480857849121094,61659700
2019-09-25,24.533574077123575,24.726889601348145,24.436915477008448,24.682954788208008,53544400
2019-09-26,24.647807689760768,24.674169585486677,24.533576160293485,24.568723678588867,53107500
2019-09-27,24.770832123577446,24.858703447264993,24.5335800524229,24.665386199951172,73386900
2019-09-30,24.72689304125379,24.753254938408645,24.58629960843973,24.60387420654297,30608000
2019-10-01,24.718104372567822,24.735678969697247,24.085433959960938,24.085433959960938,54786200
2019-10-02,23.93604948172313,23.944836778909455,23.540631164372005,23.593353271484375,78141700
2019-10-03,23.55821155261828,23.690017700195312,23.241877133634613,23.690017700195312,81128700
2019-10-04,23.716371118689622,24.1469386073321,23.698796525029397,24.129364013671875,40697200
2019-10-07,24.03270954942655,24.22602507137089,23.979987439079125,24.00634765625,36922900
2019-10-08,23.769099278295794,23.777886577364267,23.514274309333754,23.531848907470703,60008900
2019-10-09,23.6812253603699,23.86575357944539,23.663650765408722,23.751522064208984,45131000
2019-10-10,23.813034168465645,24.173305025958552,23.813034168465645,23.997562408447266,54305400
2019-10-11,24.375403959162018,24.5950813578668,24.287532664478995,24.29631996154785,78702500
2019-10-14,24.21723919571661,24.38419451029393,24.19087897699782,24.331472396850586,35821000
2019-10-15,24.472064668325107,24.832335499292437,24.37540606820998,24.682954788208008,65130200
2019-10-16,24.68295793348213,24.744467350118555,24.559939100209277,24.621448516845703,44595200
2019-10-17,24.753258192522015,24.823554918170395,24.577515540397997,24.639026641845703,32013600
2019-10-18,24.5687270001134,24.797191765940674,24.5687270001134,24.70053482055664,40523700
2019-10-21,24.911423917980933,25.07837925430769,24.902636618594684,25.043230056762695,44145400
2019-10-22,24.999290894435205,25.139884308187625,24.893844996118045,24.972929000854492,50423000
2019-10-23,24.920208748747296,25.07837677001953,24.911421450231526,25.07837677001953,30615400
2019-10-24,25.104739476460452,25.1486759733917,24.946571439519943,25.043230056762695,33469600
2019-10-25,25.016871379443923,25.245336164882534,24.805981195040488,25.16625213623047,28330200
2019-10-28,25.262904548035902,25.41228526805582,25.254117249681105,25.298053741455078,50104600
2019-10-29,25.245330621873936,25.482582655737723,25.218970402115183,25.35956382751465,48458100
2019-10-30,25.35956220591588,25.412284318067943,25.166245001348766,25.34198760986328,51106700
2019-10-31,25.254116861966555,25.262904160186444,25.0168648380469,25.218969345092773,56795500
2019-11-01,25.412289127027208,25.61439199186034,25.35956700489814,25.588031768798828,42302300
2019-11-04,25.80770492553711,25.851639740643986,25.737408215762645,25.80770492553711,37319100
2019-11-05,25.886794752714493,26.027389888976685,25.842859924886852,25.904369354248047,39516100
2019-11-06,25.886790224579716,26.036170959472656,25.851642703666883,26.036170959472656,40179900
2019-11-07,26.19434108043233,26.387658326874856,26.132831656930108,26.229490280151367,61738600
2019-11-08,26.203122806832784,26.22948470101476,26.044954793752385,26.2206974029541,53808800
2019-11-11,26.062530759871915,26.2031241842214,26.027383241787454,26.150402069091797,19702400
2019-11-12,26.15919237445406,26.26463661683344,26.08889565419914,26.1855525970459,44640600
2019-11-13,25.983451263669906,26.106470112348163,25.87800701509029,26.018600463867188,43495400
2019-11-14,25.948295050547504,26.071313858032227,25.895571267906433,26.071313858032227,46158400
2019-11-15,26.159191419712872,26.18555164134263,26.06253280438788,26.141616821289062,30097000
2019-11-18,26.141617631298175,26.203127051681445,26.06253361194654,26.194339752197266,25440500
2019-11-19,26.25584830629377,26.334932323036107,26.17676596555739,26.24706268310547,30770900
2019-11-20,26.14161520097219,26.194337316969822,25.939512359643054,26.124040603637695,46719500
2019-11-21,26.176763146408845,26.220697961642536,26.00980783171045,26.097679138183594,37192700
2019-11-22,26.132828523753624,26.317358448142308,26.132828523753624,26.290996551513672,35195000
2019-11-25,26.326144689157466,26.493100019713882,26.317359066080854,26.45795249938965,50094100
2019-11-26,26.45795675011573,26.45795675011573,26.29978869323063,26.431594848632812,33516200
2019-11-27,26.501889603739926,26.54582442693468,26.414018281344347,26.537038803100586,31012300
2019-11-29,26.48431382054763,26.57218513901648,26.440378999316206,26.493101119995117,19444200
2019-12-02,26.537037001957138,26.58975912141366,26.29978495039386,26.32614517211914,52427800
2019-12-03,26.018595976841905,26.027383275375815,25.790131242977697,25.95708656311035,66912000
2019-12-04,25.983447558114012,26.273421714363284,25.965872960521722,26.203125,41793900
2019-12-05,26.30857224963761,26.370081668337875,26.211913633962357,26.32614517211914,44933500
2019-12-06,26.616118151403597,26.765497194434637,26.607330853106635,26.677627563476562,40811300
2019-12-09,26.624903099485703,26.73034900037333,26.607330179342547,26.616117477416992,21627500
2019-12-10,26.545818719667125,26.67762651292527,26.475522012065447,26.624902725219727,37362100
2019-12-11,26.61611833665754,26.66005315244237,26.537034327440207,26.56339454650879,24490200
2019-12-12,26.59854321757711,27.1609168934064,26.580968621206004,27.081832885742188,68427500
2019-12-13,27.055474476611625,27.213640826512172,26.827009736525234,26.98517608642578,48135700
2019-12-16,27.204851708328405,27.25757549744172,27.05547266719129,27.081832885742188,45914900
2019-12-17,27.09940554065548,27.275148139764443,27.090618243099467,27.18727684020996,30911900
2019-12-18,27.275156002676646,27.275156002676646,27.07305145263672,27.07305145263672,39079700
2019-12-19,27.08183508058352,27.143344496861648,27.03790026210083,27.064260482788086,36946900
2019-12-20,27.20203892095152,27.27269350186809,27.060729759118374,27.096057891845703,97416000
2019-12-23,27.16671021088309,27.175542243329573,26.998904963475784,27.03423309326172,38293100
2019-12-24,27.08722585866387,27.104889925027535,27.02540331092913,27.096057891845703,12315900
2019-12-26,27.122553774823665,27.246200561523438,27.122553774823665,27.246200561523438,15891300
2019-12-27,27.29035397122698,27.29918600324471,27.157876860036815,27.175540924072266,19417400
2019-12-30,27.299189601413588,27.34334808278466,27.069561792300206,27.096057891845703,18819300
2019-12-31,27.078394952234163,27.193209703837425,27.04306850257496,27.184377670288086,15788100
2020-01-02,27.281518436458715,27.449323654174805,27.202031843042548,27.449323654174805,28843300
2020-01-03,27.096052525544206,27.272688100584386,27.016565927187912,27.157875061035156,51363600
2020-01-06,26.91058901443651,27.157880894051843,26.901756981106878,27.140216827392578,27956100
2020-01-07,27.078390317923322,27.122548793574396,26.963577270507812,26.963577270507812,39627500
2020-01-08,26.99007562986508,27.29035802492008,26.99007562986508,27.140216827392578,47966600
2020-01-09,27.334513826470573,27.361008237690413,27.228531127977682,27.30801773071289,27705300
2020-01-10,27.325686606613633,27.334518640088184,27.06956268946605,27.104890823364258,33458200
2020-01-13,27.166708696740912,27.3168498708871,27.096054125644933,27.290353775024414,27542700
2020-01-14,27.290358145679036,27.449331377239623,27.20203949653003,27.237367630004883,37575400
2020-01-15,27.10488902610499,27.193207670456175,26.99890631597596,27.08722496032715,41457300
2020-01-16,27.219702788229892,27.325685501098633,27.157880240947325,27.325685501098633,34444000
2020-01-17,27.405170440673828,27.466992984180198,27.299187734278643,27.405170440673828,38819400
2020-01-21,27.27268990719153,27.396336670901835,27.175540924072266,27.175540924072266,41276500
2020-01-22,27.263854079192527,27.32567660635132,27.21969392798087,27.255022048950195,27391000
2020-01-23,27.113723086431524,27.246200220595306,26.928253750971702,27.184377670288086,43072300
2020-01-24,27.193207976769887,27.193207976769887,26.672129822220125,26.839933395385742,58924900
2020-01-27,26.310018359117862,26.54847645243911,26.27469023593686,26.42483139038086,50289300
2020-01-28,26.56614442054485,26.848762709400983,26.52198594461278,26.733949661254883,34257900
2020-01-29,26.822273362292147,26.919422364594137,26.645636056135114,26.689794540405273,41167500
2020-01-30,26.45133341495627,27.043066134643784,26.433669349404283,27.025402069091797,51210000
2020-01-31,26.79577168404711,26.831098127203166,26.363012227023912,26.460161209106445,58958800
2020-02-03,26.645631790161133,26.91058602243923,26.627967725465812,26.645631790161133,40168200
2020-02-04,27.00773516957682,27.157876341938152,26.892922124612426,26.901752471923828,79273300
2020-02-05,27.26386463974623,27.46699636038957,27.20204040410253,27.440500259399414,51086900
2020-02-06,27.59063807119294,27.61713416892623,27.35217824520725,27.405170440673828,37044400
2020-02-07,27.255027223735368,27.3875043334481,27.193204684838616,27.30801773071289,27982500
2020-02-10,27.21970123441308,27.38750648498535,27.210869201800016,27.38750648498535,17723700
2020-02-11,27.45815928412479,27.608300459753053,27.45815928412479,27.484655380249023,27997400
2020-02-12,27.62596802298935,27.714284985514112,27.466994795183844,27.502321243286133,26964200
2020-02-13,27.414005286834502,27.555314453505762,27.334518670014653,27.49349021911621,22758700
2020-02-14,27.466991775011117,27.546478380173806,27.396337202037383,27.5288143157959,22080200
2020-02-18,27.44932698112483,27.519981552220813,27.131380568923998,27.290353775024414,37768900
2020-02-19,27.387509186381838,27.56414480245184,27.35218105244495,27.49349021911621,25643300
2020-02-20,27.396341775620662,27.62596959725416,27.255032606082843,27.440500259399414,50344300
2020-02-21,27.308018035262435,27.369840574848656,27.025399748846645,27.175540924072266,51128200
2020-02-24,26.318854719688687,26.548482519226237,26.16871353093483,26.292360305786133,70455400
2020-02-25,26.30118999348434,26.354180501102622,25.27669786199556,25.40034294128418,111826900
2020-02-26,25.568146885219363,25.80660499968841,25.214872360229492,25.214872360229492,95015700
2020-02-27,24.676138129062725,25.073569543029368,24.119731791155942,24.13739585876465,143536200
2020-02-28,23.316029984986027,23.713462993833435,22.936261039762467,23.483835220336914,192063500
2020-03-02,23.52799784499022,24.684968948364258,23.280707648787864,24.684968948364258,127115500
2020-03-03,24.60548027517437,24.949921125105977,23.519163845053633,23.75762367248535,256525000
2020-03-04,24.07557530171245,24.552493374900227,23.669310135737796,24.543663024902344,124408000
2020-03-05,23.73112827769987,23.79295081902439,23.09523543084673,23.360191345214844,130265700
2020-03-06,22.30037055940484,22.82144865971436,22.106070907499106,22.565324783325195,160606600
2020-03-09,20.313211989388083,21.090412402567893,19.889284491290006,20.14540672302246,134165700
2020-03-10,21.0815805921708,21.34653483897948,20.17190142492843,21.32887077331543,149282300
2020-03-11,20.6753157894768,20.88727952675204,19.889283386513878,20.17190170288086,146915400
2020-03-12,18.493852502060466,19.61549363244181,17.928614236257154,17.99043846130371,161437500
2020-03-13,19.34171193097711,20.392700420857093,18.458528722397897,20.357372283935547,160945700
2020-03-16,17.089587593938706,18.847121171716278,16.71865074888521,17.566505432128906,110661600
2020-03-17,17.972771356194844,18.714645085857182,17.257393718498165,18.520343780517578,122295100
2020-03-18,17.35455147245446,17.707824454821317,16.14459129728067,16.948287963867188,145056400
2020-03-19,16.5950079535973,17.566507822546196,15.994443295640552,17.319217681884766,105652800
2020-03-20,17.504689084805623,17.593007733289085,16.48902883859107,16.700992584228516,157840900
2020-03-23,16.423994867676402,16.566502275302124,15.57785564842916,15.729269981384277,144547900
2020-03-24,16.66447461902041,17.77781477364729,16.54868799042101,17.679841995239258,158551100
2020-03-25,17.938131057262773,18.908963538995994,17.270127149583313,18.160799026489258,162949600
2020-03-26,18.401282479029604,19.434461812307052,18.374561708767935,19.300861358642578,129753900
2020-03-27,18.51706930686152,19.30085981827631,18.30330655947205,18.713016510009766,109305600
2020-03-30,18.73974242448149,19.176171564179516,18.347846211739935,19.069290161132812,67297200
2020-03-31,18.891148468402896,19.104911199958188,18.383465803307846,18.543787002563477,83819900
2020-04-01,17.56405202539461,17.760000961531905,17.252318170307273,17.41263771057129,79185000
2020-04-02,17.305755375301334,17.99157314944612,17.243408613801233,17.84906578063965,68398300
2020-04-03,17.679841786063065,17.93813581549296,17.24341265447154,17.492799758911133,68418100
2020-04-06,18.365660100259035,18.90006202013751,18.232057921467145,18.748647689819336,69015100
2020-04-07,19.77291823120012,19.790730379331176,18.926779187973693,18.935686111450195,70950900
2020-04-08,19.220700940672653,19.88870491455908,19.006939872887628,19.76401138305664,80003400
2020-04-09,20.28060473214512,21.073302381264234,20.244977031643366,20.82391357421875,147845500
2020-04-13,20.761564210494793,20.779378058526255,19.888706042817763,20.06684112548828,66236300
2020-04-14,20.54780672304212,20.61015350323054,19.781828111990528,20.15591049194336,96169000
2020-04-15,19.35429849364115,19.470086783093432,19.185072068782738,19.283044815063477,63482000
2020-04-16,19.238515115125004,19.274141110951202,18.75755143030644,18.94459342956543,68907600
2020-04-17,19.68385229474997,20.057934617050993,19.523531056789228,19.94214630126953,88698600
2020-04-20,19.550252765994877,19.91542818159029,19.372117671099577,19.594785690307617,59063100
2020-04-21,18.99803406310427,19.336488682233057,18.891152673535046,18.9624080657959,71957900
2020-04-22,19.3543033471182,19.407744893569262,19.122728408963308,19.16726303100586,47507800
2020-04-23,19.220703361856863,19.470092155098584,19.06038211611734,19.08710289001465,71740200
2020-04-24,19.29195507982862,19.443369385393453,18.998033392417128,19.363208770751953,33825300
2020-04-27,19.559156587835773,20.129187831290366,19.523530590707264,20.022306442260742,109435100
2020-04-28,20.627962965963704,20.7793772708474,20.191533898668798,20.236066818237305,46452300
2020-04-29,20.859541274720502,21.073302381264234,20.645780168176774,20.82391357421875,70064400
2020-04-30,20.405297746075295,20.62796577184986,20.20044357008003,20.298418045043945,56745700
2020-05-01,19.817448185351406,19.870888019394638,19.51461962773693,19.64822006225586,37534300
2020-05-04,19.389930248526106,19.49680993939508,19.09600855040334,19.470090866088867,50177200
2020-05-05,19.737293078275027,19.844174474931044,19.407745361328125,19.407745361328125,65123000
2020-05-06,19.58587846300125,19.639318311115115,18.9713142638143,18.98912811279297,63738400
2020-05-07,19.23852004139991,19.75510985432426,19.23852004139991,19.434467315673828,61339000
2020-05-08,19.80854803092404,19.879801733599866,19.603693848083832,19.85308265686035,42218300
2020-05-11,19.576970556957843,19.639317326435087,19.363209476397834,19.470090866088867,54994900
2020-05-12,19.55025146137151,19.621505154810308,18.944594217730685,18.9624080657959,62202700
2020-05-13,18.802084392183566,18.82880346199381,18.258773988417428,18.401281356811523,86848300
2020-05-14,18.080645007023367,18.89115657430785,17.893604660183442,18.87334442138672,103763100
2020-05-15,18.695207837595945,18.908968945311788,18.525979656929216,18.748647689819336,70285000
2020-05-18,19.443366596435553,19.86198175821119,19.30976615747071,19.710567474365234,79548500
2020-05-19,19.594783918338976,19.692758381553716,19.220701611945078,19.2296085357666,56673200
2020-05-20,19.55025150408766,19.772919508923184,19.532437655983525,19.65713119506836,50402600
2020-05-21,19.594785690307617,19.78182601100773,19.487904293606004,19.594785690307617,49939900
2020-05-22,19.585875816914417,19.612596586772398,19.327581836908262,19.523529052734375,37584500
2020-05-26,20.2627849432936,20.752653789866496,20.244971098263587,20.53889274597168,108349200
2020-05-27,21.45628810797951,21.465195031627303,20.966419199104795,21.429567337036133,121521200
2020-05-28,21.670048567020228,21.678955490416456,21.028765371889154,21.09111213684082,101590100
2020-05-29,20.841724789867673,21.03767372021289,20.63687063434499,20.850631713867188,86969000
2020-06-01,20.93079091335257,21.189086595377404,20.788283536656774,21.09111213684082,52619200
2020-06-02,21.2781518844509,21.411754033136333,21.108925440740624,21.260339736938477,52572800
2020-06-03,21.732397078042997,22.15101401718951,21.678957232193977,22.05303955078125,77622900
2020-06-04,22.017410716688147,22.534000396728516,21.839277340121594,22.534000396728516,97575100
2020-06-05,23.852196680038983,23.896729600339274,23.291072370852064,23.371232986450195,135859300
2020-06-08,23.754227315348498,23.87001395227465,23.48702633855129,23.816574096679688,80298400
2020-06-09,23.255449537644306,23.51374356839945,23.086221359604718,23.308889389038086,92833100
2020-06-10,23.175291108768313,23.299984673452105,22.41821939714014,22.436033248901367,110848900
2020-06-11,21.376127432333444,21.696769887441476,20.565616069763227,20.601242065429688,233116600
2020-06-12,21.429564585608784,21.429564585608784,20.681400083473854,21.22471046447754,127502900
2020-06-15,20.49436236389308,21.589888486242838,20.449827745816684,21.518634796142578,92469500
2020-06-16,22.373683553084238,22.373683553084238,21.33159714426531,21.857093811035156,108121300
2020-06-17,21.919436324331087,21.919436324331087,21.4919125149518,21.52754020690918,56320900
2020-06-18,21.31378175807704,21.705677923423643,21.25143498834914,21.500822067260742,61206500
2020-06-19,21.910535824324093,21.919442749924468,21.117836434114402,21.358318328857422,99903900
2020-06-22,21.225652982591946,21.404922672244712,21.091200287937678,21.25254249572754,47929500
2020-06-23,21.575235142283766,21.70968786692337,21.333219212136992,21.351146697998047,47218900
2020-06-24,21.073275546958783,21.0822392890561,20.535462988732647,20.598207473754883,90217500
2020-06-25,20.526496926735312,21.189798380039733,20.49064367205716,21.144981384277344,110208900
2020-06-26,20.78644423476902,20.8491887246097,20.18588714540106,20.239667892456055,123959100
2020-06-29,20.4547870988542,20.59820352560403,20.28447945096678,20.4637508392334,69107100
2020-06-30,20.356192453462018,20.885041292644168,20.33826667814496,20.74162483215332,60653100
2020-07-01,20.83125854430371,20.929857992532295,20.499608652431235,20.562353134155273,60500300
2020-07-02,21.01949399091308,21.09120221525866,20.544425936086775,20.589242935180664,50841900
2020-07-06,21.04638515829578,21.207729103150875,20.867115438191608,20.983640670776367,60271700
2020-07-07,20.813332185495383,20.822295927605786,20.499609759926265,20.553390502929688,43810900
2020-07-08,20.544428102114082,20.822297287041977,20.472719870208202,20.768516540527344,53046100
2020-07-09,20.759553139981534,20.8043701445392,20.158996046749515,20.329303741455078,71163700
2020-07-10,20.32033355603118,21.05534313955986,20.32033355603118,21.028451919555664,94440600
2020-07-13,21.29736107415229,21.431813768009636,20.992600722924298,21.11808967590332,102487100
2020-07-14,21.02845759545884,21.288400996686303,20.84022413359817,21.225656509399414,102468300
2020-07-15,21.736572107454418,21.74553584750312,21.413884304335475,21.646936416625977,90561800
2020-07-16,21.458703004578997,21.871024788867775,21.378031053799262,21.646936416625977,74678500
2020-07-17,21.691762706013133,21.709688482723504,21.458710512186308,21.467674255371094,47033200
2020-07-20,21.351146382201957,21.494562847650872,21.28840189227545,21.36907386779785,40127600
2020-07-21,21.51249030928,21.897922700866726,21.485599080916117,21.790359497070312,46491300
2020-07-22,21.682798002933023,21.808286982646237,21.611089770288455,21.790359497070312,44437400
2020-07-23,21.745534570477982,21.933767971470797,21.673826363958074,21.808279037475586,49916100
2020-07-24,21.826219127468743,21.94274438926866,21.682802631564464,21.7545108795166,41245600
2020-07-27,21.655903515415645,21.673830998293532,21.386998110882814,21.575231552124023,43060200
2020-07-28,21.494564534266587,21.62005523362562,21.422856295915395,21.521455764770508,35370500
2020-07-29,21.485597307150222,21.95170163568975,21.449744048617404,21.9248104095459,36491600
2020-07-30,21.512489004159164,21.575233490209182,21.25254560805591,21.53041648864746,53994600
2020-07-31,21.521451636309465,21.56626863555949,21.252544511832507,21.539379119873047,50115900
2020-08-03,21.629014685481376,21.77243285472233,21.476634483468228,21.60212516784668,42982100
2020-08-04,21.512483596801758,21.548338556765884,21.395958396235528,21.512483596801758,30754400
2020-08-05,21.655898884913473,21.86205976495089,21.62900766634657,21.808279037475586,34860700
2020-08-06,21.73657573977992,21.888955926754424,21.64694003397276,21.799320220947266,33115400
2020-08-07,21.69175708319473,22.283350302767428,21.646938378888464,22.265422821044922,63302800
2020-08-10,22.390916193418178,22.507443137956404,22.292318443800173,22.42677116394043,45436100
2020-08-11,22.848054287890488,23.054215216662243,22.632929617477494,22.686710357666016,73758600
2020-08-12,23.090070531461535,23.09903427323796,22.462622284383222,22.623966217041016,58793600
2020-08-13,22.453657634400997,22.641892784774328,22.346096156752406,22.480548858642578,35222500
2020-08-14,22.372987705275584,22.677748102417297,22.346098188248327,22.570186614990234,28276900
2020-08-17,22.48951654378398,22.507444029755437,22.184756120905874,22.1937198638916,53397000
2020-08-18,22.21164645340614,22.26542719949077,22.032375020245258,22.050302505493164,35502500
2020-08-19,22.130969850051958,22.35505823979829,21.978589676638105,22.04133415222168,59847200
2020-08-20,21.790355854099978,21.96066351928051,21.77243008118006,21.835174560546875,45586100
2020-08-21,21.799323239858275,21.987558419087218,21.718651264425745,21.790359497070312,35349200
2020-08-24,21.91584732597966,22.31024169921875,21.862064876271592,22.31024169921875,51010900
2020-08-25,22.498478428971094,22.561222915030942,22.22957129058159,22.372987747192383,55236900
2020-08-26,22.31920355655369,22.37298429206245,22.18475086295239,22.265422821044922,30646600
2020-08-27,22.247495428313204,22.74945295093997,22.247495428313204,22.641891479492188,66463900
2020-08-28,22.803239373212516,22.812203115672904,22.543295970838457,22.731531143188477,49170600
2020-08-31,22.713605180271472,22.713605180271472,22.46262550354004,22.46262550354004,52259000
2020-09-01,22.346096130378747,22.606037792438435,22.274387908811363,22.525365829467773,42036100
2020-09-02,22.51640498475312,22.92872685308782,22.453658791622274,22.848054885864258,48432500
2020-09-03,22.98250803882747,23.31415965600682,22.355061482323997,22.498477935791016,98405500
2020-09-04,22.901835544506607,23.0273262206548,22.310242260115945,22.668785095214844,111105500
2020-09-08,22.444695852302587,22.498476591725098,22.005481066432303,22.086153030395508,84687600
2020-09-09,22.29231592564163,22.471585629025153,22.14889776941235,22.31024169921875,52321200
2020-09-10,22.381951657594126,22.534331857595312,21.951702284529265,21.99652099609375,55515300
2020-09-11,22.032377644394547,22.265429851397563,21.96066940452126,22.148902893066406,69285700
2020-09-14,22.346099471362567,22.65085988600364,22.283354981817485,22.45366096496582,51021000
2020-09-15,22.498482058400576,22.516409545783723,22.130977115342557,22.148902893066406,48459900
2020-09-16,22.193718508462936,22.65085911486132,22.148899796271493,22.399879455566406,62119900
2020-09-17,22.09511421930634,22.301275121324352,22.032369745619004,22.16682243347168,47334200
2020-09-18,22.16682818906039,22.346099625850677,22.077192470665246,22.122011184692383,61707200
2020-09-21,21.657849132023223,21.78402830692713,21.23424466931041,21.567720413208008,72307300
2020-09-22,21.513643507811413,21.720938354257303,21.20720690042953,21.387462615966797,84561500
2020-09-23,21.432528838988897,21.585747149863312,20.9097843170166,20.9097843170166,54282500
2020-09-24,20.918793256343243,21.252268972237385,20.675447970757983,20.954845428466797,56512300
2020-09-25,20.80162971478307,21.243258563692173,20.756566213102253,21.17115592956543,46026600
2020-09-28,21.468577959476363,21.82909110406905,21.468577959476363,21.675872802734375,62803500
2020-09-29,21.612785742724142,21.64883792092717,21.28832473420924,21.40549087524414,53250800
2020-09-30,21.495617352481187,21.874156588691932,21.486604308873517,21.693899154663086,66732200
2020-10-01,21.78402840242176,21.928233665533327,21.558707463927146,21.729951858520508,65766100
2020-10-02,21.441542303547706,22.02737642635811,21.3874640381345,21.901195526123047,63368100
2020-10-05,22.10849280189938,22.333813757698778,22.05441453478255,22.26171112060547,58911700
2020-10-06,22.450978097482512,22.60419640389861,21.95527272211049,22.036388397216797,88404900
2020-10-07,22.24368485207281,22.514069309225253,22.24368485207281,22.405916213989258,53815200
2020-10-08,22.532093410428562,22.766427388184496,22.47801686758098,22.712350845336914,57646300
2020-10-09,22.838531185729128,22.86557031806618,22.559133694495827,22.739389419555664,52031600
2020-10-12,22.721356996964715,23.063845701503862,22.721356996964715,22.991743087768555,45931400
2020-10-13,22.919647531433473,22.99175016737057,22.47801867143595,22.550121307373047,60377800
2020-10-14,22.568148630348304,22.649262596033928,22.306775486368117,22.33381462097168,48982200
2020-10-15,22.12651523254936,22.514067517606456,22.09046477669366,22.505054473876953,41637200
2020-10-16,22.550119957311676,22.667286089046378,22.414927737906297,22.523080825805664,40103600
2020-10-19,22.604198175205756,22.61321121970855,22.144543219938043,22.18059539794922,42989000
2020-10-20,22.324793211545607,22.622216704497315,22.31578017005472,22.360843658447266,67293900
2020-10-21,22.324800449330862,22.469005721813172,22.243684768676758,22.243684768676758,44307200
2020-10-22,22.234666652931455,22.712347583492605,22.22565361057422,22.6853084564209,39511800
2020-10-23,22.829516492764572,22.901619121393406,22.577156433032535,22.757413864135742,45092700
2020-10-26,22.43295354416137,22.469005721813172,22.036389904366246,22.243684768676758,54015100
2020-10-27,22.234669568454624,22.234669568454624,21.820078160968734,21.838104248046875,46083300
2020-10-28,21.3784502715567,21.567720755982954,21.153129330468808,21.27931022644043,89288300
2020-10-29,21.225232054598703,21.5947582620551,20.95484761174946,21.44154167175293,60908400
2020-10-30,21.315358668593483,21.540679588386354,21.15312733129266,21.504629135131836,66221600
2020-11-02,21.865148054839796,22.009353344180752,21.59476184802852,21.91021156311035,65136000
2020-11-03,22.315784506881922,22.6222211008771,22.288745377154505,22.396900177001953,79834200
2020-11-04,22.000334449175632,22.532091956883047,21.80205265881745,22.135526657104492,87397400
2020-11-05,22.324799920363798,22.8385314062924,22.324799920363798,22.676300048828125,65942300
2020-11-06,22.78445643607737,22.811493851483228,22.423941519415724,22.496044158935547,60783500
2020-11-09,24.31663457534506,24.73122598424793,24.02822405735817,24.343673706054688,162966800
2020-11-10,24.370714307730445,24.559983076934856,24.14539336207049,24.4698543548584,85851200
2020-11-11,24.605050308555445,24.623076399515963,24.226510993697854,24.370718002319336,65062400
2020-11-12,24.07329057998849,24.127368848200515,23.74882956602887,23.965137481689453,62733800
2020-11-13,24.190455666419055,24.460840100205022,24.127366079806485,24.3617000579834,45031800
2020-11-16,24.97456844160199,24.992594526689885,24.659120547874284,24.9024658203125,67556100
2020-11-17,24.62307370173248,24.911484249250947,24.451829294494964,24.86642074584961,63679700
2020-11-18,24.983585926576016,25.181869459676257,24.623072756024307,24.6320858001709,71578400
2020-11-19,24.505908555620042,24.740242564751,24.35269023115221,24.71320343017578,47194800
2020-11-20,24.58702164910017,24.68616169396937,24.442816384688278,24.49689292907715,39974700
2020-11-23,24.812343421549013,25.028651325419343,24.68616252166118,24.9565486907959,51870500
2020-11-24,25.389160778791318,25.85782869471075,25.32607119762181,25.83078956604004,60983200
2020-11-25,25.68658698454921,25.75868961609422,25.434226914610495,25.740663528442383,45204600
2020-11-27,25.740663481007587,25.767702612435514,25.560407762008396,25.659547805786133,26981200
2020-11-30,25.506327762608464,25.578430389111656,25.082725046785008,25.127788543701172,72524200
2020-12-01,25.596454561337914,25.749672846081932,25.49731453172385,25.515338897705078,53972100
2020-12-02,25.479291032851766,25.839804175000072,25.43422581566931,25.794740676879883,57471800
2020-12-03,25.81276594292005,25.95697120479741,25.650534593542435,25.803752899169922,49566000
2020-12-04,25.974996403214806,26.164266877364366,25.95697031633156,26.11920166015625,52713100
2020-12-07,25.96598127200373,26.01104648558842,25.78572557485134,25.93894386291504,34631600
2020-12-08,25.695595789645076,25.99301931058824,25.695595789645076,25.929929733276367,31628500
2020-12-09,26.07414287135417,26.09216896149317,25.767706215241418,25.86684799194336,47589600
2020-12-10,25.66855828732318,25.938944417425134,25.58744262019881,25.91190528869629,41298300
2020-12-11,25.623494359588246,25.71362306810183,25.443236942561082,25.650531768798828,48216300
2020-12-14,25.993027537914518,25.993027537914518,25.335090710465813,25.35311508178711,38302900
2020-12-15,25.551396364980658,25.85783299799762,25.407191092862377,25.785730361938477,38604200
2020-12-16,25.83078956604004,25.848815651820516,25.70461040370102,25.83078956604004,55602800
2020-12-17,25.875855842178407,25.947960193049006,25.758689710138366,25.902894973754883,38510900
2020-12-18,25.938941493397397,25.938941493397397,25.524350161601706,25.677568435668945,56080100
2020-12-21,25.97840694286531,26.150569872058735,25.579714480416442,26.023712158203125,77688100
2020-12-22,26.04183328174417,26.078078834339028,25.75187577411761,25.76999855041504,42317900
2020-12-23,25.924040418418592,26.340853931312754,25.914979029666565,26.19587516784668,52681400
2020-12-24,26.250235836993884,26.259297223697164,26.01464496755695,26.232114791870117,16071000
2020-12-28,26.413341056371173,26.56738119542856,26.268362305291642,26.35897445678711,32824800
2020-12-29,26.46770739397857,26.47676878186673,26.241177881623603,26.268362045288086,23607000
2020-12-30,26.35897192083511,26.4677051095422,26.29554393937549,26.38615608215332,16616700
2020-12-31,26.34991537993994,26.748607844519185,26.277425998042187,26.71236228942871,26239300
2021-01-04,26.812038875542775,26.821100265342082,26.123388805346035,26.349918365478516,47086300
2021-01-05,26.340852608057187,26.58550490722206,26.20493524017107,26.467708587646484,35265400
2021-01-06,26.97513473340545,27.854068618749896,26.97513473340545,27.636600494384766,102254900
2021-01-07,28.04435878312879,28.32525493922442,27.980929057819054,28.035297393798828,64342700
2021-01-08,28.17120625312856,28.180267639716725,27.64565792899444,28.017166137695312,54266400
2021-01-11,27.745331723549715,28.153083754293867,27.627535425038467,28.107778549194336,56590400
2021-01-12,28.270891033617346,28.53366443616854,28.189340250136482,28.397747039794922,60546600
2021-01-13,28.35243716054842,28.45210897976798,28.171212842958557,28.379619598388672,55394700
2021-01-14,28.46116642493269,28.65145210486462,28.35243323207125,28.506471633911133,49828800
2021-01-15,28.0896640014953,28.26182694219798,27.826888895776296,28.035297393798828,68732700
2021-01-19,28.18026791432326,28.252757279452183,27.935615658907093,28.107778549194336,97457200
2021-01-20,28.19839873081325,28.19839873081325,27.890318409069696,27.989990234375,56113100
2021-01-21,27.97186733079515,28.026233934476153,27.690969467163086,27.690969467163086,43713800
2021-01-22,27.41007025694136,27.60035421262033,27.36476504700341,27.491621017456055,37928000
2021-01-25,27.219785105411834,27.328518295799118,26.947948672877818,27.292274475097656,68321500
2021-01-26,27.401015051076318,27.437260609830204,27.056690884331225,27.074811935424805,55504600
2021-01-27,26.703300664844296,26.730484830922094,26.223059162118794,26.27742576599121,84059200
2021-01-28,26.61269110595494,27.07480984642798,26.531140333334232,26.76673126220703,62985900
2021-01-29,26.694233415757907,26.76672450938416,26.114318493010252,26.232114791870117,78260700
2021-02-01,26.522076118645426,26.612688270601513,26.295546602896728,26.57644271850586,41947400
2021-02-02,26.884519384273805,27.355701128481098,26.875457997467958,27.219783782958984,54263000
2021-02-03,27.183543009102998,27.382888368987828,27.129176407004064,27.37382698059082,46195200
2021-02-04,27.46443946680837,27.989987902177933,27.455378078302306,27.980926513671875,63061800
2021-02-05,28.180275952291094,28.207458391791047,27.92656223783073,27.989990234375,38461900
2021-02-08,28.080597710725012,28.352434158325195,28.080597710725012,28.352434158325195,48756300
2021-02-09,28.261822254799256,28.45210621431879,28.162148716984447,28.361494064331055,33572000
2021-02-10,28.506472812998226,28.542718364306523,28.225576703490958,28.361494064331055,38899600
2021-02-11,28.379616757222443,28.488351682547226,28.080597872933048,28.270883560180664,31909500
2021-02-12,28.243700837964667,28.58802495054406,28.2165166731756,28.560842514038086,38271800
2021-02-16,28.850802813119703,29.186065569831865,28.723946821745724,29.05014991760254,71330600
2021-02-17,28.959536727786546,29.231371495397152,28.85986490141375,29.19512939453125,60460900
2021-02-18,28.98671683876542,29.177002532086348,28.787371485637692,29.022960662841797,45188200
2021-02-19,29.213250165824217,29.466962137284447,29.177004610882364,29.36728858947754,54361800
2021-02-22,29.267609962316758,29.74785484053454,29.25855030343677,29.639118194580078,65930200
2021-02-23,29.847527360359976,29.85659047654842,29.512264649274737,29.820344924926758,94331400
2021-02-24,29.865649245450342,30.48180977837786,29.84752647018001,30.400259017944336,66000600
2021-02-25,30.644917256410018,30.6630400352033,29.765981496052422,29.847532272338867,92189400
2021-02-26,29.80221703805154,29.892830901565464,29.167933819715905,29.276670455932617,103105700
2021-03-01,29.775044747211886,30.37308262380456,29.775044747211886,30.191858291625977,67590700
2021-03-02,30.155611817495267,30.32777648328809,30.055938264997636,30.0831241607666,49987000
2021-03-03,30.20091556476105,30.771767434285394,30.16467001402637,30.318708419799805,72541700
2021-03-04,30.237152045795444,30.527109484714114,29.539440878220734,29.974380493164062,101311800
2021-03-05,30.481808604803252,30.626787344818165,29.70254658101092,30.545236587524414,109299800
2021-03-08,30.771772034808087,31.33356778548879,30.64491604483712,30.934873580932617,90538200
2021-03-09,30.690222356006238,31.107039353500806,30.373082369771183,30.653980255126953,117224600
2021-03-10,30.798946808494442,31.3969844428067,30.744578493896878,31.27918815612793,73269300
2021-03-11,31.116095723365426,31.433235676055933,30.93487141187103,31.188583374023438,50904800
2021-03-12,31.55103107300092,31.668827390507403,31.406052319364537,31.505725860595703,68126000
2021-03-15,31.62352358191372,31.632583242170476,31.03454542480191,31.32450294494629,57836400
2021-03-16,31.161400175722758,31.197645728449288,30.75364634896469,30.99829864501953,67373600
2021-03-17,31.22482405266317,31.387925561887297,30.880501716803977,31.206701278686523,64051100
2021-03-18,31.52384049052818,31.976899410633848,31.26106548729123,31.36979866027832,96690500
2021-03-19,31.125153314935666,31.152339206621132,30.681157410676523,31.007360458374023,98510500
2021-03-22,30.78074095885296,30.844450080468143,30.498598083209476,30.607816696166992,68170600
2021-03-23,30.425788469445223,30.63511893179249,30.07083666494826,30.180051803588867,70441900
2021-03-24,30.398479452868813,30.762530999247588,30.289260864257812,30.289260864257812,63357100
2021-03-25,30.271057420602702,30.84444285266421,30.034424091752037,30.79893684387207,60532600
2021-03-26,31.117486603744844,31.335920336255516,30.899056343120563,31.28131103515625,53779900
2021-03-29,30.844451530466838,31.208506646999336,30.68973036266701,31.008275985717773,71777800
2021-03-30,31.172098153457558,31.372328800045537,31.135691950098536,31.226707458496094,55011400
2021-03-31,31.162999989539752,31.290418236160153,30.971869147722323,30.99007225036621,51138300
2021-04-01,30.94456548972876,31.372329711914062,30.94456548972876,31.372329711914062,51690100
2021-04-05,31.709082653716187,31.772791784003065,31.51795526285555,31.618070602416992,51790700
2021-04-06,31.545253898850312,31.69997853130624,31.445138572888254,31.554353713989258,41336800
2021-04-07,31.645368714477613,31.781886770680597,31.49064408451688,31.709077835083008,38660800
2021-04-08,31.59075005518336,31.754574451629644,31.37231984117875,31.718168258666992,39927400
2021-04-09,31.93660164856215,32.00941056192699,31.754574157321606,31.9912109375,40133700
2021-04-12,32.05493382266041,32.136846055347625,31.98212140609973,32.127742767333984,44435500
2021-04-13,31.945707518765097,31.98211371829418,31.654464866304995,31.827392578125,39950900
2021-04-14,31.745484580966327,32.24605773936595,31.69997856145486,32.018524169921875,44065300
2021-04-15,32.091322759390955,32.12772895201619,31.69086505617026,31.9912109375,55483500
2021-04-16,32.27336346881164,32.33707259605629,32.07313627113718,32.21875762939453,39115700
2021-04-19,32.20965500002119,32.30067052072205,32.01852761438007,32.127742767333984,31172300
2021-04-20,31.936605330806255,31.95480842921766,31.41782917768223,31.52704429626465,50227700
2021-04-21,31.417837567933823,31.991223169416852,31.32682205157075,31.963916778564453,39680000
2021-04-22,31.927512092667627,31.973018112124603,31.5543537062149,31.608963012695312,43611200
2021-04-23,31.608961440175836,32.337068130924976,31.554352136412188,32.2005500793457,50437700
2021-04-26,32.31886531076238,32.62831109100797,32.29156239458637,32.32796859741211,43749700
2021-04-27,32.37347517152824,32.628311651916086,32.30066623651171,32.58280563354492,50852400
2021-04-28,32.71022415161133,32.80123966101348,32.61011229909898,32.71022415161133,35771700
2021-04-29,32.965049164923734,33.32000081099664,32.93774278853613,33.29269790649414,48573000
2021-04-30,33.11066813914471,33.22898303168315,32.94684377975392,33.00144958496094,43940900
2021-05-03,33.28360542888568,33.3473145413307,33.03786879293224,33.165287017822266,33317300
2021-05-04,33.01966863985908,33.429229736328125,32.80123836966662,33.429229736328125,66939700
2021-05-05,33.529331067943254,33.82967343212306,33.529331067943254,33.70225524902344,38954200
2021-05-06,33.838780118771965,34.21193489476526,33.6385495412537,34.20283508300781,43332900
2021-05-07,33.81148283022132,34.39396809228453,33.72957062325081,34.384864807128906,64616700
2021-05-10,34.56689728764333,34.821733758451,34.33026391787713,34.357566833496094,56341100
2021-05-11,34.01171998607251,34.32116580666563,33.620361934384526,33.74778366088867,82723700
2021-05-12,34.0117123497403,34.13913057574938,33.2654026214989,33.40192413330078,97911900
2021-05-13,33.274506285504394,34.14823424968604,33.25630318559815,33.93890380859375,66882600
2021-05-14,34.13003907849082,34.566903162069046,34.09363287022085,34.47589111328125,44850200
2021-05-17,34.366665027125485,34.57599894328574,34.23014698358322,34.53959274291992,40376700
2021-05-18,34.51229142948318,34.630609862119904,34.039024642710025,34.05722427368164,40299200
2021-05-19,33.66586488781529,33.86609204678227,33.30180982660673,33.8478889465332,63573900
2021-05-20,33.90249888306563,34.10272951767398,33.62945931798199,33.866092681884766,59216100
2021-05-21,34.00260450548955,34.38485909324029,33.98440141008921,34.20283508300781,44950300
2021-05-24,34.348465258252546,34.448577101019275,34.17553754316584,34.36666488647461,29159600
2021-05-25,34.41217478022824,34.676111055210065,33.97531078811174,34.020816802978516,38755900
2021-05-26,34.14823644838901,34.27565468405045,33.875196875987825,34.120933532714844,38601900
2021-05-27,34.43037839504027,34.60330264287254,34.230147760370805,34.51228713989258,39789500
2021-05-28,34.667012245995046,34.667012245995046,34.321160273585775,34.57600021362305,39265000
2021-06-01,34.921834460120685,35.02194973799778,34.6943010001764,34.785316467285156,35710700
2021-06-02,34.8945522447718,34.930958453200404,34.64881554570946,34.839942932128906,37537500
2021-06-03,34.730720948288436,35.13117874658416,34.62150581636896,34.92184829711914,54877500
2021-06-04,34.96735748222292,35.040169891359966,34.70342117881804,35.01286697387695,27250900
2021-06-07,35.06745573560962,35.06745573560962,34.72160737625156,34.785316467285156,37401800
2021-06-08,34.594190129290986,34.803523994365854,34.33935373269272,34.694305419921875,47747700
2021-06-09,34.557795701669725,34.603301715997574,34.27565285781891,34.36666488647461,40776200
2021-06-10,34.657917267656856,34.74892931272862,33.938910307174226,33.96621322631836,53775500
2021-06-11,34.02991057302401,34.202838259444384,34.02081076042146,34.184635162353516,40416700
2021-06-14,34.1209313378126,34.17553716564828,33.629458055973636,33.82968521118164,50613400
2021-06-15,33.83878517585268,34.06631869453276,33.67496076465214,33.893394470214844,51315100
2021-06-16,33.784178416263096,34.08452434996054,33.43832994167881,33.856990814208984,84961100
2021-06-17,34.02991256767028,34.048115665828114,32.75572694359564,32.855838775634766,97659900
2021-06-18,32.41897764401919,32.52819624242801,32.01851986551238,32.06402587890625,180960000
2021-06-21,32.38291934582073,32.83065313385617,32.328097218953516,32.8123779296875,89831400
2021-06-22,32.88548177934049,32.99512952882637,32.556535045243756,32.86720657348633,42576400
2021-06-23,32.89460575993869,33.08649012365192,32.848919504621904,32.931156158447266,48094900
2021-06-24,33.12305482072021,33.42459051012607,32.96772078846097,33.34235382080078,42942800
2021-06-25,33.51596136046913,33.835768755160196,33.32407692365449,33.7443962097168,56845000
2021-06-28,33.68042921063642,33.707840272648994,33.30579625869726,33.4976806640625,70250700
2021-06-29,33.67129494497151,33.854043519110064,33.28752607635575,33.37889862060547,61051200
2021-06-30,33.278383053630996,33.598193894447476,33.2692471944711,33.52509307861328,42414100
2021-07-01,33.689561530436286,33.80834859607688,33.515952346529446,33.79007339477539,36615600
2021-07-02,33.790079003640756,33.8266294123108,33.616469790916256,33.7535285949707,27018400
2021-07-06,33.67129448859917,33.68956969432924,33.004265164827444,33.22356414794922,49225300
2021-07-07,33.02253892430986,33.34234978212112,32.949441590230016,33.269248962402344,43747100
2021-07-08,32.73928091771105,32.931165334893905,32.446881133801554,32.60221862792969,75084200
2021-07-09,33.07736377796506,33.58905556166639,32.97685189598406,33.54336929321289,70546500
2021-07-12,33.34235875420274,33.93628738886263,33.19616056106371,33.8723258972168,62953400
2021-07-13,33.76267006990292,33.81749220072766,33.378897725934465,33.50682067871094,44476200
2021-07-14,33.52509926192021,33.744398264231144,32.98599284544686,33.35149002075195,69632700
2021-07-15,33.02254137037412,33.671295508057966,33.02254137037412,33.46113586425781,53977600
2021-07-16,33.63474722312689,33.63474722312689,32.931167494999926,33.00426483154297,56160700
2021-07-19,32.364647359539894,32.53826007358448,31.889505946468223,32.081390380859375,89972200
2021-07-20,32.0448512241427,33.095653280743946,31.98088972354683,32.8763542175293,70635800
2021-07-21,33.14132368886897,33.60732918215244,33.11391262621662,33.44285583496094,59975000
2021-07-22,33.32407592330236,33.40631260598843,32.940303575554324,33.07736587524414,35292300
2021-07-23,33.39716059882175,33.4885365925189,33.04080293749725,33.13217544555664,36766900
2021-07-26,33.068231984978304,33.388042908468556,33.04995677629546,33.32408142089844,25396000
2021-07-27,33.06822374953821,33.46113192426879,32.91288974287853,33.31493377685547,38988400
2021-07-28,33.43372232113066,33.47940859063543,33.04081412923956,33.269248962402344,42908200
2021-07-29,33.48854459759164,33.78094087604117,33.342346458366876,33.634742736816406,41434200
2021-07-30,33.543375481760236,33.79008555969224,33.28752954270756,33.36976623535156,52385300
2021-08-02,33.598197606699564,33.98196647531531,33.333212348480615,33.37889862060547,47589900
2021-08-03,33.49768270555801,33.799218348627676,33.00426264542883,33.7535285949707,42169600
2021-08-04,33.43372165507774,33.82662983914149,33.28752350419161,33.470272064208984,52346400
2021-08-05,33.680432051250236,33.90886688232422,33.67129270604949,33.90886688232422,37168200
2021-08-06,34.228672511308,34.65813108729687,34.21953665221064,34.59416961669922,58081000
2021-08-09,34.54848045679032,34.85001258069438,34.35659257542763,34.68553924560547,48015600
2021-08-10,34.65814378127626,35.15156400858413,34.62159336022234,35.05105209350586,40907400
2021-08-11,35.15154710900364,35.46221856732243,34.98707377897379,35.45307922363281,48372100
2021-08-12,35.489636816734844,35.56273415286848,35.27033783705588,35.51704788208008,44566400
2021-08-13,35.544467740084514,35.590154017694175,35.16983468666203,35.252071380615234,43077200
2021-08-16,35.023631494403844,35.1972407187297,34.71295997122558,35.16069030761719,48011800
2021-08-17,34.92311029042523,35.17895612868419,34.566752591239364,34.913970947265625,52414800
2021-08-18,34.77691238522434,35.02362236748428,34.45710159978896,34.48451614379883,39550400
2021-08-19,34.10989603572559,34.484529078423606,34.00938413647793,34.22867965698242,48961300
2021-08-20,34.228675510004955,34.493660760346415,34.100752557602604,34.43883514404297,33898600
2021-08-23,34.61244774288245,34.86829364687429,34.61244774288245,34.72209548950195,28807400
2021-08-24,34.786049037811225,35.014483824498,34.75863797881304,34.932247161865234,37677300
2021-08-25,35.02362604673379,35.56272884141412,34.95052523587906,35.34343338012695,47904800
2021-08-26,35.49877357161872,35.54446332919807,35.1332799104578,35.169830322265625,38484300
2021-08-27,35.21551448651828,35.64496959981998,35.20637514129377,35.635833740234375,38511100
2021-08-30,35.654112902932354,35.67238810977117,35.115006500924856,35.13328170776367,30096500
2021-08-31,35.10586098190276,35.35257100238795,34.95966283853805,35.087589263916016,49876200
2021-09-01,35.11500866259252,35.13328387055635,34.767786682558764,34.886573791503906,43976200
2021-09-02,34.968793992179755,35.13326730064412,34.86828213860287,35.00534439086914,29611500
2021-09-03,34.94139785117075,35.014495194114204,34.70382364391597,34.78606033325195,34847500
2021-09-07,34.90484394119715,34.90484394119715,34.575897216796875,34.575897216796875,39214900
2021-09-08,34.49365997314453,34.658133332662295,34.31091140860935,34.49365997314453,32523900
2021-09-09,34.44797147167048,34.923116314423574,34.42055692310096,34.59416961669922,33421000
2021-09-10,34.786051953264405,34.82260235875079,34.329182341600166,34.338321685791016,39350500
2021-09-13,34.585033530649234,34.786057306119226,34.48452512855329,34.731231689453125,40357300
2021-09-14,34.85002094294876,34.97794390412668,34.15558051699462,34.265228271484375,45670600
2021-09-15,34.24694771514143,34.676406291130306,34.210397307474565,34.59416961669922,36371300
2021-09-16,34.722094807403764,34.895704026610765,34.33832595895495,34.49365997314453,42630200
2021-09-17,34.44796941661165,34.667264878252915,34.24694567207506,34.338321685791016,82987200
2021-09-20,33.57847959644894,33.67024774919419,33.06456883917594,33.541770935058594,95008800
2021-09-21,33.752833703583846,33.88131049189921,33.41328740578897,33.495880126953125,45837600
2021-09-22,33.91801600246858,34.29427091940595,33.84460220197646,34.05567169189453,58347800
2021-09-23,34.386042086589974,35.055959198006036,34.330979111409235,34.89077377319336,71805000
2021-09-24,34.86323704327384,35.19360432590622,34.81734948946234,35.07430648803711,48066100
2021-09-27,35.386335849373985,35.65246485455669,35.32209745149573,35.55152130126953,58794500
2021-09-28,35.54233273195592,35.71669355015684,34.90912433885127,34.96418380737305,96152700
2021-09-29,35.07432246980217,35.14773628803995,34.826544269380044,34.991729736328125,49882500
2021-09-30,35.19361868349503,35.2027975982935,34.43193328954509,34.44110870361328,73319300
2021-10-01,34.53288019859453,35.24868151764717,34.40440339781383,35.01008224487305,70444000
2021-10-04,34.955023087723085,35.41387085547964,34.65218188065305,34.707244873046875,69772700
2021-10-05,34.96418718068538,35.56069048590199,34.83571040743368,35.386329650878906,56058400
2021-10-06,35.06514163877324,35.450575540837306,34.80818803788404,35.42304229736328,63405900
2021-10-07,35.7901236775291,36.010372132789136,35.588229551934944,35.634117126464844,53295600
2021-10-08,35.67082358194847,35.93695612068373,35.50563810968041,35.80847930908203,38607500
2021-10-11,35.8910663231061,36.157198819411875,35.43221864012234,35.4505729675293,50748300
2021-10-12,35.40468836749219,35.579049224143795,35.24867833724185,35.34044647216797,58527700
2021-10-13,35.33126879079579,35.36797744270162,34.63382190823363,35.138553619384766,72105100
2021-10-14,35.533164489027676,35.735055082217684,35.193614694575146,35.72587966918945,51893500
2021-10-15,36.074608095880116,36.4416841621743,35.95530671148766,36.25814437866211,58411100
2021-10-18,36.184733620463895,36.478395898582725,36.08378655597358,36.26732635498047,56312700
2021-10-19,36.432502274628526,36.62521743774414,36.2948465862719,36.62521743774414,33082600
2021-10-20,36.56097986580906,36.918880462646484,36.46003282552575,36.918880462646484,44670200
2021-10-21,36.90970953967776,36.99230226443471,36.57015972638248,36.76287841796875,35067600
2021-10-22,36.93724048060679,37.34102520323751,36.900531823804855,37.27678680419922,41458200
2021-10-25,37.36855168382513,37.41443574615907,37.13912787142587,37.23089599609375,33121000
2021-10-26,37.32267269783026,37.497037075791035,37.20337480849225,37.2584342956543,41586900
2021-10-27,37.166663673248685,37.3318491251882,36.634398661281324,36.643577575683594,62449500
2021-10-28,36.79041258130346,37.111604604669175,36.76288283665225,37.0932502746582,44566600
2021-10-29,37.13913747501084,37.21255129358287,36.873004943635,36.94641876220703,42092000
2021-11-01,37.203366367357184,37.28595908009101,36.817932541022785,36.96476364135742,37503800
2021-11-02,36.95559058387487,37.16666008525914,36.854643539575925,37.05653762817383,31436800
2021-11-03,36.937229827564,37.331839022550355,36.863812535134365,37.194183349609375,42946800
2021-11-04,37.05652691633077,37.148295020586374,36.423315094489226,36.707801818847656,48279700
2021-11-05,37.00147365718099,37.15748367620455,36.60686440408162,36.726165771484375,57866300
2021-11-08,36.95560363186551,37.19420295658141,36.83630221914204,36.92807388305664,32864600
2021-11-09,36.735341184024726,36.85464255142748,36.487563036678864,36.726165771484375,48420400
2021-11-10,36.68945982460876,36.89135392267709,36.570158448411114,36.661930084228516,60695100
2021-11-11,36.71699084809149,36.88217629760539,36.56098431284508,36.76287841796875,31438900
2021-11-12,36.81793718692816,36.85464584182633,36.51509953584332,36.8454704284668,39218800
2021-11-15,36.94641397834174,37.03818561558715,36.77205311867046,36.8454704284668,30081100
2021-11-16,36.89135814269546,37.02901036107273,36.70781835079541,36.80876541137695,32599500
2021-11-17,36.753703288978414,36.753703288978414,36.28568013430721,36.386627197265625,53557200
2021-11-18,36.42332412876633,36.496741430963944,36.03789379441785,36.20307922363281,42990100
2021-11-19,35.89107204521606,36.01954885681776,35.53317135554546,35.80847930908203,71858100
2021-11-22,36.285679789775216,36.671110207523554,35.99201751890112,36.313209533691406,81965800
2021-11-23,36.55180049383584,36.90970105190292,36.39579049373549,36.88216781616211,61571200
2021-11-24,36.808758533642944,36.94641072629983,36.661927427704434,36.79957962036133,40410300
2021-11-26,35.64328654940534,35.799293074245384,35.175263474155365,35.57904815673828,76492200
2021-11-29,35.992015823836894,36.12049262370232,35.423042137675374,35.68917465209961,79316500
2021-11-30,35.25784756594572,35.404682157239506,34.78064914715823,34.83570861816406,121263700
2021-12-01,35.45057108639194,35.67999491570975,34.45028305053711,34.45028305053711,101946500
2021-12-02,34.771481506020265,35.67082266484035,34.64300469772175,35.47810745239258,98076400
2021-12-03,35.523985033106676,35.61575666563778,34.62464403868079,34.89995193481445,97178200
2021-12-06,35.450574787333515,35.771766781618076,35.17526686355673,35.432220458984375,69716600
2021-12-07,35.84518095337666,36.166372919510465,35.670816599706995,36.065425872802734,115475500
2021-12-08,36.083780690935754,36.230611806129325,35.78094304741837,35.872711181640625,53033200
2021-12-09,35.69834236383475,35.9828256169079,35.56986210355913,35.799285888671875,45521100
2021-12-10,36.04707185810139,36.05625077191603,35.60657851470627,35.836002349853516,38900900
2021-12-13,35.75341061791897,35.76258953198745,35.331271589749115,35.4505729675293,44343000
2021-12-14,35.39551526066065,35.92778033260107,35.36798551581219,35.66164779663086,51734400
2021-12-15,35.75340577345453,35.87270713506978,35.31291247756307,35.7625846862793,70424900
2021-12-16,36.17554110970765,36.46920677819226,35.99200488040739,36.212249755859375,71156600
2021-12-17,35.97366274129874,36.01954681416434,35.193619499662056,35.41386795043945,97654400
2021-12-20,34.864297865395656,34.910401759355125,34.311040585377164,34.725982666015625,85242300
2021-12-21,35.07636732309251,35.60195928388408,35.07636732309251,35.4452018737793,57667900
2021-12-22,35.34378301260241,35.638852129160675,35.28845623418473,35.61118698120117,49702700
2021-12-23,35.814046964586225,36.1183354406319,35.77716244703487,35.79560470581055,39057300
2021-12-27,35.90625964381105,36.16444778442383,35.72184406587551,36.16444778442383,36120300
2021-12-28,36.0998996185551,36.41341100809114,36.09067672967086,36.18288803100586,34055200
2021-12-29,36.25664888801502,36.35807954767774,36.09067208447621,36.136775970458984,27150500
2021-12-30,36.247430991081515,36.450288801151004,35.96158125836842,36.07223129272461,30089100
2021-12-31,35.99846724404331,36.182886320493594,35.933921094910914,36.007686614990234,28497800
2022-01-03,36.275102082769955,36.588613526477246,36.25665981931633,36.45029830932617,49884400
2022-01-04,36.87445596230301,37.52914035527116,36.856013702536124,37.40926742553711,74210200
2022-01-05,37.519917841185865,37.71355981192052,36.94822185271095,36.97588348388672,76288400
2022-01-06,37.36316260655207,37.54758168213748,37.0219896030949,37.51991653442383,57725200
2022-01-07,37.60290911142773,38.05473572082891,37.47381679945644,37.9625244140625,62185500
2022-01-10,38.20226557570544,38.22992720556797,37.43692765283046,37.83342742919922,73620000
2022-01-11,37.97174013913464,38.183820828430314,37.621344274536945,38.16537857055664,60706300
2022-01-12,38.26681561362475,38.4143501837242,38.00863099532611,38.19304656982422,51560600
2022-01-13,38.248370677138276,38.45123201589764,37.9164170382598,38.045509338378906,51659600
2022-01-14,37.436929289398876,37.685894521548995,37.19718694594029,37.64901351928711,81135500
2022-01-18,37.400043885415045,37.436924883336296,36.579379246024565,36.80990219116211,82526700
2022-01-19,37.08653844957044,37.10498071022059,36.16444652207243,36.192108154296875,85975100
2022-01-20,36.29354351277027,36.76380890878089,35.88782076111201,35.96158981323242,80314000
2022-01-21,35.81406117445708,35.91549187921716,35.07638811825097,35.22392272949219,117914300
2022-01-24,34.6153216436993,35.399098145052164,33.95141452514124,35.32533264160156,169153300
2022-01-25,34.92884312565254,35.731062116001695,34.3571435991954,35.472877502441406,97364900
2022-01-26,35.86015935480933,36.155228530175314,35.140928679542526,35.56509017944336,106682000
2022-01-27,35.9062552701861,36.27509341613356,35.01182857014057,35.24235153198242,91498900
2022-01-28,35.10404601475746,35.71262666090959,34.66144222823793,35.703407287597656,79753600
2022-01-31,35.45443769141316,36.04457600175368,35.242356955978394,36.01691436767578,58740900
2022-02-01,36.06301609459123,36.607050476246464,35.87859700432645,36.51483917236328,64601500
2022-02-02,36.49639760787042,36.82834772368496,36.26587464223456,36.76380157470703,46649400
2022-02-03,36.75458930593159,36.883681628832186,36.30276265827752,36.358089447021484,50677000
2022-02-04,36.42262975536279,37.28939486805066,36.404187495411804,36.97588348388672,77792400
2022-02-07,37.02199787361626,37.32628642643256,36.809913602938664,37.086544036865234,52710400
2022-02-08,37.34472446435213,37.695120394844054,37.25251667514453,37.602909088134766,56921200
2022-02-09,37.80577446997181,38.09162427494795,37.71356667094831,37.84265899658203,67505300
2022-02-10,37.66745799713751,38.165388537255595,37.35394656641523,37.510704040527344,67260800
2022-02-11,37.39082659980265,37.842653187666535,36.76380381368622,36.985107421875,77962800
2022-02-14,36.96666351559525,37.095755815665704,36.26587523628362,36.57016372680664,71521600
2022-02-15,37.01276556997651,37.26173078669174,36.88367327630962,37.068092346191406,55439600
2022-02-16,36.88367202402643,37.26172952157266,36.83756813749661,37.09575271606445,41168800
2022-02-17,36.70848294384173,36.828352368489405,36.07223722724238,36.173667907714844,59107800
2022-02-18,36.13678263373216,36.46873630201882,35.98002868898661,36.16444778442383,47816500
2022-02-22,35.99847613846355,36.33042985459215,35.67574179555978,35.98003387451172,60719700
2022-02-23,36.247434746149175,36.358084791968196,35.260796670300806,35.353004455566406,64169800
2022-02-24,34.181944964402646,35.03949067549244,33.93297974013452,34.92884063720703,143075700
2022-02-25,35.159371755928014,36.1460099934106,35.15014886538961,36.05379867553711,99127100
2022-02-28,35.19624008417808,35.7494972395711,35.150136200603875,35.51897430419922,107370200
2022-03-01,35.177817193514464,35.27924437607367,33.979094575515994,34.209617614746094,129873100
2022-03-02,34.49546448710485,35.29768360982762,34.47702222345003,35.094825744628906,88182500
2022-03-03,35.251568841252045,35.43598790344099,34.68909228445123,34.984161376953125,71952600
2022-03-04,34.36637137339026,34.375590746255845,33.9329869811648,34.32948684692383,105904100
2022-03-07,34.01596980337136,34.05285432376166,33.05699337823259,33.075435638427734,116046200
2022-03-08,33.21375144517397,33.81310908384012,32.725043852222846,32.881797790527344,114915000
2022-03-09,33.97907958117646,34.37557931508443,33.840767929174234,34.0897331237793,88716400
2022-03-10,33.52726335101099,34.02519384058083,33.4258326752651,33.803890228271484,71547300
2022-03-11,34.09896719510366,34.311047966944884,33.545713313561556,33.56415557861328,76788200
2022-03-14,34.07129254046216,34.541557808373355,33.83154670387916,33.988304138183594,70969700
2022-03-15,34.32948493259568,34.523123409493444,34.03441577232238,34.46780014038086,51828700
2022-03-16,34.91040483335535,35.49132379740143,34.799754774609134,35.435997009277344,87007600
2022-03-17,35.233135943824415,35.88782044690208,35.002612934219435,35.87860107421875,58266400
2022-03-18,35.86938201558391,36.053797610880935,35.52820542578,35.96158981323242,82342500
2022-03-21,36.12080295110404,36.23188592706772,35.74126621290267,35.92640686035156,46828600
2022-03-22,36.35223431016142,36.74102656046353,36.30595002292518,36.50960159301758,61053100
2022-03-23,36.27817490922654,36.36148803481607,35.815324996232384,35.833839416503906,42142600
2022-03-24,36.083782617934475,36.15784030687021,35.824587769189336,36.120811462402344,30421500
2022-03-25,36.241148375743286,36.657710458355126,36.18560511680495,36.583656311035156,48613100
2022-03-28,36.47257515226917,36.50960046215246,36.065264962171064,36.48183059692383,44761000
2022-03-29,36.92616595686678,37.0372489486247,36.352233046308804,36.56514358520508,67968600
2022-03-30,36.565141157411404,36.58365557668587,36.09303582533788,36.305946350097656,47405300
2022-03-31,36.259659893957796,36.40777525369946,35.463561022933575,35.472816467285156,66619600
2022-04-01,35.71349768029262,35.78755182326855,35.130305855075946,35.380245208740234,68422500
2022-04-04,35.296939005887545,35.50984956414311,34.97294191450867,35.22288131713867,134312400
2022-04-05,35.08402265414376,35.463559418145735,34.917396413239054,35.000709533691406,56165700
2022-04-06,34.72299618678475,34.908136843666995,34.630427623975784,34.76002502441406,55835100
2022-04-07,34.7322547329818,34.88962199406688,34.23237602495108,34.72299575805664,53346900
2022-04-08,34.86185372513494,35.23213505125076,34.76928515923821,35.074764251708984,44672300
2022-04-11,34.98219142520142,35.32469931482136,34.861849479181004,34.91739273071289,54435500
2022-04-12,34.889628106022684,35.21362519114,34.389752841688214,34.537864685058594,67215400
2022-04-13,34.21386759994128,34.556379106888,34.14906888917079,34.537864685058594,57445600
2022-04-14,34.46380501551648,34.704488954190694,34.13981148029891,34.14906692504883,68544200
2022-04-18,33.936145221841606,34.51007795172168,33.926889780135724,34.35271072387695,52748400
2022-04-19,34.445288512299655,34.880368545800856,34.43603306810929,34.824825286865234,41519100
2022-04-20,35.093287295878135,35.315456852402235,34.982204283248734,35.06551742553711,54635800
2022-04-21,35.3061845186305,35.47281074017341,34.44528355108013,34.51008224487305,54998100
2022-04-22,34.454546793947586,34.463802237951576,33.445533896821196,33.48255920410156,73170900
2022-04-25,33.2048525012833,33.61216269370463,32.70497726799343,33.53810501098633,91392800
2022-04-26,33.15857062950307,33.51033758549794,32.6772062505798,32.69572067260742,81457500
2022-04-27,32.64943525512573,33.00120219896698,32.54760770312446,32.66794967651367,81603000
2022-04-28,33.00120148909869,33.20485305745579,32.510578161033784,33.08451461791992,62680000
2022-04-29,32.917887621569186,33.038226058404554,31.87184581234673,31.945899963378906,74631700
2022-05-02,32.094011087985905,32.20509760897806,31.32568207307867,31.955158233642578,104408800
2022-05-03,32.17732353305334,32.6957166929338,32.066240545673416,32.37172317504883,73896300
2022-05-04,32.427262013183075,33.41776049069365,32.31617902885168,33.362220764160156,87794900
2022-05-05,32.97343196933457,33.0382306847858,31.99219226035004,32.39024353027344,101093900
2022-05-06,32.260637491057544,32.30692530732254,31.69596356402931,32.1588134765625,99281900
2022-05-09,31.723732534132047,31.9181286444103,31.242368214920788,31.390480041503906,85922800
2022-05-10,31.677441683833514,31.881093196128873,30.723968687295255,31.112764358520508,107581200
2022-05-11,31.149800817275594,31.77927698670822,30.779519471280654,30.825803756713867,110212200
2022-05-12,30.56660765385555,30.88134572539793,30.00193021391794,30.594377517700195,114304100
2022-05-13,30.964661209560916,31.297913726168385,30.761006109130854,31.038715362548828,64036200
2022-05-16,30.91837450894317,31.057227359180462,30.53883773493808,30.779518127441406,55662200
2022-05-17,31.381221877652926,31.695959923273705,31.205336671084027,31.6033878326416,62859300
2022-05-18,31.307167299099174,31.35345158335721,30.612892441435065,30.733234405517578,74279300
2022-05-19,30.316661054889888,30.751740984765952,30.27037678243286,30.529571533203125,71525400
2022-05-20,30.742483276078058,30.899854046421606,29.835298079802318,30.474029541015625,77984600
2022-05-23,31.057220860982834,31.695955844729106,30.899853624054103,31.46453094482422,78189300
2022-05-24,31.279394169466116,31.501560123218052,30.751745615225055,31.39973258972168,77871200
2022-05-25,31.32568184686997,31.84407501396288,31.233113277976205,31.649675369262695,72192600
2022-05-26,31.99218918991918,32.49206444238705,31.964415792201937,32.3809814453125,50803200
2022-05-27,32.51982890268607,32.99193415895291,32.46428565378133,32.9271354675293,43862500
2022-05-31,32.65869041704801,33.08451504274927,32.48280871228462,32.83457565307617,64778900
2022-06-01,32.75125450477879,32.83456761427249,32.001436519335535,32.30691909790039,48642400
2022-06-02,32.33469701353862,32.77903253112375,32.084757622784835,32.75126266479492,45334700
2022-06-03,32.445770498766066,32.58462685223456,32.24211898661303,32.279144287109375,36699400
2022-06-06,32.54760486600574,32.88085735941,32.36246419952954,32.37172317504883,32829600
2022-06-07,32.14955326967933,32.649432003576486,32.12178340599542,32.62166213989258,32031400
2022-06-08,32.37171886884317,32.46428742413521,31.927383447166125,32.04772186279297,38251800
2022-06-09,32.0107051466583,32.02921603767123,31.22385809053947,31.242372512817383,49715100
2022-06-10,30.566608689859788,30.677691680267813,30.08524435640555,30.113014221191406,74190900
2022-06-13,29.3539367710751,29.71495909069112,29.039200496045794,29.2150821685791,104065100
2022-06-14,29.33542271454289,29.539076004079043,28.74297373161885,28.96514320373535,75592200
2022-06-15,29.270628047430886,29.705706311776712,28.78926373434685,29.289140701293945,87858800
2022-06-16,28.69669582155826,28.70595303208626,28.307901807544113,28.548583984375,100838500
2022-06-17,28.613384457806593,28.955894205945032,28.354187843927978,28.631898880004883,116937700
2022-06-21,29.287057696252948,29.389428026481145,29.026481255735895,29.20330047607422,58065800
2022-06-22,28.868281449195077,29.408049366376638,28.83105521867838,29.138164520263672,48035800
2022-06-23,29.156773682169224,29.212611245328915,28.55186171864753,29.026485443115234,69348900
2022-06-24,29.14746474115239,30.124630004200487,29.100933738166855,30.096712112426758,65489300
2022-06-27,30.32937364572905,30.32937364572905,29.854751688685365,29.99434471130371,47244800
2022-06-28,30.301452610754914,30.58994695765269,29.677925814066537,29.6965389251709,42459900
2022-06-29,29.72446207827354,29.836138982954573,29.426659365849687,29.529027938842773,64507500
2022-06-30,29.063709098930442,29.529026254308942,28.71006884186218,29.268449783325195,75294300
2022-07-01,29.17538976555017,29.761688676034375,28.979955612025897,29.668624877929688,77308400
2022-07-05,29.20330505935765,29.58486677508006,28.8682779011061,29.566253662109375,51536800
2022-07-06,29.50111067976915,29.733769275745107,29.212612742727124,29.491804122924805,48001700
2022-07-07,29.74307237711101,30.00365240394188,29.71515448319951,29.91989517211914,33120100
2022-07-08,30.003654857447284,30.096716878154453,29.73377002727255,29.854753494262695,29062200
2022-07-11,29.68723410573421,29.83613722823303,29.529026202183033,29.612783432006836,30564300
2022-07-12,29.389430499790702,29.966424534574838,29.37081738817482,29.42665672302246,38211000
2022-07-13,29.110242911241404,29.361512835017983,28.803133648808565,29.166080474853516,51441600
2022-07-14,28.570470181487753,28.700758399337104,28.26336097152582,28.607694625854492,57782300
2022-07-15,29.017173049637854,29.74306654982511,28.94272238872009,29.57555389404297,59650200
2022-07-18,29.99434372498974,30.199084411536735,29.33359420942759,29.463882446289062,38671600
2022-07-19,29.854749283622148,30.44104632154678,29.770990281719182,30.347984313964844,40568000
2022-07-20,30.28283844486665,30.51549700043553,30.1897728925864,30.459657669067383,38507700
2022-07-21,30.375910222263915,30.655099868774414,30.14325159182367,30.655099868774414,40561800
2022-07-22,30.70163102890387,30.85983717600919,30.24561860179173,30.4782772064209,25741200
2022-07-25,30.664406993921524,30.813308369533285,30.45036148836017,30.6737117767334,24699300
2022-07-26,30.524804587833934,30.701627378384003,30.171162556821947,30.245615005493164,26357800
2022-07-27,30.366599968310435,30.859835039955215,30.264229621345294,30.710933685302734,44817200
2022-07-28,30.738852109109498,30.943592806564677,30.245617028972994,30.934288024902344,40974600
2022-07-29,31.008736291845437,31.47405346735343,30.980818397343217,31.37168312072754,38724000
2022-08-01,31.07387874115028,31.287924204361264,30.897059501998978,31.11110496520996,35131300
2022-08-02,30.962201748554268,31.16694241842549,30.729543187368936,30.766769409179688,36806900
2022-08-03,30.99942951620203,31.30653698623537,30.822606728827363,31.232088088989258,27314900
2022-08-04,31.204169592140946,31.287926828255284,31.07388134709384,31.12972068786621,24505800
2022-08-05,31.045965599841264,31.501974489057655,30.93429046065808,31.353073120117188,34366100
2022-08-08,31.585725256990372,31.688095592796202,31.306535691212243,31.334453582763672,24369100
2022-08-09,31.390295898972756,31.576423477208515,31.334456560475545,31.492666244506836,26425400
2022-08-10,32.041733628497774,32.32092315964633,31.97658952289936,32.1999397277832,45366000
2022-08-11,32.4977552037359,32.78625317825735,32.46053252161128,32.581512451171875,46985200
2022-08-12,32.73971883101942,33.10266568294086,32.57220435319589,33.093360900878906,36370300
2022-08-15,32.75832485713761,33.17711096108142,32.69318074653388,33.08404541015625,25366000
2022-08-16,32.93515476131792,33.474924481495464,32.93515476131792,33.32602310180664,41300800
2022-08-17,32.94445521118361,33.30740201544488,32.92584209941533,33.15850067138672,33158000
2022-08-18,33.130576561706526,33.24225522332617,32.97237044954372,33.19572067260742,15966200
2022-08-19,33.000294147604514,33.000294147604514,32.42330182804303,32.534976959228516,33587400
2022-08-22,32.060351066935596,32.06965584752589,31.734626944867674,31.818384170532227,36810100
2022-08-23,31.781164472523656,32.01382306002357,31.688098907470703,31.688098907470703,23244000
2022-08-24,31.632265344179295,31.957985969561616,31.567117669014273,31.855615615844727,20682200
2022-08-25,31.92075551314657,32.37676787837339,31.8369982848432,32.348846435546875,26402600
2022-08-26,32.48844259047806,32.49774737124439,31.353067632231966,31.38098907470703,38230600
2022-08-29,31.14833567484251,31.38099428358776,30.97151286013939,31.15764045715332,34872100
2022-08-30,31.260008567558803,31.362378916067467,30.803996165135214,30.990123748779297,41870700
2022-08-31,31.14832978265086,31.26000489969867,30.710930544922302,30.757461547851562,39768200
2022-09-01,30.627176814717433,30.89706163262892,30.254921648626528,30.85053062438965,40604600
2022-09-02,31.20416592672216,31.464745936295575,30.459659220986698,30.60856056213379,43208800
2022-09-06,30.76677150734956,30.841220405960268,30.227001904547286,30.53411293029785,45877100
2022-09-07,30.441048966717972,31.1948640739512,30.394517958883696,31.13902473449707,35023000
2022-09-08,30.98081836350982,31.706712020481294,30.850530122524,31.688098907470703,50760900
2022-09-09,31.827697376753946,32.06035597811898,31.81838904464977,31.976598739624023,41327100
2022-09-12,32.10688294077044,32.40468562896764,32.0324304936771,32.2371711730957,41969600
2022-09-13,31.604344913069763,31.71602360257916,30.934290526456753,31.036657333374023,60771600
2022-09-14,31.101796289553157,31.250701184142066,30.664400587006536,30.94359016418457,39233200
2022-09-15,30.980819165174925,31.446136352215383,30.897061929504105,31.045963287353516,47653000
2022-09-16,30.73884796777767,30.822605191807906,30.441045293467482,30.766769409179688,53893300
2022-09-19,30.40472150816117,31.134433682352775,30.40472150816117,31.11572265625,36491400
2022-09-20,30.863133934312373,30.928620743854765,30.376657942880723,30.657316207885742,42193600
2022-09-21,30.85377739755163,30.966039992570014,30.00244528373817,30.021156311035156,49644600
2022-09-22,30.08663825767373,30.133414033971547,29.459833219622965,29.51596450805664,52299500
2022-09-23,29.2259556132759,29.291442424699213,28.62721701239788,29.04820442199707,56801000
2022-09-26,28.833032154842318,29.10433669102432,28.38397821672908,28.589794158935547,49969700
2022-09-27,28.814317099792827,28.964001724904882,28.178158335257336,28.468172073364258,60630400
2022-09-28,28.55237474654969,29.197889132817927,28.4775324212846,29.029495239257812,46088700
2022-09-29,28.720769692743474,28.83303228558999,28.309136022082193,28.664636611938477,41860000
2022-09-30,28.683343390332556,29.03884571191402,28.327842853132566,28.402685165405273,37984300
2022-10-03,28.68334483898958,29.31950541762772,28.34655352456196,29.16982078552246,47086100
2022-10-04,29.618872951566985,30.283098244683764,29.581452687917466,30.255033493041992,53441800
2022-10-05,29.78727382296812,30.189551987944505,29.68436495721646,30.021156311035156,41766800
2022-10-06,29.852757905730368,30.058575618422967,29.534677608279637,29.60016441345215,34717900
2022-10-07,29.338217797083644,29.4317693581819,28.739477456641232,28.898517608642578,36380700
2022-10-10,29.057555629146435,29.179175504663466,28.599146232741024,28.767541885375977,31011700
2022-10-11,28.58043454181453,28.879805575286834,28.2810652927237,28.402685165405273,50431900
2022-10-12,28.412040569434364,28.711409817386674,28.23428940931963,28.33719825744629,48265700
2022-10-13,27.76652665903998,29.581455095481704,27.682328828499067,29.50661277770996,83086100
2022-10-14,29.768558999550145,30.114704038494747,28.945293531665925,29.010780334472656,60886900
2022-10-17,29.62822561081471,29.93695033981884,29.544027795233465,29.740489959716797,47222200
2022-10-18,30.516982484523997,30.554404534753424,29.87146817750047,30.217613220214844,48150700
2022-10-19,29.95566898305532,30.208262494061376,29.553390825019402,29.721786499023438,35205700
2022-10-20,29.684363560371906,29.983732845509333,29.16046731138141,29.244665145874023,43124400
2022-10-21,29.328860711575622,30.142772453915256,29.113689277575812,30.114704132080078,54487300
2022-10-24,30.29245597103107,30.65731202260445,30.198900849625733,30.51698112487793,40117200
2022-10-25,30.357939678708732,30.937967097275628,30.301806611584475,30.881834030151367,33950300
2022-10-26,30.97539704704733,31.302831100261212,30.891199209254683,30.95668601989746,38012100
2022-10-27,31.246700159278614,31.555423171230803,31.153145027805706,31.209278106689453,41232200
2022-10-28,31.293479073461864,32.023191328186115,31.237345988958566,31.985769271850586,36421300
2022-10-31,31.77995100477954,32.004476176335885,31.742528953265733,31.789304733276367,40083800
2022-11-01,32.05125979573908,32.13545764785741,31.733179417599185,31.873510360717773,38946100
2022-11-02,31.80801900635526,32.369335561314905,31.443162888755126,31.471227645874023,58039800
2022-11-03,31.078304300470577,31.396384607997707,30.947330685976464,31.15314483642578,40828100
2022-11-04,31.602199842707318,31.892215405296994,31.274765795237894,31.723819732666016,41825600
2022-11-07,31.95770279691643,32.06061166192806,31.75188506689317,32.041900634765625,30060300
2022-11-08,32.05125474517176,32.38804610057422,31.8922163655448,32.229007720947266,34839600
2022-11-09,32.01383131329838,32.13544761936669,31.620906936444488,31.68639373779297,42126200
2022-11-10,32.64999133860709,33.33292766207772,32.5657935141374,33.28615188598633,67677700
2022-11-11,33.45454430581394,33.7071377817875,33.332928000494185,33.55745315551758,46076100
2022-11-14,33.46390463706225,33.491969391794484,33.05227276968183,33.08033752441406,38002700
2022-11-15,33.43583989252955,33.56681350633767,32.81839030688891,33.15517807006836,57802100
2022-11-16,33.13646686808957,33.22066470062832,32.88387693923662,32.99613952636719,32852400
2022-11-17,32.612572177041784,32.83709734966027,32.519017047814685,32.818389892578125,35706900
2022-11-18,33.25809832989803,33.304874126755045,32.818401556924705,33.08970260620117,39455400
2022-11-21,33.042908014787926,33.25807941295393,33.00548597108188,33.19259262084961,24630900
2022-11-22,33.37035030138043,33.56681429547468,33.37035030138043,33.52939224243164,29582300
2022-11-23,33.47325951458361,33.75392134659202,33.47325951458361,33.66972351074219,27916900
2022-11-25,33.707142129402264,33.82876201917179,33.64165532001024,33.781986236572266,11266500
2022-11-28,33.59487468756855,33.73520558387205,33.145820815665466,33.20195388793945,34196600
2022-11-29,33.16452837356615,33.473251316899564,33.127106329294655,33.39841079711914,31489600
2022-11-30,33.35164370662041,33.978447051875,32.874521439884276,33.969093322753906,58607000
2022-12-01,34.13748073999987,34.13748073999987,33.51067397759138,33.772621154785156,58157600
2022-12-02,33.41713360659612,33.6416588138975,33.314224732931386,33.61359405517578,40483300
2022-12-05,33.360995236283834,33.417128313600074,32.603214751949196,32.780967712402344,53402000
2022-12-06,32.74354118362819,32.93064784700148,32.22900053592373,32.49094772338867,45102200
2022-12-07,32.35997772216797,32.72483379343163,32.28513362100457,32.35997772216797,37775900
2022-12-08,32.45352925403546,32.612571184499544,32.27577986705857,32.38804244995117,46600900
2022-12-09,32.266425970310934,32.53772691348777,32.257068673340235,32.3038444519043,40885600
2022-12-12,32.3225602322747,32.771614196326766,32.17287557759067,32.734195709228516,72570900
2022-12-13,33.585524108423954,33.585524108423954,32.603214879737436,32.818389892578125,55659000
2022-12-14,32.73418727663756,33.05226753199653,32.26642240515454,32.4067497253418,54685100
2022-12-15,31.90156533924671,32.032542511416615,31.564777602813212,31.770591735839844,70330100
2022-12-16,31.433809580623752,31.620916312282098,31.23734911832632,31.52736473083496,59619300
2022-12-19,31.442625045776367,31.76269980101387,31.244929174055834,31.442625045776367,37456800
2022-12-20,31.565014492344133,31.790951168001545,31.452047950086243,31.574430465698242,45446400
2022-12-21,31.875677248202624,32.15809540186106,31.856848892473174,32.06395721435547,31318100
2022-12-22,31.856836143632503,31.885076870354144,31.26375574449646,31.781522750854492,25605100
2022-12-23,31.76269782267553,32.007459165604935,31.6026586594546,31.960390090942383,17116200
2022-12-27,32.026298372742495,32.10160819950958,31.81919006463552,31.950984954833984,25601100
2022-12-28,32.00746042900118,32.092186203194146,31.800352182942728,31.838008880615234,24395100
2022-12-29,32.00746608212468,32.336953267101926,31.93215267347789,32.28047180175781,26624200
2022-12-30,32.04512793981036,32.26164863777834,31.932157808672795,32.19575119018555,24735700
2023-01-03,32.43110215538666,32.65703524869903,32.07337056797669,32.308719635009766,37396500
2023-01-04,32.6381971352127,33.06182604745676,32.54405897299877,32.82647705078125,44669300
2023-01-05,32.71351714971469,32.71351714971469,32.35578559694641,32.581722259521484,45585700
2023-01-06,32.79824385190219,33.410152820229264,32.572307183109295,33.30659866333008,41229700
2023-01-09,33.419568433829234,33.60784841083974,33.099493550253925,33.18421936035156,48726600
2023-01-10,33.12773631090261,33.400742114665796,33.014769754261394,33.372501373291016,34663700
2023-01-11,33.457214403473806,33.68314743041992,33.39131697135279,33.68314743041992,32014700
2023-01-12,33.79611518019918,33.94673838471509,33.53252187894099,33.74904251098633,56642400
2023-01-13,33.31601222704325,34.0503001421692,33.19362971080838,34.003231048583984,65920900
2023-01-17,33.91849759314374,33.9373259445593,33.673736207023104,33.77729034423828,65345200
2023-01-18,33.589010318612736,33.79611859241039,33.11831230808413,33.14655303955078,53693000
2023-01-19,32.74176124320233,32.93004121613091,32.53465650500851,32.760589599609375,61169500
2023-01-20,32.85472545631663,33.29717918308948,32.704102223366924,33.278350830078125,42330100
2023-01-23,33.30659020410115,33.80552891574023,33.20303607350271,33.6643180847168,44997300
2023-01-24,33.60783761848479,33.8337706454309,33.23127778538697,33.68314743041992,34333500
2023-01-25,33.39131544349943,33.95615157616079,33.38189947297543,33.946739196777344,38458700
2023-01-26,34.03146836908197,34.182091592219734,33.80553173880486,34.125606536865234,29944200
2023-01-27,34.0785374529736,34.323298843894634,34.03146836908197,34.125606536865234,30787400
2023-01-30,33.94674148960972,34.20091884381716,33.899668816091435,33.956153869628906,31595000
2023-01-31,34.0220540968302,34.4268547025694,33.86201848537759,34.417442321777344,30282100
2023-02-01,34.05971080228062,34.71868878309846,33.984397391379794,34.417442321777344,51418700
2023-02-02,34.60572342101371,34.652796104864294,34.23857947028528,34.5115852355957,42107300
2023-02-03,34.238578031744225,34.7375204486929,34.22916565005452,34.44568634033203,43155000
2023-02-06,34.24798793209996,34.44568023280401,34.17267452737034,34.4362678527832,32273600
2023-02-07,34.2197522258589,34.935215386371695,34.2197522258589,34.831661224365234,33000500
2023-02-08,34.57747696609944,34.925792503920654,34.530407881173495,34.62454605102539,34555500
2023-02-09,34.7657619613194,34.869316117925955,34.16326896776291,34.23857879638672,44329600
2023-02-10,34.06912552208431,34.37978797666707,33.956158989118464,34.35154724121094,28108900
2023-02-13,34.332716186317356,34.74692916870117,34.304471861941806,34.74692916870117,32209000
2023-02-14,34.681025816112026,34.90696241688135,34.34212271052825,34.55864334106445,33525300
2023-02-15,34.285639637411215,34.615130382881034,34.23857055695571,34.5963020324707,28510000
2023-02-16,34.266818006670356,34.511579402069856,34.182092217658806,34.247989654541016,34379100
2023-02-17,34.07854035690649,34.30447341529511,33.97498620883619,34.25740432739258,35889800
2023-02-21,33.96557772377881,34.01264681708046,33.400737830734116,33.551361083984375,36425200
2023-02-22,33.5513514634839,33.68314632339437,33.33483082346804,33.513694763183594,31065200
2023-02-23,33.65491294557039,33.81494857009517,33.231283952502764,33.54194641113281,42357600
2023-02-24,33.25010800154528,33.673736939761476,33.19362294606948,33.57018280029297,48732600
2023-02-27,33.880846755403724,33.93732822230039,33.49487450333184,33.56077194213867,31664600
2023-02-28,33.60783485878494,33.796114759873284,33.5231090828522,33.62666320800781,32531400
2023-03-01,33.47604165402388,33.664317973244216,33.38189990327312,33.513694763183594,32790300
2023-03-02,33.31601531277529,33.39132874240049,32.95828370433957,33.35367202758789,38401900
2023-03-03,33.485459693208064,33.89026031200385,33.41956225211491,33.8808479309082,33091600
2023-03-06,33.89967597631409,34.11620026503784,33.80553779167541,33.90909194946289,30111100
2023-03-07,33.78670064939284,33.81494137921139,32.94885881413032,33.03358459472656,53804400
2023-03-08,32.995931080526006,33.174798629691125,32.74175371419213,32.91120529174805,50860300
2023-03-09,32.72293142612699,32.77941649282675,31.414391238953073,31.574430465698242,107108500
2023-03-10,31.207279937851442,31.743875389498186,30.623611811630767,31.000171661376953,166569400
2023-03-13,29.89874014844533,30.425921458105822,29.53159624652095,29.776357650756836,165965900
2023-03-14,30.91544639761179,30.924858778001244,30.0022928763452,30.37885093688965,128115500
2023-03-15,29.522182926342865,29.69163451539809,29.14562304152209,29.569252014160156,132235000
2023-03-16,29.37155994989741,30.4447509626258,29.08914003378899,30.13408851623535,133892600
2023-03-17,29.85166643667652,29.85166643667652,29.0891361758971,29.164447784423828,136760600
2023-03-20,29.394347335330384,29.744393466312548,29.347044633203094,29.488954544067383,75384500
2023-03-21,30.16066179365777,30.312034407797277,30.09443728999308,30.236347198486328,115899200
2023-03-22,30.23634333171772,30.321489626821233,29.5173329800381,29.536252975463867,67874100
2023-03-23,29.59301861454949,29.895760197596392,29.12944533994865,29.33757972717285,82366300
2023-03-24,28.978077405475823,29.34704534808984,28.751021181665447,29.318662643432617,76619100
2023-03-27,29.820078704787242,29.88630320918617,29.555178882709136,29.72547149658203,61393300
2023-03-28,29.687628343125226,29.820079158420373,29.53625752948715,29.71601104736328,42980100
2023-03-29,30.03767414430699,30.160662252342913,29.905225134963317,30.151203155517578,52147200
2023-03-30,30.36879601145915,30.387717813665788,29.914685389876436,30.084976196289062,45061700
2023-03-31,30.25526794599241,30.425560552040174,30.141740744948788,30.416101455688477,49034400
2023-04-03,30.387715943445198,30.595852145943677,30.29311054719927,30.472862243652344,51213500
2023-04-04,30.548550054048956,30.59585275311063,29.990369543606153,30.189043045043945,45939300
2023-04-05,29.961988738327403,30.2363476583225,29.95252783701965,30.151203155517578,57965300
2023-04-06,30.094435941786692,30.321492146100436,30.06605504404892,30.264728546142578,36762300
2023-04-10,30.151201996399028,30.340414601832787,30.084975689790745,30.330955505371094,27900700
2023-04-11,30.406631811610175,30.728295148634412,30.387710014260065,30.59584617614746,53912600
2023-04-12,30.747224060088513,30.908053961330555,30.453941546749622,30.52962875366211,63645800
2023-04-13,30.548548609440626,30.822909303574555,30.340412412654274,30.803987503051758,58550300
2023-04-14,31.125655125238588,31.36217225047911,30.955362506348216,31.106733322143555,65276200
2023-04-17,31.087812771597694,31.475700728261824,30.955363753560928,31.466238021850586,69670600
2023-04-18,31.53246161680548,31.627067013557202,31.29594451596163,31.560842514038086,49507500
2023-04-19,31.513545513612556,31.72167814589162,31.45678009991906,31.636531829833984,39478900
2023-04-20,31.428396314940162,31.627069831197232,31.41893360904323,31.54192352294922,39291800
2023-04-21,31.447318027750413,31.466236221560372,31.248640903097186,31.428396224975586,41545000
2023-04-24,31.40947040289155,31.52299759604814,31.27702140938146,31.352705001831055,32774200
2023-04-25,31.15403315871177,31.21079856277351,30.803988856075847,30.813447952270508,58534300
2023-04-26,30.72829876880586,30.898591356055597,30.38771359430639,30.52016258239746,54294200
2023-04-27,30.63369035123522,31.06888087164144,30.63369035123522,31.012115478515625,46398800
2023-04-28,30.860755090820646,31.40947658212978,30.794530581037144,31.381092071533203,54598700
2023-05-01,31.466233204583602,31.62706670826649,31.258100611945977,31.295944213867188,31950600
2023-05-02,31.172956702572453,31.18241579929586,30.302571836462594,30.586395263671875,76096700
2023-05-03,30.624235123792992,30.77560593345011,30.20796629947711,30.236347198486328,65642400
2023-05-04,29.97144915430115,30.132280864963693,29.57410032822207,29.848459243774414,76076600
2023-05-05,30.340415441285803,30.633697965218488,30.293112739739186,30.586395263671875,55019400
2023-05-08,30.75668381016534,30.86075191739952,30.595853905505063,30.633697509765625,34323600
2023-05-09,30.406635393885722,30.643152475180994,30.340410899840187,30.52016258239746,29736200
2023-05-10,30.71884443776753,30.785068942084003,30.084976684926517,30.349878311157227,39706100
2023-05-11,30.16065664405662,30.34987283054501,30.028207659341447,30.302566528320312,36693200
2023-05-12,30.50124973896734,30.50124973896734,29.980910986207697,30.179584503173828,36253000
2023-05-15,30.236345593291066,30.482325401528225,30.179581993803726,30.425559997558594,33208500
2023-05-16,30.36879327972775,30.45393957751618,30.122817091096977,30.141738891601562,31241400
2023-05-17,30.37825868748075,30.832371113103896,30.312034184304338,30.747224807739258,46818800
2023-05-18,30.690459790920816,31.012123214276027,30.576932585314506,30.97428321838379,42232500
2023-05-19,31.049965508892768,31.14457090807842,30.69992120114828,30.841829299926758,40132900
2023-05-22,30.945900421489775,31.01212492916924,30.709383291501688,30.898597717285156,35286200
2023-05-23,30.76614338165247,30.926973269929462,30.520163587980825,30.539085388183594,42217200
2023-05-24,30.31203148717842,30.340412383453085,30.07551439431772,30.141738891601562,46610700
2023-05-25,30.066052040951018,30.236342823815377,29.952523047892647,30.13227653503418,41658900
2023-05-26,30.198500453054997,30.453937524719922,30.151197759464257,30.378253936767578,44183000
2023-05-30,30.42556271127875,30.4917872173344,30.17012378407914,30.368797302246094,57900500
2023-05-31,30.18904430701354,30.217427010326382,29.79169548304558,30.047134399414062,67667900
2023-06-01,30.21742829160636,30.43502180830174,30.00929206745151,30.368797302246094,48643400
2023-06-02,30.662076008747093,31.144569293930896,30.662076008747093,31.031042098999023,65752900
2023-06-05,31.068889889790984,31.068889889790984,30.728304650104594,30.870216369628906,53591100
2023-06-06,30.84182622585369,31.305401297172985,30.82290803507389,31.258098602294922,46236100
2023-06-07,31.286486660118232,31.447320190281815,31.09727222832318,31.381092071533203,48467100
2023-06-08,31.27702140938146,31.4000076982326,31.106728815164377,31.352705001831055,36261200
2023-06-09,31.295950475662693,31.49462401205352,31.27702867091615,31.36217498779297,34021700
2023-06-12,31.39054860253805,31.475694899646594,31.116187910858926,31.352705001831055,33655200
2023-06-13,31.32432820386316,31.674372533787267,31.286484598205185,31.54192352294922,46054400
2023-06-14,31.61760546689583,31.778438978023768,31.314863855441143,31.41893196105957,57195400
2023-06-15,31.31486078633315,31.910884854391465,31.28647989084229,31.835201263427734,52241800
2023-06-16,31.977114549309515,32.00549905838001,31.731138327476366,31.76898193359375,49861100
2023-06-20,31.559910833172573,31.616930948894822,31.34133916064149,31.531402587890625,50683100
2023-06-21,31.455371909122015,31.64543531306106,31.360342019731448,31.493385314941406,35967600
2023-06-22,31.436372707771163,31.445874247818686,31.14177421408098,31.246309280395508,38690000
2023-06-23,31.008729023880765,31.217795518685705,30.904193963899225,31.113264083862305,35529600
2023-06-26,31.0657462828212,31.303324652260464,30.961214845400832,31.04673957824707,25728300
2023-06-27,31.10376171658143,31.36034680729651,31.084755010770113,31.293825149536133,34348100
2023-06-28,31.25580973487012,31.265314899745864,31.075251478971467,31.217796325683594,36663200
2023-06-29,31.3793487107346,31.759471893310547,31.341335304929633,31.759471893310547,47471000
2023-06-30,31.968539240730408,32.16810416624427,31.911522762102212,32.03506088256836,44762300
2023-07-03,32.03506010322534,32.31065182708237,31.987545163805247,32.21562194824219,19128000
2023-07-05,32.02555951105803,32.23462597571126,31.93052600425418,32.14910125732422,39831600
2023-07-06,31.883011899068382,31.911523764435625,31.597918621499925,31.873510360717773,45808400
2023-07-07,31.74047558093087,32.187120506287265,31.74047558093087,31.92103385925293,33488700
2023-07-10,31.93052502448871,32.244130149582226,31.902016785901115,32.06357192993164,27254400
2023-07-11,32.17761985803527,32.481719927413096,32.1110981944313,32.44370651245117,33744600
2023-07-12,32.709783662112834,32.88084035457734,32.56723883516423,32.652767181396484,46546000
2023-07-13,32.70027829028187,32.81431486350387,32.643258191092215,32.76679992675781,40453700
2023-07-14,33.004386884504065,33.0138920494385,32.50072189772639,32.54823684692383,47552700
2023-07-17,32.51022072436867,32.95686918489776,32.51022072436867,32.861839294433594,38568900
2023-07-18,32.937865350321786,33.260972081260356,32.89035040095164,33.23246383666992,47160800
2023-07-19,33.23246278579165,33.50805093348715,33.222957621123236,33.37500762939453,45599800
2023-07-20,33.317985605281365,33.631587109220376,33.3084804421925,33.62208557128906,45591500
2023-07-21,33.679105713867436,33.69811241695576,33.42252065991199,33.50804901123047,30615700
2023-07-24,33.52705766751285,33.9356927448229,33.517556127994126,33.83115768432617,32299800
2023-07-25,33.73612491456836,33.812151724874134,33.58407491911465,33.61258316040039,36218600
2023-07-26,33.57457451008626,33.91668429249967,33.527055939467374,33.81215286254883,35638700
2023-07-27,33.81215951325729,33.89768425681453,33.33700271487083,33.384517669677734,44072800
2023-07-28,33.650599502632694,33.660101042171306,33.2704726682414,33.45103454589844,32422700
2023-07-31,33.51754960066593,33.679101117130195,33.4320212610209,33.57456970214844,28627000
2023-08-01,33.50804443784013,33.60307794031097,33.39400786003256,33.57456970214844,26480300
2023-08-02,33.28947448730469,33.41301623412605,33.09941472315814,33.28947448730469,48923800
2023-08-03,33.08991527185199,33.384513757385065,32.994885373374615,33.30848693847656,31861600
2023-08-04,33.27997679941249,33.60308351106341,33.146933499054704,33.17544174194336,36195700
2023-08-07,33.38451673816981,33.69811833127213,33.37501157237843,33.6411018371582,33119300
2023-08-08,33.203947256558834,33.36550241168879,32.94736221616966,33.33699417114258,37254800
2023-08-09,33.3179892264237,33.41301911669528,33.05189900837897,33.08991241455078,38304200
2023-08-10,33.26097576567053,33.50805570485998,33.03289890820754,33.11842727661133,38097500
2023-08-11,33.01389106584913,33.241964265265096,32.93786424927171,33.18494415283203,27518700
2023-08-14,33.08991902886296,33.18494893812998,32.9663772466889,33.11842727661133,23773800
2023-08-15,32.842823721694614,32.880833492520495,32.47219854859722,32.51021194458008,57472100
2023-08-16,32.45320979361935,32.709791266811,32.42469792147473,32.462711334228516,33566500
2023-08-17,32.567241690760234,32.61475663724269,32.20612157220907,32.30115509033203,38205400
2023-08-18,32.07308479573688,32.38669003159363,32.04457654708037,32.291656494140625,40860000
2023-08-21,32.33915993246366,32.405681572409215,31.997046569796524,32.253631591796875,32308300
2023-08-22,32.26313860467024,32.30115200829234,31.90201852057563,31.949533462524414,43133000
2023-08-23,32.00655278693135,32.27263935547763,31.959037846142035,32.26313781738281,30240500
2023-08-24,32.215622899508105,32.605251214509835,32.14910125732422,32.14910125732422,35784900
2023-08-25,32.28214838670744,32.424693226154815,32.03506486474579,32.30115509033203,40347200
2023-08-28,32.40568933490938,32.59575276249222,32.377181089577384,32.48171615600586,34905300
2023-08-29,32.45320327386218,32.78581150574134,32.405684704887,32.776309967041016,43394300
2023-08-30,32.82382665675157,32.98537819935497,32.72879313890425,32.79531478881836,33799900
2023-08-31,32.890347465593564,32.89984900455631,32.63376241170425,32.671775817871094,27999700
2023-09-01,32.87134354529939,33.07090850683301,32.8428353008398,32.966373443603516,41075700
2023-09-05,32.92835312093689,33.061396386046596,32.62425319349838,32.63375473022461,38612300
2023-09-06,32.54823969281461,32.68128301226351,32.37718296062071,32.61476135253906,35672800
2023-09-07,32.48170564582309,32.67176901190667,32.434190710591494,32.52922058105469,47632600
2023-09-08,32.55773930557036,32.66227437184994,32.43420115920208,32.59575271606445,39720800
2023-09-11,32.747798919677734,32.9188556218247,32.66227056860426,32.747798919677734,28965100
2023-09-12,32.73830023761031,33.203951814522085,32.70028682822536,32.966373443603516,48615200
2023-09-13,33.11842345598507,33.15643686537002,32.8428353008398,32.966373443603516,31994900
2023-09-14,33.19445028658586,33.31799205455186,33.032895109221364,33.27047348022461,65685500
2023-09-15,33.05190387753988,33.29898742889871,33.032897171653936,33.099422454833984,51800200
2023-09-18,33.05646360488431,33.237828967144324,32.95146126412639,33.190101623535156,32458700
2023-09-19,33.21873550962749,33.285554515348736,32.941911833717946,33.15191650390625,36112900
2023-09-20,33.26646391083874,33.37146624927923,32.91327720629028,32.92282485961914,31618000
2023-09-21,32.80827653204835,32.80827653204835,32.37872314453125,32.37872314453125,48103300
2023-09-22,32.42645045724476,32.455086132714065,32.13053512573242,32.13053512573242,41688300
2023-09-25,32.06371209351411,32.22598575593525,31.958709774835896,32.2068977355957,40141700
2023-09-26,31.968264396675632,32.11144642861426,31.72007638180132,31.77735137939453,46165400
2023-09-27,31.863261813229112,31.863261813229112,31.45280010366758,31.729623794555664,49360900
2023-09-28,31.758262208261545,32.073265616361574,31.74871455389787,31.95871925354004,63638100
2023-09-29,32.11144872641218,32.15917607380694,31.586440622343357,31.662803649902344,52860500
2023-10-02,31.557808067532907,31.63417110265457,31.223709319955407,31.395530700683594,49350600
2023-10-03,31.2427973848996,31.328708065353016,30.775064290157886,30.899154663085938,52921800
2023-10-04,30.908695739226367,31.147336062880203,30.746418425633333,31.128244400024414,40136000
2023-10-05,31.042336370912896,31.32870405531517,30.975517365931122,31.27142906188965,41407800
2023-10-06,31.137786308280976,31.72006924129732,31.03278399034529,31.53870391845703,54057800
2023-10-09,31.252342833894517,31.624621209137207,31.223703514855394,31.557802200317383,61396600
2023-10-10,31.65325773075043,31.987352783757164,31.643713718391513,31.786895751953125,44743400
2023-10-11,31.882358143452624,32.006448526739746,31.59598675712618,31.834627151489258,35746400
2023-10-12,31.930074385082282,31.930074385082282,31.414610438668742,31.634159088134766,41991200
2023-10-13,31.834624890918178,32.13054026980633,31.52916549913313,31.700986862182617,53213800
2023-10-16,31.939621637014387,32.18780962515663,31.872802634367446,32.03507995605469,45589300
2023-10-17,31.891893669332237,32.397810005501306,31.882349658297667,32.187808990478516,41925200
2023-10-18,32.02552905307197,32.05416836655861,31.56734009226955,31.634159088134766,46942100
2023-10-19,31.576893369274273,31.748711073992414,31.19506734656929,31.21415901184082,66656200
2023-10-20,31.20461048266038,31.261885476867356,30.708238123621403,30.73687744140625,59921300
2023-10-23,30.670059197887213,30.889607885760597,30.51732769688681,30.54596519470215,55913700
2023-10-24,30.68915099338265,30.89915202886104,30.59369266692627,30.755970001220703,35825000
2023-10-25,30.641420364379883,30.851425043653492,30.555509690255484,30.641420364379883,59240100
2023-10-26,30.565056208006414,30.880059573849575,30.517327045998837,30.574600219726562,56046100
2023-10-27,30.536422116527707,30.574603629710783,29.935049173612093,30.020959854125977,73057300
2023-10-30,30.230958471173906,30.631874316887348,30.15459363487998,30.55550765991211,48978100
2023-10-31,30.6127828049614,30.899150487318156,30.55550781194499,30.889606475830078,41050100
2023-11-01,30.946881232177436,31.21416092096343,30.880062220321697,31.09006690979004,51764100
2023-11-02,31.376439557812777,31.844176355720812,31.319168190851855,31.825084686279297,47417000
2023-11-03,32.13053650706032,32.39781253323125,32.12099249528111,32.24508285522461,58801300
2023-11-06,32.331000709943936,32.37872806216949,31.97781393383856,32.149635314941406,40599700
2023-11-07,32.05417466468415,32.178265029180054,31.99689966781942,32.10190200805664,27442000
2023-11-08,32.09235596721747,32.16872263354122,31.939626275933033,32.14008331298828,30165800
2023-11-09,32.245079533874176,32.292810511942044,31.949167861482746,32.006439208984375,34336600
2023-11-10,32.159177876723774,32.39781826843952,31.968268476441892,32.36918258666992,35146100
2023-11-13,32.2546302737285,32.4073599506241,32.206902932454135,32.321449279785156,28327300
2023-11-14,32.674629640232766,33.11372692100965,32.64599396929228,32.9323616027832,54296300
2023-11-15,32.98964483297032,33.20919352824283,32.98009717936203,33.11373519897461,35000200
2023-11-16,33.20919215814927,33.28555517705045,33.10418982096772,33.24737548828125,33222500
2023-11-17,33.37146592572918,33.428740921058555,33.28555525341652,33.419193267822266,31336100
2023-11-20,33.37146077257665,33.629192749716196,33.30464177569182,33.55282974243164,37285400
2023-11-21,33.50510549233885,33.6196554883044,33.476469814028945,33.53374481201172,27285700
2023-11-22,33.61010629126835,33.734200293851224,33.552834937278405,33.667381286621094,32719200
2023-11-24,33.667378500082826,33.82965217810721,33.65783084763287,33.77238082885742,13168500
2023-11-27,33.64828908763927,33.71510809380925,33.581470081469284,33.657833099365234,35017000
2023-11-28,33.619660673474776,33.76284272847028,33.56238566665846,33.64829635620117,39329300
2023-11-29,33.743739098049765,34.08738173440617,33.743739098049765,33.886924743652344,36651300
2023-11-30,33.96329749951422,34.26875686645508,33.85829515937275,34.26875686645508,37334500
2023-12-01,34.21147828238625,34.56466495562257,34.15420329157934,34.52648162841797,51267600
2023-12-04,34.326026807914324,34.62194215054492,34.28784347827888,34.488304138183594,41366600
2023-12-05,34.38330537175984,34.39284938447811,34.16375666560839,34.31648635864258,39510900
2023-12-06,34.507395293158936,34.63148565059661,34.09693360904926,34.14466094970703,35616100
2023-12-07,34.23057514673796,34.32602983788967,34.1446644681562,34.30693817138672,26050900
2023-12-08,34.26875545482389,34.54557549127403,34.230572125188445,34.488304138183594,33213100
2023-12-11,34.49785000801463,34.765126047133144,34.49785000801463,34.698307037353516,31165700
2023-12-12,34.784213920139884,34.95603525265595,34.64103190395152,34.94649124145508,37245700
2023-12-13,34.95604190068384,35.54787266584507,34.88922288548229,35.50968933105469,56989000
2023-12-14,35.796054067775096,35.996511096627536,35.67196006075852,35.86287307739258,66865700
2023-12-15,35.566963304013655,35.73878468182618,35.50014428390473,35.65287399291992,69246200
2023-12-18,35.829374957548524,35.89652476786267,35.73344770263981,35.771820068359375,43434000
2023-12-19,35.75264645105743,36.05002690081557,35.65671550304279,36.04043197631836,32509000
2023-12-20,35.94449470741939,36.03083070696494,35.397701263427734,35.397701263427734,52985700
2023-12-21,35.55119126033943,35.752640729846576,35.416887954610424,35.743045806884766,27522200
2023-12-22,35.848563518280756,35.963680623075305,35.685486442240816,35.819786071777344,30331400
2023-12-26,35.848563163678136,36.030830081438026,35.79100827124062,35.963680267333984,17837600
2023-12-27,35.886938192457116,36.07879638671875,35.82937963636142,36.07879638671875,32640800
2023-12-28,36.02123020171554,36.26105197890325,36.011638940759596,36.18431091308594,25308000
2023-12-29,36.17472078985667,36.23227934139491,35.9636800863306,36.06919860839844,30218300
2024-01-02,35.97327368019399,36.24187295266777,35.906123862075546,36.222686767578125,31351900
2024-01-03,36.05960881894346,36.11716737283254,35.85815936941748,35.915714263916016,46909000
2024-01-04,36.04042608770181,36.34739775240981,35.99246245122698,36.05961227416992,36904200
2024-01-05,36.05960699407552,36.40495098115212,36.040420810416784,36.21309280395508,44852300
2024-01-08,36.22268575008673,36.462507567884785,36.03083122336071,36.44332504272461,39098300
2024-01-09,36.25146517127256,36.26105643340675,36.097979361393,36.21309280395508,36338100
2024-01-10,36.15552805936921,36.29942258246478,36.0404146365266,36.27064514160156,37095500
2024-01-11,36.2226847226994,36.270652012410935,35.84856328304816,36.136348724365234,49043500
2024-01-12,36.30902041738883,36.443323704311375,35.92530771863844,36.06919860839844,41333900
2024-01-16,35.76222751938007,35.88693588654561,35.61833662747255,35.819786071777344,44042100
2024-01-17,35.51281414526129,35.89652684650585,35.49362796129049,35.75263595581055,38715900
2024-01-18,35.70467373653745,35.84856463291896,35.44566573178206,35.81019592285156,42064900
2024-01-19,35.94449382632988,36.43372870550197,35.829376723497305,36.385765075683594,59417700
2024-01-22,36.53925116346138,36.74070060585845,36.472101349329016,36.55843734741211,51828800
2024-01-23,36.53925242070284,36.64477460636747,36.46250768225927,36.61599349975586,46255500
2024-01-24,36.76947880152646,36.96133330706951,36.731106436661804,36.759883880615234,43975500
2024-01-25,36.90378521812068,36.98052630259824,36.711927017840566,36.94215393066406,50693800
2024-01-26,36.88459597820291,37.14360397822724,36.846223609445865,37.076454162597656,38620200
2024-01-29,36.96133418764558,37.201155984678095,36.86540693258867,37.17237854003906,44175600
2024-01-30,37.21075694460892,37.680805693816524,37.191570758605835,37.64243698120117,43229300
2024-01-31,37.56568501648865,37.843879170973906,37.16278616603975,37.181968688964844,65780900
2024-02-01,37.114820295896465,37.26830610088101,36.69273524703653,37.23952865600586,63445600
2024-02-02,37.114822632577024,37.56568881408805,37.095636448322246,37.39301681518555,61778400
2024-02-05,37.18196980178867,37.297086899125226,37.00930147456426,37.17237854003906,37351300
2024-02-06,37.12441806465133,37.306681328491074,37.0764544330504,37.24912643432617,41055700
2024-02-07,37.45057216136396,37.575276859256846,37.19156418518694,37.527313232421875,39018700
2024-02-08,37.35464174756472,37.498536289383,37.14360105479218,37.3834228515625,47331500
2024-02-09,37.335455544459805,37.50812753079206,37.23952828955976,37.48894500732422,50680400
2024-02-12,37.488948934024904,37.82469802073262,37.402612931815696,37.661617279052734,39952700
2024-02-13,37.37382621657712,37.469757126520264,36.855810281054296,37.15319061279297,62948300
2024-02-14,37.373829493567115,37.53691022507458,37.229938605120914,37.50812911987305,58722500
2024-02-15,37.62324497773315,38.227593276124615,37.613650056519816,38.15085220336914,58107900
2024-02-16,38.11247922568807,38.189223956602234,37.93980724052138,38.01655197143555,37900000
2024-02-20,37.74795289037992,38.0453332636635,37.719175443071705,37.911033630371094,39952200
2024-02-21,37.863072657701544,38.02614974975586,37.72877301497662,38.02614974975586,40242400
2024-02-22,38.23718418774492,38.60171430843159,38.170034383853945,38.467411041259766,55188200
2024-02-23,38.611315234755814,38.822359619466354,38.58253778571011,38.659278869628906,42190500
2024-02-26,38.62089683006628,38.87990478481287,38.40026123736878,38.467411041259766,38370000
2024-02-27,38.505794817317536,38.58253956416464,38.31393660959072,38.57294464111328,42599500
2024-02-28,38.49619938774997,38.85113465503077,38.48660446573693,38.716835021972656,40040800
2024-02-29,38.81276053796543,38.89909653524217,38.534566362363655,38.69764709472656,37629700
2024-03-01,38.68805345649502,38.774385789079254,38.524972734147774,38.649681091308594,40794900
2024-03-04,38.58253221653984,38.85113146057101,38.57293729531573,38.745609283447266,53413200
2024-03-05,38.6113087073861,38.97583885769998,38.6113087073861,38.75520324707031,50770200
2024-03-06,38.81275905188882,39.07176703380207,38.64008706394665,38.9566535949707,58459500
2024-03-07,39.100543053389,39.17728778273928,38.75520274948308,38.89909362792969,35505100
2024-03-08,38.95665629610537,39.16770066475458,38.91828392737089,38.96624755859375,47266600
2024-03-11,38.82235316960535,39.071766225142966,38.75520336006099,39.03339385986328,36233100
2024-03-12,39.11973505659368,39.31159324912703,38.98543541963753,39.19647979736328,53199300
2024-03-13,39.273220000771545,39.49385563646575,39.244442553321605,39.4842643737793,43471400
2024-03-14,39.49385588606017,39.57060062559911,38.95665734684989,39.167701721191406,65563400
2024-03-15,38.947058956221575,39.311589117786596,38.870317882907514,39.12932586669922,67568000
2024-03-18,39.267022409533595,39.40182768994565,39.07444553646975,39.35368347167969,39140600
2024-03-19,39.38256977018231,39.56551925412966,39.36331134979289,39.546260833740234,36748300
2024-03-20,39.498115350729535,40.046967458111375,39.43071271811549,40.01808166503906,52255300
2024-03-21,40.114376840198155,40.4417626850515,40.06623261925443,40.34547424316406,49209200
2024-03-22,40.39361303667366,40.48027409199571,39.85438828431783,39.88327407836914,32033000
2024-03-25,39.85439162124971,39.921794261791675,39.72921371459961,39.72921371459961,31784000
2024-03-26,39.87364485975453,39.98919170378144,39.738839596195156,39.864017486572266,30135500
2024-03-27,40.056592939437486,40.34546554918836,39.95067714545236,40.33583450317383,36670300
2024-03-28,40.38398227047585,40.653596485111166,40.31657963510905,40.55730438232422,41490200
2024-04-01,40.59581764804892,40.63433448577142,40.25880450089666,40.33583450317383,37537700
2024-04-02,40.210657785428666,40.26843304369099,40.05659410323039,40.12399673461914,36359800
2024-04-03,40.1336259340402,40.40323644718823,39.99882067746618,40.104740142822266,39715900
2024-04-04,40.44175657636944,40.51879025677843,39.60403550434599,39.65217971801758,52657500
2024-04-05,39.806243638219904,40.13362943553462,39.67143836988468,40.0277099609375,47540300
2024-04-08,40.03733967457798,40.2684333631246,40.01808125500443,40.20103073120117,35165700
2024-04-09,40.22030368671012,40.32622319606078,39.6521929600587,39.969947814941406,51953600
2024-04-10,39.58477902180212,39.738842716993005,39.247762163268895,39.37294006347656,59492800
2024-04-11,39.353679756130425,39.411455016495815,38.852971852467924,39.09369659423828,56870800
2024-04-12,38.8337174476298,38.99740851035506,38.42929796784538,38.573734283447266,81234800
2024-04-15,39.07445318363173,39.22851691613527,38.26561766969588,38.38116455078125,71800600
2024-04-16,38.41004284145054,38.49670390360977,38.06339859281362,38.12117385864258,66751300
2024-04-17,38.29449431674438,38.467816433521484,38.06339693665215,38.21746063232422,41561900
2024-04-18,38.39078520519717,38.6892852416698,38.265610969758605,38.352272033691406,48893400
2024-04-19,38.564107990848385,38.95889647257202,38.48707797335449,38.881866455078125,55513600
2024-04-22,39.09370028524142,39.57514981423783,38.93000920850347,39.35368347167969,50701200
2024-04-23,39.536631791893235,39.70032284854427,39.43071232080471,39.604034423828125,36488600
2024-04-24,39.49811769652475,39.652181390673576,39.3921982180784,39.59440612792969,33957500
2024-04-25,39.401824935597624,39.50774441227958,39.02629491693845,39.363311767578125,50365700
2024-04-26,39.29591080336794,39.52700451398611,39.20924974359405,39.305538177490234,35796900
2024-04-29,39.295901021441495,39.469223097844214,39.10332052841987,39.24775314331055,36596100
2024-04-30,39.16110240174216,39.247763462729324,38.862606048583984,38.862606048583984,34481600
2024-05-01,38.833720252644376,39.334424523716486,38.7855723618539,38.862606048583984,54717600
2024-05-02,39.13221110517965,39.189986362106026,38.67964744217596,38.95888900756836,37085100
2024-05-03,39.18998761038142,39.276648661947384,38.852970777328025,39.04555130004883,45012600
2024-05-06,39.34405292940346,39.546260833740234,39.25739187423512,39.546260833740234,42335600
2024-05-07,39.642551577382186,39.758102106466104,39.57514893866739,39.681068420410156,42601200
2024-05-08,39.64254734003818,39.892903119791455,39.536631542784946,39.82550048828125,28390900
2024-05-09,39.72920831941307,40.12399673461914,39.71958094628664,40.12399673461914,31594800
2024-05-10,40.26843749512147,40.35509855551084,40.220293277831445,40.27806854248047,34306800
2024-05-13,40.39361000414651,40.46101263398476,40.1143684387207,40.1143684387207,29570100
2024-05-14,40.26843750876788,40.34547119499269,40.114373809486594,40.31658172607422,30638300
2024-05-15,40.4128738703392,40.65359863025655,40.40324282296824,40.615081787109375,36138300
2024-05-16,40.65359863025655,40.80766232967692,40.595823365535786,40.615081787109375,36032700
2024-05-17,40.682480669073996,40.913578033447266,40.634336456170224,40.913578033447266,29813200
2024-05-20,40.826920871385674,40.8846924631081,40.33584030273497,40.355098724365234,35719600
2024-05-21,40.43213229191279,40.65359863025655,40.4128738703392,40.615081787109375,33413400
2024-05-22,40.52841993445518,40.701742052061434,40.297322553257416,40.38398361206055,38661100
2024-05-23,40.34546679407536,40.38397995981838,39.67143680580536,39.82550048828125,51768500
2024-05-24,39.90253602245408,40.075858148403675,39.90253602245408,40.06623077392578,23477300
2024-05-28,39.97956257844184,39.97956257844184,39.478854712045525,39.623291015625,31004900
2024-05-29,39.305538177490234,39.43071608008992,39.18999132218115,39.305538177490234,40620200
2024-05-30,39.34405003376709,39.60403318013794,39.24775793890687,39.517372131347656,32769300
2024-05-31,39.59440771724697,40.13363250499641,39.478860860289366,40.095115661621094,38664000
2024-06-03,40.08548564022179,40.13362985467745,39.498116673625674,39.84476089477539,37855000
2024-06-04,39.632918407755845,39.96030417928392,39.47885473134074,39.66180419921875,27586400
2024-06-05,39.7869863825942,39.82550322415113,39.488486370280306,39.77735900878906,23817300
2024-06-06,39.844755831873435,39.9603026665186,39.60403111701489,39.758094787597656,39040200
2024-06-07,39.767729363208545,40.1625178201587,39.69069935054838,39.9410514831543,42273300
2024-06-10,39.76772888346271,39.835131521165344,39.52700412790523,39.7869873046875,31615200
2024-06-11,39.594410078417525,39.61366850125364,39.1418499978588,39.33442687988281,54584900
2024-06-12,39.73884254419353,39.78698676001229,39.23813461870836,39.2959098815918,46399800
2024-06-13,39.29590301278072,39.30553038499435,38.9974030498122,39.26701354980469,39497900
2024-06-14,38.99741318490705,39.21887953505346,38.872235274591766,39.141849517822266,29083000
2024-06-17,39.045550803547115,39.498114475211025,38.97814817242711,39.48848342895508,36076900
2024-06-18,39.44033821331846,39.73883819580078,39.401821375610844,39.73883819580078,38900300
2024-06-20,39.65218356297259,40.05659940483062,39.613666719033226,39.95068359375,42869100
2024-06-21,39.85438718709806,39.89290402688482,39.565518235033394,39.79661560058594,42530600
2024-06-24,39.96385798688561,40.45687928393626,39.86718830125595,40.205535888671875,45252000
2024-06-25,40.12819265879845,40.25386618609588,39.789845109588086,39.90584945678711,32845400
2024-06-26,39.72218001541134,39.741514690045776,39.46116743941463,39.654510498046875,37978500
2024-06-27,39.53850495365658,39.654509310276396,39.36449657487084,39.60617446899414,25466100
2024-06-28,39.69317364870481,39.992851839459576,39.57716561901437,39.74150848388672,44045100
2024-07-01,39.905852922763984,40.1668654924155,39.66417502727687,39.82851791381836,36131100
2024-07-02,39.751174130320464,40.29253387451172,39.731839458630255,40.29253387451172,27033100
2024-07-03,40.33120919234615,40.36987485374274,40.147531627935884,40.166866302490234,21113200
2024-07-05,40.25386571851287,40.25386571851287,39.92518366550715,40.157196044921875,21421100
2024-07-08,40.215204388739096,40.456882308593805,40.00253032691138,40.050865173339844,27779300
2024-07-09,40.08952855415263,40.621219161094146,40.04119002721189,40.360206604003906,33140000
2024-07-10,40.16686816603017,40.524550442600024,40.147533490578795,40.51488494873047,28445400
2024-07-11,40.55354940830014,40.90156614902468,40.427875876880314,40.83389663696289,45836600
2024-07-12,40.785553123535514,41.14323900094207,40.67921796594827,40.96923065185547,39041200
2024-07-15,41.114240286010855,41.607265232570825,41.08524012011151,41.56859588623047,46561200
2024-07-16,41.59759203989369,42.061613088085984,41.52025704238405,42.04228210449219,52243100
2024-07-17,41.9939462051016,42.43863629747318,41.926276695162564,42.361297607421875,54773300
2024-07-18,42.21629336673648,42.641648826487696,41.752272246045024,41.84894561767578,58731300
2024-07-19,41.82960470928891,41.91660888693392,41.375249149619215,41.423583984375,47220000
2024-07-22,41.52027007694656,41.73294415264699,41.326926990908554,41.655609130859375,29071100
2024-07-23,41.76193689663244,41.94561075123743,41.66526353548904,41.732933044433594,23800400
2024-07-24,41.60726114414914,41.6942653210098,41.162574768066406,41.162574768066406,47786900
2024-07-25,41.239918226541576,41.92628260275589,41.23025273277911,41.317256927490234,44862000
2024-07-26,41.53959500751674,42.09062027641988,41.52026033467833,41.96494674682617,32636300
2024-07-29,42.06161797560605,42.09062182978993,41.6942702412547,41.906944274902344,35195700
2024-07-30,42.16795753278037,42.53530896091123,42.148622858909064,42.39030075073242,31418700
2024-07-31,42.486970777867015,42.641644468958134,42.25495839737449,42.28396224975586,38694800
2024-08-01,42.43863445988449,42.496634787199845,41.50092316602964,41.68459701538086,47060900
2024-08-02,41.21091064464372,41.35591515127113,40.4085383613348,40.65988540649414,78599800
2024-08-05,39.770511990761044,39.85751617648711,39.306490896126,39.480499267578125,107913600
2024-08-06,39.65450916099306,40.592220566729196,39.548170297945205,40.1185302734375,57668900
2024-08-07,40.56321791157413,40.949904027236904,40.10886596653929,40.166866302490234,43912600
2024-08-08,40.42788142587946,40.8629024114947,40.36987739855998,40.81456756591797,41260500
2024-08-09,40.80489361248246,41.09490633974131,40.6405544191968,40.98857116699219,23838800
2024-08-12,41.06591073924023,41.17224961152454,40.688893783113926,40.77589797973633,20509300
2024-08-13,41.01757667596794,41.143250226310194,40.717894729063296,41.1142463684082,24922000
2024-08-14,41.21091105275455,41.69426678838902,41.18190720097259,41.61692810058594,30673000
2024-08-15,42.013281825626464,42.23562503297348,41.868277310075875,42.00361633300781,33329000
2024-08-16,41.95528693113558,42.31296920776367,41.95528693113558,42.31296920776367,25338900
2024-08-19,42.3226320584889,42.55464446174126,42.3226320584889,42.54497528076172,24458600
2024-08-20,42.4966454664175,42.53531481948621,42.322637065320784,42.40964126586914,19620400
2024-08-21,42.477307574159184,42.52564610569186,42.119625304632976,42.34196853637695,19914100
2024-08-22,42.39030181110589,42.58364486694336,42.35163615010805,42.58364486694336,24738700
2024-08-23,42.70931091405908,43.05732761597283,42.62230673858064,42.95098876953125,32762500
2024-08-26,43.09601104040704,43.3183542975713,42.989672159217044,43.086341857910156,23716300
2024-08-27,43.17333484056336,43.328008530898416,43.09599983925167,43.30867385864258,21583500
2024-08-28,43.19267675237192,43.65669790115196,43.15400740137885,43.41501998901367,24726200
2024-08-29,43.56002650407241,43.94670893571052,43.26034457719037,43.80170440673828,33726600
2024-08-30,43.927367946698126,44.256049994586284,43.72435942269087,44.217384338378906,28967700
2024-09-03,43.98537588798839,44.35272731257928,43.68569397743899,43.88870620727539,39893900
2024-09-04,43.966038586569105,44.24638580667791,43.71469521911027,43.93703842163086,32006100
2024-09-05,44.120711542222324,44.140046214428814,43.26033891144751,43.45368194580078,39523500
2024-09-06,43.45368809154134,43.695365996735994,42.71898519463077,42.81565856933594,51331300
2024-09-09,43.221669567034525,43.69535981681445,43.1636692381267,43.45368194580078,41010900
2024-09-10,43.598689824001795,43.63735917140218,42.51597391077451,43.00899887084961,59115000
2024-09-11,42.844653842534086,42.87365400777604,41.93594635040594,42.80598449707031,59397500
2024-09-12,42.883329508988496,43.0380032259307,42.53531272394047,42.90266418457031,37732700
2024-09-13,43.0283317565918,43.20234013986429,42.93166207153468,43.0283317565918,32912300
2024-09-16,43.21201046032503,43.59869289846087,43.21201046032503,43.589027404785156,37063700
2024-09-17,43.68569457483476,43.96604181553289,43.63735973381729,43.82103729248047,27893300
2024-09-18,43.84036169946961,44.16904373185896,43.58901835127138,43.68568801879883,41783900
2024-09-19,44.1303864622928,44.28506017235175,43.83070453567953,44.16905212402344,46457700
2024-09-20,44.0723832764542,44.140052795410156,43.830705369407994,44.140052795410156,48699200
2024-09-23,44.135195201283615,44.30983094429735,44.00906589141469,44.0866813659668,31615300
2024-09-24,43.95085628407005,43.95085628407005,43.56277146697984,43.7180061340332,40341400
2024-09-25,43.7374110494976,43.79562173662258,43.32021718669863,43.45604705810547,32546900
2024-09-26,43.582175232716814,43.76651895563655,43.43664480529698,43.67919921875,31445200
2024-09-27,43.776219322907565,44.086688674758314,43.70830438350813,43.805328369140625,23226100
2024-09-30,43.69860467201629,43.98966923231242,43.5045603981233,43.97026443481445,23593400
2024-10-01,43.853844225259714,43.9605687728176,43.44635083468297,43.73741912841797,32703000
2024-10-02,43.71801187441216,43.88294711058783,43.494862242540265,43.785926818847656,37709400
2024-10-03,43.62098118767564,43.708300917276794,43.33961720328455,43.55306625366211,23545700
2024-10-04,43.97995887308628,44.32923404687355,43.805319435649714,44.290428161621094,40432000
2024-10-07,44.290435469294046,44.30983656457842,43.562772260276645,43.74711227416992,26599300
2024-10-08,43.91204702805032,44.10609128862345,43.83443154447292,43.999366760253906,28763000
2024-10-09,43.99936325204376,44.49417626210654,43.91204352680245,44.406856536865234,28334300
2024-10-10,44.45537043889062,44.49418003141586,44.08668671207372,44.27103042602539,34127400
2024-10-11,44.55238462222478,45.21213280052305,44.52327928235707,45.124813079833984,52850300
2024-10-14,45.202432737328756,45.45468765474519,45.076303428077544,45.40617752075195,35850800
2024-10-15,45.71665352147802,45.9786127247468,45.444993770422926,45.50320816040039,42356800
2024-10-16,45.67784460858226,46.085334208217716,45.59052487993377,46.0659294128418,44973700
2024-10-17,46.25997349625651,46.38610281519536,46.16295322081818,46.19205856323242,45823400
2024-10-18,46.1920587912217,46.29878331538238,45.93980015209894,46.201759338378906,34279600
2024-10-21,46.12414866562235,46.23087320090749,45.74576436858354,45.83308410644531,26207400
2024-10-22,45.60022394658939,45.8233735345381,45.386774905470546,45.745758056640625,30018700
2024-10-23,45.697246892873615,45.81367566816105,45.48380154035274,45.70695114135742,20697200
2024-10-24,45.71664901397868,45.80396873979219,45.464394084454185,45.745758056640625,19617500
2024-10-25,45.93009884014143,46.007714319365526,45.13452074739182,45.24124526977539,25526500
2024-10-28,45.47410000412798,45.842783745688564,45.46439945615197,45.80397415161133,31415900
2024-10-29,45.68754480488166,45.81367412331342,45.48380000662854,45.522605895996094,27930900
2024-10-30,45.58081858341408,46.0174172070369,45.542008994406245,45.72635269165039,28704300
2024-10-31,45.66813925026779,45.80396911351124,45.09571075439453,45.09571075439453,53417100
2024-11-01,45.241245497877294,45.60022495590688,45.13452097495563,45.250946044921875,40139900
2024-11-04,45.22183828553804,45.26064787381445,44.65911035878822,44.90166473388672,41705600
2024-11-05,44.94047864565675,45.338267711044104,44.85315891417727,45.31886291503906,35221800
2024-11-06,47.579466678201314,48.200405280676044,47.24959258300086,48.074275970458984,153473400
2024-11-07,47.967555946755546,47.967555946755546,47.210787416747706,47.2981071472168,70611400
2024-11-08,47.637682556999565,47.996665732858176,47.39512815762363,47.72500228881836,60376500
2024-11-11,48.20040332508958,48.6467024648753,48.190699077958755,48.40414810180664,63654700
2024-11-12,48.384750653677955,48.452665589560134,48.11309091014923,48.25862503051758,58512400
2024-11-13,48.35564228759422,48.63700626214042,48.210108176322414,48.28772735595703,31880700
2024-11-14,48.394455877327246,48.50118040760278,48.07428228650064,48.16160202026367,38252800
2024-11-15,48.161596966664696,48.52057641176208,48.13249162549321,48.38474655151367,40741500
2024-11-18,48.42355654692179,48.61760079222804,48.21981175483899,48.53028106689453,27141600
2024-11-19,48.14219096757126,48.394449588365795,47.94814672874916,48.210105895996094,27014700
2024-11-20,48.40414983533567,48.4332551755988,47.83172136994947,48.0645751953125,33932500
2024-11-21,48.30713555627943,48.89896888891302,48.18100623102478,48.67581558227539,50881800
2024-11-22,48.646706788660154,49.26764542113203,48.63700624175299,49.21913528442383,42050800
2024-11-25,49.49079661595446,49.72365046122647,49.34526620110997,49.539310455322266,47492500
2024-11-26,49.55871798026842,49.7333537474825,49.24824493577785,49.63633346557617,28418400
2024-11-27,49.70424731741398,50.08263159010453,49.684842521239275,49.73335266113281,31803700
2024-11-29,49.90799058318508,50.034119903879315,49.72365057685222,49.810970306396484,15178400
2024-12-02,49.888586937138335,49.95650557375891,49.190032785774505,49.316162109375,55483600
2024-12-03,49.607219787828136,49.607219787828136,48.947471618652344,48.947471618652344,46924300
2024-12-04,48.89897139828963,48.9377772917478,48.59820259219735,48.76313781738281,41017400
2024-12-05,48.84075739231705,49.16092729712445,48.801947797465644,48.90867233276367,33599300
2024-12-06,48.89896774291992,49.0639029557759,48.76313417216714,48.89896774291992,23439400
2024-12-09,48.937769595149106,48.986283431243514,48.21010646676578,48.22951126098633,41998300
2024-12-10,48.26832062061823,48.49147020146765,47.919041728476174,48.219810485839844,38861800
2024-12-11,48.413861294597574,48.43326239027235,48.10339194858967,48.316837310791016,35035900
2024-12-12,48.44296825663198,48.481777851450396,48.1033935546875,48.1033935546875,23107300
2024-12-13,48.297425319589536,48.316830113460284,47.957850679566356,48.0645751953125,39160400
2024-12-16,48.09368566415338,48.151900051973456,47.889940858412686,47.97726058959961,35242800
2024-12-17,47.79291471311073,47.80261896118422,47.47274484732388,47.63768005371094,46103300
2024-12-18,47.725004909440116,47.83172944319969,46.17265814862797,46.21146774291992,72399500
2024-12-19,46.73537562114164,47.0846545164742,46.36669563258935,46.37639617919922,63641000
2024-12-20,46.27938407405527,47.43394178081011,46.182360085407765,47.06525802612305,56066100
2024-12-23,46.82751131915572,47.21725116128573,46.642381456039175,47.17827606201172,43033300
2024-12-24,47.27571730813042,47.753149300517165,47.18802518671056,47.733665466308594,18350500
2024-12-26,47.51930122235528,47.87006967187258,47.49007175718548,47.850582122802734,20805600
2024-12-27,47.59725475214028,47.9090481497025,47.246489967535645,47.499820709228516,33852400
2024-12-30,47.01264064918754,47.25622946084136,46.63264269770682,47.0418701171875,34819800
2024-12-31,47.15879600141416,47.32443461127287,46.92494910393501,47.09059143066406,25170500
2025-01-02,47.334181274430186,47.51930743950963,46.71059077321801,46.97366714477539,35879100
2025-01-03,47.24648762329959,47.3731511294261,46.84700212018992,47.34392166137695,25198100
2025-01-06,47.548533822989604,47.76289316002331,47.11007323217984,47.1977653503418,54289900
2025-01-07,47.40238481605603,47.50956077232737,46.88597400154343,47.09059143066406,57682700
2025-01-08,47.10033189280012,47.25622858068014,46.7885385170401,47.24648666381836,36422000
2025-01-10,46.866483132653684,46.90545823228621,45.94084867603682,46.10648727416992,53128700
2025-01-13,45.87264296571568,46.45725457813869,45.83366786705548,46.437767028808594,36002800
2025-01-14,46.62289452784601,47.051613191834534,46.51571857871897,47.012638092041016,39353300
2025-01-15,48.01622592232132,48.337764941542204,47.75314955665068,48.211097717285156,61176900
2025-01-16,48.19160439087409,48.57160230123637,48.19160439087409,48.532630920410156,33830400
2025-01-17,48.63006683901982,49.02955231376627,48.454682609436496,48.94186019897461,43693100
2025-01-21,49.107500691799714,49.40954840731977,49.097755058923,49.35108947753906,33267500
2025-01-22,49.35109543310885,49.3608373502913,48.92237673967414,49.11724853515625,37226400
2025-01-23,49.1951932863372,49.48749908872028,49.1854476533648,49.39980697631836,32048800
2025-01-24,49.234169902742224,49.59468402365617,49.1854528833099,49.545963287353516,39088700
2025-01-27,49.45826993792936,50.12083179299922,49.321860800156784,50.09160232543945,61707400
2025-01-28,50.0331395321745,50.22801132138661,49.799296358616154,50.003910064697266,39885300
2025-01-29,49.86750126590187,50.41314153602654,49.85775563209647,49.964935302734375,43612200
2025-01-30,50.42288381752676,50.70544773000234,50.11109043716414,50.4423713684082,64250500
2025-01-31,50.50083486371087,50.63724400528686,50.12083319048732,50.15006637573242,40424200
2025-02-03,49.44852649685384,50.08185886484238,49.11724557953016,49.9454460144043,77416200
2025-02-04,50.0039097808211,50.072114349127595,49.69211640659989,49.82852554321289,41742700
2025-02-05,50.042885728171576,50.36442102464447,49.828526385942794,50.354679107666016,34758600
2025-02-06,50.64698770886851,50.79314248963812,50.43262835490519,50.77365493774414,34355900
2025-02-07,50.832104037754824,50.91979614586927,50.452106141548825,50.49108123779297,40601400
2025-02-10,50.57877994141022,50.646984510296505,49.87724298501384,50.09160232543945,37921500
2025-02-11,50.01365564229311,50.315703384206095,49.7116041835099,50.21826934814453,45162900
2025-02-12,49.964934624755664,50.06237237713628,49.614166149925865,50.042884826660156,45473100
2025-02-13,50.17929659787299,50.44237296780862,49.96493724825054,50.374168395996094,36372200
2025-02-14,50.44237011169861,50.68595891634258,50.422882561302664,50.47159957885742,29574300
2025-02-18,50.54954736885982,50.86134072657968,50.42288015576425,50.83210754394531,33496800
2025-02-19,50.70544197785241,50.91005566359032,50.569032854027135,50.851593017578125,31748500
2025-02-20,50.77364996916012,50.81262506913408,49.73109020451255,50.072113037109375,47078900
2025-02-21,50.09160646200387,50.17929858879503,49.35109806000003,49.44853210449219,51789900
2025-02-24,49.68237130779441,50.091598691423755,49.3803198697323,49.66288375854492,56673900
2025-02-25,49.95519247740914,50.09160161324227,49.01981236009326,49.653141021728516,50132800
2025-02-26,49.6628885942355,50.00391144713211,49.44852924848886,49.545963287353516,31250500
2025-02-27,49.72134505551227,50.471599011405026,49.68237367202873,49.818782806396484,44378600
2025-02-28,50.072116360496835,50.919804398407514,49.857757013282736,50.84185791015625,63537100
2025-03-03,50.9782634226761,51.290056787222674,50.05262524554779,50.41313934326172,76100100
2025-03-04,49.906473358460424,49.96493229028726,48.3669903946065,48.639808654785156,99342400
2025-03-05,48.65929836980342,49.15622161366597,48.289046062189584,48.9223747253418,75561700
2025-03-06,48.347502062290765,48.678782965802824,47.80186555076735,48.1136589050293,55477700
2025-03-07,47.938282699055755,48.06494993193884,47.012644397594286,47.86033248901367,87351400
2025-03-10,47.05161625188517,47.363409636770946,46.24289960448933,46.78853988647461,78221400
2025-03-11,46.72033043144537,46.84699764233474,46.06751054474166,46.3890495300293,72972200
2025-03-12,46.88597126783865,46.95417583461205,46.00905381637914,46.45725631713867,60700100
2025-03-13,46.574182137499555,46.847004146282025,46.06751694046978,46.20392608642578,49986300
2025-03-14,46.6423825058551,47.35366135769996,46.398793705214935,47.27571487426758,49535700
2025-03-17,47.090588336734214,48.06494353128494,47.08084270334145,47.83109664916992,43570500
2025-03-18,47.870074168075284,48.02597085840671,47.59725217234258,47.77263641357422,32714200
2025-03-19,47.80186665501785,48.5521205925638,47.60699487488499,48.29878616333008,44290700
2025-03-20,48.02596631939478,48.69827003599535,47.93827420706689,48.36698913574219,46326000
2025-03-21,48.12340005140843,48.366988837833354,47.772631604257356,48.19160461425781,53382800
2025-03-24,48.68935457529644,49.15874335774645,48.56222728097546,49.04139709472656,43158200
2025-03-25,49.21742050000749,49.393438037025355,48.97294693200914,49.315208435058594,24873700
2025-03-26,49.461900816419146,49.784604030412794,48.982730916402986,49.16852951049805,39729200
2025-03-27,49.080509417508075,49.33476400298322,48.6893539688569,49.07073211669922,32299800
2025-03-28,48.92405402179657,49.18808594871731,47.93638235179321,48.1221809387207,45365400
2025-03-31,47.64301078989145,48.95338928185815,47.50610618676175,48.70891571044922,38042300
2025-04-01,48.523114547187554,48.865379793412664,48.11240072816232,48.65024185180664,37959100
2025-04-02,48.25908225194058,49.21742194944305,48.180852647669994,49.051177978515625,41792100
2025-04-03,47.13450854332682,47.574561748089046,46.54776969352021,46.635780334472656,101160600
2025-04-04,45.0515922936355,45.38407652102056,43.11536193311224,43.222930908203125,128135300
2025-04-07,41.89299237299471,44.64087672593802,41.27691791343531,43.115360260009766,179993200
2025-04-08,44.78755807687283,45.19827562159218,42.28415106285278,42.94911575317383,98804200
2025-04-09,42.284154736158605,46.557552142724454,42.11791075135838,46.185951232910156,177242900
2025-04-10,45.501419753182155,45.56987205450069,43.55541222077702,44.89512634277344,93318200
2025-04-11,44.59197814536148,45.931696008934246,44.36706290623782,45.63832473754883,63647400
2025-04-14,46.30329530423421,46.567327222523346,45.8339064707327,46.10771942138672,52008900
2025-04-15,46.37174522857958,46.84113776835333,46.18594665726502,46.22506332397461,41840100
2025-04-16,46.12727080164548,46.29351476689246,45.159157565948725,45.50141906738281,47934300
2025-04-17,45.4720887646089,46.16639288056442,45.40363645629616,45.6187744140625,61866600
2025-04-21,45.38407868290121,45.520983301221676,44.142152354696734,44.6408805847168,43082300
2025-04-22,45.315623437666694,46.23484276566856,45.1787188282165,46.117496490478516,38154800
2025-04-23,46.97804122172213,47.65278691928079,46.5086524238069,46.66511535644531,50290900
2025-04-24,46.498868696248024,47.27140601339673,46.31307014025304,47.18339538574219,26817900
2025-04-25,46.9487036176681,47.16384155700195,46.64555877264754,46.9584846496582,28113000
2025-04-28,47.15406508898956,47.49632660727976,46.772686902788834,47.105167388916016,33922800
2025-04-29,47.114946292284124,47.682123029876955,46.89980835886756,47.594112396240234,42475300
2025-04-30,47.08560892677123,47.84836523666651,46.44997618161151,47.68212127685547,33759900
2025-05-01,47.506103977514435,47.985270066184995,47.36919565038093,47.67234420776367,34420200
2025-05-02,48.39599453556941,48.83604402252724,48.2395315838937,48.6600227355957,35032100
2025-05-05,48.24930754630964,48.728477420842204,48.01461126012878,48.34709548950195,24139900
2025-05-06,47.91682120872362,48.46444336547107,47.887485573130796,48.07328414916992,28949100
2025-05-07,48.229749063235325,48.62090829554318,48.17107405927788,48.356876373291016,30070100
2025-05-08,48.73825035234401,49.25653311945324,48.6306813862563,48.757808685302734,31294200
2025-05-09,48.85559661972579,48.933829951560696,48.62090408496223,48.757808685302734,22075000
2025-05-12,49.98017967841489,50.06819031711006,49.43255751204819,49.7454833984375,44274100
2025-05-13,49.87261047461464,50.18553635955511,49.784599836326954,49.950843811035156,33986100
2025-05-14,49.98018212448316,50.038853399570804,49.66725622277901,49.81393814086914,38764200
2025-05-15,49.74547921904959,50.224649040659145,49.70636628431513,50.14641571044922,34742500
2025-05-16,50.13664001731645,50.52779548979954,50.02907105001315,50.44956588745117,53401000
2025-05-19,50.18553337602917,50.62558654130645,50.107303774630196,50.47890090942383,26348400
2025-05-20,50.24420623330931,50.3811108277002,49.98017434539671,50.2050895690918,26903000
2025-05-21,49.892165120286705,50.03884701967505,49.13918609957414,49.17830276489258,40022000
2025-05-22,49.070742560453304,49.40322681427333,48.865385626427425,49.11963653564453,33662800
2025-05-23,48.49378064230848,49.17830742881753,48.474222307794406,48.94361114501953,33645600
2025-05-27,49.324987406218845,49.83349289251439,49.148966132871514,49.80415725708008,38636400
2025-05-28,49.76503959771363,49.89216689934641,49.393438724678944,49.47167205810547,31730200
2025-05-29,49.637910998241,49.73570266246728,49.246755532447544,49.725921630859375,34098400
2025-05-30,49.559683070714534,49.92150291464297,49.3445451325227,49.833492279052734,37953200
2025-06-02,49.491230390767626,49.87260856528995,49.17830451780722,49.853050231933594,30142300
2025-06-03,49.69658919803928,49.99973778111258,49.29565267481113,49.950843811035156,33705400
2025-06-04,50.01929028432894,50.07796154943405,49.65746674111903,49.6672477722168,24600500
2025-06-05,49.67702781798651,49.755261149610156,49.33476631805952,49.53034591674805,42014400
2025-06-06,50.038846746595816,50.30287864049857,49.92150048165143,50.14641571044922,34982800
2025-06-09,50.2050962287233,50.22465456342644,49.569463407169394,49.87261199951172,28322100
2025-06-10,49.86282593451395,49.95083656002575,49.75525697773616,49.931278228759766,27728600
2025-06-11,49.98018097519354,50.2050962287233,49.686813415388244,49.87261199951172,39368400
2025-06-12,49.57924443970642,49.88238930167783,49.38366482304592,49.87261199951172,25500900
2025-06-13,49.2369804752367,49.34454945375271,48.708920345822385,48.8556022644043,54921900
2025-06-16,49.20764129003055,49.7552634455542,49.19786398831171,49.41299819946289,35632400
2025-06-17,49.15874160745967,49.3640984930254,48.98272035401181,49.1294059753418,31130700
2025-06-18,49.10985565185547,49.6476968004841,49.04140334550478,49.10985565185547,45728200
2025-06-20,49.25653862440828,49.461899278240914,49.10985670638039,49.246761322021484,44456100
2025-06-23,49.2585339382239,49.88653057520232,48.90528489413474,49.866905212402344,43022700
2025-06-24,50.35752586280253,50.799087148709745,50.318275138909655,50.61265182495117,41225000
2025-06-25,50.622463445415406,50.63227425496829,50.337901307365414,50.445838928222656,33123900
2025-06-26,50.47527591149188,50.85796486699846,50.4458397392049,50.8187141418457,37866000
2025-06-27,50.779465085273614,51.25046257311781,50.73040354879813,50.96590042114258,38954100
2025-06-30,51.20139731926836,51.456519536311426,51.16214659567557,51.38783264160156,42472900
2025-07-01,51.26027243833793,51.780331415096015,51.2308325246208,51.672393798828125,33844800
2025-07-02,51.76071118369653,51.77052199380462,51.35840059246889,51.633148193359375,40791100
2025-07-03,51.76070854901721,52.27095674123827,51.711647014663384,52.19245529174805,25904800
2025-07-07,52.13358170119608,52.25133012946075,51.4368944546721,51.692020416259766,34049000
2025-07-08,51.57426934723005,51.613516325872006,51.201394976470056,51.230831146240234,53715000
2025-07-09,51.49576836153716,51.51539372261008,51.1621447096074,51.41727066040039,36634900
2025-07-10,51.29952249695376,51.770519969991796,51.29952249695376,51.721458435058594,27992600
2025-07-11,51.378024022579545,51.42708555758456,51.10327643202731,51.1817741394043,30289900
2025-07-14,51.17196093487036,51.593896853846665,51.04439795530299,51.564456939697266,27636500
2025-07-15,51.35839354847586,51.46633116063746,50.68133544921875,50.68133544921875,47704600
2025-07-16,50.956090149548245,51.083653140256665,50.367344219310716,51.03458786010742,46726500
2025-07-17,50.897207133196645,51.61351595666766,50.83833479407741,51.525203704833984,48213900
2025-07-18,51.593900078910046,51.66258697762715,51.44671172842753,51.554649353027344,29791300
2025-07-21,51.584087604163514,51.947147475317934,51.38783770999842,51.40746307373047,36871400
2025-07-22,51.51539590228524,51.760707311343744,51.48595973100784,51.692020416259766,32289100
2025-07-23,51.80976450308233,52.1041374206543,51.574267666286644,52.1041374206543,32111300
2025-07-24,52.123768565764536,52.43776687844374,52.01583094393947,52.07470703125,32371900
2025-07-25,52.10413956230879,52.486828488352344,51.996205691181245,52.43776321411133,28964700
2025-07-28,52.37889453428836,52.43776687844374,51.966769409424934,52.07470703125,29119300
2025-07-29,52.25132996026429,52.300391493286114,51.69202024887443,51.80976867675781,37883200
2025-07-30,51.79014091956744,52.035452316485674,51.45651727003246,51.71164321899414,37260100
2025-07-31,51.49577025990422,51.996207627824695,51.28970957577462,51.38783264160156,46179400
2025-08-01,50.7500296714811,50.789276655355636,50.09259309477427,50.436031341552734,63060800
2025-08-04,50.632271106252404,50.936458587646484,50.52433723526246,50.936458587646484,40053100
2025-08-05,51.073834560486745,51.11308528424962,50.396776419774895,50.73040008544922,33551000
2025-08-06,50.83833803161009,51.05420952738598,50.691149688128974,50.975711822509766,34198700
2025-08-07,51.20139598114371,51.270082874058474,50.25940109846556,50.406585693359375,43119400
2025-08-08,50.70096184513628,50.99533853992275,50.53415187836876,50.877586364746094,39484400
2025-08-11,50.98551897648722,51.0542058670125,50.750022135587656,50.85795974731445,29351200
2025-08-12,51.07383612499254,51.56445895759219,51.06402531532881,51.47614669799805,37510000
2025-08-13,51.67239618807754,51.91770760251831,51.50558622297228,51.7705192565918,41154900
2025-08-14,51.72145804312865,52.05508171856354,51.544833524183396,52.015830993652344,35841500
2025-08-15,52.133583240122256,52.16301941226859,51.43689597303284,51.47614669799805,46108500
2025-08-18,51.40745469211667,51.574268385063625,51.30933163261008,51.5153923034668,25405100
2025-08-19,51.466336968950564,51.87845836027293,51.466336968950564,51.613521575927734,24870800
2025-08-20,51.65277006693124,52.01582990688656,51.525207085212585,51.878456115722656,39138800
2025-08-21,51.73126857992618,51.80976628049949,51.3682050174157,51.71164321899414,29037000
2025-08-22,51.976577053745096,52.67326048345508,51.956951693916764,52.56532287597656,47249800
2025-08-25,52.46720333644667,52.57514095115938,52.24151729802686,52.261138916015625,24756500
2025-08-26,52.104146202532895,52.68308132670128,52.104146202532895,52.663455963134766,27907000
2025-08-27,52.5358959492095,52.92839198535481,52.506456032711,52.771392822265625,39530100
2025-08-28,52.879327170661114,52.89895253272507,52.69289184578615,52.8400764465332,28837300
2025-08-29,52.889142879519234,53.12463974312492,52.79101606705424,52.977455139160156,36062400
2025-09-02,52.69289092599556,52.69289092599556,52.123766665540536,52.58495330810547,38733100
2025-09-03,52.49664306640625,52.59476613562345,52.133583218516414,52.49664306640625,36420100
2025-09-04,52.68307519444054,53.06576412470987,52.565326769902626,53.046138763427734,32730000
2025-09-05,53.09520341903498,53.23257721293774,51.878457150036716,52.07470703125,58377100
2025-09-08,52.0943272762098,52.17282497509082,51.8490158845801,52.11395263671875,49490900
2025-09-09,51.98639254859916,52.5849529762817,51.96676718700162,52.33964157104492,38884500
2025-09-10,52.17282808221058,52.39851786992693,51.937331228387876,52.16301727294922,32915900
2025-09-11,52.19245425709689,53.05595146859592,52.182643447682665,53.016700744628906,36635400
2025-09-12,52.948018606516264,53.05595623554596,52.702707174414364,52.791019439697266,25705900
2025-09-15,52.87932805488653,53.07557793565262,52.61439127732559,52.67326736450195,31922000
2025-09-16,52.60457682030764,52.663449160246884,52.270953169084024,52.55551528930664,28482500
2025-09-17,52.66345865133731,53.311084452624186,52.643837029924576,53.065773010253906,47976100
2025-09-18,53.09520465419645,53.47788987272949,52.97745621999134,53.114830017089844,36609100
2025-09-19,53.242389087424954,53.389577437067466,52.908765405636444,53.23257827758789,46731400
2025-09-22,52.86635537552583,53.22076729232018,52.80728547090095,53.16169738769531,32393000
2025-09-23,53.11246783638064,53.64408564642642,52.79743589460765,52.9254150390625,28698900
2025-09-24,52.99433781547717,53.12231697446619,52.66945897617256,52.77775192260742,23893400
2025-09-25,52.63992691040039,52.87619902035106,52.41349790691539,52.63992691040039,24757500
2025-09-26,52.87619188070611,53.26013682414161,52.80727887831907,53.02386474609375,30686100
2025-09-29,53.201077501463075,53.30937044923096,52.90573548830904,53.28968048095703,20713800
2025-09-30,53.22076328589516,53.39796923095239,52.59069561709326,53.03371047973633,32442200
2025-10-01,52.77775074399004,52.92541986771292,52.54147488836519,52.56116485595703,33210100
2025-10-02,52.48240955576636,52.64976864967905,52.236290590263664,52.521785736083984,32443400
2025-10-03,52.59069399756838,53.13215867716732,52.551317820806034,52.88603973388672,32111600
2025-10-06,53.09278489940448,53.230610922741974,52.47256403890826,52.866355895996094,32001300
2025-10-07,53.043557527037144,53.21091661158025,52.689145635678585,52.935264587402344,31250500
2025-10-08,53.09278403432901,53.11247400241032,52.511943120101094,52.67930221557617,26848700
2025-10-09,52.79744121723404,52.97464717178049,52.364269437019445,52.492252349853516,33922400
2025-10-10,52.630079579583004,52.84666547467281,51.35026168823242,51.35026168823242,73596200
2025-10-13,51.734202026795245,52.0000109408213,51.52746301215623,51.84249496459961,39651900
2025-10-14,51.635757313947266,52.817129044555045,51.43886139959977,52.41349411010742,62588700
2025-10-15,52.60054316322508,52.925418229742824,52.0393922483949,52.41349411010742,39526600
2025-10-16,52.265821315053444,52.29535438783351,50.73988454862217,50.95646667480469,85420100
2025-10-17,51.094297308933584,51.54715529145529,50.92693446423287,51.36994934082031,52288900
2025-10-20,51.54715694969883,52.07877481870561,51.47824393951025,51.970481872558594,39479600
2025-10-21,51.842498276118796,52.30520312884722,51.842498276118796,51.91141128540039,31213600
2025-10-22,51.96063484353467,52.000014779366325,51.31088092422194,51.61606979370117,53727500
2025-10-23,51.77358446047261,51.8621874360943,51.47824246022606,51.724361419677734,29483700
2025-10-24,52.02954140643722,52.45286627547915,51.99016523096211,52.28550720214844,31947800
2025-10-27,52.54147808029186,52.60054798665594,52.37411897880997,52.50210189819336,27154100
2025-10-28,52.502099414530825,52.57101242429014,52.11815067454371,52.16737747192383,33648000
2025-10-29,51.63576110286492,51.76374401990348,51.06476328490634,51.281349182128906,61846300
2025-10-30,51.21243136377221,52.00001124955668,51.21243136377221,51.41917037963867,48568700
2025-10-31,51.202583511236384,51.68497829439397,51.13367050728203,51.5569953918457,40425800
2025-11-03,51.517625732008675,51.527468838614304,50.848181818499995,51.34041976928711,38693200
2025-11-04,51.1435229480934,51.72436387013595,51.03522999992788,51.606224060058594,44675200
2025-11-05,51.675139003272406,52.00001408082588,51.36995013789292,51.78342819213867,38036300
2025-11-06,51.69482440765696,51.88187721968294,51.360102473769565,51.596378326416016,42625700
2025-11-07,51.46839441662144,51.9803222911799,51.28134536370626,51.96063232421875,46218700
2025-11-10,52.10830225824128,52.32488812711496,51.83265024729441,52.147682189941406,42010600
2025-11-11,52.246134701420765,52.511943639933754,52.05908563601271,52.38396072387695,29995800
2025-11-12,52.39380755329858,53.053404590495326,52.39380755329858,52.83681869506836,46052700
2025-11-13,52.73836880126254,52.925417853048884,52.05908184484952,52.157527923583984,50455300
2025-11-14,51.99016934192747,51.99016934192747,51.45855149846986,51.63575744628906,46154600
2025-11-17,51.65544908242338,51.67513905009255,50.45438734294587,50.651283264160156,70048500
2025-11-18,50.483918236770194,50.94662306832214,50.3559390856629,50.5725212097168,66043600
2025-11-19,50.58237274257431,50.84818168596382,50.39531991825714,50.759578704833984,46003900
2025-11-20,51.22227865640706,51.5766905728502,50.287029578043445,50.31656265258789,70096400
2025-11-21,50.661127484257044,51.163212282167805,50.34609550557781,50.86786651611328,68942900
2025-11-24,50.93678064815287,51.16320963640207,50.533145711625636,51.084449768066406,43789100
2025-11-25,51.301036508982676,51.8424974686809,51.10414059032588,51.724361419677734,50989800
2025-11-26,51.85234255322192,52.3248942782207,51.78342954238407,52.12799835205078,35268500
2025-11-28,52.27566913486984,52.71868404390654,52.206756121850525,52.50210189819336,16136100
2025-12-01,52.24613372057445,52.57101255781701,52.01970472286481,52.06892776489258,29296300
2025-12-02,52.16737578779521,52.31504490873622,51.82280699464502,52.01970291137695,29771500
2025-12-03,52.118154233681686,52.76790819541066,52.05908808155573,52.718685150146484,32018000
2025-12-04,52.758063763388606,53.07309575173962,52.63992770662636,52.82697677612305,33678700
2025-12-05,52.708838409282585,53.09278339354083,52.62023543172473,52.84666442871094,28532300
2025-12-08,52.86635472147993,52.87619782772358,52.452872905176164,52.6497688293457,31164200
2025-12-09,52.669459123455866,53.11247401671125,52.42334015558925,52.45287322998047,46335400
2025-12-10,52.452871089061844,53.240454758470904,52.38395808131014,53.053401947021484,45437500
2025-12-11,53.12231936070719,54.12648524255913,53.09278628507193,54.018192291259766,51786500
2025-12-12,54.30368190660457,54.3529049427253,53.860667070564105,54.09694290161133,64428900
2025-12-15,54.323374886008686,54.451357791404625,53.96896299751354,54.13632583618164,35356800
2025-12-16,54.185551330579706,54.303687380272656,53.634243506217096,53.7917594909668,37342300
2025-12-17,53.94927283992281,54.21508175535333,53.73269071864682,53.78191375732422,41112400
2025-12-18,53.91974259279371,54.16586155455259,53.51610764572823,53.69331359863281,35021600
2025-12-19,53.712999262305054,54.16585721434016,53.712999262305054,53.988651275634766,46595300
2025-12-22,54.08843431294006,54.77009541607737,54.078556805040726,54.651546478271484,37987800
2025-12-23,54.64167063256249,54.88864979218943,54.64167063256249,54.76021957397461,24732900
2025-12-24,54.83924817847691,55.21465753737746,54.74045802705173,55.05659103393555,15685800
2025-12-26,55.036834400127105,55.125747047324516,54.770096458534866,54.94792175292969,20410100
2025-12-29,54.91828441478681,55.00719706029192,54.59227012506715,54.651546478271484,34223800
2025-12-30,54.73058368222786,54.73058368222786,54.473723243914115,54.513240814208984,16160900
2025-12-31,54.55275566600397,54.592269465726844,54.088433659684846,54.108192443847656,22996200
2026-01-02,54.167468088825146,54.33541209911129,53.68338730466606,54.266258239746094,36087100
2026-01-05,54.15759097243102,55.82716877029293,54.15759097243102,55.45176315307617,58044100
2026-01-06,55.362847647923985,55.83704716779837,55.31345257121676,55.71849822998047,38950800
2026-01-07,55.55055276941356,55.659224203874665,54.868891637706994,54.938045501708984,44720900
2026-01-08,54.77997747656132,55.570310020916004,54.74045990719288,55.22454071044922,35358300
2026-01-09,55.30357018110121,55.48139546854869,55.046713526234115,55.05659103393555,29544900
2026-01-12,54.36504966702563,54.69106395620361,54.17734686842795,54.621910095214844,42021600
2026-01-13,54.48359985660493,54.5626312218261,53.49568329542336,53.57471466064453,77045100
2026-01-14,53.39689546355102,53.52532568634997,53.04124485801731,53.495689392089844,59754600
2026-01-15,53.56483891152433,54.03903842422513,53.554957635170695,53.7130241394043,48490800
2026-01-16,53.713026922485156,54.098313810980095,53.633995550574795,53.78218078613281,44363200
2026-01-20,52.96220888888598,53.456167182916104,52.45836931855774,52.55716323852539,57030800
2026-01-21,52.725109416884614,53.17955393021078,52.59668296855163,52.814022064208984,49360300
2026-01-22,53.00172734775736,53.39689172846199,52.99184607129315,53.159793853759766,46919300
2026-01-23,52.843660758664214,52.86341577435603,52.24103102778925,52.428733825683594,47057500
2026-01-26,52.45837383862954,52.90293709528295,52.44849633008304,52.76462936401367,31072700
2026-01-27,52.67571784910045,52.78438928847164,52.20151828797419,52.35958480834961,38633700
2026-01-28,52.290428386960194,52.5670438419544,52.12248059742591,52.34970474243164,45450800
2026-01-29,52.675714654354955,52.98197016777201,52.34970412461682,52.90293502807617,51975400
2026-01-30,52.73498934807103,53.01160479108782,52.379338767847855,52.79426193237305,42767000
2026-02-02,52.80414275041066,53.43640876816167,52.557163601689005,53.377132415771484,48031500
2026-02-03,53.070881463935606,53.51544092329188,52.51764680596403,52.883174896240234,66887100
2026-02-04,52.86341635374665,53.525322444759944,52.7547486918396,53.307979583740234,59506400
2026-02-05,53.288219727375676,53.406772432057906,52.53740477406857,52.64607620239258,64475000
2026-02-06,53.17955417324381,53.693267506129146,53.17955417324381,53.60435485839844,53073800
2026-02-09,53.426534764583685,53.73278651717949,53.24870946435251,53.28822326660156,31699900
2026-02-10,53.05112403070443,53.60435493416378,52.47813057371824,52.90293502807617,57920800
2026-02-11,53.021485003639405,53.27834544406019,52.05332713509074,52.102725982666016,60339900
2026-02-12,52.260792632428576,52.46825422581353,50.80855394152796,51.06541061401367,94645100
2026-02-13,50.927100243359305,51.30250960853685,50.63072601552556,51.02589416503906,56449300
2026-02-17,51.19384261644234,51.776713614766145,51.19384261644234,51.569252014160156,54064700
2026-02-18,51.717430988049166,52.142235415097275,51.64827712956251,51.954532623291016,45224000
2026-02-19,51.509974222216755,51.74707587959744,51.11480981805295,51.51985549926758,47344400
2026-02-20,51.41118397148268,51.86562473133057,51.09505094127518,51.85574722290039,52934100
2026-02-23,51.55936945210823,51.835988681293344,50.02809937322396,50.11701202392578,94600400
2026-02-24,49.840396160789126,50.561574869055484,49.63293456702819,50.363990783691406,64114100
2026-02-25,50.6208517539646,51.26299532735113,50.55169412005232,51.24323654174805,47652800
2026-02-26,51.44081523501081,52.023686159070344,51.35190259342198,51.86561965942383,60884300
2026-02-27,51.25311886667782,51.43094417213801,50.39362863408587,50.808555603027344,81998700
2026-03-02,49.998461257348,51.00613667238333,49.850272255377,50.68012237548828,70107200
2026-03-03,49.68233167261712,50.927105054556456,49.47487007039441,50.59121322631836,94738700
2026-03-04,50.70975680610852,51.02588979117979,50.46277767598394,50.87770080566406,51472400
2026-03-05,50.62085082037784,51.193840517887594,50.29483651684414,50.61096954345703,58430700
2026-03-06,49.830512199471386,50.00833748985949,49.148851098718815,49.95894241333008,75632700
2026-03-09,49.31679430024638,49.90954651464329,48.58573813500704,49.72184371948242,78178700
2026-03-10,49.721842753889035,50.077489553297305,49.14884933462643,49.45510482788086,70834200
2026-03-11,49.37607584724688,49.51438358124371,48.62526081900559,49.040184020996094,56301200
2026-03-12,48.38815639517633,48.62525804608063,48.2004535909708,48.23997116088867,67871700
2026-03-13,48.51658679375658,48.86235611031813,48.259726356936945,48.29924392700195,47595200
2026-03-16,48.65489340551803,49.148851714203495,48.516585682062555,48.704288482666016,45720100
2026-03-17,49.0994588527437,49.58353590668259,48.911752275066874,48.961151123046875,46974000
2026-03-18,48.7734412014779,49.10933299425712,48.32887798035794,48.37827682495117,49239100
2026-03-19,48.18069409405338,48.58573975821898,47.93371493862063,48.39803695678711,58374000
2026-03-20,48.368397211877046,48.743806585799284,48.20045319401356,48.4869499206543,82914000
2026-03-23,49.35184619383661,49.51072522279646,48.87520910695705,48.92485809326172,81044800
2026-03-24,48.4581506499726,49.24261753474188,48.43829029729775,48.93478775024414,43296400
2026-03-25,49.2426144028228,49.600093152283904,48.64681901237078,48.99436569213867,40438800
2026-03-26,48.76597906660724,49.14331818089529,48.53759069921508,48.706398010253906,45035700
2026-03-27,48.44822073253361,48.497869718557645,47.33606374812615,47.4750862121582,64823900
2026-03-30,47.89214221101713,48.378711364894436,47.75312353504499,48.02123260498047,58128900
2026-03-31,48.57731000310723,49.1135281727184,48.170182234619126,49.0241584777832,85361900
2026-04-01,49.45114484370942,49.500793830694064,48.795768366777395,49.093666076660156,61558300
2026-04-02,48.487939635041045,49.461074119261,48.25954748946139,49.18303298950195,39519800
2026-04-06,49.16317540552319,49.65967285121328,49.10359813634432,49.53058624267578,27345800
2026-04-07,49.272405449650996,49.669604921393024,49.153247123318344,49.53058624267578,31750000
2026-04-08,50.83140704116497,51.119376468298135,50.60301867108605,50.841339111328125,48175400
2026-04-09,50.583157285814806,51.178956480266194,50.444138610168594,50.970428466796875,30330500
2026-04-10,50.87112532067675,50.93070637489056,50.28525821215233,50.41434860229492,35427500
2026-04-13,50.14624088018934,51.30804305859156,50.06679947244826,51.29811477661133,33635900
2026-04-14,51.149161603958746,51.546361047866654,51.07965226947106,51.41727066040039,36498400
2026-04-15,51.7052407584906,51.96342153687179,51.45699204972582,51.80453872680664,33804700
2026-04-16,51.725100767735945,52.04285880981583,51.55628967714526,51.66551971435547,25432000
2026-04-17,52.0031401966674,52.60886767245796,51.93363085891846,52.062721252441406,45183400
2026-04-20,51.973348801143,52.39040480547617,51.89390739766547,52.26131820678711,26160600
2026-04-21,52.3407558050269,52.817392861811015,51.83433011593585,51.93362808227539,34150100
2026-04-22,52.112370238455384,52.28118133582828,51.705242493935216,51.844261169433594,31838400
2026-04-23,51.715174930002455,51.80454083233424,50.940636351353454,51.4371337890625,44647900
2026-04-24,51.21867819835163,51.30804410191534,50.960497405917955,51.05979537963867,27225300
2026-04-27,50.95056980950622,51.53643695348366,50.910849104293355,51.44706726074219,25764300
2026-04-28,51.83433254842212,52.03293227839572,51.43713308847491,51.48678207397461,24337500
2026-04-29,51.76482529580525,51.93363261089743,51.33783718495747,51.55629348754883,22153100
2026-04-30,51.14916436350409,51.88398223798544,50.84133837644386,51.76482391357422,31406400
2026-05-01,52.03293437387072,52.24146239415221,51.55629348754883,51.55629348754883,39618200
2026-05-04,51.41727346556605,51.82440121319468,51.129307830395675,51.21867752075195,44456300
2026-05-05,51.20874682512496,51.40734656324415,51.02007915729796,51.228607177734375,27419600
2026-05-06,51.55629003407479,51.87405186632923,51.41727136319923,51.47685241699219,39084600
2026-05-07,51.417273100401495,51.71517459145662,51.059794341515186,51.18888473510742,36983100
2026-05-08,51.31797410923097,51.37755516385333,50.781755981553864,50.88105773925781,29627700
2026-05-11,50.90091359975721,51.099513324447216,50.603015906709544,50.821475982666016,30759200
2026-05-12,50.82147805517408,51.337835845235375,50.4540710116982,51.21867752075195,44193700
2026-05-13,50.78175563889149,50.97042708326851,50.60301626420521,50.632808685302734,33440200
2026-05-14,50.91084948611181,51.12930957844601,50.74203838167857,50.93070983886719,37059700
2026-05-15,50.960498820626725,51.13923820866589,50.682461456110246,50.74203872680664,29789800
2026-05-18,50.65266626419981,51.437133114607974,50.61294934856473,51.37755584716797,32974600
2026-05-19,51.26832860846639,51.42720764361509,50.69238973856798,50.74203872680664,35956300
2026-05-20,50.87112667994005,51.3477637624621,50.4242782313335,51.29811477661133,42148400
2026-05-21,51.099517110187215,51.46692795387472,50.85126838292671,51.36762619018555,33344200
2026-05-22,51.53643588509911,51.80454116979058,51.476854828514966,51.57615280151367,23308000
2026-05-26,51.63573281844851,51.86412118212698,51.35769546927033,51.48678207397461,24530200
2026-05-27,51.37755722908971,51.62580595136639,50.94063705357883,51.05979537963867,45239100
2026-05-28,50.83140530351509,51.139235072476644,50.66259799626101,50.91084671020508,40564600
2026-05-29,50.92077602758113,51.42720553559165,50.81154598514848,51.21867752075195,34240300
2026-06-01,50.871129110451804,51.238536168871185,50.83140840468349,51.06972885131836,34507600
2026-06-02,50.871125646912795,51.298113734913336,50.62287693472526,51.09951400756836,30988800
2026-06-03,50.781758061637035,50.80161841399133,50.166102290553496,50.513648986816406,44906700
2026-06-04,51.178957450874094,51.933631899255126,51.119376393906556,51.82440185546875,57368100
2026-06-05,52.01306948572672,52.11236745206626,51.69531144787064,51.93362808227539,42101700
2026-06-08,51.87405082719652,52.10243918019914,51.596009703040394,51.60594177246094,39102700
2026-06-09,51.814472870593974,52.33083066005186,51.67545419419663,52.09251022338867,41695100
2026-06-10,52.13222954705454,52.4400593137652,51.84426013187116,51.86412048339844,31128400
2026-06-11,51.98328327777492,52.400343119786434,51.675457272550425,52.25139236450195,41295600
2026-06-12,52.58900762789815,53.174874755188235,52.4400606695548,52.966346740722656,51023300
2026-06-15,53.38340276818279,53.59193457061746,53.10536541556968,53.18480682373047,37492400
2026-06-16,53.631654187788115,54.04871402568711,53.47277515143969,53.96927261352539,37478300
2026-06-17,53.90969189322328,54.505487294416966,53.5224245036499,53.67137145996094,49571900
2026-06-18,54.167867143504076,54.22744819689202,53.08550262879173,53.194732666015625,37816800
2026-06-22,53.43089661488795,53.82948745041152,53.38107371075848,53.510616302490234,27962800
2026-06-23,53.44086503874596,53.83945208467787,53.30135938260759,53.68998336791992,33375300
2026-06-24,53.670053752640015,53.90920522131924,53.35118259357168,53.530548095703125,30809600
2026-06-25,53.72983735362081,54.4871591739985,53.211674593880986,53.261497497558594,31634800
2026-06-26,53.37111375183686,53.749770886219785,53.012382739268496,53.38107681274414,26643000
2026-06-29,53.51061817310585,53.839452392850795,53.49068825050857,53.530548095703125,31628000
2026-06-30,53.47075949142796,53.66008805835578,53.21167809451388,53.420936584472656,27725300
2026-07-01,53.64016063801039,54.88575228795961,53.560440947816495,54.58680725097656,47809800
2026-07-02,55.0850423127827,55.443773305759315,54.81599406805023,55.42384338378906,46246100
2026-07-06,55.65303460551483,55.961942709845694,55.38399014838902,55.942012786865234,32043700
2026-07-07,56.111414448034296,56.39042576337628,55.81246940874608,55.85232925415039,27116500
2026-07-08,55.593246104406056,55.6032091648202,54.75620838359182,54.77613830566406,41648100
2026-07-09,54.875783990502256,55.493596368366646,54.77613818161069,55.3441276550293,26542000
2026-07-10,55.79254202678627,55.83239807004605,55.16476278020594,55.513526916503906,24046300
2026-07-13,55.782574484249054,55.96193998108297,55.41388043019887,55.872257232666016,33391000
2026-07-14,55.40391619665932,56.59968496519211,55.39395313580437,55.98187255859375,43208800
2026-07-15,56.10144566824436,56.61961223705467,55.98186993736319,56.360530853271484,49425400
2026-07-16,56.559824968787424,56.639544660391415,56.19113089822926,56.549861907958984,27591200
2026-07-17,56.23099073135174,56.739190460858175,55.92208262832211,56.061588287353516,42881800
2026-07-20,56.101446653224485,56.18116634270754,55.69289274773385,55.84236526489258,38162600
2026-07-21,55.792541273741165,56.14130540533178,55.523493028838146,55.91211700439453,26399000
2026-07-22,55.942012005688035,56.08151766335903,55.712823596479396,55.85232925415039,25430900
2026-07-23,55.48363371600892,55.66299921432797,55.25444531287768,55.63310623168945,24311000
2026-07-24,55.63310532767597,56.18116487419225,55.49359587472725,56.111412048339844,32212900
2026-07-27,56.559821866857234,56.92851971843889,56.39042323335532,56.67940139770508,29805900
2026-07-28,56.92852215187617,57.3968620300293,56.74915664918125,57.3968620300293,34204400
2026-07-29,57.08795566856241,57.267321164774465,56.39042360565374,56.480106353759766,49038800
2026-07-30,56.61961520653986,56.848803619933804,55.98187287340121,56.798980712890625,33184200
2026-07-31,56.609650353985565,56.91855464862323,56.490070819373535,56.73918914794922,32543500
2026-08-03,57.08795625853551,57.347037643939316,56.79897808929144,57.17763900756836,31019400
2026-08-04,57.0182043806591,57.815382273528236,56.98830759632123,57.67587661743164,31466100
2026-08-05,57.97481761824747,58.20400602394511,57.59615669519553,57.79545211791992,34275600
2026-08-06,58.174114374909635,58.174114374909635,57.3868995277816,57.60612487792969,27704200
2026-08-07,57.40682889198128,57.5861943946762,57.137780637938896,57.3968620300293,20816700
2026-08-10,57.33707662126906,57.815383366028804,57.25735692985372,57.60612487792969,26070800
2026-08-11,57.5762271514467,57.895098309405164,57.51644118510702,57.59615707397461,19797000
2026-08-12,57.626053625316075,57.79545226425209,57.47658110758333,57.71573257446289,18531700
2026-08-13,57.9847820826537,58.104361619929804,57.54633518304032,58.054534912109375,23193500
2026-08-14,58.014677157011846,58.08442998441083,57.855241579922165,57.95488739013672,28130100
2026-08-17,57.75559116606347,58.0644992554273,57.34703726786947,57.37693405151367,45636700
2026-08-18,57.5264041725611,57.775522501976965,57.36696859378471,57.636016845703125,25389400
2026-08-19,57.67587738188062,57.99474854325466,57.21749676131685,57.277286529541016,35648300
2026-08-20,57.26732354009329,57.45665210450607,56.70929710637189,56.7491569519043,30704200
2026-08-21,57.117850948854,57.4965118784522,57.04809811988118,57.277286529541016,27273100
2026-08-24,57.49651236316598,58.17411453710924,57.43672259443776,58.014678955078125,31462900
2026-08-25,57.98477914188422,58.154181577145195,57.66590799447478,58.1043586730957,23685100
2026-08-26,58.04457185129176,58.17411444938548,57.81538344004539,58.054534912109375,20054000
2026-08-27,57.70576960052547,58.024640757673126,57.52640409947441,57.67587661743164,26082100
2026-08-28,57.7755239032212,58.20400774430813,57.71573413426344,57.89509963989258,25142600
2026-08-31,57.65594605756457,57.72569888484175,57.48654361900286,57.506473541259766,25215700
2026-09-01,57.406829673817654,57.775523744936734,56.92852292719839,56.99827575683594,32396200
2026-09-02,57.17763847532133,58.02463925177962,57.11784870944134,57.45664978027344,31321800
2026-09-03,57.79545106481578,58.39333352085078,57.78548800442091,58.353477478027344,32670500
2026-09-04,57.835313672178955,58.17411476045132,57.71573413426344,57.89509963989258,26361500
2026-09-08,57.50647336602296,57.61608603747993,57.05805961971898,57.09791946411133,38239200
2026-09-09,56.92852129076724,57.127816713107485,56.529930446086766,56.858768463134766,27523000
2026-09-10,56.709297254083495,56.90859268102054,56.49007190432834,56.669437408447266,25355100
2026-09-11,57.23742425928145,57.41678975511131,56.75911753748312,57.048095703125,34701500
2026-09-14,57.13778078079858,57.36696919009422,56.55982442594899,56.82887268066406,38162400
2026-09-15,56.769085148194904,56.78901507035499,56.260881636222585,56.649505615234375,30161600
2026-09-16,56.6196144107967,56.649507394353655,55.24448014851529,55.73275375366211,53072800
2026-09-17,56.07155397792784,56.20109657342654,55.36405883548209,55.68292999267578,29191300
2026-09-18,55.46370278260378,55.78257392908079,55.264407365744674,55.66299819946289,36017900
2026-09-21,56.04999923706055,56.209999084472656,55.720001220703125,55.900001525878906,30640800
2026-09-22,56.0,56.04999923706055,54.54999923706055,54.79999923706055,69837400
2026-09-23,54.5,55.08000183105469,54.459999084472656,54.540000915527344,42703400
2026-09-24,54.61000061035156,54.81999969482422,54.25,54.529998779296875,28808000
2026-09-25,54.630001068115234,54.88999938964844,54.310001373291016,54.84000015258789,29101300
2026-09-28,54.66999816894531,54.72999954223633,54.13999938964844,54.189998626708984,39822200
2026-09-29,54.16999816894531,54.349998474121094,53.720001220703125,54.0099983215332,53090100
2026-09-30,53.9900016784668,54.029998779296875,53.369998931884766,53.400001525878906,55804700
2026-10-01,53.25,53.619998931884766,52.810001373291016,53.459999084472656,41547200
2026-10-02,53.540000915527344,53.7599983215332,53.209999084472656,53.4900016784668,30275700
